{"type": "FeatureCollection", "features": [{"type": "Feature", "properties": {"cod_imovel": "SC-4200101-D6412DCC0A634719BDCE5B1ADF1207BC", "municipio": "Abelardo Luz", "num_area": 92.9537, "mod_fiscal": 4.65, "des_condic": "Aguardando analise", "ind_status": "AT", "dat_atuali": "03/07/2026"}, "geometry": {"type": "Polygon", "coordinates": [[[-52.413726933, -26.431951408], [-52.411385473, -26.436513387], [-52.410701872, -26.436190627], [-52.408044997, -26.442201528], [-52.418499159, -26.444136756], [-52.419048777, -26.436915058], [-52.418184164, -26.435111523], [-52.417605132, -26.434403732], [-52.41710429, -26.43405319], [-52.415607486, -26.433463442], [-52.413726933, -26.431951408]]]}}, {"type": "Feature", "properties": {"cod_imovel": "SC-4200101-62120949AC284C868B849B46B41E076F", "municipio": "Abelardo Luz", "num_area": 31.0788, "mod_fiscal": 1.55, "des_condic": "Aguardando analise", "ind_status": "AT", "dat_atuali": "03/07/2026"}, "geometry": {"type": "Polygon", "coordinates": [[[-52.352735277, -26.443848333], [-52.3524578, -26.446834873], [-52.36145486, -26.449650155], [-52.362169861, -26.446799915], [-52.352735277, -26.443848333]]]}}, {"type": "Feature", "properties": {"cod_imovel": "SC-4200101-56F5CABCEDD64D4CBDC36F7922002CAF", "municipio": "Abelardo Luz", "num_area": 113.0472, "mod_fiscal": 5.65, "des_condic": "Aguardando analise", "ind_status": "AT", "dat_atuali": "24/06/2026"}, "geometry": {"type": "Polygon", "coordinates": [[[-52.375722216, -26.462251675], [-52.371105283, -26.47403083], [-52.373234718, -26.474359719], [-52.376446675, -26.475223607], [-52.377460561, -26.475967496], [-52.378584722, -26.477364169], [-52.380942493, -26.475779713], [-52.374971381, -26.471201109], [-52.376928328, -26.469718891], [-52.381833608, -26.469319437], [-52.383455008, -26.472191113], [-52.387218886, -26.470536938], [-52.385278062, -26.465549719], [-52.37908833, -26.464481109], [-52.375722216, -26.462251675]]]}}, {"type": "Feature", "properties": {"cod_imovel": "SC-4200101-F8F5C9BE317E4BCCA50F4BA3F07F97C2", "municipio": "Abelardo Luz", "num_area": 178.9444, "mod_fiscal": 8.95, "des_condic": "Aguardando analise", "ind_status": "AT", "dat_atuali": "26/05/2026"}, "geometry": {"type": "Polygon", "coordinates": [[[-52.458504579, -26.494703635], [-52.446234019, -26.49722337], [-52.446351248, -26.497400023], [-52.445905684, -26.498470026], [-52.446062364, -26.498766138], [-52.446563742, -26.498965312], [-52.446138741, -26.500110587], [-52.446389014, -26.500524479], [-52.446208471, -26.500658634], [-52.446186244, -26.501013368], [-52.446424303, -26.501125586], [-52.44634236, -26.501282529], [-52.446497073, -26.501661424], [-52.446043466, -26.501750312], [-52.445773471, -26.502047814], [-52.44607291, -26.502418364], [-52.445995967, -26.502676698], [-52.446167625, -26.502774197], [-52.445982628, -26.502986422], [-52.446353189, -26.503325863], [-52.446360128, -26.503719743], [-52.446167078, -26.50390281], [-52.446340682, -26.504043368], [-52.446175129, -26.504167531], [-52.446385965, -26.504427245], [-52.44623791, -26.50495448], [-52.446492357, -26.505267248], [-52.446468472, -26.506327533], [-52.444665125, -26.507357535], [-52.444431518, -26.50730142], [-52.445546802, -26.508889748], [-52.44678179, -26.509732247], [-52.448429015, -26.509338923], [-52.465447407, -26.498288694], [-52.465859577, -26.497289754], [-52.465789305, -26.496925875], [-52.465140971, -26.496901976], [-52.464499298, -26.49753337], [-52.463822624, -26.497610592], [-52.46033597, -26.496142524], [-52.458504579, -26.494703635]]]}}, {"type": "Feature", "properties": {"cod_imovel": "SC-4200101-2A7DD451DDD34D7CBBDAD42F8725DF10", "municipio": "Abelardo Luz", "num_area": 36.3295, "mod_fiscal": 1.8165, "des_condic": "Aguardando analise", "ind_status": "AT", "dat_atuali": "24/03/2026"}, "geometry": {"type": "Polygon", "coordinates": [[[-52.3988639645, -26.4560560462], [-52.3975029503, -26.4596428743], [-52.4074094917, -26.4598352121], [-52.4071161363, -26.4561987931], [-52.3988639645, -26.4560560462]]]}}, {"type": "Feature", "properties": {"cod_imovel": "SC-4200101-61B3238BD54E4D8081597DB2D3791AD3", "municipio": "Abelardo Luz", "num_area": 12.1376, "mod_fiscal": 0.6069, "des_condic": "Aguardando analise", "ind_status": "AT", "dat_atuali": "24/03/2026"}, "geometry": {"type": "Polygon", "coordinates": [[[-52.4071161363, -26.4561987931], [-52.4074094917, -26.4598352121], [-52.41070306, -26.45989917], [-52.40998861, -26.45636278], [-52.4071161363, -26.4561987931]]]}}, {"type": "Feature", "properties": {"cod_imovel": "SC-4200101-CB69F670DE964F1A92CF55B8A5276294", "municipio": "Abelardo Luz", "num_area": 721.4303, "mod_fiscal": 0.7139, "des_condic": "Aguardando analise", "ind_status": "AT", "dat_atuali": "07/08/2025"}, "geometry": {"type": "Polygon", "coordinates": [[[-52.31329840646869, -26.451030076184857], [-52.31305773312214, -26.451663940115175], [-52.312018464524904, -26.452476145391913], [-52.31288344608083, -26.45350613135205], [-52.31613819284358, -26.458811791309888], [-52.31379044109525, -26.460373987152796], [-52.31393277692789, -26.460465169033174], [-52.31388891061964, -26.46075961383126], [-52.31417620548694, -26.460557354452053], [-52.314442608778535, -26.460700351564206], [-52.31453265856182, -26.460961844773202], [-52.31411942800494, -26.46106120508434], [-52.31482713550134, -26.461420146309486], [-52.314896275958546, -26.461629216563043], [-52.31512081888065, -26.461640562831576], [-52.31505652685612, -26.461828488715753], [-52.31535404293661, -26.461897730805404], [-52.31530016377219, -26.462086648746045], [-52.314946187989314, -26.46208111037911], [-52.31523846856697, -26.462341630313663], [-52.314780087380726, -26.462213573790436], [-52.31528072370625, -26.46256891237937], [-52.315299576752906, -26.462764900982773], [-52.31557446502334, -26.462752976719308], [-52.31575305849822, -26.46303634483012], [-52.31570177661835, -26.463913201379334], [-52.31547702962487, -26.46442649339276], [-52.315626015790336, -26.464730236507783], [-52.31577311955003, -26.464924571334613], [-52.31655529251695, -26.46511641147057], [-52.31755949269834, -26.465704773157803], [-52.31699429592533, -26.467010196485653], [-52.31775223245667, -26.4673469429006], [-52.31823916370417, -26.46787720217617], [-52.31879584883704, -26.46818658269522], [-52.31920942240525, -26.467929719357453], [-52.31951514215141, -26.468091607474882], [-52.31969734587336, -26.468424907368277], [-52.31958910387516, -26.46872385180364], [-52.31921994232751, -26.46882965788291], [-52.31914505130785, -26.469032562015872], [-52.319604816418405, -26.469239756555748], [-52.31951108035735, -26.469504867843266], [-52.3197606298724, -26.469675537442722], [-52.31929936496971, -26.469971381926072], [-52.319385006617985, -26.470796948289365], [-52.319571853344414, -26.47091416777791], [-52.319495280235955, -26.471077122365454], [-52.31979961183479, -26.471126246921386], [-52.31956426240805, -26.471472265259354], [-52.32004683015685, -26.47142594127412], [-52.319694928848804, -26.471758292989826], [-52.31970310483132, -26.472049695762543], [-52.31980292584166, -26.47216897671136], [-52.319888746876295, -26.471798321145943], [-52.32039669312136, -26.472201942273426], [-52.321504273802084, -26.47239113678434], [-52.321660969589466, -26.472649141240574], [-52.321816624513055, -26.472634152390974], [-52.32204027306618, -26.47350879488533], [-52.32170992356384, -26.47343518538648], [-52.32193712237048, -26.473792249853968], [-52.32169822122028, -26.474404032531574], [-52.32231741339481, -26.474647193449222], [-52.32242848571501, -26.474920271490355], [-52.32265627559537, -26.474922733229526], [-52.32256466130448, -26.475182063250397], [-52.32292348427422, -26.47528987403129], [-52.322843158015175, -26.475578177271053], [-52.323118729828664, -26.47527748518296], [-52.32315019591405, -26.474870925302284], [-52.323641805100245, -26.475169207278057], [-52.3235486659098, -26.475436759176365], [-52.32487175095821, -26.475617570303896], [-52.32480411687144, -26.47587853430685], [-52.32516670840007, -26.475854574338154], [-52.32531221618125, -26.476159752685938], [-52.32542499778343, -26.476048912405087], [-52.3256253923115, -26.476134616182584], [-52.32580246627959, -26.475892140213116], [-52.32622452286104, -26.476830862174662], [-52.326403247530756, -26.476676610520503], [-52.32619990065348, -26.476032282728596], [-52.326371074071275, -26.47610266766737], [-52.32706762092836, -26.476944507082916], [-52.327514418457994, -26.477224122209442], [-52.32765928607522, -26.477075494870352], [-52.32752787103817, -26.476789882253883], [-52.32787061094868, -26.47641165261684], [-52.327811361585724, -26.47612818120693], [-52.32830096886247, -26.476286512792605], [-52.32887670676138, -26.476074863143598], [-52.32902448467325, -26.476157653724567], [-52.3290651208077, -26.476764500749773], [-52.328901754439386, -26.47684661788533], [-52.32924989222178, -26.477071604980765], [-52.329808495471234, -26.476822979772482], [-52.329923509380045, -26.476517295632334], [-52.330184493289025, -26.47651724321082], [-52.33039349260308, -26.476628905155266], [-52.33037437426122, -26.476834814784848], [-52.330586350642214, -26.476858337504915], [-52.33104082550655, -26.477312201715062], [-52.33125725270123, -26.477025258000882], [-52.331193899633476, -26.476230956898114], [-52.33138171040591, -26.476098086175302], [-52.33177462885536, -26.47618033099863], [-52.33183392858571, -26.476362729478883], [-52.331604785038465, -26.47681508679743], [-52.332368067311705, -26.47672382519261], [-52.33224356890946, -26.476508042150947], [-52.33242846772929, -26.47640833913435], [-52.332695686905275, -26.476688919286357], [-52.33273761171692, -26.476153063220732], [-52.33297075421412, -26.447545472255726], [-52.34076710922912, -26.444359471440052], [-52.34386010498735, -26.444241439040237], [-52.35279008046884, -26.443153633192285], [-52.35292776615855, -26.44169302590478], [-52.34676645057271, -26.440111768065893], [-52.34560129668071, -26.43868195240186], [-52.341172020416465, -26.43743729549707], [-52.33921940692873, -26.439505017762656], [-52.33774053169881, -26.439324616863953], [-52.33407611249902, -26.436785615685295], [-52.331073655993, -26.43665629943718], [-52.32892623685092, -26.438876401804553], [-52.32799438199851, -26.44048327027553], [-52.32658382438056, -26.441497431482873], [-52.32488164556186, -26.442098000630814], [-52.324279566231006, -26.443416879088094], [-52.3242479200413, -26.443801342982212], [-52.32455882313554, -26.444256073527235], [-52.323535816939, -26.44435743777777], [-52.322672132035116, -26.44522511086271], [-52.32160762193255, -26.44415478801157], [-52.32067489735913, -26.4445899590228], [-52.32031133808568, -26.445222387943147], [-52.320958283399996, -26.445407167154883], [-52.318776645652534, -26.448905991242512], [-52.31742669005102, -26.44945027535357], [-52.316455082608876, -26.449297018517406], [-52.31642820325092, -26.449402738531287], [-52.31504479279805, -26.44944991933988], [-52.31329840646869, -26.451030076184857]]]}}, {"type": "Feature", "properties": {"cod_imovel": "SC-4200101-C18375B4BDFA4D97A887AFBFDCEF116C", "municipio": "Abelardo Luz", "num_area": 139.9515, "mod_fiscal": 6.9976, "des_condic": "Aguardando analise", "ind_status": "AT", "dat_atuali": "01/03/2026"}, "geometry": {"type": "Polygon", "coordinates": [[[-52.3524577946197, -26.4468348769022], [-52.35156778, -26.45749611], [-52.35108389, -26.45782583], [-52.35114389, -26.45797194], [-52.35137611, -26.45790889], [-52.35154556, -26.45818194], [-52.35150278, -26.45838306], [-52.35135139, -26.45846861], [-52.351225, -26.45831694], [-52.35103833, -26.45857694], [-52.35144694, -26.45882306], [-52.35153833, -26.45919528], [-52.3513225, -26.45945194], [-52.35152556, -26.45954028], [-52.35149833, -26.4598725], [-52.35178111, -26.45982944], [-52.35190389, -26.46018472], [-52.35224528, -26.46022917], [-52.35219861, -26.46005083], [-52.35247694, -26.46004611], [-52.35219861, -26.46041583], [-52.35233361, -26.46060222], [-52.35198861, -26.46064806], [-52.35177, -26.46123083], [-52.3520475, -26.46108056], [-52.3520675, -26.46148222], [-52.35224556, -26.46165722], [-52.3523725, -26.46154056], [-52.3525225, -26.46176056], [-52.35210139, -26.46181028], [-52.35238333, -26.46200806], [-52.35218833, -26.46217306], [-52.3523275, -26.46229333], [-52.35207778, -26.46277528], [-52.35229583, -26.46293972], [-52.35211917, -26.46316667], [-52.35158722, -26.46302611], [-52.35133028, -26.46345639], [-52.35157389, -26.46383667], [-52.357675, -26.46455111], [-52.3614548595702, -26.4496501516259], [-52.3524577946197, -26.4468348769022]]]}}, {"type": "Feature", "properties": {"cod_imovel": "SC-4200101-32AECBC7AC2948849B14F637585A8450", "municipio": "Abelardo Luz", "num_area": 761.8183, "mod_fiscal": 38.0909, "des_condic": "Aguardando analise", "ind_status": "AT", "dat_atuali": "20/02/2026"}, "geometry": {"type": "Polygon", "coordinates": [[[-52.430148124694824, -26.483672216434556], [-52.427616119384766, -26.481828431821295], [-52.426886558532715, -26.482366205387013], [-52.42499828338623, -26.482020494097725], [-52.42396831512451, -26.482097318918484], [-52.42199420928955, -26.483825863817994], [-52.421221733093255, -26.483864275631785], [-52.42027759552002, -26.483633804556618], [-52.41830348968506, -26.48348015691657], [-52.417531644395574, -26.48370129417938], [-52.417659759521484, -26.48455568608594], [-52.41662979125976, -26.486821946762944], [-52.416157722473145, -26.48755175001547], [-52.41551399230957, -26.488051086414025], [-52.41443814492055, -26.488317992028254], [-52.41409778594971, -26.489164982873184], [-52.4143123626709, -26.490010000574454], [-52.41409778594971, -26.491315924805395], [-52.4143123626709, -26.492045699531985], [-52.414140701293945, -26.49273706078904], [-52.41444110870361, -26.493274783336524], [-52.414484024047844, -26.49400454562768], [-52.4143123626709, -26.49473430328586], [-52.41454626958276, -26.495511897140887], [-52.413625717163086, -26.495425648372517], [-52.41311073303223, -26.495809727179438], [-52.41281032562256, -26.497115585522813], [-52.41211102289018, -26.497377641299817], [-52.41302490234374, -26.49819098713561], [-52.41332530975342, -26.498805497824986], [-52.413368225097656, -26.49972725769805], [-52.41371154785156, -26.500303353864297], [-52.41650104522705, -26.50383668050426], [-52.41748809814453, -26.504681590342642], [-52.41881847381592, -26.5054880893923], [-52.42268085479736, -26.50660181686789], [-52.426114082336426, -26.50786914879304], [-52.42825984954834, -26.5076003219772], [-52.43225097656249, -26.506717029438796], [-52.43328094482422, -26.506717029438796], [-52.43418216705322, -26.50640979565961], [-52.43448257446289, -26.505833730109092], [-52.43529796600342, -26.50571851665236], [-52.436113357543945, -26.5062561784619], [-52.43731498718262, -26.50660181686789], [-52.44265794754028, -26.50646740205579], [-52.44403123855591, -26.506582614761502], [-52.44428873062134, -26.506755433603427], [-52.44448184967041, -26.507350696513484], [-52.44639515063145, -26.50630547387977], [-52.446627616882324, -26.505948943450278], [-52.44643449783325, -26.504873614439386], [-52.44645595550537, -26.50366385727191], [-52.4461555480957, -26.50341422325515], [-52.44596242904663, -26.502434884567343], [-52.4460482597351, -26.50183959618808], [-52.44652032852173, -26.50164756702077], [-52.44667053222656, -26.50093705631145], [-52.44679927825928, -26.49822939414996], [-52.44628429412842, -26.497192400257436], [-52.44697093963623, -26.49523360848778], [-52.447099685668945, -26.49312114857963], [-52.446627616882324, -26.49150797123523], [-52.446584701538086, -26.488934522422216], [-52.4461555480957, -26.48755175001547], [-52.44576930999756, -26.487090822184367], [-52.444911003112786, -26.48659148161558], [-52.443768602690895, -26.486417416200222], [-52.43130683898926, -26.48636101600629], [-52.43083477020264, -26.48563120519619], [-52.43070602416992, -26.484786155313532], [-52.430148124694824, -26.483672216434556]]]}}, {"type": "Feature", "properties": {"cod_imovel": "SC-4200101-33D1A619402D42BB962F7559231F1315", "municipio": "Abelardo Luz", "num_area": 98.14, "mod_fiscal": 4.907, "des_condic": "Aguardando analise", "ind_status": "AT", "dat_atuali": "09/09/2025"}, "geometry": {"type": "Polygon", "coordinates": [[[-52.4021925, -26.47009583], [-52.39617306, -26.4701925], [-52.39529639, -26.47530444], [-52.39564306, -26.47549694], [-52.39593528, -26.47534556], [-52.39590444, -26.47557472], [-52.39618222, -26.47583417], [-52.39605417, -26.47598306], [-52.39621778, -26.47603333], [-52.39612583, -26.47616889], [-52.39578194, -26.47615056], [-52.3958525, -26.47627306], [-52.396125, -26.47634611], [-52.39648222, -26.47612167], [-52.39650139, -26.4764], [-52.3968175, -26.47668306], [-52.39711694, -26.4765425], [-52.39722167, -26.47625222], [-52.39747028, -26.47665806], [-52.39805528, -26.47691139], [-52.39838139, -26.47623417], [-52.39888417, -26.47614972], [-52.39893861, -26.47626139], [-52.39865472, -26.47632972], [-52.39878444, -26.47696611], [-52.39861056, -26.47717222], [-52.39880389, -26.47728583], [-52.39858639, -26.47752972], [-52.39886389, -26.47825889], [-52.39922306, -26.4782675], [-52.39924833, -26.47840639], [-52.39913722, -26.47855833], [-52.39846722, -26.47867417], [-52.39911944, -26.47904667], [-52.39921556, -26.47942778], [-52.39894028, -26.47976917], [-52.39894528, -26.48033111], [-52.39854222, -26.48049222], [-52.39854722, -26.481085], [-52.39819, -26.48181583], [-52.39948306, -26.48186722], [-52.40000389, -26.48217139], [-52.40030583, -26.48267333], [-52.40113778, -26.48321917], [-52.40198361, -26.48350528], [-52.4038509301, -26.4836937684], [-52.40644444, -26.47230694], [-52.40543444, -26.47346944], [-52.40504667, -26.47337833], [-52.4043275, -26.47372833], [-52.40372222, -26.47384194], [-52.4027575, -26.47311611], [-52.40244278, -26.47315389], [-52.40159222, -26.47360333], [-52.40169444, -26.47371222], [-52.40114389, -26.47461139], [-52.40067556, -26.47419028], [-52.40127611, -26.4739625], [-52.40156139, -26.47337278], [-52.40157472, -26.47198361], [-52.4021925, -26.47009583]]]}}, {"type": "Feature", "properties": {"cod_imovel": "SC-4200101-EE1DA4782268493088AE3E2396F010D2", "municipio": "Abelardo Luz", "num_area": 51.4205, "mod_fiscal": 2.5547, "des_condic": "Analisado, aguardando atendimento a notificacao", "ind_status": "AT", "dat_atuali": "19/01/2021"}, "geometry": {"type": "Polygon", "coordinates": [[[-52.3615408972222, -26.4374546797976], [-52.3601682944444, -26.4379689686865], [-52.3592045944444, -26.4390109159087], [-52.3593305333333, -26.440000874242], [-52.3579097805556, -26.4404149436864], [-52.3573323861111, -26.439048299242], [-52.3529945722222, -26.4407691381309], [-52.3527353277778, -26.4438483575752], [-52.3607019388889, -26.4463832575752], [-52.3615408972222, -26.4374546797976]]]}}, {"type": "Feature", "properties": {"cod_imovel": "SC-4200101-68F8E2DDD94047E08768D17339E30BFA", "municipio": "Abelardo Luz", "num_area": 4.6088, "mod_fiscal": 0.2304, "des_condic": "Aguardando analise", "ind_status": "AT", "dat_atuali": "03/11/2025"}, "geometry": {"type": "Polygon", "coordinates": [[[-52.2660233527778, -26.458444082575], [-52.2649651333333, -26.4608312297971], [-52.2653252, -26.4622266325749], [-52.2663921, -26.4612876770193], [-52.2670483555556, -26.4589557186861], [-52.2660233527778, -26.458444082575]]]}}, {"type": "Feature", "properties": {"cod_imovel": "SC-4200101-3769D8530B8B4FCABA5530BD2543139C", "municipio": "Abelardo Luz", "num_area": 155.4256, "mod_fiscal": 7.7713, "des_condic": "Aguardando analise", "ind_status": "AT", "dat_atuali": "13/10/2025"}, "geometry": {"type": "Polygon", "coordinates": [[[-52.4594937224784, -26.4842330413939], [-52.45962299759185, -26.48319395339702], [-52.45983204104466, -26.48297030490897], [-52.45950668407191, -26.48268470024867], [-52.45959969921474, -26.48239660590239], [-52.45928437595991, -26.4824237823311], [-52.45931353478368, -26.4821054344438], [-52.45914669733466, -26.4820767958402], [-52.45908759107359, -26.48183356687487], [-52.45929387715297, -26.48138808080847], [-52.45903266698041, -26.48111777965949], [-52.45916666796305, -26.48101027393518], [-52.45874786082983, -26.48071994142167], [-52.45789067372229, -26.47965864054299], [-52.45713636329854, -26.47964002663425], [-52.45663383761251, -26.47938250024077], [-52.45652789803291, -26.4794792030092], [-52.45603528037737, -26.47904214205379], [-52.45541852260116, -26.47904554499718], [-52.45527747639742, -26.47847540086091], [-52.45488257260917, -26.47849112273843], [-52.45479605604215, -26.47869092340966], [-52.45444518149561, -26.47841372626198], [-52.45396615308495, -26.47856111644956], [-52.45327175471298, -26.47765855175654], [-52.45282212876299, -26.47735403447891], [-52.45235422300605, -26.47743753755399], [-52.45212827754793, -26.47773658610747], [-52.45163623741686, -26.47795702680371], [-52.45091273595754, -26.47810262509245], [-52.45049862520509, -26.4777291412234], [-52.45008091252417, -26.47768469017751], [-52.44996836195438, -26.4774134066288], [-52.44938918990242, -26.47758633171144], [-52.44894851154268, -26.47740026843724], [-52.4542988545968, -26.49556613580042], [-52.46212786456512, -26.49398743792728], [-52.46044488820971, -26.48657863206509], [-52.45988295950837, -26.48615534333784], [-52.45998367976064, -26.48607780892362], [-52.45977951956795, -26.48594653691097], [-52.45979084120794, -26.48577779605102], [-52.45918137323859, -26.48537932350239], [-52.4591344565132, -26.48488369729927], [-52.45929191253893, -26.48483241846894], [-52.45918278937172, -26.4845676216173], [-52.45930830276042, -26.48424673063175], [-52.4594937224784, -26.4842330413939]]]}}, {"type": "Feature", "properties": {"cod_imovel": "SC-4200101-6774D1AF54FF4C01A0DB55A872FA597D", "municipio": "Abelardo Luz", "num_area": 6.4875, "mod_fiscal": 0.3244, "des_condic": "Aguardando analise", "ind_status": "AT", "dat_atuali": "01/10/2025"}, "geometry": {"type": "Polygon", "coordinates": [[[-52.4088348305556, -26.4320975936866], [-52.4076713361111, -26.4347617075754], [-52.4095507527778, -26.4356413020199], [-52.41096975, -26.4325036436866], [-52.4098748583333, -26.4329552409088], [-52.4088348305556, -26.4320975936866]]]}}, {"type": "Feature", "properties": {"cod_imovel": "SC-4200101-8F727D3E7B144CBBA0DF342BE2E48E09", "municipio": "Abelardo Luz", "num_area": 7.8744, "mod_fiscal": 0.3659, "des_condic": "Aguardando analise", "ind_status": "AT", "dat_atuali": "01/10/2025"}, "geometry": {"type": "Polygon", "coordinates": [[[-52.4098765277778, -26.4297122464644], [-52.4088348305556, -26.4320975936866], [-52.4094404888889, -26.4327178353532], [-52.4100902388889, -26.4329692020199], [-52.4105966861111, -26.4325609325755], [-52.41096975, -26.4325036436866], [-52.4122509138889, -26.42969707702], [-52.4111990611111, -26.4294720047978], [-52.4098765277778, -26.4297122464644]]]}}, {"type": "Feature", "properties": {"cod_imovel": "SC-4200101-DE74CC97AF234A5D8200A1F2DA0AE451", "municipio": "Abelardo Luz", "num_area": 22.0723, "mod_fiscal": 1.1036, "des_condic": "Aguardando analise", "ind_status": "AT", "dat_atuali": "23/09/2025"}, "geometry": {"type": "Polygon", "coordinates": [[[-52.40619898820697, -26.44184424932655], [-52.40465065490942, -26.44155319570817], [-52.40236716606518, -26.4465484618011], [-52.40241886718427, -26.44705868797602], [-52.40259801710207, -26.44727799287705], [-52.40414155888985, -26.44854279900273], [-52.40632463674311, -26.44873207319906], [-52.40619898820697, -26.44184424932655]]]}}, {"type": "Feature", "properties": {"cod_imovel": "SC-4200101-8D45D2C24375475DAFC9DFBE80E7BF2D", "municipio": "Abelardo Luz", "num_area": 72.6396, "mod_fiscal": 3.632, "des_condic": "Aguardando analise", "ind_status": "AT", "dat_atuali": "16/09/2025"}, "geometry": {"type": "Polygon", "coordinates": [[[-52.39163160324096, -26.438721548566985], [-52.39195346832275, -26.440642876248162], [-52.39321947097778, -26.441834083320504], [-52.393176555633545, -26.442910001702998], [-52.399420738220215, -26.440258613275], [-52.400386333465576, -26.43952851009535], [-52.40109443664551, -26.434974867442115], [-52.39854097366332, -26.434225516599454], [-52.39437818527222, -26.432707585859127], [-52.392897605895996, -26.43414865982729], [-52.392468452453606, -26.43599320821316], [-52.39103078842163, -26.43749188203762], [-52.39103078842163, -26.438145144015227], [-52.391180992126465, -26.438433346651525], [-52.39163160324096, -26.438721548566985]]]}}, {"type": "Feature", "properties": {"cod_imovel": "SC-4200101-9A7568DA35F34D218699922C0FFBAE57", "municipio": "Abelardo Luz", "num_area": 12.0964, "mod_fiscal": 0.6048, "des_condic": "Aguardando analise", "ind_status": "AT", "dat_atuali": "16/09/2025"}, "geometry": {"type": "Polygon", "coordinates": [[[-52.398133277893066, -26.443928272345637], [-52.39933490753174, -26.443121341633134], [-52.40057945251465, -26.441949360770653], [-52.401394844055176, -26.442410469417847], [-52.400901317596436, -26.440258613275], [-52.40055799484253, -26.43964378985233], [-52.398691177368164, -26.440642876248162], [-52.39802598953247, -26.44070051558359], [-52.396438121795654, -26.441526676222832], [-52.3970603942871, -26.44271787415734], [-52.398133277893066, -26.443928272345637]]]}}, {"type": "Feature", "properties": {"cod_imovel": "SC-4200101-715F48360F284109A71E5E7DF0C711D2", "municipio": "Abelardo Luz", "num_area": 328.2757, "mod_fiscal": 16.4138, "des_condic": "Aguardando analise", "ind_status": "AT", "dat_atuali": "15/09/2025"}, "geometry": {"type": "Polygon", "coordinates": [[[-52.2993897344, -26.4897910126], [-52.2978587712, -26.4909719711], [-52.2953837885, -26.4908733927], [-52.292581332, -26.4920029971], [-52.292108643, -26.4917929562], [-52.290054473, -26.4919865888], [-52.2866553565, -26.4913124681], [-52.2844998276, -26.4975237348], [-52.2843419507, -26.4976002677], [-52.2845932386, -26.4980471418], [-52.2842437372, -26.4981791152], [-52.2844875327, -26.4985746883], [-52.2839614292, -26.498488964], [-52.2837483779, -26.4987380637], [-52.2840240747, -26.4995033123], [-52.2840013336, -26.500066133], [-52.284406, -26.500166492], [-52.2838027656, -26.5005894591], [-52.2843451711, -26.5005703139], [-52.2841829475, -26.5008609362], [-52.2845653043, -26.5011112675], [-52.2847341612, -26.501507334], [-52.2855341171, -26.5016217341], [-52.2858150175, -26.5018341561], [-52.2866077385, -26.5029111646], [-52.2866488939, -26.5031018228], [-52.2863848588, -26.5029266258], [-52.2862935734, -26.5030727972], [-52.2863799329, -26.5035474251], [-52.28672167, -26.50409389], [-52.2888248164, -26.5034601799], [-52.2909387489, -26.5045373191], [-52.2910658047, -26.5037946228], [-52.2933065273, -26.5034501394], [-52.2937664183, -26.5044927471], [-52.2928508421, -26.5048083541], [-52.2932122574, -26.5054259227], [-52.2941766202, -26.5061147584], [-52.2944523923, -26.5065744813], [-52.2957584161, -26.5069575023], [-52.2969027184, -26.5069403336], [-52.2979367124, -26.5073398904], [-52.3028347893, -26.5098742173], [-52.3081472869, -26.5022290679], [-52.3005095906, -26.4903626569], [-52.2993897344, -26.4897910126]]]}}, {"type": "Feature", "properties": {"cod_imovel": "SC-4200101-26A968B2DE0A4BE7932573E9F2FC835F", "municipio": "Abelardo Luz", "num_area": 34.8102, "mod_fiscal": 1.7405, "des_condic": "Aguardando analise", "ind_status": "AT", "dat_atuali": "15/09/2025"}, "geometry": {"type": "Polygon", "coordinates": [[[-52.2900217711, -26.4887424532], [-52.2827069418, -26.4888086488], [-52.2827572126, -26.4891347352], [-52.2835045318, -26.4891517602], [-52.2836131274, -26.4895801492], [-52.2840245259, -26.4896486717], [-52.2840237469, -26.4898584864], [-52.2838498301, -26.4899533088], [-52.2837382711, -26.4898453459], [-52.2836500013, -26.4900095442], [-52.2842224211, -26.4903213634], [-52.2837510489, -26.4903724586], [-52.2835562558, -26.4905027674], [-52.2836837167, -26.4906061638], [-52.2831906014, -26.4908496561], [-52.2837792015, -26.4911636787], [-52.2831457616, -26.4914375931], [-52.283589928, -26.492134252], [-52.2831540031, -26.4931465849], [-52.2832039756, -26.4937165163], [-52.2828673171, -26.4936939038], [-52.2826256519, -26.4942841513], [-52.2829748756, -26.4947786282], [-52.2827420081, -26.4949414176], [-52.2829377234, -26.4952096817], [-52.2830371107, -26.4951246485], [-52.2830416102, -26.4955659804], [-52.2836593962, -26.4958768513], [-52.2835240026, -26.4962972329], [-52.2840309412, -26.4968171009], [-52.2841049928, -26.4970613605], [-52.283931539, -26.4971626791], [-52.2844998276, -26.4975237348], [-52.2866553565, -26.4913124681], [-52.290054473, -26.4919865888], [-52.2900217711, -26.4887424532]]]}}, {"type": "Feature", "properties": {"cod_imovel": "SC-4200101-909E0516ECC94D87A503DAD42F730AB1", "municipio": "Abelardo Luz", "num_area": 29.4509, "mod_fiscal": 1.4725, "des_condic": "Aguardando analise", "ind_status": "AT", "dat_atuali": "15/09/2025"}, "geometry": {"type": "Polygon", "coordinates": [[[-52.3015252352, -26.4886374785], [-52.2900217711, -26.4887424532], [-52.290054473, -26.4919865888], [-52.292108643, -26.4917929562], [-52.292581332, -26.4920029971], [-52.2953837885, -26.4908733927], [-52.2978587712, -26.4909719711], [-52.2993897344, -26.4897910126], [-52.3005095906, -26.4903626569], [-52.3006929059, -26.4907118983], [-52.3015252352, -26.4886374785]]]}}, {"type": "Feature", "properties": {"cod_imovel": "SC-4200101-AB8782CB587643918CD919D64E050616", "municipio": "Abelardo Luz", "num_area": 757.2489, "mod_fiscal": 37.8624, "des_condic": "Aguardando analise", "ind_status": "AT", "dat_atuali": "15/09/2025"}, "geometry": {"type": "Polygon", "coordinates": [[[-52.3078988319, -26.4532801768], [-52.3078120549, -26.4535889115], [-52.3073045402, -26.4541108532], [-52.3068534394, -26.4543265033], [-52.3062118192, -26.4541461264], [-52.3060696756, -26.4542594618], [-52.3061629292, -26.4545597788], [-52.3055049856, -26.454452764], [-52.3053621396, -26.4548151839], [-52.3051803192, -26.4544341539], [-52.3050043096, -26.4549598295], [-52.3047171248, -26.4549298621], [-52.3048112652, -26.4550955664], [-52.304551633, -26.4553033216], [-52.3045381523, -26.45474796], [-52.3043258912, -26.4549228721], [-52.3044575713, -26.4550644906], [-52.3039420419, -26.4552330529], [-52.3041584245, -26.4553348079], [-52.3038640779, -26.4556039974], [-52.3040872084, -26.4557437885], [-52.3039751834, -26.4557710822], [-52.3040957262, -26.4559567684], [-52.3039957372, -26.4561354399], [-52.3026541323, -26.4566318447], [-52.3023988847, -26.4569892382], [-52.3018121846, -26.4573051449], [-52.3017494309, -26.4576290951], [-52.3014761976, -26.4579127127], [-52.3010519004, -26.4577759236], [-52.3007717978, -26.4579482887], [-52.3007587331, -26.4583029323], [-52.3004110026, -26.4583392306], [-52.300451902, -26.4586585352], [-52.3002476909, -26.4585869976], [-52.2998380618, -26.4590418485], [-52.3001358233, -26.4593517739], [-52.2997205517, -26.4593670184], [-52.2998635977, -26.459591865], [-52.2997389671, -26.4596492427], [-52.2993670002, -26.4596445018], [-52.29942154, -26.4598389174], [-52.2997133796, -26.4599519093], [-52.2993295041, -26.4605481719], [-52.2991611422, -26.4605699257], [-52.2990213827, -26.4609862984], [-52.2987638992, -26.4607709778], [-52.2988711272, -26.4605570353], [-52.2980341353, -26.4614530771], [-52.2981903651, -26.4615388665], [-52.2978588875, -26.461728485], [-52.2977147468, -26.4622645157], [-52.297497735, -26.4620715754], [-52.2975185092, -26.4622336176], [-52.2973934819, -26.4622470312], [-52.2973392781, -26.4620913414], [-52.2966893991, -26.4622865573], [-52.2964993154, -26.462178233], [-52.2960950595, -26.4628286591], [-52.2947245878, -26.462046184], [-52.2937697515, -26.4618886328], [-52.2930936285, -26.4615758906], [-52.2929604304, -26.4617467304], [-52.2928260535, -26.4614350402], [-52.2923794515, -26.4614209358], [-52.2920850373, -26.4615981084], [-52.2917272111, -26.4614859685], [-52.2917975908, -26.4613123577], [-52.2915646178, -26.4611172051], [-52.2906170951, -26.4614794826], [-52.2900613871, -26.4615393923], [-52.2893643707, -26.4613848993], [-52.2893163613, -26.4637104662], [-52.28913389, -26.46495194], [-52.28481056, -26.47725306], [-52.2843845612, -26.4779703111], [-52.2835590171, -26.4784999985], [-52.2823970489, -26.479748615], [-52.2812365846, -26.4794513637], [-52.2808636845, -26.479576496], [-52.2805883737, -26.4800259366], [-52.2807796385, -26.480474893], [-52.2806560857, -26.4807683245], [-52.2803051506, -26.4807847431], [-52.279941238, -26.4813687704], [-52.2799425328, -26.4815672821], [-52.2806079489, -26.4816845452], [-52.2808144855, -26.4828416021], [-52.2803912198, -26.4834111767], [-52.2806880189, -26.4835966554], [-52.2803152296, -26.484285577], [-52.2805967124, -26.484609681], [-52.2808572281, -26.4846348787], [-52.2807834255, -26.4849005996], [-52.2809677156, -26.4851719491], [-52.2807697068, -26.4853284637], [-52.2812241458, -26.4856882995], [-52.2810170749, -26.4862220807], [-52.2814134245, -26.4864999222], [-52.2818116503, -26.4865396805], [-52.281869219, -26.4874608196], [-52.2821407926, -26.4882199721], [-52.2827857982, -26.4885917225], [-52.2827069418, -26.4888086488], [-52.3015252352, -26.4886374785], [-52.3078853164, -26.4727863266], [-52.306981448, -26.468191305], [-52.3168985052, -26.4654563102], [-52.3165718215, -26.4651662788], [-52.3159769267, -26.4651232821], [-52.3153493391, -26.4643926632], [-52.3156265066, -26.4640334207], [-52.3155481926, -26.4636208478], [-52.3157113692, -26.4629930839], [-52.3154923859, -26.4627705788], [-52.3152334508, -26.4628011303], [-52.3146936025, -26.462199159], [-52.3148559353, -26.4620970946], [-52.3151786831, -26.4622802771], [-52.3148746791, -26.4620783247], [-52.3149499603, -26.4619683948], [-52.3151948144, -26.4620934329], [-52.3152651317, -26.4619086175], [-52.3151122275, -26.4619576925], [-52.3147801055, -26.4614525731], [-52.3140169197, -26.4611088646], [-52.3140772658, -26.4608761134], [-52.3138094267, -26.4607669932], [-52.3138898388, -26.4605700785], [-52.3137014988, -26.4602542114], [-52.3132752681, -26.4602583115], [-52.3132769944, -26.4605871799], [-52.3131498055, -26.4606572317], [-52.3128926335, -26.4605687756], [-52.3129349549, -26.4604445246], [-52.3126827222, -26.4604996558], [-52.3125820876, -26.4602491551], [-52.3127015522, -26.4600552225], [-52.3130176205, -26.4600041088], [-52.312892944, -26.4599065805], [-52.3129766339, -26.4596979], [-52.3128258137, -26.4593116306], [-52.3125382634, -26.4594096975], [-52.3124212138, -26.459259376], [-52.3126955425, -26.4590744927], [-52.3127610797, -26.4588217427], [-52.3124941311, -26.4583484283], [-52.3122248566, -26.4583420549], [-52.3122350487, -26.458117529], [-52.3114880661, -26.4578380258], [-52.3113777536, -26.457414549], [-52.3116279301, -26.4569041647], [-52.3114171038, -26.4571076922], [-52.3112253971, -26.4569892914], [-52.3114884662, -26.4565368381], [-52.3112740618, -26.4564068191], [-52.3113386896, -26.4562241341], [-52.3107869365, -26.4559036536], [-52.3112303664, -26.4555864982], [-52.3109291625, -26.4554524905], [-52.3109074697, -26.4552905494], [-52.3111573488, -26.4550993935], [-52.3108534979, -26.4552540304], [-52.3107723673, -26.4550245646], [-52.3109915315, -26.4548932746], [-52.3108248522, -26.4546906843], [-52.3107682482, -26.4548733858], [-52.3102613852, -26.4550357522], [-52.3105833131, -26.4546794489], [-52.3104507686, -26.4545418164], [-52.3106521825, -26.454437322], [-52.310605696, -26.454229205], [-52.310471287, -26.4543431959], [-52.3100771095, -26.4540581906], [-52.3099495422, -26.4542095839], [-52.3094969746, -26.4539493973], [-52.3093305448, -26.4540788475], [-52.3092108411, -26.4537373373], [-52.3090767952, -26.4538569209], [-52.3089333539, -26.4537665122], [-52.3089962678, -26.4539641875], [-52.3088695903, -26.4540169875], [-52.3084691055, -26.4537769039], [-52.3087226508, -26.4535639615], [-52.308500789, -26.4534655136], [-52.3082072486, -26.4536094879], [-52.3078988319, -26.4532801768]]]}}, {"type": "Feature", "properties": {"cod_imovel": "SC-4200101-01B3E9D36E0F4FABBA71D00B1BFB13E1", "municipio": "Abelardo Luz", "num_area": 26.8117, "mod_fiscal": 1.3406, "des_condic": "Aguardando analise", "ind_status": "AT", "dat_atuali": "12/09/2025"}, "geometry": {"type": "Polygon", "coordinates": [[[-52.26961741121624, -26.45995492736287], [-52.26763099019036, -26.45792584522609], [-52.26712576294942, -26.4587533242068], [-52.26640827764964, -26.46129613738565], [-52.26556356837717, -26.46214334818651], [-52.26467679507734, -26.46272189979728], [-52.26447291921871, -26.46346907217555], [-52.26453220937552, -26.46477843759394], [-52.26425255631732, -26.46531551306572], [-52.26822620963083, -26.46597329546626], [-52.26961741121624, -26.45995492736287]]]}}, {"type": "Feature", "properties": {"cod_imovel": "SC-4200101-A7D7C0A5A34146579E6CE901DF03DC0F", "municipio": "Abelardo Luz", "num_area": 146.1857, "mod_fiscal": 7.3093, "des_condic": "Aguardando analise", "ind_status": "AT", "dat_atuali": "19/01/2021"}, "geometry": {"type": "Polygon", "coordinates": [[[-52.3515739138889, -26.4638366103526], [-52.3512201416667, -26.4640156464637], [-52.3515837611111, -26.4643850325748], [-52.3517412138889, -26.4642002353526], [-52.3518443722222, -26.4642941770193], [-52.3515278, -26.4646054881304], [-52.3517724111111, -26.4648091770193], [-52.3515680722222, -26.465023704797], [-52.3519086722222, -26.4654354964637], [-52.3523970444444, -26.4655361186859], [-52.35244205, -26.4651309603526], [-52.3534695694444, -26.4648496353526], [-52.3544720527778, -26.4652702409082], [-52.3541777888889, -26.4654980103526], [-52.3542361777778, -26.4657011881304], [-52.3544657166667, -26.4657743825748], [-52.35440235, -26.4659582186859], [-52.3546374666667, -26.4660783881304], [-52.3543138638889, -26.4661759492415], [-52.3549457777778, -26.4664719520192], [-52.3549729861111, -26.4668842520192], [-52.3546463444444, -26.4668604131303], [-52.3548335833333, -26.4671001381303], [-52.3550501666667, -26.4670139353526], [-52.3549717, -26.4673241881303], [-52.35510115, -26.4675044159081], [-52.354949975, -26.4676128131303], [-52.3551262694444, -26.4678405242414], [-52.3549028694444, -26.468126529797], [-52.3550819805556, -26.4681621353525], [-52.3547337416667, -26.4684989853525], [-52.3551513, -26.4693494825747], [-52.3548890555556, -26.4696250964636], [-52.3551352083333, -26.469683054797], [-52.3553019, -26.4699442520192], [-52.3540842277778, -26.4700553353525], [-52.353671625, -26.4696304214636], [-52.3537160694444, -26.4693133242414], [-52.3533348222222, -26.4694024659081], [-52.3529870333333, -26.4698712603525], [-52.3532041805556, -26.4704449825747], [-52.3528512194444, -26.4710312020191], [-52.3526281944444, -26.471135040908], [-52.3525122527778, -26.470916765908], [-52.3523919416667, -26.4709518936858], [-52.3525008722222, -26.4714274464636], [-52.3522745472222, -26.4712698075747], [-52.3522297055556, -26.4715296436858], [-52.3520743944444, -26.4712900825747], [-52.3516407527778, -26.4715050047969], [-52.351439725, -26.4718527686858], [-52.3512922305556, -26.4722238603525], [-52.3514630611111, -26.4722919186858], [-52.3512117333333, -26.4724342992413], [-52.3512876444444, -26.4728804992413], [-52.3515182361111, -26.4729206492413], [-52.3511172361111, -26.4731910964635], [-52.3509605722222, -26.4738130464635], [-52.3510699111111, -26.4740448825746], [-52.3506856388889, -26.4739091825746], [-52.3501007305556, -26.474086865908], [-52.3501763472222, -26.4746016881302], [-52.3498670611111, -26.475127390908], [-52.3492675388889, -26.4751750270191], [-52.3493723194444, -26.4756129297968], [-52.3492442361111, -26.4759556520191], [-52.3495698583333, -26.4760172297968], [-52.3498502527778, -26.4762834631302], [-52.3499073888889, -26.4766467853524], [-52.3502578944444, -26.4767549464635], [-52.3501775611111, -26.4769704575746], [-52.3503726305556, -26.477172252019], [-52.3499965555556, -26.4771604881301], [-52.3500012805556, -26.4774595325746], [-52.3497676888889, -26.4774749381301], [-52.3499061166667, -26.477741602019], [-52.3534831805556, -26.4779191381301], [-52.3524782777778, -26.4878701659077], [-52.3596660888889, -26.48543776313], [-52.3617246694444, -26.4841110075744], [-52.3561070583333, -26.4706327381303], [-52.3576749388889, -26.4645509659082], [-52.3515739138889, -26.4638366103526]]]}}, {"type": "Feature", "properties": {"cod_imovel": "SC-4200101-D1C3417400F747D892BE10CE5137EBBC", "municipio": "Abelardo Luz", "num_area": 18.3446, "mod_fiscal": 0.9172, "des_condic": "Aguardando analise", "ind_status": "AT", "dat_atuali": "09/09/2020"}, "geometry": {"type": "Polygon", "coordinates": [[[-52.26181714179113, -26.46471334257219], [-52.26412286807662, -26.46532734184891], [-52.26459136302683, -26.46478772595826], [-52.26435284989309, -26.4646103719335], [-52.26472816049045, -26.46431886356949], [-52.26459692620254, -26.46402563707252], [-52.26459813595749, -26.46293399468409], [-52.26481554461449, -26.46260191301869], [-52.2649331454714, -26.46274287839623], [-52.26516943231864, -26.46263848482867], [-52.26529330807783, -26.46221730272957], [-52.26494845902536, -26.46083736367489], [-52.26657095080307, -26.45731416114141], [-52.26509605485826, -26.45639907205467], [-52.26181714179113, -26.46471334257219]]]}}, {"type": "Feature", "properties": {"cod_imovel": "SC-4200101-D302F7FF41B8481788FA4B63D420D5AB", "municipio": "Abelardo Luz", "num_area": 20.2731, "mod_fiscal": 1.0137, "des_condic": "Aguardando analise", "ind_status": "AT", "dat_atuali": "09/06/2020"}, "geometry": {"type": "Polygon", "coordinates": [[[-52.25766320860799, -26.47927974975332], [-52.2532922129819, -26.47654952216869], [-52.25123619346444, -26.4798971295852], [-52.25561180362862, -26.48200085905139], [-52.25766320860799, -26.47927974975332]]]}}, {"type": "Feature", "properties": {"cod_imovel": "SC-4200101-84C168D6C62E4D4F98C80D1AC3782997", "municipio": "Abelardo Luz", "num_area": 137.8773, "mod_fiscal": 6.8939, "des_condic": "Aguardando analise", "ind_status": "AT", "dat_atuali": "27/12/2019"}, "geometry": {"type": "Polygon", "coordinates": [[[-52.24998950958252, -26.50429754118634], [-52.25423812866211, -26.50279973721094], [-52.25526809692383, -26.50337581797366], [-52.25655555725098, -26.502838142684983], [-52.25762844085693, -26.502722926224358], [-52.261061668395996, -26.503567844252732], [-52.26063251495361, -26.502185247880544], [-52.26058959960937, -26.50130191371093], [-52.25960254669189, -26.49976566419898], [-52.26046085357666, -26.498383022079015], [-52.260847091674805, -26.49815258010843], [-52.260375022888184, -26.497230807605497], [-52.25964546203613, -26.496424250600967], [-52.2593879699707, -26.49550246423658], [-52.259430885314934, -26.49473430328586], [-52.26003170013428, -26.493966137201546], [-52.26003170013428, -26.49312114857963], [-52.25814342498779, -26.49066296454424], [-52.251362800598145, -26.495464056310965], [-52.25046157836914, -26.49507997634897], [-52.24998950958252, -26.494619078700474], [-52.24919557571411, -26.494311812574754], [-52.24876642227172, -26.493639665061217], [-52.24803686141968, -26.493466826493897], [-52.24666357040405, -26.492487403036957], [-52.24554777145386, -26.49231456273714], [-52.24998950958252, -26.50429754118634]]]}}, {"type": "Feature", "properties": {"cod_imovel": "SC-4200101-E4148125119744E0AD1588262A25AC14", "municipio": "Abelardo Luz", "num_area": 102.1953, "mod_fiscal": 5.1098, "des_condic": "Aguardando analise", "ind_status": "AT", "dat_atuali": "31/05/2019"}, "geometry": {"type": "Polygon", "coordinates": [[[-52.3439142533, -26.4442365958], [-52.3440350927, -26.4445413237], [-52.343880084, -26.4452673639], [-52.34436596889999, -26.4459281057], [-52.3444435728, -26.4463946099], [-52.344271476, -26.4465845028], [-52.34396598829999, -26.4465770435], [-52.3439852494, -26.4474590793], [-52.3436548559, -26.4475931016], [-52.3435559726, -26.4482932099], [-52.34325793539999, -26.4482480509], [-52.3430590317, -26.44857849], [-52.3431505902, -26.4487928511], [-52.34239110259999, -26.4502269147], [-52.3425843729, -26.4511782088], [-52.3440299507, -26.4514497208], [-52.3440697578, -26.45181695360001], [-52.3442947865, -26.4518720453], [-52.344062563, -26.4520907327], [-52.3443830065, -26.4525092809], [-52.34472664989999, -26.452191945], [-52.3449558105, -26.4527018561], [-52.34547686570001, -26.4527605131], [-52.3454823825, -26.4530683137], [-52.345889185, -26.4532670375], [-52.3459127654, -26.4534547223], [-52.3456645731, -26.4536065428], [-52.3459606613, -26.4540807833], [-52.34706646859999, -26.4533846721], [-52.3470329328, -26.4537645634], [-52.3475627432, -26.4534719335], [-52.3486497354, -26.454467708], [-52.348501253, -26.4545161003], [-52.3487813122, -26.4550837754], [-52.3489926964, -26.4550422725], [-52.349038697, -26.4552340182], [-52.3494425161, -26.4550818079], [-52.34960761, -26.4556359951], [-52.3494063586, -26.4559899583], [-52.34966492649999, -26.4561061937], [-52.3497745796, -26.456358268], [-52.3502625973, -26.4561968965], [-52.3504758017, -26.4565567195], [-52.3509849587, -26.4565715267], [-52.3509708655, -26.4571586514], [-52.3513875037, -26.457240211], [-52.35126069890001, -26.4575002147], [-52.3514812028, -26.4574617157], [-52.352791002, -26.4431544002], [-52.3439142533, -26.4442365958]]]}}, {"type": "Feature", "properties": {"cod_imovel": "SC-4200101-287E37FC30A34455B318460E75BA420F", "municipio": "Abelardo Luz", "num_area": 98.1409, "mod_fiscal": 4.907, "des_condic": "Aguardando analise", "ind_status": "AT", "dat_atuali": "08/09/2025"}, "geometry": {"type": "Polygon", "coordinates": [[[-52.39679667, -26.46608639], [-52.39617306, -26.4701925], [-52.4021925, -26.47009583], [-52.40157472, -26.47198361], [-52.40156139, -26.47337278], [-52.40127611, -26.4739625], [-52.40067556, -26.47419028], [-52.40114389, -26.47461139], [-52.40169444, -26.47371222], [-52.40159222, -26.47360333], [-52.40244278, -26.47315389], [-52.4027575, -26.47311611], [-52.40372222, -26.47384194], [-52.4043275, -26.47372833], [-52.40504667, -26.47337833], [-52.40543444, -26.47346944], [-52.40644444, -26.47230694], [-52.4050928995, -26.4782399766], [-52.4073387798, -26.4793406186], [-52.4101909704, -26.4664780147], [-52.39679667, -26.46608639]]]}}, {"type": "Feature", "properties": {"cod_imovel": "SC-4200101-C3813E4730F345E0907779EACFFFE817", "municipio": "Abelardo Luz", "num_area": 6.2177, "mod_fiscal": 0.3109, "des_condic": "Aguardando analise", "ind_status": "AT", "dat_atuali": "08/09/2025"}, "geometry": {"type": "Polygon", "coordinates": [[[-52.39360778, -26.44860917], [-52.38833861, -26.44890667], [-52.38921056, -26.45107861], [-52.38980472, -26.45084111], [-52.39193611, -26.44929917], [-52.39360778, -26.44860917]]]}}, {"type": "Feature", "properties": {"cod_imovel": "SC-4200101-0D557C213798447DB2B6D456E25DA36C", "municipio": "Abelardo Luz", "num_area": 88.1939, "mod_fiscal": 4.4097, "des_condic": "Aguardando analise", "ind_status": "AT", "dat_atuali": "08/09/2025"}, "geometry": {"type": "Polygon", "coordinates": [[[-52.39539472, -26.44659], [-52.39493972, -26.44757806], [-52.39399917, -26.44855222], [-52.39202083, -26.44941611], [-52.38988278, -26.45095806], [-52.38926917, -26.45120417], [-52.38953, -26.45178056], [-52.38881139, -26.45233556], [-52.38862556, -26.45282528], [-52.38869806, -26.45302], [-52.38897167, -26.45268222], [-52.38908111, -26.45278056], [-52.38884694, -26.45326639], [-52.38991389, -26.45421611], [-52.38945778, -26.45437944], [-52.38935417, -26.45423917], [-52.38921639, -26.454495], [-52.38878167, -26.45437806], [-52.39261222, -26.455865], [-52.39318028, -26.45726833], [-52.397755036, -26.4589650491], [-52.40067667, -26.45079528], [-52.39670472, -26.44963889], [-52.39634722, -26.44697694], [-52.39539472, -26.44659]]]}}, {"type": "Feature", "properties": {"cod_imovel": "SC-4200101-814389532995430B82EF6437CC484A23", "municipio": "Abelardo Luz", "num_area": 1522.0562, "mod_fiscal": 76.1028, "des_condic": "Aguardando analise", "ind_status": "AT", "dat_atuali": "29/01/2025"}, "geometry": {"type": "Polygon", "coordinates": [[[-52.316898530899486, -26.465456279173807], [-52.306981473694684, -26.468191273992264], [-52.30788534215824, -26.472786295544495], [-52.30069293167352, -26.490711867281238], [-52.30814731260078, -26.502229036862445], [-52.30283481501671, -26.509874186195464], [-52.31521038892359, -26.516056233039865], [-52.32449445028127, -26.51964948912698], [-52.3269770638198, -26.516595255938007], [-52.33208921741607, -26.50519025262224], [-52.34018116744844, -26.492910323280793], [-52.340990439654036, -26.492290008495768], [-52.342144085195876, -26.49185621431204], [-52.34235905294274, -26.491576950648216], [-52.34241387933639, -26.49094196533769], [-52.342618127711674, -26.491009647944296], [-52.34282776243911, -26.490513406904334], [-52.342601628077624, -26.490513457960898], [-52.34248747990585, -26.49028224791981], [-52.34275281071271, -26.490132780291283], [-52.343304847612565, -26.490162523004848], [-52.343228578126926, -26.489090293814513], [-52.34270126978418, -26.488641159915446], [-52.34340743976142, -26.488389682664074], [-52.343564938535, -26.48819031207111], [-52.343891045587114, -26.488263977777198], [-52.3437688471452, -26.48786673405209], [-52.344114722932105, -26.48748368028184], [-52.34353184560008, -26.487414779393603], [-52.34299628326602, -26.487092202693564], [-52.3431875829467, -26.486935396264496], [-52.34328392532538, -26.486230325556352], [-52.34282263563822, -26.485746084281526], [-52.34350724908397, -26.485246907854204], [-52.343907626064464, -26.485349937123175], [-52.343966634924875, -26.484514676253685], [-52.343632749578305, -26.484564944274553], [-52.34341643986995, -26.484865527765933], [-52.34237883888483, -26.48452176260011], [-52.34172503143801, -26.485125366013865], [-52.341218223199526, -26.484901907354438], [-52.341273260122605, -26.48475152955095], [-52.34062801930784, -26.484295189481333], [-52.34002787434144, -26.482605321836786], [-52.33968036860172, -26.482371604840733], [-52.339838407926436, -26.48190735877376], [-52.339713470082074, -26.48172201784819], [-52.339506505985064, -26.481885917972036], [-52.33934256313819, -26.481754116192118], [-52.33940617451815, -26.481616387713697], [-52.33923395920446, -26.481636420043124], [-52.33888544976224, -26.4819479870808], [-52.33882339774828, -26.48153609068254], [-52.339032749932116, -26.480790149410744], [-52.339254208686874, -26.480561294690133], [-52.339461837122315, -26.48066271460139], [-52.33974613525059, -26.480558665117808], [-52.339233783999184, -26.47970736980643], [-52.338934449550564, -26.479751614914413], [-52.33895455377075, -26.479226732798296], [-52.33871469031652, -26.47870627468433], [-52.33833848584501, -26.478843232185724], [-52.33835501736374, -26.478590119241442], [-52.337774496564016, -26.47852135182898], [-52.33748823008567, -26.479009998620242], [-52.33760351056824, -26.479280293229213], [-52.336616444097885, -26.4796401764008], [-52.336162345032726, -26.479504316178254], [-52.335374778414476, -26.478924067401103], [-52.33528184294431, -26.478155951033603], [-52.33493786317213, -26.477964980360202], [-52.334388370482486, -26.477828922803997], [-52.33436298198613, -26.478280187709633], [-52.334032485672175, -26.47820572765874], [-52.33277037095362, -26.477296772117906], [-52.33248428166515, -26.47732363689715], [-52.33258562039541, -26.47698595489705], [-52.333122542684954, -26.4771546369631], [-52.33243253691741, -26.476646133527893], [-52.33243936582116, -26.47676866705647], [-52.331528770075465, -26.47687827341023], [-52.33171553807914, -26.476206038081234], [-52.331404756881135, -26.476161721169024], [-52.33125114155257, -26.476298118924294], [-52.331344103531485, -26.47694905804735], [-52.33114938754792, -26.477419144698985], [-52.329996090242325, -26.476557808814047], [-52.329799338521404, -26.476938537667028], [-52.32960782845526, -26.476867918415635], [-52.32911149835958, -26.47714075526363], [-52.32880546581481, -26.476837652121443], [-52.32895447010056, -26.47673614708887], [-52.328841640073385, -26.476345391242436], [-52.32800144760207, -26.476191520830092], [-52.327980130101245, -26.476571427986162], [-52.3278612561798, -26.476510151568018], [-52.327629262163136, -26.4768275594654], [-52.32779676060633, -26.47725328715592], [-52.32749446693352, -26.477275598209104], [-52.327271165882856, -26.477231903371088], [-52.32678048410544, -26.47669497707504], [-52.326158004474784, -26.476893684254044], [-52.32579344568636, -26.47601740159089], [-52.325652529422925, -26.47619457149926], [-52.32526521670899, -26.476203312925463], [-52.325179618596174, -26.47596432912964], [-52.324760016110595, -26.475903945084717], [-52.32481647000784, -26.4756918096738], [-52.324081798400755, -26.47565023563364], [-52.323707787227875, -26.475409952950848], [-52.323516006199, -26.475516724147933], [-52.32344116508244, -26.475296958954047], [-52.32355556371141, -26.475212933042023], [-52.32325557142393, -26.474936303109864], [-52.32319173270636, -26.475318590235453], [-52.32291872897244, -26.475682412660493], [-52.322764876768986, -26.475606018429694], [-52.32289808522942, -26.475412401789928], [-52.322506459897404, -26.47523682785763], [-52.32256341949144, -26.474954542487538], [-52.32232750288289, -26.474912401023047], [-52.32219927656657, -26.474655664087923], [-52.32171201629708, -26.47459941824257], [-52.321645459799434, -26.474419568463315], [-52.32186011336608, -26.473838989264205], [-52.32163654993377, -26.473411696202795], [-52.32186516928606, -26.473368593682796], [-52.32181078464505, -26.472682622589474], [-52.32120516471675, -26.472336504033564], [-52.320879196905054, -26.472410478329333], [-52.32031459206334, -26.47225626886502], [-52.31993212322266, -26.471906095076044], [-52.319815797531795, -26.47225194251605], [-52.31966539177899, -26.47209020002229], [-52.31958466005243, -26.471898382823294], [-52.31990634773785, -26.471484553853962], [-52.31943285236869, -26.47142022808126], [-52.3196537971773, -26.471223456400242], [-52.319416810105835, -26.471148277944167], [-52.31951776173355, -26.470949545685894], [-52.31929302343458, -26.47080492018672], [-52.31922786178801, -26.469955282363895], [-52.3195683381186, -26.46972914947328], [-52.31935458718402, -26.46933399077929], [-52.31952043795539, -26.46929363877516], [-52.319292241577344, -26.469329240362242], [-52.31905476107617, -26.46901690491979], [-52.31915026370235, -26.468753854879285], [-52.31954523568075, -26.468627246929177], [-52.31958797746482, -26.468390774523538], [-52.31912325371198, -26.467986198018142], [-52.31878859786571, -26.468264998501855], [-52.31793439816142, -26.467764708114004], [-52.31769954531588, -26.46742706800045], [-52.31693867411026, -26.467053021931438], [-52.31690459728715, -26.466791077806445], [-52.31746323158778, -26.465719107229198], [-52.316898530899486, -26.465456279173807]]]}}, {"type": "Feature", "properties": {"cod_imovel": "SC-4200101-1E87948D3577471FA9F14D237057C78A", "municipio": "Abelardo Luz", "num_area": 1018.2188, "mod_fiscal": 50.9109, "des_condic": "Aguardando analise", "ind_status": "AT", "dat_atuali": "03/12/2024"}, "geometry": {"type": "Polygon", "coordinates": [[[-52.268253875, -26.4659636464637], [-52.2693763861111, -26.4664389881304], [-52.2694974472222, -26.466245354797], [-52.2721805055556, -26.4666972409081], [-52.2759801111111, -26.4659273353526], [-52.2764793305556, -26.4744537797969], [-52.2768177361111, -26.4838468186856], [-52.2705505611111, -26.4841652520189], [-52.2706220888889, -26.4856262325744], [-52.2703549083333, -26.4873789047966], [-52.2696866194444, -26.4878625714633], [-52.2691172694444, -26.4885295409077], [-52.268378925, -26.4906416825743], [-52.2687429305556, -26.4919472047965], [-52.2698706166667, -26.4938267409076], [-52.2696300027778, -26.4942485881298], [-52.2685143166667, -26.4950277325742], [-52.2683004722222, -26.4954073047964], [-52.2672425055556, -26.502928896463], [-52.27029425, -26.5047149020185], [-52.2727079666667, -26.5037892575741], [-52.2763826694444, -26.5053390242407], [-52.2801049277778, -26.5094110936851], [-52.2809075722222, -26.5106669575739], [-52.28235365, -26.5146525714627], [-52.2855824666667, -26.5214023353515], [-52.2855082666667, -26.5224827686848], [-52.2835964944444, -26.528302202018], [-52.2848896333333, -26.5330200297957], [-52.2888042555556, -26.5357335714623], [-52.2939503722222, -26.5398144603511], [-52.2979624472222, -26.5423897214622], [-52.3027350638889, -26.5389174325734], [-52.3019028805556, -26.5370838214623], [-52.3021269333333, -26.5369268575734], [-52.3027683611111, -26.5371027270178], [-52.3026769833333, -26.5365745325734], [-52.3020738111111, -26.5357064270179], [-52.3013665527778, -26.5356372325734], [-52.299511575, -26.5336680409068], [-52.2985541083333, -26.5340523214623], [-52.2979563138889, -26.5336402297957], [-52.2984173305556, -26.5327435436846], [-52.2985799333333, -26.5318263742402], [-52.2987774527778, -26.5316930409068], [-52.2987845138889, -26.5312058381291], [-52.2987706972222, -26.5310038297957], [-52.2984361388889, -26.5308834686846], [-52.2984528361111, -26.5301822186846], [-52.2977574361111, -26.5302363964624], [-52.2976780111111, -26.5301258964624], [-52.2978980222222, -26.5297259492402], [-52.2989824611111, -26.529738102018], [-52.2991826722222, -26.5295769381291], [-52.2995281138889, -26.5295856159069], [-52.3002200388889, -26.5299895297958], [-52.2996277694444, -26.5291043381291], [-52.2996577861111, -26.5289180909069], [-52.2990733527778, -26.5286297436847], [-52.2980979444444, -26.5286827742402], [-52.2977108916667, -26.5282845603513], [-52.2978111666667, -26.5275630492402], [-52.2974014555556, -26.5270949853514], [-52.2970898861111, -26.5272329659069], [-52.2969482111111, -26.5269412131291], [-52.2969718833333, -26.5264134131292], [-52.2972053666667, -26.5260250797958], [-52.2968171305556, -26.5256899770181], [-52.2962532083333, -26.5245633797959], [-52.2957816638889, -26.5244411853514], [-52.2960299361111, -26.5242348103514], [-52.2957077277778, -26.5237285714625], [-52.2971019277778, -26.5230368242403], [-52.2957874444444, -26.5208357881293], [-52.2955166833333, -26.5207367770182], [-52.2954949027778, -26.5205485631293], [-52.2946021305556, -26.5198124186848], [-52.2948447388889, -26.5193880742404], [-52.2946595333333, -26.5191236159071], [-52.2948038777778, -26.5183039353515], [-52.2947322722222, -26.5176639714627], [-52.2935368777778, -26.5171879492405], [-52.2937714861111, -26.5166587770182], [-52.2936088777778, -26.5161446714627], [-52.2928350055556, -26.5156002686849], [-52.2923853472222, -26.5147221464627], [-52.2920818944444, -26.5133952770183], [-52.2925007888889, -26.513031993685], [-52.2921732444444, -26.5121790325739], [-52.2923976027778, -26.5113888714628], [-52.2918483083333, -26.5106887742406], [-52.2917850277778, -26.5098042603517], [-52.2906922888889, -26.5098320242406], [-52.2870948083333, -26.5088919603517], [-52.2866150222222, -26.5069066409073], [-52.2867217527778, -26.5040938659074], [-52.2863193222222, -26.5035378575741], [-52.2862622111111, -26.5030677520185], [-52.2864159944444, -26.5028842742407], [-52.2866049638889, -26.5030403770185], [-52.2865793583333, -26.5029215297963], [-52.2855218666667, -26.5016478436852], [-52.2847134277778, -26.5015286436852], [-52.284536325, -26.5011219075741], [-52.2841469833333, -26.5008661325741], [-52.2842942194444, -26.5005991186852], [-52.2837494166667, -26.5006191881297], [-52.2839221805556, -26.5003469770186], [-52.2843702388889, -26.500180896463], [-52.2839489416667, -26.500082671463], [-52.2839923416667, -26.4995008881297], [-52.2837150583333, -26.4987373686853], [-52.2839596, -26.4984597270186], [-52.2844454527778, -26.4985619742408], [-52.2841586111111, -26.4981571297964], [-52.2845588972222, -26.4980446492408], [-52.2842633111111, -26.4976564047964], [-52.2844326916667, -26.4975135936853], [-52.2839043055556, -26.4971768242409], [-52.2840664722222, -26.4970439214631], [-52.2840181861111, -26.496852060352], [-52.2834953277778, -26.4963081409075], [-52.2836568194444, -26.4959249020187], [-52.2829726527778, -26.4955633492409], [-52.2830185388889, -26.4951778964631], [-52.2828521083333, -26.4952067492409], [-52.2827110638889, -26.4950188825742], [-52.2829401944444, -26.4947725297965], [-52.2825842166667, -26.4942392020187], [-52.28284165, -26.493659285352], [-52.2831712472222, -26.4936874686854], [-52.2831007611111, -26.4931947297965], [-52.2835351333333, -26.4922321547965], [-52.2830382944444, -26.4913277853521], [-52.2837437277778, -26.4911493714632], [-52.2830925583333, -26.4908385297965], [-52.2836359916667, -26.490608849241], [-52.2834936111111, -26.490462974241], [-52.2841799638889, -26.490265499241], [-52.2836079416667, -26.4900255381299], [-52.2837303194444, -26.4897979297966], [-52.2838485722222, -26.4899123325743], [-52.2840420777778, -26.4897836603521], [-52.2835996416667, -26.4896395825743], [-52.2833841388889, -26.4893231964632], [-52.283490675, -26.4891777020188], [-52.2827373111111, -26.4891585659077], [-52.2826380722222, -26.4889943381299], [-52.2827463638889, -26.4886093186855], [-52.2821145805556, -26.4882355520188], [-52.2819207055556, -26.4877067270188], [-52.2817834888889, -26.4865513964633], [-52.2813878194444, -26.4865250659077], [-52.2809808333333, -26.4862289936855], [-52.2811919555556, -26.4856986075744], [-52.2807200416667, -26.4853369436855], [-52.2809247361111, -26.4851682714633], [-52.2807422944444, -26.4849368964633], [-52.2808196694444, -26.4846585047967], [-52.2805725083333, -26.4846345436855], [-52.2802320361111, -26.4843012186856], [-52.2806446611111, -26.4836040853522], [-52.2803485611111, -26.48341823813], [-52.2807830361111, -26.4828372770189], [-52.2805862583333, -26.4817187742412], [-52.2799125805556, -26.4815892159078], [-52.2802854194444, -26.4807603631301], [-52.2806843611111, -26.4806401436856], [-52.2805554138889, -26.4800209936856], [-52.2808554055556, -26.4795265547968], [-52.2812093861111, -26.4794139603523], [-52.2823841194444, -26.4797225492412], [-52.2834841805556, -26.4784909186857], [-52.2841992388889, -26.4781204853523], [-52.2848105638889, -26.4772531825746], [-52.2891337972222, -26.4649519131304], [-52.2834815583333, -26.4648941242415], [-52.2830169583333, -26.4670751964637], [-52.2799044888889, -26.465729979797], [-52.2803966111111, -26.4626683575749], [-52.2803663833333, -26.461894393686], [-52.2801512805556, -26.461345618686], [-52.2803065777778, -26.4602875992416], [-52.2778128638889, -26.4612848547971], [-52.2765893666667, -26.4615749381304], [-52.2751941833333, -26.4617138825749], [-52.2731292361111, -26.4615483131304], [-52.2718889972222, -26.4619410659082], [-52.2709944277778, -26.461624293686], [-52.2699598222222, -26.4604103020194], [-52.2695650277778, -26.4602177242416], [-52.268253875, -26.4659636464637]]]}}, {"type": "Feature", "properties": {"cod_imovel": "SC-4200101-97577FF9FC1546EF9503414E32B634FD", "municipio": "Abelardo Luz", "num_area": 18.7574, "mod_fiscal": 0.9379, "des_condic": "Aguardando analise", "ind_status": "AT", "dat_atuali": "06/11/2024"}, "geometry": {"type": "Polygon", "coordinates": [[[-52.2915600833333, -26.4544879270195], [-52.29117455, -26.454799507575], [-52.2971155, -26.4621913325749], [-52.2973451, -26.4620273159082], [-52.2974274916667, -26.462213643686], [-52.2974907166667, -26.4620144631304], [-52.2977057638889, -26.4622264159082], [-52.2977029611111, -26.461721693686], [-52.2980899194444, -26.4615536547971], [-52.2979843638889, -26.461461868686], [-52.2984193111111, -26.4608340631305], [-52.2989168694444, -26.4604975492416], [-52.2988117472222, -26.4607945909082], [-52.2989883888889, -26.4609162603527], [-52.2990781944444, -26.460574468686], [-52.2996304972222, -26.4599926825749], [-52.2993872166667, -26.4598791770194], [-52.2993602444444, -26.4595895825749], [-52.299799475, -26.4595829214638], [-52.2997128777778, -26.4593258020194], [-52.3000230027778, -26.4592524353527], [-52.2954701166667, -26.4576335186861], [-52.2933719444444, -26.456474707575], [-52.2915600833333, -26.4544879270195]]]}}, {"type": "Feature", "properties": {"cod_imovel": "SC-4200101-031DD4D93A124F0E8D303E180E047FA5", "municipio": "Abelardo Luz", "num_area": 33.8813, "mod_fiscal": 1.6941, "des_condic": "Aguardando analise", "ind_status": "AT", "dat_atuali": "10/10/2024"}, "geometry": {"type": "Polygon", "coordinates": [[[-52.25230944, -26.4662672192466], [-52.25166028, -26.4645724992466], [-52.25011472000001, -26.4649691692466], [-52.2508975, -26.4667086092466], [-52.25554639, -26.4689069392466], [-52.26372667, -26.4697919392465], [-52.26325056000001, -26.4695491692465], [-52.26353944, -26.4693661092465], [-52.26329806, -26.4692855592465], [-52.26331583, -26.4691461092466], [-52.26368917, -26.4690841692466], [-52.26406028, -26.4686305592466], [-52.26420639, -26.4690349992466], [-52.26461944, -26.4683116692466], [-52.26446972, -26.4681080592466], [-52.26415639, -26.4681058292466], [-52.26415, -26.4675902792466], [-52.26396, -26.4673302792466], [-52.26404083, -26.4671558292466], [-52.25230944, -26.4662672192466]]]}}, {"type": "Feature", "properties": {"cod_imovel": "SC-4200101-A7C82C6CDA82476D849AA007517FBE32", "municipio": "Abelardo Luz", "num_area": 943.4732, "mod_fiscal": 47.1737, "des_condic": "Aguardando analise", "ind_status": "AT", "dat_atuali": "10/07/2024"}, "geometry": {"type": "Polygon", "coordinates": [[[-52.26424667, -26.46530722], [-52.26436917, -26.46570417], [-52.26391917, -26.466175], [-52.26404583, -26.46668167], [-52.26389667, -26.46673611], [-52.2639525, -26.46697], [-52.26404444, -26.46688417], [-52.26414028, -26.46701833], [-52.26398778, -26.46729], [-52.26418944, -26.46755306], [-52.26417278, -26.46806389], [-52.26449944, -26.46807667], [-52.2646725, -26.46826528], [-52.26449028, -26.46876472], [-52.26426833, -26.4688125], [-52.26417472, -26.46909472], [-52.26403667, -26.46867722], [-52.26373861, -26.46910083], [-52.26334361, -26.46919861], [-52.263585, -26.46937111], [-52.26330444, -26.46956], [-52.26379889, -26.46982083], [-52.26393556, -26.46974611], [-52.26399417, -26.47007472], [-52.26335583, -26.47007028], [-52.2631625, -26.47021111], [-52.26312417, -26.47049139], [-52.26289333, -26.47047], [-52.26288778, -26.47027583], [-52.26270417, -26.47042444], [-52.26279389, -26.47082361], [-52.26244778, -26.47058333], [-52.26224667, -26.47073778], [-52.26233139, -26.47135056], [-52.26220861, -26.47143472], [-52.26250944, -26.47152861], [-52.26261861, -26.47193361], [-52.26241, -26.47197028], [-52.26246722, -26.47220611], [-52.26231917, -26.47234389], [-52.26244972, -26.47279417], [-52.26214778, -26.47295361], [-52.26194778, -26.47343694], [-52.26200389, -26.47360444], [-52.26230667, -26.47360222], [-52.26201028, -26.47417611], [-52.26210361, -26.47430139], [-52.26185889, -26.47430306], [-52.26134389, -26.47522722], [-52.2526333896, -26.4755025011], [-52.2527632181, -26.4762081605], [-52.2582164343, -26.4795964237], [-52.2525609253, -26.4870552981], [-52.25277167, -26.48713111], [-52.25254417, -26.48730861], [-52.25306778, -26.48723472], [-52.25330833, -26.48738861], [-52.25322972, -26.48777444], [-52.25358833, -26.48788667], [-52.25379722, -26.48804056], [-52.25371167, -26.48811972], [-52.2540675, -26.48814472], [-52.25405889, -26.4885375], [-52.25430611, -26.48864944], [-52.25435056, -26.48897417], [-52.25460194, -26.48882583], [-52.25488944, -26.48911528], [-52.2545625, -26.48927611], [-52.25483194, -26.48943306], [-52.25472806, -26.4896725], [-52.25499333, -26.48998972], [-52.25544028, -26.4896675], [-52.25593667, -26.49003083], [-52.2559475, -26.49020694], [-52.25620667, -26.48997167], [-52.25636667, -26.490275], [-52.25665722, -26.49025444], [-52.25641, -26.49046639], [-52.25695833, -26.49028306], [-52.25678806, -26.49048222], [-52.25696722, -26.49083917], [-52.25736333, -26.49074944], [-52.25724861, -26.49098806], [-52.25738167, -26.49105222], [-52.25762833, -26.49076583], [-52.25778583, -26.49120111], [-52.25813278, -26.49132139], [-52.25774306, -26.49164917], [-52.25846694, -26.49146694], [-52.25845722, -26.49190472], [-52.25869083, -26.49182028], [-52.25883583, -26.49198639], [-52.25875639, -26.49214528], [-52.25900028, -26.49222639], [-52.25946944, -26.49288111], [-52.2591225, -26.49290194], [-52.25895389, -26.49272472], [-52.25910833, -26.49301972], [-52.25952028, -26.49307972], [-52.25926444, -26.4933375], [-52.25945194, -26.49347083], [-52.25936806, -26.49377194], [-52.25902444, -26.49419722], [-52.25883139, -26.49422778], [-52.25895639, -26.49445417], [-52.25877444, -26.4944225], [-52.25897306, -26.4946475], [-52.25894417, -26.49488722], [-52.2587325, -26.49484083], [-52.25898528, -26.49526361], [-52.25888833, -26.49536639], [-52.25910639, -26.49547111], [-52.25902528, -26.49562694], [-52.25928056, -26.49566889], [-52.25884694, -26.49583139], [-52.2591775, -26.49589139], [-52.25885556, -26.49652028], [-52.258995, -26.49641833], [-52.25905806, -26.49652028], [-52.25885667, -26.49662667], [-52.25909583, -26.49684389], [-52.2592225, -26.49673333], [-52.25926361, -26.49694667], [-52.2596825, -26.49678083], [-52.25965667, -26.49712444], [-52.25982611, -26.497235], [-52.25995583, -26.49695444], [-52.26005972, -26.49739694], [-52.26031417, -26.49731444], [-52.26030556, -26.49750944], [-52.26063083, -26.49748333], [-52.26054444, -26.49788], [-52.26087389, -26.49788917], [-52.26055139, -26.49802556], [-52.26022139, -26.49790444], [-52.26068444, -26.49822278], [-52.26078722, -26.49860944], [-52.26038389, -26.49849944], [-52.260245, -26.49868528], [-52.26003444, -26.49843944], [-52.25985639, -26.49876778], [-52.26015806, -26.49891722], [-52.26015444, -26.49910778], [-52.25988278, -26.49917028], [-52.25996611, -26.49945833], [-52.25962083, -26.49994417], [-52.259335, -26.49995333], [-52.25981806, -26.50036], [-52.25939389, -26.50051556], [-52.25983056, -26.5005075], [-52.25972111, -26.50085194], [-52.26010389, -26.50075], [-52.26015889, -26.50120889], [-52.26030722, -26.50126861], [-52.26018583, -26.50142056], [-52.26039528, -26.50150778], [-52.26021444, -26.50169056], [-52.26018139, -26.50192028], [-52.2604025, -26.50207556], [-52.26027444, -26.50229722], [-52.26064667, -26.50219472], [-52.26056361, -26.5025325], [-52.26030556, -26.502665], [-52.26050639, -26.50280417], [-52.26052806, -26.50258889], [-52.26084111, -26.50249944], [-52.26064778, -26.50303639], [-52.26084667, -26.50350083], [-52.26096861, -26.50359028], [-52.26123111, -26.50342389], [-52.26141722, -26.50375389], [-52.26100278, -26.50416278], [-52.26118667, -26.50435694], [-52.26137833, -26.50431806], [-52.26140944, -26.50450583], [-52.26166694, -26.50443639], [-52.26150222, -26.50478444], [-52.26177167, -26.50468694], [-52.26178667, -26.50483306], [-52.2615625, -26.50494972], [-52.26159028, -26.50526833], [-52.26127, -26.50537306], [-52.26163444, -26.50536139], [-52.26177444, -26.50562111], [-52.26167917, -26.50581278], [-52.26134667, -26.50591083], [-52.26189194, -26.50579472], [-52.26176861, -26.50612639], [-52.26203528, -26.50588278], [-52.26230917, -26.50647389], [-52.26266, -26.50643528], [-52.26234639, -26.50668722], [-52.26251833, -26.50683333], [-52.26278222, -26.50667361], [-52.26251611, -26.50707139], [-52.26296389, -26.50711333], [-52.26280278, -26.50740528], [-52.26335917, -26.50763], [-52.26315944, -26.50785333], [-52.26352194, -26.50773667], [-52.26331917, -26.50844389], [-52.26379306, -26.50862944], [-52.26418528, -26.50855722], [-52.26403222, -26.5088125], [-52.26419417, -26.50884917], [-52.26438361, -26.5094125], [-52.26416611, -26.50947583], [-52.26441944, -26.50959806], [-52.26471472, -26.50949111], [-52.26440306, -26.50975861], [-52.26409917, -26.50973472], [-52.26435472, -26.50992222], [-52.26419111, -26.51001444], [-52.26424611, -26.51022917], [-52.26405, -26.51029083], [-52.26436361, -26.51029083], [-52.26424472, -26.51047556], [-52.26457694, -26.51061833], [-52.26432194, -26.51081444], [-52.26405667, -26.5106625], [-52.26411667, -26.51092], [-52.26396528, -26.51098139], [-52.26436361, -26.5110075], [-52.26438167, -26.51147028], [-52.26465528, -26.51157667], [-52.26470306, -26.51139972], [-52.265005, -26.51160222], [-52.26516083, -26.51141028], [-52.26540528, -26.51141528], [-52.26554306, -26.51178944], [-52.26523917, -26.51191139], [-52.26530028, -26.51212944], [-52.26573083, -26.51212111], [-52.26556306, -26.51228917], [-52.26566639, -26.51232889], [-52.26591028, -26.512145], [-52.26639472, -26.51260778], [-52.26617194, -26.51273083], [-52.26656472, -26.51306861], [-52.26664694, -26.51290361], [-52.26697389, -26.51313861], [-52.26677167, -26.51353056], [-52.26713028, -26.51355583], [-52.2672275, -26.51388861], [-52.2669475, -26.51411667], [-52.26800889, -26.51417972], [-52.26839833, -26.51379111], [-52.26885361, -26.51398139], [-52.26873278, -26.51413806], [-52.26845056, -26.51405972], [-52.26845917, -26.51420833], [-52.2686525, -26.51434778], [-52.26854472, -26.51445306], [-52.26885861, -26.51443778], [-52.26916806, -26.51469361], [-52.2688925, -26.51470417], [-52.26888417, -26.51488278], [-52.26921194, -26.51521389], [-52.26881722, -26.51524222], [-52.26855, -26.51563167], [-52.26824194, -26.51546778], [-52.26860389, -26.51580583], [-52.26853806, -26.51611833], [-52.26807361, -26.51593306], [-52.26826278, -26.51617583], [-52.26868806, -26.5163025], [-52.26869278, -26.51651278], [-52.26895306, -26.51645611], [-52.26878889, -26.51669028], [-52.26852778, -26.51672056], [-52.26886306, -26.51689417], [-52.26880333, -26.51710083], [-52.26907278, -26.51717278], [-52.26910944, -26.51765194], [-52.26928944, -26.51766222], [-52.26969722, -26.51821889], [-52.26945083, -26.51831083], [-52.26927667, -26.51818528], [-52.26887583, -26.51876083], [-52.26845028, -26.51867194], [-52.26836778, -26.51879472], [-52.26865444, -26.5188825], [-52.26869028, -26.51904444], [-52.26912722, -26.51900667], [-52.26920083, -26.51931833], [-52.26933556, -26.51927778], [-52.27034167, -26.52027194], [-52.27138417, -26.52039667], [-52.27139056, -26.52063139], [-52.27170917, -26.52032889], [-52.27192778, -26.52049167], [-52.27184111, -26.52099028], [-52.27224861, -26.52066056], [-52.27214167, -26.52046389], [-52.27266667, -26.52049444], [-52.27330944, -26.51987528], [-52.27429167, -26.51984194], [-52.27473417, -26.52075583], [-52.27457778, -26.52101194], [-52.27429639, -26.52093472], [-52.2741625, -26.52067694], [-52.27383611, -26.52081639], [-52.27366361, -26.521315], [-52.27374, -26.52154694], [-52.27413444, -26.52157944], [-52.27416167, -26.52171056], [-52.2742925, -26.52143889], [-52.2748225, -26.52255167], [-52.275075, -26.52243028], [-52.27502361, -26.52221417], [-52.27588306, -26.5224025], [-52.27556083, -26.52259333], [-52.27569861, -26.52286583], [-52.27548611, -26.52309111], [-52.27577639, -26.52322167], [-52.27550167, -26.52344333], [-52.27514889, -26.52339611], [-52.27514194, -26.52353889], [-52.27566, -26.52388], [-52.27587278, -26.52378944], [-52.27569083, -26.52431806], [-52.27545861, -26.52449861], [-52.27602694, -26.52473972], [-52.27586, -26.52509972], [-52.27496861, -26.52511111], [-52.27500556, -26.52542361], [-52.27486306, -26.52560389], [-52.27526778, -26.52574944], [-52.27518056, -26.52589139], [-52.27544778, -26.52657361], [-52.28488972, -26.53302], [-52.28359639, -26.52830222], [-52.28550833, -26.52248278], [-52.2855825, -26.52140222], [-52.28235361, -26.5146525], [-52.28064583, -26.51019667], [-52.27895583, -26.50807806], [-52.27638278, -26.50533889], [-52.27270806, -26.50378917], [-52.27029417, -26.504715], [-52.2672425, -26.50292889], [-52.26830056, -26.49540722], [-52.26851444, -26.49502778], [-52.26963, -26.49424861], [-52.26987056, -26.49382667], [-52.26874306, -26.49194722], [-52.26837889, -26.49064167], [-52.26911722, -26.48852944], [-52.26968667, -26.4878625], [-52.270355, -26.48737889], [-52.27062222, -26.48562611], [-52.27055056, -26.48416528], [-52.27681778, -26.48384694], [-52.27647944, -26.47445389], [-52.27598, -26.46592722], [-52.27218056, -26.46669722], [-52.2694975, -26.46624528], [-52.26937639, -26.46643889], [-52.26825389, -26.46596361], [-52.26424667, -26.46530722]]]}}, {"type": "Feature", "properties": {"cod_imovel": "SC-4200101-239D17C55EFA48D38CB3226C8CF381F8", "municipio": "Abelardo Luz", "num_area": 306.8963, "mod_fiscal": 15.3448, "des_condic": "Aguardando analise", "ind_status": "AT", "dat_atuali": "29/05/2024"}, "geometry": {"type": "Polygon", "coordinates": [[[-52.3635598027778, -26.4635821969444], [-52.3581840047222, -26.4625525558333], [-52.3561002452778, -26.4706355447223], [-52.3617178602777, -26.4841138186111], [-52.3698756972222, -26.4759435313889], [-52.3709300522222, -26.4740551422222], [-52.3737955577778, -26.4668901705556], [-52.376495615, -26.4595304386111], [-52.3714892111111, -26.4608446513889], [-52.3700864391666, -26.4605508952777], [-52.3699023619445, -26.4599264452778], [-52.3697709569444, -26.4601054472222], [-52.36929099305549, -26.4599811622222], [-52.3683009830556, -26.4602201463889], [-52.3672196030555, -26.4601048122222], [-52.3665139569445, -26.4605465433333], [-52.3665632680556, -26.4608212952778], [-52.3660375511111, -26.4607831691667], [-52.3656030027778, -26.4609515111111], [-52.36529442666671, -26.4612799830556], [-52.36471272277781, -26.4613560969444], [-52.3646119666666, -26.4617233288889], [-52.3644346388889, -26.4617592419444], [-52.3644290827778, -26.462671795], [-52.3639637697223, -26.4627482219445], [-52.3639510088889, -26.463005675], [-52.36376782166671, -26.463058665], [-52.3635598027778, -26.4635821969444]]]}}, {"type": "Feature", "properties": {"cod_imovel": "SC-4200101-31ABE70D41FC4F009EC9E911785BC4FA", "municipio": "Abelardo Luz", "num_area": 55.439, "mod_fiscal": 2.772, "des_condic": "Aguardando analise", "ind_status": "AT", "dat_atuali": "05/04/2024"}, "geometry": {"type": "Polygon", "coordinates": [[[-52.26315556, -26.4570419392468], [-52.26182778, -26.4595499992467], [-52.258875, -26.4584558292468], [-52.25672222, -26.4635813892467], [-52.25687444, -26.4636283292467], [-52.25590806, -26.4665341692466], [-52.26404083, -26.4671558292466], [-52.26409944, -26.4670133292466], [-52.26405056, -26.4669236092466], [-52.26400083, -26.4670372192466], [-52.26388583, -26.4669116692466], [-52.26387528, -26.4666819392466], [-52.26401, -26.4666386092466], [-52.26388389, -26.4661847192466], [-52.26429167, -26.4657099992466], [-52.26421194, -26.4652930592466], [-52.26265639, -26.4649222192466], [-52.26192972, -26.4644088892466], [-52.26453972, -26.4577061092468], [-52.26315556, -26.4570419392468]]]}}, {"type": "Feature", "properties": {"cod_imovel": "SC-4200101-62F6099831D645BB96196D719E0292BB", "municipio": "Abelardo Luz", "num_area": 38.7143, "mod_fiscal": 1.9357, "des_condic": "Aguardando analise", "ind_status": "AT", "dat_atuali": "07/03/2024"}, "geometry": {"type": "Polygon", "coordinates": [[[-52.335346345087, -26.4662065731096], [-52.3328094833747, -26.4683177621925], [-52.3326962506899, -26.4766877678341], [-52.3348646269627, -26.4745516580994], [-52.3372295894045, -26.4752406798757], [-52.3367655428911, -26.4726582686179], [-52.3372461889604, -26.4708676866031], [-52.3366515691546, -26.4707385700273], [-52.336643989123, -26.470146870105], [-52.3367879467334, -26.46926323379], [-52.3376085451304, -26.4686996408653], [-52.3374946542991, -26.4673347094922], [-52.3369526491574, -26.4668905087528], [-52.3360510487256, -26.4668639402403], [-52.3355980878811, -26.4666122573868], [-52.335346345087, -26.4662065731096]]]}}, {"type": "Feature", "properties": {"cod_imovel": "SC-4200101-2A5A795A79CF47BD9A115A3EBA768676", "municipio": "Abelardo Luz", "num_area": 253.835, "mod_fiscal": 12.6918, "des_condic": "Aguardando analise", "ind_status": "AT", "dat_atuali": "07/03/2024"}, "geometry": {"type": "Polygon", "coordinates": [[[-52.3328755960493, -26.4601953103369], [-52.3418872492438, -26.460342819698], [-52.343024281657, -26.4629096627027], [-52.3436159943734, -26.4637311318216], [-52.3455013311863, -26.4625197498193], [-52.3456169342193, -26.4627979257584], [-52.3467853846108, -26.4630653291214], [-52.3471308931795, -26.4627756739444], [-52.3502071794872, -26.4626173936729], [-52.3508879528413, -26.4628017491341], [-52.3513244565101, -26.4633811225184], [-52.3515872972222, -26.4630262159082], [-52.3521192638889, -26.4631666714637], [-52.3522957722222, -26.4629398464638], [-52.3520777083333, -26.4627751520193], [-52.3523275638889, -26.4622932242415], [-52.3521882638889, -26.4621729547971], [-52.3523832388889, -26.4620080159082], [-52.3521049555556, -26.4618125270193], [-52.3525223638889, -26.4617606353527], [-52.3523726166667, -26.4615403881304], [-52.3522456194444, -26.4616573075749], [-52.3520674055556, -26.4614822770193], [-52.352047525, -26.4610805047971], [-52.3517700055556, -26.4612308242416], [-52.3519884805556, -26.4606481547971], [-52.3523337194444, -26.460602193686], [-52.3521986444444, -26.4604158853527], [-52.3524924305556, -26.4601359881305], [-52.3523420861111, -26.459965693686], [-52.3521987333333, -26.4600509464638], [-52.3522452777778, -26.4602291547971], [-52.3519039916667, -26.4601846825749], [-52.3517810972222, -26.4598295020194], [-52.3514983444444, -26.4598726047971], [-52.3515254666667, -26.4595403714638], [-52.351322575, -26.4594520297972], [-52.3515382166667, -26.4591951547972], [-52.3514470416667, -26.4588230909083], [-52.3510384111111, -26.4585770131305], [-52.3512248583333, -26.4583168936861], [-52.3513514527778, -26.4584687242416], [-52.3515027027778, -26.4583830381305], [-52.3515199861111, -26.458080832575], [-52.3510838138889, -26.4578258992416], [-52.3515676972222, -26.4574959964639], [-52.3512606989, -26.4575002147], [-52.3513875037, -26.457240211], [-52.3509708655, -26.4571586514], [-52.3509849587, -26.4565715267], [-52.3504758017, -26.4565567195], [-52.3502625973, -26.4561968965], [-52.3497745796, -26.456358268], [-52.3496649265, -26.4561061937], [-52.3494063586, -26.4559899583], [-52.34960761, -26.4556359951], [-52.3494425161, -26.4550818079], [-52.349038697, -26.4552340182], [-52.3489926964, -26.4550422725], [-52.3487813122, -26.4550837754], [-52.348501253, -26.4545161003], [-52.3486497354, -26.454467708], [-52.3475627432, -26.4534719335], [-52.3470329328, -26.4537645634], [-52.3470664686, -26.4533846721], [-52.3459606613, -26.4540807833], [-52.3456645731, -26.4536065428], [-52.3459127654, -26.4534547223], [-52.345889185, -26.4532670375], [-52.3454823825, -26.4530683137], [-52.3454768657, -26.4527605131], [-52.3449558105, -26.4527018561], [-52.3447266499, -26.452191945], [-52.3443830065, -26.4525092809], [-52.344062563, -26.4520907327], [-52.3442947865, -26.4518720453], [-52.3440697578, -26.4518169536], [-52.3440299507, -26.4514497208], [-52.3425843729, -26.4511782088], [-52.3423911026, -26.4502269147], [-52.3431505902, -26.4487928511], [-52.3430590317, -26.44857849], [-52.3432579354, -26.4482480509], [-52.3435559726, -26.4482932099], [-52.3436548559, -26.4475931016], [-52.3439852494, -26.4474590793], [-52.3439659883, -26.4465770435], [-52.344271476, -26.4465845028], [-52.3444435728, -26.4463946099], [-52.3443659689, -26.4459281057], [-52.343880084, -26.4452673639], [-52.3440350927, -26.4445413237], [-52.3439138023571, -26.444235629388], [-52.3407671092291, -26.44435947144], [-52.3329707542141, -26.4475454722557], [-52.3328755960493, -26.4601953103369]]]}}, {"type": "Feature", "properties": {"cod_imovel": "SC-4200101-16832B6C0B1842398251855BF3175869", "municipio": "Abelardo Luz", "num_area": 99.9353, "mod_fiscal": 4.9968, "des_condic": "Aguardando analise", "ind_status": "AT", "dat_atuali": "25/11/2022"}, "geometry": {"type": "Polygon", "coordinates": [[[-52.3348640194444, -26.4745509714635], [-52.3327911944444, -26.4767261853524], [-52.3334575138889, -26.477692752019], [-52.3337589722222, -26.4779589909079], [-52.3342407583333, -26.4779469881301], [-52.3343014166667, -26.4777746409079], [-52.3349026916667, -26.4778071714635], [-52.3352838055556, -26.4780839575746], [-52.3355854305556, -26.4788418409079], [-52.3354919611111, -26.478964077019], [-52.3364073916667, -26.479585702019], [-52.3372183166667, -26.4793530214634], [-52.3375122305556, -26.4790854381301], [-52.3376181361111, -26.4785782686857], [-52.3380958888889, -26.4784152547968], [-52.3386211, -26.4785685686857], [-52.3390712777778, -26.4791213242412], [-52.3389464833333, -26.4797024103523], [-52.3392558944444, -26.4796819214634], [-52.3395256805556, -26.4801317909079], [-52.3394446833333, -26.4802381575745], [-52.339839375, -26.4805656381301], [-52.3392884861111, -26.4807902797967], [-52.3391978944444, -26.4813112270189], [-52.3399035194444, -26.4818848020189], [-52.3397342388889, -26.4823963436856], [-52.3399838472222, -26.4824095186856], [-52.3403401944444, -26.4827630853522], [-52.3402435166667, -26.4831610159078], [-52.340108075, -26.4831966103522], [-52.3401848555556, -26.48332673813], [-52.3405607805556, -26.4833169603522], [-52.3408014138889, -26.48359001313], [-52.3407642083333, -26.4842995825744], [-52.3411281194444, -26.48433398813], [-52.3411962666667, -26.4844964797967], [-52.3439266611111, -26.4844120853522], [-52.3440310694444, -26.4845634520189], [-52.3439126805556, -26.4851880159078], [-52.3441401611111, -26.4851226325744], [-52.3441053138889, -26.4854164992411], [-52.3437921944444, -26.48549278813], [-52.343244525, -26.4860974770188], [-52.3433671166667, -26.4868871714633], [-52.343098125, -26.4871345159077], [-52.3437714944444, -26.4874694464633], [-52.3442063555556, -26.4875090631299], [-52.3438521805556, -26.4878011047966], [-52.3439434416667, -26.4883108464632], [-52.3436171027778, -26.488246499241], [-52.343628025, -26.4883739770188], [-52.3428010333333, -26.4887374881299], [-52.3428972083333, -26.4889210464632], [-52.3441644777778, -26.4896600186854], [-52.3443349666667, -26.4895865075743], [-52.3443076583333, -26.4893501020188], [-52.3444730444444, -26.4896183020188], [-52.3451515527778, -26.4894983770188], [-52.3453165472222, -26.489625024241], [-52.3474351222222, -26.4887696297966], [-52.3483810722222, -26.4887997770188], [-52.3489109444444, -26.4878860047966], [-52.3487614527778, -26.4875197353522], [-52.3490583166667, -26.4871180936855], [-52.3490165222222, -26.4869521797966], [-52.3493475166667, -26.4866960575744], [-52.3494581277778, -26.4869439159077], [-52.3496716777778, -26.4869442520188], [-52.3497995583333, -26.4866847325744], [-52.3500870333333, -26.4867406214633], [-52.3501486611111, -26.4864245936855], [-52.3499462611111, -26.4861566770188], [-52.349961875, -26.4858537020189], [-52.3498008055556, -26.4858155936855], [-52.3496459833333, -26.4860083936855], [-52.3493176527778, -26.4856762075744], [-52.3495742388889, -26.4853610159078], [-52.3494229555556, -26.4853302603522], [-52.3494188194444, -26.4849724492411], [-52.3492086194444, -26.4850115686855], [-52.3492479388889, -26.4852007603522], [-52.3487898916667, -26.4849825575744], [-52.3488102583333, -26.4847032436855], [-52.3495329916667, -26.4847067047967], [-52.3495215638889, -26.4841696714633], [-52.3493757972222, -26.4840990353522], [-52.3491549055556, -26.4843072909078], [-52.3488315277778, -26.4841350547967], [-52.3490541583333, -26.4837816186856], [-52.3488390138889, -26.4837663714633], [-52.3486688861111, -26.4835225159078], [-52.3483420861111, -26.4838434964633], [-52.3477681277778, -26.4835496020189], [-52.3479026388889, -26.4834963047967], [-52.3479406527778, -26.4830691047967], [-52.3476284694444, -26.4825303603523], [-52.34782225, -26.4824025242411], [-52.3478543027778, -26.4821187047967], [-52.3480741333333, -26.4820800742412], [-52.3479370944444, -26.4818689909078], [-52.348098125, -26.4816643186856], [-52.3456478666667, -26.4818904909078], [-52.3414095833333, -26.4767168381301], [-52.3402743972222, -26.4761661797968], [-52.3348640194444, -26.4745509714635]]]}}, {"type": "Feature", "properties": {"cod_imovel": "SC-4200101-B6822300E14E4C0AA2EFA4332FF02CEC", "municipio": "Abelardo Luz", "num_area": 98.4286, "mod_fiscal": 4.9214, "des_condic": "Aguardando analise", "ind_status": "AT", "dat_atuali": "14/07/2022"}, "geometry": {"type": "Polygon", "coordinates": [[[-52.24865583, -26.4653366692466], [-52.24485389, -26.4623902792467], [-52.243390068243, -26.4633925400039], [-52.242674697776, -26.4636357505773], [-52.2422374526464, -26.4643817451912], [-52.2420624629606, -26.4652080641498], [-52.24226604074219, -26.4663903141035], [-52.24302833, -26.4684188892466], [-52.24494111, -26.4680336092466], [-52.24529639, -26.4699930592465], [-52.24638917, -26.4700899992465], [-52.24865972, -26.4735274992465], [-52.25189944, -26.4735624992465], [-52.25839944000001, -26.4725308292465], [-52.26176349589989, -26.47352197664615], [-52.26205815373486, -26.47217049217797], [-52.26137692087461, -26.4716641253919], [-52.26090855900199, -26.4715898993119], [-52.26081075490131, -26.471341411146], [-52.25788914771309, -26.4724356346895], [-52.2559385496733, -26.4727291499999], [-52.25554639, -26.4689069392466], [-52.2508975, -26.4667086092466], [-52.25011472000001, -26.4649691692466], [-52.24865583, -26.4653366692466]]]}}, {"type": "Feature", "properties": {"cod_imovel": "SC-4200101-1DE1AEC577894EB0A5C81B1D6FD1A11D", "municipio": "Abelardo Luz", "num_area": 25.1437, "mod_fiscal": 1.2572, "des_condic": "Aguardando analise", "ind_status": "AT", "dat_atuali": "27/01/2022"}, "geometry": {"type": "Polygon", "coordinates": [[[-52.28492329898317, -26.45882979283899], [-52.28387482369785, -26.45881627897317], [-52.28425380297883, -26.45898172703036], [-52.28493264276208, -26.45888945879723], [-52.28429357164445, -26.46042040750666], [-52.28347995822726, -26.46489455022285], [-52.28913205575788, -26.46495351102797], [-52.2893149206846, -26.46370972955801], [-52.28757662552722, -26.46243275835245], [-52.28725250285034, -26.46201085026505], [-52.28719726994061, -26.46148501879955], [-52.28746786680128, -26.46059490163725], [-52.28734219949882, -26.46005325445851], [-52.28589721572164, -26.45904825408525], [-52.28492329898317, -26.45882979283899]]]}}, {"type": "Feature", "properties": {"cod_imovel": "SC-4200101-5C676A9065FB47A7A74A072BC751E307", "municipio": "Abelardo Luz", "num_area": 385.808, "mod_fiscal": 18.8074, "des_condic": "Aguardando analise", "ind_status": "AT", "dat_atuali": "08/12/2017"}, "geometry": {"type": "Polygon", "coordinates": [[[-52.3403403611111, -26.4315386409088], [-52.33932955, -26.4350588159088], [-52.3392587722222, -26.4361375270198], [-52.334076675, -26.4367857881309], [-52.3377405833333, -26.439323874242], [-52.3392202194444, -26.4395051270198], [-52.3411644083333, -26.4374346575754], [-52.34559335555559, -26.438673449242], [-52.34676636111111, -26.4401118575753], [-52.35295782777779, -26.4416927575753], [-52.3529945722222, -26.4407691381309], [-52.3573323861111, -26.439048299242], [-52.3579097805556, -26.4404149436864], [-52.3593305333333, -26.440000874242], [-52.3592108111111, -26.4390108547976], [-52.36016829444439, -26.4379689686865], [-52.36462221388891, -26.4363247186865], [-52.3698284444444, -26.4373657381309], [-52.3670355361111, -26.4478041742418], [-52.3621698611111, -26.4467999047974], [-52.3605916027778, -26.4533499575751], [-52.3776550166667, -26.4576144992416], [-52.3796663888889, -26.4549098992417], [-52.3798705722222, -26.4543707964639], [-52.3798673805556, -26.45380877146391], [-52.37873942500001, -26.4506487159084], [-52.377490997314446, -26.445311568988412], [-52.3793436722222, -26.44267211035301], [-52.37400922222221, -26.4372419714643], [-52.37135831944439, -26.4357211436865], [-52.36873163055559, -26.4353509159087], [-52.3642401194444, -26.432815313131], [-52.3633857722222, -26.4333957159088], [-52.3613292777778, -26.4334167603532], [-52.3612076944444, -26.4344724603532], [-52.3593129361111, -26.4350883853532], [-52.3586117666667, -26.4371799436865], [-52.35721248333331, -26.4386463825753], [-52.35139473333329, -26.440925499242], [-52.34945665, -26.4404318547975], [-52.3478803, -26.4377821520198], [-52.3477817555556, -26.4351775436865], [-52.3475293361111, -26.4346647075754], [-52.3477967805556, -26.4331489353532], [-52.3468543444444, -26.4324087909088], [-52.3403403611111, -26.4315386409088]]]}}, {"type": "Feature", "properties": {"cod_imovel": "SC-4200101-D31941492AA149C69A53D2FCC49CCC9B", "municipio": "Abelardo Luz", "num_area": 308.8193, "mod_fiscal": 15.441, "des_condic": "Aguardando analise", "ind_status": "AT", "dat_atuali": "12/09/2017"}, "geometry": {"type": "Polygon", "coordinates": [[[-52.34550133118629, -26.46251974981932], [-52.34361599437337, -26.46373113182159], [-52.34302428165702, -26.46290966270266], [-52.34188724924377, -26.46034281969797], [-52.33285201313442, -26.46020783950518], [-52.33277765897466, -26.46834421232763], [-52.33534635489339, -26.46620653192677], [-52.33559809546837, -26.46661225554043], [-52.33605105573531, -26.46686384454076], [-52.33695284627878, -26.46689033379336], [-52.33749469111464, -26.46733466326417], [-52.33760857256934, -26.46869964427578], [-52.33678795597974, -26.46926324725421], [-52.33664399357985, -26.47014687165527], [-52.33665164515486, -26.47073852494075], [-52.33724623138984, -26.47086765804761], [-52.33676570110064, -26.47265814680444], [-52.33722974370805, -26.47524083140111], [-52.34065191705304, -26.47628209262072], [-52.3416506698009, -26.47685004547565], [-52.34630338523393, -26.48275433322155], [-52.34757533395693, -26.48277078736245], [-52.34757284250814, -26.48247959402889], [-52.34793430009781, -26.48205871172235], [-52.34756778370479, -26.48162990564462], [-52.34799190148803, -26.48129111681485], [-52.34772476673506, -26.48084550183904], [-52.34806874258953, -26.48088138038847], [-52.3485556359201, -26.48055903253107], [-52.34886755270915, -26.48066051867504], [-52.34881053126016, -26.48025799590207], [-52.34901752570453, -26.48012131913194], [-52.34887548335792, -26.47944342305698], [-52.34848122141387, -26.47942460527037], [-52.34827692344968, -26.47899758158084], [-52.34936503411662, -26.47861367943891], [-52.34983910833832, -26.47780789575658], [-52.34968899174812, -26.47752811885159], [-52.35020163456862, -26.47682064265826], [-52.34995467538965, -26.47672215605219], [-52.349616661743, -26.47616469260171], [-52.34913811666564, -26.47591192451442], [-52.34920447619543, -26.47509101846682], [-52.34968846894187, -26.4751146469112], [-52.35008478334784, -26.47459219301314], [-52.35013750935983, -26.47402526667617], [-52.35093912317149, -26.47396721959549], [-52.35112899634848, -26.47242540731634], [-52.35142415443216, -26.47181120116384], [-52.35184132880785, -26.47139296018401], [-52.35248339087087, -26.47131512790876], [-52.3531586016199, -26.47049283993912], [-52.35300777668933, -26.46990961436274], [-52.35329883999707, -26.4694346150909], [-52.35365007168021, -26.46930046515348], [-52.35366863166258, -26.46970615846562], [-52.35413416145648, -26.47006531000589], [-52.35473317107484, -26.46984264684892], [-52.35505931856052, -26.46936370928868], [-52.35478051614292, -26.46861363057503], [-52.3551208200809, -26.4679537329541], [-52.35506533957629, -26.46726258995265], [-52.3546288521365, -26.46605153338287], [-52.35411585765253, -26.46551105018692], [-52.3541518181863, -26.46514697230039], [-52.3535312723546, -26.46494665187689], [-52.35305141843189, -26.46498941316854], [-52.35249647850272, -26.46521422435387], [-52.35237309163392, -26.46560438949757], [-52.3512256850639, -26.46400640489404], [-52.35140581385632, -26.46367449245925], [-52.35130353075448, -26.46330566531871], [-52.35088795284132, -26.46280174913413], [-52.35020717948716, -26.46261739367286], [-52.3471308931795, -26.4627756739444], [-52.34678538461082, -26.4630653291214], [-52.34561693421932, -26.46279792575836], [-52.34550133118629, -26.46251974981932]]]}}, {"type": "Feature", "properties": {"cod_imovel": "SC-4200101-833FEFA885404D75A709C3B59B354223", "municipio": "Abelardo Luz", "num_area": 19.597, "mod_fiscal": 0.9798, "des_condic": "Aguardando analise", "ind_status": "AT", "dat_atuali": "30/07/2025"}, "geometry": {"type": "Polygon", "coordinates": [[[-52.38708257675171, -26.441296120361294], [-52.3850779375, -26.440493316], [-52.3840430285, -26.4406229193], [-52.38279104232788, -26.44110399012426], [-52.3807829965, -26.4422964814], [-52.380135112, -26.441636113], [-52.37826347351074, -26.444235673035088], [-52.3801552237, -26.4451744974], [-52.38708257675171, -26.441296120361294]]]}}, {"type": "Feature", "properties": {"cod_imovel": "SC-4200101-8DCF28D075C94FD1BFBB2658F7F5346D", "municipio": "Abelardo Luz", "num_area": 183.9702, "mod_fiscal": 9.1985, "des_condic": "Aguardando analise", "ind_status": "AT", "dat_atuali": "09/06/2025"}, "geometry": {"type": "Polygon", "coordinates": [[[-52.38527806, -26.46554972], [-52.38721889, -26.47053694], [-52.383455, -26.47219111], [-52.38183361, -26.46931944], [-52.37692833, -26.46971889], [-52.37497139, -26.47120111], [-52.3809425, -26.47577972], [-52.37858472, -26.47736417], [-52.37898611, -26.47831806], [-52.37952639, -26.47888861], [-52.38285972, -26.48089056], [-52.385915, -26.47855722], [-52.390655, -26.47676972], [-52.39357472, -26.4765175], [-52.39909, -26.47950167], [-52.39921556, -26.47942778], [-52.39911944, -26.47904667], [-52.39846722, -26.47867417], [-52.39913722, -26.47855833], [-52.39924833, -26.47840639], [-52.39922306, -26.4782675], [-52.39886389, -26.47825889], [-52.39858639, -26.47752972], [-52.39880389, -26.47728583], [-52.39861056, -26.47717222], [-52.39878444, -26.47696611], [-52.39865472, -26.47632972], [-52.39890222, -26.47632417], [-52.39888417, -26.47614972], [-52.39838139, -26.47623417], [-52.39805528, -26.47691139], [-52.39747028, -26.47665806], [-52.39722167, -26.47625222], [-52.39711694, -26.4765425], [-52.3968175, -26.47668306], [-52.39650139, -26.4764], [-52.39648222, -26.47612167], [-52.396125, -26.47634611], [-52.3958525, -26.47627306], [-52.39578194, -26.47615056], [-52.39612583, -26.47616889], [-52.39621778, -26.47603333], [-52.39605417, -26.47598306], [-52.39618222, -26.47583417], [-52.39590444, -26.47557472], [-52.39593528, -26.47534556], [-52.39564306, -26.47549694], [-52.39529222, -26.47532889], [-52.39456472, -26.47553083], [-52.39451028, -26.47513278], [-52.39410139, -26.47508583], [-52.39399861, -26.47480639], [-52.39380222, -26.47491333], [-52.39395806, -26.47446167], [-52.39368333, -26.47428111], [-52.39370611, -26.47413278], [-52.39399694, -26.47403972], [-52.39385306, -26.47385556], [-52.39390972, -26.47362722], [-52.39333361, -26.47335667], [-52.39342722, -26.47313917], [-52.39298806, -26.47298194], [-52.39292972, -26.47266389], [-52.39230472, -26.47229444], [-52.39478167, -26.466505], [-52.38527806, -26.46554972]]]}}, {"type": "Feature", "properties": {"cod_imovel": "SC-4200101-FBF9FBDAB4FD4396B382FA9C9378D943", "municipio": "Abelardo Luz", "num_area": 143.9608, "mod_fiscal": 7.198, "des_condic": "Aguardando analise", "ind_status": "AT", "dat_atuali": "09/06/2025"}, "geometry": {"type": "Polygon", "coordinates": [[[-52.34214639, -26.49205806], [-52.34094194, -26.49247944], [-52.34028333, -26.49301306], [-52.3331629347, -26.5037920577], [-52.3339621238, -26.5042784053], [-52.3334748556, -26.505006173], [-52.3334980669, -26.5056086483], [-52.3343473753, -26.5059591086], [-52.3346498975, -26.5063843743], [-52.3345507452, -26.5065739816], [-52.3352586229, -26.5068584122], [-52.3361785801, -26.5068788682], [-52.3365820085, -26.5074388711], [-52.3365940588, -26.5079771723], [-52.33529279070001, -26.508329433], [-52.3353069802, -26.5089924777], [-52.33558708259999, -26.50962983160001], [-52.33640634230001, -26.5093576463], [-52.33739838809999, -26.5094493695], [-52.3404183599, -26.5090569365], [-52.3408139892, -26.5044316547], [-52.3453503741, -26.5035441359], [-52.34594167, -26.50252667], [-52.34536833, -26.50212083], [-52.34534667, -26.50153556], [-52.34558722000001, -26.50057833], [-52.34518917, -26.50022583], [-52.34392389, -26.49992056], [-52.34332833, -26.49944306], [-52.34325583, -26.49865528], [-52.34344556, -26.49763333], [-52.34356111000001, -26.49747028], [-52.3441825, -26.49730278], [-52.34530306, -26.49742194], [-52.34706, -26.49790972], [-52.34736694, -26.4974225], [-52.34784306, -26.49577111], [-52.34758444, -26.49479972], [-52.34665528, -26.49415667], [-52.34574806, -26.49320111], [-52.34548611, -26.49315139], [-52.34468, -26.4935225], [-52.34411083, -26.493575], [-52.3438275, -26.49339833], [-52.3438475, -26.49293667], [-52.34297472, -26.49286611], [-52.34196056, -26.49252389], [-52.34187944, -26.49240889], [-52.34214639, -26.49205806]]]}}, {"type": "Feature", "properties": {"cod_imovel": "SC-4200101-63622DEC4C7E4116BD3FE5A69301DC53", "municipio": "Abelardo Luz", "num_area": 66.5433, "mod_fiscal": 3.3272, "des_condic": "Aguardando analise", "ind_status": "AT", "dat_atuali": "09/04/2026"}, "geometry": {"type": "Polygon", "coordinates": [[[-52.40969944, -26.45424194], [-52.40971306, -26.45635472], [-52.40998861, -26.45636278], [-52.41070306, -26.45989917], [-52.42228194, -26.46012278], [-52.41977528, -26.45465139], [-52.40969944, -26.45424194]]]}}, {"type": "Feature", "properties": {"cod_imovel": "SC-4200101-28DC0CA7AA3944509C0953DF7F41BFAB", "municipio": "Abelardo Luz", "num_area": 243.8542, "mod_fiscal": 12.1927, "des_condic": "Aguardando analise", "ind_status": "AT", "dat_atuali": "09/04/2026"}, "geometry": {"type": "Polygon", "coordinates": [[[-52.44110778, -26.45247389], [-52.42939167, -26.45239167], [-52.42983556, -26.45265694], [-52.42958722, -26.45299556], [-52.42981361, -26.45332278], [-52.42956278, -26.4549675], [-52.42959833, -26.455585], [-52.42982833, -26.45579722], [-52.42951333, -26.45625694], [-52.4294825, -26.45668167], [-52.42934111, -26.45672222], [-52.42071972, -26.45666611], [-52.4282225, -26.47296667], [-52.42949556, -26.47247444], [-52.43022861, -26.47137194], [-52.43009639, -26.47121528], [-52.43036778, -26.4709375], [-52.43042333, -26.47069083], [-52.43025556, -26.47040028], [-52.43042083, -26.47025861], [-52.43040472, -26.46986806], [-52.43112972, -26.46943194], [-52.43156722, -26.46885472], [-52.43165694, -26.46841667], [-52.4325575, -26.46764167], [-52.43303972, -26.46754333], [-52.43371, -26.46765472], [-52.43409556, -26.4674675], [-52.43408694, -26.46696139], [-52.4349525, -26.46617083], [-52.43556833, -26.46601139], [-52.436155, -26.46517583], [-52.4362925, -26.46436139], [-52.43655694, -26.46399], [-52.43646028, -26.46350278], [-52.43659167, -26.46339556], [-52.43645944, -26.46334083], [-52.43696389, -26.46256528], [-52.43775222, -26.46214639], [-52.43781278, -26.46148028], [-52.43812583, -26.46134417], [-52.43917056, -26.45927778], [-52.44110778, -26.45247389]]]}}, {"type": "Feature", "properties": {"cod_imovel": "SC-4200101-F29A94BC68E04FDE901A41DCBFB23BE0", "municipio": "Abelardo Luz", "num_area": 11.5933, "mod_fiscal": 0.5797, "des_condic": "Aguardando analise", "ind_status": "AT", "dat_atuali": "16/05/2025"}, "geometry": {"type": "Polygon", "coordinates": [[[-52.4470005444444, -26.4772093436857], [-52.4469669222222, -26.4760157853524], [-52.4448583972222, -26.4749439881302], [-52.4437666222222, -26.4717900270191], [-52.4437427833333, -26.4751418992413], [-52.4433462055556, -26.4787716242412], [-52.4449377444444, -26.4777763186857], [-52.4451040527778, -26.4778388381301], [-52.4456608305556, -26.4775205797968], [-52.4464555277778, -26.4773702214635], [-52.4466406083333, -26.4771278242412], [-52.4470005444444, -26.4772093436857]]]}}, {"type": "Feature", "properties": {"cod_imovel": "SC-4200101-E6444EF9A9D4437E9A1DD796DDFF4DE1", "municipio": "Abelardo Luz", "num_area": 7.7659, "mod_fiscal": 0.3883, "des_condic": "Aguardando analise", "ind_status": "AT", "dat_atuali": "01/05/2025"}, "geometry": {"type": "Polygon", "coordinates": [[[-52.2592062388889, -26.4575755159083], [-52.2588749972222, -26.4584558353527], [-52.2618277805556, -26.4595499992416], [-52.2631555527778, -26.4570419436861], [-52.2608203138889, -26.4562777742417], [-52.2607425388889, -26.456877807575], [-52.2609013416667, -26.457443082575], [-52.2604831472222, -26.4579083381305], [-52.2592062388889, -26.4575755159083]]]}}, {"type": "Feature", "properties": {"cod_imovel": "SC-4200101-40EBCF2F691A4CC0A656D6BB33BA6B9F", "municipio": "Abelardo Luz", "num_area": 202.4775, "mod_fiscal": 10.1239, "des_condic": "Aguardando analise", "ind_status": "AT", "dat_atuali": "23/04/2025"}, "geometry": {"type": "Polygon", "coordinates": [[[-52.39753657895214, -26.45969830611341], [-52.39501170114814, -26.46598623310884], [-52.42547153759838, -26.46716067137501], [-52.42228699392406, -26.4601483703271], [-52.39753657895214, -26.45969830611341]]]}}, {"type": "Feature", "properties": {"cod_imovel": "SC-4200101-3CD56A14FE06412A94140D4784264DAF", "municipio": "Abelardo Luz", "num_area": 102.1666, "mod_fiscal": 5.1083, "des_condic": "Aguardando analise", "ind_status": "AT", "dat_atuali": "19/03/2015"}, "geometry": {"type": "Polygon", "coordinates": [[[-52.342391302919665, -26.450226895389953], [-52.34253726635894, -26.451207566781786], [-52.343287467956536, -26.451209605750307], [-52.34398165258918, -26.451482424465485], [-52.34397728591423, -26.45205654235867], [-52.344375097323805, -26.452561785921063], [-52.3447266637815, -26.452237088172378], [-52.34543323516845, -26.452977036775238], [-52.345969676971436, -26.45401442930817], [-52.346763610839844, -26.453879953025567], [-52.347558457081604, -26.453514468027485], [-52.34854459762573, -26.454206538010872], [-52.34941902717226, -26.455124883473193], [-52.34975442238035, -26.4563984216889], [-52.350250982226456, -26.456234479197782], [-52.35148120398895, -26.457461815646774], [-52.35279108224635, -26.443154400097423], [-52.34391439411256, -26.44423663124171], [-52.343870192181825, -26.44526702786139], [-52.34443402481158, -26.446391642305915], [-52.343959728006276, -26.446569979421124], [-52.343981744451845, -26.44745584994319], [-52.34360933303833, -26.448308654728056], [-52.343145603567265, -26.448792873930262], [-52.342391302919665, -26.450226895389953]]]}}, {"type": "Feature", "properties": {"cod_imovel": "SC-4200101-8E69F84B7C204580AA38540928F8010C", "municipio": "Abelardo Luz", "num_area": 25.4726, "mod_fiscal": 1.2736, "des_condic": "Aguardando analise", "ind_status": "AT", "dat_atuali": "18/03/2025"}, "geometry": {"type": "Polygon", "coordinates": [[[-52.44136686826797, -26.47492053757758], [-52.43486263531662, -26.47846776237675], [-52.43466191915408, -26.47943496962455], [-52.43688485726228, -26.47823457073603], [-52.43856649357504, -26.4775959325649], [-52.4386578807475, -26.48037960812924], [-52.43907405821354, -26.48003115300075], [-52.43965361467236, -26.47984099291109], [-52.44036021932121, -26.47911322437731], [-52.44327186727023, -26.47892711991915], [-52.44365246627573, -26.47822896876754], [-52.44352555070535, -26.47720263131327], [-52.44366053402094, -26.4750735679757], [-52.44136686826797, -26.47492053757758]]]}}, {"type": "Feature", "properties": {"cod_imovel": "SC-4200101-381FC6618365436FAFA79A6A52833BF7", "municipio": "Abelardo Luz", "num_area": 206.8612, "mod_fiscal": 10.3431, "des_condic": "Aguardando analise", "ind_status": "AT", "dat_atuali": "03/03/2025"}, "geometry": {"type": "Polygon", "coordinates": [[[-52.4462407555556, -26.4972205297964], [-52.4542988694444, -26.4955660159075], [-52.4488348027778, -26.4770690686857], [-52.4470050833333, -26.477362802019], [-52.4470010722222, -26.4772265992412], [-52.4466442194444, -26.4771380797968], [-52.4464626694444, -26.4773774159079], [-52.4456690333333, -26.4775275742412], [-52.4451101916667, -26.4778509381301], [-52.4449431694444, -26.4777881353523], [-52.4431901305556, -26.4789237464634], [-52.4425330194444, -26.4790509936857], [-52.4407769333333, -26.4789183575745], [-52.4392934722222, -26.4797520714634], [-52.4390961361111, -26.4801034436856], [-52.4382922722222, -26.4804950631301], [-52.4376898583333, -26.4810788825745], [-52.4340538833333, -26.4817623159078], [-52.4339158555556, -26.4826928075745], [-52.434789525, -26.4850779686855], [-52.4345281027778, -26.4863793047966], [-52.4438179305556, -26.4864062075744], [-52.4439620305556, -26.4868552242411], [-52.4443279027778, -26.4871299214633], [-52.4452874305556, -26.4874349964633], [-52.4456228027778, -26.4879498964633], [-52.4459428888889, -26.4880744381299], [-52.4464391027778, -26.4902044159077], [-52.4461731444444, -26.490461649241], [-52.4456202888889, -26.4921286547965], [-52.4460175166667, -26.4928704742409], [-52.446196825, -26.4929486575743], [-52.4464945666667, -26.4946384131298], [-52.4467024888889, -26.4947110436853], [-52.4465802027778, -26.4953747020187], [-52.4466801555556, -26.4960794131298], [-52.4465235944444, -26.4961371797964], [-52.4462407555556, -26.4972205297964]]]}}, {"type": "Feature", "properties": {"cod_imovel": "SC-4200101-9A7A40DE5BB9450582E1C98B5A73ECBD", "municipio": "Abelardo Luz", "num_area": 193.7558, "mod_fiscal": 9.6878, "des_condic": "Aguardando analise", "ind_status": "AT", "dat_atuali": "28/02/2025"}, "geometry": {"type": "Polygon", "coordinates": [[[-52.461570875, -26.4624302381304], [-52.4564071972222, -26.4652220686859], [-52.4548188277778, -26.478524627019], [-52.4553098694444, -26.4784618103523], [-52.4553804305556, -26.4789567464634], [-52.4560532555556, -26.4790280714634], [-52.456527225, -26.4794094881301], [-52.4566363944444, -26.4793248964634], [-52.4571932833333, -26.4796033436856], [-52.4579296972222, -26.479642552019], [-52.4590767805556, -26.4809387714634], [-52.4645743972222, -26.4791143909079], [-52.4654203527778, -26.4789683825745], [-52.4675601611111, -26.4774482575746], [-52.4673829833333, -26.4756645547968], [-52.4664210777778, -26.4735798853524], [-52.4667022083333, -26.4717596853525], [-52.467197225, -26.471146390908], [-52.4671541694444, -26.4704208353525], [-52.4668511111111, -26.4696713909081], [-52.4669458305556, -26.4667783325748], [-52.4668336138889, -26.4663941659081], [-52.4662286138889, -26.4655711131304], [-52.4653666666667, -26.4652552770193], [-52.4635936055556, -26.4642063909082], [-52.4638149972222, -26.4636783353526], [-52.4631588916667, -26.4635263631304], [-52.461570875, -26.4624302381304]]]}}, {"type": "Feature", "properties": {"cod_imovel": "SC-4200101-BCB4780C80874CB2A53D3052AF81C144", "municipio": "Abelardo Luz", "num_area": 47.8244, "mod_fiscal": 2.2977, "des_condic": "Aguardando analise", "ind_status": "AT", "dat_atuali": "25/03/2022"}, "geometry": {"type": "Polygon", "coordinates": [[[-52.3882977111111, -26.4309102547977], [-52.3801449361111, -26.4416344659086], [-52.3806845055556, -26.4421970964642], [-52.3832459083333, -26.4408074103531], [-52.3858786694444, -26.4402553714642], [-52.3873704, -26.4396905686864], [-52.3881308916667, -26.4391669797976], [-52.3887455333333, -26.4384789186865], [-52.3890738277778, -26.4373766353532], [-52.3888184138889, -26.4359989353532], [-52.3895644694444, -26.4325252353532], [-52.3894247416667, -26.4307138297977], [-52.3896434972222, -26.4298099631311], [-52.3899060916667, -26.4293922353533], [-52.3882977111111, -26.4309102547977]]]}}, {"type": "Feature", "properties": {"cod_imovel": "SC-4200101-109C2764871747E0BC2AF08087EFFD06", "municipio": "Abelardo Luz", "num_area": 9.4383, "mod_fiscal": 0.4719, "des_condic": "Aguardando analise", "ind_status": "AT", "dat_atuali": "10/10/2024"}, "geometry": {"type": "Polygon", "coordinates": [[[-52.25100778841185, -26.47708371634315], [-52.25276210272207, -26.47621049109169], [-52.25190040309624, -26.4735643817627], [-52.2486622018236, -26.47352951271211], [-52.25100778841185, -26.47708371634315]]]}}, {"type": "Feature", "properties": {"cod_imovel": "SC-4200101-44F9F22C8F3E4BD9A908A77BD37EAE69", "municipio": "Abelardo Luz", "num_area": 16.7906, "mod_fiscal": 0.8395, "des_condic": "Aguardando analise", "ind_status": "AT", "dat_atuali": "10/10/2024"}, "geometry": {"type": "Polygon", "coordinates": [[[-52.2486347663268, -26.47826345508134], [-52.25100754264675, -26.47708361570204], [-52.24866165464346, -26.47352997302896], [-52.24593361399745, -26.47349965055658], [-52.24655566507542, -26.4769275886953], [-52.2486347663268, -26.47826345508134]]]}}, {"type": "Feature", "properties": {"cod_imovel": "SC-4200101-5B5267B635E74E50B4CA3627888C9F5D", "municipio": "Abelardo Luz", "num_area": 7.2398, "mod_fiscal": 0.362, "des_condic": "Aguardando analise", "ind_status": "AT", "dat_atuali": "10/10/2024"}, "geometry": {"type": "Polygon", "coordinates": [[[-52.25119775173647, -26.47994793475272], [-52.25329093818925, -26.47653956878693], [-52.2527620990185, -26.47620607213096], [-52.24882547982575, -26.47883870606002], [-52.25119775173647, -26.47994793475272]]]}}, {"type": "Feature", "properties": {"cod_imovel": "SC-4200101-2870F48F5E1645F6A8D69D5E92BD43C8", "municipio": "Abelardo Luz", "num_area": 11.661, "mod_fiscal": 0.5831, "des_condic": "Aguardando analise", "ind_status": "AT", "dat_atuali": "22/06/2015"}, "geometry": {"type": "Polygon", "coordinates": [[[-52.299385070800774, -26.45528234082304], [-52.29955673217773, -26.455320762166142], [-52.299385070800774, -26.45547444741038], [-52.29887008666992, -26.458624949710064], [-52.300286293029785, -26.45939335182718], [-52.3029899597168, -26.4569344469995], [-52.30249643325806, -26.456223660038425], [-52.302002906799316, -26.45605076524928], [-52.301380634307854, -26.455570500583846], [-52.299385070800774, -26.45528234082304]]]}}, {"type": "Feature", "properties": {"cod_imovel": "SC-4200101-4127358B961F4D46B5D4C89AC3491507", "municipio": "Abelardo Luz", "num_area": 112.1568, "mod_fiscal": 5.6078, "des_condic": "Aguardando analise", "ind_status": "AT", "dat_atuali": "03/05/2015"}, "geometry": {"type": "Polygon", "coordinates": [[[-52.37770380818532, -26.45752403420035], [-52.36051169976106, -26.453766276880007], [-52.358225363031686, -26.462412239563754], [-52.36380517823922, -26.46350090131319], [-52.364076686452044, -26.462477376498143], [-52.36499067456531, -26.461514878911114], [-52.36678906747474, -26.460879748683467], [-52.37097685118937, -26.460369448716666], [-52.37181332923473, -26.460428583635483], [-52.37657746358853, -26.459442418588118], [-52.37770380818532, -26.45752403420035]]]}}, {"type": "Feature", "properties": {"cod_imovel": "SC-4200101-8E0BF941F9A04D2CA01B3673C00D0E25", "municipio": "Abelardo Luz", "num_area": 11.1655, "mod_fiscal": 0.5583, "des_condic": "Aguardando analise", "ind_status": "AT", "dat_atuali": "11/12/2024"}, "geometry": {"type": "Polygon", "coordinates": [[[-52.4293491539941, -26.45226847522822], [-52.42448926742961, -26.45230045347693], [-52.42472530505757, -26.45428705848626], [-52.42975607243247, -26.45432328403571], [-52.42957836911877, -26.4526729480711], [-52.4293491539941, -26.45226847522822]]]}}, {"type": "Feature", "properties": {"cod_imovel": "SC-4200101-2C17832A3726453FB33CC3655FB60377", "municipio": "Abelardo Luz", "num_area": 118.749, "mod_fiscal": 5.9375, "des_condic": "Aguardando analise", "ind_status": "AT", "dat_atuali": "12/11/2024"}, "geometry": {"type": "Polygon", "coordinates": [[[-52.4413211055556, -26.4645430603526], [-52.4426783027778, -26.4628598492415], [-52.4432551277778, -26.462440368686], [-52.4468057472222, -26.4611419103527], [-52.4536611138889, -26.4593099214638], [-52.4569207833333, -26.459641818686], [-52.4540148555556, -26.4580875520194], [-52.4521710194444, -26.4567982131305], [-52.4514330888889, -26.4560890797972], [-52.4501220027778, -26.4541398186862], [-52.4486757055556, -26.4533184992417], [-52.4478273527778, -26.4529639742417], [-52.4458514361111, -26.4529289631306], [-52.4434184166667, -26.4525200825751], [-52.4411077805556, -26.4524738881306], [-52.4391705555556, -26.4592777797972], [-52.4388091666667, -26.4600019381305], [-52.4413211055556, -26.4645430603526]]]}}, {"type": "Feature", "properties": {"cod_imovel": "SC-4200101-47DA524A4AFF446EAF60605859AE9C7B", "municipio": "Abelardo Luz", "num_area": 138.5459, "mod_fiscal": 6.9273, "des_condic": "Aguardando analise", "ind_status": "AT", "dat_atuali": "12/11/2024"}, "geometry": {"type": "Polygon", "coordinates": [[[-52.4444670361111, -26.4714582603525], [-52.4615423138889, -26.4624456797971], [-52.4601075888889, -26.4612565270193], [-52.4573256194444, -26.4598417742416], [-52.4537796444444, -26.4594320131305], [-52.4471473722222, -26.4611813659082], [-52.4435887944444, -26.4624131992415], [-52.4427898694444, -26.4629510714638], [-52.4413987083333, -26.4646846686859], [-52.4444670361111, -26.4714582603525]]]}}, {"type": "Feature", "properties": {"cod_imovel": "SC-4200101-6D459F1658D041E8983682528F2CDB4B", "municipio": "Abelardo Luz", "num_area": 57.7469, "mod_fiscal": 2.8873, "des_condic": "Aguardando analise", "ind_status": "AT", "dat_atuali": "11/11/2024"}, "geometry": {"type": "Polygon", "coordinates": [[[-52.4616433333333, -26.4623900020193], [-52.4618369388889, -26.4620772214638], [-52.4617438944444, -26.4610149964638], [-52.4635972138889, -26.4554058297972], [-52.4628507861111, -26.455333357575], [-52.4627054944444, -26.4551961992417], [-52.462360225, -26.4555309353528], [-52.4621065694444, -26.4553884797972], [-52.4616593666667, -26.4561819047972], [-52.4615682638889, -26.4559851436861], [-52.4614810583333, -26.455984357575], [-52.4613937777778, -26.4561991659083], [-52.4610009611111, -26.4560991964639], [-52.4608697972222, -26.456213607575], [-52.460585125, -26.455780382575], [-52.4602175666667, -26.4558245020195], [-52.4599540333333, -26.4560429714639], [-52.4590595083333, -26.4560857464639], [-52.4590390194444, -26.4562489742417], [-52.4587241611111, -26.456308107575], [-52.4584926444444, -26.4561020603528], [-52.4576941166667, -26.4562275520194], [-52.4575973555556, -26.4560613214639], [-52.4571525444444, -26.4560714936861], [-52.4564879944444, -26.4556407159083], [-52.4561875638889, -26.4551151020195], [-52.4550451111111, -26.4547279686861], [-52.4549276222222, -26.454321257575], [-52.4543224138889, -26.453917732575], [-52.4541480194444, -26.4535274242417], [-52.4535615305556, -26.4532689409084], [-52.4532275555556, -26.4533027992417], [-52.4531247166667, -26.4531069797973], [-52.452131025, -26.4533540853528], [-52.4517002916667, -26.4530561936862], [-52.4504161416667, -26.4527514047973], [-52.4495284972222, -26.4530355381306], [-52.4489329666667, -26.453015146464], [-52.4488144805556, -26.4532257242417], [-52.4503874694444, -26.4542146159084], [-52.4515499916667, -26.4560034853528], [-52.4522730388889, -26.4566982881305], [-52.4541019527778, -26.4579768547972], [-52.4601900583333, -26.4611431659082], [-52.4616433333333, -26.4623900020193]]]}}, {"type": "Feature", "properties": {"cod_imovel": "SC-4200101-03B042768A5B445CBE330C7691B0B310", "municipio": "Abelardo Luz", "num_area": 0.5677, "mod_fiscal": 0.0284, "des_condic": "Aguardando analise", "ind_status": "AT", "dat_atuali": "11/11/2024"}, "geometry": {"type": "Polygon", "coordinates": [[[-52.4474446083333, -26.4527767853528], [-52.4445311111111, -26.452556346464], [-52.4441599083333, -26.4523515186862], [-52.4436621638889, -26.4524356853529], [-52.4458649888889, -26.4527935936862], [-52.4478692722222, -26.4528316575751], [-52.4486768055556, -26.4531707436862], [-52.4487602944444, -26.4530223409084], [-52.4480078027778, -26.4528171631306], [-52.4480327555556, -26.4526607881306], [-52.4474446083333, -26.4527767853528]]]}}, {"type": "Feature", "properties": {"cod_imovel": "SC-4200101-0F9E7FAB818940B08598C1FAC9DC7DB6", "municipio": "Abelardo Luz", "num_area": 256.3143, "mod_fiscal": 12.8157, "des_condic": "Aguardando analise", "ind_status": "AT", "dat_atuali": "16/07/2024"}, "geometry": {"type": "Polygon", "coordinates": [[[-52.412023950741066, -26.49750770557733], [-52.41199901997753, -26.49774012341113], [-52.41231410332244, -26.497818515152332], [-52.41231094415201, -26.498417715410817], [-52.41250714952389, -26.49856441224979], [-52.412604644801476, -26.499012677068073], [-52.41254368106755, -26.499289831182637], [-52.411266847044686, -26.49903935696673], [-52.410444600544984, -26.499158688752637], [-52.41040727339742, -26.498938152947538], [-52.410063876771545, -26.49926928397037], [-52.410316351444884, -26.499431948235724], [-52.40995358655133, -26.49965026326593], [-52.41013372367635, -26.49993304132463], [-52.40991406580169, -26.499992239196605], [-52.40965265422911, -26.499702418852813], [-52.40978829357709, -26.500117584021666], [-52.409464058707215, -26.50007978399613], [-52.40963473252558, -26.500281046880584], [-52.409598481404075, -26.50050214730068], [-52.409324660180296, -26.500384361122983], [-52.40948117968739, -26.50059815884494], [-52.40944198625988, -26.500935021812648], [-52.40961056313928, -26.501044097730155], [-52.40942771532675, -26.501152637076295], [-52.40861769779605, -26.500898890727882], [-52.4079090199741, -26.500998264586794], [-52.40742348726643, -26.500868263967494], [-52.40735652724506, -26.501434204439253], [-52.40711558383952, -26.501569150862572], [-52.40676118908257, -26.501429522231962], [-52.40638851558028, -26.501770412448543], [-52.406776637751726, -26.502028205461468], [-52.40717849212006, -26.50178071467973], [-52.40736831506561, -26.501932284169502], [-52.40721847089945, -26.502540478666283], [-52.406795045633245, -26.502569967651365], [-52.40660905838012, -26.502761331724063], [-52.40652937741942, -26.50335751694768], [-52.4070643343801, -26.504229496955354], [-52.40670854234774, -26.50460601597713], [-52.40647313165577, -26.505668770361712], [-52.40633275392119, -26.505837236627052], [-52.40599533883006, -26.50580762976989], [-52.40576558436659, -26.505066499864277], [-52.40534663213122, -26.505025715204326], [-52.40516284737155, -26.50600396659794], [-52.40555638005969, -26.506143890227634], [-52.405724011434046, -26.50712780628042], [-52.40563845963456, -26.50744658246772], [-52.40519785717237, -26.507389436331533], [-52.404085000014526, -26.506606652800443], [-52.40379247062954, -26.5066254291943], [-52.40398812636727, -26.507305113244552], [-52.403870806179135, -26.507436039298177], [-52.40393215112607, -26.507909564121736], [-52.40362657321726, -26.508399600061757], [-52.40337487838192, -26.508511734392556], [-52.40471465049228, -26.50910975095044], [-52.40596517059292, -26.508780518326077], [-52.40681818472248, -26.509427925540457], [-52.407553016664856, -26.509024230950658], [-52.4080103803463, -26.509122288602452], [-52.40809432373059, -26.50933856403098], [-52.40793955580724, -26.50975064743388], [-52.40754449518876, -26.510319626829453], [-52.406408309175475, -26.510844574506578], [-52.40632155814689, -26.51060441170995], [-52.40598292173957, -26.510600085474618], [-52.40599658967907, -26.51074192738137], [-52.40637989390432, -26.511167626429916], [-52.40650076369829, -26.511648443715153], [-52.40765980098777, -26.511909967939072], [-52.40827393142158, -26.512553358051054], [-52.40867802753951, -26.512649790423072], [-52.408748428191196, -26.512864384458492], [-52.40856706385593, -26.513111698223074], [-52.40763380721112, -26.513597512603614], [-52.40749614837027, -26.51392950563499], [-52.40723121097416, -26.513925628965364], [-52.40681429851283, -26.51455472907636], [-52.40610156478358, -26.5147820389046], [-52.4048483541996, -26.514713203132455], [-52.40467358478485, -26.514861839113493], [-52.40403398851904, -26.51467430569841], [-52.40419431264043, -26.514412968049353], [-52.40403280213222, -26.514099053392684], [-52.40268744461256, -26.515348409136898], [-52.40272806422579, -26.515594453394876], [-52.402433861919306, -26.51610102200806], [-52.426224451199026, -26.51455085990615], [-52.42552099421614, -26.510064974917366], [-52.42479518175617, -26.507781066419625], [-52.42281521933194, -26.506840234887957], [-52.41947745572578, -26.505894005611943], [-52.41661268123686, -26.50428762725299], [-52.41492354684289, -26.502002144900644], [-52.4139708446206, -26.501240825249237], [-52.41329788098877, -26.50027595509743], [-52.41318116302189, -26.499956036682452], [-52.41327851398053, -26.4991530452537], [-52.413034189294095, -26.498501218983332], [-52.412023950741066, -26.49750770557733]]]}}, {"type": "Feature", "properties": {"cod_imovel": "SC-4200101-E0D2AA98913C489BBDCA05435D54D146", "municipio": "Abelardo Luz", "num_area": 192.3279, "mod_fiscal": 9.6164, "des_condic": "Aguardando analise", "ind_status": "AT", "dat_atuali": "16/07/2024"}, "geometry": {"type": "Polygon", "coordinates": [[[-52.39813773940256, -26.481945047512024], [-52.398068409446516, -26.482289236662265], [-52.398249645821295, -26.482491837942877], [-52.39905793436358, -26.482160178878328], [-52.399322861684055, -26.482257075595356], [-52.39963258692286, -26.482727303149066], [-52.399260544181175, -26.484063788319], [-52.39905145353174, -26.484011924838093], [-52.39867406683916, -26.484260100124303], [-52.399058962887764, -26.485838328117833], [-52.39970869321858, -26.486033355344606], [-52.399541383305, -26.486489455143584], [-52.400310435872086, -26.48617817833002], [-52.40001185214961, -26.485964588929672], [-52.40025354467318, -26.48572940497142], [-52.40043690839712, -26.485859237718408], [-52.40041531610264, -26.48604609549364], [-52.40087102658814, -26.486264091198993], [-52.40100504964448, -26.486708071794872], [-52.400638576722045, -26.486778499837687], [-52.40109059633333, -26.487274364711578], [-52.400344726421864, -26.487633923761038], [-52.40065832191175, -26.48769010395898], [-52.401084177966474, -26.487431788007274], [-52.401156846816264, -26.487615969156664], [-52.400894951746686, -26.48784488014178], [-52.4005090128886, -26.48793271466338], [-52.40057819769446, -26.488036404004628], [-52.401356188674676, -26.48777664452828], [-52.40135905243384, -26.48803599770084], [-52.40054786428249, -26.48825364419067], [-52.40155467719936, -26.48846916249118], [-52.40177953120781, -26.48911519071915], [-52.401322269357024, -26.489634119238975], [-52.401564010144114, -26.489613482671835], [-52.40150679763146, -26.490021496523433], [-52.40121577927084, -26.489959598941734], [-52.40108590155185, -26.490327160155168], [-52.400455301339726, -26.491037376424973], [-52.40006789784019, -26.491993924112865], [-52.39843233357421, -26.49302925857494], [-52.398313313083, -26.493467595888013], [-52.39790182314262, -26.49347026403309], [-52.397191973229816, -26.493925391389972], [-52.39647874605978, -26.493985337521035], [-52.39596945065081, -26.493846510453462], [-52.39494584294151, -26.49403639497637], [-52.40645981675645, -26.502927578102863], [-52.40672155192794, -26.50277193509964], [-52.40668265649125, -26.502487254696618], [-52.407136607564965, -26.502455641425044], [-52.40725759812675, -26.50196456652313], [-52.40677444475899, -26.502138950358024], [-52.40623591888104, -26.50178126007028], [-52.406738125945544, -26.50132189710874], [-52.40710742114983, -26.50146739123009], [-52.40726194454697, -26.50138084548298], [-52.40733197969745, -26.50078892041303], [-52.407670341107156, -26.500745057802032], [-52.40793856376161, -26.50090735422111], [-52.408622051237664, -26.50077703864433], [-52.409414172965334, -26.501052537680344], [-52.40937840656833, -26.500585668793047], [-52.409198930041725, -26.50037671980578], [-52.40952763865007, -26.50031569647885], [-52.409358936261015, -26.500021077874166], [-52.409626312017224, -26.500047333906515], [-52.40948428160473, -26.499825358644216], [-52.409666059916496, -26.49962112849884], [-52.40992617985275, -26.499894739035437], [-52.409852899108195, -26.499602256491684], [-52.41019869207292, -26.499394148116522], [-52.409875662317916, -26.49931846637299], [-52.41047526016656, -26.49874028255395], [-52.41052401676683, -26.499028330928056], [-52.411279950735185, -26.498941657348563], [-52.412027644569434, -26.49905595189317], [-52.4122027305933, -26.499214937001295], [-52.41246046039935, -26.499203232015958], [-52.41250239559627, -26.499012578900928], [-52.41220919777151, -26.498431622832474], [-52.412218892038204, -26.49788848230344], [-52.41189106807544, -26.497806930383778], [-52.411942767191476, -26.497412789539183], [-52.4109704556879, -26.494227682686844], [-52.40946939817963, -26.492098564043307], [-52.409361433067446, -26.490406100056674], [-52.40836697775385, -26.48761440216663], [-52.40814493739206, -26.48628225116301], [-52.407112960068815, -26.485286112786795], [-52.40542298139188, -26.484381847475312], [-52.40413500588563, -26.48384603244448], [-52.4019461487849, -26.48363737862989], [-52.40106576182952, -26.483339327218214], [-52.40018985609119, -26.48276486378027], [-52.39988984498137, -26.48226611427286], [-52.3994189871469, -26.481991163577497], [-52.39813773940256, -26.481945047512024]]]}}, {"type": "Feature", "properties": {"cod_imovel": "SC-4200101-E71C3C9CD0B746BAABA7223D0A6E0F0F", "municipio": "Abelardo Luz", "num_area": 24.3858, "mod_fiscal": 1.2193, "des_condic": "Aguardando analise", "ind_status": "AT", "dat_atuali": "06/11/2024"}, "geometry": {"type": "Polygon", "coordinates": [[[-52.42071394750096, -26.45664610752161], [-52.42949965973144, -26.45665951779162], [-52.42948835808956, -26.45498122911095], [-52.42978039358416, -26.45432308020921], [-52.41958921077279, -26.45426716591005], [-52.42071394750096, -26.45664610752161]]]}}, {"type": "Feature", "properties": {"cod_imovel": "SC-4200101-3ED5AEB721944B93952F777F1F098FA5", "municipio": "Abelardo Luz", "num_area": 41.5537, "mod_fiscal": 2.0777, "des_condic": "Aguardando analise", "ind_status": "AT", "dat_atuali": "02/09/2024"}, "geometry": {"type": "Polygon", "coordinates": [[[-52.47180444, -26.46028889], [-52.46558028, -26.46316583], [-52.4663425, -26.46438139], [-52.4688275, -26.46335861], [-52.47003194, -26.46466], [-52.47492667, -26.46660139], [-52.47550583, -26.46664056], [-52.47574944, -26.46639861], [-52.47677639, -26.46641778], [-52.47775833, -26.46610806], [-52.47858056, -26.46631056], [-52.478635, -26.46652611], [-52.47930611, -26.46693028], [-52.47931722, -26.46662917], [-52.47993389, -26.46642278], [-52.47972833, -26.46619583], [-52.47960417, -26.46631889], [-52.47921222, -26.46618972], [-52.47905, -26.46593417], [-52.47931333, -26.46524583], [-52.47884583, -26.464985], [-52.47899667, -26.46464417], [-52.47922667, -26.46471583], [-52.47945667, -26.46440361], [-52.47922194, -26.464305], [-52.47906417, -26.46350639], [-52.47870056, -26.46345278], [-52.47913694, -26.46329278], [-52.47924, -26.46297722], [-52.47896639, -26.46281194], [-52.47845889, -26.46293028], [-52.47869722, -26.46263389], [-52.47865444, -26.46234222], [-52.47840417, -26.46255583], [-52.47803972, -26.46228944], [-52.47784583, -26.46244861], [-52.47797667, -26.46219806], [-52.4774275, -26.4618075], [-52.47758, -26.46163444], [-52.47719806, -26.46133806], [-52.47647306, -26.46149417], [-52.47576611, -26.4612825], [-52.474545, -26.46201722], [-52.47335389, -26.46178472], [-52.47272944, -26.4618725], [-52.47180444, -26.46028889]], [[-52.47534556, -26.4623025], [-52.47667528, -26.4628875], [-52.47722611, -26.46515], [-52.4748925, -26.46490806], [-52.47463361, -26.46602833], [-52.47276056, -26.4655725], [-52.47271778, -26.46508667], [-52.47285472, -26.46510917], [-52.47299639, -26.46462667], [-52.47159194, -26.46438389], [-52.47534556, -26.4623025]]]}}, {"type": "Feature", "properties": {"cod_imovel": "SC-4200101-792DA6C2650D45E6BF97E381219B3F56", "municipio": "Abelardo Luz", "num_area": 34.5193, "mod_fiscal": 1.726, "des_condic": "Aguardando analise", "ind_status": "AT", "dat_atuali": "07/08/2024"}, "geometry": {"type": "Polygon", "coordinates": [[[-52.304749488830566, -26.455608921830805], [-52.29693224131248, -26.44893439107572], [-52.294020652770996, -26.45197805735509], [-52.29711055755615, -26.453822320284942], [-52.29827239144561, -26.45416637207558], [-52.29894647009778, -26.4547499157496], [-52.30116605758667, -26.45558971120893], [-52.30278813241625, -26.45653549190084], [-52.30361223220825, -26.45658865929628], [-52.304749488830566, -26.455608921830805]]]}}, {"type": "Feature", "properties": {"cod_imovel": "SC-4200101-A5F4B24D924C44A5B95257B05015EB2E", "municipio": "Abelardo Luz", "num_area": 31.147, "mod_fiscal": 1.5573, "des_condic": "Aguardando analise", "ind_status": "AT", "dat_atuali": "05/06/2024"}, "geometry": {"type": "Polygon", "coordinates": [[[-52.40419268111361, -26.44851251460748], [-52.40239992614896, -26.44685136767623], [-52.40149951169987, -26.44889699504884], [-52.40255162887525, -26.44943895208764], [-52.4039696095321, -26.45404187582782], [-52.40970146663942, -26.45424242194743], [-52.4081716832323, -26.45087833746516], [-52.40657578875548, -26.44992753958123], [-52.40477889944577, -26.44922359812344], [-52.40419268111361, -26.44851251460748]]]}}, {"type": "Feature", "properties": {"cod_imovel": "SC-4200101-911BAD52546448E5BD3C357A281CC2BD", "municipio": "Abelardo Luz", "num_area": 311.0066, "mod_fiscal": 15.5503, "des_condic": "Aguardando analise", "ind_status": "AT", "dat_atuali": "29/05/2024"}, "geometry": {"type": "Polygon", "coordinates": [[[-52.3700007341667, -26.4760211722222], [-52.3618037113889, -26.4842296116666], [-52.3841799480556, -26.49819847583329], [-52.3839413080556, -26.4964973288889], [-52.3843577030556, -26.4966021788889], [-52.3841796, -26.4948871738889], [-52.38433696638891, -26.4929290108333], [-52.3838740966667, -26.4888080038889], [-52.38298453361109, -26.4871219158333], [-52.3826053986111, -26.4852479747222], [-52.3828742880556, -26.4839635819445], [-52.3826217569444, -26.4820128097222], [-52.382927325, -26.4810785938889], [-52.37942172, -26.4789967836111], [-52.37884779527781, -26.4783907016667], [-52.3780240841667, -26.4768035644444], [-52.3773471672222, -26.4760668425], [-52.3763680991667, -26.4753484094444], [-52.37319727027781, -26.4744955152778], [-52.3710398072222, -26.4741601502778], [-52.3700007341667, -26.4760211722222]]]}}, {"type": "Feature", "properties": {"cod_imovel": "SC-4200101-B772985F342D48CD82EB24E0293C394B", "municipio": "Abelardo Luz", "num_area": 11.3976, "mod_fiscal": 0.5699, "des_condic": "Aguardando analise", "ind_status": "AT", "dat_atuali": "05/04/2024"}, "geometry": {"type": "Polygon", "coordinates": [[[-52.25687444, -26.4636283292467], [-52.25166028, -26.4645724992466], [-52.25230944, -26.4662672192466], [-52.25590806, -26.4665341692466], [-52.25687444, -26.4636283292467]]]}}, {"type": "Feature", "properties": {"cod_imovel": "SC-4200101-B5CC4073FE324C5697AE671FE7EE88CB", "municipio": "Abelardo Luz", "num_area": 23.7779, "mod_fiscal": 1.1889, "des_condic": "Aguardando analise", "ind_status": "AT", "dat_atuali": "05/04/2024"}, "geometry": {"type": "Polygon", "coordinates": [[[-52.24730944, -26.4598205592467], [-52.24708417, -26.4599366692467], [-52.24676778, -26.4607949992467], [-52.24646528, -26.4611749992467], [-52.24485389, -26.4623902792467], [-52.24865583, -26.4653366692466], [-52.25301333, -26.4642180592467], [-52.252905, -26.4639016692467], [-52.24987667, -26.4615044392467], [-52.24884722, -26.4611044392467], [-52.24730944, -26.4598205592467]]]}}, {"type": "Feature", "properties": {"cod_imovel": "SC-4200101-4E4DC905E6A843418496BDFC62BBE020", "municipio": "Abelardo Luz", "num_area": 9.8994, "mod_fiscal": 0.495, "des_condic": "Aguardando analise", "ind_status": "AT", "dat_atuali": "20/03/2024"}, "geometry": {"type": "Polygon", "coordinates": [[[-52.3808881166667, -26.4617067353527], [-52.3764113527778, -26.4602566825749], [-52.3757223777778, -26.4622516992415], [-52.377724875, -26.4635780297971], [-52.3808881166667, -26.4617067353527]]]}}, {"type": "Feature", "properties": {"cod_imovel": "SC-4200101-D55ACFBFB10D4240B43B909DBD288199", "municipio": "Abelardo Luz", "num_area": 23.5722, "mod_fiscal": 1.1786, "des_condic": "Aguardando analise", "ind_status": "AT", "dat_atuali": "20/03/2024"}, "geometry": {"type": "Polygon", "coordinates": [[[-52.3965897333333, -26.4619535770193], [-52.3886673472222, -26.4633116409082], [-52.3912750194444, -26.466152454797], [-52.3947816805556, -26.4665049770192], [-52.3965897333333, -26.4619535770193]]]}}, {"type": "Feature", "properties": {"cod_imovel": "SC-4200101-31C764033ECE48428A7407633D63BFD3", "municipio": "Abelardo Luz", "num_area": 68.4739, "mod_fiscal": 3.4237, "des_condic": "Aguardando analise", "ind_status": "AT", "dat_atuali": "20/03/2024"}, "geometry": {"type": "Polygon", "coordinates": [[[-52.3887816583333, -26.454378007575], [-52.388291425, -26.454771982575], [-52.388698875, -26.4550156964639], [-52.3890710277778, -26.4549122159084], [-52.3891977277778, -26.4551027047972], [-52.3891131861111, -26.4560392631306], [-52.3880943, -26.4561327714639], [-52.3874611055556, -26.4566137159083], [-52.3872667527778, -26.457098982575], [-52.3874936611111, -26.4573683853528], [-52.3871445722222, -26.4585416631305], [-52.3872393166667, -26.4588974714638], [-52.38670265, -26.4591885075749], [-52.3868959305556, -26.4593036020194], [-52.3868259777778, -26.4594338575749], [-52.3860998861111, -26.4597123131305], [-52.3859939138889, -26.4595961159083], [-52.3853500222222, -26.4597143325749], [-52.3886673472222, -26.4633116409082], [-52.3965897333333, -26.4619535770193], [-52.3977548361111, -26.4589652103527], [-52.3931802972222, -26.4572683047972], [-52.392612325, -26.4558648659083], [-52.3887816583333, -26.454378007575]]]}}, {"type": "Feature", "properties": {"cod_imovel": "SC-4200101-85BCE68CF64A47C195D6E5848F7AC4DA", "municipio": "Abelardo Luz", "num_area": 21.2369, "mod_fiscal": 1.0618, "des_condic": "Aguardando analise", "ind_status": "AT", "dat_atuali": "20/03/2024"}, "geometry": {"type": "Polygon", "coordinates": [[[-52.3856512888889, -26.4632522659082], [-52.3808881166667, -26.4617067353527], [-52.377724875, -26.4635780297971], [-52.3790882388889, -26.4644810103526], [-52.3852779722222, -26.465549854797], [-52.3850169111111, -26.4652916770193], [-52.3856410527778, -26.4650450159082], [-52.3855418833333, -26.4646480103526], [-52.3859123666667, -26.4647482270193], [-52.3863734305556, -26.4645197742415], [-52.3862615861111, -26.4640957825748], [-52.3863966611111, -26.4634996659082], [-52.3867165166667, -26.4632052909082], [-52.3864439, -26.4629828603526], [-52.3861954833333, -26.4634884381304], [-52.3860450666667, -26.4634955492415], [-52.3856512888889, -26.4632522659082]]]}}, {"type": "Feature", "properties": {"cod_imovel": "SC-4200101-162C2C780898405F9515F1D51CF0905B", "municipio": "Abelardo Luz", "num_area": 25.2538, "mod_fiscal": 1.2627, "des_condic": "Aguardando analise", "ind_status": "AT", "dat_atuali": "19/03/2024"}, "geometry": {"type": "Polygon", "coordinates": [[[-52.3949768194444, -26.4660346714637], [-52.3923053138889, -26.4722945881302], [-52.3929298027778, -26.4726638686858], [-52.3929881583333, -26.4729818297969], [-52.3934271027778, -26.4731391242413], [-52.3933335277778, -26.473356690908], [-52.3938195166667, -26.4734979714635], [-52.3939969638889, -26.4740396492413], [-52.3937060916667, -26.4741327547969], [-52.3936834444444, -26.474281165908], [-52.3939581638889, -26.4744615631302], [-52.3938022194444, -26.4749134492413], [-52.3939986, -26.4748062686857], [-52.3941014, -26.4750858353524], [-52.3945102527778, -26.4751327853524], [-52.39456495, -26.4755010742413], [-52.3947171805556, -26.4755350131302], [-52.3952920527778, -26.4753185103524], [-52.3967966777778, -26.4660864770192], [-52.3949768194444, -26.4660346714637]]]}}, {"type": "Feature", "properties": {"cod_imovel": "SC-4200101-606ACC43ECCB48D4A5EEA6249F7796C0", "municipio": "Abelardo Luz", "num_area": 46.7862, "mod_fiscal": 2.3393, "des_condic": "Aguardando analise", "ind_status": "AT", "dat_atuali": "05/10/2023"}, "geometry": {"type": "Polygon", "coordinates": [[[-52.40556028, -26.5049558292458], [-52.39106722, -26.494908889246], [-52.39038389, -26.495295279246], [-52.39254667, -26.499367499246], [-52.40446083, -26.5067174992458], [-52.4047725, -26.5070624992458], [-52.40558278, -26.5073730592458], [-52.40550028, -26.5062338892458], [-52.40508333, -26.5060233292458], [-52.40516889, -26.5051119392458], [-52.40556028, -26.5049558292458]]]}}, {"type": "Feature", "properties": {"cod_imovel": "SC-4200101-6B58AFE39CCA441EB1E8319A98C2430A", "municipio": "Abelardo Luz", "num_area": 47.7544, "mod_fiscal": 2.3877, "des_condic": "Aguardando analise", "ind_status": "AT", "dat_atuali": "05/10/2023"}, "geometry": {"type": "Polygon", "coordinates": [[[-52.40645972, -26.5029274992459], [-52.39480139, -26.4940530592461], [-52.39283528, -26.4943458292461], [-52.39182389, -26.4942866692461], [-52.39106722, -26.494908889246], [-52.40585333, -26.5050747192458], [-52.40599028, -26.50569582924579], [-52.40634639, -26.5057086092458], [-52.40666944, -26.5048830592458], [-52.40662278, -26.5046422192458], [-52.40696111, -26.5042616692459], [-52.40688778, -26.5039191692459], [-52.40659861, -26.5037424992459], [-52.40645972, -26.5029274992459]]]}}, {"type": "Feature", "properties": {"cod_imovel": "SC-4200101-0E2785C57F4E4EA5B1C0E1F4DD56A88F", "municipio": "Abelardo Luz", "num_area": 298.9773, "mod_fiscal": 14.9489, "des_condic": "Aguardando analise", "ind_status": "AT", "dat_atuali": "25/08/2023"}, "geometry": {"type": "Polygon", "coordinates": [[[-52.3618105222222, -26.4842268020189], [-52.3597315333333, -26.4855602047966], [-52.3502078666667, -26.4887917603521], [-52.3423381722222, -26.4920298714632], [-52.3420082444444, -26.4923726353521], [-52.3424949583333, -26.4926745131298], [-52.3438656638889, -26.4928466075743], [-52.3439626583333, -26.493388885352], [-52.3442859555556, -26.4935225297965], [-52.3454588361111, -26.4930923714632], [-52.3458820666667, -26.4931583547965], [-52.3467383333333, -26.4941108270187], [-52.3476341388889, -26.494693010352], [-52.3479037611111, -26.4957504992409], [-52.3473734, -26.4977468714631], [-52.3469701527778, -26.4980118686853], [-52.3453210611111, -26.4975182964631], [-52.3440965833333, -26.4973912770186], [-52.3435130638889, -26.4976942631297], [-52.3433030583333, -26.498912421463], [-52.3434137138889, -26.4994730575741], [-52.3437262361111, -26.4997622159075], [-52.3447837138889, -26.5001559825741], [-52.3452204611111, -26.5001499436852], [-52.3455710277778, -26.5004211353519], [-52.3456961694444, -26.5007221131297], [-52.3454247722222, -26.5020633381296], [-52.3464362555556, -26.5028960103518], [-52.3466749694444, -26.5039125797963], [-52.3462539722222, -26.5043137020185], [-52.3457577861111, -26.5042410242407], [-52.3445908083333, -26.5045696297963], [-52.3434911166667, -26.5052668909074], [-52.3433157111111, -26.5060603103518], [-52.3437379111111, -26.5066744520184], [-52.3446599083333, -26.5068512409073], [-52.3452884638889, -26.5072176436851], [-52.3464893472222, -26.5073724436851], [-52.3469055666667, -26.507785882574], [-52.3474811666667, -26.5064819186851], [-52.3482921444444, -26.5058735436851], [-52.3483608055556, -26.5056560409073], [-52.3491815277778, -26.5053475159074], [-52.3501561805556, -26.5047288159074], [-52.3508019, -26.5047607020185], [-52.3510981194444, -26.5056408409073], [-52.35157185, -26.5059144797962], [-52.3517882694444, -26.5057967214629], [-52.3517907138889, -26.5054663214629], [-52.3520041388889, -26.5052318881296], [-52.3535854861111, -26.5054006992407], [-52.3567473833333, -26.4976190770186], [-52.3569906583333, -26.4965060159075], [-52.3573229583333, -26.4962408159075], [-52.35961635, -26.4964960631298], [-52.3602296055556, -26.4956295881298], [-52.3607958055556, -26.4955867992409], [-52.3611930972222, -26.4953640520187], [-52.3616211222222, -26.4947483964631], [-52.3619578416667, -26.4945675270187], [-52.3620110027778, -26.4939015242409], [-52.3626422361111, -26.4929756686854], [-52.3638131777778, -26.4925766714632], [-52.3647558805556, -26.4925874853521], [-52.3654729361111, -26.4914979714632], [-52.3659009694444, -26.4912663325743], [-52.3657568638889, -26.4902649797965], [-52.3659672222222, -26.4901660714632], [-52.36607185, -26.4896778714632], [-52.3667155722222, -26.489204374241], [-52.3669013194444, -26.488674899241], [-52.3675765361111, -26.4883838686855], [-52.3680175305556, -26.4884450659077], [-52.3680663944444, -26.4881574547966], [-52.3618105222222, -26.4842268020189]]]}}, {"type": "Feature", "properties": {"cod_imovel": "SC-4200101-0DC064EF464A4DD0BB7DA6B80961F06A", "municipio": "Abelardo Luz", "num_area": 8.5116, "mod_fiscal": 0.4256, "des_condic": "Aguardando analise", "ind_status": "AT", "dat_atuali": "24/08/2023"}, "geometry": {"type": "Polygon", "coordinates": [[[-52.45110000964, -26.4498959224431], [-52.4497827174822, -26.4501674833854], [-52.4489530365277, -26.4529400426613], [-52.4495459043729, -26.4529840408175], [-52.45102035740171, -26.4526703513376], [-52.45116237714339, -26.4529510191921], [-52.4515363418437, -26.4529334981268], [-52.45281267307429, -26.4510662694752], [-52.4524729144457, -26.4510119478845], [-52.45110000964, -26.4498959224431]]]}}, {"type": "Feature", "properties": {"cod_imovel": "SC-4200101-C09C8D0DFD614C32A6E8414B2A6EDDA4", "municipio": "Abelardo Luz", "num_area": 4.2363, "mod_fiscal": 0.2118, "des_condic": "Aguardando analise", "ind_status": "AT", "dat_atuali": "24/08/2023"}, "geometry": {"type": "Polygon", "coordinates": [[[-52.4503907579594, -26.4478374427573], [-52.4497544624432, -26.4500334403129], [-52.45114641896259, -26.4497659961937], [-52.4525719141165, -26.4509092010725], [-52.45281121468, -26.450910108016], [-52.4537486242654, -26.4496490859867], [-52.453249076619, -26.4494881518062], [-52.4529893328201, -26.4496800106777], [-52.4520497158525, -26.449750318708], [-52.4508268438453, -26.4486970410697], [-52.4506837057713, -26.448126509597], [-52.4503907579594, -26.4478374427573]]]}}, {"type": "Feature", "properties": {"cod_imovel": "SC-4200101-571FC4AEAF2344DC92475EF70E338E02", "municipio": "Abelardo Luz", "num_area": 216.3511, "mod_fiscal": 10.8176, "des_condic": "Aguardando analise", "ind_status": "AT", "dat_atuali": "22/08/2023"}, "geometry": {"type": "Polygon", "coordinates": [[[-52.4282360715416, -26.4731348120159], [-52.42544083, -26.4669577792466], [-52.40879196248321, -26.4881091444541], [-52.40953595069169, -26.4904779508081], [-52.4096691363853, -26.4922177859644], [-52.4110879694806, -26.4941093963062], [-52.4120233702273, -26.4972656633901], [-52.4123246856673, -26.4971527255912], [-52.4125587241554, -26.4973142594481], [-52.4125308514362, -26.49709426258829], [-52.41271163465219, -26.4971261457599], [-52.4129716346328, -26.4968262935279], [-52.412787441001, -26.4963021708888], [-52.41304385416301, -26.4961931969547], [-52.41282752348041, -26.4959371503606], [-52.4130983552813, -26.4957848817947], [-52.41324472275469, -26.496005330041], [-52.4133219783519, -26.4959234973087], [-52.4130823831387, -26.4955535729813], [-52.41433004142791, -26.4953217524893], [-52.41461720839381, -26.4954304868318], [-52.4145810319936, -26.4952618493361], [-52.4142361401499, -26.4950927508861], [-52.4143771912153, -26.4949033989222], [-52.4147715229969, -26.4948659074769], [-52.414418271591, -26.4947678490175], [-52.4147326518364, -26.4945755147976], [-52.414453267502, -26.4946188180525], [-52.4143580428682, -26.4943964197426], [-52.4146444063616, -26.494406942103], [-52.4144762189075, -26.494321854291], [-52.41454034609, -26.4939627337896], [-52.4147826985799, -26.4938612988811], [-52.4144170682207, -26.4937516271917], [-52.414346393265, -26.4933053725242], [-52.41450314615101, -26.493112163542], [-52.4141606286615, -26.4930627467599], [-52.41411200288571, -26.4927702838203], [-52.4143115219588, -26.4927268701059], [-52.4140352772484, -26.4926492620851], [-52.413970570677, -26.4924364010582], [-52.4142333198205, -26.4923458689742], [-52.4139026508774, -26.4922642861881], [-52.4141188986582, -26.4920138852839], [-52.4138525473691, -26.4918509584986], [-52.4141088442017, -26.4917087625884], [-52.4140272548215, -26.49141157072039], [-52.4144533377466, -26.4912970315139], [-52.4144394701732, -26.4911722273111], [-52.41421366237171, -26.4912315193396], [-52.41421693782441, -26.4909909019828], [-52.41457998803, -26.4907020326161], [-52.414423260536, -26.490659350832], [-52.4142945642038, -26.4903166755554], [-52.4144653025559, -26.4899467486697], [-52.414249759063, -26.4899346211057], [-52.4143205734817, -26.4896793417009], [-52.4141339546029, -26.4895877554551], [-52.41446808337709, -26.4892887010112], [-52.4141708486163, -26.4893807486359], [-52.4141727655276, -26.4891110758788], [-52.4144709973823, -26.4888628412876], [-52.4141579522439, -26.4885071873528], [-52.41445348194231, -26.4885055227707], [-52.414420458357, -26.4881925930528], [-52.4146846895946, -26.4883141035159], [-52.4148068541409, -26.4877545368865], [-52.4157205752219, -26.4874670662851], [-52.41596753813941, -26.4876366821006], [-52.4158662372581, -26.4878269952963], [-52.4160135448684, -26.4879936274008], [-52.4161396959899, -26.4879646611478], [-52.4160354757409, -26.4877038051997], [-52.416356162157, -26.4876512424587], [-52.416221634142, -26.4874468389098], [-52.4169633658524, -26.4864366040628], [-52.4168925219297, -26.4860669059088], [-52.41722740178079, -26.4861005040689], [-52.4169489984687, -26.4858047261331], [-52.4169854870626, -26.4855651331469], [-52.4172650662969, -26.4856459527954], [-52.4170491991143, -26.4852221749687], [-52.41729298780431, -26.4853949797889], [-52.4172124666646, -26.4850460509914], [-52.41759415734541, -26.4845532370602], [-52.4174608261784, -26.4839636159756], [-52.4179288249536, -26.483931975499], [-52.4174616532052, -26.4837529041177], [-52.4174723022176, -26.4836232526411], [-52.41795876484551, -26.4836739408033], [-52.41816612523421, -26.4832898338388], [-52.4182968290142, -26.483231751808], [-52.4184079849944, -26.48339558115], [-52.41859302149451, -26.4831380814822], [-52.418547045513, -26.4833644985783], [-52.41880168899119, -26.4833511347371], [-52.419194000952, -26.4836836022696], [-52.4195509763921, -26.483646289604], [-52.4194510378787, -26.4835383206201], [-52.4195922637949, -26.4834058358632], [-52.41982986943229, -26.483499977454], [-52.4197608875014, -26.4837316791309], [-52.4201901111935, -26.4835081296801], [-52.420059308075, -26.4837050584552], [-52.420973616915, -26.48382821367399], [-52.42157818968519, -26.4841671374202], [-52.4217583829659, -26.4840057353909], [-52.4221207198459, -26.4841759066233], [-52.4221589458174, -26.4839398160444], [-52.4226447075758, -26.4838844212192], [-52.4227992010427, -26.483623880573], [-52.4231866291281, -26.4836972040695], [-52.42324324013251, -26.4831375626164], [-52.4234838081707, -26.4827226041965], [-52.42382693839781, -26.4827018491848], [-52.42383841351381, -26.4824362340896], [-52.42424639125449, -26.4825655915622], [-52.4242670494003, -26.482320738506], [-52.42400630463019, -26.4821235598288], [-52.42521538602819, -26.4821369512904], [-52.4253211451692, -26.48248887296], [-52.4256085046481, -26.4823303683306], [-52.42595561444839, -26.4824615925867], [-52.425966151468, -26.4826001506258], [-52.42688792519981, -26.4827432346298], [-52.4270023271932, -26.4823808082586], [-52.4271425182389, -26.4824009826252], [-52.4270020631953, -26.4823350411883], [-52.4271957682685, -26.4819607180035], [-52.4275345073741, -26.4819339495992], [-52.4274796308627, -26.4817549402812], [-52.42762068249269, -26.4816742678013], [-52.42723303748139, -26.4814367471241], [-52.42719382942191, -26.481088585144], [-52.426962181614, -26.480957022179], [-52.4270353044352, -26.4807613862621], [-52.4268177632071, -26.4806673269363], [-52.4268968388044, -26.4799542621858], [-52.4270630630945, -26.4799869956521], [-52.4273184976345, -26.4791852322551], [-52.4271376916371, -26.4791738595835], [-52.42721127440381, -26.4790399674834], [-52.4270347866046, -26.4788989157425], [-52.4272262940302, -26.4785989113123], [-52.42694284802391, -26.4784721088959], [-52.4272590813295, -26.4781669758786], [-52.4269413833134, -26.4781095766844], [-52.4270506224471, -26.4780037650921], [-52.4268898850681, -26.477813897104], [-52.4272326927728, -26.4775894757946], [-52.4270629063143, -26.47766610178889], [-52.4268137542911, -26.4773835918819], [-52.4269884017565, -26.4773025843731], [-52.42689778197169, -26.477088182733], [-52.4271161929147, -26.4767899859142], [-52.4274850661018, -26.4765970805441], [-52.427237395322, -26.4763613192632], [-52.4273836675135, -26.4762489984999], [-52.4271389663177, -26.4760668310454], [-52.4274561921894, -26.4759076634791], [-52.4270936161329, -26.4757328131223], [-52.4274292623255, -26.475733249381], [-52.42758302362621, -26.4756263603728], [-52.42738649964129, -26.4756495400182], [-52.4274495516251, -26.4752071909768], [-52.4277653550675, -26.4752661429282], [-52.4277283750489, -26.474919583479], [-52.42813843991101, -26.4749273987672], [-52.4280825410233, -26.4747303445447], [-52.4283220216801, -26.4744412336649], [-52.4283503264875, -26.4741746374187], [-52.42777249259569, -26.4733743455644], [-52.427856225684, -26.4731610896461], [-52.4282360715416, -26.4731348120159]]]}}, {"type": "Feature", "properties": {"cod_imovel": "SC-4200101-F2E58299645B46AFAB98E0EDDE94969D", "municipio": "Abelardo Luz", "num_area": 214.2546, "mod_fiscal": 10.7127, "des_condic": "Aguardando analise", "ind_status": "AT", "dat_atuali": "22/08/2023"}, "geometry": {"type": "Polygon", "coordinates": [[[-52.42544083, -26.4669577792466], [-52.4101909704162, -26.4664780139527], [-52.4062477876933, -26.4847531266328], [-52.4073289256004, -26.4852718499408], [-52.4080661813488, -26.4859310866277], [-52.40837450323241, -26.486403437966], [-52.4084849031077, -26.4874939653219], [-52.40879196248321, -26.4881091444541], [-52.42544083, -26.4669577792466]]]}}, {"type": "Feature", "properties": {"cod_imovel": "SC-4200101-B569CAF6BFE243B885F52EDCDA943541", "municipio": "Abelardo Luz", "num_area": 15.045, "mod_fiscal": 0.7522, "des_condic": "Aguardando analise", "ind_status": "AT", "dat_atuali": "21/08/2023"}, "geometry": {"type": "Polygon", "coordinates": [[[-52.4073387797561, -26.4793406178658], [-52.4050928994939, -26.4782399758167], [-52.4038509300771, -26.4836937676744], [-52.40543785161449, -26.4842368705769], [-52.4062477876933, -26.4847531266328], [-52.4073387797561, -26.4793406178658]]]}}, {"type": "Feature", "properties": {"cod_imovel": "SC-4200101-1D402F8FFD7E475DAA3E21FFBC201745", "municipio": "Abelardo Luz", "num_area": 7.1892, "mod_fiscal": 0.3595, "des_condic": "Aguardando analise", "ind_status": "AT", "dat_atuali": "19/06/2023"}, "geometry": {"type": "Polygon", "coordinates": [[[-52.46496968595, -26.4536181481881], [-52.4648979858233, -26.4538248006856], [-52.4645702506972, -26.4536992483502], [-52.4637465958265, -26.4537495777574], [-52.4633448149315, -26.4539467019663], [-52.462625824632, -26.4538591861152], [-52.4624692689698, -26.4553274874054], [-52.4627046295216, -26.4551667352498], [-52.4636353276049, -26.4553956186872], [-52.4639091319812, -26.4552216516459], [-52.4644098233349, -26.455311398756], [-52.4647928530403, -26.4550984850992], [-52.4652860939804, -26.4552810179103], [-52.4653861437619, -26.4551430445051], [-52.4660177523639, -26.4551484802441], [-52.4660983829259, -26.4549977060665], [-52.46629934210581, -26.4551777279977], [-52.4666685653396, -26.4550311226641], [-52.4667375397635, -26.4551635699903], [-52.4672480640646, -26.4552456230295], [-52.46722863081789, -26.4549705744263], [-52.4675489462557, -26.4551036894753], [-52.4677979090822, -26.454995961327], [-52.4672980313375, -26.4545511665425], [-52.4672545687387, -26.4541843745847], [-52.46704169176709, -26.4541876441866], [-52.466830474387, -26.4539420084385], [-52.4659334983431, -26.4539758608126], [-52.46496968595, -26.4536181481881]]]}}, {"type": "Feature", "properties": {"cod_imovel": "SC-4200101-5C526D71A1C64D85836EC4D0F1A4C2B7", "municipio": "Abelardo Luz", "num_area": 23.5704, "mod_fiscal": 1.1752, "des_condic": "Cancelado por decisao administrativa", "ind_status": "CA", "dat_atuali": "10/09/2020"}, "geometry": {"type": "Polygon", "coordinates": [[[-52.4586775, -26.44229889], [-52.4570004000698, -26.4404637632726], [-52.45128972000001, -26.44896611], [-52.45171583, -26.44948361], [-52.4523075, -26.44974528], [-52.45298472, -26.44966194], [-52.45326028, -26.44947306], [-52.4586775, -26.44229889]]]}}, {"type": "Feature", "properties": {"cod_imovel": "SC-4200101-DB380B56918D4FEFAFC093E1C505EE8C", "municipio": "Abelardo Luz", "num_area": 47.3558, "mod_fiscal": 2.3678, "des_condic": "Aguardando analise", "ind_status": "AT", "dat_atuali": "19/02/2021"}, "geometry": {"type": "Polygon", "coordinates": [[[-52.3499061166667, -26.477741602019], [-52.3497797638889, -26.4779181603523], [-52.3499347666667, -26.4779968964635], [-52.3494295805556, -26.4784755742412], [-52.3494277555556, -26.4787268242412], [-52.3492130194444, -26.478834252019], [-52.3490051472222, -26.4786752714634], [-52.3484024944444, -26.4790264631301], [-52.3485863194444, -26.479386552019], [-52.3489710972222, -26.4794556714634], [-52.3488998694444, -26.4797177853523], [-52.3491278861111, -26.4796530964634], [-52.3492676166667, -26.4797956686856], [-52.3490937777778, -26.4802607159079], [-52.348876175, -26.4802526409079], [-52.3489460972222, -26.4806696964634], [-52.3485884916667, -26.4805962103523], [-52.3480714583333, -26.4809131214634], [-52.3478098166667, -26.4808765992412], [-52.3480806388889, -26.4813029242412], [-52.3476782666667, -26.4814399547967], [-52.3478227694444, -26.4815934436856], [-52.3477436416667, -26.48173413813], [-52.3475149472222, -26.4816714520189], [-52.3477009416667, -26.4817802575745], [-52.3481147805556, -26.48174543813], [-52.3479444444444, -26.4818919520189], [-52.3480741333333, -26.4820800742412], [-52.3478634111111, -26.4821186992411], [-52.3476518222222, -26.4825431770189], [-52.3480585, -26.4833926659078], [-52.3477681277778, -26.4835496020189], [-52.3479651694444, -26.4837166603522], [-52.3481082222222, -26.4834404047967], [-52.3483635527778, -26.4838330186856], [-52.3486688861111, -26.4835225159078], [-52.3488390138889, -26.4837663714633], [-52.3490541583333, -26.4837816186856], [-52.3488315277778, -26.4841350547967], [-52.3491549055556, -26.4843072909078], [-52.3494302138889, -26.4840985214633], [-52.34967985, -26.4845793714633], [-52.3495706083333, -26.4847306242411], [-52.3497413, -26.4848615297967], [-52.3496340666667, -26.4848975520189], [-52.3492311194444, -26.4847097214633], [-52.3487397916667, -26.4847590075744], [-52.3487871055556, -26.4849699075744], [-52.3492479388889, -26.4852007603522], [-52.3492086194444, -26.4850115686855], [-52.3494188194444, -26.4849724492411], [-52.3494260722222, -26.4852912325744], [-52.3495742388889, -26.4853610159078], [-52.3493412555556, -26.4857095214633], [-52.3496474861111, -26.4860082075744], [-52.3498008055556, -26.4858155936855], [-52.349961875, -26.4858537020189], [-52.3499557972222, -26.4861674575744], [-52.3501355861111, -26.4862997825744], [-52.3500870333333, -26.4867406214633], [-52.3497995583333, -26.4866847325744], [-52.3495795277778, -26.4869508464633], [-52.3492728027778, -26.4867242353522], [-52.3487614527778, -26.4875197353522], [-52.3489109361111, -26.4878859686855], [-52.3495241611111, -26.4879999520188], [-52.349460125, -26.4889598686855], [-52.3524782777778, -26.4878701659077], [-52.3534831805556, -26.4779191381301], [-52.3499061166667, -26.477741602019]]]}}, {"type": "Feature", "properties": {"cod_imovel": "SC-4200101-0A191A7F1E8D4166A7BA498D1048B7E8", "municipio": "Abelardo Luz", "num_area": 360.0179, "mod_fiscal": 18.0009, "des_condic": "Aguardando analise", "ind_status": "AT", "dat_atuali": "07/07/2021"}, "geometry": {"type": "Polygon", "coordinates": [[[-52.3703936166667, -26.5089530797962], [-52.3750084972222, -26.5067950020184], [-52.3759805472222, -26.5057391714629], [-52.3771232861111, -26.5049291270185], [-52.3783616944444, -26.5044105992407], [-52.3792263805556, -26.5043189436852], [-52.3832913277778, -26.5019497020185], [-52.38282395, -26.4973453159075], [-52.3680413972222, -26.488120274241], [-52.3680175305556, -26.4884450659077], [-52.3675765361111, -26.4883838686855], [-52.3669013194444, -26.488674899241], [-52.3667155722222, -26.489204374241], [-52.36607185, -26.4896778714632], [-52.3659672333333, -26.4901660714632], [-52.3657568638889, -26.4902649797965], [-52.3659009694444, -26.4912663325743], [-52.3654729361111, -26.4914979714632], [-52.3647558805556, -26.4925874853521], [-52.3638131777778, -26.4925766714632], [-52.3626422361111, -26.4929756686854], [-52.3620110027778, -26.4939015242409], [-52.3619578416667, -26.4945675270187], [-52.3616211222222, -26.4947483964631], [-52.3611930972222, -26.4953640520187], [-52.3607958055556, -26.4955867992409], [-52.3602296055556, -26.4956295881298], [-52.3596163611111, -26.496496060352], [-52.3573229583333, -26.4962408159075], [-52.3569906583333, -26.4965060159075], [-52.3567473833333, -26.4976190770186], [-52.3535854861111, -26.5054006992407], [-52.3542424388889, -26.5051340770185], [-52.3545914083333, -26.505413882574], [-52.3560800944444, -26.5044594881296], [-52.3568031555556, -26.5044148881296], [-52.3571301138889, -26.5037358464629], [-52.3572228194444, -26.5027882853519], [-52.3574620944444, -26.5026143742407], [-52.3574062277778, -26.502099621463], [-52.3575632861111, -26.5016891742408], [-52.3580131111111, -26.5014879797963], [-52.3581983722222, -26.5012194131297], [-52.3645312611111, -26.504807732574], [-52.3703936166667, -26.5089530797962]]]}}, {"type": "Feature", "properties": {"cod_imovel": "SC-4200101-00F24DA5A19243CAAF6889E972107FDD", "municipio": "Abelardo Luz", "num_area": 51.1312, "mod_fiscal": 2.5566, "des_condic": "Aguardando analise", "ind_status": "AT", "dat_atuali": "07/07/2021"}, "geometry": {"type": "Polygon", "coordinates": [[[-52.3750084972222, -26.5067950020184], [-52.3703936166667, -26.5089530797962], [-52.37448305, -26.511844443685], [-52.3771038916667, -26.506331107574], [-52.38503, -26.506230832574], [-52.3841866694444, -26.4981955520186], [-52.38282395, -26.4973453159075], [-52.3832913277778, -26.5019497020185], [-52.3792263805556, -26.5043189436852], [-52.3783616944444, -26.5044105992407], [-52.3771232861111, -26.5049291270185], [-52.3759805472222, -26.5057391714629], [-52.3750084972222, -26.5067950020184]]]}}, {"type": "Feature", "properties": {"cod_imovel": "SC-4200101-E4EC28FAFDA04259AE7D0B02C5A98CDE", "municipio": "Abelardo Luz", "num_area": 4.1736, "mod_fiscal": 0.2087, "des_condic": "Aguardando analise", "ind_status": "AT", "dat_atuali": "19/01/2021"}, "geometry": {"type": "Polygon", "coordinates": [[[-52.3489109638889, -26.4878859770188], [-52.3483810722222, -26.4887997770188], [-52.3474351222222, -26.4887696297966], [-52.3456887083333, -26.4894911464632], [-52.3456812027778, -26.4899891047965], [-52.3453953833333, -26.4906171047965], [-52.349460125, -26.4889598686855], [-52.3495241611111, -26.4879999520188], [-52.3489109638889, -26.4878859770188]]]}}, {"type": "Feature", "properties": {"cod_imovel": "SC-4200101-DE7A498D1C5946AC96CD964B18462BCA", "municipio": "Abelardo Luz", "num_area": 12.3108, "mod_fiscal": 0.6155, "des_condic": "Aguardando analise", "ind_status": "AT", "dat_atuali": "24/03/2021"}, "geometry": {"type": "Polygon", "coordinates": [[[-52.40586159611305, -26.43884901387332], [-52.40744392932514, -26.43502509457137], [-52.40461912075091, -26.43474137124864], [-52.40296478299503, -26.43815424878586], [-52.40586159611305, -26.43884901387332]]]}}, {"type": "Feature", "properties": {"cod_imovel": "SC-4200101-A95E47A52FB2401CBCCDD91B4A76767F", "municipio": "Abelardo Luz", "num_area": 30.1337, "mod_fiscal": 1.5067, "des_condic": "Aguardando analise", "ind_status": "AT", "dat_atuali": "26/01/2022"}, "geometry": {"type": "Polygon", "coordinates": [[[-52.29096676436895, -26.45739956324638], [-52.2898698796722, -26.45580124261958], [-52.2874946847716, -26.45724016976167], [-52.2839922484031, -26.45876692708331], [-52.28421726511176, -26.45890872525599], [-52.28492494290243, -26.45882924379453], [-52.28589854746964, -26.4590470523302], [-52.28726277078131, -26.45995837501152], [-52.28747408430733, -26.46040882874595], [-52.28719686972691, -26.46148992660105], [-52.28731264351887, -26.46213800196968], [-52.28931494081895, -26.4637072972455], [-52.28936397797798, -26.4613829997572], [-52.29061179113535, -26.46145401267232], [-52.2915738394296, -26.46108692404822], [-52.29183242797375, -26.46130425754231], [-52.29176561015534, -26.4614705701566], [-52.29207713352655, -26.46156691087148], [-52.29237037831394, -26.46139485077364], [-52.29183664959778, -26.45931203108538], [-52.29096676436895, -26.45739956324638]]]}}, {"type": "Feature", "properties": {"cod_imovel": "SC-4200101-9F3FCF1907544B5790D3AC38111C4587", "municipio": "Abelardo Luz", "num_area": 29.8158, "mod_fiscal": 1.4889, "des_condic": "Aguardando analise", "ind_status": "AT", "dat_atuali": "22/07/2021"}, "geometry": {"type": "Polygon", "coordinates": [[[-52.31169476059964, -26.43888679135798], [-52.31061761119435, -26.43893851149859], [-52.30922546053181, -26.44008717941779], [-52.30948130126273, -26.44511488178222], [-52.30853494936135, -26.44589705392781], [-52.30997705819451, -26.44967079501341], [-52.31061117357412, -26.44953374151877], [-52.3111699106563, -26.44965001504403], [-52.31160657794626, -26.44904415235211], [-52.31211512526537, -26.44879299377139], [-52.31169476059964, -26.43888679135798]]]}}, {"type": "Feature", "properties": {"cod_imovel": "SC-4200101-AB103D4F319F41AEB91D2F6096678EDE", "municipio": "Abelardo Luz", "num_area": 251.3223, "mod_fiscal": 12.5661, "des_condic": "Aguardando analise", "ind_status": "AT", "dat_atuali": "18/12/2019"}, "geometry": {"type": "Polygon", "coordinates": [[[-52.390383832791365, -26.49529517606572], [-52.38879018896482, -26.496126719871608], [-52.38758074454418, -26.496355708226645], [-52.387151178443574, -26.49680166986117], [-52.38641506785549, -26.497090413589955], [-52.38592137779556, -26.497101880766774], [-52.38394812169157, -26.4964945229455], [-52.38587659761754, -26.51322665669197], [-52.39838142166182, -26.508985257400198], [-52.40323052053257, -26.514760869931223], [-52.404038298766814, -26.514012235284955], [-52.40419205322752, -26.514135645226812], [-52.40424641819909, -26.51471210724471], [-52.40610077194045, -26.51471118032023], [-52.406729025559514, -26.514511127422182], [-52.407120327189254, -26.513864477850014], [-52.40742151790605, -26.51388390357671], [-52.40758337851697, -26.513556727214073], [-52.408492653598024, -26.51308989119993], [-52.40862950962012, -26.512692410240998], [-52.40825214077755, -26.512598106165683], [-52.407691190289896, -26.51199325343331], [-52.40640017869299, -26.511635975381857], [-52.40635140586948, -26.511221928285355], [-52.406136209334825, -26.511157489517316], [-52.40593676241061, -26.51052080891806], [-52.40646896974655, -26.510739446165587], [-52.40729778542527, -26.510407732628845], [-52.40803358291347, -26.509364522030573], [-52.40792811360262, -26.509155410250116], [-52.40759548461316, -26.50906899489752], [-52.40683515859488, -26.50950420361768], [-52.40595931711062, -26.508862627640404], [-52.40537616204018, -26.509134136754586], [-52.40464883333033, -26.509149037081283], [-52.40325247201695, -26.50861895844483], [-52.40363357614146, -26.50831616145265], [-52.40392248293856, -26.507182009190025], [-52.403693566818006, -26.506563507219287], [-52.40413589507809, -26.506540088034114], [-52.39157015503088, -26.498933687696848], [-52.390383832791365, -26.49529517606572]]]}}, {"type": "Feature", "properties": {"cod_imovel": "SC-4200101-4F9A6D6B9FA2433388DB0EBC116A5851", "municipio": "Abelardo Luz", "num_area": 74.4337, "mod_fiscal": 3.7217, "des_condic": "Aguardando analise", "ind_status": "AT", "dat_atuali": "27/01/2022"}, "geometry": {"type": "Polygon", "coordinates": [[[-52.32432141580571, -26.44311185462992], [-52.32489662887787, -26.44206158525322], [-52.32204443066945, -26.44288373359092], [-52.3213190659548, -26.44279951673722], [-52.31984411612892, -26.4421593850095], [-52.31948482667783, -26.44148006509777], [-52.31918979005444, -26.44136949858327], [-52.31924833455579, -26.44121291169496], [-52.31903905374394, -26.44121498602748], [-52.31913355157683, -26.44109488741416], [-52.31857795982206, -26.44093089345428], [-52.31841034290338, -26.44102842428681], [-52.31846323927876, -26.44126879049921], [-52.31818714957623, -26.4411890053441], [-52.31752104939957, -26.4413604307376], [-52.3170266649266, -26.44093934954283], [-52.31697160655546, -26.4414075775694], [-52.3165859240859, -26.44155611636731], [-52.31569142260684, -26.44241908294848], [-52.31521213964049, -26.44252251311745], [-52.31507449388406, -26.44299939079102], [-52.31480534878817, -26.44310338269383], [-52.31469301865872, -26.44350712784988], [-52.31453695507507, -26.44354346984057], [-52.31452469031105, -26.44412289924056], [-52.31426421922583, -26.44426572643778], [-52.31464723151586, -26.44501866248995], [-52.3146054991221, -26.4453148805575], [-52.31415799766067, -26.44547843505567], [-52.3142175528592, -26.44579649754111], [-52.3131254555672, -26.44607440523362], [-52.31332445920027, -26.44625682893639], [-52.31308640880601, -26.44629278041878], [-52.31313085313612, -26.44657253862992], [-52.31339843406175, -26.44672286625621], [-52.31343664939601, -26.4470571164961], [-52.31335782927556, -26.44741886590189], [-52.31302029076017, -26.44767099364574], [-52.31265625705549, -26.44852316144295], [-52.31205728993997, -26.44858195421695], [-52.31190788055711, -26.44901232727499], [-52.31095464147224, -26.44921991650534], [-52.3112438163602, -26.44936530694574], [-52.3109924645361, -26.44938909106579], [-52.3109115240178, -26.44979628451074], [-52.31070146155357, -26.44960477235702], [-52.31034294941421, -26.44971350155613], [-52.31019075377554, -26.44949778995029], [-52.30968219991157, -26.44958990140129], [-52.30904742130806, -26.44940597972911], [-52.30849628161576, -26.44975295447213], [-52.30841230765615, -26.44996585672301], [-52.30885620937921, -26.45017192344436], [-52.309136094791, -26.45071902066874], [-52.30910534566691, -26.45099706734677], [-52.30997314287917, -26.45099512666126], [-52.31004634943366, -26.45125789828878], [-52.30976088234915, -26.45149681484136], [-52.30970684116408, -26.45179091641214], [-52.31122598468804, -26.45154840782919], [-52.31202603413169, -26.45248176889938], [-52.3128743977984, -26.4518818905191], [-52.31342087982503, -26.45085787222042], [-52.31504748040537, -26.44946881450643], [-52.31643542421343, -26.44939989735523], [-52.31645850529128, -26.44928616789222], [-52.31742825728927, -26.44945017279159], [-52.31877561245177, -26.44890310795245], [-52.32096593617182, -26.44542166728194], [-52.32030997453293, -26.44522501636433], [-52.32068498332939, -26.44456649132699], [-52.32161316781085, -26.44414668391906], [-52.32269096475774, -26.44521798043748], [-52.32354216539696, -26.44436098739158], [-52.3245530349407, -26.44425245092772], [-52.32423399107977, -26.44380095086571], [-52.32432141580571, -26.44311185462992]]]}}, {"type": "Feature", "properties": {"cod_imovel": "SC-4200101-BFD14E3B090C409395DDCF374C31A1BB", "municipio": "Abelardo Luz", "num_area": 26.3, "mod_fiscal": 1.315, "des_condic": "Aguardando analise", "ind_status": "AT", "dat_atuali": "27/01/2022"}, "geometry": {"type": "Polygon", "coordinates": [[[-52.31614546303756, -26.45882811971306], [-52.31288686061555, -26.45350456693433], [-52.31122583696926, -26.45154857441324], [-52.30970600455996, -26.45179177709736], [-52.31000512560336, -26.4520638266754], [-52.30984296339313, -26.45226777432061], [-52.30991639968516, -26.45243354492662], [-52.3100996386883, -26.45230489580708], [-52.31015461322006, -26.45249658578472], [-52.30997709682839, -26.45272332145901], [-52.31020872335669, -26.45303865943749], [-52.30995114618989, -26.45324749400891], [-52.31037867707668, -26.45355571471072], [-52.31067032818383, -26.45335289183812], [-52.31076071740814, -26.45346318260009], [-52.31078195162353, -26.45412360914353], [-52.31062224624026, -26.45421334909235], [-52.31068732718106, -26.4544511829728], [-52.3104825746581, -26.45455666389313], [-52.31062194130816, -26.45468710549238], [-52.31031157783645, -26.45502087508575], [-52.31074068350497, -26.45485419297226], [-52.31080319871774, -26.4546575648979], [-52.31103083019333, -26.45490490934909], [-52.31081022644984, -26.45503705710032], [-52.31087001350281, -26.45521335453484], [-52.31118784811996, -26.45508377087761], [-52.31093900118969, -26.45530418254187], [-52.31125994391229, -26.45560476738784], [-52.31081889823055, -26.45591706506355], [-52.31091171912652, -26.4560475023374], [-52.31111734303195, -26.45599070175979], [-52.31152271176985, -26.45653025000636], [-52.31125562889763, -26.45697552999158], [-52.31140952157227, -26.45706738692994], [-52.31165092135405, -26.45687288004255], [-52.31146604553154, -26.45714955689642], [-52.31143850801276, -26.45765832164783], [-52.31151253924134, -26.45781439764151], [-52.31226521360111, -26.45810041926118], [-52.31225467723576, -26.45830987158682], [-52.31245702091717, -26.45827402188486], [-52.31279601541828, -26.45882258702519], [-52.31245990932926, -26.45932792737776], [-52.31285231302775, -26.45928042785918], [-52.31305333518235, -26.45999309515483], [-52.31272051367093, -26.46008303262847], [-52.31270247382362, -26.4604654648948], [-52.31294713599173, -26.46041338347425], [-52.31292864956369, -26.46055410284162], [-52.31314707850548, -26.46062567697481], [-52.31326992346996, -26.46022585855121], [-52.3137217075726, -26.46022025246399], [-52.31382505423777, -26.46035683463529], [-52.31614546303756, -26.45882811971306]]]}}, {"type": "Feature", "properties": {"cod_imovel": "SC-4200101-AB6248E7A95B433C99F49DCCCE9DA6C3", "municipio": "Abelardo Luz", "num_area": 27.7716, "mod_fiscal": 1.3886, "des_condic": "Aguardando analise", "ind_status": "AT", "dat_atuali": "24/03/2015"}, "geometry": {"type": "Polygon", "coordinates": [[[-52.3776626586914, -26.45793338341961], [-52.37689018249512, -26.459047571509156], [-52.376503944396966, -26.460200168530275], [-52.38555908203124, -26.463120029334718], [-52.38577365875244, -26.462812679053673], [-52.38611698150635, -26.46027700792136], [-52.3776626586914, -26.45793338341961]]]}}, {"type": "Feature", "properties": {"cod_imovel": "SC-4200101-316CA1FA92C749D5878ABE12D44823AA", "municipio": "Abelardo Luz", "num_area": 86.8361, "mod_fiscal": 4.3418, "des_condic": "Cancelado por decisao administrativa", "ind_status": "CA", "dat_atuali": "01/05/2016"}, "geometry": {"type": "Polygon", "coordinates": [[[-52.24619770894808, -26.47761457867968], [-52.24147280373911, -26.48360263127526], [-52.24188196996659, -26.48469735656819], [-52.24276009167036, -26.4851911783274], [-52.24461357892972, -26.48505371292798], [-52.24480463694052, -26.4854030689546], [-52.24525550314437, -26.48564065270592], [-52.24535672069798, -26.48554310419997], [-52.24574187353707, -26.48569028392418], [-52.24571912515127, -26.48544425158815], [-52.24594824426028, -26.48510547446191], [-52.24653353793377, -26.48525206300898], [-52.24660180011307, -26.48553500237557], [-52.24690237978351, -26.48543297758549], [-52.24720987549706, -26.48558229433252], [-52.2474849709909, -26.48547573506941], [-52.24751947365419, -26.48529726456273], [-52.24792405237679, -26.48540953838193], [-52.24832743018053, -26.48590667851291], [-52.24857237104033, -26.48577288763978], [-52.24912662213369, -26.48608580838543], [-52.24902605090048, -26.48624635070794], [-52.24929323453988, -26.48621066698599], [-52.24939113502974, -26.48653028425457], [-52.24966499161295, -26.48647177744524], [-52.24978434933924, -26.48703676673401], [-52.25027814833264, -26.48736015281973], [-52.25037184971669, -26.48707442025328], [-52.25065397996283, -26.48721020374287], [-52.25076692231301, -26.48688960523115], [-52.25111328880021, -26.48705928920824], [-52.25109873378137, -26.48677914232238], [-52.25174577299611, -26.4870156877376], [-52.25184050768105, -26.48683783994775], [-52.25170500604157, -26.4866383542416], [-52.25244654926185, -26.48674851870529], [-52.25255321165835, -26.48705772352797], [-52.25618791685619, -26.48227165517654], [-52.24619770894808, -26.47761457867968]]]}}, {"type": "Feature", "properties": {"cod_imovel": "SC-4200101-32EAC7D509F14909B1FE77926846FD0B", "municipio": "Abelardo Luz", "num_area": 49.5152, "mod_fiscal": 2.4758, "des_condic": "Aguardando analise", "ind_status": "AT", "dat_atuali": "04/05/2016"}, "geometry": {"type": "Polygon", "coordinates": [[[-52.29688784295073, -26.44897882276463], [-52.30411277662882, -26.45516372168342], [-52.30437621443916, -26.45460522228911], [-52.30483583921294, -26.45476816712699], [-52.3049455363179, -26.45438234427784], [-52.30534017776812, -26.45464265912559], [-52.30621056642705, -26.45398179779853], [-52.30679371971814, -26.45423091693952], [-52.30766514092191, -26.45339102959716], [-52.30033241181506, -26.44530848155471], [-52.29688784295073, -26.44897882276463]]]}}, {"type": "Feature", "properties": {"cod_imovel": "SC-4200101-6C558123904A46E1AAFBD66AF9A0418D", "municipio": "Abelardo Luz", "num_area": 16.8144, "mod_fiscal": 0.8407, "des_condic": "Cancelado por decisao administrativa", "ind_status": "CA", "dat_atuali": "03/05/2016"}, "geometry": {"type": "Polygon", "coordinates": [[[-52.24803842418727, -26.47510990421104], [-52.25112225087045, -26.47537318041172], [-52.24977759465229, -26.46983669007528], [-52.24752158422135, -26.47029387990962], [-52.2482168917051, -26.47355778725305], [-52.24609522865503, -26.47363434295977], [-52.24616640815954, -26.47421001502474], [-52.24803842418727, -26.47510990421104]]]}}, {"type": "Feature", "properties": {"cod_imovel": "SC-4200101-D0E597E7A7644C61B9B6C7ED550BEC65", "municipio": "Abelardo Luz", "num_area": 9.6559, "mod_fiscal": 0.4828, "des_condic": "Cancelado por decisao administrativa", "ind_status": "CA", "dat_atuali": "03/05/2016"}, "geometry": {"type": "Polygon", "coordinates": [[[-52.25042095494436, -26.47777005589417], [-52.25276210272207, -26.47621049109169], [-52.25263401393154, -26.47550189298914], [-52.24804978582636, -26.47511058762399], [-52.24727212640201, -26.47607946009049], [-52.25042095494436, -26.47777005589417]]]}}, {"type": "Feature", "properties": {"cod_imovel": "SC-4200101-95ACC5EA034845E987FFE43AA453E996", "municipio": "Abelardo Luz", "num_area": 12.8534, "mod_fiscal": 0.6427, "des_condic": "Aguardando analise", "ind_status": "AT", "dat_atuali": "27/03/2023"}, "geometry": {"type": "Polygon", "coordinates": [[[-52.4385557055556, -26.4776093575746], [-52.4368685444444, -26.478219927019], [-52.4346535555556, -26.479439877019], [-52.4340538916667, -26.4817622242412], [-52.4376897166667, -26.4810788853523], [-52.4382922194444, -26.4804949992412], [-52.4386497194444, -26.4803730547967], [-52.4385557055556, -26.4776093575746]]]}}, {"type": "Feature", "properties": {"cod_imovel": "SC-4200101-496D6F2E34744E2890DD673042A6DF53", "municipio": "Abelardo Luz", "num_area": 6.2859, "mod_fiscal": 0.3143, "des_condic": "Cancelado por decisao administrativa", "ind_status": "CA", "dat_atuali": "03/05/2016"}, "geometry": {"type": "Polygon", "coordinates": [[[-52.24882432541585, -26.47884013675944], [-52.25041835572861, -26.47776734525827], [-52.24726110918133, -26.47608709946341], [-52.24619802879288, -26.47761768636513], [-52.24882432541585, -26.47884013675944]]]}}, {"type": "Feature", "properties": {"cod_imovel": "SC-4200101-50F5FE203F564B57977A63F101C95471", "municipio": "Abelardo Luz", "num_area": 15.6865, "mod_fiscal": 0.7843, "des_condic": "Cancelado por decisao administrativa", "ind_status": "CA", "dat_atuali": "03/05/2016"}, "geometry": {"type": "Polygon", "coordinates": [[[-52.24930794654484, -26.46725920913003], [-52.25292008832426, -26.46664549564977], [-52.25514729662039, -26.46645055419829], [-52.25466418287132, -26.46407790271853], [-52.25422466312043, -26.46417529734921], [-52.25282582603732, -26.46405471573716], [-52.25096763332431, -26.46485233846199], [-52.2485182798663, -26.46530555062096], [-52.24869752584263, -26.46683328955784], [-52.24930794654484, -26.46725920913003]]]}}, {"type": "Feature", "properties": {"cod_imovel": "SC-4200101-EA3911BEEC504E6FB0660175300EDD59", "municipio": "Abelardo Luz", "num_area": 14.1315, "mod_fiscal": 0.7066, "des_condic": "Aguardando analise", "ind_status": "AT", "dat_atuali": "02/05/2016"}, "geometry": {"type": "Polygon", "coordinates": [[[-52.43979069315602, -26.44796124138228], [-52.43969766799222, -26.4492359819941], [-52.44441149972528, -26.45101653042101], [-52.444889545440674, -26.45270808163002], [-52.44652032852173, -26.45274650383209], [-52.44873584423981, -26.45312376721632], [-52.44903268662121, -26.45213854417089], [-52.43979069315602, -26.44796124138228]]]}}, {"type": "Feature", "properties": {"cod_imovel": "SC-4200101-B49348054FAD4E46A6BAB1FD30D02418", "municipio": "Abelardo Luz", "num_area": 103.9361, "mod_fiscal": 5.1968, "des_condic": "Cancelado por decisao administrativa", "ind_status": "CA", "dat_atuali": "03/05/2016"}, "geometry": {"type": "Polygon", "coordinates": [[[-52.24354604787231, -26.46326243737242], [-52.24267840054586, -26.46358621668285], [-52.24203811232106, -26.46468731464335], [-52.24224092268486, -26.46620977270136], [-52.24331981669097, -26.46931563966096], [-52.24428024822899, -26.47008988982014], [-52.24521342176338, -26.47028306796915], [-52.24752166151364, -26.47029628594969], [-52.24977179708865, -26.46983826309256], [-52.25112331386666, -26.47537558908959], [-52.25263768434991, -26.47550470873485], [-52.25253565086746, -26.47444438061651], [-52.25664309725017, -26.47408135275869], [-52.25573826164736, -26.46889626869722], [-52.26023029076845, -26.46907850256409], [-52.26082675441667, -26.46688836687375], [-52.25611062541255, -26.4663622219027], [-52.25291441431283, -26.46665163476417], [-52.24931456885403, -26.46726170571589], [-52.24354604787231, -26.46326243737242]]]}}, {"type": "Feature", "properties": {"cod_imovel": "SC-4200101-46D7C65CD0B449D19BD8911578BFE25A", "municipio": "Abelardo Luz", "num_area": 26.4078, "mod_fiscal": 1.3204, "des_condic": "Aguardando analise", "ind_status": "AT", "dat_atuali": "28/12/2019"}, "geometry": {"type": "Polygon", "coordinates": [[[-52.42683510916745, -26.44468224802551], [-52.43293762207031, -26.444639135195146], [-52.433130741119385, -26.44371693389581], [-52.43394613265991, -26.44273708692632], [-52.42686131037001, -26.43944796089548], [-52.42683510916745, -26.44468224802551]]]}}, {"type": "Feature", "properties": {"cod_imovel": "SC-4200101-18B56B442B334380B91F62DE0654D399", "municipio": "Abelardo Luz", "num_area": 25.1609, "mod_fiscal": 1.258, "des_condic": "Aguardando analise", "ind_status": "AT", "dat_atuali": "28/12/2019"}, "geometry": {"type": "Polygon", "coordinates": [[[-52.42697448415172, -26.4478321674541], [-52.41831848865974, -26.44797056531898], [-52.4175634318323, -26.45030899485897], [-52.42849059840844, -26.45029067847466], [-52.42716508502642, -26.44927611829098], [-52.42707671366787, -26.44880715749024], [-52.42731577931613, -26.44869980464918], [-52.42728841725968, -26.4482339696838], [-52.42697448415172, -26.4478321674541]]]}}, {"type": "Feature", "properties": {"cod_imovel": "SC-4200101-31BC332D04E44E2E90A9F15618640E3B", "municipio": "Abelardo Luz", "num_area": 17.6298, "mod_fiscal": 0.8815, "des_condic": "Aguardando analise", "ind_status": "AT", "dat_atuali": "03/05/2016"}, "geometry": {"type": "Polygon", "coordinates": [[[-52.40892204055372, -26.4423623829382], [-52.40619829292194, -26.44184400642101], [-52.40632475124695, -26.44872650570656], [-52.40832502235272, -26.44891749071667], [-52.40892204055372, -26.4423623829382]]]}}, {"type": "Feature", "properties": {"cod_imovel": "SC-4200101-9B54A11A21C5499B9F2C236CBE6DA2B4", "municipio": "Abelardo Luz", "num_area": 0.2718, "mod_fiscal": 0.0136, "des_condic": "Aguardando analise", "ind_status": "AT", "dat_atuali": "20/04/2015"}, "geometry": {"type": "Polygon", "coordinates": [[[-52.2535514831543, -26.456550238376256], [-52.25335836410522, -26.45664629065226], [-52.25393772125244, -26.457299444004022], [-52.254087924957275, -26.457798911714043], [-52.25423812866211, -26.45710734046167], [-52.25374460220337, -26.45689602619487], [-52.2535514831543, -26.456550238376256]]]}}, {"type": "Feature", "properties": {"cod_imovel": "SC-4200101-C8E65BEEC94B4C7FA6DD7D37F87BB035", "municipio": "Abelardo Luz", "num_area": 125.2758, "mod_fiscal": 6.2638, "des_condic": "Aguardando analise", "ind_status": "AT", "dat_atuali": "31/08/2022"}, "geometry": {"type": "Polygon", "coordinates": [[[-52.46558028, -26.46316583], [-52.463815, -26.46367833], [-52.46359361, -26.46420639], [-52.46536667, -26.46525528], [-52.46622861, -26.46557111], [-52.46683361, -26.46639417], [-52.46694583, -26.46677833], [-52.46685111, -26.46967139], [-52.46718694, -26.47085611], [-52.46701472, -26.47142222], [-52.46804139, -26.47163389], [-52.46858083, -26.471455], [-52.46880167, -26.47156056], [-52.46879778, -26.47183333], [-52.46908056, -26.47180861], [-52.46914944, -26.47198417], [-52.46931917, -26.47187444], [-52.46926306, -26.47213361], [-52.46955167, -26.47210278], [-52.469675, -26.47239083], [-52.47004444, -26.47248167], [-52.47053861, -26.47229389], [-52.47109444, -26.47232167], [-52.47105639, -26.47215389], [-52.47083611, -26.47211806], [-52.47092333, -26.47196556], [-52.47183167, -26.4723525], [-52.47194472, -26.47227417], [-52.47239861, -26.47264861], [-52.47231083, -26.47243889], [-52.47253889, -26.47243722], [-52.47296778, -26.47299306], [-52.47310361, -26.47271694], [-52.47343139, -26.47283083], [-52.47316472, -26.47300361], [-52.47332889, -26.47321278], [-52.47372056, -26.47329528], [-52.47376528, -26.47350306], [-52.47391583, -26.47339389], [-52.47422222, -26.47350306], [-52.47430722, -26.47368], [-52.47447639, -26.47370417], [-52.47456361, -26.473505], [-52.47520417, -26.47351389], [-52.47576583, -26.47317361], [-52.47602694, -26.4733725], [-52.47615806, -26.47325194], [-52.47713194, -26.47353222], [-52.4772425, -26.47331083], [-52.47751028, -26.47340556], [-52.47804139, -26.47397528], [-52.47793694, -26.474275], [-52.47815139, -26.47429556], [-52.47803222, -26.47444167], [-52.47819917, -26.47462056], [-52.47808528, -26.47469333], [-52.4783325, -26.47466556], [-52.47843917, -26.47495111], [-52.47857028, -26.4748875], [-52.47865806, -26.47511972], [-52.47853833, -26.47534278], [-52.47898, -26.47578139], [-52.47953222, -26.47584722], [-52.47958, -26.47606528], [-52.47978806, -26.47614167], [-52.47967861, -26.47638556], [-52.48010583, -26.47693611], [-52.47991722, -26.47713889], [-52.48017917, -26.47746639], [-52.48033611, -26.47743806], [-52.48035139, -26.47779694], [-52.48050972, -26.47796], [-52.48090806, -26.47775083], [-52.48101833, -26.47795417], [-52.48132639, -26.47780278], [-52.48099944, -26.4777675], [-52.48115972, -26.47736583], [-52.48095694, -26.47738167], [-52.48061222, -26.47693472], [-52.48077556, -26.47684889], [-52.48114389, -26.4771325], [-52.48147778, -26.47699972], [-52.48129083, -26.47661389], [-52.48155833, -26.476185], [-52.48182639, -26.47609639], [-52.48166861, -26.47590028], [-52.48206361, -26.47596333], [-52.48190139, -26.47583722], [-52.48211083, -26.47572], [-52.48193944, -26.4755575], [-52.48195806, -26.47525611], [-52.48141639, -26.47544528], [-52.48126472, -26.47528306], [-52.48120694, -26.47494139], [-52.48149694, -26.47489778], [-52.48118889, -26.47423361], [-52.48132417, -26.47409361], [-52.48075806, -26.47420694], [-52.48080833, -26.47384639], [-52.48113889, -26.47348556], [-52.48072528, -26.47334194], [-52.48110306, -26.47334444], [-52.48114333, -26.47312639], [-52.48088028, -26.47309194], [-52.48100667, -26.47277361], [-52.48079972, -26.47279528], [-52.48087944, -26.47259556], [-52.48053528, -26.47234278], [-52.48066556, -26.47228861], [-52.48068417, -26.47179222], [-52.48085889, -26.47184111], [-52.48079167, -26.47162194], [-52.48114833, -26.47139639], [-52.48089444, -26.47140194], [-52.481095, -26.47116167], [-52.48073472, -26.47098611], [-52.480925, -26.47068944], [-52.48056667, -26.47051556], [-52.48084389, -26.47024389], [-52.48026167, -26.47017389], [-52.48068111, -26.46984139], [-52.48037583, -26.46951694], [-52.48060833, -26.46926667], [-52.48057028, -26.46899], [-52.48087917, -26.46897694], [-52.48097667, -26.46864972], [-52.48128083, -26.46844333], [-52.48096583, -26.46849028], [-52.48105444, -26.46799222], [-52.48091083, -26.4679525], [-52.4809975, -26.46807083], [-52.48086917, -26.46820889], [-52.48069111, -26.46801361], [-52.48086583, -26.46750972], [-52.48054833, -26.46752583], [-52.48068778, -26.46741417], [-52.48037028, -26.46728111], [-52.48003056, -26.46741611], [-52.47953778, -26.46717694], [-52.47912722, -26.4671825], [-52.47903167, -26.46709389], [-52.47924667, -26.46702861], [-52.47926639, -26.46686639], [-52.478635, -26.46652611], [-52.47858056, -26.46631056], [-52.47775833, -26.46610806], [-52.47677639, -26.46641778], [-52.47574944, -26.46639861], [-52.47550583, -26.46664056], [-52.47492667, -26.46660139], [-52.47003194, -26.46466], [-52.4688275, -26.46335861], [-52.4663425, -26.46438139], [-52.46558028, -26.46316583]]]}}, {"type": "Feature", "properties": {"cod_imovel": "SC-4200101-1384B1D5E2514449A337B3886DD7B1AD", "municipio": "Abelardo Luz", "num_area": 90.7327, "mod_fiscal": 4.5366, "des_condic": "Aguardando analise", "ind_status": "AT", "dat_atuali": "31/08/2022"}, "geometry": {"type": "Polygon", "coordinates": [[[-52.46359706545557, -26.45540589785449], [-52.46174384464515, -26.46101503815528], [-52.46183691683614, -26.46207718618971], [-52.46164321116241, -26.46238996009557], [-52.46330113524967, -26.46347134664656], [-52.46381544119594, -26.4635886658855], [-52.46460861183433, -26.46345352501882], [-52.47175589670565, -26.46020630500956], [-52.4727149012232, -26.4618480284787], [-52.47336086503864, -26.46175746882502], [-52.47454694138316, -26.4619821122918], [-52.4757603772013, -26.46125497951623], [-52.47647363218131, -26.46146576867616], [-52.47717666035461, -26.46131831341529], [-52.47689725395731, -26.46099626361204], [-52.47702123881618, -26.46080597235817], [-52.47683395510819, -26.46071532243099], [-52.47686494906416, -26.46045987417008], [-52.47643976909959, -26.45972175387477], [-52.47600880876131, -26.45957958120484], [-52.47584269697173, -26.45916239801713], [-52.47535709445569, -26.4592249864407], [-52.47511820246764, -26.45905887305739], [-52.47552150966762, -26.4586408639431], [-52.47546847073729, -26.45814985631924], [-52.47525070893311, -26.45838561453948], [-52.47481598212755, -26.45819781509946], [-52.47473650689602, -26.45774442395784], [-52.47413602164092, -26.45787166536183], [-52.47424791106539, -26.45761918851819], [-52.47407292695728, -26.45747532983349], [-52.47370098652912, -26.45761612974379], [-52.47342543489882, -26.45732515095717], [-52.47323469388275, -26.4573848193811], [-52.4731199875344, -26.45697401939257], [-52.47201939825767, -26.45687243124678], [-52.47231591806906, -26.45674449163587], [-52.4719485698513, -26.45658029320023], [-52.47190050562836, -26.45640309834955], [-52.47215050981324, -26.45640823757894], [-52.47176627838882, -26.45623177218239], [-52.47186120880345, -26.45599497378278], [-52.47167413967154, -26.45608799879803], [-52.47154936819195, -26.455755820652], [-52.47132602570316, -26.4558757979524], [-52.47109123928263, -26.45557395633611], [-52.47078409091352, -26.45571089625857], [-52.47048801377529, -26.4554896181177], [-52.47020342819322, -26.45556354428633], [-52.46914842239342, -26.45535526145798], [-52.4690250292276, -26.45517525155118], [-52.46876712992405, -26.45527062324959], [-52.46866606818525, -26.45495509086163], [-52.46829245134907, -26.4548299540892], [-52.46829744079104, -26.45497564842949], [-52.46798653032483, -26.45506230858595], [-52.46804829891634, -26.45521038454776], [-52.46769175837045, -26.45519054062644], [-52.46786926947082, -26.45513194463219], [-52.46781569919034, -26.45492339698219], [-52.46770393902131, -26.45511360146848], [-52.46724133811414, -26.45499401080515], [-52.46735455535039, -26.45518937456353], [-52.46724828401345, -26.45527578405439], [-52.4667216899063, -26.45519405006843], [-52.4666552893642, -26.45505325237011], [-52.46629701970957, -26.45520229188976], [-52.46610813998387, -26.45503116264174], [-52.46566018103911, -26.45525581274488], [-52.46538541736764, -26.45516670008758], [-52.46502260825793, -26.45531192648866], [-52.46470745992477, -26.45512325346764], [-52.4644197399905, -26.45533356491599], [-52.46393064511876, -26.45524300749057], [-52.46394240965134, -26.45536101175153], [-52.46359706545557, -26.45540589785449]]]}}, {"type": "Feature", "properties": {"cod_imovel": "SC-4200101-A39743D80E574E4DBDC9A3E718D29F17", "municipio": "Abelardo Luz", "num_area": 12.6135, "mod_fiscal": 0.6307, "des_condic": "Aguardando analise", "ind_status": "AT", "dat_atuali": "04/10/2022"}, "geometry": {"type": "Polygon", "coordinates": [[[-52.41675853729248, -26.44698303026906], [-52.41551399230957, -26.445446055276022], [-52.414484024047844, -26.44540763063845], [-52.4143123626709, -26.44932687764782], [-52.415385246276855, -26.44974953357447], [-52.41796016693115, -26.449173184199022], [-52.418389320373535, -26.447982053016876], [-52.41675853729248, -26.44698303026906]]]}}, {"type": "Feature", "properties": {"cod_imovel": "SC-4200101-20551002752143A193DDBF9B4BB0D0C9", "municipio": "Abelardo Luz", "num_area": 64.1759, "mod_fiscal": 3.2088, "des_condic": "Aguardando analise", "ind_status": "AT", "dat_atuali": "16/12/2019"}, "geometry": {"type": "Polygon", "coordinates": [[[-52.25587013397324, -26.48213276716099], [-52.25091796588351, -26.47974310431095], [-52.25016457227596, -26.48087955601993], [-52.24613453153001, -26.47774054517403], [-52.24154249808605, -26.48356888950642], [-52.24227047655002, -26.48426148810052], [-52.24371417115786, -26.48330633238219], [-52.24920268827901, -26.4841511197592], [-52.24990285455986, -26.48650034824134], [-52.25128623124815, -26.48595661584394], [-52.25275354561292, -26.48628269572729], [-52.25587013397324, -26.48213276716099]]]}}, {"type": "Feature", "properties": {"cod_imovel": "SC-4200101-421CC775542D4D198253A61B9F1A76E1", "municipio": "Abelardo Luz", "num_area": 5.9407, "mod_fiscal": 0.297, "des_condic": "Aguardando analise", "ind_status": "AT", "dat_atuali": "20/04/2015"}, "geometry": {"type": "Polygon", "coordinates": [[[-52.429654598236084, -26.44608005994565], [-52.42555618286133, -26.446099272153898], [-52.42566347122192, -26.446656424799], [-52.42718696594238, -26.447847569690147], [-52.429633140563965, -26.447194362726787], [-52.429654598236084, -26.44608005994565]]]}}, {"type": "Feature", "properties": {"cod_imovel": "SC-4200101-4DEE903A498D447B915E4FF3FAD4FE93", "municipio": "Abelardo Luz", "num_area": 8.3255, "mod_fiscal": 0.4163, "des_condic": "Aguardando analise", "ind_status": "AT", "dat_atuali": "02/05/2016"}, "geometry": {"type": "Polygon", "coordinates": [[[-52.42446058490729, -26.4522847281516], [-52.42034534152015, -26.45231111943955], [-52.42128270122231, -26.4542808228086], [-52.42472922733361, -26.45430086270813], [-52.42446058490729, -26.4522847281516]]]}}, {"type": "Feature", "properties": {"cod_imovel": "SC-4200101-52320D44D9A44A5AB1852C49C390B8D8", "municipio": "Abelardo Luz", "num_area": 24.3664, "mod_fiscal": 1.2183, "des_condic": "Aguardando analise", "ind_status": "AT", "dat_atuali": "28/12/2019"}, "geometry": {"type": "Polygon", "coordinates": [[[-52.43994030712641, -26.44306163895342], [-52.43985060597814, -26.4473863353921], [-52.44691788698318, -26.44397347940788], [-52.44633550166574, -26.44359017167189], [-52.4467217899882, -26.44327480566183], [-52.44655497164639, -26.44252422607084], [-52.44582215509922, -26.44237986468704], [-52.44522669125818, -26.4419132210131], [-52.43994030712641, -26.44306163895342]]]}}, {"type": "Feature", "properties": {"cod_imovel": "SC-4200101-61733F3B8AAC406481D0D688FFD02804", "municipio": "Abelardo Luz", "num_area": 37.0516, "mod_fiscal": 1.8526, "des_condic": "Aguardando analise", "ind_status": "AT", "dat_atuali": "03/05/2016"}, "geometry": {"type": "Polygon", "coordinates": [[[-52.43969412171408, -26.44939450830691], [-52.42931485488344, -26.44879552766367], [-52.42949626001914, -26.4493612501165], [-52.42947738838757, -26.45094777845699], [-52.42928535592002, -26.45212292481345], [-52.42940603892705, -26.45235575266934], [-52.43963043305921, -26.45235128918871], [-52.43969412171408, -26.44939450830691]]]}}, {"type": "Feature", "properties": {"cod_imovel": "SC-4200101-6546E8F8B73A46B7A2C87C30DD75178D", "municipio": "Abelardo Luz", "num_area": 50.8659, "mod_fiscal": 2.5433, "des_condic": "Aguardando analise", "ind_status": "AT", "dat_atuali": "27/04/2016"}, "geometry": {"type": "Polygon", "coordinates": [[[-52.46876257247724, -26.49267277803885], [-52.45854652400327, -26.49478683466706], [-52.45879764012307, -26.49516417591607], [-52.46393116024808, -26.49758616366598], [-52.4643869689665, -26.49755918612106], [-52.46507873623203, -26.49691573687038], [-52.4657737795232, -26.4968889064915], [-52.4659142533403, -26.49718975344532], [-52.46549674459808, -26.49818064907199], [-52.4655004229088, -26.49892388288057], [-52.46638822982993, -26.500888409169], [-52.46689348927671, -26.50137181173982], [-52.46847010501438, -26.5023743013287], [-52.46874329817815, -26.50241205234608], [-52.46907617575777, -26.50128922149219], [-52.46881716502331, -26.49993769067104], [-52.46956748053818, -26.49795221534632], [-52.46891160379342, -26.49649238759084], [-52.46902462101838, -26.49593042000278], [-52.46883782614273, -26.49531720667392], [-52.46906449473153, -26.49456583437421], [-52.46875444043699, -26.49404635354205], [-52.46876257247724, -26.49267277803885]]]}}, {"type": "Feature", "properties": {"cod_imovel": "SC-4200101-91271E9E08624621B0592A1B0756CE5C", "municipio": "Abelardo Luz", "num_area": 3.6288, "mod_fiscal": 0.1814, "des_condic": "Aguardando analise", "ind_status": "AT", "dat_atuali": "02/05/2016"}, "geometry": {"type": "Polygon", "coordinates": [[[-52.42033751502969, -26.45230677694102], [-52.41868541307981, -26.45231305382916], [-52.41960905432718, -26.45428332582036], [-52.42127963919136, -26.45429330730762], [-52.42033751502969, -26.45230677694102]]]}}, {"type": "Feature", "properties": {"cod_imovel": "SC-4200101-E928BF1694304392B69D5B97C469A6B8", "municipio": "Abelardo Luz", "num_area": 106.7958, "mod_fiscal": 5.3398, "des_condic": "Aguardando analise", "ind_status": "AT", "dat_atuali": "08/03/2016"}, "geometry": {"type": "Polygon", "coordinates": [[[-52.44610795280698, -26.4775066313067], [-52.45488181424138, -26.47851070408368], [-52.45618849040649, -26.46624063944074], [-52.44365429461287, -26.47191863180332], [-52.44610795280698, -26.4775066313067]]]}}, {"type": "Feature", "properties": {"cod_imovel": "SC-4200101-F8D21BE2001145759C5B950F05619309", "municipio": "Abelardo Luz", "num_area": 10.6575, "mod_fiscal": 0.5329, "des_condic": "Aguardando analise", "ind_status": "AT", "dat_atuali": "14/08/2018"}, "geometry": {"type": "Polygon", "coordinates": [[[-52.4045395359, -26.4347419467], [-52.4023237235, -26.4346168236], [-52.4012319579, -26.4356066724], [-52.400714622, -26.4355646189], [-52.4004433114, -26.4378780541], [-52.4028961622, -26.4381788401], [-52.4045395359, -26.4347419467]]]}}, {"type": "Feature", "properties": {"cod_imovel": "SC-4200101-FD05310438F6403AA7BEFDA265BE891F", "municipio": "Abelardo Luz", "num_area": 360.6509, "mod_fiscal": 18.0325, "des_condic": "Aguardando analise", "ind_status": "AT", "dat_atuali": "27/04/2016"}, "geometry": {"type": "Polygon", "coordinates": [[[-52.46209321376183, -26.49400956083376], [-52.4777436079149, -26.49096611845187], [-52.47836846835063, -26.48978457760154], [-52.47843459306601, -26.48951182512881], [-52.47824280265435, -26.48886124097628], [-52.47846169389027, -26.48831581603081], [-52.47856092112792, -26.48683980868998], [-52.47901466561214, -26.48575453296948], [-52.47860835015886, -26.4836220023167], [-52.47916465019264, -26.48245748413325], [-52.47935751395989, -26.48028836203635], [-52.47977490763736, -26.47920643805993], [-52.4806540641758, -26.47835643176605], [-52.47997488234092, -26.47758967398672], [-52.47975872776978, -26.47695618383607], [-52.47824609165074, -26.47464800338981], [-52.47709570476626, -26.47334415562839], [-52.47632376689974, -26.47335228041465], [-52.47517937721767, -26.47302821005994], [-52.47490513395227, -26.4728773577746], [-52.47446623834022, -26.4721731882201], [-52.4738590734668, -26.47188970053177], [-52.47180144539205, -26.472247219202], [-52.47112585208592, -26.47212810663444], [-52.47065096690867, -26.47186091645763], [-52.47008916992002, -26.47217252639717], [-52.46899185979044, -26.47179362990636], [-52.4684773185062, -26.47135063891958], [-52.4680999277998, -26.47150761788518], [-52.46758599791829, -26.47135733708365], [-52.46728696979319, -26.47148074417589], [-52.46680343330573, -26.47123479241565], [-52.46637969392002, -26.47351372989235], [-52.46656157044863, -26.47416857661131], [-52.46738450661351, -26.47570820429933], [-52.46748885395397, -26.47738317919084], [-52.46527930152799, -26.47899736135073], [-52.45886443231851, -26.48090935746731], [-52.45957870890372, -26.48286481473318], [-52.45928241442505, -26.48531387185221], [-52.45984747757455, -26.48591901493634], [-52.46086556165238, -26.48830224603286], [-52.46209321376183, -26.49400956083376]]]}}, {"type": "Feature", "properties": {"cod_imovel": "SC-4200101-73F8D91FA8224F87A0EFD85D41B50DE1", "municipio": "Abelardo Luz", "num_area": 10.564, "mod_fiscal": 0.5282, "des_condic": "Aguardando analise", "ind_status": "AT", "dat_atuali": "05/05/2016"}, "geometry": {"type": "Polygon", "coordinates": [[[-52.4043345451355, -26.434782726664903], [-52.402381896972656, -26.434417658305655], [-52.40158796310425, -26.4353591480355], [-52.40083694458007, -26.435416790013996], [-52.400386333465576, -26.437760872712204], [-52.403390407562256, -26.437876154237674], [-52.4043345451355, -26.434782726664903]]]}}, {"type": "Feature", "properties": {"cod_imovel": "SC-4200101-11C9452BD90A4B2383DCF0B56207B57D", "municipio": "Abelardo Luz", "num_area": 72.7169, "mod_fiscal": 3.6358, "des_condic": "Aguardando analise", "ind_status": "AT", "dat_atuali": "28/04/2015"}, "geometry": {"type": "Polygon", "coordinates": [[[-52.45567754932857, -26.45467709260467], [-52.46620913747399, -26.45075566933936], [-52.46083093788841, -26.44464721596749], [-52.4573828699664, -26.44821796956624], [-52.45561186486474, -26.45034391249243], [-52.4549271485839, -26.44970540694164], [-52.45373051801043, -26.44979284674959], [-52.45194636080116, -26.45221689959397], [-52.45404209054722, -26.45345428707534], [-52.45567754932857, -26.45467709260467]]]}}, {"type": "Feature", "properties": {"cod_imovel": "SC-4200101-0719E81C293E47D895D1194C1D6B8B4C", "municipio": "Abelardo Luz", "num_area": 5.0189, "mod_fiscal": 0.2509, "des_condic": "Aguardando analise", "ind_status": "AT", "dat_atuali": "30/04/2015"}, "geometry": {"type": "Polygon", "coordinates": [[[-52.424182891845696, -26.44561896598654], [-52.42446184158325, -26.4458687254435], [-52.424697875976555, -26.44561896598654], [-52.423710823059075, -26.44471598497018], [-52.4222731590271, -26.443889847201774], [-52.42051362991333, -26.4458687254435], [-52.42107152938842, -26.44688696993282], [-52.42150068283081, -26.44592636216436], [-52.421607971191406, -26.445177082543776], [-52.421865463256836, -26.44510023307635], [-52.42208003997803, -26.445234719610692], [-52.422916889190674, -26.446099272153898], [-52.424182891845696, -26.44561896598654]]]}}, {"type": "Feature", "properties": {"cod_imovel": "SC-4200101-7B327943952F4087AC21291B1DA7D3DE", "municipio": "Abelardo Luz", "num_area": 14.4364, "mod_fiscal": 0.6941, "des_condic": "Aguardando analise", "ind_status": "AT", "dat_atuali": "30/04/2015"}, "geometry": {"type": "Polygon", "coordinates": [[[-52.41371154785156, -26.431919791139176], [-52.41268157958984, -26.42984459878727], [-52.4122953414917, -26.429806168946936], [-52.41079330444336, -26.433053445254775], [-52.409162521362305, -26.4356857855324], [-52.41126537322998, -26.43653119593112], [-52.41371154785156, -26.431919791139176]]]}}, {"type": "Feature", "properties": {"cod_imovel": "SC-4200101-B2CA936ADEBF4F5581C0C6790A728D72", "municipio": "Abelardo Luz", "num_area": 1.7161, "mod_fiscal": 0.0858, "des_condic": "Aguardando analise", "ind_status": "AT", "dat_atuali": "20/04/2015"}, "geometry": {"type": "Polygon", "coordinates": [[[-52.25320816040039, -26.456703921979408], [-52.252564430236816, -26.458336797593887], [-52.2540020942688, -26.458471268671193], [-52.2538948059082, -26.457626019290405], [-52.253594398498535, -26.456992078182406], [-52.25320816040039, -26.456703921979408]]]}}, {"type": "Feature", "properties": {"cod_imovel": "SC-4200101-5C78BFC4EF5F410A9B325C3FAFF36213", "municipio": "Abelardo Luz", "num_area": 0.3337, "mod_fiscal": 0.0167, "des_condic": "Aguardando analise", "ind_status": "AT", "dat_atuali": "14/05/2015"}, "geometry": {"type": "Polygon", "coordinates": [[[-52.25391626358032, -26.45639655456796], [-52.25322961807251, -26.45664629065226], [-52.25346565246582, -26.457011288570296], [-52.25395917892456, -26.456992078182406], [-52.25391626358032, -26.45639655456796]]]}}, {"type": "Feature", "properties": {"cod_imovel": "SC-4200101-7E7B9A1983F2463086EA45F5F04FCB3B", "municipio": "Abelardo Luz", "num_area": 72.9116, "mod_fiscal": 3.6456, "des_condic": "Aguardando analise", "ind_status": "AT", "dat_atuali": "29/07/2019"}, "geometry": {"type": "Polygon", "coordinates": [[[-52.4413734666667, -26.4646310186859], [-52.437054325, -26.4702445964636], [-52.43603669722219, -26.4732416353524], [-52.4347824916667, -26.4785291742412], [-52.4414276472222, -26.4749262520191], [-52.4437504944444, -26.4751183964635], [-52.4439017472222, -26.4718104075747], [-52.44458986111111, -26.4714471131303], [-52.4413734666667, -26.4646310186859]]]}}, {"type": "Feature", "properties": {"cod_imovel": "SC-4200101-E2F8CFCBF4BC4702A272F371C4198D91", "municipio": "Abelardo Luz", "num_area": 16.364, "mod_fiscal": 0.8182, "des_condic": "Aguardando analise", "ind_status": "AT", "dat_atuali": "14/06/2015"}, "geometry": {"type": "Polygon", "coordinates": [[[-52.460339069366455, -26.453284413314865], [-52.4601674079895, -26.453034669938916], [-52.4556827545166, -26.454821283705733], [-52.45572566986084, -26.45497496961663], [-52.457120418548584, -26.456108396874498], [-52.45928764343262, -26.45624287055453], [-52.45967388153076, -26.456069975794225], [-52.4607253074646, -26.456204449519127], [-52.46164798736572, -26.456031554701116], [-52.461819648742676, -26.455743396094174], [-52.462184429168694, -26.455608921830805], [-52.46248483657837, -26.455051812495153], [-52.462592124938965, -26.45393758573734], [-52.460682392120354, -26.45326520230518], [-52.460339069366455, -26.453284413314865]]]}}, {"type": "Feature", "properties": {"cod_imovel": "SC-4200101-6B792CD80AA2406EAFED3F145171F3C1", "municipio": "Abelardo Luz", "num_area": 24.2515, "mod_fiscal": 1.2126, "des_condic": "Aguardando analise", "ind_status": "AT", "dat_atuali": "05/05/2016"}, "geometry": {"type": "Polygon", "coordinates": [[[-52.40611553192138, -26.438721548566985], [-52.40057945251465, -26.437722445511422], [-52.40098714828491, -26.44185329623687], [-52.4013090133667, -26.442890788962846], [-52.40405559539795, -26.443447957126228], [-52.40427017211914, -26.44321740510957], [-52.40611553192138, -26.438721548566985]]]}}, {"type": "Feature", "properties": {"cod_imovel": "SC-4200101-EAA8A34C133B4820ACBD9AABFB83F39D", "municipio": "Abelardo Luz", "num_area": 17.2054, "mod_fiscal": 0.8603, "des_condic": "Aguardando analise", "ind_status": "AT", "dat_atuali": "30/10/2014"}, "geometry": {"type": "Polygon", "coordinates": [[[-52.38581657409668, -26.45612760740984], [-52.387533187866204, -26.45639655456796], [-52.38873481750488, -26.455858659623495], [-52.38903522491455, -26.455397604813896], [-52.38899230957031, -26.454667597589715], [-52.38963603973389, -26.45416811629598], [-52.38877773284912, -26.45274650383209], [-52.38929271697998, -26.45197805735509], [-52.39002227783203, -26.45151698700755], [-52.389464378356934, -26.4510174920479], [-52.38551616668701, -26.451862789941266], [-52.386460304260254, -26.4529386146501], [-52.38654613494872, -26.453630210941228], [-52.38650321960449, -26.454244959712955], [-52.38581657409668, -26.454859705202697], [-52.38500118255615, -26.455167076716794], [-52.38500118255615, -26.455743396094174], [-52.38581657409668, -26.45612760740984]]]}}, {"type": "Feature", "properties": {"cod_imovel": "SC-4200101-0550590D26F5485889B0B3C68ED78318", "municipio": "Abelardo Luz", "num_area": 23.1539, "mod_fiscal": 1.1577, "des_condic": "Aguardando analise", "ind_status": "AT", "dat_atuali": "27/07/2017"}, "geometry": {"type": "Polygon", "coordinates": [[[-52.30425973117233, -26.44978315903097], [-52.30759852674608, -26.45331808169466], [-52.31064120734147, -26.45436702640467], [-52.31061845066381, -26.45361414969925], [-52.31013278572454, -26.45327452065628], [-52.30974170583537, -26.45175287288945], [-52.30995195620239, -26.45100153073224], [-52.30906837133971, -26.45088205773692], [-52.3089871671244, -26.45039848862316], [-52.3084980275963, -26.44981754534035], [-52.30895581182493, -26.44939157956849], [-52.30978603234985, -26.44945447109089], [-52.30879778352062, -26.44729057872288], [-52.30425973117233, -26.44978315903097]]]}}, {"type": "Feature", "properties": {"cod_imovel": "SC-4200101-9287BBC9B5994B259DF293AAD3B4448B", "municipio": "Abelardo Luz", "num_area": 7.4249, "mod_fiscal": 0.3712, "des_condic": "Cancelado por decisao administrativa", "ind_status": "CA", "dat_atuali": "03/05/2016"}, "geometry": {"type": "Polygon", "coordinates": [[[-52.25434462925691, -26.46382551911492], [-52.25500384095041, -26.46668354305943], [-52.25647478758538, -26.46657474467098], [-52.25722439689564, -26.46357912171097], [-52.25634235332614, -26.46345202288208], [-52.25434462925691, -26.46382551911492]]]}}, {"type": "Feature", "properties": {"cod_imovel": "SC-4200101-0E9D6AFF67834E7E8FABA004868619E6", "municipio": "Abelardo Luz", "num_area": 27.9853, "mod_fiscal": 1.3993, "des_condic": "Aguardando analise", "ind_status": "AT", "dat_atuali": "07/04/2015"}, "geometry": {"type": "Polygon", "coordinates": [[[-52.28526592254638, -26.458817050720164], [-52.2844934463501, -26.45893231117236], [-52.28402137756348, -26.45866336993773], [-52.280545234680176, -26.460046489594205], [-52.28041648864746, -26.46081488222295], [-52.280545234680176, -26.46227481408706], [-52.28011608123779, -26.465962980527777], [-52.28324890136719, -26.46653924585825], [-52.28436470031738, -26.46046910617472], [-52.28526592254638, -26.458817050720164]]]}}, {"type": "Feature", "properties": {"cod_imovel": "SC-4200101-8BB9288C54DB42C3A02474CAED095D00", "municipio": "Abelardo Luz", "num_area": 11.7993, "mod_fiscal": 0.59, "des_condic": "Aguardando analise", "ind_status": "AT", "dat_atuali": "05/05/2016"}, "geometry": {"type": "Polygon", "coordinates": [[[-52.39641666412353, -26.445119445448015], [-52.39502191543579, -26.444792834693956], [-52.39454984664917, -26.444869684366452], [-52.39412069320679, -26.444447010533256], [-52.39386320114136, -26.444447010533256], [-52.39351987838745, -26.44362087083592], [-52.39375591278076, -26.442410469417847], [-52.38974332809448, -26.44396669747668], [-52.39079475402832, -26.444869684366452], [-52.39276885986328, -26.44536920598803], [-52.394185066223145, -26.44636824273282], [-52.395172119140625, -26.446291394060076], [-52.39641666412353, -26.445119445448015]]]}}, {"type": "Feature", "properties": {"cod_imovel": "SC-4200101-8403C0D50098409B8481BF5095792C79", "municipio": "Abelardo Luz", "num_area": 7.4161, "mod_fiscal": 0.3708, "des_condic": "Cancelado por decisao administrativa", "ind_status": "CA", "dat_atuali": "27/11/2015"}, "geometry": {"type": "Polygon", "coordinates": [[[-52.2615143694444, -26.4672234270192], [-52.2605791388889, -26.4693424103525], [-52.2632997833333, -26.469535004797], [-52.2635850583333, -26.4693710242414], [-52.263343525, -26.4691985964636], [-52.2637386888889, -26.4691008214636], [-52.2638982472222, -26.4687442964636], [-52.2640366416667, -26.468677129797], [-52.264174625, -26.469094579797], [-52.2642684527778, -26.4688125659081], [-52.2645483194444, -26.4686561242414], [-52.2646725638889, -26.4682653436859], [-52.2644993138889, -26.468076604797], [-52.2641727611111, -26.4680638686859], [-52.2641082777778, -26.4674070409081], [-52.2615143694444, -26.4672234270192]]]}}, {"type": "Feature", "properties": {"cod_imovel": "SC-4200101-BD34AD18297644848E53EC50762A0692", "municipio": "Abelardo Luz", "num_area": 25.3164, "mod_fiscal": 1.2658, "des_condic": "Aguardando analise", "ind_status": "AT", "dat_atuali": "23/04/2016"}, "geometry": {"type": "Polygon", "coordinates": [[[-52.40487098693848, -26.44162274102896], [-52.40828275680542, -26.44217991532495], [-52.4108362197876, -26.43622377468554], [-52.40772485733032, -26.434936439312295], [-52.40643739700317, -26.437991435647806], [-52.40654468536377, -26.438298852177628], [-52.40609407424926, -26.438740762002382], [-52.40487098693848, -26.44162274102896]]]}}, {"type": "Feature", "properties": {"cod_imovel": "SC-4200101-96E9FF496154413E815909C954DD5AB2", "municipio": "Abelardo Luz", "num_area": 4.6699, "mod_fiscal": 0.2335, "des_condic": "Aguardando analise", "ind_status": "AT", "dat_atuali": "24/04/2016"}, "geometry": {"type": "Polygon", "coordinates": [[[-52.26046085357666, -26.455205498098366], [-52.260611057281494, -26.45558971120893], [-52.26104021072388, -26.45558971120893], [-52.263818979263306, -26.456607869751483], [-52.26416230201721, -26.45572418549474], [-52.26197361946106, -26.454398646393077], [-52.261608839035034, -26.454321803078653], [-52.26109385490417, -26.45453312206991], [-52.26046085357666, -26.455205498098366]]]}}, {"type": "Feature", "properties": {"cod_imovel": "SC-4200101-A87D21B4FC1B488AA69941079EC909AC", "municipio": "Abelardo Luz", "num_area": 38.1686, "mod_fiscal": 1.9035, "des_condic": "Aguardando analise", "ind_status": "AT", "dat_atuali": "23/03/2017"}, "geometry": {"type": "Polygon", "coordinates": [[[-52.32423947911222, -26.43948037960685], [-52.32080338206034, -26.44013967135175], [-52.32001972256013, -26.44010432786461], [-52.31540164371129, -26.43871113447197], [-52.31301934527916, -26.43891292614087], [-52.31364206463461, -26.44573567455703], [-52.31488849249079, -26.44510098275713], [-52.31508896158524, -26.44292003992333], [-52.31682591786458, -26.44141789443678], [-52.319092270943, -26.44101826998635], [-52.31961965935006, -26.44130326749733], [-52.32024204815642, -26.44220522926583], [-52.32148192727467, -26.44280144934005], [-52.32200067612236, -26.44285007920008], [-52.32486139248211, -26.44208486818737], [-52.32487892256758, -26.4406505541299], [-52.32423947911222, -26.43948037960685]]]}}, {"type": "Feature", "properties": {"cod_imovel": "SC-4200101-735B26D1897743BE94A9A79C095C6D81", "municipio": "Abelardo Luz", "num_area": 11.249, "mod_fiscal": 0.5625, "des_condic": "Aguardando analise", "ind_status": "AT", "dat_atuali": "15/09/2015"}, "geometry": {"type": "Polygon", "coordinates": [[[-52.39614605870016, -26.441574991460346], [-52.393361127687896, -26.443084292343602], [-52.3934604933651, -26.44430225896364], [-52.393775184062015, -26.444359530859785], [-52.39415569748693, -26.445012817164915], [-52.394478880524304, -26.445124712300967], [-52.39580525235644, -26.444754311285116], [-52.39624931190421, -26.444991138179855], [-52.39802627087679, -26.44383536561753], [-52.39614605870016, -26.441574991460346]]]}}, {"type": "Feature", "properties": {"cod_imovel": "SC-4200101-BB507BE8184D4ABEB0D885BBFA4FA6F8", "municipio": "Abelardo Luz", "num_area": 6.7057, "mod_fiscal": 0.3353, "des_condic": "Aguardando analise", "ind_status": "AT", "dat_atuali": "28/12/2019"}, "geometry": {"type": "Polygon", "coordinates": [[[-52.42952023428736, -26.44725597797423], [-52.42697508341299, -26.44783229183564], [-52.42713598957392, -26.44856002733679], [-52.42696302617541, -26.44894315372731], [-52.42717546785677, -26.44938933408364], [-52.42946341228953, -26.45099865467241], [-52.4295038093347, -26.44935935204063], [-52.42928468904272, -26.44885983691367], [-52.42957236457355, -26.44801775366138], [-52.42952023428736, -26.44725597797423]]]}}, {"type": "Feature", "properties": {"cod_imovel": "SC-4200101-71BC7FA5EA2442E98870E7EB84DDFF5D", "municipio": "Abelardo Luz", "num_area": 23.0522, "mod_fiscal": 1.1526, "des_condic": "Aguardando analise", "ind_status": "AT", "dat_atuali": "28/12/2019"}, "geometry": {"type": "Polygon", "coordinates": [[[-52.43986561922282, -26.44563989178295], [-52.43113449675196, -26.44551710413374], [-52.42956817706745, -26.44621549066753], [-52.42949450227532, -26.44714257023043], [-52.42954518548991, -26.44740259573686], [-52.43980165490985, -26.44789804863836], [-52.43986561922282, -26.44563989178295]]]}}, {"type": "Feature", "properties": {"cod_imovel": "SC-4200101-2C8EA3EE1B4644EABBCF34D2D1EC43B5", "municipio": "Abelardo Luz", "num_area": 14.7467, "mod_fiscal": 0.7373, "des_condic": "Aguardando analise", "ind_status": "AT", "dat_atuali": "28/04/2015"}, "geometry": {"type": "Polygon", "coordinates": [[[-52.40054422612406, -26.44888618352881], [-52.40227806141828, -26.44858020039984], [-52.4016175544425, -26.44795258342871], [-52.3969078078575, -26.44478261750777], [-52.39518110302178, -26.44617729330942], [-52.39535543455174, -26.44659455574272], [-52.39612107999936, -26.44728042911394], [-52.39768949517869, -26.44834638758517], [-52.40054422612406, -26.44888618352881]]]}}, {"type": "Feature", "properties": {"cod_imovel": "SC-4200101-4B2908609A06405C87D7B20A6CE63216", "municipio": "Abelardo Luz", "num_area": 12.0157, "mod_fiscal": 0.6008, "des_condic": "Aguardando analise", "ind_status": "AT", "dat_atuali": "03/05/2016"}, "geometry": {"type": "Polygon", "coordinates": [[[-52.44334799039113, -26.44956133746947], [-52.44903315076697, -26.45212754831832], [-52.44965901305015, -26.45011595819768], [-52.44508269530819, -26.44833338969772], [-52.44334799039113, -26.44956133746947]]]}}, {"type": "Feature", "properties": {"cod_imovel": "SC-4200101-4E6B2E50440B437B9B6504D9BC09B078", "municipio": "Abelardo Luz", "num_area": 11.5953, "mod_fiscal": 0.5798, "des_condic": "Aguardando analise", "ind_status": "AT", "dat_atuali": "03/05/2016"}, "geometry": {"type": "Polygon", "coordinates": [[[-52.43980034453414, -26.44795860371061], [-52.44334255461411, -26.44955927852144], [-52.44508611264754, -26.44833592694936], [-52.44297992117799, -26.4458893992625], [-52.43981783708636, -26.44740262949731], [-52.43980034453414, -26.44795860371061]]]}}, {"type": "Feature", "properties": {"cod_imovel": "SC-4200101-9C7FFE6DFCDC43C785115737AC530835", "municipio": "Abelardo Luz", "num_area": 4.9932, "mod_fiscal": 0.2497, "des_condic": "Aguardando analise", "ind_status": "AT", "dat_atuali": "24/03/2015"}, "geometry": {"type": "Polygon", "coordinates": [[[-52.386224269866936, -26.46041147673238], [-52.38579511642456, -26.463120029334718], [-52.38755464553833, -26.463254494824614], [-52.38817691802978, -26.462447699528983], [-52.386932373046875, -26.460296217761137], [-52.386224269866936, -26.46041147673238]]]}}, {"type": "Feature", "properties": {"cod_imovel": "SC-4200101-545047D0F35B445B85D2DD7163DFAE81", "municipio": "Abelardo Luz", "num_area": 32.9064, "mod_fiscal": 1.5621, "des_condic": "Aguardando analise", "ind_status": "AT", "dat_atuali": "28/12/2019"}, "geometry": {"type": "Polygon", "coordinates": [[[-52.41862688511589, -26.44204845805019], [-52.42686203461545, -26.43943350625713], [-52.42699039805839, -26.43518156193045], [-52.42640099168127, -26.43518466644505], [-52.42582503838946, -26.43547078773998], [-52.42560229549154, -26.43604092805654], [-52.42389108465895, -26.43673679760048], [-52.42201180543649, -26.43828183304127], [-52.42133370532203, -26.43821513575452], [-52.41984686323934, -26.43770555735], [-52.41900062699779, -26.43687613579127], [-52.41862688511589, -26.44204845805019]]]}}, {"type": "Feature", "properties": {"cod_imovel": "SC-4200101-915F858872744A6F9226761C8E658589", "municipio": "Abelardo Luz", "num_area": 0.3076, "mod_fiscal": 0.0154, "des_condic": "Aguardando analise", "ind_status": "AT", "dat_atuali": "12/07/2019"}, "geometry": {"type": "Polygon", "coordinates": [[[-52.45082259178161, -26.4485584083529], [-52.45131611824035, -26.44905791397784], [-52.45155215263367, -26.448500772949078], [-52.451380491256714, -26.448366290228005], [-52.45082259178161, -26.4485584083529]]]}}, {"type": "Feature", "properties": {"cod_imovel": "SC-4200101-3051846E653A447CA6967A1BC3F7FF95", "municipio": "Abelardo Luz", "num_area": 0.2094, "mod_fiscal": 0.0105, "des_condic": "Aguardando analise", "ind_status": "AT", "dat_atuali": "20/04/2015"}, "geometry": {"type": "Polygon", "coordinates": [[[-52.25329399108887, -26.456665501097856], [-52.252693176269524, -26.45691523659879], [-52.25271463394165, -26.457164971558036], [-52.253315448760986, -26.457011288570296], [-52.25329399108887, -26.456665501097856]]]}}, {"type": "Feature", "properties": {"cod_imovel": "SC-4200101-1DED19FB5776494D8A28D41175F06DFA", "municipio": "Abelardo Luz", "num_area": 24.559, "mod_fiscal": 1.228, "des_condic": "Aguardando analise", "ind_status": "AT", "dat_atuali": "28/12/2019"}, "geometry": {"type": "Polygon", "coordinates": [[[-52.42682513383092, -26.44468146166503], [-52.42685329318223, -26.43943915098628], [-52.42083620068794, -26.44154131831414], [-52.42100411781271, -26.44240882746731], [-52.42161893554022, -26.44332701107943], [-52.42280744921465, -26.44404707117221], [-52.42338810608382, -26.44466625589795], [-52.42682513383092, -26.44468146166503]]]}}, {"type": "Feature", "properties": {"cod_imovel": "SC-4200101-D522281CEF0F40E58FCA562E1D853A14", "municipio": "Abelardo Luz", "num_area": 13.0052, "mod_fiscal": 0.6503, "des_condic": "Aguardando analise", "ind_status": "AT", "dat_atuali": "28/12/2019"}, "geometry": {"type": "Polygon", "coordinates": [[[-52.43366166102914, -26.44245025030932], [-52.43364115477596, -26.44275331928252], [-52.43985920527848, -26.4423350812649], [-52.43988865103319, -26.43883582176138], [-52.43366166102914, -26.44245025030932]]]}}, {"type": "Feature", "properties": {"cod_imovel": "SC-4200101-9E1701DC32EB4DA492A19A7CF1E9610A", "municipio": "Abelardo Luz", "num_area": 6.2629, "mod_fiscal": 0.3131, "des_condic": "Aguardando analise", "ind_status": "AT", "dat_atuali": "19/03/2015"}, "geometry": {"type": "Polygon", "coordinates": [[[-52.41620063781738, -26.451766733674955], [-52.418389320373535, -26.454629176028657], [-52.420170307159424, -26.454686808365427], [-52.41873264312744, -26.451862789941266], [-52.417917251586914, -26.45197805735509], [-52.41620063781738, -26.451766733674955]]]}}, {"type": "Feature", "properties": {"cod_imovel": "SC-4200101-C8045A467761499F810DAF6113F3346B", "municipio": "Abelardo Luz", "num_area": 24.3396, "mod_fiscal": 1.217, "des_condic": "Aguardando analise", "ind_status": "AT", "dat_atuali": "20/03/2015"}, "geometry": {"type": "Polygon", "coordinates": [[[-52.4038966154026, -26.44352798503602], [-52.40023421445037, -26.44219968952256], [-52.39666251393752, -26.44475933486065], [-52.40182399749755, -26.448020476795673], [-52.4038966154026, -26.44352798503602]]]}}, {"type": "Feature", "properties": {"cod_imovel": "SC-4200101-4650062B7F6A450C97908A64F855544E", "municipio": "Abelardo Luz", "num_area": 24.4438, "mod_fiscal": 1.2222, "des_condic": "Aguardando analise", "ind_status": "AT", "dat_atuali": "28/12/2019"}, "geometry": {"type": "Polygon", "coordinates": [[[-52.43987138067215, -26.44571255615498], [-52.43984541599009, -26.44235294768173], [-52.43364811109984, -26.44276355301857], [-52.43299422775304, -26.4437137553704], [-52.43277723101689, -26.44463404201861], [-52.43094994128161, -26.44561892874007], [-52.43987138067215, -26.44571255615498]]]}}, {"type": "Feature", "properties": {"cod_imovel": "SC-4200101-4FBFAEF9C45E443CABBCC28D9EB212F9", "municipio": "Abelardo Luz", "num_area": 3.1151, "mod_fiscal": 0.1558, "des_condic": "Aguardando analise", "ind_status": "AT", "dat_atuali": "01/05/2016"}, "geometry": {"type": "Polygon", "coordinates": [[[-52.25484282715222, -26.46182621090089], [-52.25380687252969, -26.46133267995203], [-52.25291552749934, -26.46390022693555], [-52.25395774248192, -26.46409824152772], [-52.25484282715222, -26.46182621090089]]]}}, {"type": "Feature", "properties": {"cod_imovel": "SC-4200101-AA385ED6DFA147AFB0AE8236A8D083E0", "municipio": "Abelardo Luz", "num_area": 34.999, "mod_fiscal": 1.6348, "des_condic": "Aguardando analise", "ind_status": "AT", "dat_atuali": "03/05/2016"}, "geometry": {"type": "Polygon", "coordinates": [[[-52.43989171337639, -26.43882218712056], [-52.43991162822748, -26.43768558735335], [-52.43916044531974, -26.4379099757021], [-52.43777667522165, -26.43789732857756], [-52.43500156990061, -26.43992254014664], [-52.4344350867166, -26.43998544681446], [-52.43015710143556, -26.43821634709762], [-52.42695383508463, -26.43634352384913], [-52.42686038917258, -26.43944790140865], [-52.43368974187798, -26.44259218291839], [-52.43989171337639, -26.43882218712056]]]}}, {"type": "Feature", "properties": {"cod_imovel": "SC-4200101-0F307D2623584FA69EA56E276F50A635", "municipio": "Abelardo Luz", "num_area": 24.1617, "mod_fiscal": 1.2081, "des_condic": "Aguardando analise", "ind_status": "AT", "dat_atuali": "20/09/2022"}, "geometry": {"type": "Polygon", "coordinates": [[[-52.41775513388535, -26.45030957301449], [-52.41869234904743, -26.45232095379041], [-52.42937057525999, -26.45226025616675], [-52.42943706178134, -26.45095379527767], [-52.4290881771389, -26.45080144716559], [-52.42876708639685, -26.45031567762436], [-52.41775513388535, -26.45030957301449]]]}}, {"type": "Feature", "properties": {"cod_imovel": "SC-4200101-BBC42D23C65E4200B3D426B3F02CC2F3", "municipio": "Abelardo Luz", "num_area": 26.4088, "mod_fiscal": 1.3204, "des_condic": "Aguardando analise", "ind_status": "AT", "dat_atuali": "07/08/2019"}, "geometry": {"type": "Polygon", "coordinates": [[[-52.29397091200876, -26.45189214491294], [-52.29161739349365, -26.454244959712955], [-52.293548583984375, -26.45624287055453], [-52.29569435119629, -26.4575107575304], [-52.29792594909667, -26.458509688950144], [-52.29942798614502, -26.45543602611855], [-52.29868618872687, -26.45572579097941], [-52.29397091200876, -26.45189214491294]]]}}, {"type": "Feature", "properties": {"cod_imovel": "SC-4200101-5FE2F18B621F45DBA92FBBCF073C9730", "municipio": "Abelardo Luz", "num_area": 29.7588, "mod_fiscal": 1.4879, "des_condic": "Aguardando analise", "ind_status": "AT", "dat_atuali": "30/10/2014"}, "geometry": {"type": "Polygon", "coordinates": [[[-52.37779140472412, -26.45793338341961], [-52.38560199737549, -26.45970071123797], [-52.38723278045654, -26.45831758742717], [-52.387447357177734, -26.45728023366421], [-52.387146949768066, -26.456434975539267], [-52.37963676452636, -26.45528234082304], [-52.37779140472412, -26.45793338341961]]]}}, {"type": "Feature", "properties": {"cod_imovel": "SC-4200101-C1977F5A506E4319AC4A17938EBCB793", "municipio": "Abelardo Luz", "num_area": 6.7102, "mod_fiscal": 0.3355, "des_condic": "Aguardando analise", "ind_status": "AT", "dat_atuali": "22/01/2015"}, "geometry": {"type": "Polygon", "coordinates": [[[-52.41456985473633, -26.445446055276022], [-52.41873264312744, -26.444908109183483], [-52.41877555847167, -26.443793784286065], [-52.41495609283447, -26.443563232961523], [-52.41456985473633, -26.445446055276022]]]}}, {"type": "Feature", "properties": {"cod_imovel": "SC-4200101-115B74E0C4614CC38B48218F73734582", "municipio": "Abelardo Luz", "num_area": 12.5429, "mod_fiscal": 0.6271, "des_condic": "Aguardando analise", "ind_status": "AT", "dat_atuali": "09/02/2022"}, "geometry": {"type": "Polygon", "coordinates": [[[-52.25330471992493, -26.458874680960683], [-52.2524893283844, -26.458375217917723], [-52.2529399394989, -26.456819184547143], [-52.25106239318847, -26.457894962948338], [-52.24977493286133, -26.46131433468121], [-52.24993586540222, -26.461583269722684], [-52.25178122520447, -26.462927935505242], [-52.25330471992493, -26.458874680960683]]]}}, {"type": "Feature", "properties": {"cod_imovel": "SC-4200101-EB67E8E43A424375979DC5E90AE58C5D", "municipio": "Abelardo Luz", "num_area": 12.248, "mod_fiscal": 0.6124, "des_condic": "Aguardando analise", "ind_status": "AT", "dat_atuali": "13/01/2022"}, "geometry": {"type": "Polygon", "coordinates": [[[-52.3865942888889, -26.4630111297971], [-52.3866626138889, -26.4634404075749], [-52.3864081, -26.4634974520193], [-52.3862615861111, -26.4640957825748], [-52.3863734305556, -26.4645197659082], [-52.3859089111111, -26.4647477631304], [-52.3855400805556, -26.4646499797971], [-52.3856410527778, -26.4650450159082], [-52.3850178388889, -26.465291179797], [-52.3852766, -26.4655416159081], [-52.3913292944444, -26.4661551492415], [-52.3878603888889, -26.4624325075749], [-52.3865942888889, -26.4630111297971]]]}}, {"type": "Feature", "properties": {"cod_imovel": "SC-4200101-BC3999855B1B432F8BD2DEDC5565A688", "municipio": "Abelardo Luz", "num_area": 3.8757, "mod_fiscal": 0.1938, "des_condic": "Aguardando analise", "ind_status": "AT", "dat_atuali": "28/12/2019"}, "geometry": {"type": "Polygon", "coordinates": [[[-52.41857119613732, -26.44237646445319], [-52.41842036395715, -26.4448396088222], [-52.41947988604065, -26.44484786018061], [-52.42038009565358, -26.44244792897793], [-52.41857119613732, -26.44237646445319]]]}}, {"type": "Feature", "properties": {"cod_imovel": "SC-4200101-B71353167D7E40458915067FFAB396E3", "municipio": "Abelardo Luz", "num_area": 29.1623, "mod_fiscal": 1.4581, "des_condic": "Aguardando analise", "ind_status": "AT", "dat_atuali": "24/06/2022"}, "geometry": {"type": "Polygon", "coordinates": [[[-52.37886428833008, -26.456319712586886], [-52.38512992858887, -26.45624287055453], [-52.3862886428833, -26.454667597589715], [-52.38658905029297, -26.45386074211524], [-52.38663196563721, -26.453169147208662], [-52.38547325134277, -26.451670677328515], [-52.37976551055908, -26.45266965941513], [-52.38015174865723, -26.454360224742278], [-52.37886428833008, -26.456319712586886]]]}}, {"type": "Feature", "properties": {"cod_imovel": "SC-4200101-63D93CE00DE24AB5872F2B743DF03F4C", "municipio": "Abelardo Luz", "num_area": 67.0086, "mod_fiscal": 3.3504, "des_condic": "Aguardando analise", "ind_status": "AT", "dat_atuali": "27/12/2017"}, "geometry": {"type": "Polygon", "coordinates": [[[-52.46545426420702, -26.49828554451074], [-52.44858011446607, -26.50924167496482], [-52.46855098778492, -26.50354269935322], [-52.46870647637846, -26.50244241260276], [-52.46849842941628, -26.50235827895809], [-52.46848010207845, -26.50211312906359], [-52.46648560916348, -26.50120314031277], [-52.46608744681144, -26.50008268396362], [-52.46559653395931, -26.49939214485057], [-52.46545426420702, -26.49828554451074]]]}}, {"type": "Feature", "properties": {"cod_imovel": "SC-4200101-4D1E8FFB812249778A6BC184FFF805B7", "municipio": "Abelardo Luz", "num_area": 15.9387, "mod_fiscal": 0.7969, "des_condic": "Aguardando analise", "ind_status": "AT", "dat_atuali": "20/03/2016"}, "geometry": {"type": "Polygon", "coordinates": [[[-52.31313943862915, -26.438836829131333], [-52.31165885925293, -26.438856042547517], [-52.311809062957764, -26.448654467295164], [-52.3129677772522, -26.44765545037958], [-52.31322526931763, -26.447213574749163], [-52.312989234924316, -26.446176120954817], [-52.31316089630127, -26.4458687254435], [-52.31354713439941, -26.44563817827168], [-52.31313943862915, -26.438836829131333]]]}}, {"type": "Feature", "properties": {"cod_imovel": "SC-4200101-4C190B705B7949369F803800AD2F1E99", "municipio": "Abelardo Luz", "num_area": 121.3531, "mod_fiscal": 6.0677, "des_condic": "Aguardando analise", "ind_status": "AT", "dat_atuali": "30/07/2019"}, "geometry": {"type": "Polygon", "coordinates": [[[-52.38729344700001, -26.4415748597], [-52.380216121673584, -26.44525393195993], [-52.37832784652709, -26.444235673035088], [-52.37759828567505, -26.445292356648782], [-52.3791791279, -26.4514876338], [-52.379658222198486, -26.452708081630007], [-52.38937854766846, -26.451094337567316], [-52.388520240783684, -26.44890422017012], [-52.39362716674805, -26.448673679074], [-52.394142150878906, -26.44846234933051], [-52.3948862695, -26.4477901835], [-52.39547252655029, -26.44688696993282], [-52.395150661468506, -26.44629139406006], [-52.394142150878906, -26.446579576318513], [-52.39255428314209, -26.44540763063844], [-52.39109516143799, -26.445061808323413], [-52.388756275177, -26.443447957126217], [-52.38729344700001, -26.4415748597]]]}}, {"type": "Feature", "properties": {"cod_imovel": "SC-4200101-D4429DA7265341299326C08EC0E824A8", "municipio": "Abelardo Luz", "num_area": 6.2349, "mod_fiscal": 0.3117, "des_condic": "Aguardando analise", "ind_status": "AT", "dat_atuali": "26/11/2014"}, "geometry": {"type": "Polygon", "coordinates": [[[-52.41534233093262, -26.44973032197508], [-52.415363788604736, -26.45061405222969], [-52.41564273834228, -26.451228817102923], [-52.4162220954895, -26.451862789941266], [-52.41856098175049, -26.451536198308883], [-52.41796016693115, -26.450652475130408], [-52.417938709259026, -26.449442147599814], [-52.41534233093262, -26.44973032197508]]]}}, {"type": "Feature", "properties": {"cod_imovel": "SC-4200101-EF7AA44EDC4A4E549B53FEA016EB3044", "municipio": "Abelardo Luz", "num_area": 8.4828, "mod_fiscal": 0.4241, "des_condic": "Aguardando analise", "ind_status": "AT", "dat_atuali": "16/12/2014"}, "geometry": {"type": "Polygon", "coordinates": [[[-52.447099685668945, -26.444062760248205], [-52.447829246520996, -26.445138657816475], [-52.4485158920288, -26.44540763063845], [-52.44950294494628, -26.44640666704997], [-52.44976043701172, -26.44717515070119], [-52.451133728027344, -26.44460071028841], [-52.44903087615966, -26.443102128928235], [-52.447099685668945, -26.444062760248205]]]}}, {"type": "Feature", "properties": {"cod_imovel": "SC-4200101-A70FD8E3A7D147C0908FBBB000E6268D", "municipio": "Abelardo Luz", "num_area": 36.0492, "mod_fiscal": 1.7287, "des_condic": "Aguardando analise", "ind_status": "AT", "dat_atuali": "16/12/2014"}, "geometry": {"type": "Polygon", "coordinates": [[[-52.45121955871582, -26.44460071028841], [-52.453064918518066, -26.442756299692107], [-52.454438209533684, -26.44056602375604], [-52.45117664337158, -26.44091185956682], [-52.44954586029053, -26.44010490772691], [-52.44830131530762, -26.438952109580338], [-52.4472713470459, -26.43760716383218], [-52.44576930999756, -26.439374803573276], [-52.44456768035888, -26.440450744921776], [-52.44555473327636, -26.44244889505514], [-52.44697093963623, -26.4441780354683], [-52.44890213012695, -26.44306370350882], [-52.45121955871582, -26.44460071028841]]]}}, {"type": "Feature", "properties": {"cod_imovel": "SC-4200101-F5C2A808AB9648AA9998D9168DF158EF", "municipio": "Abelardo Luz", "num_area": 12.5528, "mod_fiscal": 0.6276, "des_condic": "Aguardando analise", "ind_status": "AT", "dat_atuali": "15/01/2015"}, "geometry": {"type": "Polygon", "coordinates": [[[-52.4450105649329, -26.44830237104664], [-52.4484858014421, -26.44556969273696], [-52.4479059202519, -26.4449738445805], [-52.44713553564488, -26.44474549157708], [-52.44689829693687, -26.44414827096568], [-52.44668965936533, -26.44399708700077], [-52.44537709307108, -26.4447803709601], [-52.44298162315916, -26.44586106602963], [-52.4450105649329, -26.44830237104664]]]}}, {"type": "Feature", "properties": {"cod_imovel": "SC-4200101-77E86C27485D4E6B94CE08FD6E2B59F7", "municipio": "Abelardo Luz", "num_area": 9.3135, "mod_fiscal": 0.4657, "des_condic": "Aguardando analise", "ind_status": "AT", "dat_atuali": "15/01/2015"}, "geometry": {"type": "Polygon", "coordinates": [[[-52.44958932256365, -26.44690856962524], [-52.44909728784784, -26.44615635462397], [-52.44849525532532, -26.44560767788817], [-52.44500551409088, -26.44835190076879], [-52.44797838136228, -26.44956065015685], [-52.44958932256365, -26.44690856962524]]]}}, {"type": "Feature", "properties": {"cod_imovel": "SC-4200101-037C3B86C02449878B400B28D2A7CD87", "municipio": "Abelardo Luz", "num_area": 5.8338, "mod_fiscal": 0.2917, "des_condic": "Aguardando analise", "ind_status": "AT", "dat_atuali": "22/01/2015"}, "geometry": {"type": "Polygon", "coordinates": [[[-52.41860389709472, -26.445023383557654], [-52.41529941558838, -26.445446055276022], [-52.416372299194336, -26.4467140611257], [-52.41851806640625, -26.447674662325053], [-52.41860389709472, -26.445023383557654]]]}}, {"type": "Feature", "properties": {"cod_imovel": "SC-4200101-86C779C5A13D47248AD64EDA7FFA74C0", "municipio": "Abelardo Luz", "num_area": 40.7289, "mod_fiscal": 2.0364, "des_condic": "Aguardando analise", "ind_status": "AT", "dat_atuali": "17/10/2018"}, "geometry": {"type": "Polygon", "coordinates": [[[-52.41452174261702, -26.443431170140233], [-52.408051851466055, -26.442198689323966], [-52.40906440805782, -26.44896325001345], [-52.41421691970577, -26.44946096012814], [-52.41452174261702, -26.443431170140233]]]}}, {"type": "Feature", "properties": {"cod_imovel": "SC-4200101-D5BA1091A54F487D92B078633CDEE21E", "municipio": "Abelardo Luz", "num_area": 26.352, "mod_fiscal": 1.3168, "des_condic": "Aguardando analise", "ind_status": "AT", "dat_atuali": "13/09/2022"}, "geometry": {"type": "Polygon", "coordinates": [[[-52.25743532180786, -26.455743396094174], [-52.25415229797363, -26.45616602847089], [-52.251706123352044, -26.463312122843632], [-52.25415229797363, -26.46434942225198], [-52.25743532180786, -26.455743396094174]]]}}, {"type": "Feature", "properties": {"cod_imovel": "SC-4200101-323868E7835D4D08B04642E371ECA702", "municipio": "Abelardo Luz", "num_area": 146.3984, "mod_fiscal": 6.853, "des_condic": "Aguardando analise", "ind_status": "AT", "dat_atuali": "25/03/2022"}, "geometry": {"type": "Polygon", "coordinates": [[[-52.3971879388889, -26.4240896547979], [-52.3947445833333, -26.4245015047979], [-52.3898912527778, -26.4296412547978], [-52.3895745888889, -26.4307269797977], [-52.3896801916667, -26.4328501270199], [-52.3889687666667, -26.4360077214643], [-52.3892245666667, -26.4373783103532], [-52.3890019833333, -26.4382795159087], [-52.3885268111111, -26.438987299242], [-52.3877274666667, -26.4396467659087], [-52.3866374, -26.4401682131309], [-52.3854370916667, -26.4404909686864], [-52.3869064333333, -26.4409487103531], [-52.3872622722222, -26.4412808631309], [-52.3877055694444, -26.4421094631308], [-52.3923605916667, -26.4401944047975], [-52.3917813222222, -26.4397483297975], [-52.3916953888889, -26.4395177575753], [-52.3919079638889, -26.4392732214642], [-52.3916399972222, -26.4390280936865], [-52.3917007111111, -26.4388431575753], [-52.391349525, -26.4386642353531], [-52.3913050527778, -26.4377819325754], [-52.3905694611111, -26.4374198131309], [-52.3908931777778, -26.4368675186865], [-52.3917016388889, -26.4362939353532], [-52.3930145861111, -26.4340056714643], [-52.39326485, -26.4341353436865], [-52.3934953805556, -26.4339616492421], [-52.3933307055556, -26.4334278325755], [-52.3936507611111, -26.4335143742421], [-52.3936918138889, -26.4329693075755], [-52.4008084611111, -26.4349650742421], [-52.4045775305556, -26.42796765202], [-52.4014980472222, -26.4266109881311], [-52.4008586527778, -26.4256357659089], [-52.39984645, -26.4250202686867], [-52.3983725083333, -26.4243102492423], [-52.3971879388889, -26.4240896547979]]]}}, {"type": "Feature", "properties": {"cod_imovel": "SC-4200101-FBE54497EC8E469E95EE5C4E1C85B926", "municipio": "Abelardo Luz", "num_area": 11.6107, "mod_fiscal": 0.5805, "des_condic": "Aguardando analise", "ind_status": "AT", "dat_atuali": "25/03/2022"}, "geometry": {"type": "Polygon", "coordinates": [[[-52.3923137916667, -26.440247899242], [-52.3877055694444, -26.4421094631308], [-52.3885251472222, -26.4432782159086], [-52.3893882277778, -26.4438439242419], [-52.3930445361111, -26.4424542742419], [-52.3933420083333, -26.4420695492419], [-52.3928958111111, -26.4418394131308], [-52.3923137916667, -26.440247899242]]]}}, {"type": "Feature", "properties": {"cod_imovel": "SC-4200101-69EAE5663B5844A2B483367E620D07CF", "municipio": "Abelardo Luz", "num_area": 41.7139, "mod_fiscal": 2.0589, "des_condic": "Aguardando analise", "ind_status": "AT", "dat_atuali": "25/03/2022"}, "geometry": {"type": "Polygon", "coordinates": [[[-52.4045775305556, -26.42796765202], [-52.4008084611111, -26.4349650742421], [-52.400714225, -26.4355666270199], [-52.4012395666667, -26.4356022909087], [-52.402324825, -26.4346225075754], [-52.4075380333333, -26.4350474825754], [-52.4098765277778, -26.4297122464644], [-52.4073759888889, -26.4294749853533], [-52.4060025138889, -26.4289016214644], [-52.4050056111111, -26.4280146131311], [-52.4045775305556, -26.42796765202]]]}}, {"type": "Feature", "properties": {"cod_imovel": "SC-4200101-C1B8703FCB5C4B889802A588B8C2AAA9", "municipio": "Abelardo Luz", "num_area": 49.5358, "mod_fiscal": 2.4768, "des_condic": "Cancelado por decisao administrativa", "ind_status": "CA", "dat_atuali": "18/12/2019"}, "geometry": {"type": "Polygon", "coordinates": [[[-52.39106726826158, -26.494908876854527], [-52.390383832791365, -26.49529517606572], [-52.39157015503088, -26.498933687696848], [-52.40446081251212, -26.506717594741186], [-52.40521248238287, -26.507324772171312], [-52.405650456550724, -26.507313569300752], [-52.405500142572556, -26.50623391661945], [-52.405083384512956, -26.506023328009523], [-52.40516882958421, -26.505111874434654], [-52.40556041429566, -26.504955965505513], [-52.39106726826158, -26.494908876854527]]]}}, {"type": "Feature", "properties": {"cod_imovel": "SC-4200101-C7857D13B85F4446B1F05B0495C8AC7E", "municipio": "Abelardo Luz", "num_area": 11.1119, "mod_fiscal": 0.5169, "des_condic": "Aguardando analise", "ind_status": "AT", "dat_atuali": "10/02/2015"}, "geometry": {"type": "Polygon", "coordinates": [[[-52.24754333496094, -26.459047571509156], [-52.24908828735351, -26.461083818431273], [-52.24973201751708, -26.4613911733286], [-52.250890731811516, -26.459124411669578], [-52.25093364715576, -26.458432848379417], [-52.25020408630371, -26.457549178129888], [-52.24844455718994, -26.456511817443406], [-52.24754333496094, -26.459047571509156]]]}}, {"type": "Feature", "properties": {"cod_imovel": "SC-4200101-CE21121EF4BB41B4827E600812A0BFE4", "municipio": "Abelardo Luz", "num_area": 24.6868, "mod_fiscal": 1.2343, "des_condic": "Aguardando analise", "ind_status": "AT", "dat_atuali": "09/09/2022"}, "geometry": {"type": "Polygon", "coordinates": [[[-52.40970725749585, -26.45425280160295], [-52.39966854584603, -26.45391593839149], [-52.39886854912673, -26.45606379305118], [-52.4097140685023, -26.45636140607409], [-52.40970725749585, -26.45425280160295]]]}}, {"type": "Feature", "properties": {"cod_imovel": "SC-4200101-7ACBA4CEB2B74256B4ACE646982107B2", "municipio": "Abelardo Luz", "num_area": 19.7521, "mod_fiscal": 0.9876, "des_condic": "Aguardando analise", "ind_status": "AT", "dat_atuali": "14/07/2022"}, "geometry": {"type": "Polygon", "coordinates": [[[-52.26226796404217, -26.46963421818594], [-52.25554639, -26.4689069392466], [-52.2559385496733, -26.4727291499999], [-52.25788914771309, -26.4724356346895], [-52.26081075490131, -26.471341411146], [-52.26090855900199, -26.4715898993119], [-52.26137692087461, -26.4716641253919], [-52.26205811610892, -26.47217043637628], [-52.26215282447482, -26.47172526697764], [-52.26184131683289, -26.47082552380326], [-52.26226796404217, -26.46963421818594]]]}}, {"type": "Feature", "properties": {"cod_imovel": "SC-4200101-14259D7F448045C4B2390360240D9D88", "municipio": "Abelardo Luz", "num_area": 14.6488, "mod_fiscal": 0.7324, "des_condic": "Aguardando analise", "ind_status": "AT", "dat_atuali": "09/09/2022"}, "geometry": {"type": "Polygon", "coordinates": [[[-52.40254967870191, -26.44943723693796], [-52.40150151641872, -26.4488976626031], [-52.40068149733707, -26.4508000169779], [-52.39965594550096, -26.45390833285656], [-52.40396878471283, -26.45404113860512], [-52.40254967870191, -26.44943723693796]]]}}, {"type": "Feature", "properties": {"cod_imovel": "SC-4200101-A33DFA536FA646E88D3144769E65573D", "municipio": "Abelardo Luz", "num_area": 9.4528, "mod_fiscal": 0.4726, "des_condic": "Aguardando analise", "ind_status": "AT", "dat_atuali": "01/07/2014"}, "geometry": {"type": "Polygon", "coordinates": [[[-52.4014248111821, -26.449003307102732], [-52.396367645808404, -26.447815769240975], [-52.39670455301863, -26.449638890743877], [-52.40065869695291, -26.450862581582435], [-52.4014248111821, -26.449003307102732]]]}}, {"type": "Feature", "properties": {"cod_imovel": "SC-4200101-7146CC7627A8436DA9978EB466D58C8E", "municipio": "Abelardo Luz", "num_area": 12.0921, "mod_fiscal": 0.6046, "des_condic": "Aguardando analise", "ind_status": "AT", "dat_atuali": "12/11/2015"}, "geometry": {"type": "Polygon", "coordinates": [[[-52.414643620220325, -26.44929838731609], [-52.41370444463529, -26.448979114959457], [-52.41344623215591, -26.45392281398012], [-52.41765376944192, -26.45409751322078], [-52.4148804675491, -26.45050602807219], [-52.414643620220325, -26.44929838731609]]]}}, {"type": "Feature", "properties": {"cod_imovel": "SC-4200101-4FFD202AF8624CBB985F9B963E2DDC22", "municipio": "Abelardo Luz", "num_area": 28.7012, "mod_fiscal": 1.4351, "des_condic": "Aguardando analise", "ind_status": "AT", "dat_atuali": "25/04/2016"}, "geometry": {"type": "Polygon", "coordinates": [[[-52.40899085998535, -26.45159383219367], [-52.410224676132195, -26.454225748863518], [-52.413990497589104, -26.454437068031055], [-52.414430379867554, -26.45128645114152], [-52.41421580314636, -26.449845591523292], [-52.407252788543694, -26.44886579668615], [-52.40899085998535, -26.45159383219367]]]}}, {"type": "Feature", "properties": {"cod_imovel": "SC-4200101-130040816DA14296B0D5E6D2E5EFFD87", "municipio": "Abelardo Luz", "num_area": 24.1953, "mod_fiscal": 1.2096, "des_condic": "Aguardando analise", "ind_status": "AT", "dat_atuali": "14/04/2016"}, "geometry": {"type": "Polygon", "coordinates": [[[-52.44261503219604, -26.438183571075058], [-52.44051218032837, -26.438183571075058], [-52.44016885757446, -26.43852941403678], [-52.43967533111572, -26.438721548566985], [-52.43924617767334, -26.440527597490778], [-52.43973970413208, -26.44287157621949], [-52.44070529937744, -26.443025278076583], [-52.44107007980347, -26.44283315072318], [-52.44173526763916, -26.44298685263153], [-52.44248628616333, -26.44248732067961], [-52.44242191314697, -26.443025278076583], [-52.44270086288452, -26.442544959092313], [-52.44306564331055, -26.442641023049358], [-52.443387508392334, -26.442410469417847], [-52.44370937347412, -26.442679448609763], [-52.44409561157226, -26.44237204376774], [-52.445640563964844, -26.442295192429068], [-52.44557619094848, -26.44187250915003], [-52.4451470375061, -26.44110399012426], [-52.44261503219604, -26.438183571075058]]]}}, {"type": "Feature", "properties": {"cod_imovel": "SC-4200101-85633EE9FE2E4EF6A4BDC6D8F9E51238", "municipio": "Abelardo Luz", "num_area": 57.5528, "mod_fiscal": 2.8776, "des_condic": "Aguardando analise", "ind_status": "AT", "dat_atuali": "27/12/2019"}, "geometry": {"type": "Polygon", "coordinates": [[[-52.242393493652344, -26.485112652595273], [-52.241342067718506, -26.486284194033882], [-52.24305868148804, -26.488051086414025], [-52.24419593811035, -26.489664312265536], [-52.24518299102783, -26.49135433411703], [-52.2454833984375, -26.49237217619929], [-52.24651336669922, -26.492487403036957], [-52.247929573059075, -26.493486030791992], [-52.25273609161377, -26.489280212925436], [-52.252607345581055, -26.488627241102325], [-52.25228548049927, -26.48820472794653], [-52.25127696990967, -26.488031881208023], [-52.25001096725464, -26.48737890229533], [-52.24992513656616, -26.4868795629776], [-52.24949598312378, -26.486245783028433], [-52.249131202697754, -26.48609213887832], [-52.24531173706054, -26.48538153201357], [-52.24393844604492, -26.48493980120865], [-52.24318742752075, -26.485131858288852], [-52.242393493652344, -26.485112652595273]]]}}, {"type": "Feature", "properties": {"cod_imovel": "SC-4200101-A969519CFAD14E839939171D9CF1A325", "municipio": "Abelardo Luz", "num_area": 67.429, "mod_fiscal": 3.3715, "des_condic": "Aguardando analise", "ind_status": "AT", "dat_atuali": "26/12/2017"}, "geometry": {"type": "Polygon", "coordinates": [[[-52.47591980198757, -26.49133304882241], [-52.46858300015324, -26.4926583660765], [-52.46874521662591, -26.49415112337633], [-52.46846343328579, -26.49430510704011], [-52.46863718286419, -26.49508605482784], [-52.46903463856761, -26.49586288682909], [-52.46891543669999, -26.49654725121576], [-52.46908126673016, -26.49689159808189], [-52.46924443727691, -26.49688981469471], [-52.4696261980797, -26.49796803349472], [-52.46887782515634, -26.49975875852406], [-52.46886362595813, -26.50071735521942], [-52.46915382365089, -26.5009294520866], [-52.46898433175738, -26.50108753993471], [-52.46902423613409, -26.50154261844582], [-52.46884539472201, -26.50168294927379], [-52.46881725439366, -26.50198540088185], [-52.46855686974243, -26.50193383741319], [-52.46852510586302, -26.50205804780869], [-52.46874606916005, -26.50273627900449], [-52.4686039657181, -26.50351297346109], [-52.47359516396045, -26.50237209196839], [-52.47379581940861, -26.50164900494726], [-52.47358459940673, -26.50103704533298], [-52.47377565182939, -26.50036046936964], [-52.47367486640562, -26.4998518856649], [-52.47393521921269, -26.49864476516875], [-52.47378270326796, -26.49758219322946], [-52.4740790528324, -26.49730758762712], [-52.47563158154173, -26.49714186785969], [-52.4758372624117, -26.49666158065571], [-52.4758061603917, -26.49629619141795], [-52.47532749619662, -26.49564524388346], [-52.47500876381031, -26.49343277020128], [-52.47519530080655, -26.49224597169703], [-52.47591980198757, -26.49133304882241]]]}}, {"type": "Feature", "properties": {"cod_imovel": "SC-4200101-1E71DE1C6F7F484AB5943B626E5E9571", "municipio": "Abelardo Luz", "num_area": 32.2483, "mod_fiscal": 1.6124, "des_condic": "Aguardando analise", "ind_status": "AT", "dat_atuali": "27/12/2019"}, "geometry": {"type": "Polygon", "coordinates": [[[-52.25730657577514, -26.49114308274425], [-52.25668430328369, -26.49093183098328], [-52.255847454071045, -26.490221254029326], [-52.25574016571045, -26.489779541817335], [-52.255353927612305, -26.489453057787276], [-52.25473165512085, -26.489357032896116], [-52.254323959350586, -26.489472262755882], [-52.25327253341675, -26.488684856412355], [-52.2480583190918, -26.493486030791992], [-52.24880933761597, -26.493620460788794], [-52.249324321746826, -26.494427037468146], [-52.24994659423828, -26.494580670479678], [-52.25046157836914, -26.495099180377554], [-52.25080490112305, -26.495099180377554], [-52.25125551223755, -26.49550246423658], [-52.25730657577514, -26.49114308274425]]]}}, {"type": "Feature", "properties": {"cod_imovel": "SC-4200101-C829C23563F744DD9EB96979CCD17C8C", "municipio": "Abelardo Luz", "num_area": 12.7176, "mod_fiscal": 0.6359, "des_condic": "Aguardando analise", "ind_status": "AT", "dat_atuali": "28/12/2019"}, "geometry": {"type": "Polygon", "coordinates": [[[-52.44442102391837, -26.45103026731421], [-52.43971231148974, -26.44924951809656], [-52.43963179127969, -26.45231225267844], [-52.44497721646368, -26.45264704676244], [-52.44442102391837, -26.45103026731421]]]}}, {"type": "Feature", "properties": {"cod_imovel": "SC-4200101-2DD3BAB0FDE64122B6A3414CD2F68BF1", "municipio": "Abelardo Luz", "num_area": 16.3294, "mod_fiscal": 0.8165, "des_condic": "Aguardando analise", "ind_status": "AT", "dat_atuali": "28/12/2019"}, "geometry": {"type": "Polygon", "coordinates": [[[-52.43979263281084, -26.44790811637811], [-52.4295467823636, -26.44740475995408], [-52.42956542391873, -26.44803261434287], [-52.4292963494223, -26.4487807414848], [-52.43969425529559, -26.44939185209644], [-52.43979263281084, -26.44790811637811]]]}}, {"type": "Feature", "properties": {"cod_imovel": "SC-4200101-C39A0B707EC949D19EC6563C45170182", "municipio": "Abelardo Luz", "num_area": 17.27, "mod_fiscal": 0.8635, "des_condic": "Aguardando analise", "ind_status": "AT", "dat_atuali": "09/06/2020"}, "geometry": {"type": "Polygon", "coordinates": [[[-52.26131961752063, -26.47338965885693], [-52.25841147366102, -26.47253744369252], [-52.25190746111255, -26.47357239569399], [-52.2523984579035, -26.47486778952315], [-52.2610223638337, -26.4746094118528], [-52.26131961752063, -26.47338965885693]]]}}, {"type": "Feature", "properties": {"cod_imovel": "SC-4200101-E7F165DBF95C42C7A9F281015C380EC2", "municipio": "Abelardo Luz", "num_area": 12.2713, "mod_fiscal": 0.6136, "des_condic": "Aguardando analise", "ind_status": "AT", "dat_atuali": "28/12/2019"}, "geometry": {"type": "Polygon", "coordinates": [[[-52.43280312530808, -26.44462981119395], [-52.42340692792874, -26.44467277246057], [-52.42382404152273, -26.44526154015168], [-52.42416926358991, -26.44535208503907], [-52.42515269906178, -26.44620626681504], [-52.42974042892456, -26.446214545336048], [-52.43280312530808, -26.44462981119395]]]}}, {"type": "Feature", "properties": {"cod_imovel": "SC-4200101-A40E84B2C1AC49AFAC2059AD3227F424", "municipio": "Abelardo Luz", "num_area": 526.6304, "mod_fiscal": 26.3315, "des_condic": "Aguardando analise", "ind_status": "AT", "dat_atuali": "28/12/2017"}, "geometry": {"type": "Polygon", "coordinates": [[[-52.44986129313322, -26.51007765002101], [-52.45479980639921, -26.5130530739738], [-52.45520055287911, -26.51343498899429], [-52.45639245810211, -26.51611743087039], [-52.45705905000482, -26.51703936351153], [-52.45623494617778, -26.5212796040797], [-52.4566074707483, -26.52126865322377], [-52.45674355064009, -26.52102542442286], [-52.45711715939023, -26.52128333450047], [-52.45758086228142, -26.52105538319237], [-52.45784272129711, -26.52124269521053], [-52.4580300700139, -26.52166117302403], [-52.45836111416942, -26.52182197885609], [-52.45843547774009, -26.52243259313388], [-52.45820205010657, -26.52247281069384], [-52.45834661284236, -26.52259512191566], [-52.45815603289273, -26.52269765568368], [-52.45802764041842, -26.52264185003728], [-52.45839024538319, -26.52323971913956], [-52.4599363194573, -26.52429397809386], [-52.46031229672664, -26.52421928179443], [-52.46072552146991, -26.52435190505585], [-52.4605262910163, -26.52459825687794], [-52.46050622923352, -26.52503128136236], [-52.46026532865337, -26.5252589021477], [-52.46049901608712, -26.52586312859213], [-52.46062921522315, -26.52576619088467], [-52.46086246728717, -26.52587359462884], [-52.46119353547379, -26.52534766618652], [-52.46132609508749, -26.5255181022565], [-52.46116851548629, -26.52587901397824], [-52.46129565828326, -26.52590228004123], [-52.46156412490564, -26.5254469214679], [-52.46167967354907, -26.52552952863818], [-52.46500771875973, -26.51999254476933], [-52.4635194551304, -26.51942432971893], [-52.46989080445165, -26.51594011767554], [-52.47137994672546, -26.51704178973739], [-52.47414364527847, -26.51483553290041], [-52.47451537189982, -26.51480058193917], [-52.47465940259951, -26.51492809170882], [-52.47429391841251, -26.51545671607991], [-52.47469110151153, -26.515434820487], [-52.47485533863931, -26.5156764495095], [-52.47589944199458, -26.51549539108307], [-52.47602164235372, -26.51560274955189], [-52.47695298177784, -26.51506184756421], [-52.47726209597861, -26.51510966273523], [-52.47719607317873, -26.51531483151631], [-52.47741239496758, -26.51514814512148], [-52.47811795279905, -26.5154244068115], [-52.47844233933724, -26.5153434658902], [-52.47871282984122, -26.51502448816486], [-52.4785659879376, -26.51478313663766], [-52.47871691780685, -26.51461299709461], [-52.47848059935766, -26.51416026142119], [-52.47885000936855, -26.51406979216842], [-52.47888621661223, -26.51372471928481], [-52.47870969595308, -26.5137198773086], [-52.47908794617205, -26.51347195934604], [-52.47904091122335, -26.51318918824841], [-52.47916952184535, -26.51313656090328], [-52.47892400542753, -26.51309276017236], [-52.47898988154313, -26.51294641107718], [-52.47935654131628, -26.51302643109697], [-52.47957253560347, -26.51252943050157], [-52.48016562727525, -26.51243891517228], [-52.48008978929203, -26.51219058223321], [-52.480386997175, -26.51227250833843], [-52.48098662853141, -26.51209364162689], [-52.48130859450449, -26.51114478575087], [-52.48185619581928, -26.5108713380879], [-52.48186589271647, -26.51072249398055], [-52.48219383635351, -26.5107701647538], [-52.48226033307519, -26.51054439659607], [-52.48281242422447, -26.51021643944419], [-52.48320365639384, -26.51021650433703], [-52.48323560328369, -26.51038891155444], [-52.48338970585971, -26.51024567119075], [-52.48356048997561, -26.51032713567798], [-52.48396970592687, -26.51009971847247], [-52.4839983188853, -26.50988613799404], [-52.484453001558, -26.50992294379819], [-52.48443229432822, -26.50979579012064], [-52.48464256354112, -26.5098255659648], [-52.48467172035492, -26.5096217636033], [-52.48512592110834, -26.50935687356434], [-52.48590657862247, -26.50932056575636], [-52.48615508817962, -26.50946874498103], [-52.48658120448159, -26.50927130581195], [-52.48658489315951, -26.50939921332284], [-52.48720299514616, -26.50926527903145], [-52.48973489897129, -26.49758163441897], [-52.48764176836023, -26.49782310121582], [-52.48663440190655, -26.49777680884399], [-52.47836953655382, -26.50035992924244], [-52.47451728614565, -26.50217007685217], [-52.46853979998731, -26.50358907374043], [-52.44843551374015, -26.50937379734591], [-52.44986129313322, -26.51007765002101]]]}}, {"type": "Feature", "properties": {"cod_imovel": "SC-4200101-4116E4A0982D440BBB1FA1F1E6D8EF5A", "municipio": "Abelardo Luz", "num_area": 6.3178, "mod_fiscal": 0.3159, "des_condic": "Aguardando analise", "ind_status": "AT", "dat_atuali": "27/12/2019"}, "geometry": {"type": "Polygon", "coordinates": [[[-52.25090781368695, -26.47971998478394], [-52.24655425806134, -26.47692829462942], [-52.24613404259531, -26.47770425756585], [-52.25016806523104, -26.48085121189032], [-52.25090781368695, -26.47971998478394]]]}}, {"type": "Feature", "properties": {"cod_imovel": "SC-4200101-7B7BD1846F5D4324832E5BD6F396692A", "municipio": "Abelardo Luz", "num_area": 4.835, "mod_fiscal": 0.2418, "des_condic": "Aguardando analise", "ind_status": "AT", "dat_atuali": "08/10/2020"}, "geometry": {"type": "Polygon", "coordinates": [[[-52.253900832151906, -26.461034668839186], [-52.252998322913015, -26.459824300088016], [-52.25170597028234, -26.46301159935071], [-52.25290500834164, -26.46390174354621], [-52.253900832151906, -26.461034668839186]]]}}, {"type": "Feature", "properties": {"cod_imovel": "SC-4200101-24653A8752044E27A9226395750ADA97", "municipio": "Abelardo Luz", "num_area": 240.6372, "mod_fiscal": 12.0319, "des_condic": "Aguardando analise", "ind_status": "AT", "dat_atuali": "10/09/2020"}, "geometry": {"type": "Polygon", "coordinates": [[[-52.38307428984433, -26.481126828446968], [-52.38278453689542, -26.482012703088635], [-52.38303257813908, -26.483968606946362], [-52.38276524404448, -26.485245586045966], [-52.38313581576575, -26.487077227604114], [-52.3840280050525, -26.488768278134746], [-52.384494810102446, -26.49292426765222], [-52.38433741463235, -26.494882761679158], [-52.384514378179354, -26.49663038481741], [-52.385918084172104, -26.49707070422172], [-52.38648292312002, -26.49705460069826], [-52.3870882202449, -26.496811625458395], [-52.38753419977347, -26.496325493945655], [-52.388738668834684, -26.496069895820565], [-52.39017962795369, -26.495238043596494], [-52.39066198094124, -26.49511146183801], [-52.391493270873646, -26.49455624824764], [-52.39176974569266, -26.494183103557994], [-52.39302226026171, -26.494294597284522], [-52.39594171142149, -26.493800118050547], [-52.39652697020241, -26.493955173788848], [-52.3971030921386, -26.493887984480857], [-52.398215438044154, -26.493307926586198], [-52.3982835844948, -26.49342600808961], [-52.398361081982394, -26.493031789359062], [-52.3998795493704, -26.492160660999748], [-52.40068394709616, -26.490524603314018], [-52.40103364101263, -26.490346892961337], [-52.40120241711934, -26.489891833488244], [-52.401456456343766, -26.489904135443407], [-52.40149221456512, -26.489694235490553], [-52.40126238209196, -26.489604004329397], [-52.401566008795186, -26.489382040324333], [-52.40163818251647, -26.489056202262404], [-52.401399119448655, -26.488462772731175], [-52.400470413275606, -26.48827666625847], [-52.40133708697736, -26.48788417938266], [-52.4011965697428, -26.487795156431186], [-52.40054235194802, -26.488098450445253], [-52.40047614194775, -26.487916543751396], [-52.40090919279004, -26.48777000077317], [-52.40107006335646, -26.487497223269738], [-52.400665142540404, -26.487749601208876], [-52.400297084196396, -26.487678698696822], [-52.401001263811, -26.48728379976422], [-52.400579575655726, -26.486746868272913], [-52.40091924396545, -26.48668068464575], [-52.400785368485096, -26.486267062371983], [-52.4004187942482, -26.486174190298748], [-52.400319404333665, -26.48582954317097], [-52.40015772622585, -26.485849292769956], [-52.40009177099419, -26.48596487029867], [-52.400358015403164, -26.486179616372677], [-52.399513302969176, -26.48655404320793], [-52.39958273605916, -26.486044584019307], [-52.399040464979805, -26.485921310735705], [-52.398648838020286, -26.484328207950018], [-52.3987108180252, -26.484060644869192], [-52.39901684126923, -26.48391227415016], [-52.39915958041284, -26.483997260416448], [-52.39951097901516, -26.48317538069218], [-52.3995579630878, -26.48267283090277], [-52.39922173801385, -26.482289925301924], [-52.39899137274198, -26.482237186837644], [-52.39820777016122, -26.482535544594228], [-52.3980284113929, -26.482328104121773], [-52.39806523084494, -26.481945107662305], [-52.39697646698719, -26.482271291037375], [-52.394941892741876, -26.48235827134974], [-52.39245175917464, -26.48182043180212], [-52.39116346754415, -26.48133214779113], [-52.38861937714242, -26.48081652251907], [-52.38709567696083, -26.480725982923136], [-52.38577225032257, -26.48109659269083], [-52.38380330107498, -26.481269171420596], [-52.38307428984433, -26.481126828446968]]]}}, {"type": "Feature", "properties": {"cod_imovel": "SC-4200101-71723945F8F24D9A9F4ED6DBA05E5229", "municipio": "Abelardo Luz", "num_area": 59.7344, "mod_fiscal": 2.9867, "des_condic": "Aguardando analise", "ind_status": "AT", "dat_atuali": "10/09/2020"}, "geometry": {"type": "Polygon", "coordinates": [[[-52.399090044749855, -26.47950164427051], [-52.39357483519371, -26.47651751607234], [-52.39065489879814, -26.47676980045218], [-52.38591493750391, -26.478557262734892], [-52.382859744073734, -26.48089048635021], [-52.38380829511689, -26.481131577602717], [-52.385745660935925, -26.480962230415216], [-52.38707768441174, -26.48058920826756], [-52.388640995952734, -26.48068210721223], [-52.39120956024411, -26.48120269360915], [-52.39249883813836, -26.48169134678955], [-52.39495616003439, -26.482222103578874], [-52.39693706971444, -26.482137417706618], [-52.39817582301433, -26.481790202827252], [-52.39834626555608, -26.48159313042177], [-52.39849758439291, -26.480536679866894], [-52.39894053972618, -26.480329425948412], [-52.398902432177756, -26.479872802939987], [-52.399090044749855, -26.47950164427051]]]}}, {"type": "Feature", "properties": {"cod_imovel": "SC-4200101-869126C397744E34A4171014B60AF171", "municipio": "Abelardo Luz", "num_area": 84.8663, "mod_fiscal": 4.2433, "des_condic": "Aguardando analise", "ind_status": "AT", "dat_atuali": "19/01/2021"}, "geometry": {"type": "Polygon", "coordinates": [[[-52.3646222138889, -26.4363247186865], [-52.3615408972222, -26.4374546797976], [-52.3607019388889, -26.4463832575752], [-52.3670355361111, -26.4478041742418], [-52.3698284444444, -26.4373657381309], [-52.3646222138889, -26.4363247186865]]]}}, {"type": "Feature", "properties": {"cod_imovel": "SC-4200101-949479FA04A143A9B6A102A90B635570", "municipio": "Abelardo Luz", "num_area": 165.5668, "mod_fiscal": 8.2783, "des_condic": "Aguardando analise", "ind_status": "AT", "dat_atuali": "10/08/2021"}, "geometry": {"type": "Polygon", "coordinates": [[[-52.44128707830414, -26.46461651326678], [-52.43881922971168, -26.45999263492211], [-52.4382183236887, -26.46131746789362], [-52.43774700825571, -26.46155183674697], [-52.4377388605314, -26.46218096570568], [-52.43663058384232, -26.46300234195896], [-52.43650667525904, -26.46342437315782], [-52.4366087721687, -26.46385853635786], [-52.43623622238381, -26.46519262415379], [-52.43573229219027, -26.4658802662198], [-52.43412659932719, -26.46697006968424], [-52.4340659485783, -26.46748950913918], [-52.43379475588128, -26.46765018204698], [-52.43257863575813, -26.46769491842554], [-52.43171861765527, -26.46845592064653], [-52.43130954177192, -26.46926993865668], [-52.43043890922745, -26.47003065032518], [-52.43029411059239, -26.47039527307405], [-52.43045221517253, -26.47063771039558], [-52.43038339182728, -26.47095503231034], [-52.43013339492282, -26.47113576095372], [-52.42995113865954, -26.47187555638851], [-52.42944622378117, -26.47258376686677], [-52.42787458500332, -26.47330940894896], [-52.42795565105995, -26.47368642351544], [-52.42836013528264, -26.47404774947743], [-52.42809086594361, -26.47467923405263], [-52.42743200390195, -26.47546066477674], [-52.42717328631873, -26.47615705236517], [-52.42703016524902, -26.47813442864323], [-52.42722193285991, -26.47959594526301], [-52.42676495360924, -26.4802009575664], [-52.42722422227353, -26.48188708273261], [-52.42829154134746, -26.48279195814016], [-52.42888804605, -26.48281415833006], [-52.43005573333766, -26.48354082473071], [-52.43026672017258, -26.48385526807541], [-52.4304556261375, -26.48451108676662], [-52.43036471633365, -26.4850447380049], [-52.43075987917012, -26.48637010559251], [-52.43446384157489, -26.48637825940564], [-52.43473229431016, -26.48529443767922], [-52.43382265127332, -26.48261029992907], [-52.43390922470227, -26.48182958348658], [-52.4360554651353, -26.47280482470644], [-52.43685226137075, -26.47041453966245], [-52.44128707830414, -26.46461651326678]]]}}, {"type": "Feature", "properties": {"cod_imovel": "SC-4200101-F5FC803CF9924A2381CF15473CB22314", "municipio": "Abelardo Luz", "num_area": 4.0108, "mod_fiscal": 0.2005, "des_condic": "Aguardando analise", "ind_status": "AT", "dat_atuali": "25/05/2020"}, "geometry": {"type": "Polygon", "coordinates": [[[-52.45033722501674, -26.44783618018888], [-52.44982118810013, -26.4474121449294], [-52.44953738049828, -26.44685515395355], [-52.44813488046868, -26.44949358867114], [-52.44966491681439, -26.45010017443091], [-52.45033722501674, -26.44783618018888]]]}}, {"type": "Feature", "properties": {"cod_imovel": "SC-4200101-B23ADCA718764D72B15D3FF26825BD80", "municipio": "Abelardo Luz", "num_area": 4.2476, "mod_fiscal": 0.2124, "des_condic": "Aguardando analise", "ind_status": "AT", "dat_atuali": "29/06/2020"}, "geometry": {"type": "Polygon", "coordinates": [[[-52.3426893611111, -26.4902745186854], [-52.3426092555556, -26.4903957825743], [-52.3429315, -26.4905062047965], [-52.3428854861111, -26.490724249241], [-52.3427323333333, -26.4910572270188], [-52.3424664305556, -26.4910875603521], [-52.3423201694444, -26.4918384909076], [-52.3450425333333, -26.4907797714632], [-52.3454206833333, -26.490274724241], [-52.3455848194444, -26.4896812297966], [-52.3455452861111, -26.4895515853521], [-52.3451404694444, -26.4895037353521], [-52.3444730444444, -26.4896183020188], [-52.3443076583333, -26.4893501020188], [-52.3442622361111, -26.4896515853521], [-52.3437505305556, -26.4894707770188], [-52.3436955666667, -26.4898472464632], [-52.3433325888889, -26.490250374241], [-52.3426893611111, -26.4902745186854]]]}}, {"type": "Feature", "properties": {"cod_imovel": "SC-4216107-CD20C9A5471C446198F372952F8FD6AE", "municipio": "Sao Domingos", "num_area": 12.0189, "mod_fiscal": 0.6009, "des_condic": "Aguardando analise", "ind_status": "AT", "dat_atuali": "18/03/2026"}, "geometry": {"type": "Polygon", "coordinates": [[[-52.48588713732999, -26.43008802161225], [-52.48303090003041, -26.4311214399476], [-52.48285437544702, -26.43348128508819], [-52.48234145439402, -26.43461717987492], [-52.48484603424181, -26.43430183361448], [-52.48543048114767, -26.43301559305155], [-52.48589500134278, -26.43262688960525], [-52.48656684111606, -26.43235547116585], [-52.48597081829002, -26.43093596899895], [-52.48588713732999, -26.43008802161225]]]}}, {"type": "Feature", "properties": {"cod_imovel": "SC-4216107-369D4CAF003349AAA4B719014D7FB67B", "municipio": "Sao Domingos", "num_area": 37.168, "mod_fiscal": 1.8584, "des_condic": "Aguardando analise", "ind_status": "AT", "dat_atuali": "18/03/2026"}, "geometry": {"type": "Polygon", "coordinates": [[[-52.48443850804791, -26.43987803786845], [-52.48424713828386, -26.43868876994455], [-52.48210757123405, -26.44010650494413], [-52.47720643451927, -26.44168413289368], [-52.47905288806135, -26.44582839700334], [-52.48645000912657, -26.44303413625806], [-52.48443850804791, -26.43987803786845]]]}}, {"type": "Feature", "properties": {"cod_imovel": "SC-4216107-7C20082B54324633BF23BEE8A97B914E", "municipio": "Sao Domingos", "num_area": 3.008, "mod_fiscal": 0.1504, "des_condic": "Aguardando analise", "ind_status": "AT", "dat_atuali": "09/07/2025"}, "geometry": {"type": "Polygon", "coordinates": [[[-52.47883393446866, -26.42423528207562], [-52.47861275077894, -26.4252106349038], [-52.47815058987847, -26.42561977387473], [-52.47846174647223, -26.42585794259841], [-52.4808106915166, -26.42549730279519], [-52.48039670283894, -26.42488034527766], [-52.47990333898127, -26.42448874895215], [-52.47874259686045, -26.42390238990636], [-52.47883393446866, -26.42423528207562]]]}}, {"type": "Feature", "properties": {"cod_imovel": "SC-4216107-B57AB50E438E4CC7A2C3DEFB49D86D9B", "municipio": "Sao Domingos", "num_area": 12.965, "mod_fiscal": 0.6482, "des_condic": "Aguardando analise", "ind_status": "AT", "dat_atuali": "08/07/2025"}, "geometry": {"type": "Polygon", "coordinates": [[[-52.4736805306408, -26.42433788515961], [-52.47646652604759, -26.4272156261276], [-52.47683935735786, -26.42644428392938], [-52.47848114067695, -26.4251649627716], [-52.47869465894208, -26.42421819823543], [-52.4786070034148, -26.42393811486717], [-52.47798154320869, -26.42356633887797], [-52.47489729393521, -26.42305713513593], [-52.47468671157011, -26.42347023963621], [-52.4736805306408, -26.42433788515961]]]}}, {"type": "Feature", "properties": {"cod_imovel": "SC-4216107-E892A91DE12E4DD08000D2DD1C0EBC05", "municipio": "Sao Domingos", "num_area": 19.3898, "mod_fiscal": 0.9695, "des_condic": "Aguardando analise", "ind_status": "AT", "dat_atuali": "08/07/2025"}, "geometry": {"type": "Polygon", "coordinates": [[[-52.4765790983463, -26.42732278440174], [-52.47971981151797, -26.43041226879498], [-52.48279061738777, -26.42786244753832], [-52.4822563416867, -26.42676601207123], [-52.48125444291864, -26.42617537359055], [-52.48088309369084, -26.42560794305619], [-52.47879700822275, -26.42600023297458], [-52.47844118734542, -26.42598333952971], [-52.4780374537978, -26.42570187513487], [-52.47680644234407, -26.42667659463017], [-52.4765790983463, -26.42732278440174]]]}}, {"type": "Feature", "properties": {"cod_imovel": "SC-4216107-55DA848BBFAA4EB3B41BF7D2F9D51505", "municipio": "Sao Domingos", "num_area": 2.1611, "mod_fiscal": 0.1081, "des_condic": "Aguardando analise", "ind_status": "AT", "dat_atuali": "04/06/2025"}, "geometry": {"type": "Polygon", "coordinates": [[[-52.4898842305556, -26.4693853020192], [-52.4907222166667, -26.4706248131303], [-52.4912385, -26.4714886797969], [-52.4914724805556, -26.4689277770192], [-52.4898842305556, -26.4693853020192]]]}}, {"type": "Feature", "properties": {"cod_imovel": "SC-4216107-5C2A7A57F8D64BDD8B8BB4B000B8F965", "municipio": "Sao Domingos", "num_area": 198.2361, "mod_fiscal": 9.9118, "des_condic": "Aguardando analise", "ind_status": "AT", "dat_atuali": "02/06/2025"}, "geometry": {"type": "Polygon", "coordinates": [[[-52.48222735, -26.4758852603524], [-52.4819863833333, -26.4760423464635], [-52.4817072611111, -26.4759538686857], [-52.4819217027778, -26.476090177019], [-52.4816208527778, -26.4762458547968], [-52.4813747444444, -26.4766367325746], [-52.4816121833333, -26.4770182492413], [-52.4812195666667, -26.4771819825746], [-52.4807714722222, -26.4769120075746], [-52.4806704333333, -26.4769798047968], [-52.4812507361111, -26.4773708297968], [-52.4811008861111, -26.4777017047968], [-52.4812264972222, -26.4776079242412], [-52.4814433111111, -26.4778068075746], [-52.4797224944444, -26.4789923686857], [-52.4791793916667, -26.4789453686857], [-52.4794539861111, -26.4791473825745], [-52.4793968694444, -26.4793153159079], [-52.4791185972222, -26.4792585825745], [-52.4791935277778, -26.4796001242412], [-52.478977725, -26.4796943047968], [-52.4790326444444, -26.4798422464634], [-52.4787697805556, -26.4798993047967], [-52.4789829972222, -26.4800694575745], [-52.478765525, -26.4801766742412], [-52.4787415333333, -26.480416202019], [-52.4784497666667, -26.4805046603523], [-52.4785303944444, -26.4807104992412], [-52.4783110888889, -26.4806400714634], [-52.4782992944444, -26.4810520992412], [-52.4787068083333, -26.4811991325745], [-52.4785740472222, -26.4817761603523], [-52.4788562666667, -26.4820681436856], [-52.4785799472222, -26.4821212270189], [-52.4784834361111, -26.4831324325745], [-52.4788564444444, -26.4829610714634], [-52.4792628861111, -26.4830990797967], [-52.4790317416667, -26.4832179186856], [-52.4794864777778, -26.4833160464633], [-52.4799058305556, -26.4846614714633], [-52.4796787555556, -26.4847817075744], [-52.4797804666667, -26.4849155047966], [-52.4796177861111, -26.4855145436855], [-52.479315275, -26.4856006409077], [-52.4795560305556, -26.48583213813], [-52.4789297166667, -26.48547653813], [-52.4788980861111, -26.4855862047966], [-52.4793722638889, -26.48584831313], [-52.4792806777778, -26.4860657492411], [-52.4797164972222, -26.4864893492411], [-52.4789787111111, -26.4866138659077], [-52.4788335666667, -26.4867689242411], [-52.4791155638889, -26.4869076520188], [-52.4794236666667, -26.4874502214633], [-52.4796072944444, -26.487357149241], [-52.4801370138889, -26.4877088464633], [-52.4804133333333, -26.4880579686855], [-52.4802382166667, -26.4881609464633], [-52.4803782055556, -26.4882550131299], [-52.48054745, -26.4880219020188], [-52.4806592305556, -26.488105899241], [-52.4805113388889, -26.4883918686855], [-52.4807218027778, -26.4886064797966], [-52.4806074305556, -26.4890961575743], [-52.4799119777778, -26.4892219186855], [-52.4797041166667, -26.4889097103521], [-52.4796846777778, -26.4893603714632], [-52.4789159555556, -26.4889685075743], [-52.478358475, -26.4891422381299], [-52.4787591083333, -26.4893170909077], [-52.4787635083333, -26.4894288853521], [-52.4781930277778, -26.489435824241], [-52.4785373, -26.4896990547966], [-52.4782636277778, -26.4900611103521], [-52.4784509583333, -26.4903182297965], [-52.4783846611111, -26.4904402631299], [-52.4778356083333, -26.490242724241], [-52.4780029666667, -26.4903682325743], [-52.4777293861111, -26.4908930575743], [-52.4772608416667, -26.4908203353521], [-52.4773491111111, -26.4910207881299], [-52.4868327388889, -26.4892715853521], [-52.486566075, -26.4832915325745], [-52.4902321138889, -26.4825034714634], [-52.4912275305556, -26.4716094825747], [-52.4897225861111, -26.4694183131303], [-52.4845999611111, -26.4709342047969], [-52.4834155777778, -26.4711386992414], [-52.4811611, -26.4710171603525], [-52.4809421416667, -26.471339190908], [-52.4812361388889, -26.4713125270191], [-52.4812226916667, -26.4714663020191], [-52.480871525, -26.4716500242414], [-52.4809192166667, -26.471948165908], [-52.4807710472222, -26.4718826020191], [-52.4806257694444, -26.4724008853525], [-52.480979375, -26.472558690908], [-52.48089865, -26.472765715908], [-52.4810444111111, -26.4726924353524], [-52.4811086916667, -26.4728266825747], [-52.4809275222222, -26.4730495464636], [-52.4811759777778, -26.4729919547969], [-52.4812225777778, -26.4731114297969], [-52.4812413083333, -26.4733420464635], [-52.4807965333333, -26.4733214936858], [-52.4812183777778, -26.4734415047969], [-52.4808339027778, -26.4741609631302], [-52.4813703055556, -26.474018715908], [-52.48143865, -26.4741317603524], [-52.4812816861111, -26.4742742075746], [-52.4815775944444, -26.4748911242413], [-52.4812810666667, -26.4749963992413], [-52.4813441027778, -26.475255690908], [-52.4814518972222, -26.4753709797968], [-52.4818336638889, -26.4751135103524], [-52.4820145833333, -26.4752013936857], [-52.4820173666667, -26.4755359659079], [-52.4822016972222, -26.4757011409079], [-52.4819510972222, -26.4758712742413], [-52.48222735, -26.4758852603524]]]}}, {"type": "Feature", "properties": {"cod_imovel": "SC-4216107-85A04EFDC2DB4452B72D3D7E2C9BEBB0", "municipio": "Sao Domingos", "num_area": 11.7979, "mod_fiscal": 0.5899, "des_condic": "Aguardando analise", "ind_status": "AT", "dat_atuali": "23/05/2025"}, "geometry": {"type": "Polygon", "coordinates": [[[-52.48674780210712, -26.42770129906434], [-52.48711296778199, -26.42616446394705], [-52.48551058208751, -26.42688587187861], [-52.48490367341936, -26.4275187656016], [-52.48463385108125, -26.42751000387077], [-52.48434222007956, -26.42715835155196], [-52.48279061738777, -26.42786244753832], [-52.4836797030543, -26.42850920464173], [-52.48349795808865, -26.42974832528315], [-52.48280592544862, -26.4306868528535], [-52.48284435456142, -26.43096462701434], [-52.48308401132686, -26.43109776952101], [-52.48588713732999, -26.43008802161225], [-52.48619421205606, -26.42874641587729], [-52.48674780210712, -26.42770129906434]]]}}, {"type": "Feature", "properties": {"cod_imovel": "SC-4216107-6DDF4B5F915C4DDA9F08505E18623F00", "municipio": "Sao Domingos", "num_area": 49.9336, "mod_fiscal": 2.4967, "des_condic": "Aguardando analise", "ind_status": "AT", "dat_atuali": "22/05/2025"}, "geometry": {"type": "Polygon", "coordinates": [[[-52.48970517510533, -26.43693629858483], [-52.48916454729841, -26.43532707377513], [-52.48492489243083, -26.43446087282813], [-52.4846362581507, -26.43542742751566], [-52.48513866649071, -26.43779114202454], [-52.48494760481862, -26.43813101645294], [-52.48424713828386, -26.43868876994455], [-52.48443850804791, -26.43987803786845], [-52.48645000912657, -26.44303413625806], [-52.4926447091865, -26.44068539336027], [-52.4921733700467, -26.43851166762412], [-52.48970517510533, -26.43693629858483]]]}}, {"type": "Feature", "properties": {"cod_imovel": "SC-4216107-F9A0D9280347444681D95C5B507C8EB1", "municipio": "Sao Domingos", "num_area": 21.9982, "mod_fiscal": 1.0999, "des_condic": "Aguardando analise", "ind_status": "AT", "dat_atuali": "21/05/2025"}, "geometry": {"type": "Polygon", "coordinates": [[[-52.48846788404915, -26.42618504596729], [-52.48729297152209, -26.42596195058], [-52.48681168887749, -26.42802887614844], [-52.48642627751158, -26.42850447402301], [-52.48608815519826, -26.42938522457927], [-52.48602738308684, -26.4307791698666], [-52.48648044493839, -26.43212391223086], [-52.48669846662935, -26.43227851898765], [-52.48855308082214, -26.43158827099424], [-52.48936615158537, -26.4314455314675], [-52.49094680552426, -26.42995596501621], [-52.49027221789535, -26.42830281912375], [-52.49006794135968, -26.42847271831848], [-52.48977993406703, -26.4283966940681], [-52.48989765732533, -26.42766502066782], [-52.48979461725614, -26.42745209255339], [-52.48892329702504, -26.42675830461936], [-52.48846788404915, -26.42618504596729]]]}}, {"type": "Feature", "properties": {"cod_imovel": "SC-4216107-A8B75D31E2EA4FE88D96DC7DE54B2C5E", "municipio": "Sao Domingos", "num_area": 23.5704, "mod_fiscal": 1.1752, "des_condic": "Aguardando analise", "ind_status": "AT", "dat_atuali": "31/10/2023"}, "geometry": {"type": "Polygon", "coordinates": [[[-52.4586775, -26.44229889], [-52.4570004000698, -26.4404637632726], [-52.45128972000001, -26.44896611], [-52.45171583, -26.44948361], [-52.4523075, -26.44974528], [-52.45298472, -26.44966194], [-52.45326027999999, -26.44947306], [-52.4586775, -26.44229889]]]}}, {"type": "Feature", "properties": {"cod_imovel": "SC-4216107-B86F364984D14491AA07BD53E246DEB6", "municipio": "Sao Domingos", "num_area": 26.201, "mod_fiscal": 1.23, "des_condic": "Aguardando analise", "ind_status": "AT", "dat_atuali": "16/10/2024"}, "geometry": {"type": "Polygon", "coordinates": [[[-52.48177528381348, -26.42014065733183], [-52.48123884201049, -26.419602593116874], [-52.48063802719116, -26.41952572659552], [-52.47917890548706, -26.42017909039398], [-52.477054595947266, -26.419717892802854], [-52.47621774673462, -26.419833192373545], [-52.47546672821045, -26.420236739963173], [-52.475059032440186, -26.423003885392053], [-52.477569580078125, -26.423196045803245], [-52.47892141342163, -26.42359958162435], [-52.48014450073242, -26.42436821737658], [-52.48048782348633, -26.42475253333118], [-52.48061656951904, -26.425367436193962], [-52.48098134994507, -26.425521161397256], [-52.48177528381348, -26.42014065733183]]]}}, {"type": "Feature", "properties": {"cod_imovel": "SC-4216107-D233D3A3613B40BDA08C5C3968306C70", "municipio": "Sao Domingos", "num_area": 65.35, "mod_fiscal": 3.2545, "des_condic": "Aguardando analise", "ind_status": "AT", "dat_atuali": "26/11/2025"}, "geometry": {"type": "Polygon", "coordinates": [[[-52.51713216236305, -26.41414578649656], [-52.50337835004606, -26.41659114455222], [-52.5031856865177, -26.4156656900176], [-52.50237916451359, -26.41581616767951], [-52.50170503381744, -26.4153902921575], [-52.50017055094902, -26.4152931940621], [-52.50000715882175, -26.41463653562815], [-52.49898954370961, -26.41476718118118], [-52.4986025303128, -26.41808494684393], [-52.49892997872794, -26.41879071154595], [-52.49942392364046, -26.41926859169016], [-52.50088073363006, -26.41920898242148], [-52.50126008467939, -26.41964770602147], [-52.50709286353824, -26.41896390354709], [-52.50842121682413, -26.41838703586023], [-52.51957574135483, -26.41575669094771], [-52.51933858492293, -26.41533212427937], [-52.51952444484083, -26.415277429356], [-52.51942249495692, -26.41458972141458], [-52.51892802881267, -26.41478825124202], [-52.51869240336538, -26.41444960799306], [-52.51852146968161, -26.41454160706466], [-52.51801998323456, -26.41428062278621], [-52.51751309771137, -26.41443423280286], [-52.51713216236305, -26.41414578649656]]]}}, {"type": "Feature", "properties": {"cod_imovel": "SC-4216107-76299E106B9843448F37DD195B1436C6", "municipio": "Sao Domingos", "num_area": 79.0019, "mod_fiscal": 3.8485, "des_condic": "Aguardando analise", "ind_status": "AT", "dat_atuali": "26/11/2025"}, "geometry": {"type": "Polygon", "coordinates": [[[-52.51226541175313, -26.4070329470307], [-52.51127305778329, -26.40802412247606], [-52.51050854152353, -26.4084999101436], [-52.50990959221338, -26.40868067159607], [-52.50620728200391, -26.40886210766732], [-52.50550202245019, -26.40934439347777], [-52.50519987120639, -26.40998917413265], [-52.50520121523288, -26.41267473581221], [-52.50484459381408, -26.41339107066107], [-52.50306655766867, -26.41445489555281], [-52.50218273685965, -26.4146139567514], [-52.4996909301045, -26.41420500667873], [-52.49932964461365, -26.4142755780742], [-52.49898959924355, -26.414767229965], [-52.50000691306497, -26.41463618404794], [-52.5001643434225, -26.41530633132669], [-52.50170480871324, -26.41538999447391], [-52.50237914481895, -26.41581616759564], [-52.50318546149042, -26.41566537482795], [-52.50337807415903, -26.41659078458545], [-52.51647561848116, -26.41409807986715], [-52.51588701450635, -26.41404894536059], [-52.51551397607923, -26.41366203165261], [-52.51530601111804, -26.41376048367685], [-52.51487113871821, -26.41327950228911], [-52.51489414912692, -26.41302686491421], [-52.51468798426077, -26.41295511374364], [-52.51480134939275, -26.41291282234954], [-52.51466989263879, -26.4127318977921], [-52.51406932019989, -26.41233720799048], [-52.51417128111706, -26.41127960047188], [-52.51379900985643, -26.41082479841882], [-52.51370260836887, -26.40997158714595], [-52.51345391657049, -26.40966762684418], [-52.51315265224243, -26.40828393042402], [-52.51246775054451, -26.40711146062763], [-52.51226541175313, -26.4070329470307]]]}}, {"type": "Feature", "properties": {"cod_imovel": "SC-4216107-90D1239EC56C4B69829A2301776F61E1", "municipio": "Sao Domingos", "num_area": 8.9381, "mod_fiscal": 0.4469, "des_condic": "Aguardando analise", "ind_status": "AT", "dat_atuali": "19/08/2024"}, "geometry": {"type": "Polygon", "coordinates": [[[-52.49940891534531, -26.47877541727328], [-52.49597914626768, -26.47945487680977], [-52.49591443371495, -26.48132450362763], [-52.50152931869643, -26.48020567539824], [-52.50080964987961, -26.47997245137663], [-52.49963220283145, -26.47912692451389], [-52.49940891534531, -26.47877541727328]]]}}, {"type": "Feature", "properties": {"cod_imovel": "SC-4216107-1027EEC56FEA44E7925964EE888D4706", "municipio": "Sao Domingos", "num_area": 40.3666, "mod_fiscal": 2.0183, "des_condic": "Aguardando analise", "ind_status": "AT", "dat_atuali": "07/08/2024"}, "geometry": {"type": "Polygon", "coordinates": [[[-52.50234470683104, -26.4369617808401], [-52.50197442905793, -26.43713789194811], [-52.4957638355178, -26.43949940270993], [-52.49851187731161, -26.44257350650493], [-52.49872793876893, -26.44234178320935], [-52.50076971481852, -26.44247506615127], [-52.50158854814489, -26.44217618730198], [-52.50377660995846, -26.44246998623663], [-52.50496409819881, -26.44213519707808], [-52.50509571181313, -26.44187104096932], [-52.50498357506796, -26.44119862350739], [-52.50596092972241, -26.43964769620843], [-52.50578321475076, -26.43959756554598], [-52.50588301491317, -26.43941377290845], [-52.5056772098547, -26.43929323538524], [-52.50534164398905, -26.4394781032818], [-52.50498566528133, -26.43912176070454], [-52.50515573850329, -26.43888981919134], [-52.50490759217936, -26.43884892486549], [-52.50484796580601, -26.43898871850088], [-52.50474564290457, -26.43872165004431], [-52.50452561214865, -26.43886081146047], [-52.50456026196118, -26.43869987147765], [-52.50423460039166, -26.43851298361945], [-52.50411709730509, -26.43819354566719], [-52.5043414808772, -26.43821663582005], [-52.50428350958114, -26.43796304203017], [-52.50412254082577, -26.4380256370484], [-52.50352448709173, -26.4375488520562], [-52.50297330098462, -26.43755374333873], [-52.5028428935352, -26.43723002093803], [-52.50264406009944, -26.43709746309122], [-52.50258172042454, -26.43725295871641], [-52.50234470683104, -26.4369617808401]]]}}, {"type": "Feature", "properties": {"cod_imovel": "SC-4216107-BAB3676FF9A346AE815F06566DEF39D3", "municipio": "Sao Domingos", "num_area": 40.3667, "mod_fiscal": 2.0183, "des_condic": "Aguardando analise", "ind_status": "AT", "dat_atuali": "20/07/2024"}, "geometry": {"type": "Polygon", "coordinates": [[[-52.4909528722222, -26.441307924242], [-52.4924416222222, -26.4471487825752], [-52.4928668277778, -26.446754410353], [-52.4935825722222, -26.4473216520196], [-52.4939060361111, -26.447336885353], [-52.4942800611111, -26.4461491797974], [-52.4949693833333, -26.4463504659085], [-52.4956672611111, -26.4457351825752], [-52.496963825, -26.4455787381308], [-52.4980264472222, -26.4448805325752], [-52.4975044722222, -26.4430517825753], [-52.497737825, -26.4428300242419], [-52.4985118916667, -26.4425733936864], [-52.4957638527778, -26.4394992909087], [-52.4909528722222, -26.441307924242]]]}}, {"type": "Feature", "properties": {"cod_imovel": "SC-4216107-03B7870752444B54BE2063037D7519E0", "municipio": "Sao Domingos", "num_area": 24.1226, "mod_fiscal": 1.2061, "des_condic": "Aguardando analise", "ind_status": "AT", "dat_atuali": "12/06/2024"}, "geometry": {"type": "Polygon", "coordinates": [[[-52.47521373888428, -26.43740440095576], [-52.48215004112326, -26.4377870946004], [-52.48220340950532, -26.43728836678729], [-52.48259331941116, -26.43687896689321], [-52.48227781855921, -26.43586999846731], [-52.48153047215879, -26.43540764120294], [-52.48153252907075, -26.43525826372304], [-52.47214814515382, -26.4343439182045], [-52.47483467168176, -26.43654907269304], [-52.47521373888428, -26.43740440095576]]]}}, {"type": "Feature", "properties": {"cod_imovel": "SC-4216107-EE9058700FFE48F9B1038E46CFBEBCA3", "municipio": "Sao Domingos", "num_area": 47.6689, "mod_fiscal": 2.3834, "des_condic": "Aguardando analise", "ind_status": "AT", "dat_atuali": "07/03/2024"}, "geometry": {"type": "Polygon", "coordinates": [[[-52.50709533691406, -26.429248934822336], [-52.5107216835022, -26.428038382441954], [-52.50994920730591, -26.427039186773666], [-52.50992774963379, -26.42555959266604], [-52.51093626022339, -26.42471410179336], [-52.510786056518555, -26.42331134189624], [-52.505764961242676, -26.425329004861133], [-52.505764961242676, -26.424771749095278], [-52.50621557235718, -26.42419527477908], [-52.502310276031494, -26.42555959266604], [-52.49874830245972, -26.425156063704783], [-52.50072240829468, -26.429710094290044], [-52.50670909881592, -26.427961521544177], [-52.5066876411438, -26.428461116463737], [-52.506794929504395, -26.428787773509725], [-52.50705242156982, -26.428864633856605], [-52.50709533691406, -26.429248934822336]]]}}, {"type": "Feature", "properties": {"cod_imovel": "SC-4216107-83432DA2E35340F2B80D2F99BE4AA3A6", "municipio": "Sao Domingos", "num_area": 24.3906, "mod_fiscal": 1.2195, "des_condic": "Aguardando analise", "ind_status": "AT", "dat_atuali": "07/03/2024"}, "geometry": {"type": "Polygon", "coordinates": [[[-52.50621557235718, -26.422023862313633], [-52.497761249542236, -26.422773292475902], [-52.49864101409912, -26.425213710785716], [-52.50190258026123, -26.42554037703325], [-52.50606536865234, -26.42442586485143], [-52.50621557235718, -26.424060763690576], [-52.50610828399658, -26.42356114970224], [-52.50621557235718, -26.422023862313633]]]}}, {"type": "Feature", "properties": {"cod_imovel": "SC-4216107-95C7E47793724E13AED45295E48D2FB6", "municipio": "Sao Domingos", "num_area": 13.2745, "mod_fiscal": 0.6637, "des_condic": "Aguardando analise", "ind_status": "AT", "dat_atuali": "22/03/2021"}, "geometry": {"type": "Polygon", "coordinates": [[[-52.49024119723777, -26.48253126534008], [-52.49672340322643, -26.48116698386512], [-52.4968408205659, -26.48077085445753], [-52.49667592621363, -26.47931737892793], [-52.49032753176532, -26.48067080393873], [-52.49024119723777, -26.48253126534008]]]}}, {"type": "Feature", "properties": {"cod_imovel": "SC-4216107-FA66861D0BCB49EEB7343BAAE2613F9F", "municipio": "Sao Domingos", "num_area": 24.1682, "mod_fiscal": 1.2084, "des_condic": "Aguardando analise", "ind_status": "AT", "dat_atuali": "09/02/2021"}, "geometry": {"type": "Polygon", "coordinates": [[[-52.47763126717884, -26.43234121335668], [-52.47823217015181, -26.43305355274379], [-52.47949208366679, -26.43384886463793], [-52.4796280479281, -26.43416277240125], [-52.48041138184075, -26.43430079980099], [-52.48062893668243, -26.43454256827364], [-52.48075053807389, -26.43447071088319], [-52.48163537489318, -26.43519808449043], [-52.48246872056034, -26.4346870395434], [-52.48242402624184, -26.43424917957714], [-52.48299267982642, -26.43378335575794], [-52.48281278719692, -26.43252865793602], [-52.4831100744457, -26.43138610781723], [-52.48276165600622, -26.43092961589147], [-52.48279388856395, -26.43033107990851], [-52.48329518128769, -26.42942248198994], [-52.48336029254111, -26.42875052115562], [-52.48255897582904, -26.4280388661335], [-52.47763126717884, -26.43234121335668]]]}}, {"type": "Feature", "properties": {"cod_imovel": "SC-4216107-F803753850484898B2509BB4CFBC9547", "municipio": "Sao Domingos", "num_area": 362.4579, "mod_fiscal": 18.1229, "des_condic": "Aguardando analise", "ind_status": "AT", "dat_atuali": "26/08/2022"}, "geometry": {"type": "Polygon", "coordinates": [[[-52.4937350861111, -26.4486486075751], [-52.493456075, -26.4486091770196], [-52.4931961361111, -26.4488200297974], [-52.4918687083333, -26.4507272825751], [-52.4902685305556, -26.4512493686862], [-52.4882230583333, -26.4531827742417], [-52.4888286111111, -26.4537147159084], [-52.4889483305556, -26.4546527742417], [-52.4871450027778, -26.4606761047971], [-52.4869641666667, -26.4621705575749], [-52.4878538888889, -26.4660608353526], [-52.4887183305556, -26.4676725020192], [-52.4898841694444, -26.4693852742414], [-52.5045061166667, -26.4651452770193], [-52.504552775, -26.4647658353526], [-52.503857225, -26.4650594464637], [-52.504015275, -26.4645702770193], [-52.5035725055556, -26.4645524964637], [-52.5037650055556, -26.4640336047971], [-52.5040638916667, -26.4638419409082], [-52.5043758333333, -26.4633030603526], [-52.5043363916667, -26.4628699964638], [-52.5045958305556, -26.4625613881304], [-52.5049166638889, -26.4627458325749], [-52.5058358333333, -26.4626580575749], [-52.5061608361111, -26.462994718686], [-52.5061574972222, -26.4628413881304], [-52.5068347194444, -26.462601943686], [-52.5076188888889, -26.4625908325749], [-52.5073930583333, -26.4628038881304], [-52.5086038888889, -26.4625222242415], [-52.5083013888889, -26.4621902770193], [-52.5086422222222, -26.4620052797971], [-52.5084069472222, -26.4617999992416], [-52.508542225, -26.4614697214638], [-52.5081655611111, -26.4614958353527], [-52.5083402777778, -26.4606188853527], [-52.5094086083333, -26.4603788909082], [-52.5095625027778, -26.4601561103527], [-52.5093705583333, -26.4596094464638], [-52.5097152722222, -26.4596702770194], [-52.509992775, -26.4593611075749], [-52.5094330555556, -26.4593905575749], [-52.5095588888889, -26.4587549992416], [-52.5097380555556, -26.4589119436861], [-52.5099722166667, -26.4587094381305], [-52.5102888916667, -26.4587444409083], [-52.5102886083333, -26.4581272214638], [-52.5107649972222, -26.4581052770194], [-52.5104397166667, -26.4573777797972], [-52.5097261083333, -26.4568891686861], [-52.5096249972222, -26.4560805520194], [-52.5093316638889, -26.4557969436861], [-52.5092863916667, -26.4555300020195], [-52.5095875027778, -26.4550361103528], [-52.5095563861111, -26.4547694464639], [-52.5086416694444, -26.4546558297973], [-52.5077500027778, -26.4549144464639], [-52.5075916666667, -26.4551933297972], [-52.5072972222222, -26.4551286047972], [-52.5072891694444, -26.4549408297972], [-52.5077022194444, -26.4544974964639], [-52.5075736138889, -26.4541338853528], [-52.5078736111111, -26.4535772242417], [-52.50828305, -26.4533930575751], [-52.5082641666667, -26.4532074992417], [-52.5066480555556, -26.4532530520195], [-52.5058955555556, -26.4528716631306], [-52.5058916972222, -26.4524340020195], [-52.5056657527778, -26.452015046464], [-52.5054202944444, -26.4522908742417], [-52.5042010861111, -26.4526444936862], [-52.5037900444444, -26.4522402047973], [-52.5033744138889, -26.4522235436862], [-52.5032201111111, -26.4523849270195], [-52.5026273777778, -26.451841321464], [-52.5022825416667, -26.4520426575751], [-52.5020661027778, -26.4519596047973], [-52.5019896611111, -26.4518535797973], [-52.502513225, -26.451100946464], [-52.5011768333333, -26.4510816020195], [-52.5011976305556, -26.450516971464], [-52.5007218805556, -26.4507352353529], [-52.5006515888889, -26.4501218020196], [-52.5002756833333, -26.4502958631307], [-52.4999472361111, -26.4500157603529], [-52.4990866944444, -26.4497245492418], [-52.4987964361111, -26.4492304825751], [-52.4989598555556, -26.4490005797974], [-52.4987640722222, -26.4487966103529], [-52.4989335833333, -26.4484812381307], [-52.4982947, -26.448834096464], [-52.4979720861111, -26.4486626075751], [-52.4976172111111, -26.4487498242418], [-52.4967783111111, -26.4483333325752], [-52.4961011166667, -26.4483040353529], [-52.4943547083333, -26.4485505075752], [-52.493985425, -26.4487555186863], [-52.4935979416667, -26.4486926686863], [-52.4937350861111, -26.4486486075751]]]}}, {"type": "Feature", "properties": {"cod_imovel": "SC-4216107-A9D2ADB0F729420EA42F790460BB2C19", "municipio": "Sao Domingos", "num_area": 22.2145, "mod_fiscal": 1.1107, "des_condic": "Aguardando analise", "ind_status": "AT", "dat_atuali": "31/08/2021"}, "geometry": {"type": "Polygon", "coordinates": [[[-52.49036253912476, -26.480654304844], [-52.49944028210524, -26.47873415210268], [-52.50039292500681, -26.47834121061643], [-52.50049087766406, -26.47758162710093], [-52.5007618022684, -26.47698869212643], [-52.50071233003709, -26.4766971314572], [-52.49058485183427, -26.47837687720371], [-52.49036253912476, -26.480654304844]]]}}, {"type": "Feature", "properties": {"cod_imovel": "SC-4216107-373D6064AAAD4ADDB3BCE578E0B6E036", "municipio": "Sao Domingos", "num_area": 30.267, "mod_fiscal": 1.5134, "des_condic": "Aguardando analise", "ind_status": "AT", "dat_atuali": "04/10/2021"}, "geometry": {"type": "Polygon", "coordinates": [[[-52.49831084393933, -26.47108911236652], [-52.50325487587262, -26.46977103735544], [-52.50346864263054, -26.46950878566326], [-52.50344659199306, -26.46914085189344], [-52.50426999767718, -26.46906343537719], [-52.50440191785338, -26.46871128403448], [-52.50403902314575, -26.46833158326806], [-52.50433306159444, -26.46782957820701], [-52.50419577554214, -26.46774432824615], [-52.5037925383993, -26.46795241138403], [-52.50368221000782, -26.46782147767225], [-52.50400827732003, -26.46761479306418], [-52.50387074876246, -26.46740104063152], [-52.50424040471732, -26.46701019864586], [-52.50403598336973, -26.46635596281], [-52.50428221826274, -26.466280962764], [-52.50420241958133, -26.46596754893339], [-52.50469720266308, -26.46552407263621], [-52.50464949542116, -26.46511693365798], [-52.49692868954001, -26.46730859049931], [-52.49831084393933, -26.47108911236652]]]}}, {"type": "Feature", "properties": {"cod_imovel": "SC-4216107-D433240BF79743B1A495B99902EB1C84", "municipio": "Sao Domingos", "num_area": 82.1729, "mod_fiscal": 4.1086, "des_condic": "Aguardando analise", "ind_status": "AT", "dat_atuali": "04/10/2021"}, "geometry": {"type": "Polygon", "coordinates": [[[-52.50329426399529, -26.46975023735259], [-52.491101512132, -26.47279324241152], [-52.4905794929899, -26.47843624540311], [-52.50068440132458, -26.47667182991448], [-52.50292983489623, -26.47602917921325], [-52.50275357456212, -26.47569460563479], [-52.50334158958199, -26.47523592014847], [-52.50279788796154, -26.47465156541102], [-52.50305429195291, -26.47397654095323], [-52.5037837286222, -26.4732805056651], [-52.50395617730685, -26.47264655173803], [-52.50431657770312, -26.47229580183852], [-52.50430021165556, -26.47213554118538], [-52.5038176072251, -26.47201673952334], [-52.50403159317649, -26.47157637362356], [-52.50394837061695, -26.47145334421125], [-52.5029137797892, -26.47118054749313], [-52.50305190291651, -26.47087583903673], [-52.50350431222619, -26.47064896685522], [-52.50308538224457, -26.47032165566147], [-52.50329426399529, -26.46975023735259]]]}}, {"type": "Feature", "properties": {"cod_imovel": "SC-4216107-99C1F521EC7142779212D8D6BE6BF4A8", "municipio": "Sao Domingos", "num_area": 27.6801, "mod_fiscal": 1.384, "des_condic": "Aguardando analise", "ind_status": "AT", "dat_atuali": "04/10/2021"}, "geometry": {"type": "Polygon", "coordinates": [[[-52.49108763530818, -26.47280001414745], [-52.49839498591488, -26.47107042016174], [-52.49693200689081, -26.46730188924342], [-52.4914301352631, -26.46893768661733], [-52.49108763530818, -26.47280001414745]]]}}, {"type": "Feature", "properties": {"cod_imovel": "SC-4216107-5DE7632513A44F36B3790828FA4E7D93", "municipio": "Sao Domingos", "num_area": 38.1332, "mod_fiscal": 1.9067, "des_condic": "Aguardando analise", "ind_status": "AT", "dat_atuali": "24/09/2022"}, "geometry": {"type": "Polygon", "coordinates": [[[-52.47342778, -26.448053329247], [-52.469, -26.4498458292469], [-52.46899222, -26.45013305924691], [-52.46915583, -26.4509238892469], [-52.46972194, -26.4513524992469], [-52.46982806, -26.4516091692469], [-52.46944667000001, -26.4522694392469], [-52.46933333000001, -26.4531083292469], [-52.46981806, -26.4541877792469], [-52.46950222000001, -26.4553863892468], [-52.47022583, -26.4555633292468], [-52.47048806, -26.4554894392468], [-52.47078417, -26.4557108292468], [-52.47109139, -26.4555738892468], [-52.47132833, -26.4558463892468], [-52.47154944, -26.4557558292468], [-52.47169056, -26.4560694392468], [-52.47186139, -26.4559949992468], [-52.47177611, -26.4562258292468], [-52.47215056000001, -26.4564080592468], [-52.47190056, -26.4564030592468], [-52.47194861, -26.4565802792468], [-52.47231611, -26.4567444392468], [-52.47201944, -26.4568722192468], [-52.47312, -26.4569738892468], [-52.47323472, -26.4573847192468], [-52.47347388999999, -26.45739443924681], [-52.47373028, -26.4552249992468], [-52.47396222, -26.4548763892468], [-52.47385, -26.4547924992468], [-52.47387333, -26.4541777792468], [-52.47408583, -26.4540633292469], [-52.47379528, -26.4530680592469], [-52.47460778, -26.4523286092469], [-52.47453306000001, -26.4517649992469], [-52.47481694, -26.4514119392469], [-52.47449861, -26.4510899992469], [-52.47456889, -26.44980693924691], [-52.47394056, -26.4491713892469], [-52.47395806, -26.448910279247], [-52.4734475, -26.448401389247], [-52.47342778, -26.448053329247]]]}}, {"type": "Feature", "properties": {"cod_imovel": "SC-4216107-9F432899A78B4989AC17234A5A2929E9", "municipio": "Sao Domingos", "num_area": 35.4819, "mod_fiscal": 1.7044, "des_condic": "Aguardando analise", "ind_status": "AT", "dat_atuali": "10/08/2023"}, "geometry": {"type": "Polygon", "coordinates": [[[-52.4696557, -26.4371341297976], [-52.4673455527778, -26.4350602797976], [-52.4670322222222, -26.4356452742421], [-52.4643966638889, -26.437363049242], [-52.4630311111111, -26.438459724242], [-52.4624438861111, -26.4384655520198], [-52.4615016638889, -26.4392386047976], [-52.4605927777778, -26.4389641603531], [-52.4582744472222, -26.4400705547975], [-52.4702471777778, -26.4410299520197], [-52.4702776888889, -26.4405342714642], [-52.4697339138889, -26.4399906936864], [-52.4693063111111, -26.4390221714642], [-52.4694066861111, -26.4387482464642], [-52.4691765916667, -26.4378956436865], [-52.4692855527778, -26.4374481853532], [-52.4696557, -26.4371341297976]]]}}, {"type": "Feature", "properties": {"cod_imovel": "SC-4216107-B5F0C36C2A7F482A8C74692032A5F924", "municipio": "Sao Domingos", "num_area": 4.8405, "mod_fiscal": 0.238, "des_condic": "Aguardando analise", "ind_status": "AT", "dat_atuali": "07/08/2023"}, "geometry": {"type": "Polygon", "coordinates": [[[-52.45750665664673, -26.44098871182825], [-52.45906104642973, -26.442529219088854], [-52.46209932852936, -26.44046427230694], [-52.460246743920145, -26.440240157922954], [-52.459330558776855, -26.440902253030544], [-52.45750665664673, -26.44098871182825]]]}}, {"type": "Feature", "properties": {"cod_imovel": "SC-4216107-0F487864F18949509648E0EF42C8BEDA", "municipio": "Sao Domingos", "num_area": 11.9844, "mod_fiscal": 0.5992, "des_condic": "Aguardando analise", "ind_status": "AT", "dat_atuali": "02/08/2023"}, "geometry": {"type": "Polygon", "coordinates": [[[-52.49058559325329, -26.43479261322319], [-52.49140029252064, -26.43701381533537], [-52.49450678998151, -26.43578798907195], [-52.49577638012631, -26.43515166072588], [-52.49633512692602, -26.43464930063252], [-52.49596300695668, -26.43466720412547], [-52.4954659704697, -26.43387096387022], [-52.49442685433361, -26.43396630385278], [-52.49428642516006, -26.43368579793015], [-52.49452107504176, -26.43353572387553], [-52.4943489693682, -26.43332528423443], [-52.49058559325329, -26.43479261322319]]]}}, {"type": "Feature", "properties": {"cod_imovel": "SC-4216107-AB0A36F68F5A4BCABC61ACC36E4F7513", "municipio": "Sao Domingos", "num_area": 3.0302, "mod_fiscal": 0.1515, "des_condic": "Aguardando analise", "ind_status": "AT", "dat_atuali": "02/08/2023"}, "geometry": {"type": "Polygon", "coordinates": [[[-52.49245700590624, -26.44716262935589], [-52.49128270405853, -26.44263374850962], [-52.49063897180675, -26.44275116884364], [-52.49196007222264, -26.44729241876226], [-52.49245700590624, -26.44716262935589]]]}}, {"type": "Feature", "properties": {"cod_imovel": "SC-4216107-316B9541176B495889573155BF45AE0E", "municipio": "Sao Domingos", "num_area": 0.6735, "mod_fiscal": 0.0337, "des_condic": "Aguardando analise", "ind_status": "AT", "dat_atuali": "06/05/2023"}, "geometry": {"type": "Polygon", "coordinates": [[[-52.4616334172031, -26.4524910236492], [-52.46023154507469, -26.453006296176], [-52.4602042295242, -26.45327369942], [-52.4604347759426, -26.4531288886209], [-52.4610803602851, -26.4535193171912], [-52.4616334172031, -26.4524910236492]]]}}, {"type": "Feature", "properties": {"cod_imovel": "SC-4216107-F5A0212183854994874C7103AE0BC976", "municipio": "Sao Domingos", "num_area": 22.2051, "mod_fiscal": 1.1103, "des_condic": "Aguardando analise", "ind_status": "AT", "dat_atuali": "06/05/2023"}, "geometry": {"type": "Polygon", "coordinates": [[[-52.46880607928259, -26.4498772127605], [-52.4686214418403, -26.4499477197989], [-52.4687017653281, -26.4501131805272], [-52.4684258386434, -26.4502210968301], [-52.4683455154592, -26.4500556359357], [-52.46171452765979, -26.4524970546758], [-52.4611275296208, -26.4535536809354], [-52.4628794723359, -26.4539235729905], [-52.4645744797291, -26.453668872596], [-52.464896230078, -26.4537970139946], [-52.4649432047288, -26.453586101302], [-52.46593624228451, -26.4539470349438], [-52.4668342311789, -26.4539139846339], [-52.467052679985, -26.4541604488644], [-52.4672686643858, -26.454157057056], [-52.467402927811, -26.45430526349841], [-52.4673276706063, -26.4545316335452], [-52.4679049954679, -26.4549148774119], [-52.4678916774853, -26.4551458471736], [-52.4677213784517, -26.4551851513772], [-52.4680247677618, -26.4551934987777], [-52.4678244705008, -26.454599291316], [-52.46846661278389, -26.454439224478], [-52.4686408105716, -26.4537350950568], [-52.4690946274546, -26.4531188164765], [-52.46896709776279, -26.4520392665207], [-52.4690965733212, -26.4520473237294], [-52.4686950700733, -26.45168809542769], [-52.4687523238315, -26.4511101987222], [-52.4686141659412, -26.4511133342343], [-52.4684947577101, -26.4507524689215], [-52.4688377472975, -26.4504207936451], [-52.4687193045188, -26.4503336321582], [-52.46880607928259, -26.4498772127605]]]}}, {"type": "Feature", "properties": {"cod_imovel": "SC-4216107-A231C503942F4668852BA2E72F37A4C0", "municipio": "Sao Domingos", "num_area": 2.9993, "mod_fiscal": 0.15, "des_condic": "Aguardando analise", "ind_status": "AT", "dat_atuali": "20/04/2016"}, "geometry": {"type": "Polygon", "coordinates": [[[-52.48342881119358, -26.44106692446997], [-52.48280521702759, -26.44085005562054], [-52.47771806370594, -26.44305476109122], [-52.47789749785412, -26.44350735039143], [-52.48342881119358, -26.44106692446997]]]}}, {"type": "Feature", "properties": {"cod_imovel": "SC-4216107-89E94C74FCEA4458AB6ED1881C510DA3", "municipio": "Sao Domingos", "num_area": 24.1309, "mod_fiscal": 1.2065, "des_condic": "Aguardando analise", "ind_status": "AT", "dat_atuali": "18/04/2016"}, "geometry": {"type": "Polygon", "coordinates": [[[-52.48242685007166, -26.43992158239437], [-52.48218214209524, -26.43974538682846], [-52.48186639815627, -26.4388765343483], [-52.48215169847786, -26.43778524352871], [-52.4752357104914, -26.437410449387], [-52.47723120677287, -26.44202646407704], [-52.48247589856599, -26.44025850974537], [-52.48242685007166, -26.43992158239437]]]}}, {"type": "Feature", "properties": {"cod_imovel": "SC-4216107-09B124CB5A4E446CBA19063C75FAC47D", "municipio": "Sao Domingos", "num_area": 64.1843, "mod_fiscal": 3.2092, "des_condic": "Aguardando analise", "ind_status": "AT", "dat_atuali": "04/05/2016"}, "geometry": {"type": "Polygon", "coordinates": [[[-52.49944481528948, -26.42710105199337], [-52.49688321772536, -26.42106031562436], [-52.49181484771351, -26.42663532782246], [-52.49018982535579, -26.42873900701756], [-52.49051097259018, -26.42912556295048], [-52.49097519701206, -26.43022117843857], [-52.49177735631113, -26.43096198725773], [-52.49245552333255, -26.43207157013648], [-52.49300117194866, -26.4320748080325], [-52.49341013194368, -26.4325542176875], [-52.4942330157038, -26.43296728174484], [-52.49466092134852, -26.43353741412447], [-52.49445474733787, -26.43380583304733], [-52.49468136178035, -26.4338907797307], [-52.49506915722413, -26.4338118831711], [-52.49706394485861, -26.43188517092398], [-52.49564122320724, -26.43068438854509], [-52.49944481528948, -26.42710105199337]]]}}, {"type": "Feature", "properties": {"cod_imovel": "SC-4216107-CB9CB99FD0974999AB6EF9EECAC52B91", "municipio": "Sao Domingos", "num_area": 53.7155, "mod_fiscal": 2.6834, "des_condic": "Aguardando analise", "ind_status": "AT", "dat_atuali": "22/08/2022"}, "geometry": {"type": "Polygon", "coordinates": [[[-52.50087389583334, -26.419211767500002], [-52.4994171575, -26.419271421111112], [-52.499778802777776, -26.419765909444447], [-52.49954195, -26.419993989722222], [-52.49757716222222, -26.420936375555556], [-52.49647339277778, -26.421127515555558], [-52.49121310666668, -26.421227738333336], [-52.49070484388889, -26.42079550388889], [-52.49044363916667, -26.420028761111112], [-52.49042998777778, -26.42842098388889], [-52.49651071555556, -26.421529106944444], [-52.49714826444445, -26.421671277222224], [-52.497623305, -26.422824975833336], [-52.50607235305556, -26.421920042777778], [-52.50649289444444, -26.421458471944444], [-52.50627134388889, -26.421084495555558], [-52.5063093875, -26.420684326666667], [-52.50656624166667, -26.42027732916667], [-52.506326673333334, -26.419409127222224], [-52.507086038611114, -26.418966684444445], [-52.50125329777778, -26.419650553888893], [-52.50087389583334, -26.419211767500002]]]}}, {"type": "Feature", "properties": {"cod_imovel": "SC-4216107-7FEBED8F628446229EEE986A46026179", "municipio": "Sao Domingos", "num_area": 22.9002, "mod_fiscal": 1.0949, "des_condic": "Aguardando analise", "ind_status": "AT", "dat_atuali": "22/08/2022"}, "geometry": {"type": "Polygon", "coordinates": [[[-52.4900751325, -26.428003389444445], [-52.48999120305556, -26.42835389805556], [-52.49042998777778, -26.42842098388889], [-52.49044363916667, -26.420028761111112], [-52.490301646111114, -26.419335991944447], [-52.48865742361111, -26.419247733055556], [-52.487165044444446, -26.419613294166666], [-52.486817781111114, -26.419751307222224], [-52.487424983333334, -26.42347827944445], [-52.48862684916667, -26.423259718333334], [-52.488498963333335, -26.423533788055558], [-52.48867449611111, -26.423921766666666], [-52.48861309777778, -26.42501960527778], [-52.48834649472222, -26.425753696666668], [-52.48881695972222, -26.42648859916667], [-52.48985316861112, -26.427405195833337], [-52.4900751325, -26.428003389444445]]]}}, {"type": "Feature", "properties": {"cod_imovel": "SC-4216107-9B5A881C1BD3443E8EAE3B4A96040E67", "municipio": "Sao Domingos", "num_area": 3.7123, "mod_fiscal": 0.1856, "des_condic": "Aguardando analise", "ind_status": "AT", "dat_atuali": "31/08/2022"}, "geometry": {"type": "Polygon", "coordinates": [[[-52.46907222, -26.4509752792469], [-52.46889028, -26.4498863892469], [-52.46874139, -26.45020110924691], [-52.46886889, -26.4504316692469], [-52.46852833000001, -26.4507519392469], [-52.46864111, -26.4510994392469], [-52.46878056, -26.4510999992469], [-52.46872111, -26.45167221924689], [-52.46912555999999, -26.4520508292469], [-52.46899722, -26.4520386092469], [-52.46912139000001, -26.4531063892469], [-52.46866083, -26.4537508292469], [-52.46848056000001, -26.4544633292468], [-52.46782944, -26.4546899992468], [-52.46803222000001, -26.4550480592468], [-52.4682975, -26.4549755592468], [-52.4682925, -26.4548299992468], [-52.46866611, -26.4549549992468], [-52.46876722, -26.4552705592468], [-52.469025, -26.4551752792468], [-52.46914861, -26.4553552792468], [-52.46940833, -26.4553544392468], [-52.46971806, -26.4542058292468], [-52.46923222, -26.4531119392469], [-52.46934944, -26.4522427792469], [-52.469725, -26.4516097192469], [-52.46907222, -26.4509752792469]]]}}, {"type": "Feature", "properties": {"cod_imovel": "SC-4216107-D4AB22C40741408A96BDC9BCE9536C81", "municipio": "Sao Domingos", "num_area": 7.8593, "mod_fiscal": 0.393, "des_condic": "Aguardando analise", "ind_status": "AT", "dat_atuali": "18/08/2016"}, "geometry": {"type": "Polygon", "coordinates": [[[-52.49865014334573, -26.43035366018177], [-52.4950950900044, -26.43378547387744], [-52.49560342425363, -26.43387511870466], [-52.49584620148671, -26.4343875324474], [-52.49604506916901, -26.43441374391696], [-52.49598097363077, -26.43461843955649], [-52.49946079457527, -26.43219909963205], [-52.49865014334573, -26.43035366018177]]]}}, {"type": "Feature", "properties": {"cod_imovel": "SC-4216107-601F847C845547EF9CEBDB94FD63F4FD", "municipio": "Sao Domingos", "num_area": 24.4508, "mod_fiscal": 1.2225, "des_condic": "Aguardando analise", "ind_status": "AT", "dat_atuali": "02/05/2015"}, "geometry": {"type": "Polygon", "coordinates": [[[-52.4733399069535, -26.42981607462497], [-52.4771814725603, -26.43266056997134], [-52.47968881474614, -26.43041093431219], [-52.47478816373768, -26.42546514162438], [-52.4733399069535, -26.42981607462497]]]}}, {"type": "Feature", "properties": {"cod_imovel": "SC-4216107-1E21EBD8497144EA9120F8A5EC640286", "municipio": "Sao Domingos", "num_area": 24.4386, "mod_fiscal": 1.2219, "des_condic": "Aguardando analise", "ind_status": "AT", "dat_atuali": "14/06/2015"}, "geometry": {"type": "Polygon", "coordinates": [[[-52.45594024658203, -26.45019139947571], [-52.46085405349731, -26.444581497830235], [-52.45918035507202, -26.44237204376774], [-52.453107833862305, -26.449595840689692], [-52.454566955566406, -26.44953820580503], [-52.45594024658203, -26.45019139947571]]]}}, {"type": "Feature", "properties": {"cod_imovel": "SC-4216107-D1BA748602064647A7CEA63C2AA7BD69", "municipio": "Sao Domingos", "num_area": 4.833, "mod_fiscal": 0.2416, "des_condic": "Aguardando analise", "ind_status": "AT", "dat_atuali": "20/04/2016"}, "geometry": {"type": "Polygon", "coordinates": [[[-52.48436427416712, -26.44315570264341], [-52.48392755326035, -26.44262870190503], [-52.4787001867096, -26.44526381943799], [-52.47898855879942, -26.44586860274664], [-52.48012377381722, -26.44544646247762], [-52.48436427416712, -26.44315570264341]]]}}, {"type": "Feature", "properties": {"cod_imovel": "SC-4216107-A7A00EBB70FC407BBB264D15DF613E58", "municipio": "Sao Domingos", "num_area": 28.9868, "mod_fiscal": 1.4493, "des_condic": "Aguardando analise", "ind_status": "AT", "dat_atuali": "18/04/2016"}, "geometry": {"type": "Polygon", "coordinates": [[[-52.48943072528577, -26.43532220170152], [-52.48215837079273, -26.43768746925479], [-52.48217287094639, -26.43811587755428], [-52.48186091118105, -26.43881490335463], [-52.48211715745993, -26.43965043302921], [-52.48244072396727, -26.43992820069639], [-52.48255490871374, -26.44056578783476], [-52.48351711271592, -26.44121247596131], [-52.49080291323188, -26.43759796353547], [-52.48974953428448, -26.43703439893943], [-52.48943072528577, -26.43532220170152]]]}}, {"type": "Feature", "properties": {"cod_imovel": "SC-4216107-10F1C8CD0B724007A51FBEC7324C5A29", "municipio": "Sao Domingos", "num_area": 5.8562, "mod_fiscal": 0.2928, "des_condic": "Aguardando analise", "ind_status": "AT", "dat_atuali": "20/04/2016"}, "geometry": {"type": "Polygon", "coordinates": [[[-52.50331865166417, -26.47816735967383], [-52.50042513790601, -26.4783002639334], [-52.4995536345395, -26.47874400588398], [-52.50097864712609, -26.47995382180126], [-52.50247409762858, -26.48032705638069], [-52.50271599917706, -26.47952958720358], [-52.50338478562009, -26.47924161711404], [-52.50305858295178, -26.47869085966022], [-52.50331865166417, -26.47816735967383]]]}}, {"type": "Feature", "properties": {"cod_imovel": "SC-4216107-A581AECF7A4244BC9411D69DE2C6BE49", "municipio": "Sao Domingos", "num_area": 112.3266, "mod_fiscal": 5.6163, "des_condic": "Aguardando analise", "ind_status": "AT", "dat_atuali": "13/05/2019"}, "geometry": {"type": "Polygon", "coordinates": [[[-52.4789127805556, -26.4458819464641], [-52.4734069444444, -26.4480355520196], [-52.4734475027778, -26.4484013881307], [-52.4739580611111, -26.4489102742418], [-52.4739405555556, -26.4491713853529], [-52.4745688944444, -26.4498069436862], [-52.4744986083333, -26.451089996464], [-52.4748169444444, -26.4514119436862], [-52.4745330611111, -26.451764996464], [-52.474607775, -26.4523286131306], [-52.4737952777778, -26.4530680520195], [-52.4740858361111, -26.4540633297973], [-52.4738733333333, -26.4541777797973], [-52.47385, -26.4547925020195], [-52.4739622222222, -26.4548763909084], [-52.4737302722222, -26.4552249964639], [-52.4734738861111, -26.4573944436861], [-52.4736988888889, -26.4576002770194], [-52.4741402833333, -26.457498607575], [-52.4742763888889, -26.4576244436861], [-52.4741458361111, -26.4578597186861], [-52.4747511138889, -26.4577347242416], [-52.4748280583333, -26.458188057575], [-52.4751352777778, -26.4583230603527], [-52.4751891666667, -26.458225557575], [-52.4752616638889, -26.4583722186861], [-52.475472775, -26.4581277770194], [-52.4755644472222, -26.4584866631305], [-52.4754088861111, -26.4587238881305], [-52.4777372222222, -26.4597236131305], [-52.4781483333333, -26.4595461131305], [-52.4782094472222, -26.4589511131305], [-52.4784983361111, -26.4582869436861], [-52.4806466638889, -26.4561194409083], [-52.4825947194444, -26.4551997214639], [-52.4838441666667, -26.4542549992417], [-52.4848724944444, -26.4538277797973], [-52.4867191611111, -26.4531319464639], [-52.488015, -26.4531783325751], [-52.4864877833333, -26.4518925020195], [-52.4840458388889, -26.4506430520196], [-52.4805113861111, -26.4481683353529], [-52.47957445, -26.4471922242418], [-52.4789127805556, -26.4458819464641]]]}}, {"type": "Feature", "properties": {"cod_imovel": "SC-4216107-7A5C2891EE4A428C84C63E4C9B7682A1", "municipio": "Sao Domingos", "num_area": 155.7453, "mod_fiscal": 7.7873, "des_condic": "Aguardando analise", "ind_status": "AT", "dat_atuali": "13/05/2019"}, "geometry": {"type": "Polygon", "coordinates": [[[-52.488137225, -26.4533063881306], [-52.4867449972222, -26.4532194436862], [-52.4838986083333, -26.4543319436861], [-52.4831019472222, -26.4550252742417], [-52.4807058333333, -26.4561927797972], [-52.4785825027778, -26.4583363909083], [-52.4781013888889, -26.4597458353527], [-52.4774655527778, -26.4597583353527], [-52.4753413861111, -26.4587938881305], [-52.4751347222222, -26.4590577742416], [-52.4753602805556, -26.4592113853527], [-52.4758488861111, -26.4591497159083], [-52.4760236083333, -26.4595624992416], [-52.4764511083333, -26.4597116631305], [-52.4768794472222, -26.460454718686], [-52.4768513861111, -26.4607094464638], [-52.4770533333333, -26.4608086103527], [-52.4769197222222, -26.4609997242416], [-52.4775799972222, -26.4616344381304], [-52.4774274972222, -26.4618075020193], [-52.4779766611111, -26.4621980547971], [-52.4778458333333, -26.4624486103527], [-52.4780397222222, -26.4622894464638], [-52.4784041694444, -26.4625558297971], [-52.4786544416667, -26.4623422214638], [-52.478697225, -26.4626338881304], [-52.4784822277778, -26.4629722242415], [-52.4789663861111, -26.4628119409082], [-52.4792399972222, -26.4629772242415], [-52.4791369416667, -26.4632927797971], [-52.4787005611111, -26.4634527797971], [-52.4790641666667, -26.4635063825749], [-52.4792219472222, -26.4643049964637], [-52.4794577805556, -26.4644663853526], [-52.4792266694444, -26.4647158325748], [-52.4789966666667, -26.4646441631304], [-52.4788458305556, -26.4649850020193], [-52.4793133361111, -26.465245829797], [-52.47905, -26.4659341659081], [-52.479212225, -26.4661897214637], [-52.4796041694444, -26.4663188881304], [-52.4797283333333, -26.4661958325748], [-52.4799338861111, -26.4664227742415], [-52.4793172222222, -26.4666291659081], [-52.479279725, -26.4669880520192], [-52.4790316694444, -26.4670938853526], [-52.4800305583333, -26.4674161075748], [-52.4803702805556, -26.4672811103526], [-52.480687775, -26.4674141686859], [-52.4805483277778, -26.4675258325748], [-52.4808658305556, -26.4675097214637], [-52.4806911138889, -26.4680136131303], [-52.4808691638889, -26.4682088881303], [-52.4809975, -26.4680708270192], [-52.4809108388889, -26.4679525020192], [-52.48105445, -26.4679922214637], [-52.4809658277778, -26.4684902742414], [-52.4812808305556, -26.4684433325748], [-52.4809766666667, -26.4686497214636], [-52.4808791694444, -26.4689769492414], [-52.4805702805556, -26.4689899992414], [-52.4806083361111, -26.4692666659081], [-52.4803758333333, -26.4695169436858], [-52.4806811111111, -26.4698413853525], [-52.4802616694444, -26.4701738881303], [-52.4808438916667, -26.4702438909081], [-52.4805666666667, -26.4705155575747], [-52.4809249972222, -26.4706894464636], [-52.4807936083333, -26.471024165908], [-52.4834155583333, -26.4711386103525], [-52.4846, -26.4709341686858], [-52.4897224944444, -26.4694183325747], [-52.4885261083333, -26.4676316686859], [-52.4877088888889, -26.4660800020192], [-52.4868858333333, -26.4626794464638], [-52.48684, -26.4612863853527], [-52.48881555, -26.4543888881306], [-52.4885880583333, -26.4536361131306], [-52.488137225, -26.4533063881306]]]}}, {"type": "Feature", "properties": {"cod_imovel": "SC-4216107-9FBBB0A0E25140579207DAA94CDE0613", "municipio": "Sao Domingos", "num_area": 25.0374, "mod_fiscal": 1.2519, "des_condic": "Aguardando analise", "ind_status": "AT", "dat_atuali": "18/04/2016"}, "geometry": {"type": "Polygon", "coordinates": [[[-52.47889453754263, -26.44588129358565], [-52.47705962668887, -26.4417102874764], [-52.47235662091921, -26.44497440195041], [-52.47286589954301, -26.44606923649799], [-52.47271241466594, -26.44752835363987], [-52.47332522287692, -26.44804070902958], [-52.47889453754263, -26.44588129358565]]]}}, {"type": "Feature", "properties": {"cod_imovel": "SC-4216107-E265960234B641D9BF32F2E4655F9E0D", "municipio": "Sao Domingos", "num_area": 9.6342, "mod_fiscal": 0.4817, "des_condic": "Aguardando analise", "ind_status": "AT", "dat_atuali": "04/05/2016"}, "geometry": {"type": "Polygon", "coordinates": [[[-52.49944481528944, -26.42710105199337], [-52.49564122320724, -26.43068438854509], [-52.49706394485861, -26.43188517092398], [-52.5001922304937, -26.42886346308404], [-52.49944481528944, -26.42710105199337]]]}}, {"type": "Feature", "properties": {"cod_imovel": "SC-4216107-415C5595AE3745E5AE3EECED9673B158", "municipio": "Sao Domingos", "num_area": 18.0572, "mod_fiscal": 0.9029, "des_condic": "Aguardando analise", "ind_status": "AT", "dat_atuali": "04/05/2016"}, "geometry": {"type": "Polygon", "coordinates": [[[-52.49885011034734, -26.4359282267867], [-52.49899321793554, -26.43611386463974], [-52.49942021275743, -26.43615994821548], [-52.49937487055464, -26.43602221389278], [-52.49981503530279, -26.43641401712872], [-52.50013688785046, -26.4365100222015], [-52.50033344594275, -26.43637987772147], [-52.50134414981084, -26.43686284771592], [-52.50234481822227, -26.43696188005181], [-52.50352863587455, -26.43651201613872], [-52.50272311126213, -26.43464873254151], [-52.50675361193374, -26.43328677167568], [-52.50689684297522, -26.43282525026661], [-52.50669255331115, -26.43233287280738], [-52.50677055394537, -26.43190032323593], [-52.50256955068254, -26.43338304049047], [-52.49824698960119, -26.43514681639248], [-52.49863705852883, -26.43601128358534], [-52.49885011034734, -26.4359282267867]]]}}, {"type": "Feature", "properties": {"cod_imovel": "SC-4216107-9DE52915D63A4B23900A3238E8A153D9", "municipio": "Sao Domingos", "num_area": 24.2008, "mod_fiscal": 1.21, "des_condic": "Aguardando analise", "ind_status": "AT", "dat_atuali": "19/04/2016"}, "geometry": {"type": "Polygon", "coordinates": [[[-52.49029113473817, -26.42830061418355], [-52.48282876720342, -26.43112134827895], [-52.48311299846311, -26.43129467521365], [-52.48277056250183, -26.43233541818804], [-52.48275870740633, -26.4326727421571], [-52.48302172977784, -26.43319221395084], [-52.48273433259338, -26.43395317670425], [-52.49150620121536, -26.43057117934265], [-52.4909222022184, -26.43005885243587], [-52.49081874960532, -26.42925975276375], [-52.49029113473817, -26.42830061418355]]]}}, {"type": "Feature", "properties": {"cod_imovel": "SC-4216107-529372D453A04BC0918E99A111192EDA", "municipio": "Sao Domingos", "num_area": 25.1397, "mod_fiscal": 1.257, "des_condic": "Aguardando analise", "ind_status": "AT", "dat_atuali": "18/04/2016"}, "geometry": {"type": "Polygon", "coordinates": [[[-52.49077993221344, -26.43760519839966], [-52.48353080817915, -26.44120617418013], [-52.48360780546838, -26.44142094788443], [-52.48341368538317, -26.44166063104195], [-52.48358211971225, -26.44223196518056], [-52.48437013335684, -26.44317753219523], [-52.49239583930286, -26.44013551817552], [-52.49212041733893, -26.43839518977797], [-52.49077993221344, -26.43760519839966]]]}}, {"type": "Feature", "properties": {"cod_imovel": "SC-4216107-54B47353D8244FB2A0211FF6D3463ACE", "municipio": "Sao Domingos", "num_area": 4.84, "mod_fiscal": 0.222, "des_condic": "Aguardando analise", "ind_status": "AT", "dat_atuali": "26/08/2019"}, "geometry": {"type": "Polygon", "coordinates": [[[-52.4538456833333, -26.4405102436864], [-52.4524280388889, -26.4428667575753], [-52.4543131083333, -26.4423805992419], [-52.4549352944444, -26.4409230520197], [-52.4567172166667, -26.4408868797975], [-52.4570004, -26.4404637603531], [-52.4563360972222, -26.4401727131309], [-52.4538456833333, -26.4405102436864]]]}}, {"type": "Feature", "properties": {"cod_imovel": "SC-4216107-649640E3A47C479BA85C899E6907DC38", "municipio": "Sao Domingos", "num_area": 11.6357, "mod_fiscal": 0.5818, "des_condic": "Aguardando analise", "ind_status": "AT", "dat_atuali": "24/02/2015"}, "geometry": {"type": "Polygon", "coordinates": [[[-52.46709823608398, -26.44536920598803], [-52.462162971496575, -26.446099272153898], [-52.46424436569214, -26.448251019199255], [-52.46795654296875, -26.447213574749163], [-52.4677848815918, -26.446752485327494], [-52.468428611755364, -26.446560364190375], [-52.46709823608398, -26.44536920598803]]]}}, {"type": "Feature", "properties": {"cod_imovel": "SC-4216107-836DB362DDC043D9ACA552E953394681", "municipio": "Sao Domingos", "num_area": 4.859, "mod_fiscal": 0.2429, "des_condic": "Aguardando analise", "ind_status": "AT", "dat_atuali": "18/04/2016"}, "geometry": {"type": "Polygon", "coordinates": [[[-52.4757463775925, -26.43469716346261], [-52.47756531426659, -26.43487667185146], [-52.47782959531094, -26.43247517133866], [-52.47743719104052, -26.43235295406291], [-52.47710670867288, -26.43271057176538], [-52.47585946403425, -26.43238552960394], [-52.4757463775925, -26.43469716346261]]]}}, {"type": "Feature", "properties": {"cod_imovel": "SC-4216107-8E780DD2738F4E30A75AD02BD8B02833", "municipio": "Sao Domingos", "num_area": 24.1746, "mod_fiscal": 1.1919, "des_condic": "Aguardando analise", "ind_status": "AT", "dat_atuali": "22/12/2014"}, "geometry": {"type": "Polygon", "coordinates": [[[-52.46717831767985, -26.42874730066071], [-52.47333765754334, -26.42984259074536], [-52.47482697806064, -26.42547495163447], [-52.47364240757542, -26.42426778401361], [-52.47276718890411, -26.42517451139748], [-52.47080096649985, -26.42526026065153], [-52.46992553715168, -26.42628461654991], [-52.4691476370396, -26.42776947991891], [-52.46858483632227, -26.42798669631921], [-52.46795042864966, -26.42849535193768], [-52.46717831767985, -26.42874730066071]]]}}, {"type": "Feature", "properties": {"cod_imovel": "SC-4216107-964AF9A7B39F4ED6985612267DA9A377", "municipio": "Sao Domingos", "num_area": 22.7986, "mod_fiscal": 1.1199, "des_condic": "Aguardando analise", "ind_status": "AT", "dat_atuali": "02/05/2016"}, "geometry": {"type": "Polygon", "coordinates": [[[-52.48679527656729, -26.41975616121897], [-52.48517358459271, -26.41997378051384], [-52.48342488826769, -26.41985473804418], [-52.48547453793041, -26.42666664844634], [-52.48841983811223, -26.42552477303787], [-52.48864403618445, -26.42369705521537], [-52.48740531511198, -26.42349639045625], [-52.48679527656729, -26.41975616121897]]]}}, {"type": "Feature", "properties": {"cod_imovel": "SC-4216107-AE7082D0F7E74AAFAE02B829100A4A15", "municipio": "Sao Domingos", "num_area": 24.1747, "mod_fiscal": 1.2087, "des_condic": "Aguardando analise", "ind_status": "AT", "dat_atuali": "18/10/2014"}, "geometry": {"type": "Polygon", "coordinates": [[[-52.47716188430786, -26.441603528074147], [-52.475595474243164, -26.437722445511422], [-52.47096061706543, -26.441507463251988], [-52.47145414352417, -26.44198778656175], [-52.47192621231079, -26.442929214439932], [-52.472548484802246, -26.444869684366452], [-52.47716188430786, -26.441603528074147]]]}}, {"type": "Feature", "properties": {"cod_imovel": "SC-4216107-AF3936442153454AABC9B75E188B5B66", "municipio": "Sao Domingos", "num_area": 12.0651, "mod_fiscal": 0.6033, "des_condic": "Aguardando analise", "ind_status": "AT", "dat_atuali": "28/01/2019"}, "geometry": {"type": "Polygon", "coordinates": [[[-52.50113390548547, -26.43100549897064], [-52.49632501841658, -26.43455127314732], [-52.49697560895428, -26.43455117695193], [-52.49697408281289, -26.43477806969649], [-52.49727138536535, -26.43501183554696], [-52.49812562672865, -26.43533085897666], [-52.49824546098815, -26.43514724767874], [-52.50223932379818, -26.43351912458427], [-52.50113390548547, -26.43100549897064]]]}}, {"type": "Feature", "properties": {"cod_imovel": "SC-4216107-E2E7EB1F7377410BA63E30267305D990", "municipio": "Sao Domingos", "num_area": 5.5047, "mod_fiscal": 0.2752, "des_condic": "Aguardando analise", "ind_status": "AT", "dat_atuali": "20/04/2016"}, "geometry": {"type": "Polygon", "coordinates": [[[-52.48280274697451, -26.44087304568573], [-52.48246616488994, -26.44026146311131], [-52.47725191277127, -26.44202153189599], [-52.47772416409656, -26.44304220262281], [-52.48280274697451, -26.44087304568573]]]}}, {"type": "Feature", "properties": {"cod_imovel": "SC-4216107-F0D01252085849A1B3EFE64FC85A9B4E", "municipio": "Sao Domingos", "num_area": 4.8401, "mod_fiscal": 0.242, "des_condic": "Aguardando analise", "ind_status": "AT", "dat_atuali": "18/08/2016"}, "geometry": {"type": "Polygon", "coordinates": [[[-52.49865014334573, -26.43035366018177], [-52.49946079457527, -26.43219909963205], [-52.50113401016704, -26.43100537509817], [-52.50019236744614, -26.42886381823065], [-52.49865014334573, -26.43035366018177]]]}}, {"type": "Feature", "properties": {"cod_imovel": "SC-4216107-3D0E34B7376C410B8724094FA9CCF31A", "municipio": "Sao Domingos", "num_area": 24.4375, "mod_fiscal": 1.2053, "des_condic": "Aguardando analise", "ind_status": "AT", "dat_atuali": "20/03/2015"}, "geometry": {"type": "Polygon", "coordinates": [[[-52.48263656392393, -26.42773586743832], [-52.48537875329968, -26.42657165412179], [-52.483351895724, -26.41993493995139], [-52.481673660784, -26.4201745703926], [-52.48075916859333, -26.425415190712], [-52.48079696921131, -26.42567677709784], [-52.4811294189241, -26.42596280107863], [-52.48164153460625, -26.42619840588857], [-52.48194542256353, -26.42616275279735], [-52.48215245248326, -26.42675699398765], [-52.48254814314816, -26.42684460585184], [-52.48263656392393, -26.42773586743832]]]}}, {"type": "Feature", "properties": {"cod_imovel": "SC-4216107-9E379C63C65C4998994D3A107DC594AC", "municipio": "Sao Domingos", "num_area": 4.8269, "mod_fiscal": 0.2413, "des_condic": "Aguardando analise", "ind_status": "AT", "dat_atuali": "20/04/2016"}, "geometry": {"type": "Polygon", "coordinates": [[[-52.48344581774455, -26.44179021740302], [-52.48361483270033, -26.44137874434457], [-52.48342785400193, -26.44106831182013], [-52.47787658112547, -26.44351206806365], [-52.47823405187217, -26.44421935130252], [-52.48344581774455, -26.44179021740302]]]}}, {"type": "Feature", "properties": {"cod_imovel": "SC-4216107-FC6C6E4375F34D3F8545878096774739", "municipio": "Sao Domingos", "num_area": 6.6386, "mod_fiscal": 0.3319, "des_condic": "Aguardando analise", "ind_status": "AT", "dat_atuali": "20/04/2016"}, "geometry": {"type": "Polygon", "coordinates": [[[-52.48390640784752, -26.44263603547864], [-52.4834352315854, -26.4417938740019], [-52.47823550856679, -26.44421979845663], [-52.47871656118635, -26.44524772614338], [-52.48390640784752, -26.44263603547864]]]}}, {"type": "Feature", "properties": {"cod_imovel": "SC-4216107-F539F622A31F4DD5902DBE3619E014D2", "municipio": "Sao Domingos", "num_area": 34.2837, "mod_fiscal": 1.7142, "des_condic": "Aguardando analise", "ind_status": "AT", "dat_atuali": "30/07/2019"}, "geometry": {"type": "Polygon", "coordinates": [[[-52.49644492876806, -26.43467817800925], [-52.49550322758661, -26.43534336802629], [-52.49037286476164, -26.43735330635396], [-52.49214874565336, -26.43838118466746], [-52.49264476657327, -26.44068595604402], [-52.50211925944092, -26.4370840503559], [-52.50177189749399, -26.43691445094269], [-52.50141877119564, -26.43697165406838], [-52.50022199584738, -26.4364207177968], [-52.5001861231101, -26.43653287832272], [-52.4999890116624, -26.43646212472863], [-52.49986841046291, -26.43685541388739], [-52.49964443844319, -26.43686835158472], [-52.49948172202719, -26.43648061813328], [-52.49952324286023, -26.43608998433136], [-52.49916767715727, -26.4362950253628], [-52.49884189386034, -26.43602091277609], [-52.49865091965662, -26.43606477475003], [-52.49825802556653, -26.43561421634928], [-52.49824174156842, -26.43527383238903], [-52.49794339619426, -26.43535680455468], [-52.4969476477236, -26.43473617126505], [-52.49644492876806, -26.43467817800925]]]}}, {"type": "Feature", "properties": {"cod_imovel": "SC-4216107-56AE08250DCF42D89ACB7BEDCB665E1C", "municipio": "Sao Domingos", "num_area": 58.4273, "mod_fiscal": 2.9214, "des_condic": "Aguardando analise", "ind_status": "AT", "dat_atuali": "26/05/2022"}, "geometry": {"type": "Polygon", "coordinates": [[[-52.4928677694444, -26.4471899631307], [-52.4921286138889, -26.4472655547974], [-52.491864725, -26.4465480547974], [-52.4915613888889, -26.4467505575752], [-52.4912769444444, -26.4462547242419], [-52.4912547277778, -26.4464116631307], [-52.4910533333333, -26.4463974964641], [-52.4908961166667, -26.4465997186863], [-52.4905544444444, -26.4461008325752], [-52.4902655555556, -26.446113885353], [-52.4901525027778, -26.4459305520196], [-52.4895669472222, -26.4460716631308], [-52.4889805527778, -26.4457725047974], [-52.4881938888889, -26.4460097242419], [-52.4882666666667, -26.4461683297974], [-52.4881069444444, -26.4462649964641], [-52.4877075055556, -26.4461588881308], [-52.4876822222222, -26.4464172186863], [-52.4872669388889, -26.4460005547974], [-52.4868038888889, -26.4459997242419], [-52.4868280555556, -26.4465469409085], [-52.4866711083333, -26.4467319409085], [-52.4863433361111, -26.4465277714641], [-52.4864263833333, -26.4466975020196], [-52.4859625027778, -26.4471322214641], [-52.4860297166667, -26.4473708325752], [-52.4858072277778, -26.4479788881307], [-52.4858875027778, -26.4483616659085], [-52.482269725, -26.4471874964641], [-52.4801888833333, -26.4453911075752], [-52.4790491722222, -26.4458297214641], [-52.4797138916667, -26.4471402797974], [-52.4806058305556, -26.4480705547974], [-52.4841941694444, -26.4505730547973], [-52.4866555555556, -26.4518377742418], [-52.4882230583333, -26.4531827742417], [-52.4902685305556, -26.4512493686862], [-52.4918687083333, -26.4507272825751], [-52.4931961361111, -26.4488200297974], [-52.493456075, -26.4486091770196], [-52.4937350861111, -26.4486486075751], [-52.4932674722222, -26.4482627686863], [-52.4928677694444, -26.4471899631307]]]}}, {"type": "Feature", "properties": {"cod_imovel": "SC-4216107-059EFC91C7114C31B80B3D85F5B459CC", "municipio": "Sao Domingos", "num_area": 6.5334, "mod_fiscal": 0.3267, "des_condic": "Aguardando analise", "ind_status": "AT", "dat_atuali": "07/08/2019"}, "geometry": {"type": "Polygon", "coordinates": [[[-52.4911492884693, -26.43043315290833], [-52.48941448493378, -26.43147693564158], [-52.48994978104226, -26.43155953670597], [-52.49165989934658, -26.43290215331916], [-52.49408254532445, -26.43385170098924], [-52.49460701382219, -26.43345491557066], [-52.49382059350995, -26.43267260213327], [-52.49306833334975, -26.43244945739493], [-52.49256663326603, -26.4320762412174], [-52.49200387501961, -26.4311801683703], [-52.49150719773185, -26.43089188374993], [-52.4911492884693, -26.43043315290833]]]}}, {"type": "Feature", "properties": {"cod_imovel": "SC-4216107-4E136C6B3E0248D8A3910D9CA653C475", "municipio": "Sao Domingos", "num_area": 24.2265, "mod_fiscal": 1.2113, "des_condic": "Aguardando analise", "ind_status": "AT", "dat_atuali": "11/01/2022"}, "geometry": {"type": "Polygon", "coordinates": [[[-52.4721920111111, -26.4343417742421], [-52.4693637416667, -26.4392663881309], [-52.4698637583333, -26.4401717686864], [-52.4703078388889, -26.4405315770198], [-52.47033635, -26.4410120353531], [-52.4708949111111, -26.4414463770197], [-52.4754391055556, -26.4377722214643], [-52.4748762944444, -26.4364848436865], [-52.4721920111111, -26.4343417742421]]]}}, {"type": "Feature", "properties": {"cod_imovel": "SC-4216107-591D6D2F323B4041A4440BFE56A5E03C", "municipio": "Sao Domingos", "num_area": 36.3032, "mod_fiscal": 1.8152, "des_condic": "Aguardando analise", "ind_status": "AT", "dat_atuali": "09/12/2022"}, "geometry": {"type": "Polygon", "coordinates": [[[-52.47068166732788, -26.440758154890194], [-52.46179819107056, -26.44014333413316], [-52.4592661857605, -26.441526676222832], [-52.46046781539917, -26.44200699945249], [-52.46596097946166, -26.443467169773445], [-52.47239828109741, -26.44452386043647], [-52.472076416015625, -26.443121341633134], [-52.47068166732788, -26.440758154890194]]]}}, {"type": "Feature", "properties": {"cod_imovel": "SC-4216107-ACDDB6AB8A0D4FB88DE67B0EA9E07F08", "municipio": "Sao Domingos", "num_area": 37.1249, "mod_fiscal": 1.8562, "des_condic": "Aguardando analise", "ind_status": "AT", "dat_atuali": "09/12/2022"}, "geometry": {"type": "Polygon", "coordinates": [[[-52.47267723083496, -26.444927321587183], [-52.45898723602295, -26.44168037987419], [-52.458322048187256, -26.442160702463045], [-52.462098598480225, -26.446214545336048], [-52.46694803237914, -26.44525393195993], [-52.46726989746093, -26.445657390553627], [-52.46838569641113, -26.44631060623306], [-52.469115257263184, -26.447059878480356], [-52.473363876342766, -26.446003211080647], [-52.47267723083496, -26.444927321587183]]]}}, {"type": "Feature", "properties": {"cod_imovel": "SC-4216107-6C7CF4B8F98D415D9CF0E5F9D02245E3", "municipio": "Sao Domingos", "num_area": 14.621, "mod_fiscal": 0.7165, "des_condic": "Aguardando analise", "ind_status": "AT", "dat_atuali": "22/12/2014"}, "geometry": {"type": "Polygon", "coordinates": [[[-52.47333765754334, -26.42984259074536], [-52.46717831767985, -26.42874730066071], [-52.46717294963132, -26.42920710398855], [-52.46736377301656, -26.42938669869612], [-52.4686225713614, -26.42949804884185], [-52.46913674961581, -26.43002785328269], [-52.46919447843304, -26.43047908169928], [-52.46872214203077, -26.43157206820865], [-52.47581635464517, -26.43192169911147], [-52.47542582051261, -26.43140351863131], [-52.47500033140031, -26.43141739871507], [-52.47452259577014, -26.43102930368672], [-52.47455814223584, -26.43060577285038], [-52.47408144836942, -26.43015920148624], [-52.47351204910171, -26.43011131065701], [-52.47333765754334, -26.42984259074536]]]}}, {"type": "Feature", "properties": {"cod_imovel": "SC-4216107-A782B088AAD14C3587C6A6F8F3B96B70", "municipio": "Sao Domingos", "num_area": 9.718, "mod_fiscal": 0.4859, "des_condic": "Aguardando analise", "ind_status": "AT", "dat_atuali": "03/07/2022"}, "geometry": {"type": "Polygon", "coordinates": [[[-52.47283216349812, -26.44594000790044], [-52.46883972076301, -26.44699163156723], [-52.4699036922833, -26.44942237152872], [-52.4733215454613, -26.44806180123118], [-52.47274609350189, -26.44756337206719], [-52.47283216349812, -26.44594000790044]]]}}, {"type": "Feature", "properties": {"cod_imovel": "SC-4216107-2D3B905FDC184D559750B49D911006A1", "municipio": "Sao Domingos", "num_area": 5.049, "mod_fiscal": 0.2524, "des_condic": "Aguardando analise", "ind_status": "AT", "dat_atuali": "22/03/2019"}, "geometry": {"type": "Polygon", "coordinates": [[[-52.4778723401388, -26.43261450370802], [-52.47763330145665, -26.43485013336928], [-52.48155929590108, -26.43518543580995], [-52.48123393485029, -26.43456581356588], [-52.48062580865771, -26.43448453268895], [-52.48047521177558, -26.43413312982934], [-52.47984046868041, -26.43422257998737], [-52.47951079683454, -26.43410934878779], [-52.47964962376916, -26.43376000682227], [-52.47889784623711, -26.43370275701346], [-52.47864943956928, -26.43312816810418], [-52.47813220944573, -26.4328048216019], [-52.47811510375071, -26.43255055776424], [-52.4778723401388, -26.43261450370802]]]}}, {"type": "Feature", "properties": {"cod_imovel": "SC-4216107-19C746D6893742C79CC981A6A4E55AEB", "municipio": "Sao Domingos", "num_area": 14.9941, "mod_fiscal": 0.746, "des_condic": "Aguardando analise", "ind_status": "AT", "dat_atuali": "22/08/2019"}, "geometry": {"type": "Polygon", "coordinates": [[[-52.4524280388889, -26.4428667575753], [-52.4498105777778, -26.4472140381307], [-52.450099375, -26.4475842325752], [-52.4509667416667, -26.4462801186863], [-52.4518655611111, -26.4461015075752], [-52.4531210833333, -26.4462691214641], [-52.4567172166667, -26.4408868797975], [-52.4549352944444, -26.4409230520197], [-52.4543131083333, -26.4423805992419], [-52.4524280388889, -26.4428667575753]]]}}, {"type": "Feature", "properties": {"cod_imovel": "SC-4216107-9338747923904EF3BC41E01BFD7EB4BE", "municipio": "Sao Domingos", "num_area": 19.36, "mod_fiscal": 0.968, "des_condic": "Aguardando analise", "ind_status": "AT", "dat_atuali": "28/11/2022"}, "geometry": {"type": "Polygon", "coordinates": [[[-52.49442263091576, -26.43328659636538], [-52.48919438231617, -26.43535705636134], [-52.48976827043866, -26.43698860137585], [-52.49086954403578, -26.4376333474487], [-52.49711231245876, -26.43517206426673], [-52.49694764772883, -26.4347361712944], [-52.49592115558542, -26.43460649134886], [-52.49596733868139, -26.4344882413507], [-52.49577000755417, -26.43439799827889], [-52.49583564766632, -26.43414671577158], [-52.49563054875955, -26.43414351335391], [-52.49552640940315, -26.43386228321801], [-52.49450595136945, -26.43394936174566], [-52.49443999427935, -26.43372584747979], [-52.49462413753852, -26.43353902721652], [-52.49442263091576, -26.43328659636538]]]}}, {"type": "Feature", "properties": {"cod_imovel": "SC-4216107-20AA583E8E584BD4B38FEC97B68A6023", "municipio": "Sao Domingos", "num_area": 14.9766, "mod_fiscal": 0.744, "des_condic": "Aguardando analise", "ind_status": "AT", "dat_atuali": "30/09/2019"}, "geometry": {"type": "Polygon", "coordinates": [[[-52.47241973876953, -26.434283159144954], [-52.46887922286987, -26.432361725425626], [-52.467827796936035, -26.435282292019338], [-52.46973752975463, -26.43706918113747], [-52.469587326049805, -26.437395813787372], [-52.46967315673828, -26.43756873658014], [-52.46945858001709, -26.437856940658097], [-52.46943712234497, -26.439028963148935], [-52.47241973876953, -26.434283159144954]]]}}, {"type": "Feature", "properties": {"cod_imovel": "SC-4216107-58F7400C3C964370B23A4B765817D4F4", "municipio": "Sao Domingos", "num_area": 7.7791, "mod_fiscal": 0.389, "des_condic": "Aguardando analise", "ind_status": "AT", "dat_atuali": "29/07/2019"}, "geometry": {"type": "Polygon", "coordinates": [[[-52.48803784172471, -26.43186609620694], [-52.49097597884018, -26.43464350998334], [-52.49351893585528, -26.43363664520976], [-52.49158347013133, -26.43289300817359], [-52.48974541638631, -26.43151579157112], [-52.48886937871741, -26.43157532588635], [-52.48803784172471, -26.43186609620694]]]}}, {"type": "Feature", "properties": {"cod_imovel": "SC-4216107-F35CE8BF257E412CA4A9A8FF3EE4ECA0", "municipio": "Sao Domingos", "num_area": 4.8264, "mod_fiscal": 0.2413, "des_condic": "Aguardando analise", "ind_status": "AT", "dat_atuali": "09/07/2020"}, "geometry": {"type": "Polygon", "coordinates": [[[-52.45130345301393, -26.44895980883925], [-52.45314058580314, -26.44625411735135], [-52.45189403864313, -26.44609602900084], [-52.45097603312199, -26.44627106961254], [-52.45016525414388, -26.44758618245765], [-52.45068414485628, -26.44801831600504], [-52.45096243008941, -26.44876912860072], [-52.45130345301393, -26.44895980883925]]]}}, {"type": "Feature", "properties": {"cod_imovel": "SC-4216107-FD0042B84F8846D191A37C9B79C4C553", "municipio": "Sao Domingos", "num_area": 13.7664, "mod_fiscal": 0.6883, "des_condic": "Aguardando analise", "ind_status": "AT", "dat_atuali": "26/05/2020"}, "geometry": {"type": "Polygon", "coordinates": [[[-52.468812675936384, -26.446977595367784], [-52.4680762995785, -26.44717266454416], [-52.464146390244046, -26.448257382133693], [-52.46630374335944, -26.450727480003035], [-52.46987676168957, -26.449341136029926], [-52.46955778777868, -26.448333735307603], [-52.468812675936384, -26.446977595367784]]]}}, {"type": "Feature", "properties": {"cod_imovel": "SC-4216107-BA5F2A02D3DE40D3ADF28474C03976EC", "municipio": "Sao Domingos", "num_area": 14.4313, "mod_fiscal": 0.7216, "des_condic": "Aguardando analise", "ind_status": "AT", "dat_atuali": "30/09/2019"}, "geometry": {"type": "Polygon", "coordinates": [[[-52.47591733932495, -26.434667442044816], [-52.475788593292236, -26.431785289063484], [-52.46971607208252, -26.431593142968808], [-52.472290992736816, -26.43426394496633], [-52.47591733932495, -26.434667442044816]]]}}, {"type": "Feature", "properties": {"cod_imovel": "SC-4216107-65174FF1A5F14C34A6062740B92D917C", "municipio": "Sao Domingos", "num_area": 1195.4411, "mod_fiscal": 59.7721, "des_condic": "Aguardando analise", "ind_status": "AT", "dat_atuali": "26/12/2017"}, "geometry": {"type": "Polygon", "coordinates": [[[-52.52002318319823, -26.48730461148076], [-52.51821693229106, -26.48927898573755], [-52.51693633693608, -26.48951786067675], [-52.51668324184226, -26.48918920898413], [-52.51399511426982, -26.48860533242782], [-52.51395095250161, -26.48812527184006], [-52.51368245085745, -26.48782512466316], [-52.51336312072403, -26.48787470376154], [-52.51315718748141, -26.48832770330979], [-52.51193367326072, -26.48918127696165], [-52.51159901351156, -26.48981291709992], [-52.51107983819041, -26.48999680070243], [-52.50913170902901, -26.48936923521038], [-52.50869111173852, -26.48906333854912], [-52.50838383293922, -26.48852359287777], [-52.50838814937275, -26.48814156942585], [-52.50750452147453, -26.4876739458657], [-52.50741926514002, -26.48720896596682], [-52.50762630010785, -26.48706002833742], [-52.50792757683424, -26.4871708343755], [-52.50912793547325, -26.48706433665675], [-52.50902919343632, -26.48644211507983], [-52.50918731035212, -26.48530417999898], [-52.5095071311465, -26.48481908176079], [-52.51009730465911, -26.48457281763731], [-52.5100578948421, -26.48395865728474], [-52.51022648136058, -26.48339237290823], [-52.51063665111585, -26.48290442918466], [-52.51051446608194, -26.48242938970071], [-52.50850457153627, -26.48221048893989], [-52.5079944298889, -26.48200070891293], [-52.50753837205721, -26.48070685395338], [-52.50724734097269, -26.4806329492883], [-52.50556487426747, -26.48142713104749], [-52.50426474884544, -26.48183689315526], [-52.50322018315791, -26.48196160938295], [-52.50286430473247, -26.4817366984713], [-52.50243128445035, -26.48036740685173], [-52.501524101259, -26.48017516360604], [-52.48679487895484, -26.4832116956635], [-52.48654558955493, -26.48336394568804], [-52.4865017838135, -26.48369872014839], [-52.48680080435148, -26.48930900706998], [-52.47603932625627, -26.49123893555345], [-52.4754340649405, -26.49148522339369], [-52.4750625014844, -26.49301210183086], [-52.47542161669069, -26.4957982437327], [-52.47582693359654, -26.49655879059714], [-52.47588373869984, -26.49711060900389], [-52.47395428083083, -26.49738421520541], [-52.47399413268987, -26.49924608375017], [-52.47378816139518, -26.49992152310928], [-52.47376111435509, -26.50223154409484], [-52.47493353947517, -26.50187471133507], [-52.47616703392989, -26.50081230896791], [-52.48048091853002, -26.49929525976241], [-52.48655089184987, -26.49780767748801], [-52.48868532306927, -26.49758525698476], [-52.48801630693816, -26.50879793362372], [-52.48521893589319, -26.50930553371656], [-52.48211503073532, -26.5105974751524], [-52.48032818799236, -26.51230291209029], [-52.47909226158614, -26.51300864071951], [-52.47817862198783, -26.51394363948985], [-52.47690360261482, -26.51451860612015], [-52.47502381140253, -26.51586785559329], [-52.47455311189655, -26.51645473899391], [-52.47516410284066, -26.51717326231062], [-52.47479533097673, -26.51778283826804], [-52.47510012857834, -26.51844370845888], [-52.47507696354129, -26.51916886547081], [-52.47535480874104, -26.51997874579902], [-52.47495331386264, -26.52053500110328], [-52.47535359073307, -26.52097827027632], [-52.47529049721705, -26.52208662319615], [-52.47726369830248, -26.52112070594504], [-52.47754861543612, -26.51684237516494], [-52.50816808521803, -26.51120895722437], [-52.51033423279108, -26.50814959692124], [-52.51658340192165, -26.50012746598303], [-52.51902908307105, -26.49748195629945], [-52.51843801340368, -26.49671711056112], [-52.51802375923094, -26.49672876531903], [-52.51763171626712, -26.49606613862292], [-52.51786362074279, -26.49571586856958], [-52.52895571251588, -26.49700343318105], [-52.53125936018562, -26.49557289115833], [-52.53105626806185, -26.49480807989794], [-52.53045060149648, -26.49465891259609], [-52.53060043130532, -26.49385040932366], [-52.52901587745662, -26.49259020572373], [-52.52808682351429, -26.4929497443728], [-52.52765715746199, -26.49252964324051], [-52.52717779413464, -26.49256681928877], [-52.52648966859655, -26.49181853999617], [-52.52498549314388, -26.49162165846585], [-52.52456222303655, -26.49067295657905], [-52.52596069530382, -26.48961805112127], [-52.52569264228999, -26.48892420998278], [-52.52566478597504, -26.48805468929722], [-52.52615573560598, -26.48769130004108], [-52.52561810155246, -26.48675950183451], [-52.5255989902392, -26.48591605891395], [-52.52463799991038, -26.48534754761101], [-52.52002318319823, -26.48730461148076]]]}}]}