{"type": "FeatureCollection", "features": [{"type": "Feature", "properties": {"cod_imovel": "SC-4201307-7F6352AC4E5E46ED84A8D175469C4836", "municipio": "Araquari", "num_area": 8.5593, "mod_fiscal": 0.7133, "des_condic": "Aguardando analise", "ind_status": "AT", "dat_atuali": "21/03/2019"}, "geometry": {"type": "Polygon", "coordinates": [[[-48.737483868279405, -26.365582893531872], [-48.7362979382751, -26.36473340106708], [-48.734702912540605, -26.367344237851853], [-48.73676055880886, -26.370004690099705], [-48.737483868279405, -26.365582893531872]]]}}, {"type": "Feature", "properties": {"cod_imovel": "SC-4201307-8939B2730E25454E8F37301934AB4522", "municipio": "Araquari", "num_area": 5.2841, "mod_fiscal": 0.44, "des_condic": "Aguardando analise", "ind_status": "AT", "dat_atuali": "14/05/2026"}, "geometry": {"type": "Polygon", "coordinates": [[[-48.713874856, -26.36689708], [-48.716411085, -26.363871474], [-48.716094159, -26.363249367], [-48.715761122, -26.363077921], [-48.715460409, -26.363120233], [-48.713193872, -26.366033095], [-48.713154116, -26.366531886], [-48.713874856, -26.36689708]]]}}, {"type": "Feature", "properties": {"cod_imovel": "SC-4201307-79DF583385DC4EE5A7C4D24F2CCB3826", "municipio": "Araquari", "num_area": 16.8078, "mod_fiscal": 1.4006, "des_condic": "Aguardando analise", "ind_status": "PE", "dat_atuali": "03/11/2025"}, "geometry": {"type": "Polygon", "coordinates": [[[-48.694751263892705, -26.37086879020244], [-48.69398749943454, -26.374958059716132], [-48.69297018704529, -26.37481157688779], [-48.69191251531747, -26.380174025212746], [-48.69452088439712, -26.38020092079105], [-48.69449626160601, -26.378481539119765], [-48.695475751930616, -26.373732962110893], [-48.694669570173424, -26.37368929305401], [-48.69524581751111, -26.370895608185734], [-48.694751263892705, -26.37086879020244]]]}}, {"type": "Feature", "properties": {"cod_imovel": "SC-4201307-DFFF3CB60C4E4752B4FB1582C561D315", "municipio": "Araquari", "num_area": 69.8481, "mod_fiscal": 5.8207, "des_condic": "Aguardando analise", "ind_status": "PE", "dat_atuali": "20/06/2016"}, "geometry": {"type": "Polygon", "coordinates": [[[-48.692822456359856, -26.38260466101588], [-48.69016170501709, -26.378183335848004], [-48.689775466918945, -26.379413634625802], [-48.68797302246094, -26.37949052786439], [-48.68346691131592, -26.38756403308059], [-48.691277503967285, -26.39010130387862], [-48.692822456359856, -26.38260466101588]]]}}, {"type": "Feature", "properties": {"cod_imovel": "SC-4201307-DA6D740FA43145699A476ED9FF3379BA", "municipio": "Araquari", "num_area": 10.4512, "mod_fiscal": 0.8709, "des_condic": "Aguardando analise", "ind_status": "PE", "dat_atuali": "22/05/2017"}, "geometry": {"type": "Polygon", "coordinates": [[[-48.715782165527344, -26.399634792764605], [-48.71619753178145, -26.39919025105766], [-48.706769943237305, -26.394675939131897], [-48.706254959106445, -26.395444767601415], [-48.71878818068414, -26.40130826112145], [-48.715782165527344, -26.399634792764605]]]}}, {"type": "Feature", "properties": {"cod_imovel": "SC-4201307-26E05C9DB69F49D3870D8300D6E89A5C", "municipio": "Araquari", "num_area": 6.0844, "mod_fiscal": 0.507, "des_condic": "Aguardando analise", "ind_status": "PE", "dat_atuali": "29/04/2016"}, "geometry": {"type": "Polygon", "coordinates": [[[-48.74202969, -26.47278779], [-48.74232904, -26.47235335], [-48.73443324, -26.46542335], [-48.73413388, -26.46585776], [-48.74202969, -26.47278779]]]}}, {"type": "Feature", "properties": {"cod_imovel": "SC-4201307-0456B02323964355970683FCD6D51459", "municipio": "Araquari", "num_area": 6.0844, "mod_fiscal": 0.507, "des_condic": "Aguardando analise", "ind_status": "PE", "dat_atuali": "29/04/2016"}, "geometry": {"type": "Polygon", "coordinates": [[[-48.74232904, -26.47235335], [-48.74262839, -26.47191892], [-48.73473259, -26.46498893], [-48.73443324, -26.46542335], [-48.74232904, -26.47235335]]]}}, {"type": "Feature", "properties": {"cod_imovel": "SC-4201307-7347F8B486DA4B0D9ECA5986BA95B726", "municipio": "Araquari", "num_area": 45.8056, "mod_fiscal": 3.8171, "des_condic": "Aguardando analise", "ind_status": "PE", "dat_atuali": "06/04/2016"}, "geometry": {"type": "Polygon", "coordinates": [[[-48.728206157684326, -26.415509379582332], [-48.72685432434081, -26.414375552958383], [-48.718421459198, -26.418987659511448], [-48.71835708618164, -26.42586704235522], [-48.728206157684326, -26.415509379582332]]]}}, {"type": "Feature", "properties": {"cod_imovel": "SC-4201307-6D82A6FC92624989A560E716B1C98BC5", "municipio": "Araquari", "num_area": 29.6764, "mod_fiscal": 2.473, "des_condic": "Aguardando analise", "ind_status": "PE", "dat_atuali": "06/04/2016"}, "geometry": {"type": "Polygon", "coordinates": [[[-48.72246090237541, -26.42179515513733], [-48.72615135326034, -26.426069744830727], [-48.732821531391956, -26.420118202418692], [-48.73042584478834, -26.420679253737717], [-48.723421604653964, -26.421033573210572], [-48.72246090237541, -26.42179515513733]]]}}, {"type": "Feature", "properties": {"cod_imovel": "SC-4201307-ED4EF704747947359F5395DB2CA78E4E", "municipio": "Araquari", "num_area": 426.1828, "mod_fiscal": 35.5152, "des_condic": "Aguardando analise", "ind_status": "PE", "dat_atuali": "18/12/2015"}, "geometry": {"type": "Polygon", "coordinates": [[[-48.71803141642232, -26.43045519256829], [-48.71748538158142, -26.4384134059872], [-48.7252999629051, -26.44000178708349], [-48.73410818376575, -26.44131194177832], [-48.73720873517928, -26.42803965539304], [-48.74539211475982, -26.42197722378567], [-48.74427760330379, -26.42069394774917], [-48.74480801599962, -26.42031279288023], [-48.73683816055354, -26.41211548323435], [-48.73038620375745, -26.41740743795793], [-48.7305608741212, -26.41754328878168], [-48.72787529176121, -26.41960133248736], [-48.73130942861943, -26.4216355419155], [-48.72771552574793, -26.42521343248562], [-48.7202833886425, -26.43038216407955], [-48.71803141642232, -26.43045519256829]]]}}, {"type": "Feature", "properties": {"cod_imovel": "SC-4201307-7B9757D9E13B440CAF2741B34ABFA738", "municipio": "Araquari", "num_area": 159.3953, "mod_fiscal": 13.2829, "des_condic": "Aguardando analise", "ind_status": "PE", "dat_atuali": "18/12/2015"}, "geometry": {"type": "Polygon", "coordinates": [[[-48.70096924605409, -26.46953142330595], [-48.71501416421761, -26.47041912673596], [-48.71574643474547, -26.46191584412772], [-48.71584055675272, -26.45752675533555], [-48.71616068617667, -26.45403297906693], [-48.70787106803788, -26.4568019611494], [-48.70847485376388, -26.46009929308688], [-48.70096924605409, -26.46953142330595]]]}}, {"type": "Feature", "properties": {"cod_imovel": "SC-4201307-3319A9326950477684C589BDE3FD4F99", "municipio": "Araquari", "num_area": 49.5076, "mod_fiscal": 4.1256, "des_condic": "Aguardando analise", "ind_status": "PE", "dat_atuali": "18/11/2015"}, "geometry": {"type": "Polygon", "coordinates": [[[-48.71801659584208, -26.40451153317599], [-48.70941549251493, -26.41334730709979], [-48.71209144592285, -26.41650867516308], [-48.71779918670654, -26.411473674735017], [-48.71801659584208, -26.40451153317599]]]}}, {"type": "Feature", "properties": {"cod_imovel": "SC-4201307-1CA97ECCFDAE4F55A2D248EF31A2EB12", "municipio": "Araquari", "num_area": 200.8898, "mod_fiscal": 16.7408, "des_condic": "Aguardando analise", "ind_status": "PE", "dat_atuali": "17/09/2015"}, "geometry": {"type": "Polygon", "coordinates": [[[-48.71598262025577, -26.45082720570768], [-48.71412621871574, -26.45158800063985], [-48.71127151270417, -26.45186627772189], [-48.70770686996658, -26.45260411392961], [-48.70633579879552, -26.44579501451199], [-48.70291519285322, -26.44604770767311], [-48.70001048350453, -26.44322798222013], [-48.69991593578055, -26.44126056943566], [-48.69086621567586, -26.44298362858389], [-48.69629220200814, -26.45549287263419], [-48.70850170540133, -26.45648891380829], [-48.70808119709797, -26.45443387396574], [-48.71577849245594, -26.45259472372791], [-48.71598262025577, -26.45082720570768]]]}}, {"type": "Feature", "properties": {"cod_imovel": "SC-4201307-11BC3DEF91E04DC3832D9F6591F9FCA4", "municipio": "Araquari", "num_area": 54.8072, "mod_fiscal": 4.5673, "des_condic": "Aguardando analise", "ind_status": "PE", "dat_atuali": "09/06/2015"}, "geometry": {"type": "Polygon", "coordinates": [[[-48.71128416, -26.47991376], [-48.71451112, -26.48005689], [-48.71538254, -26.46626786], [-48.71139239, -26.46624356], [-48.71128416, -26.47991376]]]}}, {"type": "Feature", "properties": {"cod_imovel": "SC-4201307-2D74BF9695BB4E839EE928EFB0B55883", "municipio": "Araquari", "num_area": 9.6899, "mod_fiscal": 0.8075, "des_condic": "Aguardando analise", "ind_status": "PE", "dat_atuali": "22/04/2015"}, "geometry": {"type": "Polygon", "coordinates": [[[-48.71503114700317, -26.381547403000628], [-48.71462345123291, -26.381220612201794], [-48.703293800354004, -26.39329203498435], [-48.70380878448486, -26.393580349716398], [-48.71503114700317, -26.381547403000628]]]}}, {"type": "Feature", "properties": {"cod_imovel": "SC-4201307-BD98642FFD334509AE53F43FDB8D6746", "municipio": "Araquari", "num_area": 14.3983, "mod_fiscal": 1.1999, "des_condic": "Aguardando analise", "ind_status": "PE", "dat_atuali": "05/05/2015"}, "geometry": {"type": "Polygon", "coordinates": [[[-48.718314170837395, -26.427634862156882], [-48.72513771057129, -26.42163953726411], [-48.72460126876831, -26.419986924955154], [-48.718314170837395, -26.425905473508717], [-48.718314170837395, -26.427634862156882]]]}}, {"type": "Feature", "properties": {"cod_imovel": "SC-4201307-1311BFFF61674AC38E71E6C56A2194FA", "municipio": "Araquari", "num_area": 54.6388, "mod_fiscal": 4.5532, "des_condic": "Aguardando analise", "ind_status": "PE", "dat_atuali": "04/05/2015"}, "geometry": {"type": "Polygon", "coordinates": [[[-48.74206490788918, -26.45814561920769], [-48.73942806652485, -26.46089756603124], [-48.74337126011779, -26.4641637329354], [-48.7419633769934, -26.46576679125333], [-48.74594869396384, -26.46899884682349], [-48.74980093397606, -26.4644428818327], [-48.74206490788918, -26.45814561920769]]]}}, {"type": "Feature", "properties": {"cod_imovel": "SC-4201307-7D444E73932C4C4DB8D19E56ADCE558E", "municipio": "Araquari", "num_area": 39.6173, "mod_fiscal": 3.3014, "des_condic": "Aguardando analise", "ind_status": "PE", "dat_atuali": "04/05/2015"}, "geometry": {"type": "Polygon", "coordinates": [[[-48.71734007570095, -26.44113797348391], [-48.71747044881316, -26.43695723752849], [-48.70886280841459, -26.43579905055665], [-48.70820201346876, -26.43957370349544], [-48.71734007570095, -26.44113797348391]]]}}, {"type": "Feature", "properties": {"cod_imovel": "SC-4201307-C6F588F1A12749F7B6B6A3A4010ABDF1", "municipio": "Araquari", "num_area": 26.3802, "mod_fiscal": 2.1984, "des_condic": "Aguardando analise", "ind_status": "PE", "dat_atuali": "22/04/2015"}, "geometry": {"type": "Polygon", "coordinates": [[[-48.70296485371328, -26.39275291865406], [-48.71450783720244, -26.38062611904037], [-48.71332803718251, -26.37977625023327], [-48.70165777265022, -26.39211074657383], [-48.70296485371328, -26.39275291865406]]]}}, {"type": "Feature", "properties": {"cod_imovel": "SC-4201307-2C89C2A32756424F926A50953C7D53BC", "municipio": "Araquari", "num_area": 9.6882, "mod_fiscal": 0.8073, "des_condic": "Aguardando analise", "ind_status": "PE", "dat_atuali": "22/04/2015"}, "geometry": {"type": "Polygon", "coordinates": [[[-48.70331525802612, -26.393215150934203], [-48.7148380279541, -26.380951489673308], [-48.71445178985596, -26.380663143411315], [-48.70282173156738, -26.392907614221652], [-48.70331525802612, -26.393215150934203]]]}}, {"type": "Feature", "properties": {"cod_imovel": "SC-4201307-24706C4DCD2642539229D1AE2DE5D6AE", "municipio": "Araquari", "num_area": 0.5, "mod_fiscal": 0.0417, "des_condic": "Aguardando analise", "ind_status": "PE", "dat_atuali": "18/03/2015"}, "geometry": {"type": "Polygon", "coordinates": [[[-48.717327117919915, -26.44112320316238], [-48.71735329807347, -26.44067700593191], [-48.71635657993937, -26.440580975098], [-48.71630563995807, -26.44102664117333], [-48.717327117919915, -26.44112320316238]]]}}, {"type": "Feature", "properties": {"cod_imovel": "SC-4201307-E7A181A859614DE0B50766E636DF1A21", "municipio": "Araquari", "num_area": 64.2007, "mod_fiscal": 5.3501, "des_condic": "Aguardando analise", "ind_status": "PE", "dat_atuali": "17/03/2015"}, "geometry": {"type": "Polygon", "coordinates": [[[-48.75404119491577, -26.435205435951918], [-48.75337600708008, -26.43019046677375], [-48.750436305999756, -26.432323296424514], [-48.74565124511719, -26.431708430664056], [-48.74062746042322, -26.42828812389486], [-48.73637129428065, -26.43187213102108], [-48.736201791079, -26.43311880921484], [-48.75404119491577, -26.435205435951918]]]}}, {"type": "Feature", "properties": {"cod_imovel": "SC-4201307-7969A82A638D4BEA862D3B67933002D4", "municipio": "Araquari", "num_area": 20.0021, "mod_fiscal": 1.6668, "des_condic": "Analisado, aguardando atendimento a notificacao", "ind_status": "PE", "dat_atuali": "10/02/2015"}, "geometry": {"type": "Polygon", "coordinates": [[[-48.71552672617656, -26.46623658703769], [-48.71527106544528, -26.46906301121026], [-48.72164011001587, -26.469305279277567], [-48.72156900025497, -26.4663066678639], [-48.71552672617656, -26.46623658703769]]]}}, {"type": "Feature", "properties": {"cod_imovel": "SC-4201307-8D3800C7FE8A4E4BA30C7423B6E9C70E", "municipio": "Araquari", "num_area": 374.2964, "mod_fiscal": 31.1914, "des_condic": "Aguardando analise", "ind_status": "PE", "dat_atuali": "22/11/2022"}, "geometry": {"type": "Polygon", "coordinates": [[[-48.70395875570193, -26.38709181372675], [-48.70367320924656, -26.38677412592688], [-48.69091327637967, -26.38825282635591], [-48.69102604975961, -26.39037554194156], [-48.69194184659705, -26.39063748867846], [-48.69150252955349, -26.392733402574], [-48.69376934034712, -26.39254820798706], [-48.69393234583021, -26.39973737104426], [-48.68197935852263, -26.39936945923036], [-48.68155655833843, -26.41037795427974], [-48.68827107649696, -26.41057273719211], [-48.69286327867126, -26.40865556772339], [-48.69444115349454, -26.41273218034608], [-48.69850460534991, -26.41134121852969], [-48.69840065968636, -26.41092237421842], [-48.70165007111653, -26.40837207330738], [-48.70160500896959, -26.40818589618526], [-48.70205563325376, -26.40829005111207], [-48.70191899203046, -26.40803096568924], [-48.70125978671933, -26.40770682140184], [-48.70172977311834, -26.40746078135799], [-48.70145918193495, -26.40732814022761], [-48.70138166054069, -26.40685967103416], [-48.70110091609733, -26.40660030816575], [-48.70140472092491, -26.40635945038951], [-48.70113717701501, -26.40603842115047], [-48.70148646292129, -26.40581554947636], [-48.70128238346511, -26.40552889562633], [-48.70146644427855, -26.40542608141469], [-48.70105082319617, -26.40536758237923], [-48.70122075054296, -26.40518694182165], [-48.70094564938892, -26.40506994526718], [-48.70161657892766, -26.40494763285328], [-48.70112773194767, -26.40459309903637], [-48.70102429792863, -26.40433040243751], [-48.70118064986491, -26.40420808921687], [-48.70146564438603, -26.40446689844941], [-48.70147554007138, -26.40429672297882], [-48.70061090827156, -26.40351749487548], [-48.70184637114116, -26.4023154190492], [-48.70212917288001, -26.40238520649353], [-48.70167899921496, -26.4018682595349], [-48.70224749983086, -26.40149301158631], [-48.70188101423876, -26.40111564131079], [-48.70213574362391, -26.40035085481469], [-48.70228291369027, -26.40044907420154], [-48.70247048160584, -26.40014665994752], [-48.70281964981415, -26.40025004715866], [-48.7025773662174, -26.39979046857396], [-48.70293533315279, -26.39924710729686], [-48.70292378848517, -26.39901965106116], [-48.70348648675372, -26.3987999436503], [-48.70317483331434, -26.39845100768046], [-48.7032266417379, -26.39788880806549], [-48.70271196390463, -26.39650444368371], [-48.70278037396648, -26.39573149511547], [-48.70259569457139, -26.39527141395388], [-48.70285827657963, -26.39487594783325], [-48.70261858927747, -26.39463104662048], [-48.70227123417267, -26.39369197802165], [-48.70285121984318, -26.39333011282209], [-48.70253381168088, -26.39297600547811], [-48.70279224185134, -26.39277043954846], [-48.70307790784186, -26.39291518253559], [-48.70308656209789, -26.39271098863712], [-48.70258608077354, -26.39224560465965], [-48.7026899566362, -26.39204916451414], [-48.7024648881163, -26.39186564932146], [-48.70278614847035, -26.39150488382488], [-48.70277084686764, -26.3911724789824], [-48.70239652657229, -26.39110587677471], [-48.70270415245651, -26.39075700550236], [-48.70247617149452, -26.3907604367251], [-48.70265051693571, -26.39051610694176], [-48.70235740088254, -26.39045089231055], [-48.70236698068585, -26.39032218182329], [-48.70268691813529, -26.39023980848489], [-48.70274092346074, -26.38978108962032], [-48.70292675423137, -26.38980854827026], [-48.70313749040263, -26.38954254661275], [-48.70296507059165, -26.38936905843567], [-48.70323026779448, -26.38855201508432], [-48.70339119169059, -26.38849366610131], [-48.70286819036147, -26.38792726326517], [-48.70353295674312, -26.38808858025457], [-48.70395875570193, -26.38709181372675]]]}}, {"type": "Feature", "properties": {"cod_imovel": "SC-4201307-AD68BD69E55A46E3B37EE42BE0EAE232", "municipio": "Araquari", "num_area": 54.4802, "mod_fiscal": 4.54, "des_condic": "Aguardando analise", "ind_status": "PE", "dat_atuali": "19/10/2022"}, "geometry": {"type": "Polygon", "coordinates": [[[-48.7076867515298, -26.4799717926745], [-48.7112991881833, -26.4800134536774], [-48.7111517903122, -26.4663435497066], [-48.7075405272376, -26.4663470255487], [-48.7076867515298, -26.4799717926745]]]}}, {"type": "Feature", "properties": {"cod_imovel": "SC-4201307-943D8A50805C466CBFBE4BF10EB59983", "municipio": "Araquari", "num_area": 2.0, "mod_fiscal": 0.1667, "des_condic": "Aguardando analise", "ind_status": "PE", "dat_atuali": "13/10/2022"}, "geometry": {"type": "Polygon", "coordinates": [[[-48.73685540457859, -26.46328452778791], [-48.73576081545999, -26.46425031986691], [-48.73667641181149, -26.46509094803534], [-48.73777601351243, -26.46412974981308], [-48.73685540457859, -26.46328452778791]]]}}, {"type": "Feature", "properties": {"cod_imovel": "SC-4201307-D1367EE603994DDEA82FAFF924F7C7CB", "municipio": "Araquari", "num_area": 53.9853, "mod_fiscal": 4.4988, "des_condic": "Aguardando analise", "ind_status": "PE", "dat_atuali": "22/07/2022"}, "geometry": {"type": "Polygon", "coordinates": [[[-48.7087632472222, -26.4300562436866], [-48.70875995, -26.4298216492422], [-48.7123699138889, -26.4262229214645], [-48.7182151583333, -26.4236246325756], [-48.7182461833333, -26.421353865909], [-48.7157099916667, -26.4213528853535], [-48.7157832416667, -26.420630865909], [-48.7169208583333, -26.4206220575757], [-48.7169236361111, -26.4192061186868], [-48.7161971083333, -26.4192692659091], [-48.7087063805556, -26.4260081186867], [-48.7060856388889, -26.4230539853534], [-48.7054409583333, -26.4236166297979], [-48.7074097055556, -26.42995995202], [-48.7087632472222, -26.4300562436866]]]}}, {"type": "Feature", "properties": {"cod_imovel": "SC-4201307-FD95FE87668843A4BB32778E95FE2D59", "municipio": "Araquari", "num_area": 9.8568, "mod_fiscal": 0.8214, "des_condic": "Aguardando analise", "ind_status": "PE", "dat_atuali": "31/05/2022"}, "geometry": {"type": "Polygon", "coordinates": [[[-48.74527876430787, -26.4220509659411], [-48.7372756380236, -26.42972913319988], [-48.73744922447013, -26.43037659803666], [-48.74191009008094, -26.42715302257204], [-48.74122479921306, -26.42650538122664], [-48.74579736510719, -26.42273756536142], [-48.74527876430787, -26.4220509659411]]]}}, {"type": "Feature", "properties": {"cod_imovel": "SC-4201307-7038176562704EF583EBA6A09E389178", "municipio": "Araquari", "num_area": 826.7573, "mod_fiscal": 68.8964, "des_condic": "Aguardando analise", "ind_status": "PE", "dat_atuali": "14/12/2021"}, "geometry": {"type": "Polygon", "coordinates": [[[-48.74263154484704, -26.47191666930419], [-48.74326372776694, -26.47104311382913], [-48.73583208924447, -26.46429007418067], [-48.74122456341771, -26.45903746592828], [-48.73415489104685, -26.45260663181317], [-48.73962497388539, -26.44710621299418], [-48.74246389470466, -26.44764498364477], [-48.74618077132263, -26.43549999446574], [-48.74772367800695, -26.43569209855966], [-48.7557467455599, -26.43734124907096], [-48.75552753033807, -26.43697263789731], [-48.75484354513933, -26.43643042666072], [-48.75435347570813, -26.43562137610143], [-48.75352127940678, -26.43194063668082], [-48.75365844280724, -26.43096298051396], [-48.75477098555165, -26.42905260896588], [-48.75477838388761, -26.42863071673601], [-48.75061037224979, -26.43209073103339], [-48.74644010841589, -26.43140442980697], [-48.74190419912338, -26.427123254050567], [-48.737009167671204, -26.43068284649194], [-48.734597861766815, -26.44180526393994], [-48.71757335748512, -26.43885191048181], [-48.71745736649202, -26.44204197750538], [-48.71590631149255, -26.45836723133655], [-48.71555083984981, -26.46626720999188], [-48.73370226551769, -26.46634631882578], [-48.73502197560509, -26.46507382888981], [-48.74263154484704, -26.47191666930419]]]}}, {"type": "Feature", "properties": {"cod_imovel": "SC-4201307-B541A486862F446EB41A9D5B729F6F95", "municipio": "Araquari", "num_area": 29.2697, "mod_fiscal": 2.4391, "des_condic": "Aguardando analise", "ind_status": "PE", "dat_atuali": "02/02/2021"}, "geometry": {"type": "Polygon", "coordinates": [[[-48.726059714859396, -26.417824702563717], [-48.718258269963854, -26.425826918866708], [-48.71825482630171, -26.426007363344304], [-48.72389647327911, -26.421535270501096], [-48.73090932543394, -26.421704262959377], [-48.73299484774801, -26.42050357071355], [-48.726059714859396, -26.417824702563717]]]}}, {"type": "Feature", "properties": {"cod_imovel": "SC-4201307-960622B8C51B40C1973B7CF34A9DCD48", "municipio": "Araquari", "num_area": 39.0, "mod_fiscal": 3.25, "des_condic": "Aguardando analise", "ind_status": "PE", "dat_atuali": "12/09/2019"}, "geometry": {"type": "Polygon", "coordinates": [[[-48.71799076151691, -26.430567931494107], [-48.72474138436061, -26.42756227807883], [-48.72516336912684, -26.42012060804499], [-48.71821376099817, -26.427235268112632], [-48.71799076151691, -26.430567931494107]]]}}, {"type": "Feature", "properties": {"cod_imovel": "SC-4201307-DBCCA4799CDF4DEF8659877FF7D717B9", "municipio": "Araquari", "num_area": 158.7388, "mod_fiscal": 13.2282, "des_condic": "Aguardando analise", "ind_status": "PE", "dat_atuali": "14/08/2019"}, "geometry": {"type": "Polygon", "coordinates": [[[-48.73370620612161, -26.46634379621254], [-48.72166828869019, -26.46627572854065], [-48.72124741489663, -26.47059309431057], [-48.71516192232697, -26.47058645637644], [-48.71477222543782, -26.47468011760305], [-48.71463598638673, -26.48003317018458], [-48.72179805762509, -26.48013099516531], [-48.72472775842257, -26.47592317734519], [-48.72510708656939, -26.4762247998072], [-48.72766501196442, -26.47213560917094], [-48.73370620612161, -26.46634379621254]]]}}, {"type": "Feature", "properties": {"cod_imovel": "SC-4201307-9D53A203A76C49D29DBC01E80DDEF18A", "municipio": "Araquari", "num_area": 19.9974, "mod_fiscal": 1.6664, "des_condic": "Aguardando analise", "ind_status": "PE", "dat_atuali": "02/03/2015"}, "geometry": {"type": "Polygon", "coordinates": [[[-48.71734955801546, -26.439915694108528], [-48.7123445888449, -26.439635825980773], [-48.71223217813821, -26.443244437517755], [-48.71723734484663, -26.443522154275026], [-48.71734955801546, -26.439915694108528]]]}}, {"type": "Feature", "properties": {"cod_imovel": "SC-4201307-1D9F22D78BC445E3B9DF03406CDB4056", "municipio": "Araquari", "num_area": 771.191, "mod_fiscal": 64.2659, "des_condic": "Aguardando analise", "ind_status": "PE", "dat_atuali": "18/12/2015"}, "geometry": {"type": "Polygon", "coordinates": [[[-48.70824186040315, -26.45316535635321], [-48.71083111819319, -26.45251877790932], [-48.71449008101138, -26.4520599339847], [-48.71643348762322, -26.45124690409681], [-48.7171797592401, -26.44352122104917], [-48.7164995878453, -26.44237259805948], [-48.71589325724309, -26.44237769650013], [-48.71541141812954, -26.44185155515175], [-48.71502924319994, -26.44188507147766], [-48.71413084045136, -26.44244015183991], [-48.71334842357629, -26.44270319909404], [-48.71268755265001, -26.44269798462974], [-48.71187153331542, -26.44315712889785], [-48.71152001004619, -26.44269049905758], [-48.71108500790488, -26.44271607573279], [-48.71090920640173, -26.44295195354571], [-48.71017316977488, -26.44279612603502], [-48.70984344085369, -26.44254149237922], [-48.70933394733166, -26.44260158727832], [-48.70905754970788, -26.44219169699614], [-48.7084926104987, -26.44184771597815], [-48.70771017687117, -26.4417670932883], [-48.70728030689583, -26.44155625499002], [-48.70711864312517, -26.44140766168966], [-48.70715071413817, -26.44103377214699], [-48.70687455987302, -26.44128111990324], [-48.70839815412254, -26.43533064166151], [-48.71689316474814, -26.43677542157083], [-48.71741423364827, -26.43043986046219], [-48.70643010071734, -26.43012069178641], [-48.70522000706993, -26.42361983033221], [-48.70611997758485, -26.42356835975272], [-48.71318422431205, -26.41635516753293], [-48.70969063247504, -26.41354289818721], [-48.72486190486871, -26.39833694701349], [-48.7231411816491, -26.39722548624065], [-48.71871972517383, -26.40170254019288], [-48.71884096337517, -26.39906626007012], [-48.71734260061579, -26.39565213622175], [-48.71657435123989, -26.39445614430888], [-48.71650110496756, -26.39372459200888], [-48.71667352507676, -26.39223837413776], [-48.71345168149872, -26.39028391708407], [-48.72049759155912, -26.3808570680125], [-48.72123662909295, -26.38109836587574], [-48.72147870064994, -26.38039883305411], [-48.720972296476, -26.3802254267602], [-48.72151916639431, -26.37943494444697], [-48.72123952580459, -26.37833403468283], [-48.72199851364493, -26.37768193317022], [-48.72176835826464, -26.37716392604312], [-48.71198229495879, -26.38942269615045], [-48.71060365151305, -26.38857038534709], [-48.70292274844394, -26.39696313396251], [-48.70334145873913, -26.39737941686622], [-48.70312175607101, -26.39756056122292], [-48.70330826243971, -26.39786693571246], [-48.70381207560919, -26.39796200447756], [-48.70371700611003, -26.39817195908983], [-48.7032765106826, -26.3982096478767], [-48.70349234083881, -26.39838440063159], [-48.70332890716686, -26.39861308524642], [-48.70365455958709, -26.39905270061023], [-48.70342207388433, -26.39919989225682], [-48.70310266186917, -26.39910161482829], [-48.70316461282455, -26.39951598283178], [-48.70274626762091, -26.39986710721566], [-48.70300882300338, -26.40032420521826], [-48.70296035984856, -26.40051397567415], [-48.70263414776755, -26.40037436561781], [-48.70247897396901, -26.40070590166822], [-48.70212021774833, -26.40056717886489], [-48.70223983294269, -26.40085214385065], [-48.70202050745916, -26.40105177423028], [-48.70205634384207, -26.401265418932], [-48.70240733796492, -26.40146963356419], [-48.70243191840122, -26.40172923860658], [-48.70195149127197, -26.40213418811547], [-48.70230113766465, -26.40243398693724], [-48.70220861454459, -26.40261751757967], [-48.70194722636797, -26.40253578136507], [-48.70133450139043, -26.4032826118267], [-48.7007548573031, -26.40370123753727], [-48.70117844829423, -26.40385516499608], [-48.70125458435352, -26.40443064767581], [-48.70155265180879, -26.40422525257293], [-48.70174443128347, -26.40453659607813], [-48.70158142011658, -26.40464121077032], [-48.70159778066543, -26.40483688955445], [-48.70198384768577, -26.4048245244513], [-48.70194828738834, -26.40514956951635], [-48.70167356767094, -26.4054157769352], [-48.70208015922794, -26.40532305007593], [-48.7022440892151, -26.40589675455253], [-48.70204437048334, -26.40617308177427], [-48.70237557716087, -26.40624125293359], [-48.70221199513086, -26.40667000519382], [-48.70254666512821, -26.4067636538146], [-48.70309637900818, -26.40723537470558], [-48.70281130327951, -26.40757535938678], [-48.70314922166382, -26.40792491035883], [-48.70328408564229, -26.4083673116779], [-48.69997081925542, -26.41082780034796], [-48.70129097779351, -26.41780409321898], [-48.70343923776438, -26.42768845414876], [-48.70207589494958, -26.4279867419402], [-48.70085721165839, -26.44359053799349], [-48.70369288128978, -26.44646699011604], [-48.70708442477424, -26.4463156104712], [-48.70824186040315, -26.45316535635321]]]}}, {"type": "Feature", "properties": {"cod_imovel": "SC-4201307-8615DA41C28B49FAA0351D75F55220A5", "municipio": "Araquari", "num_area": 299.9924, "mod_fiscal": 24.9994, "des_condic": "Aguardando analise", "ind_status": "PE", "dat_atuali": "29/04/2015"}, "geometry": {"type": "Polygon", "coordinates": [[[-48.75267092694011, -26.46274262681076], [-48.75454739172536, -26.46200886325971], [-48.75734613323125, -26.45921866167818], [-48.761916160583496, -26.456684711540234], [-48.76125776465048, -26.4557743020699], [-48.76035779157502, -26.45617453911648], [-48.75984358712094, -26.4553831004669], [-48.76070126979587, -26.45500151461371], [-48.75966260241103, -26.4535408415221], [-48.75250470997482, -26.44770310876335], [-48.75461421878137, -26.44557690331304], [-48.74499507784025, -26.43944083822662], [-48.7424608971963, -26.44769041141911], [-48.7395931804157, -26.44711707392162], [-48.73652531859992, -26.45028230581771], [-48.74370039577828, -26.45672707515248], [-48.74441084921867, -26.45590604862076], [-48.75267092694011, -26.46274262681076]]]}}, {"type": "Feature", "properties": {"cod_imovel": "SC-4201307-45D9C25AAFB44627B213F6CF8973802B", "municipio": "Araquari", "num_area": 18.8994, "mod_fiscal": 1.575, "des_condic": "Aguardando analise", "ind_status": "AT", "dat_atuali": "12/12/2018"}, "geometry": {"type": "Polygon", "coordinates": [[[-48.73052528423602, -26.50014098436995], [-48.7373925660543, -26.49317300851705], [-48.73634524127218, -26.4922574823855], [-48.73549782461717, -26.49100958487348], [-48.73387744579775, -26.49256216333505], [-48.73321252314369, -26.49493925259942], [-48.73014397782732, -26.49990955827119], [-48.73052528423602, -26.50014098436995]]]}}, {"type": "Feature", "properties": {"cod_imovel": "SC-4201307-133C1C8BFD8B47789B6959D05F6F5A5B", "municipio": "Araquari", "num_area": 4.7226, "mod_fiscal": 0.3935, "des_condic": "Aguardando analise", "ind_status": "AT", "dat_atuali": "11/03/2026"}, "geometry": {"type": "Polygon", "coordinates": [[[-48.7217782083333, -26.3681823936879], [-48.7229589527778, -26.3673452631323], [-48.72172495, -26.3654226325768], [-48.7200963805556, -26.3671005770212], [-48.720240336111104, -26.3674758381323], [-48.7211486583333, -26.3679677270212], [-48.7215178472222, -26.3679511603545], [-48.7217782083333, -26.3681823936879]]]}}, {"type": "Feature", "properties": {"cod_imovel": "SC-4201307-532926FFF3794E8789BBDA878CD95490", "municipio": "Araquari", "num_area": 6.4746, "mod_fiscal": 0.5395, "des_condic": "Aguardando analise", "ind_status": "PE", "dat_atuali": "29/04/2016"}, "geometry": {"type": "Polygon", "coordinates": [[[-48.71472852699998, -26.4182818252475], [-48.71630788799994, -26.41916902024751], [-48.71748096699997, -26.41919859724752], [-48.71754439499996, -26.41576272024757], [-48.71836449099992, -26.41497074824758], [-48.71837031899997, -26.41468030924757], [-48.71472852699998, -26.4182818252475]]]}}, {"type": "Feature", "properties": {"cod_imovel": "SC-4201307-FEA33BB9BBD24C0BA66A176F5C5FDFAA", "municipio": "Araquari", "num_area": 23.2507, "mod_fiscal": 1.9376, "des_condic": "Aguardando analise", "ind_status": "AT", "dat_atuali": "12/12/2018"}, "geometry": {"type": "Polygon", "coordinates": [[[-48.75241692955726, -26.48566693522054], [-48.75183368813934, -26.48517129065277], [-48.75043562579056, -26.48652794091148], [-48.75012221499638, -26.48626154715393], [-48.74710509624169, -26.48999112423687], [-48.75016200071429, -26.49253516674907], [-48.7533872334472, -26.48922198490839], [-48.75090224145139, -26.48711026050432], [-48.75241692955726, -26.48566693522054]]]}}, {"type": "Feature", "properties": {"cod_imovel": "SC-4201307-320D140374AC4CC885443319099FEA4A", "municipio": "Araquari", "num_area": 34.9382, "mod_fiscal": 2.9115, "des_condic": "Aguardando analise", "ind_status": "AT", "dat_atuali": "12/12/2018"}, "geometry": {"type": "Polygon", "coordinates": [[[-48.73634025386626, -26.49229732014225], [-48.73895742139105, -26.49452178021446], [-48.74111435480369, -26.49245487922295], [-48.74274804901356, -26.49381287344112], [-48.74580086977891, -26.49091134086211], [-48.74106445014253, -26.48779677406118], [-48.73634025386626, -26.49229732014225]]]}}, {"type": "Feature", "properties": {"cod_imovel": "SC-4201307-8C2FF3E20FAA44568FFD63086DC662C2", "municipio": "Araquari", "num_area": 44.4072, "mod_fiscal": 3.7006, "des_condic": "Aguardando analise", "ind_status": "AT", "dat_atuali": "04/02/2026"}, "geometry": {"type": "Polygon", "coordinates": [[[-48.73828502164301, -26.477022182255], [-48.740159989628, -26.475188951791], [-48.73858883073801, -26.473814895065], [-48.73991108538, -26.472214669777], [-48.735257466236, -26.468031792166], [-48.730643452129, -26.47067267262], [-48.73828502164301, -26.477022182255]]]}}, {"type": "Feature", "properties": {"cod_imovel": "SC-4201307-4036F0517A4B4FB29D47F3D5685EA994", "municipio": "Araquari", "num_area": 4.8856, "mod_fiscal": 0.4071, "des_condic": "Aguardando analise", "ind_status": "AT", "dat_atuali": "04/02/2026"}, "geometry": {"type": "Polygon", "coordinates": [[[-48.741461023069, -26.473607725729], [-48.73991108538, -26.472214669777], [-48.73858883073801, -26.473814895065], [-48.740159989628, -26.475188951791], [-48.740892301983, -26.474493303417], [-48.741461023069, -26.473607725729]]]}}, {"type": "Feature", "properties": {"cod_imovel": "SC-4201307-76D9741A2C514C5993074A53FF02BBCC", "municipio": "Araquari", "num_area": 21.1304, "mod_fiscal": 1.7609, "des_condic": "Analisado, aguardando atendimento a notificacao", "ind_status": "AT", "dat_atuali": "16/11/2016"}, "geometry": {"type": "Polygon", "coordinates": [[[-48.68719224312174, -26.50081980125359], [-48.70267252077766, -26.48661292601893], [-48.70238346198071, -26.48568770275568], [-48.68677087973241, -26.49993540699988], [-48.68719224312174, -26.50081980125359]]]}}, {"type": "Feature", "properties": {"cod_imovel": "SC-4201307-7D6B9425C1BE43F28F79E6AFA1D7858C", "municipio": "Araquari", "num_area": 27.2105, "mod_fiscal": 2.2675, "des_condic": "Analisado, aguardando atendimento a notificacao", "ind_status": "AT", "dat_atuali": "16/11/2016"}, "geometry": {"type": "Polygon", "coordinates": [[[-48.70268515955824, -26.48661780712632], [-48.68719224955841, -26.50081366008647], [-48.68760181304295, -26.50167297979867], [-48.7031724458763, -26.48811037498346], [-48.70268515955824, -26.48661780712632]]]}}, {"type": "Feature", "properties": {"cod_imovel": "SC-4201307-66F6D04B2BE5438DB729633336022B3D", "municipio": "Araquari", "num_area": 24.9222, "mod_fiscal": 2.0768, "des_condic": "Analisado, aguardando atendimento a notificacao", "ind_status": "AT", "dat_atuali": "22/04/2016"}, "geometry": {"type": "Polygon", "coordinates": [[[-48.72226062, -26.49732528], [-48.72364308, -26.49590349], [-48.71397462, -26.48827272], [-48.71360814, -26.49038358], [-48.72226062, -26.49732528]]]}}, {"type": "Feature", "properties": {"cod_imovel": "SC-4201307-29720B5AA28441B6B73A290C94E03F5A", "municipio": "Araquari", "num_area": 8.9774, "mod_fiscal": 0.7481, "des_condic": "Analisado, aguardando atendimento a notificacao", "ind_status": "AT", "dat_atuali": "31/03/2016"}, "geometry": {"type": "Polygon", "coordinates": [[[-48.72694897922084, -26.39841000017914], [-48.73026130377875, -26.39501884841309], [-48.72917249823497, -26.39374438852614], [-48.72574079346915, -26.39720042356609], [-48.72694897922084, -26.39841000017914]]]}}, {"type": "Feature", "properties": {"cod_imovel": "SC-4201307-7DDD257DAE4E4E1E94380E5D66D76BE6", "municipio": "Araquari", "num_area": 13.6897, "mod_fiscal": 1.1408, "des_condic": "Em analise", "ind_status": "AT", "dat_atuali": "25/07/2023"}, "geometry": {"type": "Polygon", "coordinates": [[[-48.75071854117952, -26.43648548947572], [-48.74875656263509, -26.43611472151104], [-48.74764242282421, -26.44112982763357], [-48.74988451688565, -26.4425600945245], [-48.75051878338394, -26.44021040090017], [-48.74997194446287, -26.43942483498511], [-48.75071854117952, -26.43648548947572]]]}}, {"type": "Feature", "properties": {"cod_imovel": "SC-4201307-AF118A5C45604AE3BCF45BD88713E2A5", "municipio": "Araquari", "num_area": 15.9486, "mod_fiscal": 1.3291, "des_condic": "Analisado, aguardando atendimento a notificacao", "ind_status": "AT", "dat_atuali": "16/02/2021"}, "geometry": {"type": "Polygon", "coordinates": [[[-48.72568282695461, -26.4753193008278], [-48.73341846469558, -26.48146698632301], [-48.734377413373, -26.48087753444022], [-48.72664159346123, -26.47381811457896], [-48.72568282695461, -26.4753193008278]]]}}, {"type": "Feature", "properties": {"cod_imovel": "SC-4201307-CC396D9F86AB4CE086C6D81C89671289", "municipio": "Araquari", "num_area": 3.1047, "mod_fiscal": 0.2587, "des_condic": "Analisado, aguardando atendimento a notificacao", "ind_status": "AT", "dat_atuali": "25/05/2016"}, "geometry": {"type": "Polygon", "coordinates": [[[-48.73793838061582, -26.38577765201709], [-48.73604925485613, -26.38758540175467], [-48.73741481217085, -26.38793080958476], [-48.7389011112298, -26.38656052290671], [-48.73793838061582, -26.38577765201709]]]}}, {"type": "Feature", "properties": {"cod_imovel": "SC-4201307-27671835FB0548D9B6F52C61F00F434F", "municipio": "Araquari", "num_area": 9.3175, "mod_fiscal": 0.7765, "des_condic": "Em analise", "ind_status": "AT", "dat_atuali": "18/04/2023"}, "geometry": {"type": "Polygon", "coordinates": [[[-48.7461795, -26.43550004], [-48.74500417, -26.4394467], [-48.74680806, -26.44059753], [-48.74780623, -26.43565563], [-48.7461795, -26.43550004]]]}}, {"type": "Feature", "properties": {"cod_imovel": "SC-4201307-76C0934EB0554E5692923B2565F89AFE", "municipio": "Araquari", "num_area": 14.3895, "mod_fiscal": 1.1991, "des_condic": "Aguardando analise", "ind_status": "AT", "dat_atuali": "10/12/2025"}, "geometry": {"type": "Polygon", "coordinates": [[[-48.7123699138889, -26.4262229214645], [-48.7110353444444, -26.4275533714645], [-48.7149208444444, -26.4278429631311], [-48.7142486583333, -26.4266429047978], [-48.7155206555556, -26.4259085047978], [-48.7164729555556, -26.4275563936867], [-48.7181325777778, -26.4258942575756], [-48.7182151583333, -26.4236246325756], [-48.7123699138889, -26.4262229214645]]]}}, {"type": "Feature", "properties": {"cod_imovel": "SC-4201307-251F654CF65849C7935278F1482D2000", "municipio": "Araquari", "num_area": 14.3185, "mod_fiscal": 1.1932, "des_condic": "Aguardando analise", "ind_status": "AT", "dat_atuali": "10/12/2025"}, "geometry": {"type": "Polygon", "coordinates": [[[-48.70875995, -26.4298216492422], [-48.7087632472222, -26.4300562436866], [-48.7135644527778, -26.4303976853533], [-48.7153721416667, -26.4286486631311], [-48.7149208444444, -26.4278429631311], [-48.7110353444444, -26.4275533714645], [-48.70875995, -26.4298216492422]]]}}, {"type": "Feature", "properties": {"cod_imovel": "SC-4201307-E1FDF07BBE5D457292F1070C33383453", "municipio": "Araquari", "num_area": 10.9322, "mod_fiscal": 0.911, "des_condic": "Aguardando analise", "ind_status": "AT", "dat_atuali": "13/11/2025"}, "geometry": {"type": "Polygon", "coordinates": [[[-48.74407410621643, -26.40719759532164], [-48.742743730545044, -26.404804843536574], [-48.7397825717926, -26.402373603155407], [-48.73708963394165, -26.403055893175495], [-48.74407410621643, -26.40719759532164]]]}}, {"type": "Feature", "properties": {"cod_imovel": "SC-4201307-B8FB6843201948C4A13FC789CF1C5889", "municipio": "Araquari", "num_area": 2.5192, "mod_fiscal": 0.2099, "des_condic": "Aguardando analise", "ind_status": "AT", "dat_atuali": "03/11/2025"}, "geometry": {"type": "Polygon", "coordinates": [[[-48.69524582961957, -26.370895603868252], [-48.69466960567581, -26.37368932160322], [-48.69547572111258, -26.373733000421872], [-48.69605192521163, -26.37093927817645], [-48.69524582961957, -26.370895603868252]]]}}, {"type": "Feature", "properties": {"cod_imovel": "SC-4201307-22F31F7E885541D0B774709BD5F3C4AE", "municipio": "Araquari", "num_area": 2.1887, "mod_fiscal": 0.1824, "des_condic": "Aguardando analise", "ind_status": "AT", "dat_atuali": "03/11/2025"}, "geometry": {"type": "Polygon", "coordinates": [[[-48.694552148676, -26.37085799295768], [-48.694039039470674, -26.37355413928907], [-48.693235581103046, -26.37345419052904], [-48.69297018704529, -26.37481157688779], [-48.69398749943454, -26.374958059716132], [-48.69475125851994, -26.37086906086413], [-48.694552148676, -26.37085799295768]]]}}, {"type": "Feature", "properties": {"cod_imovel": "SC-4201307-0C23852D4FAF430E94E361EF06E86A0C", "municipio": "Araquari", "num_area": 2.6914, "mod_fiscal": 0.2243, "des_condic": "Aguardando analise", "ind_status": "AT", "dat_atuali": "16/10/2025"}, "geometry": {"type": "Polygon", "coordinates": [[[-48.73080790042877, -26.364187765229325], [-48.72867286205292, -26.364293507350066], [-48.72863531112671, -26.363875344762096], [-48.72682750225067, -26.36402915186686], [-48.72718155384064, -26.36490873231588], [-48.730502128601074, -26.364629958908928], [-48.73080790042877, -26.364187765229325]]]}}, {"type": "Feature", "properties": {"cod_imovel": "SC-4201307-FF858762737740E79F485F94E6D9B0F5", "municipio": "Araquari", "num_area": 82.7435, "mod_fiscal": 6.8953, "des_condic": "Aguardando analise", "ind_status": "AT", "dat_atuali": "14/04/2025"}, "geometry": {"type": "Polygon", "coordinates": [[[-48.73037485466791, -26.4176119626327], [-48.73658474774142, -26.41261889325619], [-48.7400678076839, -26.4092363932602], [-48.73498419776024, -26.40630611325275], [-48.72710641789078, -26.41432333324376], [-48.728304661552, -26.41552190908909], [-48.72605980026116, -26.41782484370292], [-48.73299492693416, -26.42050371730313], [-48.73290218269151, -26.4205571140452], [-48.73319906649137, -26.42046455056688], [-48.73037485466791, -26.4176119626327]]]}}, {"type": "Feature", "properties": {"cod_imovel": "SC-4201307-892D58041F9A4B85A20D348E1B7A3262", "municipio": "Araquari", "num_area": 4.6288, "mod_fiscal": 0.3857, "des_condic": "Aguardando analise", "ind_status": "AT", "dat_atuali": "28/01/2022"}, "geometry": {"type": "Polygon", "coordinates": [[[-48.69210861, -26.37907861], [-48.69040583, -26.379175], [-48.69055722, -26.38107833], [-48.69309861, -26.38133194], [-48.692955, -26.38021056], [-48.6919125, -26.38017417], [-48.69210861, -26.37907861]]]}}, {"type": "Feature", "properties": {"cod_imovel": "SC-4201307-3882776D0BD64263AA8FB37C1FF50726", "municipio": "Araquari", "num_area": 1.8333, "mod_fiscal": 0.1528, "des_condic": "Aguardando analise", "ind_status": "AT", "dat_atuali": "27/10/2023"}, "geometry": {"type": "Polygon", "coordinates": [[[-48.70461384865903, -26.37087958275183], [-48.70202141412928, -26.36956958603239], [-48.70131965005396, -26.37060375750569], [-48.70461384865903, -26.37087958275183]]]}}, {"type": "Feature", "properties": {"cod_imovel": "SC-4201307-CC9D9140F6884FF8AE1A5D05C4C2F29A", "municipio": "Araquari", "num_area": 2.5328, "mod_fiscal": 0.2111, "des_condic": "Aguardando analise", "ind_status": "AT", "dat_atuali": "06/11/2024"}, "geometry": {"type": "Polygon", "coordinates": [[[-48.7295077138889, -26.4067689020204], [-48.7300401, -26.4070204909093], [-48.7325062944444, -26.4048906492427], [-48.731719375, -26.4044411103538], [-48.7295077138889, -26.4067689020204]]]}}, {"type": "Feature", "properties": {"cod_imovel": "SC-4201307-D89797EF37334ACFA009D7D5BD867906", "municipio": "Araquari", "num_area": 6.8106, "mod_fiscal": 0.5675, "des_condic": "Aguardando analise", "ind_status": "AT", "dat_atuali": "06/11/2024"}, "geometry": {"type": "Polygon", "coordinates": [[[-48.7351506416667, -26.4001623770206], [-48.7348545388889, -26.4004626353539], [-48.7339237694444, -26.3993364631317], [-48.7334992361111, -26.3997758881317], [-48.7346402222222, -26.4024067575761], [-48.7387318, -26.3995641686872], [-48.73572325, -26.3999616186872], [-48.7351506416667, -26.4001623770206]]]}}, {"type": "Feature", "properties": {"cod_imovel": "SC-4201307-F436D038C152402F86D6EA4EC75CA1CB", "municipio": "Araquari", "num_area": 61.3937, "mod_fiscal": 5.1161, "des_condic": "Aguardando analise", "ind_status": "AT", "dat_atuali": "06/11/2024"}, "geometry": {"type": "Polygon", "coordinates": [[[-48.7346402222222, -26.4024067575761], [-48.7334992361111, -26.3997758881317], [-48.7304645694444, -26.4029404714649], [-48.7238690527778, -26.4088247270204], [-48.7292871166667, -26.4121289297981], [-48.7349625222222, -26.4062891020204], [-48.7325062944444, -26.4048906492427], [-48.7300765277778, -26.4070154992426], [-48.7295077138889, -26.4067689020204], [-48.731719375, -26.4044411103538], [-48.7346402222222, -26.4024067575761]]]}}, {"type": "Feature", "properties": {"cod_imovel": "SC-4201307-0C2D4138CF7542218ED0BA9FA5565D2B", "municipio": "Araquari", "num_area": 2.0725, "mod_fiscal": 0.1727, "des_condic": "Aguardando analise", "ind_status": "AT", "dat_atuali": "07/07/2023"}, "geometry": {"type": "Polygon", "coordinates": [[[-48.71692364, -26.41920612], [-48.71692086, -26.42062206], [-48.71823831, -26.42062769], [-48.71824414, -26.41921081], [-48.71692364, -26.41920612]]]}}, {"type": "Feature", "properties": {"cod_imovel": "SC-4201307-399300348AEC4599B29EE942F203A7D8", "municipio": "Araquari", "num_area": 9.1626, "mod_fiscal": 0.7636, "des_condic": "Aguardando analise", "ind_status": "AT", "dat_atuali": "10/10/2024"}, "geometry": {"type": "Polygon", "coordinates": [[[-48.71529392, -26.46922423], [-48.7151619, -26.47058632], [-48.72124739, -26.47059296], [-48.72137954, -26.46923102], [-48.71529392, -26.46922423]]]}}, {"type": "Feature", "properties": {"cod_imovel": "SC-4201307-F3B236B0AAAD4384A0D4A92DAB48AF44", "municipio": "Araquari", "num_area": 10.3274, "mod_fiscal": 0.8606, "des_condic": "Aguardando analise", "ind_status": "AT", "dat_atuali": "03/07/2023"}, "geometry": {"type": "Polygon", "coordinates": [[[-48.6809970202783, -26.36758222210315], [-48.67705262841415, -26.36524863574796], [-48.6760779951944, -26.36758847708656], [-48.67835105262678, -26.36904231379349], [-48.6809970202783, -26.36758222210315]]]}}, {"type": "Feature", "properties": {"cod_imovel": "SC-4201307-708E192874914C12BD9C738F8DA1CBAC", "municipio": "Araquari", "num_area": 16.4821, "mod_fiscal": 1.3735, "des_condic": "Analisado, aguardando atendimento a notificacao", "ind_status": "PE", "dat_atuali": "08/10/2018"}, "geometry": {"type": "Polygon", "coordinates": [[[-48.71507514403675, -26.381564685945925], [-48.70266117154607, -26.394575919061545], [-48.70288610458374, -26.39484892598395], [-48.702768087387085, -26.395156457525367], [-48.702867353281825, -26.39572479407677], [-48.71558770151294, -26.38203182803203], [-48.71507514403675, -26.381564685945925]]]}}, {"type": "Feature", "properties": {"cod_imovel": "SC-4201307-03CCBDAC5D9842D089245965BBA06BE7", "municipio": "Araquari", "num_area": 17.1668, "mod_fiscal": 1.4306, "des_condic": "Aguardando analise", "ind_status": "PE", "dat_atuali": "08/10/2018"}, "geometry": {"type": "Polygon", "coordinates": [[[-48.71558770151294, -26.38203182803203], [-48.702778816223145, -26.395771518150518], [-48.70297193527222, -26.396059826690525], [-48.70291925701257, -26.396956350474053], [-48.716119251493986, -26.382516265717474], [-48.71558770151294, -26.38203182803203]]]}}, {"type": "Feature", "properties": {"cod_imovel": "SC-4201307-2A261B8C06E24E06A82DE2968D850C72", "municipio": "Araquari", "num_area": 15.3821, "mod_fiscal": 1.2818, "des_condic": "Aguardando analise", "ind_status": "PE", "dat_atuali": "28/03/2018"}, "geometry": {"type": "Polygon", "coordinates": [[[-48.751702308654785, -26.41781543324345], [-48.75115513801575, -26.416009028454926], [-48.744728565216064, -26.421620320977993], [-48.74582290649414, -26.42290780506637], [-48.751702308654785, -26.41781543324345]]]}}, {"type": "Feature", "properties": {"cod_imovel": "SC-4201307-F6C0EAF50AA34F5F9FEDF95A906F7596", "municipio": "Araquari", "num_area": 1447.3861, "mod_fiscal": 120.6153, "des_condic": "Aguardando analise", "ind_status": "PE", "dat_atuali": "27/09/2017"}, "geometry": {"type": "Polygon", "coordinates": [[[-48.67316331289577, -26.42585958625247], [-48.68837901563232, -26.43763114714232], [-48.67897345095003, -26.44723636526203], [-48.65836378061865, -26.43053375501721], [-48.65512417770196, -26.43166710402659], [-48.65625783096093, -26.43421328110123], [-48.65712018511284, -26.43392821503589], [-48.66615782370013, -26.43827950069548], [-48.66870635037996, -26.45547987932437], [-48.66811004324526, -26.45607293960627], [-48.66867291182589, -26.45906820986574], [-48.66784471045819, -26.45963159444442], [-48.66764570577795, -26.46224123049927], [-48.66194818155007, -26.46633420217218], [-48.67328184902854, -26.47694887202252], [-48.676815032958984, -26.473089258966457], [-48.681063652038574, -26.48094494121866], [-48.69739469724075, -26.46252974374621], [-48.69812347954738, -26.46258896544621], [-48.70650232690647, -26.4525639979344], [-48.69262330685005, -26.4522655887733], [-48.68878016832039, -26.44040360495401], [-48.69772248463104, -26.4401358514621], [-48.69884636355916, -26.42601941887798], [-48.70020408262652, -26.42578198161289], [-48.69861548863936, -26.41758611710387], [-48.67316331289577, -26.42585958625247]]]}}, {"type": "Feature", "properties": {"cod_imovel": "SC-4201307-CBAA52CB771D4431B29BC8E78610C2DA", "municipio": "Araquari", "num_area": 17.829, "mod_fiscal": 1.4858, "des_condic": "Aguardando analise", "ind_status": "PE", "dat_atuali": "18/05/2017"}, "geometry": {"type": "Polygon", "coordinates": [[[-48.717756271362305, -26.402940576835647], [-48.71844291687012, -26.401326135979172], [-48.71114730834961, -26.398020305667036], [-48.710031509399414, -26.399942311556195], [-48.717756271362305, -26.402940576835647]]]}}, {"type": "Feature", "properties": {"cod_imovel": "SC-4201307-143655F2DB234FDD95816BAB837ABFF8", "municipio": "Araquari", "num_area": 25.4099, "mod_fiscal": 2.1175, "des_condic": "Aguardando analise", "ind_status": "PE", "dat_atuali": "22/05/2017"}, "geometry": {"type": "Polygon", "coordinates": [[[-48.70797157287598, -26.395329443657396], [-48.70542163180257, -26.39419038020393], [-48.70119094848633, -26.4009417419704], [-48.70359420776367, -26.40247931032399], [-48.70797157287598, -26.395329443657396]]]}}, {"type": "Feature", "properties": {"cod_imovel": "SC-4201307-0DFA16DE22994065B616E3957BE99215", "municipio": "Araquari", "num_area": 74.0117, "mod_fiscal": 6.1676, "des_condic": "Aguardando analise", "ind_status": "PE", "dat_atuali": "16/02/2017"}, "geometry": {"type": "Polygon", "coordinates": [[[-48.73128684668193, -26.38763686142337], [-48.72856823355222, -26.38528532722661], [-48.71805973420126, -26.39645162578441], [-48.71879745360694, -26.39870535671821], [-48.71894044240936, -26.4019972637396], [-48.73128684668193, -26.38763686142337]]]}}, {"type": "Feature", "properties": {"cod_imovel": "SC-4201307-56BC955C9495461A9B4D3D86F8626E10", "municipio": "Araquari", "num_area": 19.5675, "mod_fiscal": 1.6306, "des_condic": "Aguardando analise", "ind_status": "AT", "dat_atuali": "21/09/2025"}, "geometry": {"type": "Polygon", "coordinates": [[[-48.70797544576477, -26.36290013028199], [-48.70967724291001, -26.36084642871094], [-48.7097636133181, -26.36066287364212], [-48.7092863199041, -26.36039508504691], [-48.71080613045813, -26.35836788045256], [-48.70912210976707, -26.35709649069883], [-48.70491820398521, -26.3632605626262], [-48.70396883092031, -26.36253686809037], [-48.70382713589525, -26.36267235701107], [-48.70485344789132, -26.36334866482435], [-48.70382204708796, -26.36497001163738], [-48.70262500232173, -26.36634498202546], [-48.70317275869559, -26.36731768827994], [-48.70611533864216, -26.36278305113888], [-48.70672116901063, -26.36313419576316], [-48.70715255327232, -26.3627682429834], [-48.70797544576477, -26.36290013028199]]]}}, {"type": "Feature", "properties": {"cod_imovel": "SC-4201307-336558A77F694257BF0E91A88C1B8C4A", "municipio": "Araquari", "num_area": 11.0507, "mod_fiscal": 0.9209, "des_condic": "Aguardando analise", "ind_status": "AT", "dat_atuali": "07/02/2025"}, "geometry": {"type": "Polygon", "coordinates": [[[-48.73440794, -26.46575858], [-48.73371776, -26.46641313], [-48.74152635, -26.47357439], [-48.74208015, -26.4727858], [-48.73440794, -26.46575858]]]}}, {"type": "Feature", "properties": {"cod_imovel": "SC-4201307-B98558B29EFD4C0FBFF448688C01CC14", "municipio": "Araquari", "num_area": 90.945, "mod_fiscal": 7.5788, "des_condic": "Aguardando analise", "ind_status": "AT", "dat_atuali": "31/01/2025"}, "geometry": {"type": "Polygon", "coordinates": [[[-48.6953864154944, -26.4818615291909], [-48.68306974937658, -26.49486708507623], [-48.68474030467313, -26.49522569652499], [-48.68588808270531, -26.49810430720163], [-48.69878697103917, -26.48574597305691], [-48.6953864154944, -26.4818615291909]]]}}, {"type": "Feature", "properties": {"cod_imovel": "SC-4201307-B44535F08BB44E2AA1F9B5667CF7C754", "municipio": "Araquari", "num_area": 3.5827, "mod_fiscal": 0.2986, "des_condic": "Aguardando analise", "ind_status": "AT", "dat_atuali": "24/01/2025"}, "geometry": {"type": "Polygon", "coordinates": [[[-48.74367973966692, -26.40762314501231], [-48.74063004371168, -26.40579761255384], [-48.73942388433225, -26.40603391514657], [-48.74305787119999, -26.40822662918169], [-48.74367973966692, -26.40762314501231]]]}}, {"type": "Feature", "properties": {"cod_imovel": "SC-4201307-D7DD27D34DB54D7283F7C7F91987BAB2", "municipio": "Araquari", "num_area": 17.0311, "mod_fiscal": 1.4193, "des_condic": "Aguardando analise", "ind_status": "AT", "dat_atuali": "03/10/2024"}, "geometry": {"type": "Polygon", "coordinates": [[[-48.67988113136669, -26.39307369261052], [-48.67969363861162, -26.39419889317569], [-48.69385696839292, -26.39703472319541], [-48.69383860862906, -26.39598362973626], [-48.67988113136669, -26.39307369261052]]]}}, {"type": "Feature", "properties": {"cod_imovel": "SC-4201307-39F60B5602A74463985AE9A331F58EBF", "municipio": "Araquari", "num_area": 34.1728, "mod_fiscal": 2.8477, "des_condic": "Aguardando analise", "ind_status": "AT", "dat_atuali": "02/10/2024"}, "geometry": {"type": "Polygon", "coordinates": [[[-48.70496026784486, -26.35638767340894], [-48.70250600532547, -26.3568898114102], [-48.70231967661563, -26.35719367081599], [-48.70338414089251, -26.35807714837253], [-48.70337968282616, -26.35830270155253], [-48.70315525640618, -26.35850667600615], [-48.7028140408103, -26.35853730147805], [-48.70224765938016, -26.35830258806369], [-48.70143769428882, -26.35772101280922], [-48.70085989499023, -26.35806370951752], [-48.7006512095612, -26.35848453207448], [-48.70023116831953, -26.35879578045649], [-48.70131016552658, -26.36103781091857], [-48.70001599844352, -26.36141340163242], [-48.70052111459211, -26.36231641419423], [-48.70166439965638, -26.36302330755488], [-48.70202032578381, -26.36376906967564], [-48.70281228980523, -26.36475647862042], [-48.70282714629872, -26.36501844141055], [-48.70348114496204, -26.36542685563317], [-48.70418108913644, -26.36443846725385], [-48.70314805277399, -26.36376623067568], [-48.70741115746767, -26.35684208870797], [-48.70496026784486, -26.35638767340894]]]}}, {"type": "Feature", "properties": {"cod_imovel": "SC-4201307-CFE96508104D4F2991FB12203F17DF72", "municipio": "Araquari", "num_area": 7.179, "mod_fiscal": 0.5982, "des_condic": "Aguardando analise", "ind_status": "AT", "dat_atuali": "26/10/2021"}, "geometry": {"type": "Polygon", "coordinates": [[[-48.71832522783536, -26.41319279029587], [-48.718343055735104, -26.411793118766372], [-48.71344771379488, -26.41676358428465], [-48.71427984600125, -26.417414605447032], [-48.71832522783536, -26.41319279029587]]]}}, {"type": "Feature", "properties": {"cod_imovel": "SC-4201307-DF638D8E1A274B2087562DFD7F7E134B", "municipio": "Araquari", "num_area": 8.2902, "mod_fiscal": 0.6909, "des_condic": "Aguardando analise", "ind_status": "AT", "dat_atuali": "28/01/2022"}, "geometry": {"type": "Polygon", "coordinates": [[[-48.68816528, -26.37733333], [-48.6873275, -26.38032861], [-48.69037722, -26.38032944], [-48.69022972, -26.37842472], [-48.69045361, -26.377505], [-48.68816528, -26.37733333]]]}}, {"type": "Feature", "properties": {"cod_imovel": "SC-4201307-A16E01CEAC444027A7109EC03577A7C9", "municipio": "Araquari", "num_area": 3.3224, "mod_fiscal": 0.2769, "des_condic": "Aguardando analise", "ind_status": "AT", "dat_atuali": "08/09/2023"}, "geometry": {"type": "Polygon", "coordinates": [[[-48.69011292087648, -26.37021276325459], [-48.69120129593154, -26.37025772022971], [-48.69122534288664, -26.36920318068405], [-48.69085336203483, -26.36770875159288], [-48.68959142232963, -26.36816869850435], [-48.69011292087648, -26.37021276325459]]]}}, {"type": "Feature", "properties": {"cod_imovel": "SC-4201307-5B822828D6D948D793027C6BE4C175CC", "municipio": "Araquari", "num_area": 0.507, "mod_fiscal": 0.0422, "des_condic": "Aguardando analise", "ind_status": "AT", "dat_atuali": "25/07/2023"}, "geometry": {"type": "Polygon", "coordinates": [[[-48.75581079693558, -26.4374476714316], [-48.7558231491766, -26.43739468334293], [-48.74752166263501, -26.43588133948358], [-48.75581079693558, -26.4374476714316]]]}}, {"type": "Feature", "properties": {"cod_imovel": "SC-4201307-27F47FA499AD46A5B632E612003385D1", "municipio": "Araquari", "num_area": 2.8072, "mod_fiscal": 0.2339, "des_condic": "Aguardando analise", "ind_status": "AT", "dat_atuali": "25/07/2023"}, "geometry": {"type": "Polygon", "coordinates": [[[-48.75148510969513, -26.43663034509891], [-48.75071854117952, -26.43648548947572], [-48.74997194446287, -26.43942483498511], [-48.75051878338394, -26.44021040090017], [-48.75148510969513, -26.43663034509891]]]}}, {"type": "Feature", "properties": {"cod_imovel": "SC-4201307-315A9C8CE894404C91C16B79194F1296", "municipio": "Araquari", "num_area": 1.1504, "mod_fiscal": 0.0959, "des_condic": "Aguardando analise", "ind_status": "AT", "dat_atuali": "28/11/2016"}, "geometry": {"type": "Polygon", "coordinates": [[[-48.725275922355586, -26.358294882014786], [-48.72469333917609, -26.35828829429467], [-48.7241066114546, -26.358023375192662], [-48.72355867253381, -26.358911474764472], [-48.72404350179718, -26.359117954578874], [-48.724557863339726, -26.359110750883993], [-48.725275922355586, -26.358294882014786]]]}}, {"type": "Feature", "properties": {"cod_imovel": "SC-4201307-21057A10AA85447DAC5063409DF6779A", "municipio": "Araquari", "num_area": 10.9007, "mod_fiscal": 0.9084, "des_condic": "Aguardando analise", "ind_status": "AT", "dat_atuali": "20/05/2016"}, "geometry": {"type": "Polygon", "coordinates": [[[-48.74183177947997, -26.401864285440638], [-48.74056577682495, -26.402363993408017], [-48.74166011810302, -26.403863104328092], [-48.74462127685546, -26.408725471106514], [-48.74582290649414, -26.40793751253642], [-48.74183177947997, -26.401864285440638]]]}}, {"type": "Feature", "properties": {"cod_imovel": "SC-4201307-912AE3695B514ABA9EAC0F5F8C805118", "municipio": "Araquari", "num_area": 14.2928, "mod_fiscal": 1.1911, "des_condic": "Aguardando analise", "ind_status": "AT", "dat_atuali": "12/04/2016"}, "geometry": {"type": "Polygon", "coordinates": [[[-48.67984436148194, -26.393629590188194], [-48.678809206898784, -26.393278875610957], [-48.67033969747893, -26.3903795851248], [-48.67006299605547, -26.391683677943117], [-48.67893041001174, -26.394733844147083], [-48.67984436148194, -26.393629590188194]]]}}, {"type": "Feature", "properties": {"cod_imovel": "SC-4201307-09F244C93649457C8A30A38900F95D3F", "municipio": "Araquari", "num_area": 2.8435, "mod_fiscal": 0.237, "des_condic": "Aguardando analise", "ind_status": "AT", "dat_atuali": "22/05/2015"}, "geometry": {"type": "Polygon", "coordinates": [[[-48.75256061553955, -26.422139159578716], [-48.752474784851074, -26.421735618646576], [-48.746938705444336, -26.42669330933226], [-48.747196197509766, -26.426923894408496], [-48.75256061553955, -26.422139159578716]]]}}, {"type": "Feature", "properties": {"cod_imovel": "SC-4201307-F300133A27D849A4BD5A0E7691273CDD", "municipio": "Araquari", "num_area": 5.6107, "mod_fiscal": 0.4676, "des_condic": "Aguardando analise", "ind_status": "AT", "dat_atuali": "29/04/2016"}, "geometry": {"type": "Polygon", "coordinates": [[[-48.71463216, -26.48079921], [-48.71983404, -26.48087179], [-48.72036349, -26.48069267], [-48.72164036, -26.48074411], [-48.7214371, -26.48064741], [-48.72179754, -26.48013204], [-48.71466318, -26.48003256], [-48.71463216, -26.48079921]]]}}, {"type": "Feature", "properties": {"cod_imovel": "SC-4201307-03980D4161DD4A209CA87806863F21EC", "municipio": "Araquari", "num_area": 105.9647, "mod_fiscal": 8.8304, "des_condic": "Aguardando analise", "ind_status": "AT", "dat_atuali": "03/05/2016"}, "geometry": {"type": "Polygon", "coordinates": [[[-48.74108399, -26.51826228], [-48.7425875, -26.51473105], [-48.72675313, -26.49842607], [-48.72704751, -26.49813031], [-48.72438475, -26.49534692], [-48.72171491, -26.49808436], [-48.74108399, -26.51826228]]]}}, {"type": "Feature", "properties": {"cod_imovel": "SC-4201307-542546BD64D041E2AB30CF5D14B02E90", "municipio": "Araquari", "num_area": 19.0087, "mod_fiscal": 1.5841, "des_condic": "Aguardando analise", "ind_status": "AT", "dat_atuali": "16/04/2016"}, "geometry": {"type": "Polygon", "coordinates": [[[-48.72164036, -26.48074411], [-48.72282, -26.48128077], [-48.72447278, -26.48109836], [-48.7249864, -26.4813374], [-48.72566365, -26.48249334], [-48.72803449, -26.47855759], [-48.72567035, -26.4766726], [-48.72164036, -26.48074411]]]}}, {"type": "Feature", "properties": {"cod_imovel": "SC-4201307-64E3128FFAFA41A1BBF5F532F5D83EAA", "municipio": "Araquari", "num_area": 6.699, "mod_fiscal": 0.5582, "des_condic": "Aguardando analise", "ind_status": "AT", "dat_atuali": "08/04/2015"}, "geometry": {"type": "Polygon", "coordinates": [[[-48.711018562316895, -26.36868652633536], [-48.71562475095828, -26.36279029238893], [-48.71465918605625, -26.36268140027878], [-48.7103533744812, -26.368263573346482], [-48.711018562316895, -26.36868652633536]]]}}, {"type": "Feature", "properties": {"cod_imovel": "SC-4201307-514B7D3594FB4CF6B129E3ED9D57D46E", "municipio": "Araquari", "num_area": 15.0029, "mod_fiscal": 1.2502, "des_condic": "Aguardando analise", "ind_status": "AT", "dat_atuali": "12/06/2019"}, "geometry": {"type": "Polygon", "coordinates": [[[-48.706748485565186, -26.371589480080683], [-48.7044095993042, -26.371435683036015], [-48.69960308074951, -26.3762225200915], [-48.70116949081421, -26.37733749783831], [-48.706748485565186, -26.371589480080683]]]}}, {"type": "Feature", "properties": {"cod_imovel": "SC-4201307-E930A45DDAA142A98A5984B0E61A5562", "municipio": "Araquari", "num_area": 73.4462, "mod_fiscal": 6.1205, "des_condic": "Aguardando analise", "ind_status": "AT", "dat_atuali": "22/06/2016"}, "geometry": {"type": "Polygon", "coordinates": [[[-48.68212903660672, -26.38738477146853], [-48.68017820550968, -26.39307508738381], [-48.68542347286849, -26.39412571669045], [-48.69349914208408, -26.39610737365103], [-48.69385846644856, -26.39290832301485], [-48.69164141814028, -26.39273532296842], [-48.69199975658916, -26.39078143910302], [-48.69109881504302, -26.39034690706992], [-48.69099871236222, -26.39002202192516], [-48.68212903660672, -26.38738477146853]]]}}, {"type": "Feature", "properties": {"cod_imovel": "SC-4201307-6AB518F5FCC7420194A7E3A068883826", "municipio": "Araquari", "num_area": 16.1986, "mod_fiscal": 1.3499, "des_condic": "Aguardando analise", "ind_status": "AT", "dat_atuali": "03/05/2016"}, "geometry": {"type": "Polygon", "coordinates": [[[-48.73743295669556, -26.365783499676546], [-48.73603820800781, -26.373492701569784], [-48.73659610748291, -26.373396580023936], [-48.73809814453125, -26.37372339295363], [-48.739256858825684, -26.367090831964006], [-48.73743295669556, -26.365783499676546]]]}}, {"type": "Feature", "properties": {"cod_imovel": "SC-4201307-08D36EEC8D684AB497297DE7F978B1FF", "municipio": "Araquari", "num_area": 3.8356, "mod_fiscal": 0.3196, "des_condic": "Aguardando analise", "ind_status": "AT", "dat_atuali": "02/05/2017"}, "geometry": {"type": "Polygon", "coordinates": [[[-48.72904300689697, -26.48461330343614], [-48.72736930847168, -26.484056334508264], [-48.72623279238984, -26.48563380437292], [-48.72814178466797, -26.486245783028433], [-48.72904300689697, -26.48461330343614]]]}}, {"type": "Feature", "properties": {"cod_imovel": "SC-4201307-D6F585EA38DA48A98E83C1E1567428B7", "municipio": "Araquari", "num_area": 2.5293, "mod_fiscal": 0.2108, "des_condic": "Aguardando analise", "ind_status": "AT", "dat_atuali": "04/09/2017"}, "geometry": {"type": "Polygon", "coordinates": [[[-48.75187397003174, -26.41875705856407], [-48.75180959701538, -26.418603324342975], [-48.74159510701956, -26.42783301539782], [-48.7417255660942, -26.42795821454704], [-48.75187397003174, -26.41875705856407]]]}}, {"type": "Feature", "properties": {"cod_imovel": "SC-4201307-E68C96A3105844888222A86A9FB19E52", "municipio": "Araquari", "num_area": 2.8006, "mod_fiscal": 0.2334, "des_condic": "Aguardando analise", "ind_status": "AT", "dat_atuali": "15/06/2017"}, "geometry": {"type": "Polygon", "coordinates": [[[-48.68941841856728, -26.39958801204286], [-48.68943164932529, -26.39853246438528], [-48.686935125323906, -26.39849210892283], [-48.68691491399233, -26.399505586704652], [-48.68941841856728, -26.39958801204286]]]}}, {"type": "Feature", "properties": {"cod_imovel": "SC-4201307-3A53D8C4E95144D685FDE00328F6727A", "municipio": "Araquari", "num_area": 4.4711, "mod_fiscal": 0.3726, "des_condic": "Aguardando analise", "ind_status": "AT", "dat_atuali": "21/09/2016"}, "geometry": {"type": "Polygon", "coordinates": [[[-48.68837442245276, -26.37008473268467], [-48.69029508871611, -26.36550365132852], [-48.68966817855835, -26.364956796628448], [-48.68756678263617, -26.37007008264093], [-48.68837442245276, -26.37008473268467]]]}}, {"type": "Feature", "properties": {"cod_imovel": "SC-4201307-C1F8807862C445D89614F08D5F9A6020", "municipio": "Araquari", "num_area": 5.0634, "mod_fiscal": 0.4219, "des_condic": "Aguardando analise", "ind_status": "AT", "dat_atuali": "11/02/2021"}, "geometry": {"type": "Polygon", "coordinates": [[[-48.74874040957766, -26.43602870918931], [-48.74774479352879, -26.43576703540395], [-48.7466522404115, -26.44019214688599], [-48.74763026021269, -26.44038177695608], [-48.74874040957766, -26.43602870918931]]]}}, {"type": "Feature", "properties": {"cod_imovel": "SC-4201307-0347D59DB0DF4D26B4F3EB5D93758E09", "municipio": "Araquari", "num_area": 43.3062, "mod_fiscal": 3.6089, "des_condic": "Aguardando analise", "ind_status": "AT", "dat_atuali": "02/05/2016"}, "geometry": {"type": "Polygon", "coordinates": [[[-48.702349662780755, -26.485976905631], [-48.701019287109375, -26.484133157969044], [-48.68634223937988, -26.49304433112417], [-48.68767261505127, -26.49484952775573], [-48.702349662780755, -26.485976905631]]]}}, {"type": "Feature", "properties": {"cod_imovel": "SC-4201307-06FA3F1554D5462E91ECDA5CA5ED8FC3", "municipio": "Araquari", "num_area": 48.0312, "mod_fiscal": 4.0026, "des_condic": "Aguardando analise", "ind_status": "AT", "dat_atuali": "16/12/2016"}, "geometry": {"type": "Polygon", "coordinates": [[[-48.72741222381592, -26.35226712441186], [-48.724452025850276, -26.35099918825796], [-48.72204780578613, -26.350498150430543], [-48.71908664703369, -26.357919968583047], [-48.72219800949097, -26.360207946000312], [-48.72217655181885, -26.359477336283067], [-48.723464012145996, -26.359112029693254], [-48.72741222381592, -26.35226712441186]]]}}, {"type": "Feature", "properties": {"cod_imovel": "SC-4201307-407D24E2B7064194A13941B83FBE9C90", "municipio": "Araquari", "num_area": 4.1448, "mod_fiscal": 0.3454, "des_condic": "Aguardando analise", "ind_status": "AT", "dat_atuali": "05/10/2016"}, "geometry": {"type": "Polygon", "coordinates": [[[-48.70100756016632, -26.37063388885551], [-48.70127192047026, -26.37056967818621], [-48.70173257891198, -26.37007788962249], [-48.70160896599339, -26.3699896005792], [-48.70177026559677, -26.3697383685504], [-48.70207926407217, -26.36993371280868], [-48.70219906862417, -26.36982606337006], [-48.70210892756468, -26.36948710727983], [-48.70235133222231, -26.36959970267246], [-48.70282295208247, -26.36927341724511], [-48.70274150951705, -26.36897676558024], [-48.70365848850558, -26.36939567634185], [-48.70372278841004, -26.36899815500246], [-48.70388862701727, -26.36887244722983], [-48.70412301766479, -26.36940389041928], [-48.70428282540125, -26.3694037048404], [-48.70464584897493, -26.3687713369651], [-48.70341881964892, -26.36843475565774], [-48.70363883106325, -26.36818786432416], [-48.70453252358603, -26.36801601549253], [-48.70439203548134, -26.36773901857908], [-48.70445908763718, -26.36710111203174], [-48.7040594852482, -26.36714376765547], [-48.7034763072774, -26.36766564937932], [-48.70314359664917, -26.3674368880357], [-48.70100756016632, -26.37063388885551]]]}}, {"type": "Feature", "properties": {"cod_imovel": "SC-4201307-5C9CD14A4B76464BA46CC034749E190F", "municipio": "Araquari", "num_area": 3.0159, "mod_fiscal": 0.2513, "des_condic": "Aguardando analise", "ind_status": "AT", "dat_atuali": "06/08/2019"}, "geometry": {"type": "Polygon", "coordinates": [[[-48.708607677929145, -26.371145025712433], [-48.70979137606928, -26.369802443988103], [-48.70923183398104, -26.36878330126649], [-48.70714742425416, -26.37107121482593], [-48.708607677929145, -26.371145025712433]]]}}, {"type": "Feature", "properties": {"cod_imovel": "SC-4201307-67D62C2316C3423196352B034BD8623C", "municipio": "Araquari", "num_area": 6.3008, "mod_fiscal": 0.5251, "des_condic": "Aguardando analise", "ind_status": "AT", "dat_atuali": "20/06/2016"}, "geometry": {"type": "Polygon", "coordinates": [[[-48.69071960449219, -26.366033431992303], [-48.68849819607485, -26.36435905639793], [-48.68737980512087, -26.36609185145206], [-48.689560890197754, -26.367725267304017], [-48.69071960449219, -26.366033431992303]]]}}, {"type": "Feature", "properties": {"cod_imovel": "SC-4201307-6E69265772C74D84B81B5CF4EB02646F", "municipio": "Araquari", "num_area": 13.6692, "mod_fiscal": 1.1391, "des_condic": "Aguardando analise", "ind_status": "AT", "dat_atuali": "01/05/2016"}, "geometry": {"type": "Polygon", "coordinates": [[[-48.71622101, -26.4900455], [-48.7183921, -26.49175939], [-48.72124819, -26.48820942], [-48.71898764, -26.4866212], [-48.71622101, -26.4900455]]]}}, {"type": "Feature", "properties": {"cod_imovel": "SC-4201307-78F9767F66AC4844AA4F2A45AAE0DCF3", "municipio": "Araquari", "num_area": 343.0489, "mod_fiscal": 28.5874, "des_condic": "Aguardando analise", "ind_status": "AT", "dat_atuali": "23/04/2015"}, "geometry": {"type": "Polygon", "coordinates": [[[-48.68272127467032, -26.494792596863583], [-48.66524224865216, -26.508329233862803], [-48.666004374652964, -26.508476601862842], [-48.666050148652985, -26.50799647586281], [-48.66641446665339, -26.507992849862784], [-48.66661805765369, -26.507688196862826], [-48.66683412565382, -26.507830739862808], [-48.66748356365452, -26.50762365186285], [-48.66770391865477, -26.50812488886284], [-48.66799881965507, -26.508051196862866], [-48.668712287655765, -26.50783619886289], [-48.66873999465588, -26.507542957862864], [-48.669068200656184, -26.507336117862916], [-48.67027329765752, -26.50754496486298], [-48.67034831565748, -26.50784041586291], [-48.67075065865796, -26.507668938862953], [-48.67089755665813, -26.506944328862968], [-48.67072879165793, -26.50673670486303], [-48.67107236965828, -26.50663679586293], [-48.67142660565866, -26.506591222863005], [-48.671454808658716, -26.506871362862977], [-48.671725918658964, -26.506685000862944], [-48.67255847965985, -26.50690531886299], [-48.67283228166003, -26.50730441486305], [-48.67285813366009, -26.50715968286298], [-48.673105687660396, -26.50711549886309], [-48.673046145660294, -26.507616803863044], [-48.6731842746605, -26.50774901386298], [-48.67281647066007, -26.50801424486298], [-48.67308807266035, -26.508138887862994], [-48.67324892766047, -26.508626014862955], [-48.67406211566138, -26.508239157863045], [-48.67434307366162, -26.508906511862993], [-48.67490436666217, -26.508925350863066], [-48.67520943866253, -26.50919245086297], [-48.67507065466235, -26.50937363086303], [-48.675214302662475, -26.50944519486299], [-48.675208645662444, -26.50971374786301], [-48.675797889663116, -26.509895874863094], [-48.67553899066284, -26.509951094863013], [-48.675716317663046, -26.510119196862977], [-48.675946375663194, -26.51006726286307], [-48.67633409966363, -26.510523489863036], [-48.676065211663385, -26.51109676586303], [-48.67640450766374, -26.511138153862998], [-48.67654520966387, -26.51148046686298], [-48.67677775566409, -26.511469523862964], [-48.67686305666414, -26.511987131862973], [-48.67671605266397, -26.512179688863007], [-48.677047433664384, -26.512290166863], [-48.676997868664294, -26.512554217862995], [-48.6776337966649, -26.512868918863003], [-48.67748299766477, -26.513024766862927], [-48.67752334866477, -26.51327827586294], [-48.67805111766539, -26.51345229086296], [-48.67851154466583, -26.513821975862996], [-48.678270584665526, -26.513929544863018], [-48.678442068665795, -26.513944113862973], [-48.67823072966547, -26.51412001786304], [-48.6787788686661, -26.514183580863], [-48.67883723466608, -26.514314059862947], [-48.67853454066589, -26.514606891862986], [-48.67904401866635, -26.51486426886298], [-48.679274121666616, -26.515176706862995], [-48.67935124266667, -26.515831658862986], [-48.67963033366696, -26.51569806186296], [-48.67983982866706, -26.51624816886299], [-48.67949691766678, -26.516364773862943], [-48.680352956667676, -26.517013642862874], [-48.68047489066775, -26.51784549886298], [-48.68085966266818, -26.517994278862925], [-48.68095612866825, -26.51838964386296], [-48.68128084766857, -26.518616046862952], [-48.681137302668404, -26.518769453862923], [-48.68134471566854, -26.518735172862968], [-48.68157669466878, -26.519297002862977], [-48.6855979476729, -26.516891447863127], [-48.69038645967771, -26.51279818186335], [-48.68727314167472, -26.507231753863426], [-48.68887733967632, -26.507082905863438], [-48.68928306467671, -26.507873218863455], [-48.68978526667716, -26.507692942863454], [-48.691488816678785, -26.511085678863434], [-48.69160581767894, -26.51164496286344], [-48.694853710682125, -26.508950277863548], [-48.69519495968249, -26.50835602586356], [-48.694134229681445, -26.50775039986354], [-48.694335904681616, -26.507340818863597], [-48.69410119968143, -26.507076885863533], [-48.69409056568144, -26.506787815863586], [-48.69375277568104, -26.506692224863603], [-48.69350314568085, -26.50556228886356], [-48.69324348468059, -26.50574894986355], [-48.6931446506805, -26.505428864863617], [-48.69329632268068, -26.504935421863653], [-48.6930073866804, -26.50496465586359], [-48.692997002680436, -26.504759957863605], [-48.69317157868055, -26.504626127863563], [-48.693132030680516, -26.50444095086364], [-48.693533901680894, -26.504262631863597], [-48.69356835968092, -26.503733245863717], [-48.69326607668068, -26.503569243863634], [-48.69309520868049, -26.50377257886358], [-48.692823803680234, -26.50360500386365], [-48.69271871168007, -26.50272346486363], [-48.69289716668037, -26.50253424686371], [-48.692478707679875, -26.502586309863677], [-48.69193074567937, -26.502340012863694], [-48.692054258679505, -26.502105149863635], [-48.69183085867927, -26.502100267863586], [-48.69164782167905, -26.501871839863714], [-48.69176048767917, -26.50174533686364], [-48.69156045367903, -26.501472784863648], [-48.68854009567597, -26.503903527863535], [-48.68588792167346, -26.49810429486358], [-48.68474026467233, -26.49522562486364], [-48.68272127467032, -26.494792596863583]]]}}, {"type": "Feature", "properties": {"cod_imovel": "SC-4201307-7CCC00E115704A0796DC4D9A2AD09FFB", "municipio": "Araquari", "num_area": 261.1183, "mod_fiscal": 21.7593, "des_condic": "Aguardando analise", "ind_status": "AT", "dat_atuali": "04/05/2016"}, "geometry": {"type": "Polygon", "coordinates": [[[-48.66387361313386, -26.50621132528625], [-48.66409344976896, -26.50674149753995], [-48.66440211480146, -26.50699424916227], [-48.66454374782741, -26.50767191639579], [-48.66507500276624, -26.50826755851618], [-48.68272051379065, -26.49478860977167], [-48.68484933447945, -26.49296490360285], [-48.67834009622154, -26.48653512636971], [-48.6580396302662, -26.50152436846992], [-48.65806501113007, -26.50251679256586], [-48.65880692745467, -26.50326200669835], [-48.65991672495898, -26.50355645795428], [-48.66121713549267, -26.50424841820878], [-48.66186821046174, -26.50506423816376], [-48.66387361313386, -26.50621132528625]]]}}, {"type": "Feature", "properties": {"cod_imovel": "SC-4201307-87FF4423ED334428BAB19CE7DC2D28F5", "municipio": "Araquari", "num_area": 3.5239, "mod_fiscal": 0.2937, "des_condic": "Aguardando analise", "ind_status": "AT", "dat_atuali": "03/04/2016"}, "geometry": {"type": "Polygon", "coordinates": [[[-48.75324508030501, -26.42470179703086], [-48.74613056978306, -26.43093749386879], [-48.745694160461426, -26.43124727919117], [-48.74603748321533, -26.431497069801345], [-48.75333955232502, -26.42499601834278], [-48.75324508030501, -26.42470179703086]]]}}, {"type": "Feature", "properties": {"cod_imovel": "SC-4201307-9D7FAB86838B47AD8C4FD6EB359D43D6", "municipio": "Araquari", "num_area": 8.534, "mod_fiscal": 0.7112, "des_condic": "Aguardando analise", "ind_status": "AT", "dat_atuali": "09/02/2015"}, "geometry": {"type": "Polygon", "coordinates": [[[-48.75513553619384, -26.428634052662215], [-48.75498533248901, -26.427250555810343], [-48.74927759170532, -26.43203507850771], [-48.75069379806518, -26.432323296424514], [-48.75513553619384, -26.428634052662215]]]}}, {"type": "Feature", "properties": {"cod_imovel": "SC-4201307-9C3595686B8E4D7EBE98000F064F3213", "municipio": "Araquari", "num_area": 4.2935, "mod_fiscal": 0.3578, "des_condic": "Aguardando analise", "ind_status": "AT", "dat_atuali": "18/09/2018"}, "geometry": {"type": "Polygon", "coordinates": [[[-48.72651207495587, -26.49242135501468], [-48.72693563076948, -26.49097602875277], [-48.72492768806079, -26.48920072134441], [-48.72439207716832, -26.49070981583009], [-48.72651207495587, -26.49242135501468]]]}}, {"type": "Feature", "properties": {"cod_imovel": "SC-4201307-ABFB579AE6D445B6B3DDE803549D76C8", "municipio": "Araquari", "num_area": 34.4776, "mod_fiscal": 2.8731, "des_condic": "Aguardando analise", "ind_status": "AT", "dat_atuali": "31/03/2016"}, "geometry": {"type": "Polygon", "coordinates": [[[-48.73410701751708, -26.39936571314987], [-48.73028676461117, -26.39501093018374], [-48.7262598641536, -26.39912722632055], [-48.73045967610176, -26.40298043903141], [-48.73410701751708, -26.39936571314987]]]}}, {"type": "Feature", "properties": {"cod_imovel": "SC-4201307-D0250A5F449444D39514909BC7FEF8D7", "municipio": "Araquari", "num_area": 35.5438, "mod_fiscal": 2.962, "des_condic": "Aguardando analise", "ind_status": "AT", "dat_atuali": "04/05/2016"}, "geometry": {"type": "Polygon", "coordinates": [[[-48.72362061347246, -26.40961501356804], [-48.71846393341178, -26.4147811013644], [-48.71841782554032, -26.41879490676515], [-48.72690102606943, -26.41224976812142], [-48.72362061347246, -26.40961501356804]]]}}, {"type": "Feature", "properties": {"cod_imovel": "SC-4201307-F4F22249E0B1422E8097037B73AA1BF8", "municipio": "Araquari", "num_area": 14.8601, "mod_fiscal": 1.2383, "des_condic": "Aguardando analise", "ind_status": "AT", "dat_atuali": "18/04/2016"}, "geometry": {"type": "Polygon", "coordinates": [[[-48.72639819, -26.48313298], [-48.72820201, -26.48256848], [-48.72962739, -26.48254298], [-48.72977166, -26.48267497], [-48.72944763, -26.48303121], [-48.72967193, -26.48316363], [-48.72935404, -26.48386468], [-48.72981083, -26.48412401], [-48.73248099, -26.48210267], [-48.72861358, -26.4790193], [-48.72639819, -26.48313298]]]}}, {"type": "Feature", "properties": {"cod_imovel": "SC-4201307-FE9D9ACAE00E4C55819376B265A04AC4", "municipio": "Araquari", "num_area": 52.03, "mod_fiscal": 4.3358, "des_condic": "Aguardando analise", "ind_status": "AT", "dat_atuali": "29/08/2019"}, "geometry": {"type": "Polygon", "coordinates": [[[-48.74524128989311, -26.36033952337451], [-48.7448680690195, -26.3578209635786], [-48.74454566760917, -26.35750494324096], [-48.74271071573368, -26.35699505955148], [-48.74131335502049, -26.35621120685391], [-48.74070933649926, -26.35736408042859], [-48.73959102570667, -26.36349106811419], [-48.73539502908821, -26.36392124144892], [-48.73747084676943, -26.36541267060455], [-48.73769786113287, -26.36464451918305], [-48.74229552020995, -26.36645213959962], [-48.74220651513925, -26.36700809921971], [-48.74303798378293, -26.36725869912636], [-48.74524128989311, -26.36033952337451]]]}}, {"type": "Feature", "properties": {"cod_imovel": "SC-4201307-063C6BBD58534621BA56EF6C62F4F682", "municipio": "Araquari", "num_area": 43.759, "mod_fiscal": 3.6466, "des_condic": "Aguardando analise", "ind_status": "AT", "dat_atuali": "02/07/2021"}, "geometry": {"type": "Polygon", "coordinates": [[[-48.73064125009018, -26.47067462304716], [-48.73524985204286, -26.46803343528186], [-48.73356367496901, -26.46647641548558], [-48.72766674329895, -26.47213643186461], [-48.73643653099307, -26.47891440351541], [-48.73832756344187, -26.47705527061821], [-48.73064125009018, -26.47067462304716]]]}}, {"type": "Feature", "properties": {"cod_imovel": "SC-4201307-1FCF239BD5E6448D823EF27D3B1E6148", "municipio": "Araquari", "num_area": 9.999999999999998, "mod_fiscal": 0.8333, "des_condic": "Aguardando analise", "ind_status": "AT", "dat_atuali": "04/11/2022"}, "geometry": {"type": "Polygon", "coordinates": [[[-48.70807418772079, -26.35639524306661], [-48.70396883092031, -26.36253686809037], [-48.70491820398521, -26.3632605626262], [-48.70909863614781, -26.3571056287565], [-48.70807418772079, -26.35639524306661]]]}}, {"type": "Feature", "properties": {"cod_imovel": "SC-4201307-93E8453BDF4849E79EE4D190F467B1DE", "municipio": "Araquari", "num_area": 11.8443, "mod_fiscal": 0.987, "des_condic": "Aguardando analise", "ind_status": "AT", "dat_atuali": "05/05/2015"}, "geometry": {"type": "Polygon", "coordinates": [[[-48.70490312576294, -26.37085894229558], [-48.707435131073, -26.368205897819], [-48.706512451171875, -26.365418213012244], [-48.7048602104187, -26.36776371781876], [-48.7027633437194, -26.36980559703827], [-48.70490312576294, -26.37085894229558]]]}}, {"type": "Feature", "properties": {"cod_imovel": "SC-4201307-F8E38899E2C74EBEB0999F8CF0AAD538", "municipio": "Araquari", "num_area": 4.0, "mod_fiscal": 0.3333, "des_condic": "Aguardando analise", "ind_status": "AT", "dat_atuali": "25/11/2016"}, "geometry": {"type": "Polygon", "coordinates": [[[-48.74046718, -26.47661569], [-48.74203493, -26.47774103], [-48.74329143, -26.47633449], [-48.74172368, -26.47520916], [-48.74046718, -26.47661569]]]}}, {"type": "Feature", "properties": {"cod_imovel": "SC-4201307-1EC1ED7C0BF941B5AB3E7FA1EA1D1924", "municipio": "Araquari", "num_area": 19.26, "mod_fiscal": 1.605, "des_condic": "Aguardando analise", "ind_status": "AT", "dat_atuali": "21/11/2016"}, "geometry": {"type": "Polygon", "coordinates": [[[-48.72484424616037, -26.408325303291736], [-48.72275700437702, -26.410529366829913], [-48.727242099708526, -26.41413717569528], [-48.729329330102786, -26.41193313655964], [-48.72484424616037, -26.408325303291736]]]}}, {"type": "Feature", "properties": {"cod_imovel": "SC-4201307-970A3264D8334D8E89EF9A8E9CC375D5", "municipio": "Araquari", "num_area": 6.595, "mod_fiscal": 0.5496, "des_condic": "Aguardando analise", "ind_status": "AT", "dat_atuali": "12/06/2015"}, "geometry": {"type": "Polygon", "coordinates": [[[-48.7266065, -26.49251146], [-48.72688252, -26.49273457], [-48.72984817, -26.48972151], [-48.72791813, -26.48816146], [-48.7266065, -26.49251146]]]}}, {"type": "Feature", "properties": {"cod_imovel": "SC-4201307-B02323A152234A309ED94AC60BF09343", "municipio": "Araquari", "num_area": 10.7025, "mod_fiscal": 0.8919, "des_condic": "Aguardando analise", "ind_status": "AT", "dat_atuali": "24/07/2017"}, "geometry": {"type": "Polygon", "coordinates": [[[-48.72692173523618, -26.37495248432865], [-48.72714128455617, -26.37520062116037], [-48.72772165810335, -26.37726134465943], [-48.72764726012575, -26.3777996534869], [-48.7298965557863, -26.37828758060934], [-48.73061713396579, -26.37525846692136], [-48.72823440138928, -26.37430447223221], [-48.72692173523618, -26.37495248432865]]]}}, {"type": "Feature", "properties": {"cod_imovel": "SC-4201307-918A588D6A434923A967AB84015E0C8E", "municipio": "Araquari", "num_area": 4.4628, "mod_fiscal": 0.3719, "des_condic": "Aguardando analise", "ind_status": "AT", "dat_atuali": "15/04/2016"}, "geometry": {"type": "Polygon", "coordinates": [[[-48.7214371, -26.48064741], [-48.72164036, -26.48074411], [-48.72567035, -26.4766726], [-48.72473728, -26.47592861], [-48.7214371, -26.48064741]]]}}, {"type": "Feature", "properties": {"cod_imovel": "SC-4201307-9D72AE91B15947F2842795A8BC80DE8E", "municipio": "Araquari", "num_area": 41.0772, "mod_fiscal": 3.4231, "des_condic": "Aguardando analise", "ind_status": "AT", "dat_atuali": "22/04/2016"}, "geometry": {"type": "Polygon", "coordinates": [[[-48.7401291, -26.5192319], [-48.74108399, -26.51826228], [-48.72171491, -26.49808436], [-48.72076004, -26.49905386], [-48.7401291, -26.5192319]]]}}, {"type": "Feature", "properties": {"cod_imovel": "SC-4201307-29AB1A29FDC34B5BA535AC853D0A9270", "municipio": "Araquari", "num_area": 2.8957, "mod_fiscal": 0.2413, "des_condic": "Aguardando analise", "ind_status": "AT", "dat_atuali": "13/12/2017"}, "geometry": {"type": "Polygon", "coordinates": [[[-48.73921005571276, -26.46543484591994], [-48.73792542681223, -26.4642162495039], [-48.73674500168905, -26.46512366588628], [-48.7380195801771, -26.46635359265551], [-48.73921005571276, -26.46543484591994]]]}}, {"type": "Feature", "properties": {"cod_imovel": "SC-4201307-D7DCBF4FCFE94D449DEDE8742446090F", "municipio": "Araquari", "num_area": 19.0499, "mod_fiscal": 1.5875, "des_condic": "Aguardando analise", "ind_status": "AT", "dat_atuali": "10/07/2015"}, "geometry": {"type": "Polygon", "coordinates": [[[-48.73215086884305, -26.36428315962315], [-48.7323260307312, -26.364495378402882], [-48.72629401917471, -26.36510941454525], [-48.72643252696117, -26.3656683557552], [-48.73264104415059, -26.36497578931338], [-48.7361560988206, -26.36944084630656], [-48.73744726966515, -26.36556369842161], [-48.73548566263631, -26.36407029940736], [-48.73215086884305, -26.36428315962315]]]}}, {"type": "Feature", "properties": {"cod_imovel": "SC-4201307-EA2C57D84C004FFAAD9D0583974DF4ED", "municipio": "Araquari", "num_area": 17.3595, "mod_fiscal": 1.4466, "des_condic": "Aguardando analise", "ind_status": "AT", "dat_atuali": "31/07/2017"}, "geometry": {"type": "Polygon", "coordinates": [[[-48.73034790078435, -26.35454464054215], [-48.72990066426645, -26.35472288094641], [-48.72866973405157, -26.35482547860876], [-48.726025651199905, -26.35858425961459], [-48.72707578539434, -26.36019171680289], [-48.72983326992305, -26.359968404022652], [-48.73034790078435, -26.35454464054215]]]}}, {"type": "Feature", "properties": {"cod_imovel": "SC-4201307-3BC92A14DD154852A25B819DBD2431D1", "municipio": "Araquari", "num_area": 3.9295, "mod_fiscal": 0.3275, "des_condic": "Aguardando analise", "ind_status": "AT", "dat_atuali": "05/10/2016"}, "geometry": {"type": "Polygon", "coordinates": [[[-48.70170593261718, -26.369359402900553], [-48.70304839223226, -26.36738657324554], [-48.70277230199157, -26.36711726973302], [-48.70238084314785, -26.36581632579001], [-48.70171814161746, -26.36644382641521], [-48.70109893734313, -26.36895019203119], [-48.70092387910136, -26.36917879591342], [-48.70170593261718, -26.369359402900553]]]}}, {"type": "Feature", "properties": {"cod_imovel": "SC-4201307-81DF2A8718CE447395F3F3328B59EE79", "municipio": "Araquari", "num_area": 30.6934, "mod_fiscal": 2.5578, "des_condic": "Cancelado por decisao administrativa", "ind_status": "CA", "dat_atuali": "30/04/2015"}, "geometry": {"type": "Polygon", "coordinates": [[[-48.686578273773186, -26.36247665201154], [-48.68630449500383, -26.36201869359336], [-48.68572043406966, -26.36208013563831], [-48.68138966217139, -26.36298318507508], [-48.67820978164673, -26.36388015123722], [-48.6776816542197, -26.36412984920672], [-48.67734361050348, -26.36459833386091], [-48.67748548134559, -26.36548744650429], [-48.68106773021435, -26.36756973419614], [-48.68054273919989, -26.36792308680803], [-48.68126899260217, -26.36842340608839], [-48.686578273773186, -26.36247665201154]]]}}, {"type": "Feature", "properties": {"cod_imovel": "SC-4201307-FF8BDAA45D3048A986AC68F314BB4C8D", "municipio": "Araquari", "num_area": 39.7149, "mod_fiscal": 3.3096, "des_condic": "Aguardando analise", "ind_status": "AT", "dat_atuali": "22/09/2017"}, "geometry": {"type": "Polygon", "coordinates": [[[-48.68711471557617, -26.36313033870224], [-48.68614912033081, -26.361938319020418], [-48.677308559417725, -26.364033958335586], [-48.67722272872925, -26.36551434119371], [-48.68106773021435, -26.36756973419614], [-48.68048429489135, -26.36801364585284], [-48.68121385574341, -26.368917227313307], [-48.682565689086914, -26.368551950552234], [-48.68711471557617, -26.36313033870224]]]}}, {"type": "Feature", "properties": {"cod_imovel": "SC-4201307-03756CD4911743649AE1B1C5A4624AA9", "municipio": "Araquari", "num_area": 38.2778, "mod_fiscal": 3.1898, "des_condic": "Aguardando analise", "ind_status": "AT", "dat_atuali": "03/06/2019"}, "geometry": {"type": "Polygon", "coordinates": [[[-48.7019087328111, -26.48438839097211], [-48.70322335816209, -26.48819297588908], [-48.70740198526485, -26.4889563704277], [-48.70908010414733, -26.48715497596547], [-48.71354914540861, -26.4906024453194], [-48.71397437848392, -26.48827122759275], [-48.70922271874476, -26.48513468775591], [-48.7019087328111, -26.48438839097211]]]}}, {"type": "Feature", "properties": {"cod_imovel": "SC-4201307-7477BBD1A9C040FC90D8EC3463626DDF", "municipio": "Araquari", "num_area": 81.1093, "mod_fiscal": 6.7591, "des_condic": "Aguardando analise", "ind_status": "AT", "dat_atuali": "26/08/2025"}, "geometry": {"type": "Polygon", "coordinates": [[[-48.73672314032006, -26.36997777315226], [-48.73321016088151, -26.36538124979608], [-48.72650881597935, -26.36596156492124], [-48.72706730775825, -26.36691553540921], [-48.72719776373948, -26.3677708066094], [-48.72752748914849, -26.36795527271193], [-48.72764060460609, -26.36830823485408], [-48.72754524067862, -26.36864988770479], [-48.72692688255605, -26.3680122778843], [-48.72590317951172, -26.36742057025192], [-48.72568346929586, -26.36751316943539], [-48.72568816244204, -26.36719630667745], [-48.72517053786307, -26.36617863452232], [-48.72443376406203, -26.36669049842879], [-48.72482565858462, -26.3695617266861], [-48.72516796204194, -26.37036472725458], [-48.72618550387008, -26.37149561271945], [-48.72723242467783, -26.3722611888042], [-48.73009697231405, -26.37319771530759], [-48.7319671340801, -26.37362039894624], [-48.73310852430535, -26.37363975109853], [-48.73521010969354, -26.37338602769699], [-48.73541295015319, -26.37220899598008], [-48.73635715009545, -26.37210170306458], [-48.73672314032006, -26.36997777315226]]]}}, {"type": "Feature", "properties": {"cod_imovel": "SC-4201307-E26238286F0544DB9E048EC0CE97507E", "municipio": "Araquari", "num_area": 3.0946, "mod_fiscal": 0.2579, "des_condic": "Aguardando analise", "ind_status": "AT", "dat_atuali": "11/08/2025"}, "geometry": {"type": "Polygon", "coordinates": [[[-48.71824348566933, -26.41921093205699], [-48.7182947022711, -26.41516068185546], [-48.71752105729748, -26.41593721920115], [-48.71747664399857, -26.41920100912744], [-48.71824348566933, -26.41921093205699]]]}}, {"type": "Feature", "properties": {"cod_imovel": "SC-4201307-9C86F40518C2457EBA46726708B4AAEA", "municipio": "Araquari", "num_area": 11.638, "mod_fiscal": 0.9698, "des_condic": "Aguardando analise", "ind_status": "AT", "dat_atuali": "30/06/2021"}, "geometry": {"type": "Polygon", "coordinates": [[[-48.72936962681031, -26.37510658590241], [-48.72733784336362, -26.37831930194293], [-48.73079465660112, -26.37976004025162], [-48.73049430967567, -26.37950515479693], [-48.73064068029205, -26.37909290953322], [-48.73129709204873, -26.37884511084004], [-48.73178144848155, -26.37891489146388], [-48.73196809431106, -26.3784731448833], [-48.73154524735643, -26.37815474511356], [-48.73075562118239, -26.37884044141545], [-48.73043435239718, -26.37890389344483], [-48.73012702726154, -26.37861177917614], [-48.73011562376828, -26.37812666268952], [-48.73062344793874, -26.37688525953221], [-48.73129265106787, -26.37644973213558], [-48.73143273685325, -26.37593102729617], [-48.73126769480468, -26.37579477653165], [-48.73120163669627, -26.37521827780142], [-48.73179788152757, -26.37494693209006], [-48.73039091008965, -26.37514646072052], [-48.72936962681031, -26.37510658590241]]]}}, {"type": "Feature", "properties": {"cod_imovel": "SC-4201307-A661A76AEA444C5FABA27897C1926EE1", "municipio": "Araquari", "num_area": 8.8708, "mod_fiscal": 0.7392, "des_condic": "Aguardando analise", "ind_status": "AT", "dat_atuali": "10/11/2021"}, "geometry": {"type": "Polygon", "coordinates": [[[-48.718404877676235, -26.385192079961012], [-48.717612416066345, -26.384696042183734], [-48.7134110053823, -26.39028501587281], [-48.71438767658042, -26.390872839975593], [-48.71726941407515, -26.38729220438265], [-48.717738527997085, -26.386129471526413], [-48.718404877676235, -26.385192079961012]]]}}, {"type": "Feature", "properties": {"cod_imovel": "SC-4201307-67E68DB1D805474894C981986382E842", "municipio": "Araquari", "num_area": 15.9332, "mod_fiscal": 1.3278, "des_condic": "Aguardando analise", "ind_status": "AT", "dat_atuali": "26/10/2021"}, "geometry": {"type": "Polygon", "coordinates": [[[-48.72875607678591, -26.40157670468819], [-48.72637061695075, -26.403785363287685], [-48.71852480804269, -26.411686067821254], [-48.71850792800383, -26.413012237077538], [-48.721742214092615, -26.409626435389647], [-48.72959846844618, -26.4022841428248], [-48.72875607678591, -26.40157670468819]]]}}, {"type": "Feature", "properties": {"cod_imovel": "SC-4201307-9C1CB51CC72646EBAF1B1E0AB12C693C", "municipio": "Araquari", "num_area": 17.0414, "mod_fiscal": 1.4201, "des_condic": "Aguardando analise", "ind_status": "AT", "dat_atuali": "25/10/2021"}, "geometry": {"type": "Polygon", "coordinates": [[[-48.718488123376986, -26.414567359425696], [-48.72447610627366, -26.408160502464693], [-48.73044247363905, -26.402987495645064], [-48.72959846844618, -26.4022841428248], [-48.721742214092615, -26.409626435389647], [-48.71850792800383, -26.413012237077538], [-48.718488123376986, -26.414567359425696]]]}}, {"type": "Feature", "properties": {"cod_imovel": "SC-4201307-CC3061F358A44B85B271BA91FF467278", "municipio": "Araquari", "num_area": 2.288, "mod_fiscal": 0.1907, "des_condic": "Aguardando analise", "ind_status": "AT", "dat_atuali": "30/11/2022"}, "geometry": {"type": "Polygon", "coordinates": [[[-48.72681172756391, -26.37930684383052], [-48.72973162134654, -26.3805004330659], [-48.73003681005914, -26.38014206278949], [-48.73038020090318, -26.38025585044466], [-48.73080139631728, -26.38066754202901], [-48.73144066400034, -26.380768454559], [-48.73140496468399, -26.38057921333973], [-48.72708075052633, -26.37881160120667], [-48.72681172756391, -26.37930684383052]]]}}, {"type": "Feature", "properties": {"cod_imovel": "SC-4201307-306E9240D48B46E39248224C79B2A3DE", "municipio": "Araquari", "num_area": 11.6, "mod_fiscal": 0.9667, "des_condic": "Aguardando analise", "ind_status": "AT", "dat_atuali": "16/02/2021"}, "geometry": {"type": "Polygon", "coordinates": [[[-48.72510435621311, -26.47622501624327], [-48.73244915938767, -26.48211491778615], [-48.73341846469558, -26.48146698632301], [-48.72568282695461, -26.4753193008278], [-48.72510435621311, -26.47622501624327]]]}}, {"type": "Feature", "properties": {"cod_imovel": "SC-4201307-3A2CFC7FF4214866937DDFAEA92E4D7B", "municipio": "Araquari", "num_area": 4.999999999999999, "mod_fiscal": 0.4167, "des_condic": "Aguardando analise", "ind_status": "AT", "dat_atuali": "03/02/2023"}, "geometry": {"type": "Polygon", "coordinates": [[[-48.66627044208201, -26.36249389624096], [-48.6640482999373, -26.36353388191077], [-48.66497186260948, -26.36513533300783], [-48.66719402949435, -26.36409533469425], [-48.66627044208201, -26.36249389624096]]]}}, {"type": "Feature", "properties": {"cod_imovel": "SC-4201307-EC073153D3384E47AB0E0B3CAA22AF71", "municipio": "Araquari", "num_area": 266.9098, "mod_fiscal": 22.2425, "des_condic": "Aguardando analise", "ind_status": "AT", "dat_atuali": "20/01/2023"}, "geometry": {"type": "Polygon", "coordinates": [[[-48.74707874852013, -26.507088803525548], [-48.74932423397132, -26.503623820925597], [-48.7512150042899, -26.50182752360424], [-48.75270729149754, -26.500898718646354], [-48.75309796389801, -26.500058420757906], [-48.75319936241191, -26.499074214348045], [-48.74274798885961, -26.49381270735679], [-48.741114304718195, -26.492454761048023], [-48.7389573772976, -26.494521607926703], [-48.73739426585021, -26.493193077589197], [-48.73047196903167, -26.500168517604333], [-48.74329149867959, -26.513494147627576], [-48.746602650889145, -26.508184677244472], [-48.74707874852013, -26.507088803525548]]]}}, {"type": "Feature", "properties": {"cod_imovel": "SC-4201307-AA7E9A971460481CB97FD7C59F45E5B8", "municipio": "Araquari", "num_area": 3.8646, "mod_fiscal": 0.3221, "des_condic": "Aguardando analise", "ind_status": "AT", "dat_atuali": "18/02/2021"}, "geometry": {"type": "Polygon", "coordinates": [[[-48.72572964895918, -26.48693909687264], [-48.72796135162504, -26.48756592845427], [-48.72824392005548, -26.4866220321858], [-48.72643327107472, -26.48497699787669], [-48.72572964895918, -26.48693909687264]]]}}, {"type": "Feature", "properties": {"cod_imovel": "SC-4201307-DFB6E2BEDBA54478AA4C023C71CC6959", "municipio": "Araquari", "num_area": 1.1822, "mod_fiscal": 0.0985, "des_condic": "Aguardando analise", "ind_status": "AT", "dat_atuali": "03/08/2021"}, "geometry": {"type": "Polygon", "coordinates": [[[-48.71830549070991, -26.41515870330998], [-48.71752375988465, -26.41593662814428], [-48.71751067848525, -26.41694268470916], [-48.71826946827519, -26.41695284479374], [-48.71830549070991, -26.41515870330998]]]}}, {"type": "Feature", "properties": {"cod_imovel": "SC-4201307-C43A0B0FAD594242B166C26F1BDD2D13", "municipio": "Araquari", "num_area": 2.6918, "mod_fiscal": 0.2243, "des_condic": "Aguardando analise", "ind_status": "AT", "dat_atuali": "15/12/2015"}, "geometry": {"type": "Polygon", "coordinates": [[[-48.72867107, -26.36429719], [-48.73070914, -26.36418189], [-48.73054072, -26.36468977], [-48.7325398, -26.3644998], [-48.73186331, -26.36360472], [-48.72862286, -26.36387056], [-48.72867107, -26.36429719]]]}}, {"type": "Feature", "properties": {"cod_imovel": "SC-4201307-F8FFFFC21D8E49BA966D8576DD8CF3DE", "municipio": "Araquari", "num_area": 5.6623, "mod_fiscal": 0.4719, "des_condic": "Aguardando analise", "ind_status": "AT", "dat_atuali": "04/01/2016"}, "geometry": {"type": "Polygon", "coordinates": [[[-48.73110294342041, -26.36261123486766], [-48.72666120529175, -26.363034208538362], [-48.72633357795582, -26.36406401523121], [-48.73193979263306, -26.363572536426567], [-48.73110294342041, -26.36261123486766]]]}}, {"type": "Feature", "properties": {"cod_imovel": "SC-4201307-1F9F58382E504C0EA9446AEF1B8A0528", "municipio": "Araquari", "num_area": 8.0569, "mod_fiscal": 0.6714, "des_condic": "Aguardando analise", "ind_status": "AT", "dat_atuali": "15/06/2017"}, "geometry": {"type": "Polygon", "coordinates": [[[-48.69107950680639, -26.399643730694933], [-48.69392782070128, -26.399737372208946], [-48.69384598782015, -26.39702352615814], [-48.69168083216217, -26.396599325341633], [-48.69107950680639, -26.399643730694933]]]}}, {"type": "Feature", "properties": {"cod_imovel": "SC-4201307-C974FC95F9D74EEBB55E480EC8680F64", "municipio": "Araquari", "num_area": 4.1945, "mod_fiscal": 0.3495, "des_condic": "Aguardando analise", "ind_status": "AT", "dat_atuali": "17/04/2016"}, "geometry": {"type": "Polygon", "coordinates": [[[-48.72566111, -26.48249757], [-48.72626563, -26.48275447], [-48.72644953, -26.48303764], [-48.72861358, -26.4790193], [-48.72803449, -26.47855759], [-48.72566111, -26.48249757]]]}}, {"type": "Feature", "properties": {"cod_imovel": "SC-4201307-D35D7A870C794D5B8E7A99A6FDA08C47", "municipio": "Araquari", "num_area": 517.2794, "mod_fiscal": 43.1066, "des_condic": "Aguardando analise", "ind_status": "AT", "dat_atuali": "22/04/2019"}, "geometry": {"type": "Polygon", "coordinates": [[[-48.743977546691895, -26.370455222064745], [-48.744479436782, -26.37243465069725], [-48.74749943635104, -26.37261613613774], [-48.74888457586986, -26.37316756270304], [-48.7491593998033, -26.37364758510347], [-48.74964136169979, -26.37662752285229], [-48.75030974529592, -26.37855127385764], [-48.75168735649229, -26.37926249609007], [-48.75197673193768, -26.37969548565945], [-48.75370855624084, -26.38067814687476], [-48.7544526946183, -26.38230929554365], [-48.7539529515983, -26.38355582685123], [-48.75253060614733, -26.38473253983427], [-48.77227986613253, -26.38546868087312], [-48.77575449532821, -26.38546308953032], [-48.77314349197193, -26.38415497744913], [-48.77351475543226, -26.38380551232414], [-48.76887322059854, -26.38135672193506], [-48.7697773420242, -26.38089441610461], [-48.76997784039525, -26.37696591278919], [-48.76876382085701, -26.37707714197028], [-48.77089301818285, -26.3722359988459], [-48.77145686663919, -26.37230672158904], [-48.7715783838993, -26.37207833425372], [-48.771403855296, -26.37184305986901], [-48.77156477270365, -26.37022482203271], [-48.77115829271517, -26.37005698602417], [-48.77119511096823, -26.36988074759106], [-48.77049603865104, -26.36961509959125], [-48.76984284816551, -26.3679370184298], [-48.7676937970528, -26.36605672866625], [-48.76103587030028, -26.36331223650588], [-48.76052260478996, -26.36275840979853], [-48.76114640096657, -26.36304113860732], [-48.7612183969323, -26.36228889858903], [-48.7602413359064, -26.36018647658205], [-48.76002563313032, -26.36010942405495], [-48.7589957225417, -26.36156974681724], [-48.756786872657, -26.36043015595737], [-48.75723239519575, -26.36102523003655], [-48.75565577791248, -26.36204419517614], [-48.75581686136901, -26.36287356253198], [-48.75517405385335, -26.36416102294215], [-48.75431615310611, -26.36453879846679], [-48.75291301217681, -26.36455612788518], [-48.75145620584726, -26.36432636186181], [-48.74990581444692, -26.3655758578795], [-48.74876796698487, -26.3653847494], [-48.74771366375304, -26.36447849231288], [-48.74414920806885, -26.362226712005956], [-48.74406337738037, -26.365149053678863], [-48.7437629699707, -26.366764000278316], [-48.743977546691895, -26.370455222064745]]]}}, {"type": "Feature", "properties": {"cod_imovel": "SC-4201307-6A032C53B6094FDF80BC583380402F67", "municipio": "Araquari", "num_area": 3.3425, "mod_fiscal": 0.2785, "des_condic": "Aguardando analise", "ind_status": "AT", "dat_atuali": "31/03/2015"}, "geometry": {"type": "Polygon", "coordinates": [[[-48.71889858016829, -26.3854743780565], [-48.71813607715212, -26.3863328052846], [-48.7200964833059, -26.38802473554999], [-48.72095346450805, -26.38721803728883], [-48.71889858016829, -26.3854743780565]]]}}, {"type": "Feature", "properties": {"cod_imovel": "SC-4201307-EEAE93C358C747AAAA39413922F48289", "municipio": "Araquari", "num_area": 4.2746, "mod_fiscal": 0.3562, "des_condic": "Aguardando analise", "ind_status": "AT", "dat_atuali": "18/09/2018"}, "geometry": {"type": "Polygon", "coordinates": [[[-48.7178578606642, -26.38629642091307], [-48.71760378137161, -26.38697214110929], [-48.71804174521474, -26.38719861832073], [-48.71753858980443, -26.38844200077099], [-48.71894107053596, -26.38919908387369], [-48.71998367075057, -26.38813662674189], [-48.71817724742855, -26.38626113006017], [-48.71805691410211, -26.38638698708054], [-48.7178578606642, -26.38629642091307]]]}}, {"type": "Feature", "properties": {"cod_imovel": "SC-4201307-7D0A3BA34F2E4C189F1EE42F83C2E42F", "municipio": "Araquari", "num_area": 18.7992, "mod_fiscal": 1.5666, "des_condic": "Aguardando analise", "ind_status": "AT", "dat_atuali": "14/05/2018"}, "geometry": {"type": "Polygon", "coordinates": [[[-48.68736825320987, -26.37325570153906], [-48.68228536888863, -26.38502288500979], [-48.68258034184797, -26.385133795893665], [-48.682102263175004, -26.387294421914117], [-48.683114610119546, -26.387585500203045], [-48.687978517881064, -26.373442991629073], [-48.68736825320987, -26.37325570153906]]]}}, {"type": "Feature", "properties": {"cod_imovel": "SC-4201307-95EA5836EC4B45B692D27DA5D9707AD6", "municipio": "Araquari", "num_area": 3.6948, "mod_fiscal": 0.3079, "des_condic": "Aguardando analise", "ind_status": "AT", "dat_atuali": "26/09/2016"}, "geometry": {"type": "Polygon", "coordinates": [[[-48.74963483654565, -26.40088725784469], [-48.74546539445787, -26.40409056678534], [-48.74586582183838, -26.40459343336283], [-48.75020741969246, -26.40123691339827], [-48.74963483654565, -26.40088725784469]]]}}, {"type": "Feature", "properties": {"cod_imovel": "SC-4201307-36C172D77BF044F69AEB7AAAA0634FD9", "municipio": "Araquari", "num_area": 7.552, "mod_fiscal": 0.6293, "des_condic": "Aguardando analise", "ind_status": "AT", "dat_atuali": "01/10/2015"}, "geometry": {"type": "Polygon", "coordinates": [[[-48.69681358337402, -26.37057057084602], [-48.696491718292236, -26.366321814762063], [-48.69481801986694, -26.367263860129356], [-48.69490385055542, -26.37053212126505], [-48.69681358337402, -26.37057057084602]]]}}, {"type": "Feature", "properties": {"cod_imovel": "SC-4201307-B793112D21064199B199B741E507C455", "municipio": "Araquari", "num_area": 15.7717, "mod_fiscal": 1.3143, "des_condic": "Aguardando analise", "ind_status": "AT", "dat_atuali": "12/11/2015"}, "geometry": {"type": "Polygon", "coordinates": [[[-48.75062942504883, -26.440220186907204], [-48.74951362609863, -26.442948427173672], [-48.7504717182589, -26.44371915842234], [-48.75086014974498, -26.44399866337093], [-48.75266116214552, -26.44312256709662], [-48.75287447070359, -26.44368008075144], [-48.75412125544784, -26.44301910081528], [-48.7536644411749, -26.44194896194158], [-48.75472844262967, -26.44134500269688], [-48.75452904064061, -26.44088334144587], [-48.75413635569313, -26.4411535112164], [-48.75390965918462, -26.44060158660383], [-48.75174197768262, -26.44168922546138], [-48.75226020812988, -26.43745345474712], [-48.751530647277825, -26.43737660012772], [-48.75062942504883, -26.440220186907204]]]}}, {"type": "Feature", "properties": {"cod_imovel": "SC-4201307-7BEF9E97FF2E422EB167B09DC054045D", "municipio": "Araquari", "num_area": 16.1003, "mod_fiscal": 1.3417, "des_condic": "Aguardando analise", "ind_status": "AT", "dat_atuali": "27/06/2019"}, "geometry": {"type": "Polygon", "coordinates": [[[-48.70837581890463, -26.36360822014251], [-48.7092701668128, -26.3641179181421], [-48.70969556105079, -26.36356287556538], [-48.71055791694785, -26.36418285795179], [-48.71160683713018, -26.36364578221573], [-48.71262788772583, -26.36272659147678], [-48.71314167953421, -26.36191866613891], [-48.71348574421641, -26.36126807612294], [-48.71340710034112, -26.36059471388491], [-48.71291490711189, -26.3600358072082], [-48.71124147501918, -26.35923796992238], [-48.70916269677495, -26.3615974048166], [-48.70941218414224, -26.36218228921719], [-48.70837581890463, -26.36360822014251]]]}}, {"type": "Feature", "properties": {"cod_imovel": "SC-4201307-4A6A67D399B3468BA28637884DBE80EC", "municipio": "Araquari", "num_area": 39.83, "mod_fiscal": 3.3192, "des_condic": "Aguardando analise", "ind_status": "AT", "dat_atuali": "22/04/2016"}, "geometry": {"type": "Polygon", "coordinates": [[[-48.7425875, -26.51473105], [-48.7432915, -26.51349415], [-48.72512071, -26.49460753], [-48.72438475, -26.49534692], [-48.72704751, -26.49813031], [-48.72675313, -26.49842607], [-48.7425875, -26.51473105]]]}}, {"type": "Feature", "properties": {"cod_imovel": "SC-4201307-B7F6CA8C459748BDAFEED9564480E360", "municipio": "Araquari", "num_area": 80.8329, "mod_fiscal": 6.7361, "des_condic": "Aguardando analise", "ind_status": "AT", "dat_atuali": "10/04/2015"}, "geometry": {"type": "Polygon", "coordinates": [[[-48.679690980668816, -26.394199286866044], [-48.67911035266797, -26.410309958865664], [-48.68155784867044, -26.410387545865735], [-48.681982014671036, -26.399343135866033], [-48.68691447166882, -26.399507389051905], [-48.68693512576865, -26.39849210888196], [-48.68943164977002, -26.398532464344395], [-48.68941777980319, -26.3995907438816], [-48.69107855493029, -26.399646047408933], [-48.69168083293864, -26.396599325084004], [-48.679690980668816, -26.394199286866044]]]}}, {"type": "Feature", "properties": {"cod_imovel": "SC-4201307-DB3286AF650C4A12A376C9CD228EC9D3", "municipio": "Araquari", "num_area": 454.1694, "mod_fiscal": 37.8475, "des_condic": "Aguardando analise", "ind_status": "AT", "dat_atuali": "10/04/2015"}, "geometry": {"type": "Polygon", "coordinates": [[[-48.755769127472, -26.49607274073909], [-48.75370108402235, -26.49852548070493], [-48.75335113561915, -26.5009742622657], [-48.74975689381587, -26.50398862054498], [-48.74451886583528, -26.51224629158967], [-48.74516423363349, -26.51263271351466], [-48.74553378685709, -26.51214334207859], [-48.74588673426385, -26.51213127171677], [-48.74623561337705, -26.51239553015908], [-48.74704647285415, -26.51216948384396], [-48.74750162826048, -26.51272933385123], [-48.74824520409712, -26.51242596152655], [-48.74882828089989, -26.51242006623524], [-48.74908269304774, -26.51258001082789], [-48.75816931277861, -26.52457199387421], [-48.77663322172614, -26.51304670272146], [-48.76891565339643, -26.50875280507431], [-48.755769127472, -26.49607274073909]]]}}, {"type": "Feature", "properties": {"cod_imovel": "SC-4201307-2A4B4B8A362941D0BF03854AC0881F71", "municipio": "Araquari", "num_area": 82.5097, "mod_fiscal": 6.8758, "des_condic": "Aguardando analise", "ind_status": "AT", "dat_atuali": "15/04/2015"}, "geometry": {"type": "Polygon", "coordinates": [[[-48.745458126068115, -26.37885615711545], [-48.736703395843506, -26.385084373667276], [-48.74363422393798, -26.388640457803497], [-48.75313927021541, -26.38105511065443], [-48.751444816589355, -26.381278281233463], [-48.74929904937744, -26.38012489512991], [-48.745458126068115, -26.37885615711545]]]}}, {"type": "Feature", "properties": {"cod_imovel": "SC-4201307-F3668290E93149D5A545C4376FC36B9F", "municipio": "Araquari", "num_area": 15.0936, "mod_fiscal": 1.2578, "des_condic": "Aguardando analise", "ind_status": "AT", "dat_atuali": "22/04/2015"}, "geometry": {"type": "Polygon", "coordinates": [[[-48.70167290596587, -26.39208629010193], [-48.71332302455707, -26.37977347583996], [-48.71256329463513, -26.37922294549876], [-48.70426193460102, -26.38790406130105], [-48.70350837707519, -26.389639986061972], [-48.70256730157833, -26.39074158631039], [-48.70206962911318, -26.39106572531021], [-48.70167290596587, -26.39208629010193]]]}}, {"type": "Feature", "properties": {"cod_imovel": "SC-4201307-8DFCFE8D2330496AB19A8FFB1E581CA7", "municipio": "Araquari", "num_area": 5.1318, "mod_fiscal": 0.4276, "des_condic": "Cancelado por decisao administrativa", "ind_status": "CA", "dat_atuali": "30/04/2015"}, "geometry": {"type": "Polygon", "coordinates": [[[-48.68181099763816, -26.36880466923796], [-48.68702167634639, -26.36279071798022], [-48.68665791820578, -26.36241551742831], [-48.68128766148145, -26.3684379253786], [-48.68181099763816, -26.36880466923796]]]}}, {"type": "Feature", "properties": {"cod_imovel": "SC-4201307-56BDC3B1759C4D2B9949F2B2AD08F66F", "municipio": "Araquari", "num_area": 1.09, "mod_fiscal": 0.0908, "des_condic": "Aguardando analise", "ind_status": "AT", "dat_atuali": "15/04/2019"}, "geometry": {"type": "Polygon", "coordinates": [[[-48.7452354728812, -26.469659399422], [-48.7437308473951, -26.4684664017856], [-48.7431060212214, -26.4679636206488], [-48.7430519952387, -26.46838161311], [-48.7447828400298, -26.4698533416707], [-48.7452354728812, -26.469659399422]]]}}, {"type": "Feature", "properties": {"cod_imovel": "SC-4201307-1C8B404C138047F380005190B49069A1", "municipio": "Araquari", "num_area": 76.5182, "mod_fiscal": 6.3765, "des_condic": "Aguardando analise", "ind_status": "AT", "dat_atuali": "08/01/2018"}, "geometry": {"type": "Polygon", "coordinates": [[[-48.68198068467106, -26.39937778186598], [-48.68155784867044, -26.410387545865735], [-48.68628856606992, -26.410560672997764], [-48.686311265393435, -26.405067436705686], [-48.693234559067335, -26.399778494325293], [-48.68198068467106, -26.39937778186598]]]}}, {"type": "Feature", "properties": {"cod_imovel": "SC-4201307-2470A7D44EE04077A3DC6ABD3DD14B33", "municipio": "Araquari", "num_area": 56.0668, "mod_fiscal": 4.6722, "des_condic": "Aguardando analise", "ind_status": "AT", "dat_atuali": "12/12/2018"}, "geometry": {"type": "Polygon", "coordinates": [[[-48.74693409766856, -26.48984802966305], [-48.74274804503815, -26.49381287157323], [-48.75319938921748, -26.49907433244725], [-48.75326437148518, -26.4984931988505], [-48.75365334236068, -26.49780397864448], [-48.7556499062142, -26.4955771312917], [-48.75016200071429, -26.49253516674907], [-48.74693409766856, -26.48984802966305]]]}}, {"type": "Feature", "properties": {"cod_imovel": "SC-4201307-B1DF8F09272E45BBBD40A424F06D695A", "municipio": "Araquari", "num_area": 20.0292, "mod_fiscal": 1.6691, "des_condic": "Aguardando analise", "ind_status": "AT", "dat_atuali": "30/07/2018"}, "geometry": {"type": "Polygon", "coordinates": [[[-48.68893608063769, -26.370547750920963], [-48.687978517881064, -26.373442991629073], [-48.68471589837435, -26.38292996600327], [-48.685882600516194, -26.38322654884738], [-48.68736151365324, -26.3802321266948], [-48.690081361792615, -26.370659599833203], [-48.68893608063769, -26.370547750920963]]]}}, {"type": "Feature", "properties": {"cod_imovel": "SC-4201307-731B8B7D873841AA8FE8A38376A92A3F", "municipio": "Araquari", "num_area": 5.8104, "mod_fiscal": 0.4842, "des_condic": "Aguardando analise", "ind_status": "AT", "dat_atuali": "03/09/2015"}, "geometry": {"type": "Polygon", "coordinates": [[[-48.75309513671086, -26.47598952877594], [-48.75191607240513, -26.47700691487931], [-48.74929424708064, -26.47953082659066], [-48.75012811033889, -26.48019582780704], [-48.75363845227565, -26.47679915073181], [-48.75357250852467, -26.47642306579708], [-48.75309513671086, -26.47598952877594]]]}}, {"type": "Feature", "properties": {"cod_imovel": "SC-4201307-A36286D563C04A1F8F53483B2F95DB62", "municipio": "Araquari", "num_area": 2.0, "mod_fiscal": 0.1667, "des_condic": "Aguardando analise", "ind_status": "AT", "dat_atuali": "09/10/2018"}, "geometry": {"type": "Polygon", "coordinates": [[[-48.71828316159241, -26.42063990412966], [-48.71588704113044, -26.42054844073706], [-48.71579121343399, -26.42133083540767], [-48.71827459446524, -26.42134071987176], [-48.71828316159241, -26.42063990412966]]]}}, {"type": "Feature", "properties": {"cod_imovel": "SC-4201307-7B45C8161E4147FFBF8CFCE64699B876", "municipio": "Araquari", "num_area": 88.8076, "mod_fiscal": 7.4006, "des_condic": "Aguardando analise", "ind_status": "AT", "dat_atuali": "02/08/2019"}, "geometry": {"type": "Polygon", "coordinates": [[[-48.70938805358179, -26.33650911148056], [-48.71040716753058, -26.33827552476475], [-48.7110814148927, -26.33896991836639], [-48.71178773686123, -26.33941887021255], [-48.71329729745021, -26.33978571904416], [-48.71448442264834, -26.33972326523271], [-48.71611661605292, -26.33915994308177], [-48.72030620356299, -26.33610816012457], [-48.72307463645403, -26.33486749481963], [-48.72328184947723, -26.33437143072456], [-48.72271433968124, -26.33302798557356], [-48.72151650522526, -26.33184243425301], [-48.72026121454345, -26.33114013576627], [-48.71946420122831, -26.33094445225177], [-48.71870223686795, -26.33098173865168], [-48.71438999702974, -26.33193437215762], [-48.71225352180259, -26.33302734261689], [-48.70950880107101, -26.33397842628494], [-48.70921759493651, -26.33424800869291], [-48.70900601233666, -26.33487345581386], [-48.70938805358179, -26.33650911148056]]]}}, {"type": "Feature", "properties": {"cod_imovel": "SC-4201307-69548E5378644768882B1661BBE4FE17", "municipio": "Araquari", "num_area": 20.1199, "mod_fiscal": 1.6767, "des_condic": "Aguardando analise", "ind_status": "AT", "dat_atuali": "23/10/2017"}, "geometry": {"type": "Polygon", "coordinates": [[[-48.6869215965271, -26.364206991076657], [-48.6865846361185, -26.36311186580315], [-48.68185908970239, -26.36968704663274], [-48.68493415119947, -26.36987533295642], [-48.68869826557236, -26.36467525064147], [-48.68814468383789, -26.3641685393788], [-48.68777156944704, -26.3643484441476], [-48.6869215965271, -26.364206991076657]]]}}, {"type": "Feature", "properties": {"cod_imovel": "SC-4201307-1903773C57EF4ED9A8AB1687B165DA6F", "municipio": "Araquari", "num_area": 3.8093, "mod_fiscal": 0.3174, "des_condic": "Aguardando analise", "ind_status": "AT", "dat_atuali": "25/08/2017"}, "geometry": {"type": "Polygon", "coordinates": [[[-48.68713617324829, -26.367090831964006], [-48.68846654891968, -26.368109771875883], [-48.68868910985342, -26.36779034017664], [-48.68900576379322, -26.36779583098283], [-48.68966959771009, -26.36647215522417], [-48.68818980475454, -26.36561731691175], [-48.68713617324829, -26.367090831964006]]]}}, {"type": "Feature", "properties": {"cod_imovel": "SC-4201307-7279BD36AB034553B9251898DBF2EDC3", "municipio": "Araquari", "num_area": 3.5431, "mod_fiscal": 0.2953, "des_condic": "Aguardando analise", "ind_status": "AT", "dat_atuali": "19/03/2018"}, "geometry": {"type": "Polygon", "coordinates": [[[-48.730172168166796, -26.360083630890397], [-48.730499444926274, -26.36019173246408], [-48.73442852721065, -26.35637731070948], [-48.733499461204865, -26.356074606661927], [-48.730172168166796, -26.360083630890397]]]}}, {"type": "Feature", "properties": {"cod_imovel": "SC-4201307-5C6128A8D0E04D3C8FDE70FD8C94A846", "municipio": "Araquari", "num_area": 2.0, "mod_fiscal": 0.1667, "des_condic": "Aguardando analise", "ind_status": "AT", "dat_atuali": "03/07/2019"}, "geometry": {"type": "Polygon", "coordinates": [[[-48.74093646818943, -26.46782439111498], [-48.74136170348955, -26.46851706797138], [-48.74335070638921, -26.46713641095375], [-48.74273259218276, -26.46662613783195], [-48.74093646818943, -26.46782439111498]]]}}, {"type": "Feature", "properties": {"cod_imovel": "SC-4201307-FF0E63B0BF754DBCB1B889B73C26908E", "municipio": "Araquari", "num_area": 59.4081, "mod_fiscal": 4.9507, "des_condic": "Aguardando analise", "ind_status": "AT", "dat_atuali": "28/03/2018"}, "geometry": {"type": "Polygon", "coordinates": [[[-48.71664047241211, -26.35818914474663], [-48.718764781951904, -26.35865058814066], [-48.72204780578613, -26.349921305239572], [-48.71618986129761, -26.349671338096805], [-48.71511697769165, -26.35003667450791], [-48.71408700942993, -26.351074992744877], [-48.71370077133178, -26.35245940256228], [-48.71365785598755, -26.35511280839536], [-48.714773654937744, -26.35749697620289], [-48.71664047241211, -26.35818914474663]]]}}, {"type": "Feature", "properties": {"cod_imovel": "SC-4201307-C7FE251A2B324A0E914E472911A1AF63", "municipio": "Araquari", "num_area": 47.9247, "mod_fiscal": 3.9937, "des_condic": "Aguardando analise", "ind_status": "AT", "dat_atuali": "30/06/2016"}, "geometry": {"type": "Polygon", "coordinates": [[[-48.73676776885986, -26.37162792930987], [-48.739020824432366, -26.37218544169559], [-48.73971908148683, -26.37215133237533], [-48.74080181121826, -26.37299286865821], [-48.74199141723562, -26.37346714515143], [-48.74204570550489, -26.37298098592992], [-48.74288346006617, -26.37293441478517], [-48.74450163618028, -26.37243046692655], [-48.74444961547851, -26.367456113342634], [-48.73814105987549, -26.365572018064224], [-48.73676776885986, -26.37162792930987]]]}}, {"type": "Feature", "properties": {"cod_imovel": "SC-4201307-2F00727379B74D789BEB796EEC14553F", "municipio": "Araquari", "num_area": 9.861, "mod_fiscal": 0.8217, "des_condic": "Aguardando analise", "ind_status": "AT", "dat_atuali": "05/05/2016"}, "geometry": {"type": "Polygon", "coordinates": [[[-48.72560977935791, -26.382931447899182], [-48.7238073348999, -26.381470511131127], [-48.72108221054077, -26.384142473581594], [-48.72286319732666, -26.385661043398077], [-48.72560977935791, -26.382931447899182]]]}}, {"type": "Feature", "properties": {"cod_imovel": "SC-4201307-37794314548B40E4822B07D819BFE362", "municipio": "Araquari", "num_area": 144.5164, "mod_fiscal": 12.043, "des_condic": "Aguardando analise", "ind_status": "AT", "dat_atuali": "26/08/2014"}, "geometry": {"type": "Polygon", "coordinates": [[[-48.76556681577732, -26.48276163662859], [-48.75930759775509, -26.47757625835003], [-48.75841398550762, -26.47836990433522], [-48.75747532263573, -26.47994867849198], [-48.75734936678863, -26.48087328152687], [-48.7576377191361, -26.48189319512834], [-48.75752318366585, -26.48235468264519], [-48.75666801066429, -26.48376777652521], [-48.75667516582983, -26.48416702998513], [-48.74982731561475, -26.47981365225757], [-48.74874292703466, -26.48086104181377], [-48.75249710019315, -26.4833254472421], [-48.75142134724843, -26.48466071663577], [-48.75241565475363, -26.4856642625936], [-48.75088915038639, -26.48711218719693], [-48.75338838234313, -26.4892212098049], [-48.75015290750958, -26.49254134165403], [-48.75565009332063, -26.4955692718633], [-48.7560944344565, -26.49463750024837], [-48.75992418586385, -26.4894650951756], [-48.7613969541361, -26.48719104966995], [-48.76264348291117, -26.48573156109099], [-48.76326747549076, -26.48452529368684], [-48.76416191960992, -26.4837117169306], [-48.76556681577732, -26.48276163662859]]]}}, {"type": "Feature", "properties": {"cod_imovel": "SC-4201307-866BBAE7754244A89E11E05EDD7F3DB4", "municipio": "Araquari", "num_area": 3.5843, "mod_fiscal": 0.2987, "des_condic": "Aguardando analise", "ind_status": "AT", "dat_atuali": "15/08/2014"}, "geometry": {"type": "Polygon", "coordinates": [[[-48.709237575531006, -26.364245442761714], [-48.708336353302, -26.363649440205972], [-48.70683983518661, -26.36574654099713], [-48.70725984525522, -26.36700821423768], [-48.709237575531006, -26.364245442761714]]]}}, {"type": "Feature", "properties": {"cod_imovel": "SC-4201307-C1ECFFEB135C45A3AFAF6D8DDD669E29", "municipio": "Araquari", "num_area": 15.4057, "mod_fiscal": 1.2838, "des_condic": "Aguardando analise", "ind_status": "AT", "dat_atuali": "07/11/2014"}, "geometry": {"type": "Polygon", "coordinates": [[[-48.72545606286088, -26.36177891380635], [-48.72642393649214, -26.36284793714583], [-48.73191833496094, -26.362380521304118], [-48.73153209686279, -26.360131039931684], [-48.7305207546671, -26.36029100449898], [-48.72987985610962, -26.360015680732833], [-48.72667915847444, -26.36027098845587], [-48.72545606286088, -26.36177891380635]]]}}, {"type": "Feature", "properties": {"cod_imovel": "SC-4201307-B2421E9FB2AA458182F6C9C3D5CAF62E", "municipio": "Araquari", "num_area": 10.8077, "mod_fiscal": 0.9006, "des_condic": "Aguardando analise", "ind_status": "AT", "dat_atuali": "15/04/2016"}, "geometry": {"type": "Polygon", "coordinates": [[[-48.74390581307705, -26.40704909816535], [-48.74144043444358, -26.40198018971032], [-48.7394174235511, -26.40247169160117], [-48.74056250718304, -26.40571462269522], [-48.74135245861634, -26.40556512409252], [-48.74390581307705, -26.40704909816535]]]}}, {"type": "Feature", "properties": {"cod_imovel": "SC-4201307-876AE148033F4BE79807E07E360DC62A", "municipio": "Araquari", "num_area": 3.26, "mod_fiscal": 0.2717, "des_condic": "Aguardando analise", "ind_status": "AT", "dat_atuali": "16/03/2022"}, "geometry": {"type": "Polygon", "coordinates": [[[-48.68853222, -26.37601389], [-48.68816528, -26.37733333], [-48.69045361, -26.377505], [-48.69092194, -26.37637306], [-48.68853222, -26.37601389]]]}}, {"type": "Feature", "properties": {"cod_imovel": "SC-4201307-CFA5B4FFC8E24B3CBD14FFD997C0E559", "municipio": "Araquari", "num_area": 15.5001, "mod_fiscal": 1.2917, "des_condic": "Aguardando analise", "ind_status": "AT", "dat_atuali": "05/02/2015"}, "geometry": {"type": "Polygon", "coordinates": [[[-48.720223903656006, -26.487321286330882], [-48.72269153594971, -26.482039700307727], [-48.72093200683593, -26.481213830381385], [-48.71768368228473, -26.48562074814645], [-48.720223903656006, -26.487321286330882]]]}}, {"type": "Feature", "properties": {"cod_imovel": "SC-4201307-E3CF295512E646CFB8F72653BD125AF7", "municipio": "Araquari", "num_area": 5.0359, "mod_fiscal": 0.4197, "des_condic": "Aguardando analise", "ind_status": "AT", "dat_atuali": "10/02/2015"}, "geometry": {"type": "Polygon", "coordinates": [[[-48.707263469696045, -26.36701393047404], [-48.70760679244995, -26.368052096271644], [-48.710761070251465, -26.364380023558716], [-48.70985984802246, -26.363764795779158], [-48.707263469696045, -26.36701393047404]]]}}, {"type": "Feature", "properties": {"cod_imovel": "SC-4201307-D8D01B8762664050A018BA54365DF40E", "municipio": "Araquari", "num_area": 2.3864, "mod_fiscal": 0.1989, "des_condic": "Aguardando analise", "ind_status": "AT", "dat_atuali": "03/08/2015"}, "geometry": {"type": "Polygon", "coordinates": [[[-48.73190707469282, -26.36364632216067], [-48.72863538816881, -26.36391068177388], [-48.72867596642178, -26.36427804581399], [-48.73062145923548, -26.36420045729057], [-48.73063446297012, -26.36464840572776], [-48.73241315254956, -26.3644581046006], [-48.73190707469282, -26.36364632216067]]]}}, {"type": "Feature", "properties": {"cod_imovel": "SC-4201307-36681FA69EFC4533B9E6E12CC4CDE2C0", "municipio": "Araquari", "num_area": 50.1658, "mod_fiscal": 4.1805, "des_condic": "Aguardando analise", "ind_status": "AT", "dat_atuali": "31/03/2016"}, "geometry": {"type": "Polygon", "coordinates": [[[-48.72691053983324, -26.39631445738718], [-48.71877421807209, -26.4048093151807], [-48.71858563209348, -26.41013745335533], [-48.727712631225586, -26.40086486301502], [-48.72691053983324, -26.39631445738718]]]}}, {"type": "Feature", "properties": {"cod_imovel": "SC-4201307-FDFD920EB5DF48F1A46A52331ED560D9", "municipio": "Araquari", "num_area": 8.7013, "mod_fiscal": 0.7251, "des_condic": "Aguardando analise", "ind_status": "AT", "dat_atuali": "05/05/2016"}, "geometry": {"type": "Polygon", "coordinates": [[[-48.7263822555542, -26.38358501889223], [-48.72558832168579, -26.382912225166937], [-48.71990203857422, -26.388352130736557], [-48.72063159942627, -26.38898644933356], [-48.7263822555542, -26.38358501889223]]]}}, {"type": "Feature", "properties": {"cod_imovel": "SC-4201307-CA38ED3E0BA9402883DFFCE0CC708243", "municipio": "Araquari", "num_area": 10.625, "mod_fiscal": 0.8854, "des_condic": "Aguardando analise", "ind_status": "AT", "dat_atuali": "20/02/2017"}, "geometry": {"type": "Polygon", "coordinates": [[[-48.728742599487305, -26.402248676376804], [-48.72427940368652, -26.405938764222235], [-48.72522354125976, -26.40732251674278], [-48.72977256774902, -26.403478718769122], [-48.728742599487305, -26.402248676376804]]]}}, {"type": "Feature", "properties": {"cod_imovel": "SC-4201307-C0AFACC09BC54BA3B15F1DDF39C00A53", "municipio": "Araquari", "num_area": 7.5045, "mod_fiscal": 0.6254, "des_condic": "Aguardando analise", "ind_status": "AT", "dat_atuali": "10/09/2019"}, "geometry": {"type": "Polygon", "coordinates": [[[-48.752989768981934, -26.42442586485143], [-48.75277519226074, -26.4233882058942], [-48.7483452973106, -26.42742501853418], [-48.74927759170532, -26.428192104083777], [-48.7532369436844, -26.42465883327175], [-48.752989768981934, -26.42442586485143]]]}}, {"type": "Feature", "properties": {"cod_imovel": "SC-4201307-9E7017F17A66477DA11E59BA86FB1608", "municipio": "Araquari", "num_area": 7.3565, "mod_fiscal": 0.613, "des_condic": "Aguardando analise", "ind_status": "AT", "dat_atuali": "07/11/2017"}, "geometry": {"type": "Polygon", "coordinates": [[[-48.72366470564939, -26.357469821924976], [-48.72464197271892, -26.35777576384373], [-48.728026421772874, -26.35241199706569], [-48.72705572172609, -26.351948696953016], [-48.72366470564939, -26.357469821924976]]]}}, {"type": "Feature", "properties": {"cod_imovel": "SC-4201307-CE17713A509C457EB39485A4B926A907", "municipio": "Araquari", "num_area": 619.0214, "mod_fiscal": 51.5851, "des_condic": "Aguardando analise", "ind_status": "AT", "dat_atuali": "16/03/2015"}, "geometry": {"type": "Polygon", "coordinates": [[[-48.7155068115639, -26.504361044392617], [-48.734488195065936, -26.524342865721806], [-48.73714802781536, -26.52717034135113], [-48.73775075121384, -26.52640869644133], [-48.740601508707485, -26.519746613354148], [-48.72079637043158, -26.49897493525321], [-48.722264041848874, -26.49727753627225], [-48.709175419289764, -26.487087704697753], [-48.69349208449195, -26.503667069818214], [-48.69362397333774, -26.504223791488602], [-48.693187624623555, -26.504495634863552], [-48.69300275032999, -26.504905510413348], [-48.693361009438476, -26.50496520924913], [-48.6931601821687, -26.505567253696462], [-48.69319917792235, -26.50570216440102], [-48.69339830332, -26.505518417039063], [-48.693548123683456, -26.50562134450132], [-48.693581348017005, -26.505904989407103], [-48.693387470789155, -26.506226131459485], [-48.69379038864045, -26.506196540263407], [-48.69377110489845, -26.506638671989872], [-48.694187127083794, -26.506989849617348], [-48.69463746664278, -26.507080566841328], [-48.69426505364618, -26.507780348671275], [-48.69608674812596, -26.508300289347655], [-48.697103371040996, -26.50817776728722], [-48.70191049414896, -26.50302979280867], [-48.709208102733974, -26.510402975664046], [-48.7155068115639, -26.504361044392617]]]}}, {"type": "Feature", "properties": {"cod_imovel": "SC-4201307-56A6E8F4B26A4CF2B4EB0A3A7C42506A", "municipio": "Araquari", "num_area": 4.1636, "mod_fiscal": 0.347, "des_condic": "Aguardando analise", "ind_status": "AT", "dat_atuali": "19/03/2019"}, "geometry": {"type": "Polygon", "coordinates": [[[-48.72251434556856, -26.38525477349673], [-48.7204842919429, -26.38344856985111], [-48.71958438395167, -26.38458596882339], [-48.72141183170214, -26.38622631768786], [-48.72251434556856, -26.38525477349673]]]}}, {"type": "Feature", "properties": {"cod_imovel": "SC-4201307-E5985588F39743A1AC2D7DBE23BD2759", "municipio": "Araquari", "num_area": 42.1882, "mod_fiscal": 3.5157, "des_condic": "Aguardando analise", "ind_status": "AT", "dat_atuali": "21/05/2019"}, "geometry": {"type": "Polygon", "coordinates": [[[-48.69818000318965, -26.4922790885606], [-48.68891951299995, -26.50044226481485], [-48.69101727276262, -26.50126079278683], [-48.70555099091674, -26.48861822789322], [-48.70322335815498, -26.48819297586855], [-48.69818000318965, -26.4922790885606]]]}}, {"type": "Feature", "properties": {"cod_imovel": "SC-4201307-90A395A3AE90479E9EFC851CC47AC7BA", "municipio": "Araquari", "num_area": 55.9993, "mod_fiscal": 4.6666, "des_condic": "Aguardando analise", "ind_status": "AT", "dat_atuali": "21/05/2019"}, "geometry": {"type": "Polygon", "coordinates": [[[-48.70555099091674, -26.48861822789322], [-48.69101727276262, -26.50126079278683], [-48.69156058852741, -26.50147278321237], [-48.69175457691146, -26.50174556708913], [-48.69164780852644, -26.50187194321257], [-48.69183085852379, -26.50210028321285], [-48.69204627994454, -26.50210885809], [-48.69193085852248, -26.50234000321301], [-48.6924786385141, -26.50258639321383], [-48.69288773034003, -26.5025230397414], [-48.69271863851047, -26.50272333321418], [-48.69282391850969, -26.5036050032145], [-48.69309530850558, -26.50377250321491], [-48.69327536952352, -26.50357712499725], [-48.69362824093357, -26.5037388994662], [-48.70740198526485, -26.4889563704277], [-48.70555099091674, -26.48861822789322]]]}}, {"type": "Feature", "properties": {"cod_imovel": "SC-4201307-4BC5BE4E112049088BC3C29B2E62F7D2", "municipio": "Araquari", "num_area": 15.3744, "mod_fiscal": 1.2812, "des_condic": "Aguardando analise", "ind_status": "AT", "dat_atuali": "13/08/2014"}, "geometry": {"type": "Polygon", "coordinates": [[[-48.71861457824707, -26.409763261987674], [-48.71940851211548, -26.410512771818514], [-48.72880697250366, -26.40140301462728], [-48.72805595397949, -26.400691885178183], [-48.71861457824707, -26.409763261987674]]]}}, {"type": "Feature", "properties": {"cod_imovel": "SC-4201307-27902F8BDCAC4C819E0A027272871E09", "municipio": "Araquari", "num_area": 62.2077, "mod_fiscal": 5.184, "des_condic": "Aguardando analise", "ind_status": "AT", "dat_atuali": "10/07/2015"}, "geometry": {"type": "Polygon", "coordinates": [[[-48.74110221862793, -26.35840063986414], [-48.74161720275879, -26.35651639700704], [-48.74092875037601, -26.3557945646341], [-48.73948041714752, -26.3556094183588], [-48.73928111049441, -26.35620199885548], [-48.73956856225082, -26.35603151603189], [-48.73926852020255, -26.35689088004837], [-48.739998233767, -26.35686202240848], [-48.73965842607334, -26.35711771780063], [-48.73911675872174, -26.35713711234612], [-48.73827495718123, -26.35795085382107], [-48.73678487077943, -26.35831377206483], [-48.73599126305363, -26.3580618020083], [-48.73531675232803, -26.35753472380145], [-48.73182619739788, -26.35964766258316], [-48.73161792755126, -26.359881094855375], [-48.7318754196167, -26.36264968708349], [-48.73247582263494, -26.36262192637713], [-48.73248312100187, -26.36321248767196], [-48.73165638246231, -26.36330776469339], [-48.73211145401, -26.364360797740176], [-48.73604602447145, -26.36399683650179], [-48.74011516571045, -26.36407241007821], [-48.74110221862793, -26.35840063986414]]]}}, {"type": "Feature", "properties": {"cod_imovel": "SC-4201307-60C087B02F004FDD99685CBFA3BEDBCF", "municipio": "Araquari", "num_area": 6.1056, "mod_fiscal": 0.5088, "des_condic": "Aguardando analise", "ind_status": "AT", "dat_atuali": "25/10/2021"}, "geometry": {"type": "Polygon", "coordinates": [[[-48.71832522783536, -26.41319279029587], [-48.71427984600125, -26.417414605447032], [-48.715111987658794, -26.418065622315574], [-48.71830522676547, -26.414763865502007], [-48.71832522783536, -26.41319279029587]]]}}, {"type": "Feature", "properties": {"cod_imovel": "SC-4201307-A2AD8A0B8B344AE7A78135FD0892813E", "municipio": "Araquari", "num_area": 76.2268, "mod_fiscal": 6.3522, "des_condic": "Aguardando analise", "ind_status": "AT", "dat_atuali": "02/07/2019"}, "geometry": {"type": "Polygon", "coordinates": [[[-48.7228353333333, -26.3973009409095], [-48.723748425, -26.3978058492428], [-48.7363990277778, -26.3851779492431], [-48.7368892333333, -26.3853743214653], [-48.7449022861111, -26.3799105631321], [-48.7436993222222, -26.3798845325765], [-48.7431348694444, -26.3794490409099], [-48.7425981638889, -26.379585427021], [-48.7424645138889, -26.3797660686876], [-48.7421309027778, -26.3796324603543], [-48.7410923472222, -26.3786096881321], [-48.7405376055556, -26.3786128964654], [-48.7401262722222, -26.3788800881321], [-48.7396461944444, -26.3788422353543], [-48.7394222805556, -26.3787979492432], [-48.7395242833333, -26.3784542881321], [-48.7391111166667, -26.3778645853543], [-48.7385418666667, -26.3782625131321], [-48.7380454611111, -26.3780107909099], [-48.7323961916667, -26.3853519409097], [-48.7328462166667, -26.3856443186875], [-48.7311575916667, -26.3874298631319], [-48.7313571444444, -26.3875997936875], [-48.7228353333333, -26.3973009409095]]]}}, {"type": "Feature", "properties": {"cod_imovel": "SC-4201307-91E65D03D17346538C1A851545B85452", "municipio": "Araquari", "num_area": 3.341, "mod_fiscal": 0.2784, "des_condic": "Aguardando analise", "ind_status": "AT", "dat_atuali": "19/03/2019"}, "geometry": {"type": "Polygon", "coordinates": [[[-48.72163052150994, -26.38641236892256], [-48.71956060607666, -26.38455876880448], [-48.71886411411978, -26.38544666851102], [-48.72091054916382, -26.38721803728883], [-48.72163052150994, -26.38641236892256]]]}}, {"type": "Feature", "properties": {"cod_imovel": "SC-4201307-0E3C7F890F9E4123958DCACD0377AABA", "municipio": "Araquari", "num_area": 2.28, "mod_fiscal": 0.19, "des_condic": "Aguardando analise", "ind_status": "AT", "dat_atuali": "20/11/2020"}, "geometry": {"type": "Polygon", "coordinates": [[[-48.72712542981372, -26.37877927808697], [-48.73143510800709, -26.38057545928937], [-48.73154252590677, -26.38052414322189], [-48.73134033028749, -26.3803036116945], [-48.73087479449479, -26.3802952454393], [-48.73079478965264, -26.37976009568911], [-48.72739252823103, -26.37834209456883], [-48.72712542981372, -26.37877927808697]]]}}, {"type": "Feature", "properties": {"cod_imovel": "SC-4201307-2639A3C62245496FB5D8C9E6AF9F13A6", "municipio": "Araquari", "num_area": 8.2999, "mod_fiscal": 0.6917, "des_condic": "Aguardando analise", "ind_status": "AT", "dat_atuali": "10/12/2020"}, "geometry": {"type": "Polygon", "coordinates": [[[-48.74834105275877, -26.4274165520786], [-48.75288640443326, -26.42331075343216], [-48.75263414958902, -26.42204348462433], [-48.7473393273261, -26.4267562942426], [-48.74834105275877, -26.4274165520786]]]}}, {"type": "Feature", "properties": {"cod_imovel": "SC-4201307-D7247D0084EE4246843A04135244E616", "municipio": "Araquari", "num_area": 4.0692, "mod_fiscal": 0.3391, "des_condic": "Aguardando analise", "ind_status": "AT", "dat_atuali": "29/09/2020"}, "geometry": {"type": "Polygon", "coordinates": [[[-48.72541748977227, -26.36173336438512], [-48.7269436309231, -26.35986575015184], [-48.72656142560028, -26.35982183918443], [-48.725648518381014, -26.359039432265117], [-48.724022548748195, -26.360918125535065], [-48.72541748977227, -26.36173336438512]]]}}, {"type": "Feature", "properties": {"cod_imovel": "SC-4201307-AE78F10C9ECC40DF83739946CBEA4B54", "municipio": "Araquari", "num_area": 5.5041, "mod_fiscal": 0.4587, "des_condic": "Aguardando analise", "ind_status": "AT", "dat_atuali": "12/03/2020"}, "geometry": {"type": "Polygon", "coordinates": [[[-48.72649944, -26.36290486], [-48.72639041, -26.36363187], [-48.72653071, -26.36388434], [-48.7264184, -26.36405088], [-48.72977284, -26.36376984], [-48.72962436, -26.36334092], [-48.7318356, -26.36315453], [-48.73121017, -26.36261479], [-48.73065783, -26.36253955], [-48.72649944, -26.36290486]]]}}, {"type": "Feature", "properties": {"cod_imovel": "SC-4201307-6A58C6E3150B42878F2309318190CD23", "municipio": "Araquari", "num_area": 4.2514, "mod_fiscal": 0.3543, "des_condic": "Aguardando analise", "ind_status": "AT", "dat_atuali": "30/10/2019"}, "geometry": {"type": "Polygon", "coordinates": [[[-48.69119412410086, -26.3702654897525], [-48.69257347890078, -26.37028660549725], [-48.69269942177089, -26.36801490918283], [-48.69152037217487, -26.36764736991894], [-48.69092302632934, -26.36784309020866], [-48.69119412410086, -26.3702654897525]]]}}, {"type": "Feature", "properties": {"cod_imovel": "SC-4201307-05BC73F18F71461380D611FC2869F182", "municipio": "Araquari", "num_area": 233.6107, "mod_fiscal": 19.4676, "des_condic": "Aguardando analise", "ind_status": "AT", "dat_atuali": "17/04/2019"}, "geometry": {"type": "Polygon", "coordinates": [[[-48.77513014441928, -26.39153379779478], [-48.76451535628462, -26.39203658819777], [-48.7632657263902, -26.39302371837464], [-48.75147597794848, -26.39323302120076], [-48.75132374388841, -26.39347015684853], [-48.75197854782214, -26.39437935258661], [-48.75208406008988, -26.39493334907647], [-48.75136855245237, -26.39570819167049], [-48.7509886397962, -26.39674732860608], [-48.75050223708339, -26.3974748486374], [-48.74991641813887, -26.39785786483981], [-48.74926837252668, -26.39799060111484], [-48.74898249003472, -26.39844408044095], [-48.74890328166819, -26.39927192351237], [-48.74905288953375, -26.39946412440738], [-48.74984713066025, -26.39938546877403], [-48.75032750412922, -26.39967821962946], [-48.75013089628464, -26.40040189385579], [-48.75035104047713, -26.40068882539207], [-48.75096722421238, -26.40088177630714], [-48.75141019877234, -26.40131435386964], [-48.75151145522319, -26.40164852177602], [-48.77731696605532, -26.40048912982075], [-48.77728359896382, -26.39949525367699], [-48.77963774173603, -26.3960738509914], [-48.77279027734642, -26.39637127302918], [-48.77236134052759, -26.39470696179484], [-48.77171592874685, -26.39474439407261], [-48.77161833821083, -26.39434030476085], [-48.77132874157998, -26.39434768856978], [-48.77211093661019, -26.39245452639629], [-48.77467872106779, -26.39231763525045], [-48.77513014441928, -26.39153379779478]]]}}, {"type": "Feature", "properties": {"cod_imovel": "SC-4202057-6BC9923AA8C74407B90D974AC9784AFF", "municipio": "Balneario Barra do Sul", "num_area": 187.5903, "mod_fiscal": 15.6325, "des_condic": "Aguardando analise", "ind_status": "PE", "dat_atuali": "14/05/2018"}, "geometry": {"type": "Polygon", "coordinates": [[[-48.6703420346787, -26.38910264871187], [-48.67108155688376, -26.387120312828756], [-48.68105052285356, -26.39073259662852], [-48.682102263175004, -26.387294421914117], [-48.67872270503379, -26.38526799930997], [-48.67746373202107, -26.386623424336687], [-48.67222416898859, -26.382050258666364], [-48.67217494786552, -26.381338471791082], [-48.66745119226437, -26.37981377003596], [-48.666413249928205, -26.380128087675832], [-48.66730206469588, -26.38055387794362], [-48.667450411959805, -26.380732809289395], [-48.66736394510474, -26.381247562446728], [-48.666564481900984, -26.381692752827192], [-48.66554280250785, -26.3819046981697], [-48.66511735001079, -26.382436153262656], [-48.66471884682199, -26.382641709089906], [-48.66452144595253, -26.383868890741933], [-48.66475980775733, -26.38409959784019], [-48.66546645697767, -26.384297445920865], [-48.665365727144675, -26.385644184462986], [-48.666155272786604, -26.386277397442132], [-48.66633932454236, -26.386670833516792], [-48.666208545434934, -26.38731240449797], [-48.66567342677031, -26.38813171165716], [-48.66601187398382, -26.388614355851228], [-48.666529788868914, -26.388899827036862], [-48.66657360879605, -26.389253633997015], [-48.665871337783656, -26.390559338677612], [-48.66515886114257, -26.391120099451204], [-48.66522622658488, -26.391798479914623], [-48.66582742427971, -26.39196757861124], [-48.66574209694385, -26.392263839626047], [-48.6654050636723, -26.392443212280448], [-48.66433430706213, -26.39241544094712], [-48.66472112130881, -26.391748190612862], [-48.66418731089074, -26.39100586394192], [-48.66295262174687, -26.391969415855062], [-48.66272645221962, -26.39266470875135], [-48.66279091371038, -26.39341271622915], [-48.66261993165774, -26.393703827541433], [-48.679459261566855, -26.39988760274519], [-48.679620075862516, -26.395182126122897], [-48.66850345691215, -26.391135271290352], [-48.66994379967908, -26.389314681680133], [-48.6703420346787, -26.38910264871187]]]}}, {"type": "Feature", "properties": {"cod_imovel": "SC-4202057-61D388C73FC24D09B0A6489536BFA0E5", "municipio": "Balneario Barra do Sul", "num_area": 77.6467, "mod_fiscal": 6.4706, "des_condic": "Aguardando analise", "ind_status": "PE", "dat_atuali": "02/05/2018"}, "geometry": {"type": "Polygon", "coordinates": [[[-48.671280245796225, -26.451557519545897], [-48.65601666408072, -26.457601216335895], [-48.65606627081796, -26.457750303254645], [-48.65663204216701, -26.457827135060313], [-48.65668220212131, -26.457664597610002], [-48.656970259137005, -26.45761893675546], [-48.65715551216983, -26.45799865426419], [-48.657426450246824, -26.45760255224934], [-48.65760900907978, -26.457783195182667], [-48.657578756406124, -26.457978547695856], [-48.65799402252139, -26.458101266252303], [-48.658250903795405, -26.458582032358876], [-48.658499743914824, -26.458507032510827], [-48.65884936863541, -26.458651558062236], [-48.65909050716487, -26.45829859456932], [-48.65943483579795, -26.458746328981277], [-48.65936603333985, -26.45917885315205], [-48.660276453585276, -26.45964962812755], [-48.65997264083444, -26.460111353944008], [-48.660879270473465, -26.460617370721756], [-48.66082203425987, -26.46084069315346], [-48.661354883986526, -26.461141299067226], [-48.66130884673928, -26.461324693814955], [-48.67198621525093, -26.4567113924606], [-48.671280245796225, -26.451557519545897]]]}}, {"type": "Feature", "properties": {"cod_imovel": "SC-4202057-4CD4F04EA63F44FE81028AC98CE20C05", "municipio": "Balneario Barra do Sul", "num_area": 6.3443, "mod_fiscal": 0.5287, "des_condic": "Aguardando analise", "ind_status": "PE", "dat_atuali": "20/05/2016"}, "geometry": {"type": "Polygon", "coordinates": [[[-48.66059303283691, -26.39269618225657], [-48.66120363068472, -26.39116576420553], [-48.65853309631348, -26.389947531477844], [-48.6568808555603, -26.39096626981741], [-48.66059303283691, -26.39269618225657]]]}}, {"type": "Feature", "properties": {"cod_imovel": "SC-4202057-62D07901AB9F48AC838E1420839EE9DA", "municipio": "Balneario Barra do Sul", "num_area": 3.8082, "mod_fiscal": 0.3173, "des_condic": "Aguardando analise", "ind_status": "PE", "dat_atuali": "26/10/2015"}, "geometry": {"type": "Polygon", "coordinates": [[[-48.66364002227783, -26.390985491209115], [-48.66434722212916, -26.39056055782411], [-48.664798736572266, -26.389678429283737], [-48.66314649581909, -26.388967227609093], [-48.66201171190543, -26.38976424640844], [-48.66220478591903, -26.38994572272601], [-48.66196632385254, -26.390197411525115], [-48.66364002227783, -26.390985491209115]]]}}, {"type": "Feature", "properties": {"cod_imovel": "SC-4202057-E4B796904173470891D2D1253F264F3C", "municipio": "Balneario Barra do Sul", "num_area": 190.7113, "mod_fiscal": 15.8926, "des_condic": "Aguardando analise", "ind_status": "PE", "dat_atuali": "29/04/2015"}, "geometry": {"type": "Polygon", "coordinates": [[[-48.62991001296859, -26.39906546292757], [-48.62952517396658, -26.40102972173465], [-48.62959328062661, -26.40248611936617], [-48.6292238723421, -26.40444263569136], [-48.62910807059622, -26.40668630877358], [-48.63472140479285, -26.40673346659945], [-48.63499205387754, -26.4092231837895], [-48.63825630336557, -26.41216930664444], [-48.63905550928986, -26.41098757198256], [-48.6393925356662, -26.41120493480324], [-48.64022031104384, -26.41034756027712], [-48.64090077067974, -26.4106247782968], [-48.64141333152481, -26.40967188165478], [-48.64022562217803, -26.40947025884718], [-48.64088782006203, -26.40827154361789], [-48.64218522594632, -26.40921346389256], [-48.64421276758213, -26.41342708732142], [-48.64985292530434, -26.41034667755095], [-48.64797479072655, -26.4075333993029], [-48.64899278791543, -26.40440101339378], [-48.64632310476316, -26.40261527366587], [-48.64588985906168, -26.40314150277159], [-48.64087802182466, -26.39988308164684], [-48.63971340194935, -26.40109949269337], [-48.62991001296859, -26.39906546292757]]]}}, {"type": "Feature", "properties": {"cod_imovel": "SC-4202057-0FCB7F4E0AA54987B5B0481F88F83353", "municipio": "Balneario Barra do Sul", "num_area": 490.0013, "mod_fiscal": 40.8334, "des_condic": "Aguardando analise", "ind_status": "PE", "dat_atuali": "29/04/2015"}, "geometry": {"type": "Polygon", "coordinates": [[[-48.67851982831935, -26.4755021473962], [-48.67372040323695, -26.47963094190338], [-48.66867597878738, -26.47360882246052], [-48.66042373315668, -26.47889107320128], [-48.659861096114, -26.47831044374167], [-48.65067235256323, -26.48534287131261], [-48.65139175678761, -26.48622522410043], [-48.6523454219981, -26.48801641339344], [-48.65314926446321, -26.4890603761077], [-48.65318473004778, -26.49066265596505], [-48.65450404228891, -26.49273900731474], [-48.65514821495533, -26.49555548090891], [-48.65489426375547, -26.49658600362695], [-48.65503300093089, -26.49735469048673], [-48.65549566246568, -26.49809254992161], [-48.65648082818263, -26.49880375514735], [-48.6580539199486, -26.50148461076946], [-48.68148102785987, -26.48414432863338], [-48.67851982831935, -26.4755021473962]]]}}, {"type": "Feature", "properties": {"cod_imovel": "SC-4202057-A46646A1858947AD8FDE81B5BBBFEACF", "municipio": "Balneario Barra do Sul", "num_area": 391.3765, "mod_fiscal": 32.6147, "des_condic": "Aguardando analise", "ind_status": "PE", "dat_atuali": "12/05/2015"}, "geometry": {"type": "Polygon", "coordinates": [[[-48.68842109485034, -26.43777152147548], [-48.66567015837994, -26.42063835675257], [-48.66413818567582, -26.42296218173873], [-48.65767002312104, -26.4299208340976], [-48.66097223567535, -26.43267426424685], [-48.66296184262395, -26.4340087091234], [-48.66986289631249, -26.439575900325], [-48.6758039247548, -26.44476758502777], [-48.67908088820194, -26.44735337578872], [-48.68842109485034, -26.43777152147548]]]}}, {"type": "Feature", "properties": {"cod_imovel": "SC-4202057-481BCBCD455A47F49CCAC67465F05DCD", "municipio": "Balneario Barra do Sul", "num_area": 13.1807, "mod_fiscal": 1.0984, "des_condic": "Aguardando analise", "ind_status": "PE", "dat_atuali": "14/02/2015"}, "geometry": {"type": "Polygon", "coordinates": [[[-48.6306239123619, -26.4025032516874], [-48.631285224371, -26.4000167305632], [-48.6310363416886, -26.3986528243015], [-48.6306167101, -26.3980063649499], [-48.6278615024634, -26.3989638090409], [-48.6288433376613, -26.4032011119143], [-48.6291795200599, -26.4027942252024], [-48.6306239123619, -26.4025032516874]]]}}, {"type": "Feature", "properties": {"cod_imovel": "SC-4202057-EAB33C4FDC15463CB2ED5F5443AC9D2B", "municipio": "Balneario Barra do Sul", "num_area": 0.2359, "mod_fiscal": 0.0197, "des_condic": "Aguardando analise", "ind_status": "PE", "dat_atuali": "07/02/2023"}, "geometry": {"type": "Polygon", "coordinates": [[[-48.65694426963123, -26.37776580045161], [-48.65855440798802, -26.37769504523898], [-48.65846250758575, -26.37756564435161], [-48.6568987694251, -26.37763213499749], [-48.65694426963123, -26.37776580045161]]]}}, {"type": "Feature", "properties": {"cod_imovel": "SC-4202057-6568635BB1B541B2AE14AD23DFB476E3", "municipio": "Balneario Barra do Sul", "num_area": 3.0825, "mod_fiscal": 0.2569, "des_condic": "Aguardando analise", "ind_status": "PE", "dat_atuali": "11/01/2023"}, "geometry": {"type": "Polygon", "coordinates": [[[-48.656406398701, -26.39459337272463], [-48.65398849658039, -26.3946580891937], [-48.65401263666334, -26.39594102850153], [-48.65591107776554, -26.39590406088561], [-48.656406398701, -26.39459337272463]]]}}, {"type": "Feature", "properties": {"cod_imovel": "SC-4202057-34946DF0174144869EC876D2C03DB7B0", "municipio": "Balneario Barra do Sul", "num_area": 105.5121, "mod_fiscal": 8.7927, "des_condic": "Aguardando analise", "ind_status": "PE", "dat_atuali": "03/05/2021"}, "geometry": {"type": "Polygon", "coordinates": [[[-48.6323674125169, -26.39518894392212], [-48.63324790847253, -26.39708954794459], [-48.633286992628, -26.39948504353033], [-48.63310799641043, -26.39973344464937], [-48.63971342983147, -26.40109963494518], [-48.64087804968655, -26.39988322382665], [-48.64532538611107, -26.40277465462577], [-48.64695973937672, -26.40084322558123], [-48.64110823584472, -26.39740673476878], [-48.64298742346806, -26.39349025855389], [-48.64242109298868, -26.39317799075014], [-48.6403494613716, -26.39237689841242], [-48.63754470524447, -26.39224832013883], [-48.63642528922124, -26.39120819810389], [-48.63544752065723, -26.3908989758368], [-48.63550307660863, -26.39158666371621], [-48.63228120703478, -26.39134899485414], [-48.63107215461828, -26.39193652020347], [-48.63042361646683, -26.39289454236216], [-48.63026140638412, -26.3944812710848], [-48.63126613699292, -26.39449791423395], [-48.6323674125169, -26.39518894392212]]]}}, {"type": "Feature", "properties": {"cod_imovel": "SC-4202057-87A3B6262CD44D558E66CAF8A574324F", "municipio": "Balneario Barra do Sul", "num_area": 11.8129, "mod_fiscal": 0.9844, "des_condic": "Analisado, aguardando atendimento a notificacao", "ind_status": "PE", "dat_atuali": "09/02/2021"}, "geometry": {"type": "Polygon", "coordinates": [[[-48.65374079398235, -26.38759372800425], [-48.65350395181865, -26.38263509015131], [-48.6519779113347, -26.38228484173407], [-48.65057606133053, -26.38313311307529], [-48.65047807144663, -26.38355836988289], [-48.65067429829831, -26.38415018650218], [-48.65053433845583, -26.38461938590341], [-48.65374079398235, -26.38759372800425]]]}}, {"type": "Feature", "properties": {"cod_imovel": "SC-4202057-8CA38274908B4CEB8194DCAC0D3D0983", "municipio": "Balneario Barra do Sul", "num_area": 335.9691, "mod_fiscal": 27.9974, "des_condic": "Aguardando analise", "ind_status": "PE", "dat_atuali": "31/12/2020"}, "geometry": {"type": "Polygon", "coordinates": [[[-48.62546682318507, -26.395713856971913], [-48.62621784171006, -26.398116407337383], [-48.628363608924474, -26.3974436982755], [-48.63029479941745, -26.39629047362006], [-48.63254785499252, -26.397539799810207], [-48.63426446876398, -26.39792420514856], [-48.63759040794624, -26.397539799810364], [-48.640701770407, -26.39773200263962], [-48.6435985561463, -26.39898131322845], [-48.646602630246306, -26.399173513657466], [-48.647997378935585, -26.399077413483063], [-48.64971399270704, -26.39629047362067], [-48.642096519096505, -26.38687204107684], [-48.64971399270737, -26.378606253147307], [-48.646924495328875, -26.37543434029232], [-48.64134550057166, -26.37851013585511], [-48.63812684975011, -26.38197030798422], [-48.633084296796326, -26.385814822122768], [-48.629865645974746, -26.38744870188114], [-48.62686157187452, -26.39119692692264], [-48.62535953482436, -26.394560615035672], [-48.62546682318507, -26.395713856971913]]]}}, {"type": "Feature", "properties": {"cod_imovel": "SC-4202057-FA7AB3C32E654CEFAAC64C9D4C644D0C", "municipio": "Balneario Barra do Sul", "num_area": 0.4453, "mod_fiscal": 0.0371, "des_condic": "Aguardando analise", "ind_status": "PE", "dat_atuali": "10/12/2020"}, "geometry": {"type": "Polygon", "coordinates": [[[-48.65947400912974, -26.37883489272851], [-48.65867027490263, -26.37990819215213], [-48.65880641970428, -26.38019775124162], [-48.65969386451496, -26.37902443300954], [-48.65947400912974, -26.37883489272851]]]}}, {"type": "Feature", "properties": {"cod_imovel": "SC-4202057-81AECCCD2ADA43568513CCB8FAF787B9", "municipio": "Balneario Barra do Sul", "num_area": 0.8579, "mod_fiscal": 0.0715, "des_condic": "Aguardando analise", "ind_status": "PE", "dat_atuali": "10/12/2020"}, "geometry": {"type": "Polygon", "coordinates": [[[-48.65703524146559, -26.37822131996818], [-48.658819809272, -26.3780905637763], [-48.65856060790375, -26.37765894457905], [-48.6569450434358, -26.37776499160578], [-48.65703524146559, -26.37822131996818]]]}}, {"type": "Feature", "properties": {"cod_imovel": "SC-4202057-EB3096BC93874669A6C2FE8B3EBE0100", "municipio": "Balneario Barra do Sul", "num_area": 0.356, "mod_fiscal": 0.0297, "des_condic": "Aguardando analise", "ind_status": "PE", "dat_atuali": "27/11/2020"}, "geometry": {"type": "Polygon", "coordinates": [[[-48.66009693412974, -26.38325206104499], [-48.66013898138511, -26.38386720642147], [-48.66043268026691, -26.38425557802164], [-48.66066648430481, -26.38355434852116], [-48.66009693412974, -26.38325206104499]]]}}, {"type": "Feature", "properties": {"cod_imovel": "SC-4202057-C60932D0C050494AACE1D0D2331DA53C", "municipio": "Balneario Barra do Sul", "num_area": 1.3822, "mod_fiscal": 0.1152, "des_condic": "Aguardando analise", "ind_status": "PE", "dat_atuali": "26/11/2020"}, "geometry": {"type": "Polygon", "coordinates": [[[-48.65946743674996, -26.37884278538457], [-48.65898937085944, -26.37827841630926], [-48.65806421572184, -26.37906912220821], [-48.65808802205086, -26.37941519993457], [-48.65867789498421, -26.37989923727662], [-48.65946743674996, -26.37884278538457]]]}}, {"type": "Feature", "properties": {"cod_imovel": "SC-4202057-7312FD11CEF849DB94173EF25C59D568", "municipio": "Balneario Barra do Sul", "num_area": 0.8533, "mod_fiscal": 0.0711, "des_condic": "Analisado, aguardando atendimento a notificacao", "ind_status": "PE", "dat_atuali": "26/11/2020"}, "geometry": {"type": "Polygon", "coordinates": [[[-48.65747085855209, -26.37836443543359], [-48.65795899788046, -26.3792297155638], [-48.65796280306935, -26.37899507592754], [-48.6582729803118, -26.37861673048272], [-48.65885237414992, -26.37823213543107], [-48.65882181505179, -26.37808974900403], [-48.65703234750859, -26.37822019791042], [-48.65705208005888, -26.37839184941483], [-48.65747085855209, -26.37836443543359]]]}}, {"type": "Feature", "properties": {"cod_imovel": "SC-4202057-14BD913620384F7D929C833777E225A8", "municipio": "Balneario Barra do Sul", "num_area": 2.2576, "mod_fiscal": 0.1881, "des_condic": "Aguardando analise", "ind_status": "PE", "dat_atuali": "13/10/2020"}, "geometry": {"type": "Polygon", "coordinates": [[[-48.65801064292001, -26.38367557621971], [-48.65805682212223, -26.382272914331], [-48.65671782965457, -26.38226974829422], [-48.65677366591484, -26.38401915338378], [-48.65801064292001, -26.38367557621971]]]}}, {"type": "Feature", "properties": {"cod_imovel": "SC-4202057-26D6D00A7BA347E7AA9978E53A9C0B6B", "municipio": "Balneario Barra do Sul", "num_area": 65.0222, "mod_fiscal": 5.4185, "des_condic": "Aguardando analise", "ind_status": "PE", "dat_atuali": "13/10/2020"}, "geometry": {"type": "Polygon", "coordinates": [[[-48.65336684024881, -26.39239248639015], [-48.65648620737779, -26.39203043706174], [-48.65647353335214, -26.39102684532124], [-48.65788457040325, -26.39082594987162], [-48.65812041157479, -26.39024331837844], [-48.6277470494242, -26.3901497801883], [-48.62661918629627, -26.39195685980244], [-48.65336684024881, -26.39239248639015]]]}}, {"type": "Feature", "properties": {"cod_imovel": "SC-4202057-03BE0050F5634B17AF4E1AA58FA940F0", "municipio": "Balneario Barra do Sul", "num_area": 1.7241, "mod_fiscal": 0.1437, "des_condic": "Aguardando analise", "ind_status": "PE", "dat_atuali": "15/10/2020"}, "geometry": {"type": "Polygon", "coordinates": [[[-48.6517098258914, -26.38122531749468], [-48.65108445834914, -26.38071702714722], [-48.65031245684241, -26.38132023720714], [-48.65012635114894, -26.3825332044091], [-48.65022645203668, -26.38284601077407], [-48.6517098258914, -26.38122531749468]]]}}, {"type": "Feature", "properties": {"cod_imovel": "SC-4202057-65D7A0D6ACE340D8BC445292137C553B", "municipio": "Balneario Barra do Sul", "num_area": 4.1255, "mod_fiscal": 0.3438, "des_condic": "Analisado, aguardando atendimento a notificacao", "ind_status": "PE", "dat_atuali": "07/10/2020"}, "geometry": {"type": "Polygon", "coordinates": [[[-48.64907919019473, -26.38078002320467], [-48.65072150287821, -26.38084273979364], [-48.65099704184475, -26.38066634857096], [-48.6510157504036, -26.38012801591036], [-48.65142525695009, -26.37922060089042], [-48.64882516000469, -26.37897259914693], [-48.64907919019473, -26.38078002320467]]]}}, {"type": "Feature", "properties": {"cod_imovel": "SC-4202057-F2A3F45725BD452C830DF365E0693C66", "municipio": "Balneario Barra do Sul", "num_area": 17.8418, "mod_fiscal": 1.4868, "des_condic": "Analisado, aguardando atendimento a notificacao", "ind_status": "PE", "dat_atuali": "25/09/2020"}, "geometry": {"type": "Polygon", "coordinates": [[[-48.65040003112905, -26.38614462705532], [-48.65018945900405, -26.3857371986444], [-48.64911834743574, -26.38655053676599], [-48.64834305396153, -26.38748735466576], [-48.64982791579277, -26.39024667196919], [-48.65387345444322, -26.39024941758235], [-48.6538263061867, -26.38939166703199], [-48.65176372669461, -26.3862901439226], [-48.65134815717041, -26.38651871445346], [-48.65065145484829, -26.38607999508204], [-48.65040003112905, -26.38614462705532]]]}}, {"type": "Feature", "properties": {"cod_imovel": "SC-4202057-F93F09DEF50E4D369A2549EF52642DD0", "municipio": "Balneario Barra do Sul", "num_area": 0.2971, "mod_fiscal": 0.0248, "des_condic": "Aguardando analise", "ind_status": "PE", "dat_atuali": "09/11/2020"}, "geometry": {"type": "Polygon", "coordinates": [[[-48.65798548759016, -26.38155522153091], [-48.6588276691109, -26.38155406204378], [-48.65877021154381, -26.38122137595717], [-48.65797086083388, -26.38123402916298], [-48.65798548759016, -26.38155522153091]]]}}, {"type": "Feature", "properties": {"cod_imovel": "SC-4202057-725F204806394105831BFEAA5B6DF6FA", "municipio": "Balneario Barra do Sul", "num_area": 2.3098, "mod_fiscal": 0.1925, "des_condic": "Aguardando analise", "ind_status": "PE", "dat_atuali": "06/11/2020"}, "geometry": {"type": "Polygon", "coordinates": [[[-48.64779212801477, -26.38526697805392], [-48.64804144240918, -26.38655438089688], [-48.6491115569996, -26.38656599947611], [-48.64944714359793, -26.38630856594913], [-48.64926385401997, -26.38496484424133], [-48.64779212801477, -26.38526697805392]]]}}, {"type": "Feature", "properties": {"cod_imovel": "SC-4202057-276D7D4224934AC988E927E87A70DE0B", "municipio": "Balneario Barra do Sul", "num_area": 0.2369, "mod_fiscal": 0.0197, "des_condic": "Aguardando analise", "ind_status": "PE", "dat_atuali": "09/11/2020"}, "geometry": {"type": "Polygon", "coordinates": [[[-48.66123053019034, -26.3836772235624], [-48.66102267024547, -26.38436163320371], [-48.66131449752866, -26.38467148570781], [-48.6614039777184, -26.38408756802273], [-48.66123053019034, -26.3836772235624]]]}}, {"type": "Feature", "properties": {"cod_imovel": "SC-4202057-8648196C8F4546EB8C6593939810910C", "municipio": "Balneario Barra do Sul", "num_area": 2.1453, "mod_fiscal": 0.1788, "des_condic": "Aguardando analise", "ind_status": "PE", "dat_atuali": "10/11/2020"}, "geometry": {"type": "Polygon", "coordinates": [[[-48.65492899393346, -26.38459230324838], [-48.65494902339139, -26.38504766369274], [-48.65694100886551, -26.38562705639315], [-48.65763580187581, -26.38501960656087], [-48.65767500110893, -26.3847486843971], [-48.65589202083334, -26.38449930961116], [-48.65492899393346, -26.38459230324838]]]}}, {"type": "Feature", "properties": {"cod_imovel": "SC-4202057-0E414EDEA9024AD6A30F80B05C57EC86", "municipio": "Balneario Barra do Sul", "num_area": 46.4425, "mod_fiscal": 3.8702, "des_condic": "Aguardando analise", "ind_status": "PE", "dat_atuali": "21/10/2020"}, "geometry": {"type": "Polygon", "coordinates": [[[-48.649633041431, -26.38988697111675], [-48.64837171291866, -26.38779522206791], [-48.630200760728, -26.38770340455823], [-48.62859943868378, -26.38891975881319], [-48.62797707973466, -26.38979656920568], [-48.649633041431, -26.38988697111675]]]}}, {"type": "Feature", "properties": {"cod_imovel": "SC-4202057-C8B35458EA9947D5BDB33728BF91AC67", "municipio": "Balneario Barra do Sul", "num_area": 9.5258, "mod_fiscal": 0.7938, "des_condic": "Aguardando analise", "ind_status": "PE", "dat_atuali": "23/10/2020"}, "geometry": {"type": "Polygon", "coordinates": [[[-48.654947010016, -26.38505358358974], [-48.65593353264914, -26.3896387349728], [-48.65820002547758, -26.3892907209941], [-48.65677173259372, -26.38588898650289], [-48.65743418491606, -26.38519202290452], [-48.654947010016, -26.38505358358974]]]}}, {"type": "Feature", "properties": {"cod_imovel": "SC-4202057-62F8304C58C5479999FE6A58A97F01ED", "municipio": "Balneario Barra do Sul", "num_area": 2.369, "mod_fiscal": 0.1974, "des_condic": "Aguardando analise", "ind_status": "PE", "dat_atuali": "20/10/2020"}, "geometry": {"type": "Polygon", "coordinates": [[[-48.65682670644343, -26.38466670534625], [-48.65671077893028, -26.38228288404357], [-48.65572654562907, -26.38235014912054], [-48.65589915943527, -26.38450007501364], [-48.65682670644343, -26.38466670534625]]]}}, {"type": "Feature", "properties": {"cod_imovel": "SC-4202057-CF0F4608490E48A6BDA091923B08EBF2", "municipio": "Balneario Barra do Sul", "num_area": 41.1923, "mod_fiscal": 3.4327, "des_condic": "Aguardando analise", "ind_status": "PE", "dat_atuali": "15/10/2020"}, "geometry": {"type": "Polygon", "coordinates": [[[-48.64172910278709, -26.37946455986317], [-48.64872073583958, -26.3838330208629], [-48.64956106338256, -26.38313957067027], [-48.64882545314848, -26.37894843958514], [-48.64872235584462, -26.37728627486587], [-48.65181044513038, -26.37784570783958], [-48.65218615139019, -26.37732057077203], [-48.64882729167882, -26.37669056132034], [-48.64902000565247, -26.37479263984033], [-48.64507116770512, -26.37683510544581], [-48.64172910278709, -26.37946455986317]]]}}, {"type": "Feature", "properties": {"cod_imovel": "SC-4202057-F29CC3C43B164BF1A4B0F5BCB1E845DC", "municipio": "Balneario Barra do Sul", "num_area": 2.1952, "mod_fiscal": 0.1829, "des_condic": "Analisado, aguardando atendimento a notificacao", "ind_status": "PE", "dat_atuali": "15/10/2020"}, "geometry": {"type": "Polygon", "coordinates": [[[-48.64956386328145, -26.38313569578564], [-48.65022655736511, -26.38306445526647], [-48.65001460827714, -26.38255376024703], [-48.65020856504594, -26.38126814604012], [-48.65072290633843, -26.38084518695829], [-48.64908026126332, -26.38077772763241], [-48.64956386328145, -26.38313569578564]]]}}, {"type": "Feature", "properties": {"cod_imovel": "SC-4202057-C3F1170453EC4C58A16FA12EAAA0EE38", "municipio": "Balneario Barra do Sul", "num_area": 5.922, "mod_fiscal": 0.4935, "des_condic": "Aguardando analise", "ind_status": "PE", "dat_atuali": "30/05/2019"}, "geometry": {"type": "Polygon", "coordinates": [[[-48.66198912740217, -26.38213197672693], [-48.67144067988872, -26.38650130426998], [-48.67173910967186, -26.38606668646361], [-48.6626611294169, -26.3818699751249], [-48.66212908777447, -26.38189936733052], [-48.66198912740217, -26.38213197672693]]]}}, {"type": "Feature", "properties": {"cod_imovel": "SC-4202057-BA2902AAF5BF4A79890BBAA4229A2F12", "municipio": "Balneario Barra do Sul", "num_area": 11.0154, "mod_fiscal": 0.9179, "des_condic": "Analisado, aguardando atendimento a notificacao", "ind_status": "PE", "dat_atuali": "01/02/2020"}, "geometry": {"type": "Polygon", "coordinates": [[[-48.65350128, -26.38265043], [-48.65387117, -26.39024408], [-48.65517775, -26.39024819], [-48.65472613, -26.38252907], [-48.65350128, -26.38265043]]]}}, {"type": "Feature", "properties": {"cod_imovel": "SC-4202057-5D662A5543BB4CFF9D18A7D33AEDEF90", "municipio": "Balneario Barra do Sul", "num_area": 75.8878, "mod_fiscal": 6.324, "des_condic": "Aguardando analise", "ind_status": "PE", "dat_atuali": "01/06/2017"}, "geometry": {"type": "Polygon", "coordinates": [[[-48.65978841506635, -26.38302535547807], [-48.63862691449483, -26.39255594440467], [-48.64099973459965, -26.3954634916067], [-48.6587905883789, -26.386795152135612], [-48.65846872329711, -26.386526042595506], [-48.65816831588745, -26.385853266001824], [-48.6582347655463, -26.38465095022823], [-48.65855486103532, -26.38414062995005], [-48.65947723388672, -26.383469683103367], [-48.65978841506635, -26.38302535547807]]]}}, {"type": "Feature", "properties": {"cod_imovel": "SC-4202057-A4ECF6990E2C48FBB52DC82935464FAF", "municipio": "Balneario Barra do Sul", "num_area": 9.2841, "mod_fiscal": 0.7737, "des_condic": "Analisado, aguardando atendimento a notificacao", "ind_status": "PE", "dat_atuali": "15/10/2020"}, "geometry": {"type": "Polygon", "coordinates": [[[-48.65240371453657, -26.3815868354469], [-48.65250119045472, -26.38220292647205], [-48.65378319212009, -26.38261130940033], [-48.65410087586794, -26.38254627088146], [-48.65377697471897, -26.37925189943731], [-48.653382222121, -26.37881172195618], [-48.65238440367563, -26.37823899128109], [-48.6516484783414, -26.37903912135539], [-48.65114958158334, -26.38018123609405], [-48.65108240250111, -26.38070977534888], [-48.65240371453657, -26.3815868354469]]]}}, {"type": "Feature", "properties": {"cod_imovel": "SC-4202057-9A209E0DA0404A789D21BBADD194920E", "municipio": "Balneario Barra do Sul", "num_area": 0.2204, "mod_fiscal": 0.0184, "des_condic": "Aguardando analise", "ind_status": "AT", "dat_atuali": "06/03/2026"}, "geometry": {"type": "Polygon", "coordinates": [[[-48.6344178765554, -26.4184776785461], [-48.6347471890568, -26.4188008412253], [-48.6350944072595, -26.4186122945725], [-48.6349305295151, -26.4182122455055], [-48.6344178765554, -26.4184776785461]]]}}, {"type": "Feature", "properties": {"cod_imovel": "SC-4202057-0F322E84F8E84D8CB543753A08150EA4", "municipio": "Balneario Barra do Sul", "num_area": 1.3236, "mod_fiscal": 0.1103, "des_condic": "Aguardando analise", "ind_status": "AT", "dat_atuali": "29/01/2026"}, "geometry": {"type": "Polygon", "coordinates": [[[-48.665088415145874, -26.387141149194342], [-48.66393912174419, -26.38669816252774], [-48.66296466504573, -26.3870022589308], [-48.66315141977513, -26.38767619958381], [-48.665088415145874, -26.387141149194342]]]}}, {"type": "Feature", "properties": {"cod_imovel": "SC-4202057-919F815FCCD547D5BFC160794E788051", "municipio": "Balneario Barra do Sul", "num_area": 0.0626, "mod_fiscal": 0.0052, "des_condic": "Aguardando analise", "ind_status": "AT", "dat_atuali": "27/01/2026"}, "geometry": {"type": "Polygon", "coordinates": [[[-48.63142400979996, -26.414279465444086], [-48.6311611533165, -26.41429868295335], [-48.631356954574585, -26.414707054268312], [-48.63139718770981, -26.414548510282422], [-48.63142400979996, -26.414279465444086]]]}}, {"type": "Feature", "properties": {"cod_imovel": "SC-4202057-52F7987E7FAF4247BAB9F88F2066EDB5", "municipio": "Balneario Barra do Sul", "num_area": 45.9359, "mod_fiscal": 3.828, "des_condic": "Analisado, aguardando atendimento a notificacao", "ind_status": "AT", "dat_atuali": "04/12/2021"}, "geometry": {"type": "Polygon", "coordinates": [[[-48.6655453665335, -26.4701796179164], [-48.6576409256318, -26.4757627583684], [-48.6604145209091, -26.4789398204107], [-48.6683631879771, -26.4736550708241], [-48.6655453665335, -26.4701796179164]]]}}, {"type": "Feature", "properties": {"cod_imovel": "SC-4202057-8F8CB3D76683407D94B97070F08B3EAA", "municipio": "Balneario Barra do Sul", "num_area": 19.4433, "mod_fiscal": 1.6203, "des_condic": "Analisado, aguardando atendimento a notificacao", "ind_status": "AT", "dat_atuali": "29/06/2020"}, "geometry": {"type": "Polygon", "coordinates": [[[-48.636352906388886, -26.455909528333333], [-48.639049615, -26.45866224111111], [-48.64063925888889, -26.453807708055557], [-48.64015038666667, -26.45326812], [-48.639488515833335, -26.45288510861111], [-48.6390832675, -26.451737089722222], [-48.63865746388889, -26.450983536944445], [-48.638281515555555, -26.4506552375], [-48.636352906388886, -26.455909528333333]]]}}, {"type": "Feature", "properties": {"cod_imovel": "SC-4202057-86A86FCB7186488E9FFDF948D7344DB3", "municipio": "Balneario Barra do Sul", "num_area": 19.0847, "mod_fiscal": 1.5904, "des_condic": "Analisado, aguardando atendimento a notificacao", "ind_status": "AT", "dat_atuali": "29/05/2018"}, "geometry": {"type": "Polygon", "coordinates": [[[-48.6406139054111, -26.42104447291199], [-48.64054154278631, -26.42447102956087], [-48.64633318817197, -26.4216496899844], [-48.64483871483789, -26.41889095844636], [-48.6406139054111, -26.42104447291199]]]}}, {"type": "Feature", "properties": {"cod_imovel": "SC-4202057-74B7C73FD9464F088607B6D0ED7AC6EA", "municipio": "Balneario Barra do Sul", "num_area": 7.643, "mod_fiscal": 0.6369, "des_condic": "Em analise", "ind_status": "AT", "dat_atuali": "15/02/2022"}, "geometry": {"type": "Polygon", "coordinates": [[[-48.68139743819861, -26.37361957267365], [-48.68341841926752, -26.37026077677458], [-48.6812273527604, -26.3701491258842], [-48.67956401945033, -26.37279707546774], [-48.68139743819861, -26.37361957267365]]]}}, {"type": "Feature", "properties": {"cod_imovel": "SC-4202057-02D0589FF7AF458084A6F9BA0BD40642", "municipio": "Balneario Barra do Sul", "num_area": 2.8196, "mod_fiscal": 0.235, "des_condic": "Em analise", "ind_status": "AT", "dat_atuali": "06/10/2022"}, "geometry": {"type": "Polygon", "coordinates": [[[-48.64087308, -26.41918555], [-48.64061382, -26.42104437], [-48.64244835, -26.42010704], [-48.6419959, -26.41865054], [-48.64087308, -26.41918555]]]}}, {"type": "Feature", "properties": {"cod_imovel": "SC-4202057-AC76E8864BA94E389FB612133AA7A1E1", "municipio": "Balneario Barra do Sul", "num_area": 0.2378, "mod_fiscal": 0.0198, "des_condic": "Aguardando analise", "ind_status": "AT", "dat_atuali": "19/01/2026"}, "geometry": {"type": "Polygon", "coordinates": [[[-48.63067584766334, -26.40997419491573], [-48.62991908892211, -26.41008357654773], [-48.62994945475041, -26.41033354100536], [-48.63082305790265, -26.41027579525037], [-48.63067584766334, -26.40997419491573]]]}}, {"type": "Feature", "properties": {"cod_imovel": "SC-4202057-79C650961D42409D9587C08D41DA445E", "municipio": "Balneario Barra do Sul", "num_area": 4.7899, "mod_fiscal": 0.3992, "des_condic": "Aguardando analise", "ind_status": "AT", "dat_atuali": "07/01/2026"}, "geometry": {"type": "Polygon", "coordinates": [[[-48.64066711312718, -26.4257859029874], [-48.64077147973697, -26.42675952415839], [-48.64513710843304, -26.42464612238395], [-48.64464464880252, -26.42383391551145], [-48.64066711312718, -26.4257859029874]]]}}, {"type": "Feature", "properties": {"cod_imovel": "SC-4202057-97A154C48E8B4BB1914D1FD5B7F9622D", "municipio": "Balneario Barra do Sul", "num_area": 77.0786, "mod_fiscal": 6.4232, "des_condic": "Aguardando analise", "ind_status": "AT", "dat_atuali": "30/12/2025"}, "geometry": {"type": "Polygon", "coordinates": [[[-48.653089596377, -26.432791000192], [-48.65852053396701, -26.430761327382], [-48.657588425578, -26.430016895943], [-48.66643508979, -26.421161281678], [-48.665687522666, -26.420563454318], [-48.650551646514, -26.427076108987], [-48.65320548960099, -26.431927897041], [-48.652638925392, -26.432143982446], [-48.653089596377, -26.432791000192]]]}}, {"type": "Feature", "properties": {"cod_imovel": "SC-4202057-1A39C80E7D944A30878BC2BC0A247B72", "municipio": "Balneario Barra do Sul", "num_area": 43.9919, "mod_fiscal": 3.666, "des_condic": "Aguardando analise", "ind_status": "AT", "dat_atuali": "30/12/2025"}, "geometry": {"type": "Polygon", "coordinates": [[[-48.658177665128, -26.421241532264], [-48.646207308318, -26.426395703119], [-48.64730795733, -26.428482280393], [-48.664599198198, -26.420985070868], [-48.662495502814, -26.419382087231], [-48.660722474308, -26.421450880391], [-48.658177665128, -26.421241532264]]]}}, {"type": "Feature", "properties": {"cod_imovel": "SC-4202057-8ACF438CF5844212BED15ADB5B58EEC7", "municipio": "Balneario Barra do Sul", "num_area": 0.8329, "mod_fiscal": 0.0694, "des_condic": "Aguardando analise", "ind_status": "AT", "dat_atuali": "02/12/2025"}, "geometry": {"type": "Polygon", "coordinates": [[[-48.63591134548187, -26.417791412088786], [-48.63443076610565, -26.41848802354267], [-48.634854555130005, -26.41900207205536], [-48.63556517062659, -26.41863587199796], [-48.63591134548187, -26.417791412088786]]]}}, {"type": "Feature", "properties": {"cod_imovel": "SC-4202057-17C1C9C461574B9287E09F69E3FB8910", "municipio": "Balneario Barra do Sul", "num_area": 5.5588, "mod_fiscal": 0.4632, "des_condic": "Aguardando analise", "ind_status": "AT", "dat_atuali": "28/11/2025"}, "geometry": {"type": "Polygon", "coordinates": [[[-48.63333371109914, -26.41806623019782], [-48.63441713773222, -26.41846728097032], [-48.6360180573841, -26.41772914608448], [-48.63644634179416, -26.41662311391433], [-48.63249316635083, -26.41669258050521], [-48.63333371109914, -26.41806623019782]]]}}, {"type": "Feature", "properties": {"cod_imovel": "SC-4202057-B2823A5E994F4AECAA5B0727B33E539C", "municipio": "Balneario Barra do Sul", "num_area": 1.5718, "mod_fiscal": 0.131, "des_condic": "Aguardando analise", "ind_status": "AT", "dat_atuali": "11/11/2025"}, "geometry": {"type": "Polygon", "coordinates": [[[-48.63634695817499, -26.43508005017043], [-48.63595653098697, -26.43534148836925], [-48.63646691341089, -26.43549886669112], [-48.63898354154602, -26.43531115655161], [-48.63923211775188, -26.43473690350522], [-48.63634695817499, -26.43508005017043]]]}}, {"type": "Feature", "properties": {"cod_imovel": "SC-4202057-A8EF0AA602B94353AF2AEAF00B5CD4F7", "municipio": "Balneario Barra do Sul", "num_area": 13.1596, "mod_fiscal": 1.0966, "des_condic": "Aguardando analise", "ind_status": "AT", "dat_atuali": "11/11/2025"}, "geometry": {"type": "Polygon", "coordinates": [[[-48.64633834493203, -26.42180567117353], [-48.63576540635827, -26.42680873579323], [-48.63551308483343, -26.42776985249649], [-48.64695201660711, -26.42284397789585], [-48.64633834493203, -26.42180567117353]]]}}, {"type": "Feature", "properties": {"cod_imovel": "SC-4202057-426EE289E6064B05A72AF897ED543A11", "municipio": "Balneario Barra do Sul", "num_area": 1.6964, "mod_fiscal": 0.1414, "des_condic": "Aguardando analise", "ind_status": "AT", "dat_atuali": "11/09/2025"}, "geometry": {"type": "Polygon", "coordinates": [[[-48.63306594105089, -26.41785639373471], [-48.62765224194576, -26.41942326465525], [-48.62723360631346, -26.41987597400822], [-48.6331867178259, -26.41804031252199], [-48.63306594105089, -26.41785639373471]]]}}, {"type": "Feature", "properties": {"cod_imovel": "SC-4202057-7246062CD5624DFFA95C3FAD868777D9", "municipio": "Balneario Barra do Sul", "num_area": 3.5901, "mod_fiscal": 0.2992, "des_condic": "Aguardando analise", "ind_status": "AT", "dat_atuali": "26/08/2025"}, "geometry": {"type": "Polygon", "coordinates": [[[-48.66303096453087, -26.38907087359495], [-48.66482208808891, -26.38972544928192], [-48.66449430586339, -26.39079858601942], [-48.6650880595898, -26.39107782117149], [-48.66590164473094, -26.39032748092658], [-48.66641655791311, -26.38936391686542], [-48.66646872221576, -26.3889743136043], [-48.66598970054454, -26.38871865984894], [-48.6654482551289, -26.38954604403464], [-48.66521747948178, -26.38966244020778], [-48.66472948845875, -26.3892380304062], [-48.66473617596727, -26.38890279947778], [-48.66547344970462, -26.38850599620198], [-48.66303096453087, -26.38907087359495]]]}}, {"type": "Feature", "properties": {"cod_imovel": "SC-4202057-DA222210FAA64FD5AB4078310A1DF234", "municipio": "Balneario Barra do Sul", "num_area": 32.6684, "mod_fiscal": 2.7224, "des_condic": "Cancelado por decisao administrativa", "ind_status": "CA", "dat_atuali": "12/05/2023"}, "geometry": {"type": "Polygon", "coordinates": [[[-48.61966581392856, -26.45459938482599], [-48.62313061595608, -26.46020964852793], [-48.6234825098102, -26.46024000507326], [-48.62381800540323, -26.46054931434493], [-48.6249821255094, -26.46050337245158], [-48.62542976138679, -26.46019629238562], [-48.62582222186672, -26.45974221159224], [-48.62581941075723, -26.4594477740901], [-48.62523770671946, -26.45945910873721], [-48.62505193132483, -26.45903048481957], [-48.62536994948421, -26.45881125613466], [-48.62583175856059, -26.45799586057622], [-48.62683083710481, -26.457555511773], [-48.62746902749377, -26.4568909190751], [-48.6277812364018, -26.45614412683892], [-48.62777905487182, -26.45584565012936], [-48.62748265028779, -26.45544471059694], [-48.62722366925538, -26.45558648583768], [-48.62716665528487, -26.45588913280417], [-48.62669350358723, -26.45645379753579], [-48.62623385505403, -26.45669377556323], [-48.62546559637501, -26.45599413778149], [-48.62540866572741, -26.45508030060389], [-48.62479690266032, -26.45413495348554], [-48.62442930429491, -26.45411010745197], [-48.62406565267082, -26.45444424619013], [-48.62378717449453, -26.45442815862394], [-48.62154020176835, -26.45380787736528], [-48.6209642001339, -26.45425890187455], [-48.61984425259591, -26.45290639781203], [-48.61964998355877, -26.45315153016586], [-48.61966581392856, -26.45459938482599]]]}}, {"type": "Feature", "properties": {"cod_imovel": "SC-4202057-D9D6FBE8AFDA4F2A84A6143B707F0269", "municipio": "Balneario Barra do Sul", "num_area": 6.5566, "mod_fiscal": 0.5464, "des_condic": "Aguardando analise", "ind_status": "AT", "dat_atuali": "04/06/2025"}, "geometry": {"type": "Polygon", "coordinates": [[[-48.65023412778121, -26.43342147054858], [-48.65007582330799, -26.43272758262863], [-48.63989417073649, -26.43629462130959], [-48.64003435268536, -26.4367674561713], [-48.65023412778121, -26.43342147054858]]]}}, {"type": "Feature", "properties": {"cod_imovel": "SC-4202057-21CAD618F1514952A8CF6D91AA128654", "municipio": "Balneario Barra do Sul", "num_area": 0.979, "mod_fiscal": 0.0816, "des_condic": "Aguardando analise", "ind_status": "AT", "dat_atuali": "04/06/2025"}, "geometry": {"type": "Polygon", "coordinates": [[[-48.632942984232095, -26.417659577170117], [-48.63283248905223, -26.41747744839371], [-48.62936924572714, -26.4183935276145], [-48.62943848846536, -26.418669907515326], [-48.632942984232095, -26.417659577170117]]]}}, {"type": "Feature", "properties": {"cod_imovel": "SC-4202057-B534267B55974ECCBA81D3D715605AF6", "municipio": "Balneario Barra do Sul", "num_area": 0.6592, "mod_fiscal": 0.0549, "des_condic": "Aguardando analise", "ind_status": "AT", "dat_atuali": "22/05/2025"}, "geometry": {"type": "Polygon", "coordinates": [[[-48.63431422273685, -26.41660939641299], [-48.63646633135896, -26.41663636934605], [-48.63657473396799, -26.41637567777211], [-48.63430418871004, -26.41633252454606], [-48.63431422273685, -26.41660939641299]]]}}, {"type": "Feature", "properties": {"cod_imovel": "SC-4202057-DD3D6788A0484D94A4A1808C8C98607B", "municipio": "Balneario Barra do Sul", "num_area": 0.4827, "mod_fiscal": 0.0402, "des_condic": "Aguardando analise", "ind_status": "AT", "dat_atuali": "27/11/2024"}, "geometry": {"type": "Polygon", "coordinates": [[[-48.66045977501937, -26.393904129705227], [-48.660196199090954, -26.394277571232596], [-48.66031045802037, -26.394605295422025], [-48.66085363422024, -26.394710694363003], [-48.661105772764834, -26.39426640680248], [-48.66045977501937, -26.393904129705227]]]}}, {"type": "Feature", "properties": {"cod_imovel": "SC-4202057-4ACB0EF5D16F4165A0EB8813695FD239", "municipio": "Balneario Barra do Sul", "num_area": 57.7404, "mod_fiscal": 4.8117, "des_condic": "Aguardando analise", "ind_status": "AT", "dat_atuali": "09/05/2023"}, "geometry": {"type": "Polygon", "coordinates": [[[-48.63845841803146, -26.45806021505489], [-48.63205460996291, -26.45639937127679], [-48.62903328191793, -26.46216279201679], [-48.62967296119946, -26.46279868718173], [-48.62980648605248, -26.46362214087633], [-48.62993420104067, -26.46375060587296], [-48.63054784201409, -26.46365249585746], [-48.63253647594227, -26.46299961680762], [-48.6331278499122, -26.46300942279272], [-48.63353326688019, -26.46328688078236], [-48.63390843711255, -26.46383662533946], [-48.63487103609689, -26.46415116228209], [-48.63576667908186, -26.46394363922787], [-48.63605691107711, -26.4640140932106], [-48.63763043805039, -26.46336233411487], [-48.63892543702431, -26.45866199902809], [-48.63845841803146, -26.45806021505489]]]}}, {"type": "Feature", "properties": {"cod_imovel": "SC-4202057-6FE3F3D3BE984E899E5DF906D94E744E", "municipio": "Balneario Barra do Sul", "num_area": 2.5652, "mod_fiscal": 0.2138, "des_condic": "Aguardando analise", "ind_status": "AT", "dat_atuali": "11/09/2024"}, "geometry": {"type": "Polygon", "coordinates": [[[-48.63343566656113, -26.442626613460906], [-48.63382190465927, -26.443135751159705], [-48.63782376050949, -26.44320779876554], [-48.63730877637863, -26.442540155892345], [-48.63343566656113, -26.442626613460906]]]}}, {"type": "Feature", "properties": {"cod_imovel": "SC-4202057-D3943B75CC1649D5A0CD0F7CE18AEF2D", "municipio": "Balneario Barra do Sul", "num_area": 0.0323, "mod_fiscal": 0.0027, "des_condic": "Aguardando analise", "ind_status": "AT", "dat_atuali": "06/09/2024"}, "geometry": {"type": "Polygon", "coordinates": [[[-48.61912863093513, -26.45680750111211], [-48.61899139881557, -26.45659090701289], [-48.61888692451558, -26.45663876527285], [-48.619024132174, -26.4568553744673], [-48.61912863093513, -26.45680750111211]]]}}, {"type": "Feature", "properties": {"cod_imovel": "SC-4202057-4761EBF5E4D54BD49B7FCE7FA6B7E7C4", "municipio": "Balneario Barra do Sul", "num_area": 49.2616, "mod_fiscal": 4.1051, "des_condic": "Aguardando analise", "ind_status": "AT", "dat_atuali": "07/06/2024"}, "geometry": {"type": "Polygon", "coordinates": [[[-48.656859397888184, -26.421774051177138], [-48.64475727081299, -26.427077617536412], [-48.646130561828606, -26.429075999546306], [-48.663897514343255, -26.42150502319415], [-48.66252422332764, -26.41985240895746], [-48.6604642868042, -26.420851666908085], [-48.65952014923096, -26.421543455801583], [-48.657588958740234, -26.421543455801583], [-48.656859397888184, -26.421774051177138]]]}}, {"type": "Feature", "properties": {"cod_imovel": "SC-4202057-EF938D7DA9DE48E6A422A6E782959B8B", "municipio": "Balneario Barra do Sul", "num_area": 1.8016, "mod_fiscal": 0.1501, "des_condic": "Aguardando analise", "ind_status": "AT", "dat_atuali": "10/04/2024"}, "geometry": {"type": "Polygon", "coordinates": [[[-48.65709371, -26.3929962], [-48.65909111, -26.3929633], [-48.65896263, -26.39208095], [-48.65746141, -26.39204838], [-48.65709371, -26.3929962]]]}}, {"type": "Feature", "properties": {"cod_imovel": "SC-4202057-2B7AF5098D3842C387D073234DD62A41", "municipio": "Balneario Barra do Sul", "num_area": 14.3628, "mod_fiscal": 1.1969, "des_condic": "Aguardando analise", "ind_status": "AT", "dat_atuali": "08/02/2024"}, "geometry": {"type": "Polygon", "coordinates": [[[-48.68592392, -26.3703939], [-48.68268028, -26.37840504], [-48.68436176, -26.37687795], [-48.6858325, -26.37503346], [-48.6868007, -26.37332476], [-48.6880198, -26.37050793], [-48.68592392, -26.3703939]]]}}, {"type": "Feature", "properties": {"cod_imovel": "SC-4202057-1B4FD832CE9246469FE1C4C60DC8F445", "municipio": "Balneario Barra do Sul", "num_area": 13.5434, "mod_fiscal": 1.1286, "des_condic": "Aguardando analise", "ind_status": "AT", "dat_atuali": "08/02/2024"}, "geometry": {"type": "Polygon", "coordinates": [[[-48.68464545, -26.3703253], [-48.6825766, -26.37520323], [-48.68061262, -26.37983349], [-48.68268028, -26.37840504], [-48.68592392, -26.3703939], [-48.68464545, -26.3703253]]]}}, {"type": "Feature", "properties": {"cod_imovel": "SC-4202057-B90870710C714AACB25ACB0966049424", "municipio": "Balneario Barra do Sul", "num_area": 1.3133, "mod_fiscal": 0.1094, "des_condic": "Aguardando analise", "ind_status": "AT", "dat_atuali": "12/12/2023"}, "geometry": {"type": "Polygon", "coordinates": [[[-48.63820184369161, -26.41669498591423], [-48.63805715231242, -26.41623485121492], [-48.63657141788916, -26.41637137425261], [-48.63429845964259, -26.41632330880145], [-48.63430318142133, -26.41660652927365], [-48.63820184369161, -26.41669498591423]]]}}, {"type": "Feature", "properties": {"cod_imovel": "SC-4202057-C56D9381BA1A4FE181CD33AB94DC30F9", "municipio": "Balneario Barra do Sul", "num_area": 57.6004, "mod_fiscal": 4.8, "des_condic": "Aguardando analise", "ind_status": "AT", "dat_atuali": "12/03/2023"}, "geometry": {"type": "Polygon", "coordinates": [[[-48.627333641052246, -26.416585543695295], [-48.62771987915038, -26.416085897320148], [-48.62776279449463, -26.415240336985192], [-48.62729072570801, -26.411858033660604], [-48.62724781036377, -26.407360954075905], [-48.62677574157715, -26.40666908012038], [-48.62621784210205, -26.40624626621641], [-48.62626075744629, -26.405439071733966], [-48.627119064331055, -26.40440124195969], [-48.62716197967529, -26.40301745440836], [-48.6267328262329, -26.40159521102355], [-48.625874519348145, -26.400518907082095], [-48.62596035003662, -26.39905819282207], [-48.62553119659424, -26.397482138283053], [-48.624930381774895, -26.397443697659607], [-48.624372482299805, -26.39836626908896], [-48.62317085266113, -26.40174896791013], [-48.62261295318603, -26.403901542813568], [-48.62261295318603, -26.404939377081842], [-48.623085021972656, -26.406476892174272], [-48.6234712600708, -26.40643845454664], [-48.62360000610351, -26.40674595520921], [-48.62351417541504, -26.408590941975476], [-48.623943328857415, -26.409321241086946], [-48.62480163574219, -26.41166585435788], [-48.62544536590576, -26.41251144089515], [-48.62578868865967, -26.414125725254706], [-48.627333641052246, -26.416585543695295]]]}}, {"type": "Feature", "properties": {"cod_imovel": "SC-4202057-4B65D540455D432A910D3CFED5FB9847", "municipio": "Balneario Barra do Sul", "num_area": 130.0006, "mod_fiscal": 10.8333, "des_condic": "Aguardando analise", "ind_status": "AT", "dat_atuali": "28/07/2021"}, "geometry": {"type": "Polygon", "coordinates": [[[-48.67924460121522, -26.38305426744801], [-48.68293478610498, -26.3742952702983], [-48.6795553125737, -26.37281767626168], [-48.68123855320418, -26.37014742196925], [-48.67103135253566, -26.36956204725402], [-48.66885699881345, -26.36858510853288], [-48.66847370135041, -26.36922716450776], [-48.66759330312374, -26.36943394048066], [-48.66485241492487, -26.37106181180709], [-48.6722562339707, -26.37582801759288], [-48.67924460121522, -26.38305426744801]]]}}, {"type": "Feature", "properties": {"cod_imovel": "SC-4202057-6D69E5AE927741C4A7D5072BD1E65F67", "municipio": "Balneario Barra do Sul", "num_area": 0.4629, "mod_fiscal": 0.0386, "des_condic": "Aguardando analise", "ind_status": "AT", "dat_atuali": "05/08/2022"}, "geometry": {"type": "Polygon", "coordinates": [[[-48.63596790666272, -26.42152090474144], [-48.63575092704448, -26.42102002007508], [-48.63527030572908, -26.42122302492976], [-48.63528150218736, -26.42157861644662], [-48.63478755239023, -26.42208151381362], [-48.63596790666272, -26.42152090474144]]]}}, {"type": "Feature", "properties": {"cod_imovel": "SC-4202057-65BB0B27D36E4D82BD6275CDE32EE1BB", "municipio": "Balneario Barra do Sul", "num_area": 0.395, "mod_fiscal": 0.0329, "des_condic": "Aguardando analise", "ind_status": "AT", "dat_atuali": "29/08/2022"}, "geometry": {"type": "Polygon", "coordinates": [[[-48.63574947701744, -26.42101980837662], [-48.63553626685523, -26.42052510903154], [-48.6347463719042, -26.42080312642727], [-48.63527030572908, -26.42122302492976], [-48.63574947701744, -26.42101980837662]]]}}, {"type": "Feature", "properties": {"cod_imovel": "SC-4202057-0A50844879724EFBA0415D813C7BC5DB", "municipio": "Balneario Barra do Sul", "num_area": 3.4627, "mod_fiscal": 0.2886, "des_condic": "Aguardando analise", "ind_status": "AT", "dat_atuali": "19/05/2022"}, "geometry": {"type": "Polygon", "coordinates": [[[-48.6339867175, -26.4183792163889], [-48.6334509447223, -26.4182971361111], [-48.6308469841667, -26.4191730216667], [-48.6335504736111, -26.4202359380555], [-48.6338012111111, -26.42017868], [-48.6338392897222, -26.4194372836111], [-48.6336743375, -26.4191356302778], [-48.6337358194444, -26.4187223544444], [-48.6339867175, -26.4183792163889]]]}}, {"type": "Feature", "properties": {"cod_imovel": "SC-4202057-BA0AEFF213A14BD98DF6B7E637F0FBE3", "municipio": "Balneario Barra do Sul", "num_area": 1.7486, "mod_fiscal": 0.1457, "des_condic": "Aguardando analise", "ind_status": "AT", "dat_atuali": "10/12/2022"}, "geometry": {"type": "Polygon", "coordinates": [[[-48.62933992034131, -26.4192268942678], [-48.62919013470747, -26.419718660127], [-48.63345489205563, -26.41829291259981], [-48.63318737720888, -26.41804041639403], [-48.62933992034131, -26.4192268942678]]]}}, {"type": "Feature", "properties": {"cod_imovel": "SC-4202057-63C0EF75A7B84895BD16E70B00E8669F", "municipio": "Balneario Barra do Sul", "num_area": 24.4786, "mod_fiscal": 2.0399, "des_condic": "Aguardando analise", "ind_status": "AT", "dat_atuali": "19/06/2023"}, "geometry": {"type": "Polygon", "coordinates": [[[-48.62901490824785, -26.45560293929524], [-48.62738098327082, -26.45525887084221], [-48.62796485490436, -26.45573274139078], [-48.62799841559574, -26.45625682336656], [-48.6277358477595, -26.45682155870975], [-48.62702279092273, -26.45762965405845], [-48.6258973817426, -26.45816234129628], [-48.62528952072706, -26.45910713131059], [-48.62535077140787, -26.45933052907065], [-48.62597650949338, -26.45942223662855], [-48.62602978275561, -26.45972294675736], [-48.62554237370458, -26.46030269978133], [-48.62503946652076, -26.46062895694912], [-48.62417062026965, -26.46076567902771], [-48.62324892464535, -26.46041214027174], [-48.62381205040077, -26.46131970577354], [-48.62452161990501, -26.46200721537195], [-48.62527708362371, -26.46245908440248], [-48.62551757142327, -26.46386239487234], [-48.62718735627239, -26.46377172053436], [-48.62787380429474, -26.46393216629231], [-48.62812285382653, -26.46372444336899], [-48.6279302976416, -26.46330776962081], [-48.62821131500304, -26.46234040244775], [-48.62901490824785, -26.45560293929524]]]}}, {"type": "Feature", "properties": {"cod_imovel": "SC-4202057-AECF4098B0E94BE6866B30517CD8323A", "municipio": "Balneario Barra do Sul", "num_area": 9.2888, "mod_fiscal": 0.7741, "des_condic": "Aguardando analise", "ind_status": "AT", "dat_atuali": "06/09/2023"}, "geometry": {"type": "Polygon", "coordinates": [[[-48.63079895775336, -26.40846478390218], [-48.63092232718615, -26.40919140839214], [-48.63043520453627, -26.40930509374405], [-48.63066758291749, -26.40977748574851], [-48.63142623073977, -26.40960814172798], [-48.63186772860008, -26.41056389400327], [-48.63514109483355, -26.41007975008146], [-48.63492035855717, -26.40802684040679], [-48.63079895775336, -26.40846478390218]]]}}, {"type": "Feature", "properties": {"cod_imovel": "SC-4202057-C96380DB17F544E6B2A050FA3089C5D8", "municipio": "Balneario Barra do Sul", "num_area": 2.4176, "mod_fiscal": 0.2015, "des_condic": "Aguardando analise", "ind_status": "AT", "dat_atuali": "23/08/2023"}, "geometry": {"type": "Polygon", "coordinates": [[[-48.63029052791463, -26.40771058079365], [-48.6303011662799, -26.40850175772519], [-48.63492035855714, -26.40802684040679], [-48.63490506257773, -26.40788617568394], [-48.63029052791463, -26.40771058079365]]]}}, {"type": "Feature", "properties": {"cod_imovel": "SC-4202057-0E2C1E2A2CBA485DB7CEC007C6397F15", "municipio": "Balneario Barra do Sul", "num_area": 3.9739, "mod_fiscal": 0.3312, "des_condic": "Aguardando analise", "ind_status": "AT", "dat_atuali": "07/08/2023"}, "geometry": {"type": "Polygon", "coordinates": [[[-48.66467343704237, -26.39627722730069], [-48.66577656493523, -26.39485502008163], [-48.66352395654687, -26.39405886018293], [-48.66310416655048, -26.39569895936744], [-48.66353682483576, -26.3958919593257], [-48.66371652773442, -26.39620835744014], [-48.66467343704237, -26.39627722730069]]]}}, {"type": "Feature", "properties": {"cod_imovel": "SC-4202057-78BCC0C81C2B48DC8DC3AEDB4E862AB1", "municipio": "Balneario Barra do Sul", "num_area": 1.6632, "mod_fiscal": 0.1386, "des_condic": "Aguardando analise", "ind_status": "AT", "dat_atuali": "04/07/2023"}, "geometry": {"type": "Polygon", "coordinates": [[[-48.63517781666669, -26.4104291797981], [-48.6332623111111, -26.410728768687], [-48.6313077666667, -26.411026168687], [-48.63148967222219, -26.4113885631314], [-48.63417787222221, -26.4109892409092], [-48.6352197027778, -26.4108274631315], [-48.63517781666669, -26.4104291797981]]]}}, {"type": "Feature", "properties": {"cod_imovel": "SC-4202057-F9325B6A2B27409DB42104DCCD2D4DDD", "municipio": "Balneario Barra do Sul", "num_area": 13.8087, "mod_fiscal": 1.1507, "des_condic": "Aguardando analise", "ind_status": "AT", "dat_atuali": "19/06/2023"}, "geometry": {"type": "Polygon", "coordinates": [[[-48.63206419591481, -26.45638805482422], [-48.62900869931672, -26.45560738547382], [-48.62822876514527, -26.46192000166067], [-48.62844313798753, -26.46173206968346], [-48.62881348193714, -26.46181689808532], [-48.62903415271681, -26.46217312566879], [-48.63206419591481, -26.45638805482422]]]}}, {"type": "Feature", "properties": {"cod_imovel": "SC-4202057-2EE82AD32D2E4D77BE63854728A455E4", "municipio": "Balneario Barra do Sul", "num_area": 3.7739, "mod_fiscal": 0.3145, "des_condic": "Aguardando analise", "ind_status": "AT", "dat_atuali": "27/12/2018"}, "geometry": {"type": "Polygon", "coordinates": [[[-48.63033389294456, -26.4074795462382], [-48.63034018410916, -26.40849510979202], [-48.6350201785512, -26.40803884171621], [-48.63486341748966, -26.40757872460407], [-48.63033389294456, -26.4074795462382]]]}}, {"type": "Feature", "properties": {"cod_imovel": "SC-4202057-89C4DDC632194C8A97F245590537F6AD", "municipio": "Balneario Barra do Sul", "num_area": 8.3746, "mod_fiscal": 0.6979, "des_condic": "Aguardando analise", "ind_status": "AT", "dat_atuali": "09/06/2016"}, "geometry": {"type": "Polygon", "coordinates": [[[-48.66815673247319, -26.37098794931429], [-48.66606866531868, -26.37191912648004], [-48.66901800764732, -26.37373484592167], [-48.67065855095058, -26.37146221693762], [-48.66909058899228, -26.37053397695703], [-48.66835781648915, -26.370892682379], [-48.66762934751251, -26.36980705871202], [-48.6674023473774, -26.36981845647138], [-48.66815673247319, -26.37098794931429]]]}}, {"type": "Feature", "properties": {"cod_imovel": "SC-4202057-C40DDC6BBCD148C09710C300662C2338", "municipio": "Balneario Barra do Sul", "num_area": 6.1116, "mod_fiscal": 0.5093, "des_condic": "Aguardando analise", "ind_status": "AT", "dat_atuali": "11/01/2019"}, "geometry": {"type": "Polygon", "coordinates": [[[-48.6415673829434, -26.418120820118], [-48.63565818413449, -26.42046809885166], [-48.63607639667295, -26.42146401897769], [-48.64178795621323, -26.41874885659642], [-48.6415673829434, -26.418120820118]]]}}, {"type": "Feature", "properties": {"cod_imovel": "SC-4202057-08F8E2E7C543421EB5163967E7464CFB", "municipio": "Balneario Barra do Sul", "num_area": 8.8468, "mod_fiscal": 0.7372, "des_condic": "Aguardando analise", "ind_status": "AT", "dat_atuali": "13/04/2016"}, "geometry": {"type": "Polygon", "coordinates": [[[-48.64228963851929, -26.434110231421982], [-48.64323496371267, -26.43470868342961], [-48.64946973475821, -26.43193795412054], [-48.648834228515625, -26.4307861258733], [-48.64228963851929, -26.434110231421982]]]}}, {"type": "Feature", "properties": {"cod_imovel": "SC-4202057-6526DC8C6B3D463B97D7BA91A4BE992E", "municipio": "Balneario Barra do Sul", "num_area": 15.3986, "mod_fiscal": 1.2832, "des_condic": "Aguardando analise", "ind_status": "AT", "dat_atuali": "20/05/2016"}, "geometry": {"type": "Polygon", "coordinates": [[[-48.63512277603149, -26.41199255898203], [-48.628599643707275, -26.412915014102897], [-48.62894296646118, -26.414567727746867], [-48.63572359085083, -26.414452422912206], [-48.63512277603149, -26.41199255898203]]]}}, {"type": "Feature", "properties": {"cod_imovel": "SC-4202057-9A56EA93C55A484D88759BB4D84A49A1", "municipio": "Balneario Barra do Sul", "num_area": 902.3633, "mod_fiscal": 75.1969, "des_condic": "Aguardando analise", "ind_status": "AT", "dat_atuali": "29/03/2017"}, "geometry": {"type": "Polygon", "coordinates": [[[-48.647323830062724, -26.45088361908584], [-48.64700203360623, -26.45043213257915], [-48.646646870136934, -26.450558848540773], [-48.64667705810806, -26.45021188715792], [-48.646937146143955, -26.450072115342664], [-48.64647499847707, -26.44987409427159], [-48.64639981052078, -26.44968863646264], [-48.646141338134655, -26.449759341982908], [-48.64598355655196, -26.449595494113044], [-48.646160492338026, -26.449310284210167], [-48.63967127749348, -26.449921751683828], [-48.63806896181094, -26.45047326359976], [-48.638657272448434, -26.45096843713437], [-48.63949537609954, -26.45288248325033], [-48.64015047260894, -26.45325827184974], [-48.6406461150483, -26.45380508090937], [-48.637622240694384, -26.46334822293461], [-48.63934008711916, -26.46243023651568], [-48.64072633471883, -26.462160892279314], [-48.641209990805976, -26.4619153951651], [-48.64240516193469, -26.461815058284184], [-48.643548847838346, -26.46099488873898], [-48.64414220429903, -26.461202526882058], [-48.64454045567117, -26.461558986836696], [-48.622383864131045, -26.47276889331041], [-48.63351892693075, -26.49064276066143], [-48.65094884341117, -26.483265639226147], [-48.65105604495838, -26.48333216755067], [-48.65095148789863, -26.483649946122515], [-48.65047167613095, -26.484440182073982], [-48.650683192535745, -26.485160701994417], [-48.659806435847315, -26.478386744413292], [-48.65755911876271, -26.475812006346455], [-48.66560876124372, -26.47003165649281], [-48.66318845650128, -26.46709471314151], [-48.65536430891784, -26.471725738165734], [-48.650072369106994, -26.47590016462004], [-48.6495819141101, -26.475975617049272], [-48.64900266969269, -26.4763043900753], [-48.647415723967356, -26.478452861730926], [-48.64688702331099, -26.47857862146059], [-48.64588718841091, -26.47828515256204], [-48.645752964361094, -26.477706571842607], [-48.64592527484379, -26.476521062361236], [-48.653214182294946, -26.470587715125436], [-48.65016122512835, -26.46694075094648], [-48.65036548156031, -26.46522821639257], [-48.658146409064166, -26.45851340097318], [-48.657913269530034, -26.45807691376036], [-48.65762823098776, -26.4580777910965], [-48.657536401734774, -26.45771412598646], [-48.657145422016285, -26.45808481957055], [-48.65697348626731, -26.457697321365828], [-48.65675069188141, -26.45772420591913], [-48.656708279567795, -26.457896903309223], [-48.655946145744466, -26.45774650489754], [-48.65621578559096, -26.45755975810884], [-48.65630003361161, -26.457190808739547], [-48.655703137324565, -26.457235592789456], [-48.6553568506641, -26.457515826776937], [-48.65487234530894, -26.456955860496755], [-48.65413895594075, -26.456655781091655], [-48.654103007697586, -26.456865440587976], [-48.65387436609154, -26.456894111695263], [-48.65362235375531, -26.45667789968884], [-48.653372959975485, -26.456694419299705], [-48.65330914084925, -26.45631861215848], [-48.65277901454763, -26.45649157156307], [-48.65296507553457, -26.45601535931613], [-48.65225529122524, -26.45615485677619], [-48.6521623477375, -26.45596216054357], [-48.65190133259192, -26.456045447023588], [-48.65178773212083, -26.45586439748998], [-48.65156285169127, -26.45626323809175], [-48.651264517380305, -26.456328478416136], [-48.65093859378105, -26.456076051237126], [-48.65104954426835, -26.45529510887917], [-48.650769788396765, -26.45547403004703], [-48.65054436512547, -26.455070749159713], [-48.650828961550864, -26.454694569824117], [-48.6499486931919, -26.45455355486842], [-48.65022998383582, -26.45406405719017], [-48.649429590636615, -26.454417572908156], [-48.64915018092029, -26.453614928011408], [-48.654874042859994, -26.451104652161767], [-48.65328224367474, -26.448703582184752], [-48.647323830062724, -26.45088361908584]]]}}, {"type": "Feature", "properties": {"cod_imovel": "SC-4202057-4C8EF1223F0F4DEFBC93D67971FF980A", "municipio": "Balneario Barra do Sul", "num_area": 4.2756, "mod_fiscal": 0.3563, "des_condic": "Aguardando analise", "ind_status": "AT", "dat_atuali": "16/03/2017"}, "geometry": {"type": "Polygon", "coordinates": [[[-48.64091634750366, -26.415163467556482], [-48.63817145621985, -26.41252236121732], [-48.63746924980831, -26.41362762547614], [-48.64027261734009, -26.415701552481785], [-48.64091634750366, -26.415163467556482]]]}}, {"type": "Feature", "properties": {"cod_imovel": "SC-4202057-0E6553524DE3424EB8C1150CA9CCCD04", "municipio": "Balneario Barra do Sul", "num_area": 15.7923, "mod_fiscal": 1.316, "des_condic": "Aguardando analise", "ind_status": "AT", "dat_atuali": "08/06/2015"}, "geometry": {"type": "Polygon", "coordinates": [[[-48.65256636, -26.4271796], [-48.63824029, -26.43366586], [-48.63869053, -26.434472], [-48.65301217, -26.42797764], [-48.65256636, -26.4271796]]]}}, {"type": "Feature", "properties": {"cod_imovel": "SC-4202057-1A19D3C32A8240A8B879C84574FF1142", "municipio": "Balneario Barra do Sul", "num_area": 20.0179, "mod_fiscal": 1.6682, "des_condic": "Aguardando analise", "ind_status": "AT", "dat_atuali": "13/04/2016"}, "geometry": {"type": "Polygon", "coordinates": [[[-48.64472969799648, -26.4326603703013], [-48.64898767668738, -26.43050921815282], [-48.65067958831787, -26.43309187401245], [-48.65291118621826, -26.431919791139176], [-48.650336265563965, -26.428115243288488], [-48.64374876022339, -26.431670001445113], [-48.64472969799648, -26.4326603703013]]]}}, {"type": "Feature", "properties": {"cod_imovel": "SC-4202057-0F78B3A1E4FE41A28CD7D0CAF7297FD0", "municipio": "Balneario Barra do Sul", "num_area": 12.3149, "mod_fiscal": 1.0262, "des_condic": "Aguardando analise", "ind_status": "AT", "dat_atuali": "02/05/2016"}, "geometry": {"type": "Polygon", "coordinates": [[[-48.64060109, -26.43066101], [-48.64070888, -26.43086032], [-48.63909969, -26.43162362], [-48.63941306, -26.43232762], [-48.64906343, -26.42793269], [-48.64845638, -26.42689298], [-48.64060109, -26.43066101]]]}}, {"type": "Feature", "properties": {"cod_imovel": "SC-4202057-AFC5A8BA08424700AEE4FA8635013B26", "municipio": "Balneario Barra do Sul", "num_area": 541.3386, "mod_fiscal": 45.1113, "des_condic": "Aguardando analise", "ind_status": "AT", "dat_atuali": "03/05/2016"}, "geometry": {"type": "Polygon", "coordinates": [[[-48.660429586409066, -26.39605541576371], [-48.65235129424192, -26.396093130755236], [-48.65117153461426, -26.396222641175928], [-48.65028772479034, -26.397081354619072], [-48.65071562103712, -26.397338743481136], [-48.64636902595137, -26.402653492407882], [-48.64903431753937, -26.40443777817807], [-48.64802042103257, -26.407575340332105], [-48.64991288291333, -26.41036204396566], [-48.64435511412209, -26.413391853102617], [-48.64084786662786, -26.41550678507341], [-48.642539692662304, -26.42002607622022], [-48.64471614600144, -26.418890718611355], [-48.64633729088973, -26.421632183383263], [-48.64396022739714, -26.42275362061567], [-48.64616599699641, -26.42640810625937], [-48.66356725282702, -26.41889374421438], [-48.661095134691045, -26.416974085150628], [-48.658151735069666, -26.413111345764925], [-48.656742252643454, -26.412080277663698], [-48.655581963751054, -26.413831484480237], [-48.6533725321657, -26.413135910369924], [-48.65929860559575, -26.40449068003996], [-48.65908863374023, -26.40426635790231], [-48.659229901313985, -26.403772278433486], [-48.65867211544829, -26.402420305364835], [-48.65896866244933, -26.402538924885015], [-48.65913242963812, -26.402365027329562], [-48.679185840904076, -26.4076692861481], [-48.679461890121196, -26.399909396581776], [-48.66629862843314, -26.395088786022637], [-48.665702342720444, -26.396721797326144], [-48.665621869756066, -26.397282900323013], [-48.66579352419704, -26.397578657093394], [-48.66523776299932, -26.39814722878062], [-48.66506722847695, -26.399197206140958], [-48.66476874278194, -26.399799487297052], [-48.66094624811477, -26.39847787124015], [-48.662538153372076, -26.397642770276512], [-48.662682487137836, -26.39699546524061], [-48.662532280894936, -26.396738140280995], [-48.66173003794413, -26.39643101436225], [-48.66171316872128, -26.395929677016547], [-48.660429586409066, -26.39605541576371]]]}}, {"type": "Feature", "properties": {"cod_imovel": "SC-4202057-815DD955B45E4B51B9FC606A6FE54978", "municipio": "Balneario Barra do Sul", "num_area": 16.8441, "mod_fiscal": 1.4037, "des_condic": "Aguardando analise", "ind_status": "AT", "dat_atuali": "25/05/2017"}, "geometry": {"type": "Polygon", "coordinates": [[[-48.63910558696019, -26.41354685225167], [-48.64056401260961, -26.41528162327045], [-48.64102536223083, -26.41538062417758], [-48.6444934787663, -26.4134624762598], [-48.64294230743474, -26.41028998598497], [-48.64067320889086, -26.41148061834251], [-48.64008312814312, -26.41243931757957], [-48.63910558696019, -26.41354685225167]]]}}, {"type": "Feature", "properties": {"cod_imovel": "SC-4202057-42CC2D4389684DE8B3F4527F5E741D9B", "municipio": "Balneario Barra do Sul", "num_area": 0.964, "mod_fiscal": 0.0803, "des_condic": "Aguardando analise", "ind_status": "AT", "dat_atuali": "28/04/2016"}, "geometry": {"type": "Polygon", "coordinates": [[[-48.63612677346822, -26.41764033476879], [-48.63827251603331, -26.41665482527023], [-48.63656065407946, -26.41662857795831], [-48.63612677346822, -26.41764033476879]]]}}, {"type": "Feature", "properties": {"cod_imovel": "SC-4202057-3266DF1483D542A8B87DF972B7DC056C", "municipio": "Balneario Barra do Sul", "num_area": 1.6643, "mod_fiscal": 0.1387, "des_condic": "Aguardando analise", "ind_status": "AT", "dat_atuali": "20/05/2016"}, "geometry": {"type": "Polygon", "coordinates": [[[-48.63523006439209, -26.410570426219213], [-48.63147497177124, -26.41135836680762], [-48.631582260131836, -26.411646636410005], [-48.63550901412964, -26.410993224277213], [-48.63523006439209, -26.410570426219213]]]}}, {"type": "Feature", "properties": {"cod_imovel": "SC-4202057-551D645B5ABC4033814DA3A09801A5BD", "municipio": "Balneario Barra do Sul", "num_area": 70.7889, "mod_fiscal": 5.8991, "des_condic": "Aguardando analise", "ind_status": "AT", "dat_atuali": "14/08/2017"}, "geometry": {"type": "Polygon", "coordinates": [[[-48.639886379241936, -26.44828944288833], [-48.65276098251343, -26.447098302566786], [-48.65271806716918, -26.444254885550937], [-48.65464925765991, -26.44398591003738], [-48.65276098251343, -26.442641023049358], [-48.649842739105225, -26.439759069493984], [-48.64804029464722, -26.44041231861804], [-48.64718198776245, -26.43902896314895], [-48.64147424697876, -26.441795657478153], [-48.64177465438843, -26.44248732067961], [-48.650057315826416, -26.441565102154875], [-48.65050792694092, -26.444216460516024], [-48.64228963851929, -26.444908109183494], [-48.63954305648803, -26.445522904512742], [-48.639886379241936, -26.44828944288833]]]}}, {"type": "Feature", "properties": {"cod_imovel": "SC-4202057-6B3F82550FDD4E75A61C6448D2B58A7E", "municipio": "Balneario Barra do Sul", "num_area": 9.3482, "mod_fiscal": 0.779, "des_condic": "Aguardando analise", "ind_status": "AT", "dat_atuali": "20/04/2015"}, "geometry": {"type": "Polygon", "coordinates": [[[-48.650400638580315, -26.44156510215489], [-48.64402770996094, -26.442218341039137], [-48.64149570465088, -26.442910001702998], [-48.641602993011475, -26.443178979728604], [-48.643062114715576, -26.443025278076593], [-48.643620014190674, -26.443255830477728], [-48.65057229995727, -26.44271787415734], [-48.650400638580315, -26.44156510215489]]]}}, {"type": "Feature", "properties": {"cod_imovel": "SC-4202057-9196618BAF184DCABB88DBAEFB218CAE", "municipio": "Balneario Barra do Sul", "num_area": 8.4048, "mod_fiscal": 0.7004, "des_condic": "Aguardando analise", "ind_status": "AT", "dat_atuali": "04/05/2016"}, "geometry": {"type": "Polygon", "coordinates": [[[-48.6313247680664, -26.412396134005032], [-48.63123893737793, -26.41166585435788], [-48.630852699279785, -26.410935570087805], [-48.630080223083496, -26.410935570087805], [-48.62995147705078, -26.41032059027481], [-48.630595207214355, -26.41020528119491], [-48.630080223083496, -26.40889843690162], [-48.62836360931396, -26.409013747287645], [-48.628621101379395, -26.412549876499565], [-48.6313247680664, -26.412396134005032]]]}}, {"type": "Feature", "properties": {"cod_imovel": "SC-4202057-B9E095A55F724BA0A8A70281B4EB6649", "municipio": "Balneario Barra do Sul", "num_area": 3.4939, "mod_fiscal": 0.2912, "des_condic": "Aguardando analise", "ind_status": "AT", "dat_atuali": "04/05/2015"}, "geometry": {"type": "Polygon", "coordinates": [[[-48.632140159606934, -26.430094392437166], [-48.632118701934814, -26.42888384893533], [-48.629393577575684, -26.42897992428085], [-48.62947940826416, -26.430113607310886], [-48.632140159606934, -26.430094392437166]]]}}, {"type": "Feature", "properties": {"cod_imovel": "SC-4202057-BA2A2FBA296148E38A4591C21EDD2E75", "municipio": "Balneario Barra do Sul", "num_area": 16.831, "mod_fiscal": 1.4026, "des_condic": "Aguardando analise", "ind_status": "AT", "dat_atuali": "22/02/2016"}, "geometry": {"type": "Polygon", "coordinates": [[[-48.638126850128174, -26.428076812871623], [-48.6379337310791, -26.42976773909379], [-48.648061752319336, -26.42484861211965], [-48.647353649139404, -26.423657229483513], [-48.638126850128174, -26.428076812871623]]]}}, {"type": "Feature", "properties": {"cod_imovel": "SC-4202057-DF00BE2B94294CC1AEDD37614E8B4854", "municipio": "Balneario Barra do Sul", "num_area": 1373.9901, "mod_fiscal": 114.4981, "des_condic": "Aguardando analise", "ind_status": "AT", "dat_atuali": "04/05/2016"}, "geometry": {"type": "Polygon", "coordinates": [[[-48.65091782937048, -26.48328478640591], [-48.63351394244844, -26.4906377691658], [-48.63194815354481, -26.48814233847352], [-48.62323674089851, -26.49196792049115], [-48.63184867289099, -26.50674070871474], [-48.63925753832321, -26.52131828259012], [-48.64399054710938, -26.53124763935201], [-48.64321382188125, -26.52792314747867], [-48.64210924027249, -26.52580055466578], [-48.6419397310733, -26.52454349268474], [-48.64225472504888, -26.52424713557566], [-48.64317492308315, -26.52440928343848], [-48.64494492890284, -26.53100613497001], [-48.6457104707136, -26.53158195751447], [-48.64616342722854, -26.53249293023788], [-48.64656915072256, -26.53287500372464], [-48.64614374748756, -26.5309101613608], [-48.64621135662409, -26.5306234567754], [-48.64678868502883, -26.53058212290538], [-48.64820608377384, -26.53326564433597], [-48.64810539671538, -26.53438597369895], [-48.67670915972602, -26.51151247910312], [-48.67645168866218, -26.51116042536723], [-48.67610660558459, -26.51112599020565], [-48.67636584895859, -26.51052373345835], [-48.67600724938357, -26.51011508113312], [-48.67576755576502, -26.51015979775204], [-48.6755600647787, -26.50996703635405], [-48.67576944785835, -26.50989575668942], [-48.67525550549056, -26.50973950298814], [-48.67525869916511, -26.50947270112153], [-48.67510761139833, -26.50939815052507], [-48.6752324871321, -26.50921677830234], [-48.67496971514228, -26.50897107796889], [-48.67440389623111, -26.5089329802545], [-48.67410876594921, -26.50828216219626], [-48.67328308164775, -26.50865308362568], [-48.67318605111007, -26.50823565485273], [-48.67284574848514, -26.50800399298741], [-48.67322606775708, -26.50776040023425], [-48.67308790336437, -26.50764717388586], [-48.67313398809112, -26.50715411941437], [-48.672931665545, -26.50719300289341], [-48.6728939981832, -26.50735535183657], [-48.67261552710482, -26.5069211706533], [-48.67177668488039, -26.50671993426024], [-48.67149823527586, -26.50690339983078], [-48.67147523356072, -26.50668683413501], [-48.6711331652944, -26.50668564609476], [-48.67085542827445, -26.50679553775652], [-48.67098637565918, -26.50706530384071], [-48.67085439329696, -26.50769998161941], [-48.67037024811783, -26.50790936713682], [-48.67030380636444, -26.50758818300788], [-48.66915619574464, -26.50743039303677], [-48.66884332252882, -26.50762425309874], [-48.66881103697371, -26.50790160022563], [-48.66773403449735, -26.50820708417723], [-48.66754262313197, -26.50772832235363], [-48.66688679883571, -26.50791228009275], [-48.66669345676076, -26.50780350627963], [-48.6665058531615, -26.50806774640756], [-48.66618915854811, -26.50808144335919], [-48.6661235813336, -26.50852688999474], [-48.66494232413083, -26.508419674374], [-48.66452407294833, -26.50770185844083], [-48.66434001978107, -26.50698325253187], [-48.66377996229981, -26.50622438891958], [-48.66180458107693, -26.50509216138829], [-48.66108392456005, -26.50421851069878], [-48.65846006892856, -26.50312014484427], [-48.65805391936342, -26.50255622718896], [-48.65786384852175, -26.50108171290728], [-48.65705198116543, -26.49915709708198], [-48.6556818040618, -26.49854669520992], [-48.65514366642823, -26.4976803994095], [-48.65479597935652, -26.49405120262411], [-48.65378395186876, -26.49221973429303], [-48.65369229920179, -26.49162147338228], [-48.65303641012439, -26.49037013112989], [-48.65295751607583, -26.48890110800771], [-48.65241419974866, -26.48835518629485], [-48.65161958053011, -26.48709928504598], [-48.65038787059893, -26.48477459049937], [-48.65037954641024, -26.48421120524566], [-48.65085316934221, -26.48362397440162], [-48.65091782937048, -26.48328478640591]]]}}, {"type": "Feature", "properties": {"cod_imovel": "SC-4202057-FD6B63A101334298A5D6E665350F5E60", "municipio": "Balneario Barra do Sul", "num_area": 5.5535, "mod_fiscal": 0.4628, "des_condic": "Aguardando analise", "ind_status": "AT", "dat_atuali": "28/04/2016"}, "geometry": {"type": "Polygon", "coordinates": [[[-48.63021326840993, -26.40672410780907], [-48.63023667595171, -26.4078279342978], [-48.63431222451209, -26.40801495221838], [-48.63443330175669, -26.4066995995768], [-48.63021326840993, -26.40672410780907]]]}}, {"type": "Feature", "properties": {"cod_imovel": "SC-4202057-2426814933FC422E8630D2B5FD2BFAE6", "municipio": "Balneario Barra do Sul", "num_area": 2.0837, "mod_fiscal": 0.1736, "des_condic": "Aguardando analise", "ind_status": "AT", "dat_atuali": "02/07/2015"}, "geometry": {"type": "Polygon", "coordinates": [[[-48.65379095077515, -26.47164867223187], [-48.65312576293945, -26.470630646729465], [-48.65200996398926, -26.471360552720512], [-48.652589321136475, -26.472589857607744], [-48.65379095077515, -26.47164867223187]]]}}, {"type": "Feature", "properties": {"cod_imovel": "SC-4202057-3B024643061A4CE790E4D01BF287A7B5", "municipio": "Balneario Barra do Sul", "num_area": 9.054, "mod_fiscal": 0.7545, "des_condic": "Aguardando analise", "ind_status": "AT", "dat_atuali": "01/05/2016"}, "geometry": {"type": "Polygon", "coordinates": [[[-48.6394149, -26.43232679], [-48.63912897, -26.43304492], [-48.63932671, -26.43317357], [-48.64944791, -26.42859121], [-48.64906343, -26.42793269], [-48.6394149, -26.43232679]]]}}, {"type": "Feature", "properties": {"cod_imovel": "SC-4202057-1206D466B0CB4807B1A70C95F0F62A1E", "municipio": "Balneario Barra do Sul", "num_area": 1.7531, "mod_fiscal": 0.1461, "des_condic": "Aguardando analise", "ind_status": "AT", "dat_atuali": "27/06/2019"}, "geometry": {"type": "Polygon", "coordinates": [[[-48.63173201588321, -26.4154385236206], [-48.63194034268933, -26.41591935076732], [-48.6349710067982, -26.4153051613741], [-48.6347626679348, -26.41482433783706], [-48.63173201588321, -26.4154385236206]]]}}, {"type": "Feature", "properties": {"cod_imovel": "SC-4202057-214EC14751CF4B09AF33343D782BD7D7", "municipio": "Balneario Barra do Sul", "num_area": 35.0822, "mod_fiscal": 2.9235, "des_condic": "Aguardando analise", "ind_status": "AT", "dat_atuali": "04/11/2016"}, "geometry": {"type": "Polygon", "coordinates": [[[-48.6695060918448, -26.3900861954358], [-48.6788090901299, -26.393275432878], [-48.68059336801, -26.3905669636911], [-48.6713915479165, -26.3872326513103], [-48.6695060918448, -26.3900861954358]]]}}, {"type": "Feature", "properties": {"cod_imovel": "SC-4202057-A9C44B078B8C479D98D144956415489E", "municipio": "Balneario Barra do Sul", "num_area": 54.1101, "mod_fiscal": 4.5092, "des_condic": "Aguardando analise", "ind_status": "AT", "dat_atuali": "15/06/2017"}, "geometry": {"type": "Polygon", "coordinates": [[[-48.657724963862236, -26.4067746538584], [-48.65337100556456, -26.41313581742955], [-48.65557162418545, -26.413820305649796], [-48.65675872994331, -26.412071306038946], [-48.6581653089236, -26.413114951952245], [-48.6599197222244, -26.415448028649163], [-48.66095060979893, -26.415137436859865], [-48.66170029341175, -26.414651651800014], [-48.66121144434853, -26.41348763659827], [-48.665095862938706, -26.415131287778223], [-48.665860761119696, -26.412808643951244], [-48.66398226980622, -26.41267266241456], [-48.661765167828676, -26.412246547370714], [-48.66318517575505, -26.41001312909755], [-48.661190401568945, -26.408862595082066], [-48.66070188894769, -26.40984873546725], [-48.66041792353069, -26.40968268101515], [-48.65968031538668, -26.407473593175787], [-48.657724963862236, -26.4067746538584]]]}}, {"type": "Feature", "properties": {"cod_imovel": "SC-4202057-F997D3589A674DF1BFCA61CBA90B8121", "municipio": "Balneario Barra do Sul", "num_area": 2.4896, "mod_fiscal": 0.2075, "des_condic": "Aguardando analise", "ind_status": "AT", "dat_atuali": "20/05/2016"}, "geometry": {"type": "Polygon", "coordinates": [[[-48.63525152206421, -26.411377584803525], [-48.63514423370361, -26.410993224277213], [-48.629329204559326, -26.412030994759323], [-48.629393577575684, -26.412357698349396], [-48.63525152206421, -26.411377584803525]]]}}, {"type": "Feature", "properties": {"cod_imovel": "SC-4202057-E76AE91987A24146B9C8F5C9C14BFBC5", "municipio": "Balneario Barra do Sul", "num_area": 14.4856, "mod_fiscal": 1.2071, "des_condic": "Aguardando analise", "ind_status": "AT", "dat_atuali": "05/09/2018"}, "geometry": {"type": "Polygon", "coordinates": [[[-48.62523086722633, -26.44674983884387], [-48.62484868078181, -26.44712472854248], [-48.63705616151679, -26.44855050178764], [-48.63640246026855, -26.44682101261893], [-48.63621581492329, -26.44666404034255], [-48.62523086722633, -26.44674983884387]]]}}, {"type": "Feature", "properties": {"cod_imovel": "SC-4202057-9D29D8C9D7604F6FBBB5C8C75FA100A8", "municipio": "Balneario Barra do Sul", "num_area": 4.1711, "mod_fiscal": 0.3476, "des_condic": "Aguardando analise", "ind_status": "AT", "dat_atuali": "20/05/2016"}, "geometry": {"type": "Polygon", "coordinates": [[[-48.661923408508294, -26.389774537282207], [-48.66145133972168, -26.39071639143395], [-48.66424083709717, -26.391984999168972], [-48.664863109588616, -26.39071639143395], [-48.661923408508294, -26.389774537282207]]]}}, {"type": "Feature", "properties": {"cod_imovel": "SC-4202057-ACE4FC9D0A0841BEA2111C4BBAA6F3E4", "municipio": "Balneario Barra do Sul", "num_area": 14.7712, "mod_fiscal": 1.2309, "des_condic": "Aguardando analise", "ind_status": "AT", "dat_atuali": "04/05/2015"}, "geometry": {"type": "Polygon", "coordinates": [[[-48.6507225036621, -26.444293310573034], [-48.65050792694092, -26.442756299692107], [-48.6414098739624, -26.443447957126228], [-48.642182350158684, -26.444869684366452], [-48.6507225036621, -26.444293310573034]]]}}, {"type": "Feature", "properties": {"cod_imovel": "SC-4202057-772F924F33064183833591B62C7FD0E7", "municipio": "Balneario Barra do Sul", "num_area": 2.9098, "mod_fiscal": 0.2425, "des_condic": "Aguardando analise", "ind_status": "AT", "dat_atuali": "01/03/2019"}, "geometry": {"type": "Polygon", "coordinates": [[[-48.633084297180176, -26.44217991532495], [-48.63372802734375, -26.44287157621949], [-48.637912273406975, -26.442679448609763], [-48.63757967948913, -26.44217991532495], [-48.633084297180176, -26.44217991532495]]]}}, {"type": "Feature", "properties": {"cod_imovel": "SC-4202057-E916640CF3F24CF6BD8A6BCF163B9FC6", "municipio": "Balneario Barra do Sul", "num_area": 14.5652, "mod_fiscal": 1.2138, "des_condic": "Aguardando analise", "ind_status": "AT", "dat_atuali": "13/08/2019"}, "geometry": {"type": "Polygon", "coordinates": [[[-48.6350212681797, -26.445659267365485], [-48.63640243191782, -26.446820866441747], [-48.637313824060115, -26.449229486338684], [-48.639649806143524, -26.44846495383364], [-48.639578653393706, -26.44532483470421], [-48.638871159409064, -26.444449356546023], [-48.6350212681797, -26.445659267365485]]]}}, {"type": "Feature", "properties": {"cod_imovel": "SC-4202057-2809A984389F475087A7229768F4684A", "municipio": "Balneario Barra do Sul", "num_area": 1.327, "mod_fiscal": 0.1106, "des_condic": "Aguardando analise", "ind_status": "AT", "dat_atuali": "16/02/2016"}, "geometry": {"type": "Polygon", "coordinates": [[[-48.66977365248076, -26.39160155499269], [-48.67005139409695, -26.39027293546986], [-48.66950411615517, -26.39008964257022], [-48.66863340107032, -26.39120934983406], [-48.66977365248076, -26.39160155499269]]]}}, {"type": "Feature", "properties": {"cod_imovel": "SC-4202057-617244898ECE453F9A2201EC3CB18BBE", "municipio": "Balneario Barra do Sul", "num_area": 0.075, "mod_fiscal": 0.0062, "des_condic": "Aguardando analise", "ind_status": "AT", "dat_atuali": "28/02/2023"}, "geometry": {"type": "Polygon", "coordinates": [[[-48.61816762669884, -26.45632017394819], [-48.618056952286, -26.45641860967951], [-48.61829316924855, -26.45678698056838], [-48.61843081806505, -26.45672810682664], [-48.61816762669884, -26.45632017394819]]]}}, {"type": "Feature", "properties": {"cod_imovel": "SC-4202057-2CECEA3232C14296B931970360E2B4EC", "municipio": "Balneario Barra do Sul", "num_area": 75.3564, "mod_fiscal": 6.2797, "des_condic": "Aguardando analise", "ind_status": "AT", "dat_atuali": "10/04/2015"}, "geometry": {"type": "Polygon", "coordinates": [[[-48.64219041862839, -26.440807901863877], [-48.64145984962753, -26.44150045886381], [-48.65278024564007, -26.436098473864277], [-48.661603840649526, -26.43326453486463], [-48.65852053364629, -26.430761327864584], [-48.6410030166271, -26.43745889086391], [-48.64101688362711, -26.438119759863888], [-48.640753796626804, -26.438407430863897], [-48.640329287626365, -26.43844826886386], [-48.641093295627165, -26.439696446863866], [-48.64219041862839, -26.440807901863877]]]}}, {"type": "Feature", "properties": {"cod_imovel": "SC-4202057-EB90C8D81EAA4D26969BC0958F80BA09", "municipio": "Balneario Barra do Sul", "num_area": 0.9508, "mod_fiscal": 0.0792, "des_condic": "Aguardando analise", "ind_status": "AT", "dat_atuali": "05/10/2018"}, "geometry": {"type": "Polygon", "coordinates": [[[-48.66468450834358, -26.39627418379536], [-48.66572024917013, -26.39595789427579], [-48.6661835410232, -26.39499617188284], [-48.66579643238142, -26.39485217698919], [-48.66468450834358, -26.39627418379536]]]}}, {"type": "Feature", "properties": {"cod_imovel": "SC-4202057-85929F2642694C5F9DCB3BB92B363DA3", "municipio": "Balneario Barra do Sul", "num_area": 112.8512, "mod_fiscal": 9.4043, "des_condic": "Aguardando analise", "ind_status": "AT", "dat_atuali": "14/09/2018"}, "geometry": {"type": "Polygon", "coordinates": [[[-48.6513468629359, -26.4469185228793], [-48.64532658217295, -26.4476146317013], [-48.64545196471282, -26.4478188859282], [-48.64525887955704, -26.44802394141183], [-48.6458235320369, -26.44834336068795], [-48.64582461647974, -26.44853959257435], [-48.64550928263486, -26.44876615468044], [-48.64626136697703, -26.44929201110166], [-48.64608231906147, -26.44961820699099], [-48.6464869458888, -26.44959345243776], [-48.64649335617511, -26.44978673585095], [-48.64699538575722, -26.45001316044348], [-48.64670312100856, -26.45047094121527], [-48.64704798286346, -26.45034948367696], [-48.64741236595897, -26.45085186524666], [-48.6532861334851, -26.44870438329152], [-48.65487304144338, -26.45110153628009], [-48.64923745661145, -26.45369437430154], [-48.64943115641226, -26.45390144562578], [-48.64943783367711, -26.45431833680639], [-48.650262525235, -26.453994189112], [-48.65093125771227, -26.45469851060104], [-48.65085363996153, -26.4550251095087], [-48.65065899975998, -26.4551019772782], [-48.65119219133963, -26.45526904578324], [-48.65123649892321, -26.45543592959134], [-48.65090384695043, -26.45555034394847], [-48.65106638797858, -26.45606793756995], [-48.65130771449403, -26.45626147087428], [-48.65179126289493, -26.4560897815687], [-48.65178096194952, -26.4557886066429], [-48.65233030376069, -26.4559244598523], [-48.65226096263768, -26.4560682495981], [-48.65297246154274, -26.45591280910241], [-48.653088606414, -26.45599233783027], [-48.65283094314406, -26.45631747350265], [-48.65291773663594, -26.45652890332806], [-48.65330796200855, -26.45618809109504], [-48.65355840980673, -26.4564102719101], [-48.65348660876101, -26.45661997526778], [-48.65383552606929, -26.45664712887074], [-48.65384161006219, -26.45679337367355], [-48.65422802947573, -26.45650965128651], [-48.65420878273735, -26.45685024236201], [-48.65530761017775, -26.45694957779138], [-48.65528237890005, -26.45741401571123], [-48.65561054139873, -26.45714499305997], [-48.65628218420607, -26.45711363736201], [-48.6564066186042, -26.45718576519995], [-48.65627872906546, -26.45761034501637], [-48.66193148695447, -26.45536301814988], [-48.65922350661966, -26.45142106573619], [-48.6566846110377, -26.44724878197412], [-48.65533065495131, -26.44425482136548], [-48.65492986110117, -26.44370374765311], [-48.65122750913665, -26.44395835476013], [-48.6513468629359, -26.4469185228793]]]}}, {"type": "Feature", "properties": {"cod_imovel": "SC-4202057-57164D09E7874B7B9867FED800B5D742", "municipio": "Balneario Barra do Sul", "num_area": 28.3825, "mod_fiscal": 2.3652, "des_condic": "Aguardando analise", "ind_status": "AT", "dat_atuali": "28/03/2018"}, "geometry": {"type": "Polygon", "coordinates": [[[-48.6654251085171, -26.40710153346725], [-48.66475159120613, -26.40571825848653], [-48.65940226632215, -26.40437197033713], [-48.65940233249093, -26.40424535359167], [-48.65769371723497, -26.40676716222124], [-48.65966162797798, -26.40743031529986], [-48.66034558499545, -26.40953434508498], [-48.66057382360084, -26.40976819098243], [-48.663597106933594, -26.40978248024928], [-48.66433722997763, -26.40802635733576], [-48.6654251085171, -26.40710153346725]]]}}, {"type": "Feature", "properties": {"cod_imovel": "SC-4202057-4B4CC2869A7D48C8A46338080F8E33F7", "municipio": "Balneario Barra do Sul", "num_area": 276.2424, "mod_fiscal": 23.0202, "des_condic": "Aguardando analise", "ind_status": "AT", "dat_atuali": "14/09/2018"}, "geometry": {"type": "Polygon", "coordinates": [[[-48.6583516040643, -26.43441867746226], [-48.65284496898376, -26.43610584417843], [-48.64871789879031, -26.43806805683997], [-48.64979830618442, -26.43956570597297], [-48.65248288613367, -26.44216071430283], [-48.65414194817735, -26.44289776831515], [-48.65492986110117, -26.44370374765311], [-48.65533065495131, -26.44425482136548], [-48.6566846110377, -26.44724878197412], [-48.65922350661966, -26.45142106573619], [-48.66193148695448, -26.45536301814988], [-48.67125736740123, -26.45155650712686], [-48.66984194395916, -26.44113332065476], [-48.66019597089765, -26.43656686705103], [-48.65939529841511, -26.43690861376853], [-48.6583516040643, -26.43441867746226]]]}}, {"type": "Feature", "properties": {"cod_imovel": "SC-4202057-3CEA8BD06C7F42258D3149FC95595D5F", "municipio": "Balneario Barra do Sul", "num_area": 2.4749, "mod_fiscal": 0.2062, "des_condic": "Aguardando analise", "ind_status": "AT", "dat_atuali": "28/12/2017"}, "geometry": {"type": "Polygon", "coordinates": [[[-48.63500475883484, -26.418315072126077], [-48.63820195198059, -26.416796931894748], [-48.63770842552185, -26.41629728643532], [-48.6342966556549, -26.4179691685148], [-48.63500475883484, -26.418315072126077]]]}}, {"type": "Feature", "properties": {"cod_imovel": "SC-4202057-35551887A1A24E1291756BE60C0CB97B", "municipio": "Balneario Barra do Sul", "num_area": 1.0841, "mod_fiscal": 0.0903, "des_condic": "Aguardando analise", "ind_status": "AT", "dat_atuali": "13/07/2020"}, "geometry": {"type": "Polygon", "coordinates": [[[-48.64115238189697, -26.433937303439528], [-48.63919973373413, -26.434878797093553], [-48.63945722579956, -26.43526307800728], [-48.64153861999512, -26.434206302411223], [-48.64115238189697, -26.433937303439528]]]}}, {"type": "Feature", "properties": {"cod_imovel": "SC-4205803-60CAA9B6E849410D8D25BBABDB3C923C", "municipio": "Garuva", "num_area": 191774.9015, "mod_fiscal": 15482.7896, "des_condic": "Em analise", "ind_status": "PE", "dat_atuali": "22/11/2022"}, "geometry": {"type": "Polygon", "coordinates": [[[-48.5957962567778, -25.97664852633631], [-48.60387284751766, -26.0053292638938], [-48.60671128198278, -26.00702133797033], [-48.60746388164227, -26.00835284247144], [-48.60937014707723, -26.009142621229], [-48.61025394269919, -26.01120411046056], [-48.61170016930998, -26.01139784252013], [-48.61276940755714, -26.01288500083225], [-48.61437693407125, -26.01308410409345], [-48.6170536070177, -26.01477025304684], [-48.61551708570775, -26.01675038678022], [-48.61372406673804, -26.01712560231233], [-48.61442228404717, -26.01976121638253], [-48.61614897510893, -26.02098006151718], [-48.61572970119621, -26.02328795031733], [-48.61832350406152, -26.02308457287632], [-48.6179404577873, -26.02452294329072], [-48.61726484391685, -26.02522592938098], [-48.6078143063026, -26.02708628123812], [-48.60856679522333, -26.02841767627391], [-48.61506441614192, -26.02761935811627], [-48.6161154520361, -26.02954113896286], [-48.61802710387886, -26.03394693733123], [-48.61655674629658, -26.03433266929686], [-48.61713653462546, -26.03594896722016], [-48.61435109211354, -26.03687082642019], [-48.61508028950161, -26.03878245278182], [-48.61422545640578, -26.03991473938213], [-48.61977239058578, -26.03865070974311], [-48.61970661688159, -26.04024507167199], [-48.61915069823212, -26.04196800684081], [-48.61017212495374, -26.04413208638803], [-48.6106084073818, -26.04530800109652], [-48.62022651394243, -26.04331055977779], [-48.62072839269807, -26.04681072975672], [-48.61844505836719, -26.04731428001595], [-48.61727339343151, -26.04829070297266], [-48.61790653869199, -26.05252085870761], [-48.61736837888457, -26.05380888214185], [-48.61785197136469, -26.05774357008386], [-48.61665611689656, -26.05929968147987], [-48.6218561890546, -26.0625220775551], [-48.62605825588509, -26.06251807354165], [-48.62874171764923, -26.06405921991783], [-48.63086841283935, -26.07124074775468], [-48.62721847490919, -26.07720902276136], [-48.62575381306152, -26.07744989616216], [-48.62567625116606, -26.07933433336534], [-48.61532667320866, -26.07941992508582], [-48.61523106165838, -26.08173929362407], [-48.60438892076782, -26.08195242564155], [-48.60465202788901, -26.08341304949287], [-48.6274759792147, -26.08273354700326], [-48.62711135636856, -26.08373728557676], [-48.61527891690926, -26.08449891583127], [-48.61326952054154, -26.09009188445861], [-48.6059673148362, -26.09071569672843], [-48.60459022684, -26.10053918136001], [-48.61133662244949, -26.10163788559586], [-48.61316133340562, -26.09661968740635], [-48.61747836390429, -26.10169983799562], [-48.61397359452327, -26.1043391923228], [-48.61235122588992, -26.11226652178861], [-48.6137901808948, -26.11630744812897], [-48.59694041131591, -26.1598627833147], [-48.6110153736303, -26.17542904554744], [-48.60950909204781, -26.18437612103581], [-48.62573158985758, -26.18332200573321], [-48.6356547620505, -26.18974725610491], [-48.65456411755603, -26.19859572980313], [-48.66311131119416, -26.19147857627827], [-48.69953446398402, -26.24667549063496], [-48.76167538250083, -26.2883205418415], [-48.77541457279334, -26.28078297409666], [-48.77867259522867, -26.27624490652597], [-48.78006903234817, -26.27542517032843], [-48.78996477149308, -26.27893592797079], [-48.79470775002368, -26.27371907121191], [-48.79366134744386, -26.26352815268119], [-48.79727253117464, -26.25421313899896], [-48.79162995301738, -26.24561574689047], [-48.79053581251854, -26.23658437789002], [-48.78175626929498, -26.21745768266046], [-48.78138015579257, -26.2067076202549], [-48.77185086834995, -26.20625395894172], [-48.76993848166155, -26.1974849335958], [-48.77120976750357, -26.19404341358866], [-48.77461945960838, -26.19778203220357], [-48.83204052574356, -26.19368523970367], [-48.84787645067384, -26.19114131372034], [-48.86746119900947, -26.19089597933856], [-48.88496554081974, -26.19406381805997], [-48.91199687000181, -26.1952046855996], [-48.91995891847556, -26.21493175051252], [-48.91882871819925, -26.25233520172298], [-48.93722154773972, -26.26966586241528], [-48.96188808657251, -26.28088735181281], [-48.97501189686943, -26.26373887814838], [-48.98722746649302, -26.29535269172924], [-48.95697621291904, -26.31574063470013], [-48.9736516154893, -26.33265539653172], [-48.99584200483109, -26.36707758479125], [-49.01353965972942, -26.37458877711695], [-49.05104293199174, -26.37384836857018], [-49.04907513359861, -26.33576472185339], [-49.13127743789872, -26.3491336975892], [-49.13020212337328, -26.36506445211088], [-49.14323652582381, -26.37183976781902], [-49.15636399167748, -26.39355807496016], [-49.17156964705726, -26.39850605383839], [-49.19598411782281, -26.39081321001299], [-49.20167790118181, -26.38126195654924], [-49.22416053596048, -26.38192136091005], [-49.24791528191011, -26.39218772459498], [-49.25088507855663, -26.39067839193357], [-49.25322873712631, -26.38857055254828], [-49.26032113810985, -26.38950158147348], [-49.27050971441848, -26.38544440408063], [-49.27272276113369, -26.3869590254853], [-49.27200258253709, -26.38447203070881], [-49.27318229904273, -26.38320044563923], [-49.27482653757342, -26.38252252374414], [-49.2759437912996, -26.37849265394898], [-49.27823005925482, -26.37797821154644], [-49.28427499081855, -26.37205863458604], [-49.28786648346551, -26.37129119586372], [-49.29039320468384, -26.36860689291529], [-49.28915604921072, -26.36697541579415], [-49.28633737846648, -26.36428293508375], [-49.28957903906593, -26.36423070949154], [-49.29240333364161, -26.36228012920807], [-49.29134898958182, -26.36007343191186], [-49.29914358273731, -26.35507194109641], [-49.29921160839729, -26.35318732851263], [-49.29878160817769, -26.35144196438217], [-49.30019019887279, -26.34829054422694], [-49.30165699470546, -26.34804252252941], [-49.30499204242474, -26.34538156663339], [-49.30571708756644, -26.34322598219111], [-49.30719432975365, -26.342687960036], [-49.30619625865242, -26.33888692830361], [-49.30834673608233, -26.33764265172626], [-49.31206612840556, -26.32425455289097], [-49.30743010008592, -26.31802792634668], [-49.32062923355768, -26.30209027962307], [-49.32193785605469, -26.28355392579676], [-49.30658493030489, -26.28268053389892], [-49.30789383704865, -26.27778458970593], [-49.29989032217378, -26.27073622280081], [-49.26961967054308, -26.25293853910139], [-49.26868766407901, -26.24732580436302], [-49.2542135805416, -26.2405229230873], [-49.2411823262369, -26.24754131605758], [-49.23848828741651, -26.24601214412559], [-49.22950421161317, -26.24400898517823], [-49.22649983079672, -26.23768376038146], [-49.22768519287999, -26.23177119461961], [-49.2296974007171, -26.22979926293458], [-49.22109068018304, -26.22635602908982], [-49.21185177324288, -26.22695524780292], [-49.20248554076771, -26.22218275755762], [-49.19317704921558, -26.2043509316184], [-49.1758644633144, -26.19150763482921], [-49.17181404987672, -26.18297406345527], [-49.16975642631903, -26.17740085321598], [-49.17014745067938, -26.17117505428114], [-49.17134697613625, -26.16932491952647], [-49.17174991722428, -26.16716103045256], [-49.16688939842529, -26.16310020986203], [-49.16747398553526, -26.15600965521513], [-49.1666935413963, -26.15526116134575], [-49.16500750154997, -26.14839300467333], [-49.16615882192984, -26.14784695231661], [-49.16672319711365, -26.14568768060875], [-49.17037049492664, -26.14318470382422], [-49.17159113020112, -26.14075465983667], [-49.17455527075793, -26.13924672356269], [-49.17460327579492, -26.13794243281987], [-49.16619262421067, -26.1337755106982], [-49.1598762849, -26.13416789211836], [-49.15297247754981, -26.13754438823565], [-49.14731181713767, -26.1376661350081], [-49.14283003079321, -26.13647928243483], [-49.14136649444267, -26.13237375057599], [-49.13879487524124, -26.13200676682255], [-49.13806318300037, -26.12995394174254], [-49.13972006869389, -26.12449075305716], [-49.13927891757911, -26.12331696543113], [-49.13937033523307, -26.12085338210405], [-49.13913894089632, -26.11402752173812], [-49.1368903823435, -26.10931731079657], [-49.13473062410118, -26.08916500172412], [-49.12661522485459, -26.09022732807639], [-49.1224361495274, -26.09401863004747], [-49.11823673162711, -26.08533329135406], [-49.12161441359748, -26.08137277229349], [-49.1228996889583, -26.08155648660167], [-49.12730950773008, -26.08023815733362], [-49.1277560055418, -26.07691470910906], [-49.12522323635493, -26.07553290488589], [-49.12636888895162, -26.07077939478707], [-49.12763255251189, -26.07154279806526], [-49.12961148298456, -26.070441455501], [-49.1284177953995, -26.06779392864864], [-49.12919762226136, -26.06418982376766], [-49.13180601783782, -26.06354440957793], [-49.13345136279286, -26.05837164593372], [-49.13638687032662, -26.05758921868453], [-49.13214511452723, -26.050064197991], [-49.13432780619129, -26.04780865124977], [-49.12792017003251, -26.03775220256436], [-49.12500118035038, -26.03809974976303], [-49.1201041997896, -26.0351962121161], [-49.12181924528767, -26.03249143286404], [-49.1212388335461, -26.0307330808786], [-49.12105098135802, -26.02710049030344], [-49.12032548107181, -26.0249024343847], [-49.12219086900149, -26.02249213624066], [-49.12323939540185, -26.01599458646538], [-49.12186324952406, -26.01827468612373], [-49.11831027957192, -26.01831278111253], [-49.11569246927883, -26.01924951688619], [-49.11269324389546, -26.01741788896665], [-49.10864017192746, -26.01787583264888], [-49.1058629854012, -26.01788451478619], [-49.10184464502132, -26.00876899553202], [-49.09757609229793, -26.01067114659869], [-49.09730242070444, -26.00935727173752], [-49.09355027424281, -26.0104044555724], [-49.091905226525, -26.01122511685794], [-49.09086343874086, -26.00887255944516], [-49.08980540732331, -26.00695470028726], [-49.09090327586667, -26.00350628411321], [-49.08261520108994, -26.00499623970602], [-49.07864226987714, -26.00763201206286], [-49.07209444602532, -26.00148561000457], [-49.06929374531627, -26.00299620365138], [-49.06935672655729, -26.00560926248268], [-49.06736494460842, -26.01135115386397], [-49.06025184902759, -26.01592156009459], [-49.06064807137412, -26.01825459246561], [-49.05390609156083, -26.02153045302864], [-49.05248781162944, -26.02061680416823], [-49.05131296811851, -26.01753466613684], [-49.04926306413199, -26.02051833521425], [-49.04609315774727, -26.01897086037094], [-49.04412665765824, -26.01122246544067], [-49.0433260091098, -26.01105290747013], [-49.04287314324839, -26.00596183864291], [-49.04163824733752, -26.00447338726748], [-49.03431181582711, -26.0061347070985], [-49.03419455511718, -26.00497057977811], [-49.02935773065123, -26.00482211256779], [-49.02550074644807, -26.00862045045294], [-49.02767549471426, -26.01086327409721], [-49.02604657542199, -26.01124843971184], [-49.01972070247708, -26.01627644880359], [-49.01717923842184, -26.0151827789822], [-49.01234142070345, -26.01503382484434], [-49.01010028478051, -26.01452954419234], [-49.0077539972637, -26.01677840885178], [-49.00522893742999, -26.01524977010359], [-49.00470006793223, -26.01218682944528], [-49.00295925530855, -26.01126260765983], [-49.00181370715506, -26.01166245872904], [-48.9980820525856, -26.01212745446012], [-48.99657448468581, -26.00932426001203], [-48.99398276779468, -26.00953421586811], [-48.99211933836382, -26.00759038673678], [-48.98883194706745, -26.00487687585107], [-48.98717454885265, -26.00598618613218], [-48.98562363484368, -26.00521346252471], [-48.98386088883314, -26.00486873116899], [-48.98406112897646, -26.00385937982318], [-48.98590737655792, -26.00203048108722], [-48.98562940744216, -26.00086123329256], [-48.98225976888045, -26.00032170081722], [-48.98090329587369, -25.9978133364658], [-48.97965850798447, -25.99240675453135], [-48.97929759082143, -25.9892037050704], [-48.97409914539457, -25.99005827366817], [-48.96286537757088, -25.98419633479815], [-48.96121857240563, -25.98922301113469], [-48.96227987404282, -25.99099697679536], [-48.96050095956042, -25.99108670649673], [-48.95766521191105, -25.99346471749922], [-48.95021188942385, -25.99004066539137], [-48.95926974380502, -25.9811827649953], [-48.68219320017625, -25.98330503022099], [-48.67643098258744, -25.97818143687527], [-48.66876561034771, -25.98010424698844], [-48.66255690849975, -25.9740946825068], [-48.66195397150774, -25.96914128393502], [-48.659088771501, -25.96817560374848], [-48.6530900602762, -25.96492911995057], [-48.65058356378619, -25.95918639869189], [-48.64555834096002, -25.95582647606847], [-48.63874176060843, -25.96067823797079], [-48.64005442797577, -25.96405959112227], [-48.6403822552054, -25.96784325266063], [-48.63756476925573, -25.96963550731367], [-48.63328482629183, -25.97166896329575], [-48.6339881789573, -25.97807657132804], [-48.62397194500301, -25.97832170531073], [-48.62261746318207, -25.97595483975759], [-48.62121499358873, -25.97474705947905], [-48.62088575475599, -25.97879860283044], [-48.62159555218475, -25.98114383140806], [-48.62074166699203, -25.98227590079405], [-48.61853329829816, -25.98104111933862], [-48.61433077638517, -25.98119021059514], [-48.61344675629702, -25.98304666987826], [-48.61146451083545, -25.98414077034529], [-48.60890366263056, -25.98361941390824], [-48.61150777389705, -25.97920916764152], [-48.60691660783874, -25.9809409383832], [-48.60436779171683, -25.9801296696157], [-48.60112001794683, -25.98060063060514], [-48.59967678797288, -25.97648926941684], [-48.5957962567778, -25.97664852633631]]]}}, {"type": "Feature", "properties": {"cod_imovel": "SC-4209102-2EFADA2947834D6389D2A84146E80E4F", "municipio": "Joinville", "num_area": 304.0749, "mod_fiscal": 25.3396, "des_condic": "Aguardando analise", "ind_status": "PE", "dat_atuali": "16/10/2020"}, "geometry": {"type": "Polygon", "coordinates": [[[-48.761618621121485, -26.354391326593074], [-48.75620202084901, -26.33187844616141], [-48.76639967970922, -26.330007351446557], [-48.765820729645164, -26.327784449258143], [-48.765247883839685, -26.326965527077572], [-48.75153585531069, -26.327745958028537], [-48.75091887996811, -26.335168455992232], [-48.74477797454794, -26.347984426582833], [-48.73786142168639, -26.355805231863915], [-48.742198459466636, -26.355690644613652], [-48.7472296961351, -26.349724094142033], [-48.74755774459064, -26.34957995524474], [-48.74792725583471, -26.351256965375917], [-48.74891798984667, -26.352130708732286], [-48.74971303508227, -26.35224545531135], [-48.74996052717449, -26.349411048276135], [-48.75404274538541, -26.349120431652043], [-48.75652100742135, -26.34613238743421], [-48.758493955133865, -26.35378056800215], [-48.761618621121485, -26.354391326593074]]]}}, {"type": "Feature", "properties": {"cod_imovel": "SC-4209102-23DDA0B498464B2E967F34D139C8C6AE", "municipio": "Joinville", "num_area": 110.5098, "mod_fiscal": 9.2091, "des_condic": "Aguardando analise", "ind_status": "AT", "dat_atuali": "19/01/2026"}, "geometry": {"type": "Polygon", "coordinates": [[[-48.7634511011755, -26.31121400108747], [-48.76312947746645, -26.31126457849696], [-48.76255941858006, -26.31186154807608], [-48.76179747765695, -26.31317239545469], [-48.76165749299176, -26.31374981166811], [-48.76177887165765, -26.31452571298924], [-48.76131506361953, -26.31512677215026], [-48.76096723051929, -26.31526899233563], [-48.75984033179404, -26.31506456233989], [-48.75925807462812, -26.31511232042246], [-48.75768169768377, -26.31588207057287], [-48.75666276675734, -26.31557316776401], [-48.75346056723632, -26.31322095061384], [-48.75242394608663, -26.31288096594126], [-48.75166832506002, -26.31296126379873], [-48.75145673810004, -26.31318871982168], [-48.7512213875894, -26.31402428284078], [-48.75130529647831, -26.31439816016234], [-48.75150778908236, -26.31454321310305], [-48.75144664810685, -26.31488819057973], [-48.75090450647146, -26.31580377668023], [-48.75049475795908, -26.31596738165761], [-48.74807278400238, -26.31559848651829], [-48.74782890141639, -26.31568292118382], [-48.74479192623562, -26.31942015396801], [-48.74729947060258, -26.31956762079335], [-48.74873451453281, -26.31923484732479], [-48.75126053551211, -26.3207485006381], [-48.7552971962632, -26.32199706477302], [-48.75898140350194, -26.31981348584398], [-48.76248617195233, -26.31952320963508], [-48.7634605895937, -26.31888345582462], [-48.76333251595598, -26.31749626057273], [-48.76442553677571, -26.31203488637593], [-48.7634511011755, -26.31121400108747]]]}}, {"type": "Feature", "properties": {"cod_imovel": "SC-4209102-252703C2A7AD48D2B7B390887BC708EF", "municipio": "Joinville", "num_area": 20.4065, "mod_fiscal": 1.7005, "des_condic": "Aguardando analise", "ind_status": "AT", "dat_atuali": "21/09/2025"}, "geometry": {"type": "Polygon", "coordinates": [[[-48.74518909536715, -26.35719668975129], [-48.7479795625535, -26.35130963693572], [-48.7481730733467, -26.34945014248277], [-48.7474881243858, -26.34929584846762], [-48.74200643274629, -26.35603085250669], [-48.74518909536715, -26.35719668975129]]]}}, {"type": "Feature", "properties": {"cod_imovel": "SC-4209102-E4727637A5B64DB19DD1A5DFFE9B53B7", "municipio": "Joinville", "num_area": 106.2088, "mod_fiscal": 8.8507, "des_condic": "Aguardando analise", "ind_status": "AT", "dat_atuali": "04/09/2025"}, "geometry": {"type": "Polygon", "coordinates": [[[-48.7608003616333, -26.314997587233652], [-48.76133680343628, -26.314535969771004], [-48.76002788543701, -26.308611715745595], [-48.75931978225708, -26.30264868670853], [-48.75745296478271, -26.302764103085217], [-48.75601530075073, -26.303302711323557], [-48.75477075576782, -26.302725630972425], [-48.75386953353882, -26.303841317059167], [-48.75112295150757, -26.310419799413307], [-48.74988913536071, -26.311920102741155], [-48.74910593032837, -26.313535792292164], [-48.74953508377075, -26.314612906142507], [-48.748462200164795, -26.315112991311914], [-48.7493634223938, -26.31538226704749], [-48.75030755996704, -26.314997587233652], [-48.75159502029419, -26.312612543878974], [-48.7533974647522, -26.312766419125392], [-48.75743150711059, -26.315613074322677], [-48.75927686691284, -26.31472831060396], [-48.7608003616333, -26.314997587233652]]]}}, {"type": "Feature", "properties": {"cod_imovel": "SC-4209102-2F0C31FF270D4F6BAA5CE15555801432", "municipio": "Joinville", "num_area": 5.849, "mod_fiscal": 0.4874, "des_condic": "Aguardando analise", "ind_status": "AT", "dat_atuali": "07/12/2023"}, "geometry": {"type": "Polygon", "coordinates": [[[-48.7402117131399, -26.3515045815827], [-48.7393472256289, -26.3522296436667], [-48.7387088954254, -26.3522044928351], [-48.7384596938853, -26.3524806972871], [-48.7395228045478, -26.3546312952287], [-48.7398452520339, -26.3542565175727], [-48.7400636614336, -26.3545850501505], [-48.7409053921722, -26.354325412775], [-48.7409108489148, -26.3514316790463], [-48.7402117131399, -26.3515045815827]]]}}, {"type": "Feature", "properties": {"cod_imovel": "SC-4209102-5153D209668749B2B6307CDB80E3D236", "municipio": "Joinville", "num_area": 11.148, "mod_fiscal": 0.929, "des_condic": "Aguardando analise", "ind_status": "AT", "dat_atuali": "06/10/2023"}, "geometry": {"type": "Polygon", "coordinates": [[[-48.75074055508918, -26.3595469380204], [-48.75104352234784, -26.35148197091758], [-48.74980121195276, -26.35133512600669], [-48.74946881762698, -26.35916950262523], [-48.75074055508918, -26.3595469380204]]]}}, {"type": "Feature", "properties": {"cod_imovel": "SC-4209102-31DC80313B4A4C048125B743AA06BAA1", "municipio": "Joinville", "num_area": 1.618, "mod_fiscal": 0.1348, "des_condic": "Aguardando analise", "ind_status": "AT", "dat_atuali": "23/03/2015"}, "geometry": {"type": "Polygon", "coordinates": [[[-48.728699684143066, -26.34596022390336], [-48.72951588914437, -26.34662242127575], [-48.73054504394531, -26.345806392766185], [-48.72963728480845, -26.3450465838708], [-48.728699684143066, -26.34596022390336]]]}}, {"type": "Feature", "properties": {"cod_imovel": "SC-4209102-5E798037C1924747A51FE25C0684E675", "municipio": "Joinville", "num_area": 30.0156, "mod_fiscal": 2.5013, "des_condic": "Aguardando analise", "ind_status": "AT", "dat_atuali": "01/06/2015"}, "geometry": {"type": "Polygon", "coordinates": [[[-48.72917319242959, -26.33977933944231], [-48.73857021331787, -26.341441349009912], [-48.74178886413574, -26.339460680133353], [-48.73223751355513, -26.33758031005543], [-48.73178245020255, -26.33773558741861], [-48.730988926483, -26.33768056547085], [-48.73072803189097, -26.3378306028679], [-48.72946857255023, -26.33876735298647], [-48.7292155199966, -26.33915982352102], [-48.72917319242959, -26.33977933944231]]]}}, {"type": "Feature", "properties": {"cod_imovel": "SC-4209102-CC29FACAEC8040BC8F24B418A87D9944", "municipio": "Joinville", "num_area": 475.5171, "mod_fiscal": 39.6264, "des_condic": "Aguardando analise", "ind_status": "AT", "dat_atuali": "30/06/2016"}, "geometry": {"type": "Polygon", "coordinates": [[[-48.76474857330322, -26.32599892573299], [-48.7631120732221, -26.31730847172207], [-48.7623182022956, -26.31714709971589], [-48.76084327697754, -26.316382428585605], [-48.76048843057909, -26.31604610940688], [-48.75891208648681, -26.316190090498868], [-48.75852584838867, -26.31649783128436], [-48.758461475372314, -26.317036375691828], [-48.757474422454834, -26.31826732493597], [-48.75680923461914, -26.318036522949065], [-48.75648736953735, -26.317363347860596], [-48.755929470062256, -26.31699790831718], [-48.755221366882324, -26.316920973529573], [-48.7546420097351, -26.317017142006108], [-48.75331163406372, -26.31832502536085], [-48.75075817108154, -26.318036522949065], [-48.749942779541016, -26.31845965957378], [-48.74964237213135, -26.317959588851238], [-48.748462200164795, -26.317247946024064], [-48.747496604919434, -26.3173056469567], [-48.74683141708374, -26.317767253383117], [-48.74311923980713, -26.32334485229612], [-48.74135971069336, -26.32542195842115], [-48.74110221862793, -26.32730670766338], [-48.74075889587402, -26.32769134659664], [-48.74007225036621, -26.327037459649837], [-48.739514350891106, -26.327345171614194], [-48.73612403869629, -26.331614590729508], [-48.74539375305176, -26.333691548506366], [-48.74410629272461, -26.336960758400863], [-48.74161720275879, -26.340383714507375], [-48.734192848205566, -26.337999193984807], [-48.73290538787842, -26.337806891801826], [-48.73136043548584, -26.33838379739219], [-48.72994422912598, -26.340268335613242], [-48.72857093811035, -26.342460514930476], [-48.72955799102783, -26.344037319987805], [-48.73286247253418, -26.344421903327543], [-48.73363494873047, -26.34519106617211], [-48.733978271484375, -26.34607559712202], [-48.733463287353516, -26.347960010073532], [-48.73376369476318, -26.348690692551305], [-48.73462200164795, -26.349421370413875], [-48.73857021331787, -26.35065197532897], [-48.73985767364501, -26.35045969417397], [-48.74238967895508, -26.349729022869994], [-48.74354839324951, -26.347921552973173], [-48.74650955200195, -26.341691333934488], [-48.74766826629639, -26.338576098616606], [-48.74904155731201, -26.33549924068405], [-48.74959945678711, -26.33122996482974], [-48.749942779541016, -26.326845139256868], [-48.76474857330322, -26.32599892573299]]]}}, {"type": "Feature", "properties": {"cod_imovel": "SC-4209102-9B297A59A6F24EC2B2BA8A2CD691AA0F", "municipio": "Joinville", "num_area": 23.8057, "mod_fiscal": 1.9838, "des_condic": "Aguardando analise", "ind_status": "AT", "dat_atuali": "01/05/2015"}, "geometry": {"type": "Polygon", "coordinates": [[[-48.73375630299994, -26.34611406624898], [-48.73178689199995, -26.34447911224901], [-48.72831660499998, -26.34410284624896], [-48.72839432599996, -26.343377733249], [-48.72710835899994, -26.34324388524903], [-48.72757128299998, -26.34220345924904], [-48.72651125299996, -26.34151174724905], [-48.72479431799997, -26.34281057224901], [-48.72478504999998, -26.34328412424902], [-48.72525135999998, -26.343929213249], [-48.72737921299995, -26.34491797824897], [-48.72859190499997, -26.34588881724894], [-48.72959842099994, -26.34496052824895], [-48.73051510499995, -26.34563435724899], [-48.72950265399993, -26.34658462124895], [-48.73105369499996, -26.34796642624892], [-48.73233124699993, -26.3495834092489], [-48.73326943699993, -26.34781016524889], [-48.73306164499996, -26.34762760424894], [-48.73338236099994, -26.34714599624891], [-48.73300307699998, -26.34683803124892], [-48.73375630299994, -26.34611406624898]]]}}, {"type": "Feature", "properties": {"cod_imovel": "SC-4209102-A4170D50E6454B008296C01B149281DF", "municipio": "Joinville", "num_area": 3.2559, "mod_fiscal": 0.2713, "des_condic": "Aguardando analise", "ind_status": "AT", "dat_atuali": "11/05/2018"}, "geometry": {"type": "Polygon", "coordinates": [[[-48.73741352810922, -26.35105232030868], [-48.73620340369391, -26.35131998144141], [-48.73555267217255, -26.35208938016303], [-48.7361418050452, -26.35243858385762], [-48.73662873611576, -26.35211721405597], [-48.73726239077487, -26.35269071153041], [-48.73771906350806, -26.35285228490156], [-48.73873881367107, -26.3521926123483], [-48.73793229893192, -26.35166892124013], [-48.73741352810922, -26.35105232030868]]]}}, {"type": "Feature", "properties": {"cod_imovel": "SC-4209102-006E43A60D7C4689B3660699492019EC", "municipio": "Joinville", "num_area": 0.9485, "mod_fiscal": 0.079, "des_condic": "Aguardando analise", "ind_status": "AT", "dat_atuali": "23/09/2019"}, "geometry": {"type": "Polygon", "coordinates": [[[-48.74781194251828, -26.34954662774407], [-48.74736304628685, -26.35098035741807], [-48.74799234159261, -26.35134036410327], [-48.74819600808234, -26.34951073633852], [-48.74781194251828, -26.34954662774407]]]}}, {"type": "Feature", "properties": {"cod_imovel": "SC-4209102-DC3F0FD5B8594AB4AFF1428291296CD7", "municipio": "Joinville", "num_area": 26.7006, "mod_fiscal": 2.2251, "des_condic": "Aguardando analise", "ind_status": "AT", "dat_atuali": "10/12/2014"}, "geometry": {"type": "Polygon", "coordinates": [[[-48.73430013656616, -26.335345395640335], [-48.73236894607544, -26.337556898486273], [-48.74187469482422, -26.339268380378776], [-48.74384880065918, -26.337133831645207], [-48.73430013656616, -26.335345395640335]]]}}, {"type": "Feature", "properties": {"cod_imovel": "SC-4216206-AA40158F768B4FCFABA31BDCB20D9B1F", "municipio": "Sao Francisco do Sul", "num_area": 6.8081, "mod_fiscal": 0.5673, "des_condic": "Aguardando analise", "ind_status": "PE", "dat_atuali": "01/03/2016"}, "geometry": {"type": "Polygon", "coordinates": [[[-48.66306066513061, -26.315151459312453], [-48.66887123539298, -26.30981450461888], [-48.6682278607277, -26.30932881506813], [-48.6624813079834, -26.3146321402274], [-48.66306066513061, -26.315151459312453]]]}}, {"type": "Feature", "properties": {"cod_imovel": "SC-4216206-9530E06903C54EDEAF24D8F51D9FE0F1", "municipio": "Sao Francisco do Sul", "num_area": 6.4858, "mod_fiscal": 0.54, "des_condic": "Aguardando analise", "ind_status": "AT", "dat_atuali": "29/05/2026"}, "geometry": {"type": "Polygon", "coordinates": [[[-48.66009561, -26.336584501], [-48.659966633, -26.336797185], [-48.657129951, -26.337194208], [-48.657123201, -26.33666416], [-48.655424986, -26.337465395], [-48.654783794, -26.33760805], [-48.657036724, -26.337282661], [-48.658205454, -26.338731486], [-48.66162438, -26.337807603], [-48.66009561, -26.336584501]]]}}, {"type": "Feature", "properties": {"cod_imovel": "SC-4216206-9B85CBD1426F403B92004C978356AEE0", "municipio": "Sao Francisco do Sul", "num_area": 5.1484, "mod_fiscal": 0.43, "des_condic": "Aguardando analise", "ind_status": "AT", "dat_atuali": "27/05/2026"}, "geometry": {"type": "Polygon", "coordinates": [[[-48.657036671, -26.337282777], [-48.654783884, -26.337608052], [-48.655429727, -26.339489722], [-48.658205556, -26.338731389], [-48.657036671, -26.337282777]]]}}, {"type": "Feature", "properties": {"cod_imovel": "SC-4216206-C1514DBF286E4A3FAC07E01935726ED5", "municipio": "Sao Francisco do Sul", "num_area": 0.337, "mod_fiscal": 0.03, "des_condic": "Aguardando analise", "ind_status": "AT", "dat_atuali": "22/05/2026"}, "geometry": {"type": "Polygon", "coordinates": [[[-48.685972876, -26.294496114], [-48.684859497, -26.295549572], [-48.684877582, -26.29578733], [-48.68611445, -26.294626219], [-48.685972876, -26.294496114]]]}}, {"type": "Feature", "properties": {"cod_imovel": "SC-4216206-852D26CA062B4171BE5DF42FE60A1ADF", "municipio": "Sao Francisco do Sul", "num_area": 0.0493, "mod_fiscal": 0.0041, "des_condic": "Aguardando analise", "ind_status": "AT", "dat_atuali": "20/02/2018"}, "geometry": {"type": "Polygon", "coordinates": [[[-48.68140697479248, -26.304706928176593], [-48.68123531341553, -26.304880049624327], [-48.68138551712036, -26.304976228094688], [-48.681557178497314, -26.304803106790597], [-48.68140697479248, -26.304706928176593]]]}}, {"type": "Feature", "properties": {"cod_imovel": "SC-4216206-A9909F7F39D24845B250B8C864D5AE03", "municipio": "Sao Francisco do Sul", "num_area": 4.5375, "mod_fiscal": 0.3781, "des_condic": "Cancelado por decisao administrativa", "ind_status": "CA", "dat_atuali": "15/04/2016"}, "geometry": {"type": "Polygon", "coordinates": [[[-48.67182444004822, -26.300960814540925], [-48.667336757119514, -26.30551091547663], [-48.6677650197981, -26.305932729849893], [-48.67235951859737, -26.301439715398676], [-48.67182444004822, -26.300960814540925]]]}}, {"type": "Feature", "properties": {"cod_imovel": "SC-4216206-4A5F2ECC19A745B7BF984C03B31B4902", "municipio": "Sao Francisco do Sul", "num_area": 4.5375, "mod_fiscal": 0.3781, "des_condic": "Cancelado por decisao administrativa", "ind_status": "CA", "dat_atuali": "15/04/2016"}, "geometry": {"type": "Polygon", "coordinates": [[[-48.66710787421391, -26.30460244065134], [-48.66770621755668, -26.305147305302963], [-48.67182444004822, -26.300960814540925], [-48.6713875501237, -26.300566825835286], [-48.66710787421391, -26.30460244065134]]]}}, {"type": "Feature", "properties": {"cod_imovel": "SC-4216206-D870D62E1B004F60B3164A00E1916395", "municipio": "Sao Francisco do Sul", "num_area": 0.0966, "mod_fiscal": 0.008, "des_condic": "Aguardando analise", "ind_status": "AT", "dat_atuali": "28/03/2024"}, "geometry": {"type": "Polygon", "coordinates": [[[-48.68150780635646, -26.29278266976487], [-48.68127515921574, -26.29267440789368], [-48.68099131628171, -26.29282529724046], [-48.68107125379252, -26.29301447447452], [-48.68150780635646, -26.29278266976487]]]}}, {"type": "Feature", "properties": {"cod_imovel": "SC-4216206-ADF950151E9049C88CCD096E4435A978", "municipio": "Sao Francisco do Sul", "num_area": 3.6933, "mod_fiscal": 0.3078, "des_condic": "Aguardando analise", "ind_status": "PE", "dat_atuali": "15/10/2018"}, "geometry": {"type": "Polygon", "coordinates": [[[-48.66418070759733, -26.28184026359949], [-48.66345236805757, -26.28198275049257], [-48.66207131909935, -26.282669665488882], [-48.66058914761087, -26.28284527227303], [-48.66039433803524, -26.28304380806077], [-48.661906268848, -26.28436553577826], [-48.66418070759733, -26.28184026359949]]]}}, {"type": "Feature", "properties": {"cod_imovel": "SC-4216206-9999B9E8777448F19D87F3C4710F9ADA", "municipio": "Sao Francisco do Sul", "num_area": 17.8204, "mod_fiscal": 1.485, "des_condic": "Aguardando analise", "ind_status": "PE", "dat_atuali": "30/05/2018"}, "geometry": {"type": "Polygon", "coordinates": [[[-48.65774446248822, -26.287296701200102], [-48.65209328632697, -26.293569180948907], [-48.653639631521095, -26.294701216643208], [-48.65929078941194, -26.288428674916528], [-48.65774446248822, -26.287296701200102]]]}}, {"type": "Feature", "properties": {"cod_imovel": "SC-4216206-D7F60AF311E246C7AEA46A8BE3DCFAAB", "municipio": "Sao Francisco do Sul", "num_area": 46.4073, "mod_fiscal": 3.8673, "des_condic": "Aguardando analise", "ind_status": "PE", "dat_atuali": "29/05/2018"}, "geometry": {"type": "Polygon", "coordinates": [[[-48.65012964709869, -26.29881707959527], [-48.65127290193017, -26.29965691930409], [-48.67184762517342, -26.2766947509084], [-48.67155795381645, -26.27618082518827], [-48.67114046803943, -26.27617013997997], [-48.67081013577445, -26.27595509935027], [-48.67040437769759, -26.27631952869748], [-48.65012964709869, -26.29881707959527]]]}}, {"type": "Feature", "properties": {"cod_imovel": "SC-4216206-629D82410C2544BC960F60FFE868DE06", "municipio": "Sao Francisco do Sul", "num_area": 151.9248, "mod_fiscal": 12.6604, "des_condic": "Aguardando analise", "ind_status": "PE", "dat_atuali": "28/03/2018"}, "geometry": {"type": "Polygon", "coordinates": [[[-48.66181366158759, -26.314147909606334], [-48.66743799143018, -26.308876304791], [-48.66686222122809, -26.308533084337284], [-48.67319853885664, -26.30219063478131], [-48.67138426348856, -26.300566847163168], [-48.66556490069041, -26.306058397158324], [-48.66389074271717, -26.303713773412255], [-48.669920493549796, -26.299217542924055], [-48.66670141153406, -26.296248535811173], [-48.654138870390796, -26.308385134806485], [-48.66181366158759, -26.314147909606334]]]}}, {"type": "Feature", "properties": {"cod_imovel": "SC-4216206-FD1EB24E556E4E769FF08FCEBF0654F5", "municipio": "Sao Francisco do Sul", "num_area": 42.6154, "mod_fiscal": 3.5513, "des_condic": "Aguardando analise", "ind_status": "PE", "dat_atuali": "08/05/2018"}, "geometry": {"type": "Polygon", "coordinates": [[[-48.681944946979186, -26.293313349700185], [-48.67289622274435, -26.30189265445131], [-48.674736158265354, -26.303516566749533], [-48.68030704737357, -26.298345771757987], [-48.681356972866006, -26.29927237148196], [-48.68467243536811, -26.2962480726754], [-48.68464427697275, -26.29538489246247], [-48.68261314676882, -26.294316821704196], [-48.68264484470142, -26.29351598404349], [-48.68300358814894, -26.29320232695381], [-48.68256642843634, -26.292800872198523], [-48.68231662286202, -26.293213108708855], [-48.681944946979186, -26.293313349700185]]]}}, {"type": "Feature", "properties": {"cod_imovel": "SC-4216206-6A714FC4DE2E40F0BA8BEBD8475F724F", "municipio": "Sao Francisco do Sul", "num_area": 19.2092, "mod_fiscal": 1.6008, "des_condic": "Aguardando analise", "ind_status": "PE", "dat_atuali": "28/03/2018"}, "geometry": {"type": "Polygon", "coordinates": [[[-48.64779353141785, -26.312497137310036], [-48.64661335945129, -26.313708900550623], [-48.65619421005249, -26.320267589558803], [-48.657138347625725, -26.319267461565154], [-48.64779353141785, -26.312497137310036]]]}}, {"type": "Feature", "properties": {"cod_imovel": "SC-4216206-BFCC90183E0846B3B0AFDFD6C0E8E3D0", "municipio": "Sao Francisco do Sul", "num_area": 5.8256, "mod_fiscal": 0.4855, "des_condic": "Aguardando analise", "ind_status": "PE", "dat_atuali": "13/03/2018"}, "geometry": {"type": "Polygon", "coordinates": [[[-48.67136478424072, -26.283006993281486], [-48.67091417312622, -26.282872317888135], [-48.661601543426514, -26.292010650639305], [-48.661923408508294, -26.29224150445826], [-48.67136478424072, -26.283006993281486]]]}}, {"type": "Feature", "properties": {"cod_imovel": "SC-4216206-6C1B9E15714947D4B3804E640EE072DD", "municipio": "Sao Francisco do Sul", "num_area": 11.2815, "mod_fiscal": 0.9401, "des_condic": "Aguardando analise", "ind_status": "PE", "dat_atuali": "10/01/2017"}, "geometry": {"type": "Polygon", "coordinates": [[[-48.65880131721496, -26.321960094182412], [-48.65977764129638, -26.32171006664726], [-48.6604642868042, -26.32134464081728], [-48.6610221862793, -26.320825349496584], [-48.65726709365845, -26.31832502536085], [-48.65492820739746, -26.319325161491832], [-48.65880131721496, -26.321960094182412]]]}}, {"type": "Feature", "properties": {"cod_imovel": "SC-4216206-B98A97B8F05A484C9B2AEC9F14819710", "municipio": "Sao Francisco do Sul", "num_area": 2.6881, "mod_fiscal": 0.224, "des_condic": "Aguardando analise", "ind_status": "PE", "dat_atuali": "06/10/2016"}, "geometry": {"type": "Polygon", "coordinates": [[[-48.67065668106079, -26.28269916358125], [-48.670527935028076, -26.282660684811287], [-48.66170883178711, -26.292029888475103], [-48.661816120147705, -26.292087601963356], [-48.67065668106079, -26.28269916358125]]]}}, {"type": "Feature", "properties": {"cod_imovel": "SC-4216206-72A3E0078E964CC39C168E9644FB8DFA", "municipio": "Sao Francisco do Sul", "num_area": 14.0359, "mod_fiscal": 1.1697, "des_condic": "Aguardando analise", "ind_status": "PE", "dat_atuali": "18/01/2017"}, "geometry": {"type": "Polygon", "coordinates": [[[-48.6510443687439, -26.28450765137362], [-48.65220308303832, -26.285488840399772], [-48.65582942962646, -26.28208350173044], [-48.65361928939819, -26.280313455711234], [-48.65067958831787, -26.283064711259364], [-48.6517310142517, -26.283872759934432], [-48.6510443687439, -26.28450765137362]]]}}, {"type": "Feature", "properties": {"cod_imovel": "SC-4216206-3BBB8BFEB7C541E3B2FBBB5AD8CFCFFB", "municipio": "Sao Francisco do Sul", "num_area": 18.8083, "mod_fiscal": 1.5674, "des_condic": "Aguardando analise", "ind_status": "PE", "dat_atuali": "27/06/2016"}, "geometry": {"type": "Polygon", "coordinates": [[[-48.651940224933156, -26.305038611856947], [-48.6482966747724, -26.30310371327207], [-48.64749516875419, -26.304381295182814], [-48.645795728113875, -26.306279927825695], [-48.6489603705935, -26.308547997078954], [-48.651940224933156, -26.305038611856947]]]}}, {"type": "Feature", "properties": {"cod_imovel": "SC-4216206-C1D029FE352340BAB54F7B21FC9C7F85", "municipio": "Sao Francisco do Sul", "num_area": 21.2118, "mod_fiscal": 1.7676, "des_condic": "Aguardando analise", "ind_status": "PE", "dat_atuali": "17/08/2016"}, "geometry": {"type": "Polygon", "coordinates": [[[-48.686363697052, -26.29431916814881], [-48.685054779052734, -26.293992130962394], [-48.67351055145264, -26.305303234296865], [-48.67449760437012, -26.305995714973573], [-48.686363697052, -26.29431916814881]]]}}, {"type": "Feature", "properties": {"cod_imovel": "SC-4216206-1EC97C8D73EB45B89D738411F392C180", "municipio": "Sao Francisco do Sul", "num_area": 1.5003, "mod_fiscal": 0.125, "des_condic": "Aguardando analise", "ind_status": "PE", "dat_atuali": "05/09/2016"}, "geometry": {"type": "Polygon", "coordinates": [[[-48.65095853805542, -26.284546129530995], [-48.65224599838257, -26.285488840399772], [-48.652846813201904, -26.284911671389455], [-48.6514949798584, -26.283911238302384], [-48.65095853805542, -26.284546129530995]]]}}, {"type": "Feature", "properties": {"cod_imovel": "SC-4216206-57C35586E6E748E0B5D88D708B1DC500", "municipio": "Sao Francisco do Sul", "num_area": 13.0049, "mod_fiscal": 1.0837, "des_condic": "Aguardando analise", "ind_status": "PE", "dat_atuali": "15/04/2016"}, "geometry": {"type": "Polygon", "coordinates": [[[-48.67499411194305, -26.3045212435413], [-48.67442103899161, -26.30428870586445], [-48.66311377215184, -26.31510118928139], [-48.66389381850113, -26.31563819327654], [-48.67053321479421, -26.30933148145706], [-48.670241479414, -26.30891959827435], [-48.67499411194305, -26.3045212435413]]]}}, {"type": "Feature", "properties": {"cod_imovel": "SC-4216206-B7C0BAFB39E34C93B38C1E3D1C916EB0", "municipio": "Sao Francisco do Sul", "num_area": 3.383, "mod_fiscal": 0.2819, "des_condic": "Aguardando analise", "ind_status": "PE", "dat_atuali": "13/04/2016"}, "geometry": {"type": "Polygon", "coordinates": [[[-48.6707854270935, -26.282795360450304], [-48.6623740196228, -26.291895223557503], [-48.66256713867187, -26.292068364137126], [-48.67097854614258, -26.282930035933006], [-48.6707854270935, -26.282795360450304]]]}}, {"type": "Feature", "properties": {"cod_imovel": "SC-4216206-434A95DB4B5F48BEBB788A51C4B156E5", "municipio": "Sao Francisco do Sul", "num_area": 4.4881, "mod_fiscal": 0.374, "des_condic": "Aguardando analise", "ind_status": "PE", "dat_atuali": "14/03/2016"}, "geometry": {"type": "Polygon", "coordinates": [[[-48.644864559173584, -26.294222980836775], [-48.644649982452385, -26.29472315398806], [-48.65057229995727, -26.298936065292484], [-48.65097999572754, -26.298532094131826], [-48.644864559173584, -26.294222980836775]]]}}, {"type": "Feature", "properties": {"cod_imovel": "SC-4216206-571969D69A2B4A5F96C150FC64C78F98", "municipio": "Sao Francisco do Sul", "num_area": 23.0111, "mod_fiscal": 1.9176, "des_condic": "Aguardando analise", "ind_status": "PE", "dat_atuali": "06/04/2016"}, "geometry": {"type": "Polygon", "coordinates": [[[-48.669562339782715, -26.3023216730172], [-48.66773843765259, -26.299994078327884], [-48.662416934967034, -26.304360684505358], [-48.66419792175293, -26.3068228392483], [-48.669562339782715, -26.3023216730172]]]}}, {"type": "Feature", "properties": {"cod_imovel": "SC-4216206-80A0BBE66B9643CEA61BDCBEFDC1E83F", "municipio": "Sao Francisco do Sul", "num_area": 62.5934, "mod_fiscal": 5.2161, "des_condic": "Aguardando analise", "ind_status": "PE", "dat_atuali": "03/03/2016"}, "geometry": {"type": "Polygon", "coordinates": [[[-48.647804260253906, -26.3124779028707], [-48.65647315979004, -26.318632760474735], [-48.65874767303467, -26.31630549338923], [-48.65645170211792, -26.314555203868657], [-48.65715980529785, -26.313824305912554], [-48.65499258041382, -26.31224708934969], [-48.65578651428223, -26.311997040849707], [-48.656301498413086, -26.31159311520985], [-48.65846872329711, -26.311997040849707], [-48.654799461364746, -26.309188766789713], [-48.65299701690674, -26.307611487128955], [-48.65014314651489, -26.309996633424017], [-48.647804260253906, -26.3124779028707]]]}}, {"type": "Feature", "properties": {"cod_imovel": "SC-4216206-08891079892A4388856FDD7573BF5F08", "municipio": "Sao Francisco do Sul", "num_area": 6.8058, "mod_fiscal": 0.5671, "des_condic": "Aguardando analise", "ind_status": "PE", "dat_atuali": "01/03/2016"}, "geometry": {"type": "Polygon", "coordinates": [[[-48.66237480423578, -26.31468170800122], [-48.66822700086219, -26.30932885858521], [-48.66761242257176, -26.30883794973648], [-48.66175187511405, -26.31419827474604], [-48.66237480423578, -26.31468170800122]]]}}, {"type": "Feature", "properties": {"cod_imovel": "SC-4216206-9738EF99104748FE8010FAAB806C0345", "municipio": "Sao Francisco do Sul", "num_area": 17.5656, "mod_fiscal": 1.4638, "des_condic": "Aguardando analise", "ind_status": "PE", "dat_atuali": "22/02/2016"}, "geometry": {"type": "Polygon", "coordinates": [[[-48.66647243499756, -26.30878483136055], [-48.66810321807861, -26.310208216611816], [-48.673532009124756, -26.30522629174406], [-48.671815395355225, -26.303841317059167], [-48.66647243499756, -26.30878483136055]]]}}, {"type": "Feature", "properties": {"cod_imovel": "SC-4216206-6770739CF1654538BE4E4C7DE51BE5C4", "municipio": "Sao Francisco do Sul", "num_area": 10.181, "mod_fiscal": 0.8484, "des_condic": "Aguardando analise", "ind_status": "PE", "dat_atuali": "04/02/2016"}, "geometry": {"type": "Polygon", "coordinates": [[[-48.67994785308838, -26.29404984347408], [-48.679325580596924, -26.29366509285363], [-48.67039918899536, -26.30211007543121], [-48.670828342437744, -26.302764103085217], [-48.67994785308838, -26.29404984347408]]]}}, {"type": "Feature", "properties": {"cod_imovel": "SC-4216206-A6E252CE29214E9F98255C1B9020AADC", "municipio": "Sao Francisco do Sul", "num_area": 7.8116, "mod_fiscal": 0.651, "des_condic": "Aguardando analise", "ind_status": "PE", "dat_atuali": "01/12/2015"}, "geometry": {"type": "Polygon", "coordinates": [[[-48.680548667907715, -26.2925108333329], [-48.680291175842285, -26.292203028853688], [-48.66936922073364, -26.301802296434815], [-48.66943359375, -26.30216778390206], [-48.669562339782715, -26.30230243688898], [-48.680055141448975, -26.293049489205647], [-48.68020534515381, -26.292664735266133], [-48.680548667907715, -26.2925108333329]]]}}, {"type": "Feature", "properties": {"cod_imovel": "SC-4216206-822F0A67B7A74FD493428DDD8511E26C", "municipio": "Sao Francisco do Sul", "num_area": 5.0306, "mod_fiscal": 0.4192, "des_condic": "Aguardando analise", "ind_status": "PE", "dat_atuali": "20/05/2015"}, "geometry": {"type": "Polygon", "coordinates": [[[-48.659563064575195, -26.280679010905978], [-48.656601905822754, -26.283064711259364], [-48.65677356719971, -26.28448841229014], [-48.65969181060791, -26.282102741212732], [-48.659563064575195, -26.280679010905978]]]}}, {"type": "Feature", "properties": {"cod_imovel": "SC-4216206-099F42D88A0E4793A016994716014862", "municipio": "Sao Francisco do Sul", "num_area": 36.6309, "mod_fiscal": 3.0526, "des_condic": "Aguardando analise", "ind_status": "PE", "dat_atuali": "18/06/2015"}, "geometry": {"type": "Polygon", "coordinates": [[[-48.67664337158203, -26.30368742996152], [-48.67765188217163, -26.304418391855716], [-48.67825269699097, -26.303975968102], [-48.67898225784302, -26.30424526971844], [-48.68018388748169, -26.302667922779296], [-48.68421792984009, -26.299128432017103], [-48.69020462036132, -26.293415004265782], [-48.69014024734497, -26.29270321071753], [-48.688530921936035, -26.292491595576873], [-48.686513900756836, -26.294184505889636], [-48.67621421813964, -26.303764373535884], [-48.67664337158203, -26.30368742996152]]]}}, {"type": "Feature", "properties": {"cod_imovel": "SC-4216206-DED1DFD50DB641B997B6AE8F2A003550", "municipio": "Sao Francisco do Sul", "num_area": 15.827, "mod_fiscal": 1.3189, "des_condic": "Aguardando analise", "ind_status": "PE", "dat_atuali": "21/10/2015"}, "geometry": {"type": "Polygon", "coordinates": [[[-48.6493720178118, -26.2982776025609], [-48.649744700079, -26.298550438631], [-48.6705687713966, -26.2754342338367], [-48.6701955064, -26.2751621178888], [-48.6493720178118, -26.2982776025609]]]}}, {"type": "Feature", "properties": {"cod_imovel": "SC-4216206-5350FCEE9F144F3FAC63684D599420D3", "municipio": "Sao Francisco do Sul", "num_area": 52.273, "mod_fiscal": 4.3561, "des_condic": "Aguardando analise", "ind_status": "PE", "dat_atuali": "14/05/2015"}, "geometry": {"type": "Polygon", "coordinates": [[[-48.671793937683105, -26.283006993281486], [-48.6707854270935, -26.28310318989532], [-48.67065668106079, -26.283411018523545], [-48.66256713867187, -26.292183791046607], [-48.665871620178216, -26.29412679344497], [-48.674798011779785, -26.284219064786548], [-48.67415428161621, -26.284084390800235], [-48.672823905944824, -26.283430257785692], [-48.672029972076416, -26.284411455924364], [-48.67164373397827, -26.284122869097985], [-48.672308921813965, -26.283199386429388], [-48.671793937683105, -26.283006993281486]]]}}, {"type": "Feature", "properties": {"cod_imovel": "SC-4216206-F8E7F5592867434C98A80546EF1154B6", "municipio": "Sao Francisco do Sul", "num_area": 10.3133, "mod_fiscal": 0.8594, "des_condic": "Aguardando analise", "ind_status": "PE", "dat_atuali": "30/04/2015"}, "geometry": {"type": "Polygon", "coordinates": [[[-48.649113178253174, -26.300705827118964], [-48.64763259887695, -26.300013314839155], [-48.64314794540405, -26.304341448715526], [-48.64445686340332, -26.305072406485216], [-48.649113178253174, -26.300705827118964]]]}}, {"type": "Feature", "properties": {"cod_imovel": "SC-4216206-3191362DBD864A5D9E139DEC1BF60144", "municipio": "Sao Francisco do Sul", "num_area": 8.4041, "mod_fiscal": 0.7003, "des_condic": "Aguardando analise", "ind_status": "PE", "dat_atuali": "27/04/2015"}, "geometry": {"type": "Polygon", "coordinates": [[[-48.65582942962646, -26.290086850943666], [-48.65499258041382, -26.29014456539885], [-48.654799461364746, -26.295242562284685], [-48.65518569946289, -26.295107901097854], [-48.655571937561035, -26.294530779954428], [-48.65724563598633, -26.29480010351215], [-48.65582942962646, -26.290086850943666]]]}}, {"type": "Feature", "properties": {"cod_imovel": "SC-4216206-C024A8E545DC465AA9366ECDC4765E8E", "municipio": "Sao Francisco do Sul", "num_area": 12.4902, "mod_fiscal": 1.0409, "des_condic": "Aguardando analise", "ind_status": "PE", "dat_atuali": "12/05/2015"}, "geometry": {"type": "Polygon", "coordinates": [[[-48.6794114112854, -26.29083713662091], [-48.67366075515747, -26.295704256595094], [-48.67398262023926, -26.296031288952705], [-48.66745948791504, -26.301532989142615], [-48.66793155670166, -26.301879241260522], [-48.67994785308838, -26.291529703707173], [-48.6794114112854, -26.29083713662091]]]}}, {"type": "Feature", "properties": {"cod_imovel": "SC-4216206-6B26158F5225425C8C6558432C370292", "municipio": "Sao Francisco do Sul", "num_area": 363.2659, "mod_fiscal": 30.2722, "des_condic": "Aguardando analise", "ind_status": "PE", "dat_atuali": "10/04/2015"}, "geometry": {"type": "Polygon", "coordinates": [[[-48.644124366632575, -26.319042733866944], [-48.64830539763705, -26.32292143986698], [-48.64859033463734, -26.322826379867035], [-48.65328271264222, -26.334218849866893], [-48.655594945644744, -26.333046402866973], [-48.656465656645686, -26.332281477867046], [-48.6573285886466, -26.333188374867007], [-48.65723634764646, -26.333347909866983], [-48.66237408665188, -26.337604849866995], [-48.6649190456545, -26.33907172686707], [-48.66666520965632, -26.341138734867037], [-48.673103763662894, -26.346446478867016], [-48.67392078866374, -26.345296152867107], [-48.67410715266392, -26.344547796867143], [-48.67278529266255, -26.34386551186715], [-48.6727455216625, -26.34315481086715], [-48.671569187661326, -26.34190394386712], [-48.67234045666218, -26.341437547867198], [-48.67381048666363, -26.341023953867218], [-48.67524891166509, -26.341006924867283], [-48.6754158676653, -26.3415323428673], [-48.67654001766646, -26.341770758867273], [-48.676716892666555, -26.340963523867277], [-48.67796119866792, -26.341091494867346], [-48.67815191066805, -26.34231583686726], [-48.679013983668916, -26.341929641867402], [-48.68048710267034, -26.34244482686734], [-48.681673754671586, -26.342124238867417], [-48.66250892165222, -26.327924057867293], [-48.664515078654325, -26.325764454867333], [-48.65909845964863, -26.32197265786734], [-48.6589592986485, -26.321888136867347], [-48.65639998264586, -26.322381307867207], [-48.65509936464437, -26.3246890678671], [-48.65425456564345, -26.32529036886707], [-48.65086307963992, -26.316293857867223], [-48.64511095663377, -26.312283605867176], [-48.641824378065415, -26.315780918903403], [-48.64476656540405, -26.31824278601399], [-48.644124366632575, -26.319042733866944]]]}}, {"type": "Feature", "properties": {"cod_imovel": "SC-4216206-8A34F8FB34364B009C69FFD5A2D54567", "municipio": "Sao Francisco do Sul", "num_area": 1.8877, "mod_fiscal": 0.1573, "des_condic": "Aguardando analise", "ind_status": "PE", "dat_atuali": "27/03/2015"}, "geometry": {"type": "Polygon", "coordinates": [[[-48.644564151763916, -26.295184850366617], [-48.649563789367676, -26.29951316450877], [-48.64964962005615, -26.299224615259718], [-48.64469289779663, -26.294973239754626], [-48.644564151763916, -26.295184850366617]]]}}, {"type": "Feature", "properties": {"cod_imovel": "SC-4216206-DAEEC1E0BE8D49C7BCCED08CAF6BEAD6", "municipio": "Sao Francisco do Sul", "num_area": 31.3508, "mod_fiscal": 2.6126, "des_condic": "Aguardando analise", "ind_status": "PE", "dat_atuali": "27/04/2015"}, "geometry": {"type": "Polygon", "coordinates": [[[-48.663833141326904, -26.31586311501856], [-48.65797519683837, -26.311516176833095], [-48.65291118621826, -26.31086219856796], [-48.656837940216064, -26.31355502655588], [-48.656108379364014, -26.314305160349946], [-48.661344051361084, -26.318171157497314], [-48.663833141326904, -26.31586311501856]]]}}, {"type": "Feature", "properties": {"cod_imovel": "SC-4216206-AE7D1744D27A491E95FCE09165CCC1C4", "municipio": "Sao Francisco do Sul", "num_area": 36.1398, "mod_fiscal": 3.0117, "des_condic": "Aguardando analise", "ind_status": "PE", "dat_atuali": "28/04/2015"}, "geometry": {"type": "Polygon", "coordinates": [[[-48.65801811218262, -26.29147198994128], [-48.649048805236816, -26.30099437268127], [-48.65115165710449, -26.302417853610415], [-48.66014242172241, -26.292818636995122], [-48.65801811218262, -26.29147198994128]]]}}, {"type": "Feature", "properties": {"cod_imovel": "SC-4216206-883A361A6859412893F5E879E6E3A646", "municipio": "Sao Francisco do Sul", "num_area": 77.2928, "mod_fiscal": 6.4411, "des_condic": "Aguardando analise", "ind_status": "PE", "dat_atuali": "24/07/2014"}, "geometry": {"type": "Polygon", "coordinates": [[[-48.66741935713654, -26.31831103349533], [-48.67798704909181, -26.30889851852467], [-48.6740998124741, -26.30528963007102], [-48.67154952824154, -26.3076859052409], [-48.67026526827641, -26.30910018542362], [-48.67026476156801, -26.30950869691201], [-48.66724142690381, -26.31202514749575], [-48.66389089381516, -26.31565563808247], [-48.66741935713654, -26.31831103349533]]]}}, {"type": "Feature", "properties": {"cod_imovel": "SC-4216206-0DB24E69FBD54EBE9F07A458FC418E1A", "municipio": "Sao Francisco do Sul", "num_area": 814.3441, "mod_fiscal": 67.862, "des_condic": "Aguardando analise", "ind_status": "PE", "dat_atuali": "10/04/2015"}, "geometry": {"type": "Polygon", "coordinates": [[[-48.60377847558516, -26.35485030486485], [-48.587601309564924, -26.360313993864185], [-48.5893356005671, -26.361705724864233], [-48.590087669568014, -26.362853359864225], [-48.59035810856835, -26.363599094864213], [-48.593086536571775, -26.364738167864264], [-48.59391837257278, -26.365369195864268], [-48.59460711457364, -26.366525636864246], [-48.59557018457484, -26.367150038864274], [-48.59609208257547, -26.367833179864252], [-48.596323865575755, -26.367855363864305], [-48.59697770457653, -26.36953744286426], [-48.5966627565761, -26.369603738864253], [-48.60174839558225, -26.3773006828642], [-48.60142311258181, -26.379289446864167], [-48.60230497758285, -26.381735936864157], [-48.603346870584055, -26.38719714986404], [-48.614976625598075, -26.387347083864373], [-48.61564769159887, -26.38715812586444], [-48.61753600660108, -26.387080839864474], [-48.61752958560103, -26.38798878586443], [-48.61707821860051, -26.388023050864437], [-48.617443540600924, -26.388557948864438], [-48.62110974860527, -26.388192178864536], [-48.62163086260587, -26.38760842986458], [-48.62201414660636, -26.385831802864672], [-48.62183387360614, -26.385331334864638], [-48.62244232660686, -26.384003495864686], [-48.62371341960837, -26.383462828864744], [-48.62406689060883, -26.382304460864777], [-48.624113845608875, -26.38068910186485], [-48.62507824961, -26.38052592986489], [-48.62388312160864, -26.378658689864878], [-48.62149094660592, -26.37747965586483], [-48.62005140060424, -26.37566611186487], [-48.62109652160548, -26.37501197686487], [-48.62043609360472, -26.37454272886491], [-48.62085642260523, -26.373648139864905], [-48.62153900660603, -26.373929304864905], [-48.621905254606425, -26.374585435864933], [-48.623704130608544, -26.373339565865034], [-48.62403711160892, -26.37285645686504], [-48.62405133660898, -26.37258619886504], [-48.62354586260839, -26.371200276865064], [-48.62577434861102, -26.370919182865133], [-48.62907385961475, -26.37224340686517], [-48.6297000906155, -26.37134354886525], [-48.63035449961624, -26.37131951286525], [-48.63084624561684, -26.3707395528653], [-48.62590755361122, -26.368167374865173], [-48.625868440611164, -26.367910254865222], [-48.62410163660914, -26.36670793686518], [-48.62368497660864, -26.368445426865172], [-48.622445176607194, -26.368032495865098], [-48.622450603607156, -26.368433934865074], [-48.6228413166076, -26.369262366865104], [-48.61960612460384, -26.369085187864968], [-48.619945498604274, -26.368406802865035], [-48.62219912560687, -26.36842033486508], [-48.62243724360719, -26.36736809786509], [-48.609491633592036, -26.356755921864966], [-48.60682825858887, -26.354268943864955], [-48.60377847558516, -26.35485030486485]]]}}, {"type": "Feature", "properties": {"cod_imovel": "SC-4216206-5E91972AAA3743CE8EA0D6A489C5566A", "municipio": "Sao Francisco do Sul", "num_area": 3.0, "mod_fiscal": 0.25, "des_condic": "Aguardando analise", "ind_status": "PE", "dat_atuali": "25/08/2025"}, "geometry": {"type": "Polygon", "coordinates": [[[-48.62255487043298, -26.36930852989819], [-48.62219052919468, -26.36837956223473], [-48.61916383318794, -26.36818238965964], [-48.6195332170535, -26.36910684481748], [-48.62255487043298, -26.36930852989819]]]}}, {"type": "Feature", "properties": {"cod_imovel": "SC-4216206-47D908FB253C46DF9B11BF96F64354F1", "municipio": "Sao Francisco do Sul", "num_area": 7.114, "mod_fiscal": 0.5928, "des_condic": "Aguardando analise", "ind_status": "AT", "dat_atuali": "29/03/2026"}, "geometry": {"type": "Polygon", "coordinates": [[[-48.6438585222285, -26.2957500857335], [-48.6430711025848, -26.2967065909132], [-48.6472658748259, -26.2998723794374], [-48.6479611411071, -26.2988507383407], [-48.6438585222285, -26.2957500857335]]]}}, {"type": "Feature", "properties": {"cod_imovel": "SC-4216206-0ED4A64425544B2B994C21568555BA2D", "municipio": "Sao Francisco do Sul", "num_area": 32.9228, "mod_fiscal": 2.7436, "des_condic": "Aguardando analise", "ind_status": "AT", "dat_atuali": "29/03/2026"}, "geometry": {"type": "Polygon", "coordinates": [[[-48.56669426936076, -26.2944414793349], [-48.56507747334364, -26.293090287712], [-48.54116120625452, -26.29923964847971], [-48.54139552053202, -26.29982334888011], [-48.56669426936076, -26.2944414793349]]]}}, {"type": "Feature", "properties": {"cod_imovel": "SC-4216206-44EEECB4E2764E15B121DCC7644037B2", "municipio": "Sao Francisco do Sul", "num_area": 7.1182, "mod_fiscal": 0.5932, "des_condic": "Aguardando analise", "ind_status": "AT", "dat_atuali": "27/03/2026"}, "geometry": {"type": "Polygon", "coordinates": [[[-48.6430713358179, -26.2967062876279], [-48.6423709071841, -26.2977162746634], [-48.64650362531, -26.3008453220054], [-48.6472657770986, -26.299872305675], [-48.6430713358179, -26.2967062876279]]]}}, {"type": "Feature", "properties": {"cod_imovel": "SC-4216206-96ADA96DFE2245B483B6CF106F3C8306", "municipio": "Sao Francisco do Sul", "num_area": 0.5103, "mod_fiscal": 0.0425, "des_condic": "Aguardando analise", "ind_status": "AT", "dat_atuali": "26/03/2026"}, "geometry": {"type": "Polygon", "coordinates": [[[-48.6269228251999, -26.3350148606594], [-48.62671099181408, -26.33489949509829], [-48.62503348093585, -26.33617901423408], [-48.62525386071416, -26.33628541406272], [-48.6269228251999, -26.3350148606594]]]}}, {"type": "Feature", "properties": {"cod_imovel": "SC-4216206-E70E327D16CC42CEA5DBE37B876128F0", "municipio": "Sao Francisco do Sul", "num_area": 0.045, "mod_fiscal": 0.0037, "des_condic": "Aguardando analise", "ind_status": "AT", "dat_atuali": "18/03/2026"}, "geometry": {"type": "Polygon", "coordinates": [[[-48.61104628755466, -26.26947673285692], [-48.61074837450947, -26.26945680511938], [-48.61071938955703, -26.26959212892538], [-48.6110228918343, -26.26960892265061], [-48.61104628755466, -26.26947673285692]]]}}, {"type": "Feature", "properties": {"cod_imovel": "SC-4216206-AF6C2669CB6748D1BAAFD658DD738980", "municipio": "Sao Francisco do Sul", "num_area": 0.028, "mod_fiscal": 0.0023, "des_condic": "Aguardando analise", "ind_status": "AT", "dat_atuali": "12/03/2026"}, "geometry": {"type": "Polygon", "coordinates": [[[-48.62759775214123, -26.34912959291128], [-48.62738923437678, -26.34896362426909], [-48.62738335919603, -26.34908420588014], [-48.62759775214123, -26.34912959291128]]]}}, {"type": "Feature", "properties": {"cod_imovel": "SC-4216206-F93B46834FFD43ACAC3A728A7BA5E08E", "municipio": "Sao Francisco do Sul", "num_area": 0.0839, "mod_fiscal": 0.007, "des_condic": "Aguardando analise", "ind_status": "AT", "dat_atuali": "11/03/2026"}, "geometry": {"type": "Polygon", "coordinates": [[[-48.63611516348686, -26.32651159442478], [-48.63601960922554, -26.32646277806325], [-48.63583141564003, -26.32711999599896], [-48.63594875627831, -26.32714894652526], [-48.63611516348686, -26.32651159442478]]]}}, {"type": "Feature", "properties": {"cod_imovel": "SC-4216206-AE42EC7A2E36448A90458169F64DEA9F", "municipio": "Sao Francisco do Sul", "num_area": 7.041, "mod_fiscal": 0.5868, "des_condic": "Aguardando analise", "ind_status": "PE", "dat_atuali": "10/09/2024"}, "geometry": {"type": "Polygon", "coordinates": [[[-48.64800176307204, -26.27995208516776], [-48.65481513050607, -26.27422838590562], [-48.65447803177534, -26.27404797688911], [-48.64776288427688, -26.27869412570219], [-48.64800176307204, -26.27995208516776]]]}}, {"type": "Feature", "properties": {"cod_imovel": "SC-4216206-AFF1C6D573844F45A0D632722267E099", "municipio": "Sao Francisco do Sul", "num_area": 5.9107, "mod_fiscal": 0.4926, "des_condic": "Aguardando analise", "ind_status": "PE", "dat_atuali": "17/02/2017"}, "geometry": {"type": "Polygon", "coordinates": [[[-48.64713547085862, -26.27803895690502], [-48.64770590648801, -26.27883008145554], [-48.64972366223566, -26.27809101268382], [-48.65203724681776, -26.27677901437421], [-48.6516068507443, -26.27611942389152], [-48.65159984085071, -26.27581158804999], [-48.64713547085862, -26.27803895690502]]]}}, {"type": "Feature", "properties": {"cod_imovel": "SC-4216206-CAEC52645C224774B988F2BE91F6E462", "municipio": "Sao Francisco do Sul", "num_area": 0.0505, "mod_fiscal": 0.0042, "des_condic": "Aguardando analise", "ind_status": "AT", "dat_atuali": "19/02/2026"}, "geometry": {"type": "Polygon", "coordinates": [[[-48.59232342836564, -26.2861734901301], [-48.59219043633222, -26.28621170062903], [-48.59223822512956, -26.28655277247536], [-48.59236620414495, -26.28649873983784], [-48.59232342836564, -26.2861734901301]]]}}, {"type": "Feature", "properties": {"cod_imovel": "SC-4216206-1DBCD94C9E9546039A3DF3CDF7A50C77", "municipio": "Sao Francisco do Sul", "num_area": 33.72, "mod_fiscal": 2.81, "des_condic": "Aguardando analise", "ind_status": "AT", "dat_atuali": "13/02/2026"}, "geometry": {"type": "Polygon", "coordinates": [[[-48.62958251796326, -26.31909152273094], [-48.62978531389606, -26.32032382415596], [-48.63076569011256, -26.32266920621058], [-48.6315422350846, -26.32361730678885], [-48.63652895385756, -26.3265738851145], [-48.63730558886062, -26.32236761590607], [-48.63400349801046, -26.32034790386875], [-48.63405999521599, -26.31990373562206], [-48.62958251796326, -26.31909152273094]]]}}, {"type": "Feature", "properties": {"cod_imovel": "SC-4216206-F11FAB6A614240F69C689BA8B31D9B30", "municipio": "Sao Francisco do Sul", "num_area": 381.343, "mod_fiscal": 31.7786, "des_condic": "Aguardando analise", "ind_status": "AT", "dat_atuali": "20/01/2026"}, "geometry": {"type": "Polygon", "coordinates": [[[-48.59330552449839, -26.3209001813506], [-48.5946331447829, -26.32739219201652], [-48.6065840726088, -26.32229331913407], [-48.60911586018599, -26.32693152815208], [-48.61760026056687, -26.32259393697928], [-48.61536643237882, -26.3086086387919], [-48.62485668680753, -26.30391333397862], [-48.62284733986934, -26.30096011458681], [-48.6002405642496, -26.31028672469477], [-48.60413799330311, -26.31621785599248], [-48.59330552449839, -26.3209001813506]]]}}, {"type": "Feature", "properties": {"cod_imovel": "SC-4216206-A4FEC621FA6F4CBD88CEB9B2170879C6", "municipio": "Sao Francisco do Sul", "num_area": 0.3255, "mod_fiscal": 0.0271, "des_condic": "Aguardando analise", "ind_status": "AT", "dat_atuali": "10/12/2025"}, "geometry": {"type": "Polygon", "coordinates": [[[-48.679304122924805, -26.29230883673555], [-48.68018421688144, -26.29146579784129], [-48.68002993743418, -26.29128279045038], [-48.67915175842131, -26.29217521508932], [-48.679304122924805, -26.29230883673555]]]}}, {"type": "Feature", "properties": {"cod_imovel": "SC-4216206-2844BA9F01DF49219383DEC0F1F75BF2", "municipio": "Sao Francisco do Sul", "num_area": 0.3304, "mod_fiscal": 0.0275, "des_condic": "Aguardando analise", "ind_status": "AT", "dat_atuali": "10/12/2025"}, "geometry": {"type": "Polygon", "coordinates": [[[-48.68041751337466, -26.29163938370433], [-48.68049738523462, -26.29181867874147], [-48.68175029754639, -26.290596660970834], [-48.68135466492654, -26.29069600042132], [-48.68041751337466, -26.29163938370433]]]}}, {"type": "Feature", "properties": {"cod_imovel": "SC-4216206-8CC0EC1048D444C5B4789FBB8F04F35C", "municipio": "Sao Francisco do Sul", "num_area": 0.36, "mod_fiscal": 0.03, "des_condic": "Aguardando analise", "ind_status": "AT", "dat_atuali": "08/12/2025"}, "geometry": {"type": "Polygon", "coordinates": [[[-48.628910779953, -26.361871027220275], [-48.62848585966427, -26.36224685794989], [-48.62887440411918, -26.36264794927645], [-48.62932275715767, -26.36228040924522], [-48.628910779953, -26.361871027220275]]]}}, {"type": "Feature", "properties": {"cod_imovel": "SC-4216206-935A58225D2046309F566FE4A375F2AF", "municipio": "Sao Francisco do Sul", "num_area": 0.0452, "mod_fiscal": 0.0038, "des_condic": "Aguardando analise", "ind_status": "AT", "dat_atuali": "03/12/2025"}, "geometry": {"type": "Polygon", "coordinates": [[[-48.62407661556185, -26.36686609668043], [-48.62415992149382, -26.36675003794723], [-48.62392396635664, -26.36657817282659], [-48.62384337495358, -26.36668810383302], [-48.62407661556185, -26.36686609668043]]]}}, {"type": "Feature", "properties": {"cod_imovel": "SC-4216206-9889B39FDAB8427BB61B2D1BD3CDFD52", "municipio": "Sao Francisco do Sul", "num_area": 0.5065, "mod_fiscal": 0.0422, "des_condic": "Aguardando analise", "ind_status": "AT", "dat_atuali": "27/11/2025"}, "geometry": {"type": "Polygon", "coordinates": [[[-48.67580683166012, -26.28494604616337], [-48.67741163012631, -26.283385516838], [-48.677372932434075, -26.283314822164968], [-48.67725980358188, -26.28322451085959], [-48.67563791723676, -26.28482094483608], [-48.67580683166012, -26.28494604616337]]]}}, {"type": "Feature", "properties": {"cod_imovel": "SC-4216206-248E314C17D84F8EBE81E27018D167C9", "municipio": "Sao Francisco do Sul", "num_area": 65.3642, "mod_fiscal": 5.447, "des_condic": "Aguardando analise", "ind_status": "AT", "dat_atuali": "24/11/2025"}, "geometry": {"type": "Polygon", "coordinates": [[[-48.67693395737472, -26.35170461106019], [-48.67720275404804, -26.34916897594005], [-48.67543426435054, -26.34889018246607], [-48.67437211743258, -26.34921811489361], [-48.67284976704809, -26.34941773213733], [-48.67090556626314, -26.35030590728247], [-48.66709868157339, -26.35131232022578], [-48.66192013874698, -26.35559174064689], [-48.66255574334075, -26.35734388476644], [-48.66758879276927, -26.35632654498668], [-48.66973584663636, -26.35555680440124], [-48.67485721825467, -26.35229749903563], [-48.67693395737472, -26.35170461106019]]]}}, {"type": "Feature", "properties": {"cod_imovel": "SC-4216206-90473C599A7B4F61B3D7928FA13702EE", "municipio": "Sao Francisco do Sul", "num_area": 0.4795, "mod_fiscal": 0.04, "des_condic": "Aguardando analise", "ind_status": "AT", "dat_atuali": "13/11/2025"}, "geometry": {"type": "Polygon", "coordinates": [[[-48.59057196070813, -26.29770674985771], [-48.59094374051418, -26.2984523678426], [-48.59142190380695, -26.29825111458865], [-48.59105988720708, -26.29750759906124], [-48.59057196070813, -26.29770674985771]]]}}, {"type": "Feature", "properties": {"cod_imovel": "SC-4216206-8107C04849EB45238F3B09260BE47599", "municipio": "Sao Francisco do Sul", "num_area": 0.1248, "mod_fiscal": 0.0104, "des_condic": "Aguardando analise", "ind_status": "AT", "dat_atuali": "11/11/2025"}, "geometry": {"type": "Polygon", "coordinates": [[[-48.61791348215732, -26.36175903410022], [-48.6177299522658, -26.36160567917351], [-48.61741107157605, -26.36195708304373], [-48.61759171469008, -26.36210923338643], [-48.61791348215732, -26.36175903410022]]]}}, {"type": "Feature", "properties": {"cod_imovel": "SC-4216206-944368DA23414C60BDB00A5B997A6B48", "municipio": "Sao Francisco do Sul", "num_area": 5.0516, "mod_fiscal": 0.421, "des_condic": "Aguardando analise", "ind_status": "AT", "dat_atuali": "31/10/2025"}, "geometry": {"type": "Polygon", "coordinates": [[[-48.67745876312256, -26.337826122034517], [-48.6784565448761, -26.337710740590524], [-48.673070669174194, -26.333720394879773], [-48.67249131202698, -26.33421078212806], [-48.67745876312256, -26.337826122034517]]]}}, {"type": "Feature", "properties": {"cod_imovel": "SC-4216206-BDF3D9F19D2543618122267F2E3EEA67", "municipio": "Sao Francisco do Sul", "num_area": 14.88, "mod_fiscal": 1.24, "des_condic": "Aguardando analise", "ind_status": "AT", "dat_atuali": "27/10/2025"}, "geometry": {"type": "Polygon", "coordinates": [[[-48.613527496299405, -26.28195662189508], [-48.61333399315383, -26.28158895767988], [-48.58378222609362, -26.29489259487061], [-48.5839756510929, -26.295260293455687], [-48.613527496299405, -26.28195662189508]]]}}, {"type": "Feature", "properties": {"cod_imovel": "SC-4216206-385F4E4C0D86496E98461704E858AE4D", "municipio": "Sao Francisco do Sul", "num_area": 11.7386, "mod_fiscal": 0.9782, "des_condic": "Aguardando analise", "ind_status": "AT", "dat_atuali": "25/10/2025"}, "geometry": {"type": "Polygon", "coordinates": [[[-48.64350199699401, -26.31016012955762], [-48.6473480655415, -26.312688026544954], [-48.648792443610866, -26.31122218108625], [-48.643587827682495, -26.307871162695662], [-48.64350199699401, -26.31016012955762]]]}}, {"type": "Feature", "properties": {"cod_imovel": "SC-4216206-BFA358CF74EC44F8BF97A009FDAD98BE", "municipio": "Sao Francisco do Sul", "num_area": 121.2068, "mod_fiscal": 10.1006, "des_condic": "Aguardando analise", "ind_status": "AT", "dat_atuali": "22/10/2025"}, "geometry": {"type": "Polygon", "coordinates": [[[-48.60653908195608, -26.307379991376518], [-48.59990218632376, -26.310147814482576], [-48.60299862995493, -26.31533425810938], [-48.60786257592025, -26.312824685748698], [-48.60765382792467, -26.31230934120198], [-48.624456207627624, -26.303944661376807], [-48.62310829709197, -26.301122614993133], [-48.60653908195608, -26.307379991376518]]]}}, {"type": "Feature", "properties": {"cod_imovel": "SC-4216206-5148144617B54BDFB35612053BBE18D6", "municipio": "Sao Francisco do Sul", "num_area": 0.5056, "mod_fiscal": 0.0421, "des_condic": "Aguardando analise", "ind_status": "AT", "dat_atuali": "09/10/2025"}, "geometry": {"type": "Polygon", "coordinates": [[[-48.686155364468455, -26.306844878053212], [-48.68601675037135, -26.307919066767006], [-48.68703188907653, -26.30681454737831], [-48.686155364468455, -26.306844878053212]]]}}, {"type": "Feature", "properties": {"cod_imovel": "SC-4216206-1F2CA2498F7943E3B3E9FAC838A90EFE", "municipio": "Sao Francisco do Sul", "num_area": 0.059, "mod_fiscal": 0.0049, "des_condic": "Aguardando analise", "ind_status": "AT", "dat_atuali": "07/10/2025"}, "geometry": {"type": "Polygon", "coordinates": [[[-48.65391433238983, -26.337826122034517], [-48.65380443774331, -26.3381715825177], [-48.65400016307831, -26.3381674581328], [-48.65391433238983, -26.337826122034517]]]}}, {"type": "Feature", "properties": {"cod_imovel": "SC-4216206-3F25C84FE3344B18B9DE7C8434F09754", "municipio": "Sao Francisco do Sul", "num_area": 0.13, "mod_fiscal": 0.0108, "des_condic": "Aguardando analise", "ind_status": "AT", "dat_atuali": "30/09/2025"}, "geometry": {"type": "Polygon", "coordinates": [[[-48.64167009253111, -26.26889493505365], [-48.64166256536839, -26.26902973038725], [-48.64260237626726, -26.269100927271], [-48.64259466751695, -26.2689838342273], [-48.64167009253111, -26.26889493505365]]]}}, {"type": "Feature", "properties": {"cod_imovel": "SC-4216206-2FAB8F673DD64CDA8EC2FBCAD40F2920", "municipio": "Sao Francisco do Sul", "num_area": 0.0585, "mod_fiscal": 0.0049, "des_condic": "Aguardando analise", "ind_status": "AT", "dat_atuali": "29/09/2025"}, "geometry": {"type": "Polygon", "coordinates": [[[-48.62702606877529, -26.3633151811142], [-48.62715004649994, -26.36322026917294], [-48.62691069514383, -26.36299718178131], [-48.62677500884406, -26.36310386584497], [-48.62702606877529, -26.3633151811142]]]}}, {"type": "Feature", "properties": {"cod_imovel": "SC-4216206-0CDE39AC53B1436F8CB202B37FF4407A", "municipio": "Sao Francisco do Sul", "num_area": 3.4805, "mod_fiscal": 0.29, "des_condic": "Aguardando analise", "ind_status": "AT", "dat_atuali": "26/09/2025"}, "geometry": {"type": "Polygon", "coordinates": [[[-48.588688241892015, -26.293981468324734], [-48.58912341575146, -26.29312269059014], [-48.58396618764243, -26.29535331346068], [-48.58446881621498, -26.29580645827449], [-48.588688241892015, -26.293981468324734]]]}}, {"type": "Feature", "properties": {"cod_imovel": "SC-4216206-691B77DC933E4743B0F2FD6A8DA4C6DB", "municipio": "Sao Francisco do Sul", "num_area": 2.5966, "mod_fiscal": 0.2164, "des_condic": "Aguardando analise", "ind_status": "AT", "dat_atuali": "18/09/2025"}, "geometry": {"type": "Polygon", "coordinates": [[[-48.606390973141, -26.26925931853794], [-48.61126313080928, -26.26845853253083], [-48.6113045050592, -26.26827443853927], [-48.6110091452742, -26.26830391690316], [-48.61088784701934, -26.26804671163422], [-48.60657760168382, -26.26871112963718], [-48.60626970674914, -26.2688801483414], [-48.606390973141, -26.26925931853794]]]}}, {"type": "Feature", "properties": {"cod_imovel": "SC-4216206-7A3EBF218ACD495B82EDA8005FBDF217", "municipio": "Sao Francisco do Sul", "num_area": 0.2501, "mod_fiscal": 0.0208, "des_condic": "Aguardando analise", "ind_status": "AT", "dat_atuali": "17/09/2025"}, "geometry": {"type": "Polygon", "coordinates": [[[-48.61436807666655, -26.35961240799898], [-48.61417946810389, -26.35944849202035], [-48.61353172766655, -26.36013665635335], [-48.61371575189236, -26.36027964428323], [-48.61436807666655, -26.35961240799898]]]}}, {"type": "Feature", "properties": {"cod_imovel": "SC-4216206-FE90E5FB8EFF4EBF8C4A8D25E776D7D1", "municipio": "Sao Francisco do Sul", "num_area": 3.3764, "mod_fiscal": 0.2814, "des_condic": "Aguardando analise", "ind_status": "AT", "dat_atuali": "16/09/2025"}, "geometry": {"type": "Polygon", "coordinates": [[[-48.677675659882, -26.33777826815036], [-48.67279671511409, -26.33426956319979], [-48.67243073590758, -26.33465037338473], [-48.67688950571937, -26.33787282946718], [-48.677675659882, -26.33777826815036]]]}}, {"type": "Feature", "properties": {"cod_imovel": "SC-4216206-C940957D256C4950ADD922950529410C", "municipio": "Sao Francisco do Sul", "num_area": 0.1898, "mod_fiscal": 0.0158, "des_condic": "Aguardando analise", "ind_status": "AT", "dat_atuali": "10/09/2025"}, "geometry": {"type": "Polygon", "coordinates": [[[-48.61882685710365, -26.36330880595871], [-48.6186895680393, -26.36319019434421], [-48.6180512792406, -26.36389131346533], [-48.61819804813443, -26.36400163144745], [-48.61882685710365, -26.36330880595871]]]}}, {"type": "Feature", "properties": {"cod_imovel": "SC-4216206-6A85D6F552B44F188798E603796B0EEE", "municipio": "Sao Francisco do Sul", "num_area": 8.7134, "mod_fiscal": 0.7261, "des_condic": "Aguardando analise", "ind_status": "AT", "dat_atuali": "09/09/2025"}, "geometry": {"type": "Polygon", "coordinates": [[[-48.67176314700254, -26.32541871754858], [-48.67132177267335, -26.32650028624878], [-48.67166476837146, -26.32650161855697], [-48.67260961755373, -26.32573463275623], [-48.67383094091311, -26.32543157113271], [-48.67490602624517, -26.3254349626072], [-48.676441071612, -26.32727953526693], [-48.6771581902394, -26.32655385629753], [-48.67579482954567, -26.32401877034107], [-48.67409706496407, -26.32478162334946], [-48.67369294166565, -26.324772866759144], [-48.67316850603079, -26.32435832629529], [-48.67061277696421, -26.32486094417635], [-48.67176314700254, -26.32541871754858]]]}}, {"type": "Feature", "properties": {"cod_imovel": "SC-4216206-837ED5858F854C758388AFEBF9E10FD5", "municipio": "Sao Francisco do Sul", "num_area": 0.1641, "mod_fiscal": 0.0137, "des_condic": "Aguardando analise", "ind_status": "AT", "dat_atuali": "09/09/2025"}, "geometry": {"type": "Polygon", "coordinates": [[[-48.68082682968462, -26.33684443525669], [-48.681798577308655, -26.337350172836693], [-48.68089870874981, -26.3367168088607], [-48.68082682968462, -26.33684443525669]]]}}, {"type": "Feature", "properties": {"cod_imovel": "SC-4216206-5330EDEC52134D18AF5F7F018A7438F9", "municipio": "Sao Francisco do Sul", "num_area": 14.8827, "mod_fiscal": 1.2402, "des_condic": "Aguardando analise", "ind_status": "AT", "dat_atuali": "01/09/2025"}, "geometry": {"type": "Polygon", "coordinates": [[[-48.6314706285, -26.3122081563], [-48.6315271504, -26.3134152612], [-48.6312904875, -26.3138370534], [-48.6401005126, -26.319025813], [-48.64014300280001, -26.3188559172], [-48.642408801, -26.3205831634], [-48.6425082758, -26.3197706577], [-48.6371841901, -26.3163031532], [-48.6371770412, -26.3158990414], [-48.6314706285, -26.3122081563]]]}}, {"type": "Feature", "properties": {"cod_imovel": "SC-4216206-D1DE8801C7A94FBF84A57BBECEC97807", "municipio": "Sao Francisco do Sul", "num_area": 0.5314, "mod_fiscal": 0.0443, "des_condic": "Aguardando analise", "ind_status": "AT", "dat_atuali": "25/08/2025"}, "geometry": {"type": "Polygon", "coordinates": [[[-48.58710572769856, -26.28839642592935], [-48.58772898079567, -26.28814886015155], [-48.58740046709322, -26.28748553818793], [-48.58680009841919, -26.287763820280603], [-48.58710572769856, -26.28839642592935]]]}}, {"type": "Feature", "properties": {"cod_imovel": "SC-4216206-77318DEB77734D3A9ABD19F7A749628D", "municipio": "Sao Francisco do Sul", "num_area": 11.8229, "mod_fiscal": 0.9852, "des_condic": "Aguardando analise", "ind_status": "AT", "dat_atuali": "21/08/2025"}, "geometry": {"type": "Polygon", "coordinates": [[[-48.67847696859144, -26.32330234683262], [-48.67224909995242, -26.31848057913869], [-48.6715213604534, -26.3195146177153], [-48.67426079726754, -26.32168793279334], [-48.67611007187163, -26.32397937005077], [-48.67847696859144, -26.32330234683262]]]}}, {"type": "Feature", "properties": {"cod_imovel": "SC-4216206-604F8A31EEA843939CF1514C150993E6", "municipio": "Sao Francisco do Sul", "num_area": 57.0712, "mod_fiscal": 4.7559, "des_condic": "Aguardando analise", "ind_status": "AT", "dat_atuali": "19/08/2025"}, "geometry": {"type": "Polygon", "coordinates": [[[-48.66072383030001, -26.3562820273], [-48.6609846328, -26.3569670757], [-48.6614555864, -26.356711991], [-48.6620949746, -26.3578890762], [-48.6638006706, -26.35729542469999], [-48.6681205435, -26.3561912717], [-48.6704653694, -26.3551117021], [-48.67143350119999, -26.3537272969], [-48.67678449930001, -26.351171323], [-48.6772654826, -26.3496202224], [-48.676298746, -26.3489836085], [-48.6701235425, -26.3507142403], [-48.66072383030001, -26.3562820273]]]}}, {"type": "Feature", "properties": {"cod_imovel": "SC-4216206-ABB06329843B484D86DB15F8B2A0F646", "municipio": "Sao Francisco do Sul", "num_area": 10.5002, "mod_fiscal": 0.875, "des_condic": "Aguardando analise", "ind_status": "AT", "dat_atuali": "18/08/2025"}, "geometry": {"type": "Polygon", "coordinates": [[[-48.610886335372925, -26.27314641730701], [-48.608965873718255, -26.274127702408073], [-48.60955595970154, -26.276282652337006], [-48.607603311538696, -26.277013786971633], [-48.6079466342926, -26.277581375156675], [-48.609116077423096, -26.277119608708194], [-48.6095130443573, -26.278033519690347], [-48.611927032470696, -26.277100368399644], [-48.610596656799316, -26.2746183418474], [-48.61154079437256, -26.27406035957806], [-48.610886335372925, -26.27314641730701]]]}}, {"type": "Feature", "properties": {"cod_imovel": "SC-4216206-230F07E71AC44BEFA5D11BEF4B89509A", "municipio": "Sao Francisco do Sul", "num_area": 0.5145, "mod_fiscal": 0.0429, "des_condic": "Aguardando analise", "ind_status": "AT", "dat_atuali": "21/08/2025"}, "geometry": {"type": "Polygon", "coordinates": [[[-48.67876664287836, -26.33525594490844], [-48.67864734984263, -26.33541638301513], [-48.68066129501258, -26.33686200956907], [-48.68074362839531, -26.33670326433413], [-48.67876664287836, -26.33525594490844]]]}}, {"type": "Feature", "properties": {"cod_imovel": "SC-4216206-9E8EB26AB8A34A82A25642030A2EFD0E", "municipio": "Sao Francisco do Sul", "num_area": 0.0385, "mod_fiscal": 0.0032, "des_condic": "Aguardando analise", "ind_status": "AT", "dat_atuali": "25/08/2025"}, "geometry": {"type": "Polygon", "coordinates": [[[-48.6531582373704, -26.33761928940991], [-48.65304935298073, -26.33758154656483], [-48.65273192117125, -26.33745922616878], [-48.65271824907406, -26.33759389487698], [-48.6531582373704, -26.33761928940991]]]}}, {"type": "Feature", "properties": {"cod_imovel": "SC-4216206-D25F012802C2471099C1CABD01763EF5", "municipio": "Sao Francisco do Sul", "num_area": 23.287, "mod_fiscal": 1.9406, "des_condic": "Aguardando analise", "ind_status": "AT", "dat_atuali": "21/08/2025"}, "geometry": {"type": "Polygon", "coordinates": [[[-48.67700106004286, -26.33088260442688], [-48.68234362232257, -26.32744302827795], [-48.68385626942354, -26.3321697510559], [-48.68553536672115, -26.33169207906066], [-48.68248554354714, -26.32215754841751], [-48.68080629094796, -26.32263974705633], [-48.68216519479179, -26.32688754685005], [-48.67682278176459, -26.33033120186318], [-48.67700106004286, -26.33088260442688]]]}}, {"type": "Feature", "properties": {"cod_imovel": "SC-4216206-A06957FB01E24351A47FE2FFA8631061", "municipio": "Sao Francisco do Sul", "num_area": 2.4556, "mod_fiscal": 0.2046, "des_condic": "Aguardando analise", "ind_status": "AT", "dat_atuali": "21/08/2025"}, "geometry": {"type": "Polygon", "coordinates": [[[-48.68168284366553, -26.32537914841683], [-48.68154863858187, -26.32495949066497], [-48.67755493906523, -26.32900431896097], [-48.67768913390365, -26.32942397960809], [-48.68168284366553, -26.32537914841683]]]}}, {"type": "Feature", "properties": {"cod_imovel": "SC-4216206-F6D140713D55494BB98479C359F36504", "municipio": "Sao Francisco do Sul", "num_area": 9.0945, "mod_fiscal": 0.7579, "des_condic": "Aguardando analise", "ind_status": "AT", "dat_atuali": "12/08/2025"}, "geometry": {"type": "Polygon", "coordinates": [[[-48.57029378414154, -26.281775669579904], [-48.57172674516612, -26.28123639309323], [-48.58613014949039, -26.27595745324165], [-48.58578085899352, -26.275580373942912], [-48.56997191905975, -26.281347589137937], [-48.57029378414154, -26.281775669579904]]]}}, {"type": "Feature", "properties": {"cod_imovel": "SC-4216206-4CAD1C7EFDAA47EC8BA138BD51F90066", "municipio": "Sao Francisco do Sul", "num_area": 0.0754, "mod_fiscal": 0.0063, "des_condic": "Aguardando analise", "ind_status": "AT", "dat_atuali": "08/08/2025"}, "geometry": {"type": "Polygon", "coordinates": [[[-48.59570219337098, -26.28952994057379], [-48.59557291925599, -26.28929637419802], [-48.59533974037181, -26.28940175750525], [-48.59546973028074, -26.289634472313], [-48.59570219337098, -26.28952994057379]]]}}, {"type": "Feature", "properties": {"cod_imovel": "SC-4216206-CB5E3E05894C482F9ACD43E574BFDD5A", "municipio": "Sao Francisco do Sul", "num_area": 0.03, "mod_fiscal": 0.0025, "des_condic": "Aguardando analise", "ind_status": "AT", "dat_atuali": "06/08/2025"}, "geometry": {"type": "Polygon", "coordinates": [[[-48.62539563480937, -26.36369910934396], [-48.62520933151245, -26.3635869558891], [-48.625139594078064, -26.363687892076495], [-48.62531942346236, -26.36380280135816], [-48.62539563480937, -26.36369910934396]]]}}, {"type": "Feature", "properties": {"cod_imovel": "SC-4216206-17F31D69C97C4E0EA7D101BE05A244AE", "municipio": "Sao Francisco do Sul", "num_area": 3.8444, "mod_fiscal": 0.3204, "des_condic": "Aguardando analise", "ind_status": "AT", "dat_atuali": "30/07/2025"}, "geometry": {"type": "Polygon", "coordinates": [[[-48.670664496438775, -26.327771922028905], [-48.67096998082093, -26.32716842051072], [-48.666337099128434, -26.323833182557056], [-48.6659746884476, -26.324233399638256], [-48.670664496438775, -26.327771922028905]]]}}, {"type": "Feature", "properties": {"cod_imovel": "SC-4216206-014E93891B1F4E33BCE512C003CC41D9", "municipio": "Sao Francisco do Sul", "num_area": 4.4233, "mod_fiscal": 0.3686, "des_condic": "Aguardando analise", "ind_status": "AT", "dat_atuali": "15/07/2025"}, "geometry": {"type": "Polygon", "coordinates": [[[-48.67887496948242, -26.337778046446818], [-48.677866458892815, -26.337907850487735], [-48.68284463882446, -26.34152788231416], [-48.68334889411926, -26.341075985456452], [-48.67887496948242, -26.337778046446818]]]}}, {"type": "Feature", "properties": {"cod_imovel": "SC-4216206-7B0865DCD5E049ADB217BA4D5921A969", "municipio": "Sao Francisco do Sul", "num_area": 0.0655, "mod_fiscal": 0.0055, "des_condic": "Aguardando analise", "ind_status": "AT", "dat_atuali": "09/07/2025"}, "geometry": {"type": "Polygon", "coordinates": [[[-48.65314800588304, -26.33789803515651], [-48.65291636955512, -26.33791853472749], [-48.6528892676053, -26.33815798447033], [-48.65311661584884, -26.33817410852856], [-48.65314800588304, -26.33789803515651]]]}}, {"type": "Feature", "properties": {"cod_imovel": "SC-4216206-247480D9DC55465EA48E144AD75813BB", "municipio": "Sao Francisco do Sul", "num_area": 0.264, "mod_fiscal": 0.022, "des_condic": "Aguardando analise", "ind_status": "AT", "dat_atuali": "08/07/2025"}, "geometry": {"type": "Polygon", "coordinates": [[[-48.59043112904768, -26.27903041856818], [-48.59020069768012, -26.27880236184273], [-48.58945798190193, -26.27908283760043], [-48.58967965562794, -26.27931963059965], [-48.59043112904768, -26.27903041856818]]]}}, {"type": "Feature", "properties": {"cod_imovel": "SC-4216206-CD5529484E1B40D78AA5C0628872CEB2", "municipio": "Sao Francisco do Sul", "num_area": 105.5509, "mod_fiscal": 8.7959, "des_condic": "Aguardando analise", "ind_status": "AT", "dat_atuali": "20/06/2025"}, "geometry": {"type": "Polygon", "coordinates": [[[-48.64168667000001, -26.338823889249056], [-48.643415, -26.34069360924906], [-48.64453082999995, -26.340973609249037], [-48.64557833000004, -26.34026499924903], [-48.64629249999996, -26.339468329249087], [-48.64670917, -26.33803916924916], [-48.64754222, -26.337656389249105], [-48.64334806, -26.334656939249157], [-48.64169833, -26.333145279249266], [-48.64253278000002, -26.33048777924927], [-48.63492555999994, -26.329045829249253], [-48.63504888999995, -26.329465559249343], [-48.63169443999993, -26.330259719249227], [-48.63155889, -26.33420443924922], [-48.635957499999904, -26.336384719249054], [-48.64168667000001, -26.338823889249056]]]}}, {"type": "Feature", "properties": {"cod_imovel": "SC-4216206-921115781044416FA31314040F5471B8", "municipio": "Sao Francisco do Sul", "num_area": 0.262, "mod_fiscal": 0.0218, "des_condic": "Aguardando analise", "ind_status": "AT", "dat_atuali": "10/06/2025"}, "geometry": {"type": "Polygon", "coordinates": [[[-48.62878509197235, -26.36379531553554], [-48.62944834156325, -26.36322787612898], [-48.62926412338565, -26.36302787063141], [-48.62859825921119, -26.36360246249491], [-48.62878509197235, -26.36379531553554]]]}}, {"type": "Feature", "properties": {"cod_imovel": "SC-4216206-A4C7145BD83248C98CEB77C67135B4D8", "municipio": "Sao Francisco do Sul", "num_area": 0.0929, "mod_fiscal": 0.0077, "des_condic": "Aguardando analise", "ind_status": "AT", "dat_atuali": "26/05/2025"}, "geometry": {"type": "Polygon", "coordinates": [[[-48.58448467823219, -26.28894981700624], [-48.58401819429659, -26.28912808091226], [-48.58407514795849, -26.28929442713885], [-48.58450889265112, -26.28912413185674], [-48.58448467823219, -26.28894981700624]]]}}, {"type": "Feature", "properties": {"cod_imovel": "SC-4216206-F4F537F3C1F142019C340F025A6F73E6", "municipio": "Sao Francisco do Sul", "num_area": 2.4108, "mod_fiscal": 0.2009, "des_condic": "Aguardando analise", "ind_status": "AT", "dat_atuali": "07/05/2025"}, "geometry": {"type": "Polygon", "coordinates": [[[-48.68206238472009, -26.30470326076051], [-48.68233370794984, -26.3049365464377], [-48.68712065272295, -26.3002336442951], [-48.68692772697559, -26.3000160232449], [-48.68206238472009, -26.30470326076051]]]}}, {"type": "Feature", "properties": {"cod_imovel": "SC-4216206-F01D82833E2745E984398A30F5C4A9C5", "municipio": "Sao Francisco do Sul", "num_area": 24.4264, "mod_fiscal": 2.0355, "des_condic": "Aguardando analise", "ind_status": "AT", "dat_atuali": "30/04/2025"}, "geometry": {"type": "Polygon", "coordinates": [[[-48.63007768, -26.33669799], [-48.63372944, -26.33841528], [-48.63443194, -26.33713], [-48.62041111, -26.33035944], [-48.61840789, -26.33056935], [-48.63007768, -26.33669799]]]}}, {"type": "Feature", "properties": {"cod_imovel": "SC-4216206-20FB9E23873B43B49F77422D7C41E176", "municipio": "Sao Francisco do Sul", "num_area": 0.125, "mod_fiscal": 0.0104, "des_condic": "Aguardando analise", "ind_status": "AT", "dat_atuali": "23/04/2025"}, "geometry": {"type": "Polygon", "coordinates": [[[-48.619126081466675, -26.36276504365424], [-48.61948207797253, -26.36245650071761], [-48.61929473098419, -26.36230297065954], [-48.61898666596867, -26.36265463708574], [-48.619126081466675, -26.36276504365424]]]}}, {"type": "Feature", "properties": {"cod_imovel": "SC-4216206-7F206A72BABF4A5C92538CE04B545F75", "municipio": "Sao Francisco do Sul", "num_area": 6641.3701, "mod_fiscal": 552.4701, "des_condic": "Aguardando analise", "ind_status": "AT", "dat_atuali": "28/07/2016"}, "geometry": {"type": "Polygon", "coordinates": [[[-48.53883481264805, -26.232092714160206], [-48.537240015375666, -26.23942221300796], [-48.523856288507815, -26.236829835230935], [-48.51586258608793, -26.23946751680235], [-48.506308052693605, -26.24090740677774], [-48.51717025581144, -26.258331835886874], [-48.530708161664016, -26.28140125607314], [-48.54346344754639, -26.30480077993094], [-48.548555583158915, -26.31497915841088], [-48.55376402214075, -26.326578347831205], [-48.55824894459657, -26.33833025769921], [-48.56241878613169, -26.352536355445302], [-48.56398872026651, -26.356574618543743], [-48.570151631521114, -26.368102585024044], [-48.57595029786563, -26.37717557932735], [-48.59363448603243, -26.372424853540032], [-48.59799267415613, -26.379656707241672], [-48.60051540339169, -26.38455030092656], [-48.6010396695357, -26.3866768650974], [-48.60298182662685, -26.390295138364102], [-48.602440498163695, -26.391067661806435], [-48.60176964663967, -26.391353028618486], [-48.60156107146957, -26.392402607039006], [-48.60186527123521, -26.39292698124481], [-48.60231147800109, -26.394426496266533], [-48.6046240617867, -26.39408775307562], [-48.604883471601255, -26.395338762000787], [-48.606720395307704, -26.394441450762415], [-48.61075931425488, -26.39440357911118], [-48.5962665188337, -26.36789264506292], [-48.598004128455344, -26.367274461347073], [-48.59798335275918, -26.36648672497525], [-48.599153043181836, -26.365547284833564], [-48.59976888415016, -26.364617825138648], [-48.600184552495264, -26.363052154774685], [-48.596672933749474, -26.359155498545018], [-48.59551552209216, -26.357351393993923], [-48.58974746960258, -26.342666583386098], [-48.60345260686547, -26.336484746060854], [-48.6035133181679, -26.33353837073527], [-48.602491340631644, -26.333521270745003], [-48.59644802417881, -26.331008377668176], [-48.59543452137888, -26.329941284254016], [-48.59475915423581, -26.328454386477183], [-48.59423083578897, -26.328244978648943], [-48.59427728291606, -26.327406932915046], [-48.59448543997219, -26.327304430724634], [-48.59408335802162, -26.322934919923927], [-48.59332883472747, -26.3216375860166], [-48.593238540837206, -26.320534647933833], [-48.59242726415725, -26.318896979339854], [-48.59200237414894, -26.31215363234134], [-48.58871844809663, -26.305793424813277], [-48.58777756833104, -26.301678703795453], [-48.58773045643422, -26.296913456643402], [-48.58280441064222, -26.289248986015007], [-48.58267767104125, -26.288289885762314], [-48.572752633798025, -26.26220805071948], [-48.56749365324449, -26.25679359361477], [-48.55536205101999, -26.243499490206347], [-48.55537381059777, -26.2424328333929], [-48.55385389421853, -26.2418443575676], [-48.5460838305992, -26.2333748956966], [-48.53883481264805, -26.232092714160206]]]}}, {"type": "Feature", "properties": {"cod_imovel": "SC-4216206-EB5AA66B7D464FCA95222450EAB0C1E8", "municipio": "Sao Francisco do Sul", "num_area": 4.4739, "mod_fiscal": 0.2567, "des_condic": "Aguardando analise", "ind_status": "AT", "dat_atuali": "28/07/2016"}, "geometry": {"type": "Polygon", "coordinates": [[[-48.52165568509538, -26.36823785315913], [-48.52111383451518, -26.368296615681015], [-48.52109119142735, -26.368851134863], [-48.52162515607342, -26.369162176878937], [-48.52150420415554, -26.369763669866778], [-48.52159628745842, -26.370008646671742], [-48.52191658675623, -26.370199163699795], [-48.52244597756462, -26.370218065086277], [-48.52336151769104, -26.36936747192561], [-48.523340918094235, -26.368812203872178], [-48.52314803306525, -26.368730983077736], [-48.52308358052719, -26.368204161978657], [-48.522675350234294, -26.367574037111375], [-48.52205784717428, -26.36763149386111], [-48.52165568509538, -26.36823785315913]]]}}, {"type": "Feature", "properties": {"cod_imovel": "SC-4216206-64284B35B3994660B739352BB85D8AD5", "municipio": "Sao Francisco do Sul", "num_area": 1.3643, "mod_fiscal": 0.0298, "des_condic": "Aguardando analise", "ind_status": "AT", "dat_atuali": "28/07/2016"}, "geometry": {"type": "Polygon", "coordinates": [[[-48.521877690689024, -26.376380082464465], [-48.52232302832217, -26.37645744957116], [-48.52261864720184, -26.37630004106442], [-48.5226488693608, -26.375689152528007], [-48.522371569884896, -26.37498780585887], [-48.521576589885825, -26.375183001669576], [-48.52158271505224, -26.375701646696463], [-48.521834223045495, -26.376000099577816], [-48.521877690689024, -26.376380082464465]]]}}, {"type": "Feature", "properties": {"cod_imovel": "SC-4216206-CDFC43E4447244D39538A39D6CBD9F4C", "municipio": "Sao Francisco do Sul", "num_area": 77.3865, "mod_fiscal": 6.4489, "des_condic": "Aguardando analise", "ind_status": "AT", "dat_atuali": "11/04/2016"}, "geometry": {"type": "Polygon", "coordinates": [[[-48.618364334106445, -26.390985491209115], [-48.61920118331909, -26.38929399649002], [-48.61499547958374, -26.389159444709858], [-48.61493110656738, -26.387525589154915], [-48.603858947753906, -26.387391035314284], [-48.60400915145874, -26.387890805932088], [-48.60373020172119, -26.38944776976109], [-48.60383749008179, -26.39027429758472], [-48.60430955886841, -26.391062376743978], [-48.6039662361145, -26.391696680453098], [-48.6049747467041, -26.39267696114964], [-48.617892265319824, -26.392792287743237], [-48.618364334106445, -26.390985491209115]]]}}, {"type": "Feature", "properties": {"cod_imovel": "SC-4216206-76F490C1FA6445C588FC025EAAB17F64", "municipio": "Sao Francisco do Sul", "num_area": 0.0625, "mod_fiscal": 0.0052, "des_condic": "Aguardando analise", "ind_status": "AT", "dat_atuali": "11/04/2025"}, "geometry": {"type": "Polygon", "coordinates": [[[-48.61847765362027, -26.36162136289193], [-48.61838548886129, -26.3615420489874], [-48.61806867311527, -26.36189485900016], [-48.61815588742372, -26.36197125689446], [-48.61847765362027, -26.36162136289193]]]}}, {"type": "Feature", "properties": {"cod_imovel": "SC-4216206-36413918B38647F9887AFC9C1B90B5B7", "municipio": "Sao Francisco do Sul", "num_area": 2.9386, "mod_fiscal": 0.2449, "des_condic": "Aguardando analise", "ind_status": "AT", "dat_atuali": "03/11/2015"}, "geometry": {"type": "Polygon", "coordinates": [[[-48.577208518981934, -26.278562622758646], [-48.576736450195305, -26.277908458612593], [-48.57373237609863, -26.279447662498097], [-48.57411861419677, -26.28010181796682], [-48.577208518981934, -26.278562622758646]]]}}, {"type": "Feature", "properties": {"cod_imovel": "SC-4216206-A9E0C93013E146C5A09B17054A7ADE4F", "municipio": "Sao Francisco do Sul", "num_area": 4.7518, "mod_fiscal": 0.396, "des_condic": "Aguardando analise", "ind_status": "AT", "dat_atuali": "03/11/2015"}, "geometry": {"type": "Polygon", "coordinates": [[[-48.58068466186523, -26.28333406144307], [-48.583688735961914, -26.282025783264423], [-48.583002090454094, -26.280909887277673], [-48.58001947402954, -26.28216045964045], [-48.58068466186523, -26.28333406144307]]]}}, {"type": "Feature", "properties": {"cod_imovel": "SC-4216206-DC2ADD64AD21448ABB63437D84C3BF8F", "municipio": "Sao Francisco do Sul", "num_area": 2.438, "mod_fiscal": 0.2032, "des_condic": "Aguardando analise", "ind_status": "AT", "dat_atuali": "06/10/2015"}, "geometry": {"type": "Polygon", "coordinates": [[[-48.583173751831055, -26.289086462490467], [-48.58285188674927, -26.288643980230027], [-48.57879638671875, -26.290548565780995], [-48.579182624816895, -26.29087561267865], [-48.583173751831055, -26.289086462490467]]]}}, {"type": "Feature", "properties": {"cod_imovel": "SC-4216206-B9C00927781C4B4D9A2FD035480FE029", "municipio": "Sao Francisco do Sul", "num_area": 4.884, "mod_fiscal": 0.407, "des_condic": "Aguardando analise", "ind_status": "AT", "dat_atuali": "14/09/2015"}, "geometry": {"type": "Polygon", "coordinates": [[[-48.618160163869824, -26.392976814139665], [-48.604935768901676, -26.393073116957815], [-48.60493874695242, -26.39340695837432], [-48.61816318005144, -26.39331065787467], [-48.618160163869824, -26.392976814139665]]]}}, {"type": "Feature", "properties": {"cod_imovel": "SC-4216206-7F0756A53FC141F38C6FB582EC15A6DA", "municipio": "Sao Francisco do Sul", "num_area": 0.0626, "mod_fiscal": 0.0052, "des_condic": "Aguardando analise", "ind_status": "AT", "dat_atuali": "09/04/2025"}, "geometry": {"type": "Polygon", "coordinates": [[[-48.61856325081989, -26.36169594423278], [-48.618157207528, -26.36197329043081], [-48.618181943893426, -26.362020030439357], [-48.61856325081989, -26.36169594423278]]]}}, {"type": "Feature", "properties": {"cod_imovel": "SC-4216206-9C6DD439F88645C5891B68EDFA115067", "municipio": "Sao Francisco do Sul", "num_area": 10.3456, "mod_fiscal": 0.8621, "des_condic": "Aguardando analise", "ind_status": "AT", "dat_atuali": "05/05/2015"}, "geometry": {"type": "Polygon", "coordinates": [[[-48.592121601104736, -26.29664687677066], [-48.59201431274414, -26.2961851862136], [-48.59169244766235, -26.29580044267838], [-48.590941429138184, -26.296089000449474], [-48.5906195640564, -26.295377223315125], [-48.58780860900879, -26.296608402627783], [-48.58778715133667, -26.297512541610043], [-48.584976196289055, -26.298685988073302], [-48.5848045349121, -26.29964782057921], [-48.592121601104736, -26.29664687677066]]]}}, {"type": "Feature", "properties": {"cod_imovel": "SC-4216206-337AC1F7339145FFA480F772F3D470BA", "municipio": "Sao Francisco do Sul", "num_area": 498.9979, "mod_fiscal": 41.5832, "des_condic": "Aguardando analise", "ind_status": "AT", "dat_atuali": "10/04/2015"}, "geometry": {"type": "Polygon", "coordinates": [[[-48.58460564156218, -26.307213112865384], [-48.58414822556158, -26.308210468865347], [-48.58299073556007, -26.30783876586534], [-48.58273994355978, -26.30724947286533], [-48.581243431557844, -26.307255538865313], [-48.58062622255707, -26.306609877865295], [-48.57931229655534, -26.307541476865218], [-48.57889307055482, -26.308629753865194], [-48.5791560515551, -26.310206835865152], [-48.579938200556064, -26.31141490986509], [-48.58087186455727, -26.31218773886516], [-48.58316197056022, -26.31335650786522], [-48.585110952562665, -26.31412931186525], [-48.58656070056449, -26.315015896865283], [-48.58756615156578, -26.31529606586533], [-48.58869274756719, -26.31596434186533], [-48.59015194256902, -26.31655293886536], [-48.59125304357041, -26.316869870865368], [-48.59180352757107, -26.317611447865392], [-48.59268930657212, -26.31949497486535], [-48.602964764584954, -26.315196485865783], [-48.59989948158125, -26.310148078865797], [-48.606539505589396, -26.307382452866097], [-48.60341968658578, -26.30004360186621], [-48.613490031598, -26.294901133866627], [-48.61097849659506, -26.291043633866657], [-48.61286222059731, -26.289790177866767], [-48.58516616856298, -26.300833715865558], [-48.58474745056245, -26.301375763865543], [-48.58435816256192, -26.30239634486553], [-48.58391712756133, -26.304550889865457], [-48.583837127561225, -26.305811055865437], [-48.58460564156218, -26.307213112865384]]]}}, {"type": "Feature", "properties": {"cod_imovel": "SC-4216206-2E9B54FADBD14C64A020A031C9E383D9", "municipio": "Sao Francisco do Sul", "num_area": 6.0423, "mod_fiscal": 0.5035, "des_condic": "Aguardando analise", "ind_status": "AT", "dat_atuali": "05/03/2015"}, "geometry": {"type": "Polygon", "coordinates": [[[-48.57935428619385, -26.281910346246267], [-48.578453063964844, -26.280294215932244], [-48.57581377029419, -26.281448597025044], [-48.576650619506836, -26.28314166851852], [-48.57935428619385, -26.281910346246267]]]}}, {"type": "Feature", "properties": {"cod_imovel": "SC-4216206-35DC31B5B25842CC91DA9A93E3A7414A", "municipio": "Sao Francisco do Sul", "num_area": 288.9987, "mod_fiscal": 24.0832, "des_condic": "Aguardando analise", "ind_status": "AT", "dat_atuali": "01/04/2025"}, "geometry": {"type": "Polygon", "coordinates": [[[-48.6281686375722, -26.316678678866], [-48.6161409371168, -26.3131722569548], [-48.6176723210853, -26.3225132320629], [-48.6108168327815, -26.3262150841024], [-48.61376654338, -26.3309972245122], [-48.620422770811, -26.3303593365717], [-48.6310512538715, -26.3354701938075], [-48.6312768079007, -26.3348848795061], [-48.6314024156582, -26.3302607880609], [-48.6321073461546, -26.3260261449444], [-48.6319760834293, -26.3244096053371], [-48.630643193612, -26.3238561043961], [-48.6299707541868, -26.3233524140877], [-48.6280356937074, -26.3202879516448], [-48.6279461369222, -26.319748866028], [-48.628242929241, -26.3189247660822], [-48.6295354090885, -26.3178308725365], [-48.6281872346481, -26.3172447923743], [-48.6281686375722, -26.316678678866]]]}}, {"type": "Feature", "properties": {"cod_imovel": "SC-4216206-D7D413261BA64BCC958610AC5C3A7D23", "municipio": "Sao Francisco do Sul", "num_area": 9.2395, "mod_fiscal": 0.77, "des_condic": "Aguardando analise", "ind_status": "AT", "dat_atuali": "18/03/2025"}, "geometry": {"type": "Polygon", "coordinates": [[[-48.58628511428832, -26.275888222529233], [-48.59424591064453, -26.272982868983572], [-48.60228169523615, -26.27004272434811], [-48.60198589441639, -26.2696082511582], [-48.58594588295459, -26.27550734772181], [-48.58628511428832, -26.275888222529233]]]}}, {"type": "Feature", "properties": {"cod_imovel": "SC-4216206-976C7B3B620D491F852ED7736041A1B3", "municipio": "Sao Francisco do Sul", "num_area": 0.265, "mod_fiscal": 0.0221, "des_condic": "Aguardando analise", "ind_status": "AT", "dat_atuali": "13/03/2025"}, "geometry": {"type": "Polygon", "coordinates": [[[-48.629087805747986, -26.362875593593188], [-48.62840230221445, -26.36340521716232], [-48.62859358650731, -26.3636030935271], [-48.62924405139324, -26.36305234090285], [-48.629087805747986, -26.362875593593188]]]}}, {"type": "Feature", "properties": {"cod_imovel": "SC-4216206-6E739A0896C64C5B8A943BFCE492BDB7", "municipio": "Sao Francisco do Sul", "num_area": 0.0474, "mod_fiscal": 0.004, "des_condic": "Aguardando analise", "ind_status": "AT", "dat_atuali": "12/03/2025"}, "geometry": {"type": "Polygon", "coordinates": [[[-48.58944924558187, -26.29388567789026], [-48.58933143209593, -26.29393205707011], [-48.58951890648157, -26.29422787447366], [-48.5896306804783, -26.29417250764757], [-48.58944924558187, -26.29388567789026]]]}}, {"type": "Feature", "properties": {"cod_imovel": "SC-4216206-B7B33DFEF34D4F9B8C8F99F0EA28C5A1", "municipio": "Sao Francisco do Sul", "num_area": 0.1048, "mod_fiscal": 0.0087, "des_condic": "Aguardando analise", "ind_status": "AT", "dat_atuali": "11/03/2025"}, "geometry": {"type": "Polygon", "coordinates": [[[-48.58840499125751, -26.29521088938209], [-48.58819228422455, -26.29529558863012], [-48.5879927648193, -26.29578497272687], [-48.58824542623231, -26.29568060921044], [-48.58840499125751, -26.29521088938209]]]}}, {"type": "Feature", "properties": {"cod_imovel": "SC-4216206-1E077D9152624B51A7C624B6492BA193", "municipio": "Sao Francisco do Sul", "num_area": 0.2598, "mod_fiscal": 0.0216, "des_condic": "Aguardando analise", "ind_status": "AT", "dat_atuali": "11/03/2025"}, "geometry": {"type": "Polygon", "coordinates": [[[-48.62897812921686, -26.36400082833203], [-48.62962554957205, -26.36343896189828], [-48.62944063452724, -26.36324007534399], [-48.62878677578227, -26.36380247064709], [-48.62897812921686, -26.36400082833203]]]}}, {"type": "Feature", "properties": {"cod_imovel": "SC-4216206-22FF35F1EB3A4F6DAB49906481217105", "municipio": "Sao Francisco do Sul", "num_area": 0.1901, "mod_fiscal": 0.0158, "des_condic": "Aguardando analise", "ind_status": "AT", "dat_atuali": "11/03/2025"}, "geometry": {"type": "Polygon", "coordinates": [[[-48.62781643867493, -26.36281791537736], [-48.6282163818895, -26.36318669031961], [-48.62846411776933, -26.36298141448879], [-48.62804934295656, -26.3626138850145], [-48.62781643867493, -26.36281791537736]]]}}, {"type": "Feature", "properties": {"cod_imovel": "SC-4216206-B3F15A188D494A08A7CF3CF02C6F879F", "municipio": "Sao Francisco do Sul", "num_area": 0.125, "mod_fiscal": 0.0104, "des_condic": "Aguardando analise", "ind_status": "AT", "dat_atuali": "12/03/2025"}, "geometry": {"type": "Polygon", "coordinates": [[[-48.61934150599953, -26.36297423421476], [-48.61916473525683, -26.36282969013056], [-48.61884135028333, -26.36318016255243], [-48.61902988118491, -26.36333597413131], [-48.61934150599953, -26.36297423421476]]]}}, {"type": "Feature", "properties": {"cod_imovel": "SC-4216206-4CA42F16A8B14C65B3F24A1F804FAE9B", "municipio": "Sao Francisco do Sul", "num_area": 0.2597, "mod_fiscal": 0.0216, "des_condic": "Aguardando analise", "ind_status": "AT", "dat_atuali": "26/02/2025"}, "geometry": {"type": "Polygon", "coordinates": [[[-48.62905048712991, -26.36284071546573], [-48.62886614797585, -26.36264477232393], [-48.62821164638834, -26.36319968727399], [-48.62839510899309, -26.36340592481711], [-48.62905048712991, -26.36284071546573]]]}}, {"type": "Feature", "properties": {"cod_imovel": "SC-4216206-350A1A4032D54A28A2FDDB502661689F", "municipio": "Sao Francisco do Sul", "num_area": 0.3301, "mod_fiscal": 0.0275, "des_condic": "Aguardando analise", "ind_status": "AT", "dat_atuali": "26/02/2025"}, "geometry": {"type": "Polygon", "coordinates": [[[-48.62886317523741, -26.36264073644482], [-48.62848248814798, -26.36224722777303], [-48.62804892503262, -26.36261343744101], [-48.62846341207407, -26.36297930218991], [-48.62886317523741, -26.36264073644482]]]}}, {"type": "Feature", "properties": {"cod_imovel": "SC-4216206-EE359487C724460D95B6D8E7E6BDDF38", "municipio": "Sao Francisco do Sul", "num_area": 0.2596, "mod_fiscal": 0.0216, "des_condic": "Aguardando analise", "ind_status": "AT", "dat_atuali": "26/02/2025"}, "geometry": {"type": "Polygon", "coordinates": [[[-48.62982285835727, -26.36366340895512], [-48.62961979341045, -26.36344721207325], [-48.62897837860204, -26.3640037475688], [-48.62915747298506, -26.36418929153563], [-48.62982285835727, -26.36366340895512]]]}}, {"type": "Feature", "properties": {"cod_imovel": "SC-4216206-32BDF1F9620A40EEACDECCFD590EA36F", "municipio": "Sao Francisco do Sul", "num_area": 54.1782, "mod_fiscal": 4.5149, "des_condic": "Aguardando analise", "ind_status": "AT", "dat_atuali": "09/08/2018"}, "geometry": {"type": "Polygon", "coordinates": [[[-48.55625596445171, -26.28689760489066], [-48.60229570662556, -26.26999826970938], [-48.60168894336073, -26.26918824664518], [-48.55362589208923, -26.28681501022766], [-48.55625596445171, -26.28689760489066]]]}}, {"type": "Feature", "properties": {"cod_imovel": "SC-4216206-2C18FE5539B54817BBE9842E260412FD", "municipio": "Sao Francisco do Sul", "num_area": 31.3553, "mod_fiscal": 2.6129, "des_condic": "Aguardando analise", "ind_status": "AT", "dat_atuali": "09/05/2017"}, "geometry": {"type": "Polygon", "coordinates": [[[-48.52682590484619, -26.273944914635663], [-48.528070449829094, -26.276022906028953], [-48.54002237319946, -26.27411808200617], [-48.54004383087158, -26.271905368386253], [-48.52682590484619, -26.273944914635663]]]}}, {"type": "Feature", "properties": {"cod_imovel": "SC-4216206-9A54A1E7A1A841A2A370DD2E7A30384B", "municipio": "Sao Francisco do Sul", "num_area": 8.489, "mod_fiscal": 0.4941, "des_condic": "Aguardando analise", "ind_status": "AT", "dat_atuali": "28/07/2016"}, "geometry": {"type": "Polygon", "coordinates": [[[-48.523227290236896, -26.380586784206972], [-48.52274649464032, -26.380690170761373], [-48.5222030100778, -26.38123931473156], [-48.52241087440446, -26.38146633676437], [-48.52220983636813, -26.381750112151582], [-48.52239896093071, -26.382024686266814], [-48.522370689214206, -26.38251891721808], [-48.52432770056367, -26.3838454561723], [-48.524429595688034, -26.384054683107813], [-48.52474956756275, -26.38401234379196], [-48.52498502336476, -26.383777036506206], [-48.52494308644949, -26.38324967216639], [-48.525217378985346, -26.38285544889423], [-48.52492839148425, -26.38227593420648], [-48.52516652359863, -26.381083147326002], [-48.52494161567501, -26.380823916529817], [-48.52467310943625, -26.380946941167487], [-48.52454189896748, -26.380449949668076], [-48.524209659575845, -26.380236736510458], [-48.523535998257074, -26.380241036057935], [-48.523227290236896, -26.380586784206972]]]}}, {"type": "Feature", "properties": {"cod_imovel": "SC-4216206-9A65750B3ECA4EBB9FF2FEFF244D6B54", "municipio": "Sao Francisco do Sul", "num_area": 1.8191, "mod_fiscal": 0.1516, "des_condic": "Aguardando analise", "ind_status": "AT", "dat_atuali": "25/04/2016"}, "geometry": {"type": "Polygon", "coordinates": [[[-48.58257293701172, -26.28739347775911], [-48.582444190979004, -26.28716261429025], [-48.57671499252319, -26.289913707405784], [-48.576951026916504, -26.290086850943666], [-48.58257293701172, -26.28739347775911]]]}}, {"type": "Feature", "properties": {"cod_imovel": "SC-4216206-214671CFDAE845A5A5B33D60E738DD5D", "municipio": "Sao Francisco do Sul", "num_area": 5.073, "mod_fiscal": 0.4227, "des_condic": "Aguardando analise", "ind_status": "AT", "dat_atuali": "31/01/2025"}, "geometry": {"type": "Polygon", "coordinates": [[[-48.67877096680696, -26.33768721096059], [-48.67283471327372, -26.33345324464904], [-48.67264328778742, -26.3336676844789], [-48.67247048631157, -26.33394600611081], [-48.67771326725059, -26.33780061406279], [-48.67877096680696, -26.33768721096059]]]}}, {"type": "Feature", "properties": {"cod_imovel": "SC-4216206-1DDCE98E8A484998BD86CC36BBFB35C6", "municipio": "Sao Francisco do Sul", "num_area": 39.8101, "mod_fiscal": 3.3175, "des_condic": "Aguardando analise", "ind_status": "AT", "dat_atuali": "26/01/2017"}, "geometry": {"type": "Polygon", "coordinates": [[[-48.51837158203124, -26.254009699865737], [-48.52266311645508, -26.256934771861218], [-48.52609634399413, -26.255395269466597], [-48.52592468261719, -26.251700380471526], [-48.522319793701165, -26.24923705585341], [-48.51837158203124, -26.254009699865737]]]}}, {"type": "Feature", "properties": {"cod_imovel": "SC-4216206-779774D2E66A44B0B0EDE6A79223940B", "municipio": "Sao Francisco do Sul", "num_area": 0.0546, "mod_fiscal": 0.0045, "des_condic": "Aguardando analise", "ind_status": "AT", "dat_atuali": "28/01/2025"}, "geometry": {"type": "Polygon", "coordinates": [[[-48.6259951500973, -26.36499580916725], [-48.62563252172988, -26.36522039907175], [-48.62570045264583, -26.3653078009008], [-48.62602546014795, -26.36512330863892], [-48.6259951500973, -26.36499580916725]]]}}, {"type": "Feature", "properties": {"cod_imovel": "SC-4216206-1DC2BA4263734ED49114427C84519DCD", "municipio": "Sao Francisco do Sul", "num_area": 135.6197, "mod_fiscal": 11.3016, "des_condic": "Aguardando analise", "ind_status": "AT", "dat_atuali": "07/04/2015"}, "geometry": {"type": "Polygon", "coordinates": [[[-48.559913635253906, -26.344460361591224], [-48.58386039733887, -26.33553770191304], [-48.58171463012695, -26.331076114112026], [-48.55828285217285, -26.339999117746245], [-48.559913635253906, -26.344460361591224]]]}}, {"type": "Feature", "properties": {"cod_imovel": "SC-4216206-048A956C8AA6431C85F10055616F2E1B", "municipio": "Sao Francisco do Sul", "num_area": 0.0625, "mod_fiscal": 0.0052, "des_condic": "Aguardando analise", "ind_status": "AT", "dat_atuali": "24/01/2025"}, "geometry": {"type": "Polygon", "coordinates": [[[-48.61930532842405, -26.36355671184867], [-48.61963098614728, -26.3632000460727], [-48.61954108504614, -26.36312806650333], [-48.6192137083331, -26.36348043342074], [-48.61930532842405, -26.36355671184867]]]}}, {"type": "Feature", "properties": {"cod_imovel": "SC-4216206-210A95425C6C4F61B593F462CD5305BB", "municipio": "Sao Francisco do Sul", "num_area": 0.0625, "mod_fiscal": 0.0052, "des_condic": "Aguardando analise", "ind_status": "AT", "dat_atuali": "24/01/2025"}, "geometry": {"type": "Polygon", "coordinates": [[[-48.61906975072043, -26.36273897347279], [-48.61898629018737, -26.36266100527217], [-48.61866144427983, -26.36302446394496], [-48.61875399924843, -26.36309966078406], [-48.61906975072043, -26.36273897347279]]]}}, {"type": "Feature", "properties": {"cod_imovel": "SC-4216206-C55576010B6640FAA723568839355131", "municipio": "Sao Francisco do Sul", "num_area": 1.0, "mod_fiscal": 0.0833, "des_condic": "Aguardando analise", "ind_status": "AT", "dat_atuali": "24/01/2025"}, "geometry": {"type": "Polygon", "coordinates": [[[-48.61928792867856, -26.3623029469028], [-48.61856436331043, -26.3616981874962], [-48.61792519684052, -26.36241363344294], [-48.61865976149667, -26.36301517672597], [-48.61928792867856, -26.3623029469028]]]}}, {"type": "Feature", "properties": {"cod_imovel": "SC-4216206-1F22A4A543814AA58146EBC84B094806", "municipio": "Sao Francisco do Sul", "num_area": 17.8001, "mod_fiscal": 1.4833, "des_condic": "Aguardando analise", "ind_status": "AT", "dat_atuali": "22/01/2025"}, "geometry": {"type": "Polygon", "coordinates": [[[-48.66398269139511, -26.27896840286023], [-48.66300157204725, -26.27779182588612], [-48.66224346907448, -26.27864662502051], [-48.66179246181044, -26.27833269803571], [-48.65989589983864, -26.28046376168631], [-48.65987583620189, -26.28095564496942], [-48.66026416276641, -26.28131335606555], [-48.65989501708927, -26.28192000061516], [-48.66016350801744, -26.28239351680528], [-48.66050902954043, -26.28264505564969], [-48.66193843917223, -26.28255737142332], [-48.6632834921303, -26.28189342887517], [-48.66438036354871, -26.28167661046695], [-48.66552137653439, -26.28041342524451], [-48.66461637095506, -26.28000944905934], [-48.66452485119589, -26.27959955382607], [-48.66401306007747, -26.27921169162418], [-48.66398269139511, -26.27896840286023]]]}}, {"type": "Feature", "properties": {"cod_imovel": "SC-4216206-2D59249D60C84E1F94EE8B91FE4102FC", "municipio": "Sao Francisco do Sul", "num_area": 2.3386, "mod_fiscal": 0.1949, "des_condic": "Aguardando analise", "ind_status": "AT", "dat_atuali": "22/01/2025"}, "geometry": {"type": "Polygon", "coordinates": [[[-48.66407155190267, -26.27527879793652], [-48.65961607030656, -26.28033339970694], [-48.65969181060791, -26.280679010905978], [-48.6644983291626, -26.275272524539993], [-48.66407155190267, -26.27527879793652]]]}}, {"type": "Feature", "properties": {"cod_imovel": "SC-4216206-C2474AE2C08444D4839A75CFE78BAE4D", "municipio": "Sao Francisco do Sul", "num_area": 0.18, "mod_fiscal": 0.015, "des_condic": "Aguardando analise", "ind_status": "AT", "dat_atuali": "22/01/2025"}, "geometry": {"type": "Polygon", "coordinates": [[[-48.59264612284224, -26.29090145609159], [-48.5931800642358, -26.29064784061718], [-48.59305176607462, -26.290408753339], [-48.59251027511068, -26.29066083122379], [-48.59264612284224, -26.29090145609159]]]}}, {"type": "Feature", "properties": {"cod_imovel": "SC-4216206-0DB5CAB7C51E496D97DD86DF16A8C8E7", "municipio": "Sao Francisco do Sul", "num_area": 373.5048, "mod_fiscal": 31.1254, "des_condic": "Aguardando analise", "ind_status": "AT", "dat_atuali": "17/12/2024"}, "geometry": {"type": "Polygon", "coordinates": [[[-48.64169381987413, -26.33883128299763], [-48.63691854092438, -26.33682024994058], [-48.63668763865461, -26.33822776971489], [-48.63443818834591, -26.3371301599387], [-48.63372800569856, -26.33841439022033], [-48.63029847749638, -26.33682857094997], [-48.62954944355322, -26.33765440913105], [-48.63546694685518, -26.34060691372564], [-48.63183177875561, -26.34957817794607], [-48.63114530324655, -26.35083053028868], [-48.62733745152207, -26.3498918084179], [-48.62752380281694, -26.35253104203231], [-48.6311534537403, -26.35189587490153], [-48.63279384569095, -26.35394398773473], [-48.63165571528312, -26.35571347563089], [-48.62951288247933, -26.35625808529996], [-48.63155972222222, -26.3591475], [-48.62941805555555, -26.35909305555556], [-48.62960972222223, -26.36063111111111], [-48.63047861111112, -26.36105388888889], [-48.63040166666666, -26.36158083333334], [-48.6326638888889, -26.36236305555556], [-48.63288972222222, -26.36326444444444], [-48.63363944444444, -26.36329111111111], [-48.63423166666668, -26.36306083333333], [-48.63487527777778, -26.36317638888889], [-48.63526027777778, -26.36339722222222], [-48.63547888888888, -26.36399611111111], [-48.63681694444444, -26.36401861111111], [-48.63713138888888, -26.3643063888889], [-48.63973, -26.36212333333334], [-48.64213388888889, -26.35963555555556], [-48.64245083333334, -26.35877944444444], [-48.64137333333333, -26.35822], [-48.64119416666668, -26.35784333333334], [-48.641265, -26.35753277777778], [-48.64164333333333, -26.35738111111111], [-48.64216277777778, -26.35760611111111], [-48.6429025, -26.35752166666667], [-48.64364583333333, -26.3576225], [-48.64412194444444, -26.35789194444445], [-48.64530111111112, -26.35711166666667], [-48.64546083333333, -26.35647611111111], [-48.64590027777778, -26.35627666666667], [-48.64718388888889, -26.3562375], [-48.64818944444444, -26.35640944444445], [-48.64919333333334, -26.35621416666667], [-48.64934333333334, -26.35535916666667], [-48.64995305555556, -26.35487916666667], [-48.6511161111111, -26.35474805555556], [-48.6519275, -26.35505361111112], [-48.65242666666666, -26.35509555555557], [-48.65266138888889, -26.35495027777778], [-48.65170777777777, -26.35382611111111], [-48.65197416666666, -26.35232944444445], [-48.65147555555555, -26.35120722222223], [-48.65064138888888, -26.35114694444445], [-48.64809777777779, -26.34987833333333], [-48.6476313888889, -26.34949361111111], [-48.64755444444445, -26.34872805555555], [-48.64707111111111, -26.34844388888888], [-48.64574138888889, -26.34816555555555], [-48.64538111111112, -26.34703666666666], [-48.64467138888889, -26.34673944444444], [-48.64424805555556, -26.34601944444444], [-48.6429975, -26.34544222222222], [-48.64281111111111, -26.34517694444444], [-48.64275416666666, -26.34460722222222], [-48.64321527777778, -26.34308], [-48.64306305555557, -26.34268888888889], [-48.64369222222222, -26.34165361111111], [-48.64366111111111, -26.34138222222222], [-48.64322527777778, -26.34104888888889], [-48.643415, -26.34069361111111], [-48.64169381987413, -26.33883128299763]]]}}, {"type": "Feature", "properties": {"cod_imovel": "SC-4216206-DACA55EBFB5741BD946A6277B617711E", "municipio": "Sao Francisco do Sul", "num_area": 80.9125, "mod_fiscal": 6.7427, "des_condic": "Aguardando analise", "ind_status": "AT", "dat_atuali": "19/11/2024"}, "geometry": {"type": "Polygon", "coordinates": [[[-48.6062308836, -26.3979567409], [-48.6065172972, -26.3991483016], [-48.6065738048, -26.4002533273], [-48.6073183306, -26.4002910201], [-48.6076479067, -26.4005277156], [-48.60793528329999, -26.4010409391], [-48.607857839, -26.4016537291], [-48.607355118, -26.4020555763], [-48.60734789289999, -26.4034398311], [-48.6095494599, -26.4041611354], [-48.60974202340001, -26.4046950208], [-48.6094313702, -26.4053780812], [-48.6091328008, -26.4056903376], [-48.60843231850001, -26.405962337], [-48.6079960663, -26.4065204984], [-48.6080282496, -26.4067380186], [-48.60870017519999, -26.4064993456], [-48.6095026207, -26.4056783803], [-48.6102293135, -26.4055263617], [-48.6112145228, -26.4048689036], [-48.6128944723, -26.4045752911], [-48.6136542344, -26.4042278308], [-48.61429841219999, -26.4032217558], [-48.6148532198, -26.4001588405], [-48.61557776110001, -26.3983006053], [-48.61406990959999, -26.3982149888], [-48.6144958035, -26.3972024133], [-48.6159974359, -26.3972218805], [-48.6166681956, -26.3955151283], [-48.6063926818, -26.3953206894], [-48.60610711279999, -26.3951562761], [-48.6056458942, -26.3954026407], [-48.6057161189, -26.3956681545], [-48.6067580292, -26.3964013647], [-48.6070008299, -26.3968512721], [-48.6066646739, -26.3976270159], [-48.6062308836, -26.3979567409]]]}}, {"type": "Feature", "properties": {"cod_imovel": "SC-4216206-B729AFBAE07B4682B4E3DA2B51142D22", "municipio": "Sao Francisco do Sul", "num_area": 2.0198, "mod_fiscal": 0.1683, "des_condic": "Aguardando analise", "ind_status": "AT", "dat_atuali": "18/11/2024"}, "geometry": {"type": "Polygon", "coordinates": [[[-48.604443669319146, -26.3329703868347], [-48.60418617725372, -26.333258852042494], [-48.60358256132031, -26.33339004470095], [-48.60252736773036, -26.33347113191003], [-48.60195065505234, -26.33330055137012], [-48.60248630331338, -26.33352545388696], [-48.60350978614026, -26.33353043948619], [-48.60349129915978, -26.33486221793238], [-48.60479456957295, -26.33460105354968], [-48.604443669319146, -26.3329703868347]]]}}, {"type": "Feature", "properties": {"cod_imovel": "SC-4216206-4A769C4688344819A91873F59AFF9F3F", "municipio": "Sao Francisco do Sul", "num_area": 9.3787, "mod_fiscal": 0.7816, "des_condic": "Aguardando analise", "ind_status": "AT", "dat_atuali": "18/11/2024"}, "geometry": {"type": "Polygon", "coordinates": [[[-48.60397696495056, -26.333114619528455], [-48.60440084341427, -26.33265877805884], [-48.60384704242411, -26.32998516129613], [-48.599653244018555, -26.33225883624879], [-48.60249638557434, -26.333239621050996], [-48.60397696495056, -26.333114619528455]]]}}, {"type": "Feature", "properties": {"cod_imovel": "SC-4216206-0D905E82351A4AA5BD0F9DA7798AEAF1", "municipio": "Sao Francisco do Sul", "num_area": 13.559, "mod_fiscal": 1.1299, "des_condic": "Aguardando analise", "ind_status": "AT", "dat_atuali": "13/11/2024"}, "geometry": {"type": "Polygon", "coordinates": [[[-48.62959479413485, -26.271859809791156], [-48.62615522327503, -26.275767337633024], [-48.62728040247935, -26.276841230560702], [-48.62810604503595, -26.27730530893378], [-48.629288251742736, -26.277647393990478], [-48.63029143662699, -26.276986476301186], [-48.630271166608274, -26.2767080878354], [-48.62922588629308, -26.27667737261163], [-48.62927703571349, -26.276017784164623], [-48.63004463658168, -26.27461420551232], [-48.62993219080575, -26.273576302504193], [-48.63018241976292, -26.27288308994944], [-48.62959479413485, -26.271859809791156]]]}}, {"type": "Feature", "properties": {"cod_imovel": "SC-4216206-AD9F62B6AC084F43B3895823ABD8E1F4", "municipio": "Sao Francisco do Sul", "num_area": 2.0, "mod_fiscal": 0.1667, "des_condic": "Aguardando analise", "ind_status": "AT", "dat_atuali": "11/11/2024"}, "geometry": {"type": "Polygon", "coordinates": [[[-48.62876466188078, -26.27105378901096], [-48.63072103281154, -26.27025500049174], [-48.63039410906634, -26.26968815533709], [-48.62810446143283, -26.27057362763122], [-48.62830916542261, -26.27138936380398], [-48.62879276275635, -26.27128964926827], [-48.62876466188078, -26.27105378901096]]]}}, {"type": "Feature", "properties": {"cod_imovel": "SC-4216206-0CD92081A1C044BC9886BB18111443C9", "municipio": "Sao Francisco do Sul", "num_area": 6.953, "mod_fiscal": 0.5794, "des_condic": "Aguardando analise", "ind_status": "AT", "dat_atuali": "11/11/2024"}, "geometry": {"type": "Polygon", "coordinates": [[[-48.606244753, -26.3936841161], [-48.6062979598, -26.3943612628], [-48.6149191815, -26.3943391916], [-48.6153882061, -26.3942049824], [-48.61562485969999, -26.3935894156], [-48.606244753, -26.3936841161]]]}}, {"type": "Feature", "properties": {"cod_imovel": "SC-4216206-359699511F214D74991DD0BDA87A05E1", "municipio": "Sao Francisco do Sul", "num_area": 0.0472, "mod_fiscal": 0.0039, "des_condic": "Aguardando analise", "ind_status": "AT", "dat_atuali": "10/11/2024"}, "geometry": {"type": "Polygon", "coordinates": [[[-48.65316720017137, -26.336176699997242], [-48.65302174796775, -26.33619172588723], [-48.653168323595715, -26.336482876229837], [-48.65330141395004, -26.33644316337403], [-48.65316720017137, -26.336176699997242]]]}}, {"type": "Feature", "properties": {"cod_imovel": "SC-4216206-02484DC067F942D0BBC7D9DA97873168", "municipio": "Sao Francisco do Sul", "num_area": 0.25, "mod_fiscal": 0.0208, "des_condic": "Aguardando analise", "ind_status": "AT", "dat_atuali": "07/11/2024"}, "geometry": {"type": "Polygon", "coordinates": [[[-48.6133311087461, -26.35998058301274], [-48.61396483584353, -26.35931362721487], [-48.61378079911648, -26.35915002458189], [-48.61314385507545, -26.3598265212749], [-48.6133311087461, -26.35998058301274]]]}}, {"type": "Feature", "properties": {"cod_imovel": "SC-4216206-181802F1DA7749BF97BD0FE4DDD5AA69", "municipio": "Sao Francisco do Sul", "num_area": 0.8382, "mod_fiscal": 0.0698, "des_condic": "Aguardando analise", "ind_status": "AT", "dat_atuali": "18/12/2023"}, "geometry": {"type": "Polygon", "coordinates": [[[-48.66279182653051, -26.277121646102874], [-48.66176468912657, -26.278288553610324], [-48.66221316466746, -26.278609391986734], [-48.6630094670227, -26.277704798284372], [-48.66279182653051, -26.277121646102874]]]}}, {"type": "Feature", "properties": {"cod_imovel": "SC-4216206-9566BDD9F688417689053E872288A176", "municipio": "Sao Francisco do Sul", "num_area": 0.15, "mod_fiscal": 0.0125, "des_condic": "Aguardando analise", "ind_status": "AT", "dat_atuali": "19/12/2023"}, "geometry": {"type": "Polygon", "coordinates": [[[-48.65989254985477, -26.281691124816046], [-48.66023838006465, -26.281275291317364], [-48.65987583596531, -26.280944290320438], [-48.65987390965871, -26.28112965903193], [-48.65989254985477, -26.281691124816046]]]}}, {"type": "Feature", "properties": {"cod_imovel": "SC-4216206-0CEEA87D7E2B445299A7319F8B7FD81F", "municipio": "Sao Francisco do Sul", "num_area": 0.5929, "mod_fiscal": 0.0494, "des_condic": "Aguardando analise", "ind_status": "AT", "dat_atuali": "28/10/2023"}, "geometry": {"type": "Polygon", "coordinates": [[[-48.61755079624499, -26.38708999232742], [-48.6162068655283, -26.38716035903494], [-48.61626084367852, -26.38760889581443], [-48.6175917006565, -26.3874333211705], [-48.61755079624499, -26.38708999232742]]]}}, {"type": "Feature", "properties": {"cod_imovel": "SC-4216206-4E5FC952D82C4D499FBF61A5A692B01F", "municipio": "Sao Francisco do Sul", "num_area": 1.2045, "mod_fiscal": 0.1004, "des_condic": "Aguardando analise", "ind_status": "AT", "dat_atuali": "06/11/2024"}, "geometry": {"type": "Polygon", "coordinates": [[[-48.58470055741139, -26.27457788188168], [-48.58147994656155, -26.275820013674984], [-48.58167420117579, -26.276082835288292], [-48.58489481783091, -26.274840699532433], [-48.58470055741139, -26.27457788188168]]]}}, {"type": "Feature", "properties": {"cod_imovel": "SC-4216206-909ED4C7EC1D4C40A2D774D4357C58C8", "municipio": "Sao Francisco do Sul", "num_area": 1.2045, "mod_fiscal": 0.1004, "des_condic": "Aguardando analise", "ind_status": "AT", "dat_atuali": "06/11/2024"}, "geometry": {"type": "Polygon", "coordinates": [[[-48.58815446327872, -26.27324258082345], [-48.5849338206867, -26.274484793846852], [-48.585128081522036, -26.274747611210337], [-48.588348729917925, -26.273505394223864], [-48.58815446327872, -26.27324258082345]]]}}, {"type": "Feature", "properties": {"cod_imovel": "SC-4216206-36117B759E7A4FA393DF0D3188E7716E", "municipio": "Sao Francisco do Sul", "num_area": 0.7864, "mod_fiscal": 0.0655, "des_condic": "Aguardando analise", "ind_status": "AT", "dat_atuali": "15/10/2024"}, "geometry": {"type": "Polygon", "coordinates": [[[-48.58856823906692, -26.290776431845], [-48.58815442823393, -26.29003469699306], [-48.58741955316179, -26.29034281994704], [-48.58774812247753, -26.29111644078294], [-48.58856823906692, -26.290776431845]]]}}, {"type": "Feature", "properties": {"cod_imovel": "SC-4216206-727A29A184104DE08C8CB3BA95B6F52F", "municipio": "Sao Francisco do Sul", "num_area": 0.125, "mod_fiscal": 0.0104, "des_condic": "Aguardando analise", "ind_status": "AT", "dat_atuali": "15/10/2024"}, "geometry": {"type": "Polygon", "coordinates": [[[-48.61953721770499, -26.36312915454219], [-48.61934390487149, -26.36298247605377], [-48.61902887488557, -26.36333714813986], [-48.61921365866493, -26.36347799277408], [-48.61953721770499, -26.36312915454219]]]}}, {"type": "Feature", "properties": {"cod_imovel": "SC-4216206-53E3E59CD5874E2480AD22A7198B8597", "municipio": "Sao Francisco do Sul", "num_area": 0.1249, "mod_fiscal": 0.0104, "des_condic": "Aguardando analise", "ind_status": "AT", "dat_atuali": "10/10/2024"}, "geometry": {"type": "Polygon", "coordinates": [[[-48.62040182947188, -26.36323852590985], [-48.62022548153656, -26.3630748532845], [-48.61990435178257, -26.36342236735401], [-48.6200813014921, -26.36357960546827], [-48.62040182947188, -26.36323852590985]]]}}, {"type": "Feature", "properties": {"cod_imovel": "SC-4216206-C5C53E7EBB384845B7B58E81F4417A60", "municipio": "Sao Francisco do Sul", "num_area": 13.4014, "mod_fiscal": 1.1168, "des_condic": "Aguardando analise", "ind_status": "AT", "dat_atuali": "09/10/2024"}, "geometry": {"type": "Polygon", "coordinates": [[[-48.61800312813345, -26.3935505173256], [-48.60594760681293, -26.39341581071778], [-48.60597892548779, -26.3944994605175], [-48.61767828182052, -26.39450721399296], [-48.61800312813345, -26.3935505173256]]]}}, {"type": "Feature", "properties": {"cod_imovel": "SC-4216206-39C8E3E37C574BCEA2A4A8B68D75662E", "municipio": "Sao Francisco do Sul", "num_area": 0.9211, "mod_fiscal": 0.0768, "des_condic": "Aguardando analise", "ind_status": "AT", "dat_atuali": "04/10/2024"}, "geometry": {"type": "Polygon", "coordinates": [[[-48.61626245509075, -26.38782037057749], [-48.61557872370057, -26.3879068402851], [-48.61558319982625, -26.38814934591039], [-48.61753314590722, -26.38799008996829], [-48.61754394481205, -26.38743394731776], [-48.61623501305646, -26.38761035572942], [-48.61626245509075, -26.38782037057749]]]}}, {"type": "Feature", "properties": {"cod_imovel": "SC-4216206-D24AE117B4FE4DF6BD75D65BEFC28187", "municipio": "Sao Francisco do Sul", "num_area": 0.2204, "mod_fiscal": 0.0184, "des_condic": "Aguardando analise", "ind_status": "AT", "dat_atuali": "29/09/2024"}, "geometry": {"type": "Polygon", "coordinates": [[[-48.59187140103572, -26.28463891601702], [-48.59075896446644, -26.2851243076543], [-48.59075070954943, -26.28531198027338], [-48.59185324747036, -26.28482241832972], [-48.59187140103572, -26.28463891601702]]]}}, {"type": "Feature", "properties": {"cod_imovel": "SC-4216206-5A7582FE13F54F98B45EB26CE2E8E351", "municipio": "Sao Francisco do Sul", "num_area": 0.6, "mod_fiscal": 0.05, "des_condic": "Aguardando analise", "ind_status": "AT", "dat_atuali": "25/09/2024"}, "geometry": {"type": "Polygon", "coordinates": [[[-48.58885934774407, -26.28092397965087], [-48.58878298606085, -26.2807586478245], [-48.58601689338684, -26.281838198051584], [-48.5860752659564, -26.28195074124655], [-48.58885934774407, -26.28092397965087]]]}}, {"type": "Feature", "properties": {"cod_imovel": "SC-4216206-D25AA0E0A0A44783AB6C2205CEEE176E", "municipio": "Sao Francisco do Sul", "num_area": 0.6601, "mod_fiscal": 0.055, "des_condic": "Aguardando analise", "ind_status": "PE", "dat_atuali": "12/03/2026"}, "geometry": {"type": "Polygon", "coordinates": [[[-48.67699861, -26.28349786], [-48.67576473, -26.28472007], [-48.67599001, -26.28496615], [-48.67729736, -26.28367116], [-48.67699861, -26.28349786]]]}}, {"type": "Feature", "properties": {"cod_imovel": "SC-4216206-D18C3B7A1B2D44B1BF86E75FDD0ABA75", "municipio": "Sao Francisco do Sul", "num_area": 0.1029, "mod_fiscal": 0.0086, "des_condic": "Aguardando analise", "ind_status": "PE", "dat_atuali": "31/10/2024"}, "geometry": {"type": "Polygon", "coordinates": [[[-48.67931659015969, -26.29143017116689], [-48.67910465273564, -26.29126921161875], [-48.67885044958916, -26.2915435494645], [-48.67912504627694, -26.29164410665967], [-48.67931659015969, -26.29143017116689]]]}}, {"type": "Feature", "properties": {"cod_imovel": "SC-4216206-240F9BA4BC904B4393AA9C0662AFFB13", "municipio": "Sao Francisco do Sul", "num_area": 0.3039, "mod_fiscal": 0.0253, "des_condic": "Aguardando analise", "ind_status": "PE", "dat_atuali": "20/09/2024"}, "geometry": {"type": "Polygon", "coordinates": [[[-48.65579773, -26.27999689], [-48.6548023, -26.28107446], [-48.6549458, -26.28119404], [-48.65594739, -26.28010982], [-48.65579773, -26.27999689]]]}}, {"type": "Feature", "properties": {"cod_imovel": "SC-4216206-24DD513ED6A04CCDA9C32268AF5E5046", "municipio": "Sao Francisco do Sul", "num_area": 1.0001, "mod_fiscal": 0.0833, "des_condic": "Aguardando analise", "ind_status": "PE", "dat_atuali": "07/02/2023"}, "geometry": {"type": "Polygon", "coordinates": [[[-48.64610865720649, -26.30853094150898], [-48.64931249548523, -26.31071626338286], [-48.64946308652781, -26.31052747304878], [-48.6462560016118, -26.30835865416702], [-48.64610865720649, -26.30853094150898]]]}}, {"type": "Feature", "properties": {"cod_imovel": "SC-4216206-D035E474261540CBA564086C34821E44", "municipio": "Sao Francisco do Sul", "num_area": 4.0203, "mod_fiscal": 0.335, "des_condic": "Aguardando analise", "ind_status": "PE", "dat_atuali": "29/06/2021"}, "geometry": {"type": "Polygon", "coordinates": [[[-48.64766834260772, -26.289279903086737], [-48.65178063810515, -26.292409099781576], [-48.651498376423525, -26.291261584560154], [-48.648157053292955, -26.288637994809523], [-48.64766834260772, -26.289279903086737]]]}}, {"type": "Feature", "properties": {"cod_imovel": "SC-4216206-76455EB4CAC4455AB332E81377980966", "municipio": "Sao Francisco do Sul", "num_area": 2.8036, "mod_fiscal": 0.2336, "des_condic": "Aguardando analise", "ind_status": "PE", "dat_atuali": "29/06/2021"}, "geometry": {"type": "Polygon", "coordinates": [[[-48.64725885350609, -26.289538807903746], [-48.65195150121987, -26.293103722483018], [-48.65178063810515, -26.292409099781576], [-48.64754888120381, -26.28918899641094], [-48.64725885350609, -26.289538807903746]]]}}, {"type": "Feature", "properties": {"cod_imovel": "SC-4216206-AEF0C811762546F38D47F1A345681C2E", "municipio": "Sao Francisco do Sul", "num_area": 3.0, "mod_fiscal": 0.25, "des_condic": "Aguardando analise", "ind_status": "PE", "dat_atuali": "29/06/2021"}, "geometry": {"type": "Polygon", "coordinates": [[[-48.651498376423525, -26.29126158456018], [-48.65246923666354, -26.29520846812883], [-48.65311153051613, -26.295080096251198], [-48.65216488940901, -26.291128370628968], [-48.651498376423525, -26.29126158456018]]]}}, {"type": "Feature", "properties": {"cod_imovel": "SC-4216206-BB74235F8F5E413C85B612FD35D5E3AC", "municipio": "Sao Francisco do Sul", "num_area": 1.8, "mod_fiscal": 0.15, "des_condic": "Aguardando analise", "ind_status": "PE", "dat_atuali": "29/06/2021"}, "geometry": {"type": "Polygon", "coordinates": [[[-48.646298158222606, -26.290776905073386], [-48.6496696140929, -26.293331845748607], [-48.652543305408756, -26.295509573867978], [-48.65246923666354, -26.29520846812883], [-48.64643546954281, -26.290596416209276], [-48.646298158222606, -26.290776905073386]]]}}, {"type": "Feature", "properties": {"cod_imovel": "SC-4216206-765424D80E6B41759A45F0E9B800A2B2", "municipio": "Sao Francisco do Sul", "num_area": 56.001, "mod_fiscal": 4.6667, "des_condic": "Aguardando analise", "ind_status": "PE", "dat_atuali": "09/02/2021"}, "geometry": {"type": "Polygon", "coordinates": [[[-48.672347540295476, -26.27605796261795], [-48.66781657922587, -26.28111215862021], [-48.668188217231716, -26.28115274062004], [-48.66027021611124, -26.289895456623952], [-48.66187777513659, -26.290991883623043], [-48.670617931270534, -26.282482104618662], [-48.67108592927809, -26.282700134618402], [-48.672233361296335, -26.28285938461776], [-48.67420721632697, -26.28094465861679], [-48.67329590431186, -26.27951335161735], [-48.6730894133084, -26.278930803617502], [-48.67358516331613, -26.278755283617162], [-48.67368855531772, -26.278553233617142], [-48.67357964131595, -26.278334744617176], [-48.673642405316485, -26.277297019617144], [-48.67321579930948, -26.276628139617433], [-48.6725789562993, -26.276443931617816], [-48.672347540295476, -26.27605796261795]]]}}, {"type": "Feature", "properties": {"cod_imovel": "SC-4216206-DD5ACB310C3749DEA03B9B3963ECDDBE", "municipio": "Sao Francisco do Sul", "num_area": 0.482, "mod_fiscal": 0.0402, "des_condic": "Aguardando analise", "ind_status": "PE", "dat_atuali": "09/02/2021"}, "geometry": {"type": "Polygon", "coordinates": [[[-48.6783198022957, -26.28433898473002], [-48.67666420432007, -26.2859710597264], [-48.67678151076043, -26.28613104357037], [-48.67846870729465, -26.28443929046828], [-48.6783198022957, -26.28433898473002]]]}}, {"type": "Feature", "properties": {"cod_imovel": "SC-4216206-BB01323423824CA0BE8806E178C51CCC", "municipio": "Sao Francisco do Sul", "num_area": 0.565, "mod_fiscal": 0.0471, "des_condic": "Aguardando analise", "ind_status": "PE", "dat_atuali": "26/11/2020"}, "geometry": {"type": "Polygon", "coordinates": [[[-48.67740772300763, -26.28338659460515], [-48.67584343568873, -26.28489965146033], [-48.67600229376278, -26.28508936485606], [-48.6775266125092, -26.28359795315069], [-48.67740772300763, -26.28338659460515]]]}}, {"type": "Feature", "properties": {"cod_imovel": "SC-4216206-75D9262842D149219D863A9BAFD3E908", "municipio": "Sao Francisco do Sul", "num_area": 26.9388, "mod_fiscal": 2.2449, "des_condic": "Aguardando analise", "ind_status": "PE", "dat_atuali": "11/06/2019"}, "geometry": {"type": "Polygon", "coordinates": [[[-48.65086307963991, -26.316293857867215], [-48.65425456564345, -26.325290368867062], [-48.6550289726443, -26.324777229867085], [-48.65651582264587, -26.32230762886723], [-48.65789069864742, -26.32217895886721], [-48.6589592986485, -26.321888136867337], [-48.65086307963991, -26.316293857867215]]]}}, {"type": "Feature", "properties": {"cod_imovel": "SC-4216206-AC085F181F5E4293A68F201BCA54AF7C", "municipio": "Sao Francisco do Sul", "num_area": 1.1707, "mod_fiscal": 0.0976, "des_condic": "Aguardando analise", "ind_status": "PE", "dat_atuali": "15/08/2018"}, "geometry": {"type": "Polygon", "coordinates": [[[-48.67616804564434, -26.28557747913535], [-48.67790509677838, -26.2838534299013], [-48.67788791656494, -26.28383428155372], [-48.67752666712459, -26.28360051310138], [-48.6759558668625, -26.28513020412048], [-48.67616804564434, -26.28557747913535]]]}}, {"type": "Feature", "properties": {"cod_imovel": "SC-4216206-99A82CF74F524FED8CC6051B3A7C058B", "municipio": "Sao Francisco do Sul", "num_area": 10.3894, "mod_fiscal": 0.8658, "des_condic": "Aguardando analise", "ind_status": "PE", "dat_atuali": "11/12/2018"}, "geometry": {"type": "Polygon", "coordinates": [[[-48.675291538238525, -26.28470004203284], [-48.674776554107666, -26.284180586520677], [-48.665056228637695, -26.292433882289682], [-48.665571212768555, -26.29293406315783], [-48.675291538238525, -26.28470004203284]]]}}, {"type": "Feature", "properties": {"cod_imovel": "SC-4216206-9A57F60F4D8545D0B199673FD6CE1692", "municipio": "Sao Francisco do Sul", "num_area": 2.7951, "mod_fiscal": 0.2329, "des_condic": "Aguardando analise", "ind_status": "AT", "dat_atuali": "25/09/2024"}, "geometry": {"type": "Polygon", "coordinates": [[[-48.65611689463745, -26.33240184805744], [-48.65521383330345, -26.33312064743907], [-48.65585273750835, -26.3349213193177], [-48.65667413466277, -26.33468399655266], [-48.65678437177317, -26.33509889148084], [-48.65728402100174, -26.33515878520172], [-48.65611689463745, -26.33240184805744]]]}}, {"type": "Feature", "properties": {"cod_imovel": "SC-4216206-6E2F3A9FEA274909BFF2328E4998A221", "municipio": "Sao Francisco do Sul", "num_area": 43.1617, "mod_fiscal": 3.5968, "des_condic": "Aguardando analise", "ind_status": "AT", "dat_atuali": "25/09/2024"}, "geometry": {"type": "Polygon", "coordinates": [[[-48.59465970077927, -26.27880131826748], [-48.57025842839356, -26.28774802918025], [-48.57322812080383, -26.2883265462642], [-48.59546626416959, -26.28017865501773], [-48.59465970077927, -26.27880131826748]]]}}, {"type": "Feature", "properties": {"cod_imovel": "SC-4216206-A37EC236FB514BB2A6105D80EA2E005D", "municipio": "Sao Francisco do Sul", "num_area": 0.1194, "mod_fiscal": 0.01, "des_condic": "Aguardando analise", "ind_status": "AT", "dat_atuali": "24/09/2024"}, "geometry": {"type": "Polygon", "coordinates": [[[-48.62278691949381, -26.36702585326915], [-48.62238327576232, -26.36673226178261], [-48.6222422243429, -26.36689666130023], [-48.62264737040905, -26.36719114635622], [-48.62278691949381, -26.36702585326915]]]}}, {"type": "Feature", "properties": {"cod_imovel": "SC-4216206-CDD296ACBE9F445CA9E8F4524C2E36BB", "municipio": "Sao Francisco do Sul", "num_area": 0.0713, "mod_fiscal": 0.0059, "des_condic": "Aguardando analise", "ind_status": "AT", "dat_atuali": "24/09/2024"}, "geometry": {"type": "Polygon", "coordinates": [[[-48.6495207637, -26.328451606], [-48.6494261687, -26.3285146718], [-48.6498190952, -26.3289339574], [-48.6499142463, -26.3288716315], [-48.6495207637, -26.328451606]]]}}, {"type": "Feature", "properties": {"cod_imovel": "SC-4216206-32A2D5E4CE064889876AFEF56A829740", "municipio": "Sao Francisco do Sul", "num_area": 7.8777, "mod_fiscal": 0.6565, "des_condic": "Aguardando analise", "ind_status": "AT", "dat_atuali": "24/09/2024"}, "geometry": {"type": "Polygon", "coordinates": [[[-48.60732049422029, -26.33391863593482], [-48.60879122773079, -26.33336169898122], [-48.60635159140369, -26.32863643825099], [-48.60533775104259, -26.3292185955764], [-48.60732049422029, -26.33391863593482]]]}}, {"type": "Feature", "properties": {"cod_imovel": "SC-4216206-72EC8B9F283840F29ED996AD0264E794", "municipio": "Sao Francisco do Sul", "num_area": 4.0, "mod_fiscal": 0.3333, "des_condic": "Aguardando analise", "ind_status": "AT", "dat_atuali": "24/09/2024"}, "geometry": {"type": "Polygon", "coordinates": [[[-48.64264899945407, -26.33079753081559], [-48.64273734673787, -26.33037613889396], [-48.63482218214259, -26.32884241199451], [-48.63475814922237, -26.3293063810905], [-48.64264899945407, -26.33079753081559]]]}}, {"type": "Feature", "properties": {"cod_imovel": "SC-4216206-A1083234D73644ADA5B7BE92BF006975", "municipio": "Sao Francisco do Sul", "num_area": 0.8786, "mod_fiscal": 0.0732, "des_condic": "Aguardando analise", "ind_status": "AT", "dat_atuali": "20/09/2024"}, "geometry": {"type": "Polygon", "coordinates": [[[-48.58481472783675, -26.29690031548365], [-48.58792922466115, -26.29555926927979], [-48.58804411613997, -26.29526421368791], [-48.58473427897248, -26.29668706135278], [-48.58481472783675, -26.29690031548365]]]}}, {"type": "Feature", "properties": {"cod_imovel": "SC-4216206-B784A41A57E8417791E28E1B420207FB", "municipio": "Sao Francisco do Sul", "num_area": 0.3849, "mod_fiscal": 0.0321, "des_condic": "Aguardando analise", "ind_status": "AT", "dat_atuali": "19/09/2024"}, "geometry": {"type": "Polygon", "coordinates": [[[-48.65764017716636, -26.33399191895384], [-48.6578919146173, -26.33432107377647], [-48.65815626915531, -26.33410884484152], [-48.65719897238988, -26.33332283379339], [-48.65712472958591, -26.33360408105742], [-48.6575153939689, -26.33408354210477], [-48.65764017716636, -26.33399191895384]]]}}, {"type": "Feature", "properties": {"cod_imovel": "SC-4216206-EB47EB7A07DC4F50B1DBD23DBE2704E6", "municipio": "Sao Francisco do Sul", "num_area": 0.0579, "mod_fiscal": 0.0048, "des_condic": "Aguardando analise", "ind_status": "AT", "dat_atuali": "18/09/2024"}, "geometry": {"type": "Polygon", "coordinates": [[[-48.59644434931772, -26.29408224971052], [-48.59620325349191, -26.29423973356939], [-48.59636201672082, -26.29435178533171], [-48.59660469790994, -26.29419375511279], [-48.59644434931772, -26.29408224971052]]]}}, {"type": "Feature", "properties": {"cod_imovel": "SC-4216206-E6D30707192C4284B4E746500F9114BA", "municipio": "Sao Francisco do Sul", "num_area": 4.1019, "mod_fiscal": 0.3418, "des_condic": "Aguardando analise", "ind_status": "AT", "dat_atuali": "16/09/2024"}, "geometry": {"type": "Polygon", "coordinates": [[[-48.61117677226164, -26.2692599139083], [-48.61152518018781, -26.26927233694951], [-48.61165837558396, -26.26947883887092], [-48.61320912837982, -26.26887003391189], [-48.61250220621118, -26.26852875647554], [-48.61247052820297, -26.26793825725413], [-48.61258813665903, -26.26815154385871], [-48.61524044857733, -26.26672659404715], [-48.61503153906958, -26.26633853322916], [-48.6113729796248, -26.26796392978924], [-48.61117677226164, -26.2692599139083]]]}}, {"type": "Feature", "properties": {"cod_imovel": "SC-4216206-569E79F5752646EA9F08594CADBA2A91", "municipio": "Sao Francisco do Sul", "num_area": 3.1117, "mod_fiscal": 0.2593, "des_condic": "Aguardando analise", "ind_status": "AT", "dat_atuali": "10/09/2024"}, "geometry": {"type": "Polygon", "coordinates": [[[-48.64728603280999, -26.31270234798757], [-48.64345809138862, -26.31014227159248], [-48.64392141455519, -26.31130003539762], [-48.64680351709423, -26.31320009300452], [-48.64728603280999, -26.31270234798757]]]}}, {"type": "Feature", "properties": {"cod_imovel": "SC-4216206-A6BCCC4B681245048B4FC197D82B36FD", "municipio": "Sao Francisco do Sul", "num_area": 1.4578, "mod_fiscal": 0.1215, "des_condic": "Aguardando analise", "ind_status": "AT", "dat_atuali": "03/09/2024"}, "geometry": {"type": "Polygon", "coordinates": [[[-48.58952982856866, -26.29819816759916], [-48.58981814168801, -26.298925434666], [-48.59146006177824, -26.29826208267522], [-48.59100043773651, -26.297594298510827], [-48.58952982856866, -26.29819816759916]]]}}, {"type": "Feature", "properties": {"cod_imovel": "SC-4216206-E64708002ABC464CA34BB3F1DEDF5FEB", "municipio": "Sao Francisco do Sul", "num_area": 0.6284, "mod_fiscal": 0.0524, "des_condic": "Aguardando analise", "ind_status": "AT", "dat_atuali": "03/09/2024"}, "geometry": {"type": "Polygon", "coordinates": [[[-48.59806537628174, -26.27909653340928], [-48.59762002870774, -26.27829117920092], [-48.59701942351141, -26.27843012338536], [-48.59751284122467, -26.27930336300117], [-48.59806537628174, -26.27909653340928]]]}}, {"type": "Feature", "properties": {"cod_imovel": "SC-4216206-40AF9A39B8CF4F1A8559D41F0401CC7A", "municipio": "Sao Francisco do Sul", "num_area": 11.3814, "mod_fiscal": 0.9484, "des_condic": "Aguardando analise", "ind_status": "AT", "dat_atuali": "29/08/2024"}, "geometry": {"type": "Polygon", "coordinates": [[[-48.67250204086304, -26.319729060173767], [-48.674540519714355, -26.31744028235441], [-48.67323160171509, -26.31644012994936], [-48.66894288924723, -26.32111164430065], [-48.67020606994629, -26.321979327047373], [-48.67250204086304, -26.319729060173767]]]}}, {"type": "Feature", "properties": {"cod_imovel": "SC-4216206-5B4DB8321CB14F1EBB9374A432A6FC89", "municipio": "Sao Francisco do Sul", "num_area": 0.3334, "mod_fiscal": 0.0278, "des_condic": "Aguardando analise", "ind_status": "AT", "dat_atuali": "16/08/2024"}, "geometry": {"type": "Polygon", "coordinates": [[[-48.64110118878241, -26.30047257606109], [-48.64068567752838, -26.300147970328663], [-48.64049297084273, -26.30082836555142], [-48.64100261899843, -26.30093169556552], [-48.64110118878241, -26.30047257606109]]]}}, {"type": "Feature", "properties": {"cod_imovel": "SC-4216206-5F051CAEB92544E48D6B8B4A3E95F989", "municipio": "Sao Francisco do Sul", "num_area": 0.1533, "mod_fiscal": 0.0128, "des_condic": "Aguardando analise", "ind_status": "AT", "dat_atuali": "13/08/2024"}, "geometry": {"type": "Polygon", "coordinates": [[[-48.60701149122048, -26.27259025152917], [-48.60669201751148, -26.27206215598711], [-48.60646103352985, -26.2721118725789], [-48.6067785451867, -26.27263953456387], [-48.60701149122048, -26.27259025152917]]]}}, {"type": "Feature", "properties": {"cod_imovel": "SC-4216206-C293F57D082D4CBD95BF87038E06E71E", "municipio": "Sao Francisco do Sul", "num_area": 0.2603, "mod_fiscal": 0.0217, "des_condic": "Aguardando analise", "ind_status": "AT", "dat_atuali": "30/07/2024"}, "geometry": {"type": "Polygon", "coordinates": [[[-48.64880862792714, -26.33073222366353], [-48.64823337855366, -26.33012243936057], [-48.6483203199606, -26.33035331694294], [-48.64801469903777, -26.33042146577442], [-48.64810843897238, -26.33076716812915], [-48.64880862792714, -26.33073222366353]]]}}, {"type": "Feature", "properties": {"cod_imovel": "SC-4216206-91D3A0AFF46440BEBAE78F34B13CC51B", "municipio": "Sao Francisco do Sul", "num_area": 0.0741, "mod_fiscal": 0.0062, "des_condic": "Aguardando analise", "ind_status": "AT", "dat_atuali": "19/07/2024"}, "geometry": {"type": "Polygon", "coordinates": [[[-48.64822788808336, -26.33031917320073], [-48.64814635363773, -26.33009234332599], [-48.64791991965648, -26.33007729495996], [-48.64794635983932, -26.33036966116045], [-48.64822788808336, -26.33031917320073]]]}}, {"type": "Feature", "properties": {"cod_imovel": "SC-4216206-72229E8086464D2695958517B267605A", "municipio": "Sao Francisco do Sul", "num_area": 0.0998, "mod_fiscal": 0.0083, "des_condic": "Aguardando analise", "ind_status": "AT", "dat_atuali": "11/07/2024"}, "geometry": {"type": "Polygon", "coordinates": [[[-48.639897108078, -26.27139547622412], [-48.64002585411072, -26.27124635639489], [-48.639628887176514, -26.270957736826382], [-48.63951086997986, -26.271077995067145], [-48.639897108078, -26.27139547622412]]]}}, {"type": "Feature", "properties": {"cod_imovel": "SC-4216206-2B54DC003A584A4A86C81CFEA8A20DF2", "municipio": "Sao Francisco do Sul", "num_area": 0.4994, "mod_fiscal": 0.0416, "des_condic": "Aguardando analise", "ind_status": "AT", "dat_atuali": "03/07/2024"}, "geometry": {"type": "Polygon", "coordinates": [[[-48.61748023209129, -26.36219154914138], [-48.61683625745656, -26.3628937278809], [-48.61719462511392, -26.36319733340407], [-48.61784698170914, -26.36249691856261], [-48.61748023209129, -26.36219154914138]]]}}, {"type": "Feature", "properties": {"cod_imovel": "SC-4216206-762CD9847DC64A1BA8C5948B2E46718A", "municipio": "Sao Francisco do Sul", "num_area": 17.4896, "mod_fiscal": 1.4575, "des_condic": "Aguardando analise", "ind_status": "AT", "dat_atuali": "21/06/2024"}, "geometry": {"type": "Polygon", "coordinates": [[[-48.60843686831047, -26.27862479445968], [-48.59255883110127, -26.28584420266885], [-48.59271743673805, -26.28675772414347], [-48.60889279251197, -26.27940765641369], [-48.60843686831047, -26.27862479445968]]]}}, {"type": "Feature", "properties": {"cod_imovel": "SC-4216206-12AC4A1749F843E29393CB338937B9BD", "municipio": "Sao Francisco do Sul", "num_area": 3.113, "mod_fiscal": 0.2594, "des_condic": "Aguardando analise", "ind_status": "AT", "dat_atuali": "21/06/2024"}, "geometry": {"type": "Polygon", "coordinates": [[[-48.60442270435503, -26.33275830082081], [-48.60532791752227, -26.33165063189696], [-48.60484330286911, -26.32942866125004], [-48.60385211127641, -26.32997523025116], [-48.60442270435503, -26.33275830082081]]]}}, {"type": "Feature", "properties": {"cod_imovel": "SC-4216206-1D70E790E6F0405C9F3136625F26625E", "municipio": "Sao Francisco do Sul", "num_area": 0.0525, "mod_fiscal": 0.0044, "des_condic": "Aguardando analise", "ind_status": "AT", "dat_atuali": "18/06/2024"}, "geometry": {"type": "Polygon", "coordinates": [[[-48.58972100900647, -26.28061825283683], [-48.58967585536988, -26.28048200499633], [-48.58937008455332, -26.28059285698344], [-48.58940871322645, -26.28073189834226], [-48.58972100900647, -26.28061825283683]]]}}, {"type": "Feature", "properties": {"cod_imovel": "SC-4216206-23113648EEA74C17A5905B98B1AFADBA", "municipio": "Sao Francisco do Sul", "num_area": 0.045, "mod_fiscal": 0.0037, "des_condic": "Aguardando analise", "ind_status": "AT", "dat_atuali": "11/06/2024"}, "geometry": {"type": "Polygon", "coordinates": [[[-48.62251726209529, -26.36490582521478], [-48.62229638078193, -26.36472233630491], [-48.62220183688013, -26.36482982276411], [-48.62241789101019, -26.36500924486905], [-48.62251726209529, -26.36490582521478]]]}}, {"type": "Feature", "properties": {"cod_imovel": "SC-4216206-D348271260FE4B43B4913CCA845E0764", "municipio": "Sao Francisco do Sul", "num_area": 6.3984, "mod_fiscal": 0.5332, "des_condic": "Aguardando analise", "ind_status": "AT", "dat_atuali": "06/06/2024"}, "geometry": {"type": "Polygon", "coordinates": [[[-48.6799887202692, -26.33753779397521], [-48.6738546535335, -26.33309538793967], [-48.67420700734653, -26.33254769893414], [-48.67114620059066, -26.33038937041455], [-48.67082403911111, -26.33091756396723], [-48.67359412640184, -26.33286309569966], [-48.67377583918432, -26.33314939943913], [-48.67357239174163, -26.33344212781071], [-48.67875059774343, -26.3372125397992], [-48.67890599842006, -26.33768631365358], [-48.6799887202692, -26.33753779397521]]]}}, {"type": "Feature", "properties": {"cod_imovel": "SC-4216206-4263C34D6AA7495CADFB0D0B7B7951FA", "municipio": "Sao Francisco do Sul", "num_area": 0.16, "mod_fiscal": 0.0133, "des_condic": "Aguardando analise", "ind_status": "AT", "dat_atuali": "27/05/2024"}, "geometry": {"type": "Polygon", "coordinates": [[[-48.61894369125366, -26.363409115725496], [-48.61883027371298, -26.36330793488333], [-48.61823558807373, -26.363961861283702], [-48.618375062942505, -26.364072410078197], [-48.61894369125366, -26.363409115725496]]]}}, {"type": "Feature", "properties": {"cod_imovel": "SC-4216206-A5DF399E409344F4A2A5254CC8BAA28A", "municipio": "Sao Francisco do Sul", "num_area": 0.4857, "mod_fiscal": 0.0405, "des_condic": "Aguardando analise", "ind_status": "AT", "dat_atuali": "20/05/2024"}, "geometry": {"type": "Polygon", "coordinates": [[[-48.64356627655823, -26.32879629984583], [-48.64332114633349, -26.32876363914981], [-48.64295482635498, -26.330479940649774], [-48.64320695400238, -26.33051359568505], [-48.64356627655823, -26.32879629984583]]]}}, {"type": "Feature", "properties": {"cod_imovel": "SC-4216206-D9E71EF9FE9C4307B06B8D0D9845B9D5", "municipio": "Sao Francisco do Sul", "num_area": 0.1318, "mod_fiscal": 0.011, "des_condic": "Aguardando analise", "ind_status": "AT", "dat_atuali": "15/05/2024"}, "geometry": {"type": "Polygon", "coordinates": [[[-48.67763578891754, -26.334629051962832], [-48.678064942359924, -26.33502328191778], [-48.67823123931885, -26.334869436241465], [-48.6777538061142, -26.334523282722113], [-48.67763578891754, -26.334629051962832]]]}}, {"type": "Feature", "properties": {"cod_imovel": "SC-4216206-3B1F1BD1CC5C464498466A9DF009DAF2", "municipio": "Sao Francisco do Sul", "num_area": 0.06, "mod_fiscal": 0.005, "des_condic": "Aguardando analise", "ind_status": "AT", "dat_atuali": "13/05/2024"}, "geometry": {"type": "Polygon", "coordinates": [[[-48.68324160575867, -26.335460779442304], [-48.68300476031759, -26.33575679326712], [-48.68311630716412, -26.33584085008744], [-48.68335962295532, -26.33553289426013], [-48.68324160575867, -26.335460779442304]]]}}, {"type": "Feature", "properties": {"cod_imovel": "SC-4216206-7B32DA761DAF499DB752893A8F28F1F9", "municipio": "Sao Francisco do Sul", "num_area": 0.1495, "mod_fiscal": 0.0125, "des_condic": "Aguardando analise", "ind_status": "AT", "dat_atuali": "13/05/2024"}, "geometry": {"type": "Polygon", "coordinates": [[[-48.67876534564035, -26.33527347688803], [-48.67824733257294, -26.334888666962193], [-48.678107857704155, -26.33506174330492], [-48.67862820625305, -26.33542231818776], [-48.67876534564035, -26.33527347688803]]]}}, {"type": "Feature", "properties": {"cod_imovel": "SC-4216206-9458F468646D49BDA65070BC9AF66248", "municipio": "Sao Francisco do Sul", "num_area": 0.0447, "mod_fiscal": 0.0037, "des_condic": "Aguardando analise", "ind_status": "AT", "dat_atuali": "30/04/2024"}, "geometry": {"type": "Polygon", "coordinates": [[[-48.62275242805481, -26.365105795870384], [-48.6225163936615, -26.364913538748038], [-48.62242284168764, -26.36501116592252], [-48.622639775276184, -26.3651971178915], [-48.62275242805481, -26.365105795870384]]]}}, {"type": "Feature", "properties": {"cod_imovel": "SC-4216206-0C2301B1BB7A4811970ED7C546C02F97", "municipio": "Sao Francisco do Sul", "num_area": 0.032, "mod_fiscal": 0.0027, "des_condic": "Aguardando analise", "ind_status": "AT", "dat_atuali": "29/04/2024"}, "geometry": {"type": "Polygon", "coordinates": [[[-48.67978130916327, -26.33569042837069], [-48.67965226406064, -26.33559777005719], [-48.67953274119494, -26.33573613937566], [-48.67966226669746, -26.33582835040787], [-48.67978130916327, -26.33569042837069]]]}}, {"type": "Feature", "properties": {"cod_imovel": "SC-4216206-58849B1D031048938D4A251ABC211492", "municipio": "Sao Francisco do Sul", "num_area": 0.1, "mod_fiscal": 0.0083, "des_condic": "Aguardando analise", "ind_status": "AT", "dat_atuali": "29/04/2024"}, "geometry": {"type": "Polygon", "coordinates": [[[-48.68029255600803, -26.33605972820613], [-48.67989420890808, -26.33577808430462], [-48.67977620642675, -26.33590965772528], [-48.68016242980956, -26.33620596372646], [-48.68029255600803, -26.33605972820613]]]}}, {"type": "Feature", "properties": {"cod_imovel": "SC-4216206-03B48F576BEB417280B2AF506B8B0169", "municipio": "Sao Francisco do Sul", "num_area": 0.18, "mod_fiscal": 0.015, "des_condic": "Aguardando analise", "ind_status": "AT", "dat_atuali": "29/04/2024"}, "geometry": {"type": "Polygon", "coordinates": [[[-48.618369698524475, -26.362914045721094], [-48.61823558807373, -26.362803495818913], [-48.61756503582001, -26.363486019613596], [-48.61770451068878, -26.3635869558891], [-48.618369698524475, -26.362914045721094]]]}}, {"type": "Feature", "properties": {"cod_imovel": "SC-4216206-CF70EB21427C4AE597D09CD3AB6DAED8", "municipio": "Sao Francisco do Sul", "num_area": 0.025, "mod_fiscal": 0.0021, "des_condic": "Aguardando analise", "ind_status": "AT", "dat_atuali": "24/04/2024"}, "geometry": {"type": "Polygon", "coordinates": [[[-48.67878637660587, -26.33496906163304], [-48.67868706458382, -26.33489602598958], [-48.67856250896308, -26.33503631379567], [-48.67866057910749, -26.33510582559055], [-48.67878637660587, -26.33496906163304]]]}}, {"type": "Feature", "properties": {"cod_imovel": "SC-4216206-54D958E39F30422DA861D3501B706EDB", "municipio": "Sao Francisco do Sul", "num_area": 0.085, "mod_fiscal": 0.0071, "des_condic": "Aguardando analise", "ind_status": "AT", "dat_atuali": "19/04/2024"}, "geometry": {"type": "Polygon", "coordinates": [[[-48.59139202132446, -26.28380849534645], [-48.59133236130686, -26.28365132440986], [-48.59087592839492, -26.28380896496312], [-48.59086879732608, -26.28394931309643], [-48.59139202132446, -26.28380849534645]]]}}, {"type": "Feature", "properties": {"cod_imovel": "SC-4216206-BEF53E2ECAAF42F589099AF792C5FCB0", "municipio": "Sao Francisco do Sul", "num_area": 0.2268, "mod_fiscal": 0.0189, "des_condic": "Aguardando analise", "ind_status": "AT", "dat_atuali": "11/04/2024"}, "geometry": {"type": "Polygon", "coordinates": [[[-48.5949253, -26.32781196], [-48.59491667, -26.32821512], [-48.59552526, -26.32795875], [-48.59539654, -26.32761646], [-48.5949253, -26.32781196]]]}}, {"type": "Feature", "properties": {"cod_imovel": "SC-4216206-542BF3B749A0484D9045F4DCABC162F5", "municipio": "Sao Francisco do Sul", "num_area": 0.0854, "mod_fiscal": 0.0071, "des_condic": "Aguardando analise", "ind_status": "AT", "dat_atuali": "10/04/2024"}, "geometry": {"type": "Polygon", "coordinates": [[[-48.5893917170792, -26.28058899855102], [-48.58886445404787, -26.28078011257978], [-48.58890050695911, -26.28091368593207], [-48.58942721820842, -26.28072211063044], [-48.5893917170792, -26.28058899855102]]]}}, {"type": "Feature", "properties": {"cod_imovel": "SC-4216206-B18D60CCB2EE4AE8B33D6D1A24F23018", "municipio": "Sao Francisco do Sul", "num_area": 0.1248, "mod_fiscal": 0.0104, "des_condic": "Aguardando analise", "ind_status": "AT", "dat_atuali": "08/04/2024"}, "geometry": {"type": "Polygon", "coordinates": [[[-48.61913593307781, -26.36280280986198], [-48.61932353181621, -26.3629544506836], [-48.61964095414255, -26.36261148086555], [-48.61946115140109, -26.3624547797624], [-48.61913593307781, -26.36280280986198]]]}}, {"type": "Feature", "properties": {"cod_imovel": "SC-4216206-543E87E25F2E47A4986B1C69A7C7831D", "municipio": "Sao Francisco do Sul", "num_area": 0.1248, "mod_fiscal": 0.0104, "des_condic": "Aguardando analise", "ind_status": "AT", "dat_atuali": "05/04/2024"}, "geometry": {"type": "Polygon", "coordinates": [[[-48.61984326329506, -26.36277954781569], [-48.61965697724231, -26.3626169747037], [-48.61934364065244, -26.36297718560275], [-48.61952452751618, -26.36312094539001], [-48.61984326329506, -26.36277954781569]]]}}, {"type": "Feature", "properties": {"cod_imovel": "SC-4216206-E6829301D5264A2D81DF43215C250FFA", "municipio": "Sao Francisco do Sul", "num_area": 0.1998, "mod_fiscal": 0.0166, "des_condic": "Aguardando analise", "ind_status": "AT", "dat_atuali": "05/04/2024"}, "geometry": {"type": "Polygon", "coordinates": [[[-48.61821364351491, -26.36280341028503], [-48.61806395056263, -26.36268024784448], [-48.6174262357045, -26.36336546505574], [-48.617563777146, -26.36349719171365], [-48.61821364351491, -26.36280341028503]]]}}, {"type": "Feature", "properties": {"cod_imovel": "SC-4216206-04CE8F9BAE354C30A5C478C138E9A710", "municipio": "Sao Francisco do Sul", "num_area": 19.0659, "mod_fiscal": 1.5888, "des_condic": "Aguardando analise", "ind_status": "AT", "dat_atuali": "03/04/2024"}, "geometry": {"type": "Polygon", "coordinates": [[[-48.57920940120732, -26.2785000997313], [-48.55399440531504, -26.28774550905167], [-48.55587297371788, -26.28776162650422], [-48.5794577065313, -26.27911568215963], [-48.57920940120732, -26.2785000997313]]]}}, {"type": "Feature", "properties": {"cod_imovel": "SC-4216206-63E2464FF73347838C53C62260002298", "municipio": "Sao Francisco do Sul", "num_area": 3.1297, "mod_fiscal": 0.2608, "des_condic": "Aguardando analise", "ind_status": "AT", "dat_atuali": "27/03/2024"}, "geometry": {"type": "Polygon", "coordinates": [[[-48.58642539212747, -26.28181219301777], [-48.58634713457474, -26.281632066401], [-48.56940066276889, -26.28778439212811], [-48.5696423830068, -26.28788387026721], [-48.58053908483745, -26.28393672104384], [-48.58048202114366, -26.28381538271423], [-48.58642539212747, -26.28181219301777]]]}}, {"type": "Feature", "properties": {"cod_imovel": "SC-4216206-3B84F54E8546460F97CCB7F5762E68CA", "municipio": "Sao Francisco do Sul", "num_area": 9.4385, "mod_fiscal": 0.7865, "des_condic": "Aguardando analise", "ind_status": "AT", "dat_atuali": "25/03/2024"}, "geometry": {"type": "Polygon", "coordinates": [[[-48.593141319606545, -26.319903437016674], [-48.605563186359326, -26.314706953893673], [-48.60527228968346, -26.314142206806046], [-48.59285047452415, -26.319338668322793], [-48.593141319606545, -26.319903437016674]]]}}, {"type": "Feature", "properties": {"cod_imovel": "SC-4216206-8664374C63D048F0B170947CE6957509", "municipio": "Sao Francisco do Sul", "num_area": 6.5069, "mod_fiscal": 0.5422, "des_condic": "Aguardando analise", "ind_status": "AT", "dat_atuali": "25/03/2024"}, "geometry": {"type": "Polygon", "coordinates": [[[-48.61071414111476, -26.28384240142696], [-48.61061353107092, -26.28365900941091], [-48.58388778511755, -26.29517095009843], [-48.5839971951704, -26.29533929973093], [-48.61071414111476, -26.28384240142696]]]}}, {"type": "Feature", "properties": {"cod_imovel": "SC-4216206-FFB0D2FFCA4F4FBEBDF6FDB763C7F4DC", "municipio": "Sao Francisco do Sul", "num_area": 2.0, "mod_fiscal": 0.1667, "des_condic": "Aguardando analise", "ind_status": "AT", "dat_atuali": "25/03/2024"}, "geometry": {"type": "Polygon", "coordinates": [[[-48.59929728329182, -26.27627605402304], [-48.58978519821337, -26.27950736442488], [-48.58998785919616, -26.27970214016791], [-48.59943248808796, -26.2764288312623], [-48.59929728329182, -26.27627605402304]]]}}, {"type": "Feature", "properties": {"cod_imovel": "SC-4216206-0E90E91946E04E92889791C3090C00E0", "municipio": "Sao Francisco do Sul", "num_area": 0.7104, "mod_fiscal": 0.0592, "des_condic": "Aguardando analise", "ind_status": "AT", "dat_atuali": "25/03/2024"}, "geometry": {"type": "Polygon", "coordinates": [[[-48.65800235413227, -26.3343891543561], [-48.65894349907077, -26.33531995959652], [-48.65974843976667, -26.33542510935395], [-48.65824771673554, -26.33417342654221], [-48.65800235413227, -26.3343891543561]]]}}, {"type": "Feature", "properties": {"cod_imovel": "SC-4216206-53A6E5FC907D48E6B4E9BDFB2FA6E32B", "municipio": "Sao Francisco do Sul", "num_area": 0.2498, "mod_fiscal": 0.0208, "des_condic": "Aguardando analise", "ind_status": "AT", "dat_atuali": "19/03/2024"}, "geometry": {"type": "Polygon", "coordinates": [[[-48.61351211314114, -26.36014500133919], [-48.61414821330003, -26.35947291289483], [-48.61396786235656, -26.35930947798617], [-48.6133248751546, -26.35999015457143], [-48.61351211314114, -26.36014500133919]]]}}, {"type": "Feature", "properties": {"cod_imovel": "SC-4216206-092FCCA0E94D43A9830F10FAE76A190F", "municipio": "Sao Francisco do Sul", "num_area": 2.6942, "mod_fiscal": 0.2245, "des_condic": "Aguardando analise", "ind_status": "AT", "dat_atuali": "19/03/2024"}, "geometry": {"type": "Polygon", "coordinates": [[[-48.671313261, -26.3303317847], [-48.6698786885, -26.3292156082], [-48.6685030167, -26.3295841419], [-48.6705418787, -26.3311413834], [-48.671313261, -26.3303317847]]]}}, {"type": "Feature", "properties": {"cod_imovel": "SC-4216206-D3C42E85FAC54B07A654A058C59D382B", "municipio": "Sao Francisco do Sul", "num_area": 0.2001, "mod_fiscal": 0.0167, "des_condic": "Aguardando analise", "ind_status": "AT", "dat_atuali": "18/03/2024"}, "geometry": {"type": "Polygon", "coordinates": [[[-48.62069467747244, -26.36351542786306], [-48.620381355285645, -26.3632456947934], [-48.62008370896048, -26.36358247406331], [-48.62039736633199, -26.36383599227901], [-48.62069467747244, -26.36351542786306]]]}}, {"type": "Feature", "properties": {"cod_imovel": "SC-4216206-49A2D9F36E9D4C028EEC818B5FCB56DE", "municipio": "Sao Francisco do Sul", "num_area": 0.0624, "mod_fiscal": 0.0052, "des_condic": "Aguardando analise", "ind_status": "AT", "dat_atuali": "18/03/2024"}, "geometry": {"type": "Polygon", "coordinates": [[[-48.61983005197814, -26.36275815346046], [-48.61951168030406, -26.36310426334087], [-48.61960578460356, -26.36317855208391], [-48.61992345407341, -26.36283570544497], [-48.61983005197814, -26.36275815346046]]]}}, {"type": "Feature", "properties": {"cod_imovel": "SC-4216206-43D02824370C4D7BADB3E6A2BCDAA0D2", "municipio": "Sao Francisco do Sul", "num_area": 0.045, "mod_fiscal": 0.0037, "des_condic": "Aguardando analise", "ind_status": "AT", "dat_atuali": "12/03/2024"}, "geometry": {"type": "Polygon", "coordinates": [[[-48.62417560138955, -26.36770963667955], [-48.62391364883812, -26.3675527193378], [-48.62384370260797, -26.36766939454539], [-48.62409607080188, -26.36781980184553], [-48.62417560138955, -26.36770963667955]]]}}, {"type": "Feature", "properties": {"cod_imovel": "SC-4216206-BA179E19767C468BAFE4954149A8D701", "municipio": "Sao Francisco do Sul", "num_area": 0.1262, "mod_fiscal": 0.0105, "des_condic": "Aguardando analise", "ind_status": "AT", "dat_atuali": "08/03/2024"}, "geometry": {"type": "Polygon", "coordinates": [[[-48.65235441117975, -26.33282899103724], [-48.65226034468119, -26.33260749977111], [-48.65180270278444, -26.33282391191262], [-48.65189858053832, -26.33301749039629], [-48.65235441117975, -26.33282899103724]]]}}, {"type": "Feature", "properties": {"cod_imovel": "SC-4216206-532690E8CE6A4555A4B7E3553994E8FB", "municipio": "Sao Francisco do Sul", "num_area": 236.8239, "mod_fiscal": 19.7353, "des_condic": "Aguardando analise", "ind_status": "AT", "dat_atuali": "01/02/2024"}, "geometry": {"type": "Polygon", "coordinates": [[[-48.56949108389129, -26.2691060040593], [-48.54650834217512, -26.28254147226649], [-48.54769141001419, -26.28506555123742], [-48.54830553467335, -26.28565582601643], [-48.54927599430084, -26.286157390913708], [-48.55252944590762, -26.28736045738377], [-48.57432838809925, -26.27701059464046], [-48.56949108389129, -26.2691060040593]]]}}, {"type": "Feature", "properties": {"cod_imovel": "SC-4216206-E35626318AD04C37939496BB9141CC2C", "municipio": "Sao Francisco do Sul", "num_area": 11.7098, "mod_fiscal": 0.9758, "des_condic": "Aguardando analise", "ind_status": "AT", "dat_atuali": "31/01/2024"}, "geometry": {"type": "Polygon", "coordinates": [[[-48.63865199567427, -26.32751527776383], [-48.64000124203466, -26.32779645437338], [-48.64154515023515, -26.31994580791899], [-48.64000019647618, -26.32048555139363], [-48.63865199567427, -26.32751527776383]]]}}, {"type": "Feature", "properties": {"cod_imovel": "SC-4216206-2694BE842C3B482EAC541799F5CA06B3", "municipio": "Sao Francisco do Sul", "num_area": 1.5269, "mod_fiscal": 0.1272, "des_condic": "Aguardando analise", "ind_status": "AT", "dat_atuali": "12/12/2023"}, "geometry": {"type": "Polygon", "coordinates": [[[-48.6299384245264, -26.36276563601048], [-48.63076409149861, -26.36177317507481], [-48.62942396985945, -26.3611983812836], [-48.62901610332302, -26.36181494479067], [-48.6299384245264, -26.36276563601048]]]}}, {"type": "Feature", "properties": {"cod_imovel": "SC-4216206-EAE0038743D245FA8E64F5F849CD2460", "municipio": "Sao Francisco do Sul", "num_area": 0.087, "mod_fiscal": 0.0073, "des_condic": "Aguardando analise", "ind_status": "AT", "dat_atuali": "11/12/2023"}, "geometry": {"type": "Polygon", "coordinates": [[[-48.61558217285499, -26.38815284809921], [-48.61558199798928, -26.38790900853924], [-48.61525119151501, -26.38792106735519], [-48.61528051728482, -26.38817306847285], [-48.61558217285499, -26.38815284809921]]]}}, {"type": "Feature", "properties": {"cod_imovel": "SC-4216206-77C15F30FC094BF5A36334135EE8E236", "municipio": "Sao Francisco do Sul", "num_area": 3.8414, "mod_fiscal": 0.3201, "des_condic": "Aguardando analise", "ind_status": "AT", "dat_atuali": "27/11/2023"}, "geometry": {"type": "Polygon", "coordinates": [[[-48.67684365454738, -26.33783570752463], [-48.67163183843309, -26.33395246279008], [-48.67124716260148, -26.33439860250115], [-48.67591111938223, -26.33789920823417], [-48.67684365454738, -26.33783570752463]]]}}, {"type": "Feature", "properties": {"cod_imovel": "SC-4216206-08D98E9FBBD8442490B7499A4A8900D5", "municipio": "Sao Francisco do Sul", "num_area": 3.2764, "mod_fiscal": 0.273, "des_condic": "Aguardando analise", "ind_status": "AT", "dat_atuali": "25/11/2023"}, "geometry": {"type": "Polygon", "coordinates": [[[-48.67764327215338, -26.33776992158854], [-48.67278352560828, -26.33427111787352], [-48.67243575422306, -26.33465074740166], [-48.67692043689468, -26.33788620061615], [-48.67764327215338, -26.33776992158854]]]}}, {"type": "Feature", "properties": {"cod_imovel": "SC-4216206-6FE8611B28474F169EF2B076DC790BEA", "municipio": "Sao Francisco do Sul", "num_area": 4.818, "mod_fiscal": 0.4015, "des_condic": "Aguardando analise", "ind_status": "AT", "dat_atuali": "17/11/2023"}, "geometry": {"type": "Polygon", "coordinates": [[[-48.61811691392768, -26.39323540332814], [-48.60489880348457, -26.39325401688662], [-48.60489437458612, -26.39358018834735], [-48.61812059985211, -26.39356794113347], [-48.61811691392768, -26.39323540332814]]]}}, {"type": "Feature", "properties": {"cod_imovel": "SC-4216206-C67C011DF81D4AF4B693D0B73B05C225", "municipio": "Sao Francisco do Sul", "num_area": 73.2273, "mod_fiscal": 6.1023, "des_condic": "Aguardando analise", "ind_status": "AT", "dat_atuali": "13/01/2021"}, "geometry": {"type": "Polygon", "coordinates": [[[-48.5400142694444, -26.2468001270236], [-48.5144490694444, -26.252796046468], [-48.5158224722222, -26.2550599492457], [-48.5413881305556, -26.2490638186903], [-48.5400142694444, -26.2468001270236]]]}}, {"type": "Feature", "properties": {"cod_imovel": "SC-4216206-AA5F5069E73840A79C996FD36CB56BD9", "municipio": "Sao Francisco do Sul", "num_area": 1.7013, "mod_fiscal": 0.1418, "des_condic": "Aguardando analise", "ind_status": "AT", "dat_atuali": "03/04/2023"}, "geometry": {"type": "Polygon", "coordinates": [[[-48.62515032291412, -26.364634765352665], [-48.62293521602005, -26.36276462286969], [-48.62256107876414, -26.36313028395332], [-48.62440797576549, -26.36474978047708], [-48.6245173215866, -26.36465399112566], [-48.62486222963817, -26.36490250340768], [-48.62515032291412, -26.364634765352665]]]}}, {"type": "Feature", "properties": {"cod_imovel": "SC-4216206-C177A7617DA54650A52045B1935CF291", "municipio": "Sao Francisco do Sul", "num_area": 0.3727, "mod_fiscal": 0.0311, "des_condic": "Aguardando analise", "ind_status": "AT", "dat_atuali": "30/06/2022"}, "geometry": {"type": "Polygon", "coordinates": [[[-48.60827181548544, -26.27313547689333], [-48.60829117309098, -26.27269954777882], [-48.60747579664693, -26.27268722539693], [-48.6078176944701, -26.2732786767579], [-48.60827181548544, -26.27313547689333]]]}}, {"type": "Feature", "properties": {"cod_imovel": "SC-4216206-0C8A863BA7364B28B0DC4E8D574E587A", "municipio": "Sao Francisco do Sul", "num_area": 0.2372, "mod_fiscal": 0.0198, "des_condic": "Aguardando analise", "ind_status": "AT", "dat_atuali": "02/03/2022"}, "geometry": {"type": "Polygon", "coordinates": [[[-48.6543869995509, -26.33770046514326], [-48.65387585183635, -26.33780001676215], [-48.65400478327529, -26.3381867403611], [-48.65452660663426, -26.33809379767505], [-48.6543869995509, -26.33770046514326]]]}}, {"type": "Feature", "properties": {"cod_imovel": "SC-4216206-3AF00A5A45C44CBA9DC7FA693D0F3223", "municipio": "Sao Francisco do Sul", "num_area": 0.0538, "mod_fiscal": 0.0045, "des_condic": "Aguardando analise", "ind_status": "AT", "dat_atuali": "02/03/2021"}, "geometry": {"type": "Polygon", "coordinates": [[[-48.62322864655589, -26.36705122429547], [-48.62305293224003, -26.36688626420926], [-48.62291046320871, -26.36705595274728], [-48.6230976691813, -26.36719109659186], [-48.62322864655589, -26.36705122429547]]]}}, {"type": "Feature", "properties": {"cod_imovel": "SC-4216206-40DB42204B024835933BB668368E903A", "municipio": "Sao Francisco do Sul", "num_area": 0.0228, "mod_fiscal": 0.0019, "des_condic": "Aguardando analise", "ind_status": "AT", "dat_atuali": "22/06/2021"}, "geometry": {"type": "Polygon", "coordinates": [[[-48.59194024375524, -26.29543431864801], [-48.5920221087241, -26.29558745126808], [-48.59213309779363, -26.29554388377269], [-48.59204785917451, -26.29538862358763], [-48.59194024375524, -26.29543431864801]]]}}, {"type": "Feature", "properties": {"cod_imovel": "SC-4216206-BF8FFBECEC3840A8904E939A4956BBE7", "municipio": "Sao Francisco do Sul", "num_area": 0.675, "mod_fiscal": 0.0563, "des_condic": "Aguardando analise", "ind_status": "AT", "dat_atuali": "07/02/2023"}, "geometry": {"type": "Polygon", "coordinates": [[[-48.60962553469088, -26.27655330844077], [-48.60763140253148, -26.27751375680741], [-48.60779501314862, -26.27773720894008], [-48.60976756354786, -26.27679840692267], [-48.60962553469088, -26.27655330844077]]]}}, {"type": "Feature", "properties": {"cod_imovel": "SC-4216206-3978AF75E720401AB24F76A5884EC58C", "municipio": "Sao Francisco do Sul", "num_area": 8.8502, "mod_fiscal": 0.7375, "des_condic": "Aguardando analise", "ind_status": "AT", "dat_atuali": "30/11/2021"}, "geometry": {"type": "Polygon", "coordinates": [[[-48.61388297518128, -26.28940178652683], [-48.61366933708988, -26.28848655981492], [-48.60531594462233, -26.29177758036946], [-48.60569339762193, -26.29256712624134], [-48.61388297518128, -26.28940178652683]]]}}, {"type": "Feature", "properties": {"cod_imovel": "SC-4216206-F68573A8D3BC4C898B4AF77A05E6D8AE", "municipio": "Sao Francisco do Sul", "num_area": 0.028, "mod_fiscal": 0.0023, "des_condic": "Aguardando analise", "ind_status": "AT", "dat_atuali": "31/08/2022"}, "geometry": {"type": "Polygon", "coordinates": [[[-48.62330615345702, -26.36697225501956], [-48.62310400532571, -26.36682288382988], [-48.62304364765414, -26.36690238575281], [-48.62323460900662, -26.3670503500277], [-48.62330615345702, -26.36697225501956]]]}}, {"type": "Feature", "properties": {"cod_imovel": "SC-4216206-A6FD52CA8542460E94EED7FD2EE759D6", "municipio": "Sao Francisco do Sul", "num_area": 4.4026, "mod_fiscal": 0.3669, "des_condic": "Aguardando analise", "ind_status": "AT", "dat_atuali": "17/08/2022"}, "geometry": {"type": "Polygon", "coordinates": [[[-48.67426096306758, -26.32474873029988], [-48.67590179398757, -26.32366859308307], [-48.67558749522858, -26.32290405540467], [-48.67147135449055, -26.32444806967184], [-48.67158873036356, -26.32469957738176], [-48.67426096306758, -26.32474873029988]]]}}, {"type": "Feature", "properties": {"cod_imovel": "SC-4216206-546EA2D80F23414CBE34FE53F01474DB", "municipio": "Sao Francisco do Sul", "num_area": 0.0554, "mod_fiscal": 0.0046, "des_condic": "Aguardando analise", "ind_status": "AT", "dat_atuali": "29/08/2022"}, "geometry": {"type": "Polygon", "coordinates": [[[-48.62319946145245, -26.36703965016649], [-48.62302063310894, -26.36689906616032], [-48.62286859235827, -26.3670690238646], [-48.62304699468431, -26.36719918948791], [-48.62319946145245, -26.36703965016649]]]}}, {"type": "Feature", "properties": {"cod_imovel": "SC-4216206-7851040C79464A92AE5C85BDDD1BB1DD", "municipio": "Sao Francisco do Sul", "num_area": 0.0696, "mod_fiscal": 0.0058, "des_condic": "Aguardando analise", "ind_status": "AT", "dat_atuali": "29/01/2023"}, "geometry": {"type": "Polygon", "coordinates": [[[-48.61114012560409, -26.26738217709737], [-48.6108584369781, -26.26746083180522], [-48.61092245435428, -26.26766892770333], [-48.61120636168867, -26.2675801666969], [-48.61114012560409, -26.26738217709737]]]}}, {"type": "Feature", "properties": {"cod_imovel": "SC-4216206-FF082B81EE25490FA2087B36E841A875", "municipio": "Sao Francisco do Sul", "num_area": 2.9854, "mod_fiscal": 0.2488, "des_condic": "Aguardando analise", "ind_status": "AT", "dat_atuali": "21/03/2021"}, "geometry": {"type": "Polygon", "coordinates": [[[-48.65642423287757, -26.33580382957114], [-48.65637419496589, -26.33549088636813], [-48.65594296082541, -26.33550612981097], [-48.65600144941016, -26.33604708904424], [-48.65455290885414, -26.33699345659637], [-48.65478867530268, -26.33759404921898], [-48.65542335110376, -26.33746756322883], [-48.65712572104445, -26.33666849055244], [-48.65713101498686, -26.33582283026092], [-48.65642423287757, -26.33580382957114]]]}}, {"type": "Feature", "properties": {"cod_imovel": "SC-4216206-140FB0AD69DC4184BCB3018652C06B26", "municipio": "Sao Francisco do Sul", "num_area": 0.1787, "mod_fiscal": 0.0149, "des_condic": "Aguardando analise", "ind_status": "AT", "dat_atuali": "04/09/2023"}, "geometry": {"type": "Polygon", "coordinates": [[[-48.62197989735634, -26.36644309378962], [-48.62122898223763, -26.36588800504457], [-48.62110969337311, -26.36600129537837], [-48.62185656914667, -26.36657848461049], [-48.62197989735634, -26.36644309378962]]]}}, {"type": "Feature", "properties": {"cod_imovel": "SC-4216206-F1C053A1F7EE4AE4BDE2D25E25F91393", "municipio": "Sao Francisco do Sul", "num_area": 0.0209, "mod_fiscal": 0.0017, "des_condic": "Aguardando analise", "ind_status": "AT", "dat_atuali": "21/10/2023"}, "geometry": {"type": "Polygon", "coordinates": [[[-48.62819142987814, -26.35486421368099], [-48.62835469876279, -26.35498623515554], [-48.62830958802715, -26.35484220949349], [-48.62819142987814, -26.35486421368099]]]}}, {"type": "Feature", "properties": {"cod_imovel": "SC-4216206-5D73D84ACB794D1787F0602D2A66384F", "municipio": "Sao Francisco do Sul", "num_area": 1.717, "mod_fiscal": 0.1431, "des_condic": "Aguardando analise", "ind_status": "AT", "dat_atuali": "29/09/2023"}, "geometry": {"type": "Polygon", "coordinates": [[[-48.649263381958, -26.339383760269875], [-48.65042209625244, -26.339076080304682], [-48.65050792694092, -26.33882608973064], [-48.65095853805542, -26.338749169445368], [-48.651087284088135, -26.338326106962562], [-48.6507225036621, -26.338153035501136], [-48.65076541900635, -26.338056884577394], [-48.64977836608887, -26.337979963780878], [-48.649263381958, -26.339383760269875]]]}}, {"type": "Feature", "properties": {"cod_imovel": "SC-4216206-F54D00C6D0284961AC8D6E0BF9329223", "municipio": "Sao Francisco do Sul", "num_area": 1.4563, "mod_fiscal": 0.1214, "des_condic": "Aguardando analise", "ind_status": "AT", "dat_atuali": "26/07/2023"}, "geometry": {"type": "Polygon", "coordinates": [[[-48.62790412284257, -26.35687668783098], [-48.62769817399882, -26.35564457781404], [-48.62678149915498, -26.35543718017709], [-48.62671498151005, -26.35633819866096], [-48.62690551336662, -26.35679090564717], [-48.62790412284257, -26.35687668783098]]]}}, {"type": "Feature", "properties": {"cod_imovel": "SC-4216206-9A1ADDFA99F6490C9A5CB768892C492C", "municipio": "Sao Francisco do Sul", "num_area": 3.9883, "mod_fiscal": 0.3324, "des_condic": "Aguardando analise", "ind_status": "AT", "dat_atuali": "25/06/2023"}, "geometry": {"type": "Polygon", "coordinates": [[[-48.63107138638191, -26.35873964067693], [-48.62961207539316, -26.35668303408529], [-48.62814268290496, -26.35679430272248], [-48.62883816180492, -26.35847280942493], [-48.62925436675735, -26.35843169747918], [-48.62920675687486, -26.35868120202868], [-48.63107138638191, -26.35873964067693]]]}}, {"type": "Feature", "properties": {"cod_imovel": "SC-4216206-89032B7010E54B84B23D290BA4D3C732", "municipio": "Sao Francisco do Sul", "num_area": 40.9141, "mod_fiscal": 3.4095, "des_condic": "Aguardando analise", "ind_status": "PE", "dat_atuali": "08/11/2016"}, "geometry": {"type": "Polygon", "coordinates": [[[-48.64029407501221, -26.262168927367338], [-48.638319969177246, -26.258512740638977], [-48.63505840301514, -26.257165695460486], [-48.63295555114746, -26.261014354520295], [-48.6338996887207, -26.26405470499672], [-48.636345863342285, -26.2653247012439], [-48.64029407501221, -26.262168927367338]]]}}, {"type": "Feature", "properties": {"cod_imovel": "SC-4216206-49EDB371D690491E9886980F9677D47A", "municipio": "Sao Francisco do Sul", "num_area": 2.6286, "mod_fiscal": 0.219, "des_condic": "Aguardando analise", "ind_status": "AT", "dat_atuali": "15/05/2023"}, "geometry": {"type": "Polygon", "coordinates": [[[-48.66555912206977, -26.33016986878383], [-48.66621838399824, -26.32989850459758], [-48.66297792791441, -26.32741528389402], [-48.66255116234026, -26.32786148679448], [-48.66555912206977, -26.33016986878383]]]}}, {"type": "Feature", "properties": {"cod_imovel": "SC-4216206-7DB7E111F07D4564B2B8303534AC0E60", "municipio": "Sao Francisco do Sul", "num_area": 0.394, "mod_fiscal": 0.0328, "des_condic": "Aguardando analise", "ind_status": "AT", "dat_atuali": "09/05/2023"}, "geometry": {"type": "Polygon", "coordinates": [[[-48.59507151688095, -26.2943771496791], [-48.59536428025266, -26.29504714571131], [-48.59581922737045, -26.29485620545428], [-48.59572208404964, -26.29433360669749], [-48.59507151688095, -26.2943771496791]]]}}, {"type": "Feature", "properties": {"cod_imovel": "SC-4216206-33470FB6E9D548A6A37D41946D41B50D", "municipio": "Sao Francisco do Sul", "num_area": 38.0462, "mod_fiscal": 3.1705, "des_condic": "Aguardando analise", "ind_status": "AT", "dat_atuali": "28/04/2015"}, "geometry": {"type": "Polygon", "coordinates": [[[-48.59059810638428, -26.28902874750875], [-48.59137058258056, -26.289836754639314], [-48.59235763549804, -26.289105700811337], [-48.610596656799316, -26.281602513636305], [-48.60969543457031, -26.280063338335463], [-48.59252929687499, -26.287335761934965], [-48.5919713973999, -26.28741271636076], [-48.591713905334466, -26.288143780859485], [-48.59059810638428, -26.28902874750875]]]}}, {"type": "Feature", "properties": {"cod_imovel": "SC-4216206-A9FCC2C981AC47628D81EF9DDE695D55", "municipio": "Sao Francisco do Sul", "num_area": 4.8073, "mod_fiscal": 0.4006, "des_condic": "Aguardando analise", "ind_status": "AT", "dat_atuali": "03/02/2016"}, "geometry": {"type": "Polygon", "coordinates": [[[-48.6684250831604, -26.3298260694515], [-48.667802810668945, -26.330114542494194], [-48.6743688583374, -26.334441551878978], [-48.674798011779785, -26.334076166227543], [-48.6684250831604, -26.3298260694515]]]}}, {"type": "Feature", "properties": {"cod_imovel": "SC-4216206-A281428B253D4361BDCD3E48DC863301", "municipio": "Sao Francisco do Sul", "num_area": 63.791, "mod_fiscal": 5.3159, "des_condic": "Aguardando analise", "ind_status": "AT", "dat_atuali": "05/12/2018"}, "geometry": {"type": "Polygon", "coordinates": [[[-48.67622354046954, -26.32154185293619], [-48.68415380902377, -26.3133174582504], [-48.68050862855552, -26.30994866806933], [-48.6722588582403, -26.31862176492127], [-48.67622354046954, -26.32154185293619]]]}}, {"type": "Feature", "properties": {"cod_imovel": "SC-4216206-4CA8FFF5949746EA812DB803EAE331E2", "municipio": "Sao Francisco do Sul", "num_area": 2.9382, "mod_fiscal": 0.2448, "des_condic": "Aguardando analise", "ind_status": "AT", "dat_atuali": "31/03/2015"}, "geometry": {"type": "Polygon", "coordinates": [[[-48.57982635498047, -26.276196070298912], [-48.57658624649047, -26.277504414209524], [-48.576951026916504, -26.2781585806333], [-48.58027696609497, -26.276831003744817], [-48.57982635498047, -26.276196070298912]]]}}, {"type": "Feature", "properties": {"cod_imovel": "SC-4216206-0F00B875DF4F4F47A8BCE030CB4250F3", "municipio": "Sao Francisco do Sul", "num_area": 25.828, "mod_fiscal": 2.1523, "des_condic": "Aguardando analise", "ind_status": "AT", "dat_atuali": "04/05/2015"}, "geometry": {"type": "Polygon", "coordinates": [[[-48.6679744720459, -26.32030605584763], [-48.66917610168457, -26.32130617487335], [-48.68046283721924, -26.31088143327549], [-48.679261207580566, -26.309958163712007], [-48.6679744720459, -26.32030605584763]]]}}, {"type": "Feature", "properties": {"cod_imovel": "SC-4216206-0C15F9F78B944BD38FD8BDCDECBC73FA", "municipio": "Sao Francisco do Sul", "num_area": 8.9477, "mod_fiscal": 0.7456, "des_condic": "Aguardando analise", "ind_status": "AT", "dat_atuali": "08/04/2020"}, "geometry": {"type": "Polygon", "coordinates": [[[-48.672731, -26.329816], [-48.672086, -26.330259], [-48.680897, -26.336523], [-48.681256, -26.335896], [-48.681014, -26.335792], [-48.681074, -26.335686], [-48.672731, -26.329816]]]}}, {"type": "Feature", "properties": {"cod_imovel": "SC-4216206-EB7B64D3981444C49A743922BC0BF6A0", "municipio": "Sao Francisco do Sul", "num_area": 13.7359, "mod_fiscal": 1.1447, "des_condic": "Aguardando analise", "ind_status": "AT", "dat_atuali": "26/02/2016"}, "geometry": {"type": "Polygon", "coordinates": [[[-48.68121385574341, -26.301956186035163], [-48.682286739349365, -26.30262945063458], [-48.68962526321411, -26.295588833189836], [-48.68868112564087, -26.294838578255032], [-48.68121385574341, -26.301956186035163]]]}}, {"type": "Feature", "properties": {"cod_imovel": "SC-4216206-B6FCCCF4F2BE4912B9FCF151635EF352", "municipio": "Sao Francisco do Sul", "num_area": 2.055, "mod_fiscal": 0.1713, "des_condic": "Aguardando analise", "ind_status": "AT", "dat_atuali": "02/03/2016"}, "geometry": {"type": "Polygon", "coordinates": [[[-48.6304235458374, -26.26975033718434], [-48.63192558288574, -26.27238639667461], [-48.6324405670166, -26.27205929765542], [-48.63102436065674, -26.269480955471003], [-48.6304235458374, -26.26975033718434]]]}}, {"type": "Feature", "properties": {"cod_imovel": "SC-4216206-866D03DE9A944E868E834020976A738E", "municipio": "Sao Francisco do Sul", "num_area": 0.4001, "mod_fiscal": 0.0333, "des_condic": "Aguardando analise", "ind_status": "AT", "dat_atuali": "08/03/2018"}, "geometry": {"type": "Polygon", "coordinates": [[[-48.646838665008545, -26.329326047808134], [-48.64722490310669, -26.329402974355375], [-48.64761114120483, -26.328614474823297], [-48.64728927612304, -26.32840292525475], [-48.646838665008545, -26.329326047808134]]]}}, {"type": "Feature", "properties": {"cod_imovel": "SC-4216206-7D7E913ABF9148AD90B043D5520B10C5", "municipio": "Sao Francisco do Sul", "num_area": 0.6268, "mod_fiscal": 0.0522, "des_condic": "Aguardando analise", "ind_status": "AT", "dat_atuali": "14/10/2015"}, "geometry": {"type": "Polygon", "coordinates": [[[-48.62106800079346, -26.375088307550968], [-48.62149715423584, -26.374876842964575], [-48.62093925476074, -26.374050204959037], [-48.620402812957764, -26.374607705658548], [-48.62106800079346, -26.375088307550968]]]}}, {"type": "Feature", "properties": {"cod_imovel": "SC-4216206-E5DAFDDAA6144833AAE3AE0250252846", "municipio": "Sao Francisco do Sul", "num_area": 6.2502, "mod_fiscal": 0.5208, "des_condic": "Aguardando analise", "ind_status": "AT", "dat_atuali": "16/03/2016"}, "geometry": {"type": "Polygon", "coordinates": [[[-48.68147134780883, -26.303302711323543], [-48.68162155151367, -26.304149090641534], [-48.68209362030029, -26.303975968102], [-48.687028884887695, -26.299282325166974], [-48.68644952774048, -26.29874369824868], [-48.681771755218506, -26.3031680594986], [-48.68147134780883, -26.303302711323543]]]}}, {"type": "Feature", "properties": {"cod_imovel": "SC-4216206-A819371ECEE2487EAC360B3B0D5D9872", "municipio": "Sao Francisco do Sul", "num_area": 10.1323, "mod_fiscal": 0.8444, "des_condic": "Aguardando analise", "ind_status": "AT", "dat_atuali": "30/04/2015"}, "geometry": {"type": "Polygon", "coordinates": [[[-48.584418296813965, -26.29614671191752], [-48.59345197677612, -26.2922992178412], [-48.59259366989136, -26.291645131152777], [-48.58379602432251, -26.295377223315125], [-48.584418296813965, -26.29614671191752]]]}}, {"type": "Feature", "properties": {"cod_imovel": "SC-4216206-DCD9581888B84D9A91D79811DD310232", "municipio": "Sao Francisco do Sul", "num_area": 1.8156, "mod_fiscal": 0.1513, "des_condic": "Aguardando analise", "ind_status": "AT", "dat_atuali": "28/10/2015"}, "geometry": {"type": "Polygon", "coordinates": [[[-48.60544681549072, -26.275080118248475], [-48.60445976257324, -26.275561133379153], [-48.60523223876953, -26.276831003744817], [-48.60624074935913, -26.276311513002007], [-48.60544681549072, -26.275080118248475]]]}}, {"type": "Feature", "properties": {"cod_imovel": "SC-4216206-5063075E6BA345F99D07CBFC36BA81C4", "municipio": "Sao Francisco do Sul", "num_area": 0.2055, "mod_fiscal": 0.0171, "des_condic": "Aguardando analise", "ind_status": "AT", "dat_atuali": "05/05/2015"}, "geometry": {"type": "Polygon", "coordinates": [[[-48.63102436065674, -26.27786997825388], [-48.63102436065674, -26.27752365445109], [-48.63046646118164, -26.277581375156675], [-48.63044500350952, -26.277889218434826], [-48.63102436065674, -26.27786997825388]]]}}, {"type": "Feature", "properties": {"cod_imovel": "SC-4216206-B7B9CC77DF4D41B283EF76359847EA05", "municipio": "Sao Francisco do Sul", "num_area": 42.2343, "mod_fiscal": 3.5195, "des_condic": "Aguardando analise", "ind_status": "AT", "dat_atuali": "09/09/2018"}, "geometry": {"type": "Polygon", "coordinates": [[[-48.5971510104, -26.2784676973], [-48.5958092426, -26.2790973716], [-48.5918770989, -26.2817288467], [-48.5910885346, -26.2826453848], [-48.5916170143, -26.2837677519], [-48.60789801, -26.2778943794], [-48.6066195535, -26.2761390858], [-48.5976322765, -26.2793812688], [-48.5971510104, -26.2784676973]]]}}, {"type": "Feature", "properties": {"cod_imovel": "SC-4216206-91B9792589AB4F4E935497D2313B3230", "municipio": "Sao Francisco do Sul", "num_area": 3.802, "mod_fiscal": 0.3168, "des_condic": "Aguardando analise", "ind_status": "AT", "dat_atuali": "06/05/2015"}, "geometry": {"type": "Polygon", "coordinates": [[[-48.65050792694092, -26.332691536450554], [-48.650400638580315, -26.332364607558574], [-48.649606704711914, -26.33267230536481], [-48.64915609359741, -26.331903059315724], [-48.64874839782715, -26.331672284504254], [-48.64713907241821, -26.331537665651776], [-48.646838665008545, -26.332191527183138], [-48.64838361740112, -26.333230005554064], [-48.649306297302246, -26.333114619528455], [-48.65050792694092, -26.332691536450554]]]}}, {"type": "Feature", "properties": {"cod_imovel": "SC-4216206-6CA75F5EC0C6484EB180E6E8DBE6066E", "municipio": "Sao Francisco do Sul", "num_area": 13.4043, "mod_fiscal": 1.117, "des_condic": "Aguardando analise", "ind_status": "AT", "dat_atuali": "14/05/2015"}, "geometry": {"type": "Polygon", "coordinates": [[[-48.62194776535034, -26.275195562061658], [-48.631088733673096, -26.27113571897845], [-48.63040208816528, -26.27007744271013], [-48.621368408203125, -26.274156563608972], [-48.62194776535034, -26.275195562061658]]]}}, {"type": "Feature", "properties": {"cod_imovel": "SC-4216206-1A9E0555D72A477EB432E959FED9C5BB", "municipio": "Sao Francisco do Sul", "num_area": 0.8176, "mod_fiscal": 0.0681, "des_condic": "Aguardando analise", "ind_status": "AT", "dat_atuali": "18/05/2015"}, "geometry": {"type": "Polygon", "coordinates": [[[-48.643126487731934, -26.29499247709895], [-48.644113540649414, -26.295492646931024], [-48.64396333694458, -26.29431916814881], [-48.64364147186279, -26.294107555957027], [-48.643126487731934, -26.29499247709895]]]}}, {"type": "Feature", "properties": {"cod_imovel": "SC-4216206-7F60627366F94982BB4AF552E50A52C0", "municipio": "Sao Francisco do Sul", "num_area": 0.8813, "mod_fiscal": 0.0734, "des_condic": "Aguardando analise", "ind_status": "AT", "dat_atuali": "05/05/2016"}, "geometry": {"type": "Polygon", "coordinates": [[[-48.59006166458129, -26.28333406144307], [-48.58855962753296, -26.28402667332967], [-48.58911752700806, -26.28456536860488], [-48.5899543762207, -26.284219064786548], [-48.58982563018799, -26.283891999119994], [-48.589632511138916, -26.284007434166423], [-48.58946084976196, -26.28383428155372], [-48.590147495269775, -26.28344949704466], [-48.59006166458129, -26.28333406144307]]]}}, {"type": "Feature", "properties": {"cod_imovel": "SC-4216206-E0D2EA0CC2B6466B8DC5DE0F230A3388", "municipio": "Sao Francisco do Sul", "num_area": 3.1502, "mod_fiscal": 0.2625, "des_condic": "Aguardando analise", "ind_status": "AT", "dat_atuali": "12/06/2015"}, "geometry": {"type": "Polygon", "coordinates": [[[-48.60967397689819, -26.357035528205323], [-48.61179828643799, -26.358996669477744], [-48.61252784729004, -26.358323732593444], [-48.6104679107666, -26.35640103420205], [-48.60967397689819, -26.357035528205323]]]}}, {"type": "Feature", "properties": {"cod_imovel": "SC-4216206-7710CDCE99184917AD986994EEE4BCB3", "municipio": "Sao Francisco do Sul", "num_area": 1.2325, "mod_fiscal": 0.1027, "des_condic": "Aguardando analise", "ind_status": "AT", "dat_atuali": "06/04/2016"}, "geometry": {"type": "Polygon", "coordinates": [[[-48.68220090866089, -26.30264868670853], [-48.68123531341553, -26.30201389458262], [-48.68059158325195, -26.302744867030416], [-48.68144989013672, -26.303321947285777], [-48.6818790435791, -26.303071879527856], [-48.68220090866089, -26.30264868670853]]]}}, {"type": "Feature", "properties": {"cod_imovel": "SC-4216206-938FF253D5714CA7A678531815C535F7", "municipio": "Sao Francisco do Sul", "num_area": 6.0141, "mod_fiscal": 0.5012, "des_condic": "Aguardando analise", "ind_status": "AT", "dat_atuali": "31/03/2015"}, "geometry": {"type": "Polygon", "coordinates": [[[-48.597164154052734, -26.27280969991932], [-48.59446048736572, -26.274079600390614], [-48.59553337097168, -26.275618855060863], [-48.59821557998657, -26.27427200834083], [-48.597164154052734, -26.27280969991932]]]}}, {"type": "Feature", "properties": {"cod_imovel": "SC-4216206-36F3990265C1481AA8B69104911CB974", "municipio": "Sao Francisco do Sul", "num_area": 5.9426, "mod_fiscal": 0.4952, "des_condic": "Aguardando analise", "ind_status": "AT", "dat_atuali": "20/07/2017"}, "geometry": {"type": "Polygon", "coordinates": [[[-48.6496946684077, -26.28316161044485], [-48.650203040064724, -26.28360280993419], [-48.656130613188026, -26.278189216737744], [-48.65562223926575, -26.277748038044756], [-48.6496946684077, -26.28316161044485]]]}}, {"type": "Feature", "properties": {"cod_imovel": "SC-4216206-AF8CC636547544F8BB2ED04D5200B316", "municipio": "Sao Francisco do Sul", "num_area": 5.5532, "mod_fiscal": 0.4628, "des_condic": "Aguardando analise", "ind_status": "AT", "dat_atuali": "22/01/2020"}, "geometry": {"type": "Polygon", "coordinates": [[[-48.64451469158812, -26.31856389582866], [-48.644864559173584, -26.318286558414115], [-48.63538636433216, -26.31037906665506], [-48.6350890114081, -26.3106255202711], [-48.64451469158812, -26.31856389582866]]]}}, {"type": "Feature", "properties": {"cod_imovel": "SC-4216206-6CC133A3ED52493AB37644104B3EB91F", "municipio": "Sao Francisco do Sul", "num_area": 1.874, "mod_fiscal": 0.1562, "des_condic": "Aguardando analise", "ind_status": "AT", "dat_atuali": "29/05/2018"}, "geometry": {"type": "Polygon", "coordinates": [[[-48.660314083099365, -26.35586267292376], [-48.66127967834473, -26.355170490454775], [-48.66158008575439, -26.354555213671023], [-48.66142988204955, -26.354247574051648], [-48.66067886352539, -26.35420911904169], [-48.65994930267333, -26.354612896008557], [-48.660314083099365, -26.35586267292376]]]}}, {"type": "Feature", "properties": {"cod_imovel": "SC-4216206-3738572625424BBF8F5135C9EC519B7A", "municipio": "Sao Francisco do Sul", "num_area": 0.4371, "mod_fiscal": 0.0364, "des_condic": "Aguardando analise", "ind_status": "AT", "dat_atuali": "18/04/2016"}, "geometry": {"type": "Polygon", "coordinates": [[[-48.591628074645996, -26.295761968254645], [-48.59100580215454, -26.295319511464076], [-48.590662479400635, -26.295454172405154], [-48.59083414077759, -26.29606976328708], [-48.591628074645996, -26.295761968254645]]]}}, {"type": "Feature", "properties": {"cod_imovel": "SC-4216206-0E9FD74EA884416DB3B96CDA0C4376E6", "municipio": "Sao Francisco do Sul", "num_area": 3.0314, "mod_fiscal": 0.2526, "des_condic": "Aguardando analise", "ind_status": "AT", "dat_atuali": "19/05/2015"}, "geometry": {"type": "Polygon", "coordinates": [[[-48.6059832572937, -26.27332920633696], [-48.606176376342766, -26.273156037789434], [-48.60596179962158, -26.27255956637039], [-48.60718488693237, -26.272001574203404], [-48.60677719116211, -26.27050075437523], [-48.60529661178589, -26.271097236374096], [-48.605639934539795, -26.27250184316717], [-48.6059832572937, -26.27332920633696]]]}}, {"type": "Feature", "properties": {"cod_imovel": "SC-4216206-99294ABCFE644B7A938D99A8D5164746", "municipio": "Sao Francisco do Sul", "num_area": 75.9838, "mod_fiscal": 6.332, "des_condic": "Aguardando analise", "ind_status": "AT", "dat_atuali": "18/04/2016"}, "geometry": {"type": "Polygon", "coordinates": [[[-48.65818977355957, -26.347575438494673], [-48.65967035293579, -26.353939933613933], [-48.66200923919678, -26.352901641095194], [-48.663296699523926, -26.35272859143586], [-48.66454124450683, -26.351209588870958], [-48.666536808013916, -26.35017127184218], [-48.66737365722656, -26.3500174463045], [-48.668339252471924, -26.349613653294835], [-48.66934776306152, -26.348459951214803], [-48.670077323913574, -26.348344580373972], [-48.670570850372314, -26.348633007260318], [-48.67175102233887, -26.348036924235892], [-48.67284536361694, -26.34707549353092], [-48.6699914932251, -26.34436421590808], [-48.65818977355957, -26.347575438494673]]]}}, {"type": "Feature", "properties": {"cod_imovel": "SC-4216206-735AEC37146E4ECC9468A191849080B4", "municipio": "Sao Francisco do Sul", "num_area": 6.0531, "mod_fiscal": 0.5044, "des_condic": "Aguardando analise", "ind_status": "AT", "dat_atuali": "03/11/2015"}, "geometry": {"type": "Polygon", "coordinates": [[[-48.60085487365723, -26.273560097331742], [-48.6000394821167, -26.27202081535727], [-48.59707832336426, -26.27309831488286], [-48.59776496887207, -26.274637582567454], [-48.60085487365723, -26.273560097331742]]]}}, {"type": "Feature", "properties": {"cod_imovel": "SC-4216206-0E1A746130A1428798537E68E54D8F41", "municipio": "Sao Francisco do Sul", "num_area": 0.827, "mod_fiscal": 0.0689, "des_condic": "Aguardando analise", "ind_status": "AT", "dat_atuali": "25/10/2016"}, "geometry": {"type": "Polygon", "coordinates": [[[-48.61523151397705, -26.388505905261844], [-48.61525297164917, -26.388755788428707], [-48.61673355102539, -26.388678901358027], [-48.61673355102539, -26.388832675448175], [-48.61731290817261, -26.388813453698113], [-48.61726999282837, -26.38823679970822], [-48.616347312927246, -26.388256021554273], [-48.616347312927246, -26.38848668345738], [-48.61523151397705, -26.388505905261844]]]}}, {"type": "Feature", "properties": {"cod_imovel": "SC-4216206-D1049727B98742DBBA4BB9C0C442F736", "municipio": "Sao Francisco do Sul", "num_area": 1.591, "mod_fiscal": 0.1326, "des_condic": "Aguardando analise", "ind_status": "AT", "dat_atuali": "11/02/2019"}, "geometry": {"type": "Polygon", "coordinates": [[[-48.612420558929436, -26.273059832929185], [-48.612163066864014, -26.27261728954491], [-48.61096330351204, -26.27314359589827], [-48.61152123017811, -26.27417160520476], [-48.612399101257324, -26.273810228724432], [-48.612420558929436, -26.273059832929185]]]}}, {"type": "Feature", "properties": {"cod_imovel": "SC-4216206-A6E4855BD4CA409C8097A2C761CBAB74", "municipio": "Sao Francisco do Sul", "num_area": 11.4222, "mod_fiscal": 0.9519, "des_condic": "Aguardando analise", "ind_status": "AT", "dat_atuali": "29/03/2016"}, "geometry": {"type": "Polygon", "coordinates": [[[-48.64958524703979, -26.28325710431153], [-48.654820919036865, -26.278543382689335], [-48.654069900512695, -26.27786997825388], [-48.65301847457886, -26.27873578323882], [-48.652610778808594, -26.278447182294954], [-48.648426532745354, -26.282179699109985], [-48.64958524703979, -26.28325710431153]]]}}, {"type": "Feature", "properties": {"cod_imovel": "SC-4216206-C5A2BE2940DD437A924016EAC07990C8", "municipio": "Sao Francisco do Sul", "num_area": 11.0073, "mod_fiscal": 0.9173, "des_condic": "Aguardando analise", "ind_status": "AT", "dat_atuali": "31/03/2016"}, "geometry": {"type": "Polygon", "coordinates": [[[-48.64593744277954, -26.331076114112026], [-48.642590045928955, -26.330556866430307], [-48.641560077667236, -26.333441546302296], [-48.64327669143677, -26.33473001342066], [-48.64593744277954, -26.331076114112026]]]}}, {"type": "Feature", "properties": {"cod_imovel": "SC-4216206-31A6A188009B47A4AF595AD91EE4574E", "municipio": "Sao Francisco do Sul", "num_area": 3.6407, "mod_fiscal": 0.3034, "des_condic": "Aguardando analise", "ind_status": "AT", "dat_atuali": "25/03/2015"}, "geometry": {"type": "Polygon", "coordinates": [[[-48.591928482055664, -26.277446693465684], [-48.59154224395751, -26.276523157659433], [-48.58853816986084, -26.27783149788238], [-48.58896732330322, -26.278755023276236], [-48.591928482055664, -26.277446693465684]]]}}, {"type": "Feature", "properties": {"cod_imovel": "SC-4216206-7A52E8B047F84ED795A3774FC4F63022", "municipio": "Sao Francisco do Sul", "num_area": 2.8786, "mod_fiscal": 0.2399, "des_condic": "Aguardando analise", "ind_status": "AT", "dat_atuali": "09/08/2018"}, "geometry": {"type": "Polygon", "coordinates": [[[-48.58332996994131, -26.27591262633916], [-48.5828522333892, -26.27524823015483], [-48.57979357605386, -26.27636294190626], [-48.58026812506835, -26.27704748343854], [-48.58332996994131, -26.27591262633916]]]}}, {"type": "Feature", "properties": {"cod_imovel": "SC-4216206-F6622FC9C00540BEA827BCE5BA50F901", "municipio": "Sao Francisco do Sul", "num_area": 22.8573, "mod_fiscal": 1.9048, "des_condic": "Aguardando analise", "ind_status": "AT", "dat_atuali": "10/03/2015"}, "geometry": {"type": "Polygon", "coordinates": [[[-48.62192630767822, -26.288740172169376], [-48.62091779708862, -26.287682056448993], [-48.61523151397705, -26.289971421947122], [-48.61469507217407, -26.289105700811337], [-48.610661029815674, -26.290894850702724], [-48.612356185913086, -26.293049489205647], [-48.62192630767822, -26.288740172169376]]]}}, {"type": "Feature", "properties": {"cod_imovel": "SC-4216206-EDA2AE2DC5FE4EAA98D72420B42B4E4B", "municipio": "Sao Francisco do Sul", "num_area": 10.9422, "mod_fiscal": 0.9119, "des_condic": "Aguardando analise", "ind_status": "AT", "dat_atuali": "13/04/2018"}, "geometry": {"type": "Polygon", "coordinates": [[[-48.59446048736572, -26.29303025153899], [-48.5944390296936, -26.29362661772137], [-48.61244201660156, -26.285854379287684], [-48.6122703552246, -26.285450362555085], [-48.59446048736572, -26.29303025153899]]]}}, {"type": "Feature", "properties": {"cod_imovel": "SC-4216206-2A2B6838F2BE4DAA9C89069541C1B1FA", "municipio": "Sao Francisco do Sul", "num_area": 0.5058, "mod_fiscal": 0.0422, "des_condic": "Aguardando analise", "ind_status": "AT", "dat_atuali": "27/08/2014"}, "geometry": {"type": "Polygon", "coordinates": [[[-48.64672042085473, -26.279461524421517], [-48.644869179423075, -26.28041485065377], [-48.64438279928243, -26.28070468383677], [-48.644519260664886, -26.280887420583536], [-48.64670731777698, -26.279614731371105], [-48.64672042085473, -26.279461524421517]]]}}, {"type": "Feature", "properties": {"cod_imovel": "SC-4216206-B2CA9D04B70B423C8E0CF6FB4AD0E9CA", "municipio": "Sao Francisco do Sul", "num_area": 0.3349, "mod_fiscal": 0.0012, "des_condic": "Aguardando analise", "ind_status": "AT", "dat_atuali": "28/07/2016"}, "geometry": {"type": "Polygon", "coordinates": [[[-48.52271896668299, -26.376835795934046], [-48.52243771541942, -26.376722574652412], [-48.52234848716066, -26.376875817264587], [-48.52258926143942, -26.3772746953749], [-48.5228543182264, -26.37734119973108], [-48.52303557970124, -26.37690319254524], [-48.52295592217366, -26.37660771675809], [-48.52271896668299, -26.376835795934046]]]}}, {"type": "Feature", "properties": {"cod_imovel": "SC-4216206-61327540063D4A7D92BBE9BE5E7539B4", "municipio": "Sao Francisco do Sul", "num_area": 4.5257, "mod_fiscal": 0.3771, "des_condic": "Aguardando analise", "ind_status": "AT", "dat_atuali": "20/02/2025"}, "geometry": {"type": "Polygon", "coordinates": [[[-48.67424584446582, -26.32212121155922], [-48.67132612188778, -26.3232569335414], [-48.67148244783044, -26.32443095494334], [-48.67520241660783, -26.3229870121286], [-48.67424584446582, -26.32212121155922]]]}}, {"type": "Feature", "properties": {"cod_imovel": "SC-4216206-FE372D827B37403898585999695E9B7D", "municipio": "Sao Francisco do Sul", "num_area": 0.2556, "mod_fiscal": 0.0213, "des_condic": "Aguardando analise", "ind_status": "AT", "dat_atuali": "19/02/2025"}, "geometry": {"type": "Polygon", "coordinates": [[[-48.58296636534255, -26.28635491804486], [-48.58264033894201, -26.28646160247008], [-48.582943081855774, -26.287090469362013], [-48.58325179298989, -26.28696167883773], [-48.58296636534255, -26.28635491804486]]]}}, {"type": "Feature", "properties": {"cod_imovel": "SC-4216206-80E984B23FDD4402A69E08CBC538AD33", "municipio": "Sao Francisco do Sul", "num_area": 0.05, "mod_fiscal": 0.0042, "des_condic": "Aguardando analise", "ind_status": "AT", "dat_atuali": "13/02/2025"}, "geometry": {"type": "Polygon", "coordinates": [[[-48.61526894783333, -26.36068706015318], [-48.61512446303752, -26.36055761129998], [-48.61496687690151, -26.36073386274294], [-48.61511500242836, -26.36085802208699], [-48.61526894783333, -26.36068706015318]]]}}, {"type": "Feature", "properties": {"cod_imovel": "SC-4216206-1CE77DB374114363BCBF5E5E849A213B", "municipio": "Sao Francisco do Sul", "num_area": 13.2893, "mod_fiscal": 1.1074, "des_condic": "Aguardando analise", "ind_status": "AT", "dat_atuali": "02/05/2016"}, "geometry": {"type": "Polygon", "coordinates": [[[-48.584654331207275, -26.296550691389537], [-48.58471870422363, -26.296916195413292], [-48.61473798751831, -26.28423830391468], [-48.61454486846924, -26.283911238302384], [-48.584654331207275, -26.296550691389537]]]}}, {"type": "Feature", "properties": {"cod_imovel": "SC-4216206-171B31E19E6D4CD585D0AE69037DE1C7", "municipio": "Sao Francisco do Sul", "num_area": 3.8801, "mod_fiscal": 0.3233, "des_condic": "Aguardando analise", "ind_status": "AT", "dat_atuali": "12/02/2025"}, "geometry": {"type": "Polygon", "coordinates": [[[-48.61524715160319, -26.266725720251397], [-48.61200296880474, -26.268462929729484], [-48.61249899465175, -26.26852695575061], [-48.611249753913704, -26.26882018178851], [-48.61118675308868, -26.269141270391543], [-48.611523745025124, -26.26914955102421], [-48.611559477524885, -26.268886181726828], [-48.61259251919558, -26.26855419605344], [-48.61324661025511, -26.2689132411913], [-48.61549420030335, -26.268020958313194], [-48.61524715160319, -26.266725720251397]]]}}, {"type": "Feature", "properties": {"cod_imovel": "SC-4216206-27600E08D0124F94A9AA36242C8F38A3", "municipio": "Sao Francisco do Sul", "num_area": 31.3412, "mod_fiscal": 2.6118, "des_condic": "Aguardando analise", "ind_status": "AT", "dat_atuali": "10/02/2025"}, "geometry": {"type": "Polygon", "coordinates": [[[-48.67086250499994, -26.275145542999933], [-48.67054721455467, -26.27541851862468], [-48.67019550639994, -26.2751621178888], [-48.668167762156145, -26.277413624154306], [-48.664587127999944, -26.276947356999955], [-48.66391177499997, -26.276389067999926], [-48.66367639099995, -26.276398129999954], [-48.66375083699993, -26.276251773999913], [-48.66361367685714, -26.27619450358862], [-48.66279419124133, -26.27712798339908], [-48.66298065299993, -26.277737536999904], [-48.66484526999993, -26.280137387999915], [-48.66550838994072, -26.28036627223919], [-48.664458949871424, -26.2815314119058], [-48.66549901399993, -26.281282799999918], [-48.66787377699996, -26.281074362999966], [-48.668043480879426, -26.280911423970032], [-48.67205515399995, -26.27647465999992], [-48.672336830999924, -26.27594302899991], [-48.672079630999924, -26.2755611279999], [-48.671188904999894, -26.275452093999903], [-48.67086250499994, -26.275145542999933]]]}}, {"type": "Feature", "properties": {"cod_imovel": "SC-4216206-13AF2D3EB1C549B7A29266DF5E9A987B", "municipio": "Sao Francisco do Sul", "num_area": 5.9275, "mod_fiscal": 0.494, "des_condic": "Aguardando analise", "ind_status": "AT", "dat_atuali": "22/11/2018"}, "geometry": {"type": "Polygon", "coordinates": [[[-48.62626075744629, -26.366706324002564], [-48.6246977815083, -26.36524337643568], [-48.624329566955566, -26.365668146117784], [-48.62945795059204, -26.370320648341053], [-48.63080978393555, -26.371166537715318], [-48.63115310668945, -26.370801268063218], [-48.63121747970581, -26.370628245193505], [-48.62993001937866, -26.369820801709736], [-48.63003730773926, -26.36970545218014], [-48.626389503479, -26.36661019681235], [-48.62626075744629, -26.366706324002564]]]}}, {"type": "Feature", "properties": {"cod_imovel": "SC-4216206-D30AB9DD3C884BB9B0128EE0E9863582", "municipio": "Sao Francisco do Sul", "num_area": 0.2855, "mod_fiscal": 0.0238, "des_condic": "Aguardando analise", "ind_status": "AT", "dat_atuali": "05/02/2025"}, "geometry": {"type": "Polygon", "coordinates": [[[-48.62294855106593, -26.36415836766247], [-48.62432676417772, -26.36533348384277], [-48.62443888526564, -26.36523900186703], [-48.6230511624119, -26.36406264776721], [-48.62294855106593, -26.36415836766247]]]}}, {"type": "Feature", "properties": {"cod_imovel": "SC-4216206-EFD66CB125244521AA4B6DABDDC334C5", "municipio": "Sao Francisco do Sul", "num_area": 98.4638, "mod_fiscal": 8.2053, "des_condic": "Aguardando analise", "ind_status": "AT", "dat_atuali": "17/12/2015"}, "geometry": {"type": "Polygon", "coordinates": [[[-48.5292203311429, -26.2551638199237], [-48.5233128923267, -26.2565492363905], [-48.5274554559914, -26.2675729877688], [-48.5364183300908, -26.2651502162447], [-48.5292203311429, -26.2551638199237]]]}}, {"type": "Feature", "properties": {"cod_imovel": "SC-4216206-7A93E09618FF4CC088D66ECB42CD1456", "municipio": "Sao Francisco do Sul", "num_area": 0.47, "mod_fiscal": 0.0392, "des_condic": "Aguardando analise", "ind_status": "AT", "dat_atuali": "03/02/2025"}, "geometry": {"type": "Polygon", "coordinates": [[[-48.61868533300618, -26.36318995254044], [-48.61835428310311, -26.36291794201972], [-48.61769038799859, -26.36360654043648], [-48.61803875329056, -26.36390293945685], [-48.61868533300618, -26.36318995254044]]]}}, {"type": "Feature", "properties": {"cod_imovel": "SC-4216206-60A4DA10B1244C4C93810ED4711C129E", "municipio": "Sao Francisco do Sul", "num_area": 2.5685, "mod_fiscal": 0.214, "des_condic": "Aguardando analise", "ind_status": "AT", "dat_atuali": "29/01/2025"}, "geometry": {"type": "Polygon", "coordinates": [[[-48.68190011239142, -26.29305575694611], [-48.68205406847508, -26.29317443825446], [-48.68345422254752, -26.29167437429579], [-48.68247015159148, -26.2911189085028], [-48.68129145632623, -26.29260408574069], [-48.68152065792242, -26.29278330663161], [-48.68106991818741, -26.29302446927892], [-48.68126309525827, -26.29333815046497], [-48.68146605989131, -26.29314374799737], [-48.68160812798753, -26.29327173275325], [-48.68141288927453, -26.29347507594126], [-48.68151733266936, -26.29355942731763], [-48.68190011239142, -26.29305575694611]]]}}, {"type": "Feature", "properties": {"cod_imovel": "SC-4216206-EFCF3182A8F24787AE831D990E165DF7", "municipio": "Sao Francisco do Sul", "num_area": 0.12, "mod_fiscal": 0.01, "des_condic": "Aguardando analise", "ind_status": "AT", "dat_atuali": "24/04/2024"}, "geometry": {"type": "Polygon", "coordinates": [[[-48.59043922811467, -26.28035814367191], [-48.59035210244816, -26.28023647835302], [-48.58967003170807, -26.28048538119373], [-48.589729070663445, -26.280621291741284], [-48.59043922811467, -26.28035814367191]]]}}, {"type": "Feature", "properties": {"cod_imovel": "SC-4216206-9B5219F1D41945DAAEABA073C22198BE", "municipio": "Sao Francisco do Sul", "num_area": 0.17, "mod_fiscal": 0.0142, "des_condic": "Aguardando analise", "ind_status": "AT", "dat_atuali": "24/04/2024"}, "geometry": {"type": "Polygon", "coordinates": [[[-48.67775540700114, -26.33451672312918], [-48.67710008423407, -26.33402599614912], [-48.67697105028549, -26.33417161788349], [-48.67763042449951, -26.334653090413173], [-48.67775540700114, -26.33451672312918]]]}}, {"type": "Feature", "properties": {"cod_imovel": "SC-4216206-F30BB4E3DF564D2A8A1559515CA6F891", "municipio": "Sao Francisco do Sul", "num_area": 0.104, "mod_fiscal": 0.0087, "des_condic": "Aguardando analise", "ind_status": "AT", "dat_atuali": "23/04/2024"}, "geometry": {"type": "Polygon", "coordinates": [[[-48.61908948863022, -26.36382754928305], [-48.61879493291319, -26.36358516610635], [-48.61863477888711, -26.3637783222469], [-48.61893228990225, -26.36401295475632], [-48.61908948863022, -26.36382754928305]]]}}, {"type": "Feature", "properties": {"cod_imovel": "SC-4216206-057AA55025BA43F78E59DC824B9701C0", "municipio": "Sao Francisco do Sul", "num_area": 0.0487, "mod_fiscal": 0.0041, "des_condic": "Aguardando analise", "ind_status": "AT", "dat_atuali": "23/04/2024"}, "geometry": {"type": "Polygon", "coordinates": [[[-48.62599418026335, -26.36499573375693], [-48.62573095139778, -26.364929624515], [-48.62578316801896, -26.36511338714721], [-48.62599418026335, -26.36499573375693]]]}}, {"type": "Feature", "properties": {"cod_imovel": "SC-4216206-48585A2FA0964A16B58428D8BF376A7E", "municipio": "Sao Francisco do Sul", "num_area": 0.0625, "mod_fiscal": 0.0052, "des_condic": "Aguardando analise", "ind_status": "AT", "dat_atuali": "23/04/2024"}, "geometry": {"type": "Polygon", "coordinates": [[[-48.61973226070403, -26.363260114296697], [-48.62003794460153, -26.36292960745914], [-48.61994418207112, -26.36285100552117], [-48.619624972343445, -26.363197629769402], [-48.61973226070403, -26.363260114296697]]]}}, {"type": "Feature", "properties": {"cod_imovel": "SC-4216206-0B8528CB6BC3459FB6528F500DE5FDEC", "municipio": "Sao Francisco do Sul", "num_area": 0.44, "mod_fiscal": 0.0367, "des_condic": "Aguardando analise", "ind_status": "AT", "dat_atuali": "23/04/2024"}, "geometry": {"type": "Polygon", "coordinates": [[[-48.58604371547698, -26.28784558405459], [-48.585701926586, -26.28789773044189], [-48.58614547980921, -26.28877931877875], [-48.58652808416689, -26.28861661296447], [-48.58604371547698, -26.28784558405459]]]}}, {"type": "Feature", "properties": {"cod_imovel": "SC-4216206-F83B269F8A2C486D93B48995EA977E8E", "municipio": "Sao Francisco do Sul", "num_area": 1.0, "mod_fiscal": 0.0833, "des_condic": "Aguardando analise", "ind_status": "AT", "dat_atuali": "05/04/2024"}, "geometry": {"type": "Polygon", "coordinates": [[[-48.61683011054993, -26.362890013142653], [-48.61747393703008, -26.36219014118986], [-48.61671992855997, -26.3615701865503], [-48.61609346148798, -26.36227307880007], [-48.61683011054993, -26.362890013142653]]]}}, {"type": "Feature", "properties": {"cod_imovel": "SC-4216206-D3B2B77FA2CA40708362FD02DCEE040E", "municipio": "Sao Francisco do Sul", "num_area": 1.3513, "mod_fiscal": 0.1126, "des_condic": "Aguardando analise", "ind_status": "AT", "dat_atuali": "05/04/2024"}, "geometry": {"type": "Polygon", "coordinates": [[[-48.59036652877131, -26.2893422284134], [-48.58979512046126, -26.28942034220661], [-48.58928531718954, -26.28973660334076], [-48.58913676627074, -26.28956052223694], [-48.58812602554219, -26.29000177237212], [-48.58844108280735, -26.29065458180885], [-48.5896813975648, -26.29012291542234], [-48.58974748734545, -26.28970640810646], [-48.59034980210258, -26.289653127324], [-48.59036652877131, -26.2893422284134]]]}}, {"type": "Feature", "properties": {"cod_imovel": "SC-4216206-FED6B77ACDC143FF80D42653284B9762", "municipio": "Sao Francisco do Sul", "num_area": 0.6794, "mod_fiscal": 0.0566, "des_condic": "Aguardando analise", "ind_status": "AT", "dat_atuali": "06/05/2023"}, "geometry": {"type": "Polygon", "coordinates": [[[-48.63128697641606, -26.35054207055903], [-48.62740446074758, -26.34959455377576], [-48.62739969656759, -26.34974952481235], [-48.63122812897152, -26.35068906504078], [-48.63128697641606, -26.35054207055903]]]}}, {"type": "Feature", "properties": {"cod_imovel": "SC-4216206-E21EE483A548456292AC14972B26B31E", "municipio": "Sao Francisco do Sul", "num_area": 11.6478, "mod_fiscal": 0.9707, "des_condic": "Aguardando analise", "ind_status": "AT", "dat_atuali": "13/07/2021"}, "geometry": {"type": "Polygon", "coordinates": [[[-48.61909819224366, -26.31865655052189], [-48.61762157009122, -26.32717852196211], [-48.61876430570707, -26.3271810125625], [-48.6187611953925, -26.32742191941781], [-48.62034931134103, -26.31952365847172], [-48.61909819224366, -26.31865655052189]]]}}, {"type": "Feature", "properties": {"cod_imovel": "SC-4216206-84477D73B46C4A51B8808EDA8EFB1B6E", "municipio": "Sao Francisco do Sul", "num_area": 0.9217, "mod_fiscal": 0.0768, "des_condic": "Aguardando analise", "ind_status": "AT", "dat_atuali": "25/11/2021"}, "geometry": {"type": "Polygon", "coordinates": [[[-48.60614086369825, -26.24834471236793], [-48.60302740882307, -26.25009348471277], [-48.60313416268337, -26.25033370564799], [-48.60631356745222, -26.2484731549217], [-48.60614086369825, -26.24834471236793]]]}}, {"type": "Feature", "properties": {"cod_imovel": "SC-4216206-90C92DD55ABB44E6A9368F4C4E49C093", "municipio": "Sao Francisco do Sul", "num_area": 18.4627, "mod_fiscal": 1.5386, "des_condic": "Aguardando analise", "ind_status": "AT", "dat_atuali": "24/11/2021"}, "geometry": {"type": "Polygon", "coordinates": [[[-48.61367511215724, -26.28848748465781], [-48.61352992227487, -26.28783588301669], [-48.58779317064626, -26.29829161341369], [-48.58778898780295, -26.29892714463813], [-48.61367511215724, -26.28848748465781]]]}}, {"type": "Feature", "properties": {"cod_imovel": "SC-4216206-D5294BCD220F41D2A5C7D41360442D04", "municipio": "Sao Francisco do Sul", "num_area": 7.8912, "mod_fiscal": 0.6576, "des_condic": "Aguardando analise", "ind_status": "AT", "dat_atuali": "27/10/2021"}, "geometry": {"type": "Polygon", "coordinates": [[[-48.62039809708731, -26.358532013138277], [-48.61968218448478, -26.359279759363755], [-48.624180628702355, -26.363205456505373], [-48.62457556245728, -26.36294527611048], [-48.625537671893625, -26.363517016557918], [-48.62582478469059, -26.363154546355936], [-48.62039809708731, -26.358532013138277]]]}}, {"type": "Feature", "properties": {"cod_imovel": "SC-4216206-87E8AD9E01FF4F23A4AFAB0F5FB82A84", "municipio": "Sao Francisco do Sul", "num_area": 2.0076, "mod_fiscal": 0.1673, "des_condic": "Aguardando analise", "ind_status": "AT", "dat_atuali": "14/11/2022"}, "geometry": {"type": "Polygon", "coordinates": [[[-48.60045267804561, -26.43854315186713], [-48.6044775601404, -26.43860167327395], [-48.60448444048364, -26.43815037380249], [-48.60046192136904, -26.43809225130568], [-48.60045267804561, -26.43854315186713]]]}}, {"type": "Feature", "properties": {"cod_imovel": "SC-4216206-B8A90E2B814C47E39DB921E8526425D3", "municipio": "Sao Francisco do Sul", "num_area": 0.7061, "mod_fiscal": 0.0588, "des_condic": "Aguardando analise", "ind_status": "AT", "dat_atuali": "25/08/2022"}, "geometry": {"type": "Polygon", "coordinates": [[[-48.60914399021544, -26.2752746503862], [-48.60784093116857, -26.27592341789513], [-48.6079707679654, -26.27633022032557], [-48.60928067243839, -26.27571510390481], [-48.60914399021544, -26.2752746503862]]]}}, {"type": "Feature", "properties": {"cod_imovel": "SC-4216206-9E7F1DE4AED64A24896BDF36C625F876", "municipio": "Sao Francisco do Sul", "num_area": 45.5238, "mod_fiscal": 3.7937, "des_condic": "Aguardando analise", "ind_status": "AT", "dat_atuali": "07/05/2015"}, "geometry": {"type": "Polygon", "coordinates": [[[-48.574204444885254, -26.285989051219193], [-48.5734748840332, -26.28460384674312], [-48.572916984558105, -26.283949716657567], [-48.575706481933594, -26.282602966632414], [-48.57484817504883, -26.28098684596616], [-48.560686111450195, -26.28748967073551], [-48.56961250305176, -26.287797487723925], [-48.574204444885254, -26.285989051219193]]]}}, {"type": "Feature", "properties": {"cod_imovel": "SC-4216206-6CA8222DC8BA401CB33712389DC21B57", "municipio": "Sao Francisco do Sul", "num_area": 3.6225, "mod_fiscal": 0.3019, "des_condic": "Aguardando analise", "ind_status": "AT", "dat_atuali": "03/05/2016"}, "geometry": {"type": "Polygon", "coordinates": [[[-48.626300054346686, -26.363520539585167], [-48.6267838879474, -26.36342609299181], [-48.62069884909374, -26.35820128565816], [-48.62039466903028, -26.358528803302388], [-48.626300054346686, -26.363520539585167]]]}}, {"type": "Feature", "properties": {"cod_imovel": "SC-4216206-ED12E8A59D1A453D804B1F5A30E2D507", "municipio": "Sao Francisco do Sul", "num_area": 16.2935, "mod_fiscal": 1.3578, "des_condic": "Aguardando analise", "ind_status": "AT", "dat_atuali": "12/04/2016"}, "geometry": {"type": "Polygon", "coordinates": [[[-48.610596656799316, -26.2748492302776], [-48.61145496368408, -26.276273032113746], [-48.61948013305664, -26.27236715558135], [-48.6185359954834, -26.270981788484498], [-48.610596656799316, -26.2748492302776]]]}}, {"type": "Feature", "properties": {"cod_imovel": "SC-4216206-F65B964D7A024C84B01F160271D4C14F", "municipio": "Sao Francisco do Sul", "num_area": 2.931, "mod_fiscal": 0.2443, "des_condic": "Aguardando analise", "ind_status": "AT", "dat_atuali": "26/03/2015"}, "geometry": {"type": "Polygon", "coordinates": [[[-48.59229326248169, -26.271751438912954], [-48.58898878097534, -26.273059832929185], [-48.58933210372925, -26.273714024406416], [-48.59261512756348, -26.272444119935244], [-48.59229326248169, -26.271751438912954]]]}}, {"type": "Feature", "properties": {"cod_imovel": "SC-4216206-076B948C38AA4DC09559BBCDF5E357BA", "municipio": "Sao Francisco do Sul", "num_area": 4.0309, "mod_fiscal": 0.3359, "des_condic": "Aguardando analise", "ind_status": "AT", "dat_atuali": "05/05/2016"}, "geometry": {"type": "Polygon", "coordinates": [[[-48.58783006668091, -26.287181852930207], [-48.58611345291137, -26.287912918883983], [-48.58660697937011, -26.288740172169376], [-48.58675718307495, -26.288643980230027], [-48.587143421173096, -26.28927884555545], [-48.58958959579468, -26.288086065408674], [-48.58922481536865, -26.287508909321218], [-48.58832359313965, -26.287912918883983], [-48.58783006668091, -26.287181852930207]]]}}, {"type": "Feature", "properties": {"cod_imovel": "SC-4216206-3F36B1A4A1C44F3A8D450901F91B4494", "municipio": "Sao Francisco do Sul", "num_area": 12.8647, "mod_fiscal": 1.0721, "des_condic": "Aguardando analise", "ind_status": "AT", "dat_atuali": "28/03/2015"}, "geometry": {"type": "Polygon", "coordinates": [[[-48.61087934, -26.28202419], [-48.59342878, -26.28989012], [-48.59372421, -26.29042278], [-48.61117483, -26.28255682], [-48.61087934, -26.28202419]]]}}, {"type": "Feature", "properties": {"cod_imovel": "SC-4216206-34D691A72DBC4908AC1961595DDD51DB", "municipio": "Sao Francisco do Sul", "num_area": 20.5106, "mod_fiscal": 1.7092, "des_condic": "Aguardando analise", "ind_status": "AT", "dat_atuali": "29/04/2015"}, "geometry": {"type": "Polygon", "coordinates": [[[-48.59175682067871, -26.29014456539885], [-48.593130111694336, -26.289567419554576], [-48.59323740005493, -26.289779040030954], [-48.6109185218811, -26.282275896409764], [-48.6105751991272, -26.281448597025044], [-48.59156370162964, -26.289490466558338], [-48.59137058258056, -26.289952183769874], [-48.59175682067871, -26.29014456539885]]]}}, {"type": "Feature", "properties": {"cod_imovel": "SC-4216206-632B4EE49CB64E28B5FFA57FA17CC47B", "municipio": "Sao Francisco do Sul", "num_area": 10.806, "mod_fiscal": 0.9005, "des_condic": "Aguardando analise", "ind_status": "AT", "dat_atuali": "04/05/2016"}, "geometry": {"type": "Polygon", "coordinates": [[[-48.59300136566162, -26.320075257923005], [-48.59334468841552, -26.320613785698427], [-48.60849380493164, -26.31388200855041], [-48.6084508895874, -26.313766603245956], [-48.60819339752197, -26.31342038664285], [-48.59300136566162, -26.320075257923005]]]}}, {"type": "Feature", "properties": {"cod_imovel": "SC-4216206-B683DCD6B7364120A0967E8FDB199BC9", "municipio": "Sao Francisco do Sul", "num_area": 0.901, "mod_fiscal": 0.0751, "des_condic": "Aguardando analise", "ind_status": "AT", "dat_atuali": "25/08/2015"}, "geometry": {"type": "Polygon", "coordinates": [[[-48.68368148803711, -26.332095371307208], [-48.68286609649658, -26.333018464419254], [-48.683617115020745, -26.333749241246007], [-48.68387460708618, -26.332364607558574], [-48.68368148803711, -26.332095371307208]]]}}, {"type": "Feature", "properties": {"cod_imovel": "SC-4216206-9BF468484F4D4BB2BA5E5D5B56248B2C", "municipio": "Sao Francisco do Sul", "num_area": 4.0369, "mod_fiscal": 0.3364, "des_condic": "Aguardando analise", "ind_status": "AT", "dat_atuali": "03/05/2016"}, "geometry": {"type": "Polygon", "coordinates": [[[-48.62518644842194, -26.364629872619695], [-48.625526632337746, -26.364352186423456], [-48.61967783400396, -26.359273350595377], [-48.61932366531108, -26.35965017905362], [-48.62518644842194, -26.364629872619695]]]}}, {"type": "Feature", "properties": {"cod_imovel": "SC-4216206-B6FF37B57B844BBD80A2AA1DDD5B8B1D", "municipio": "Sao Francisco do Sul", "num_area": 0.0436, "mod_fiscal": 0.0036, "des_condic": "Aguardando analise", "ind_status": "AT", "dat_atuali": "20/02/2018"}, "geometry": {"type": "Polygon", "coordinates": [[[-48.681278228759766, -26.305322469927088], [-48.68138551712036, -26.305380176798593], [-48.681514263153076, -26.30522629174406], [-48.68138551712036, -26.30511087781908], [-48.681278228759766, -26.305322469927088]]]}}, {"type": "Feature", "properties": {"cod_imovel": "SC-4216206-870117E2638B450ABBA57371F80688A5", "municipio": "Sao Francisco do Sul", "num_area": 29.7593, "mod_fiscal": 2.4799, "des_condic": "Aguardando analise", "ind_status": "AT", "dat_atuali": "29/06/2017"}, "geometry": {"type": "Polygon", "coordinates": [[[-48.60076904296875, -26.269096123367568], [-48.57105016708374, -26.282198938576315], [-48.57107162475586, -26.282352854192162], [-48.57162952423096, -26.282795360450304], [-48.60128402709961, -26.269827303273342], [-48.60076904296875, -26.269096123367568]]]}}, {"type": "Feature", "properties": {"cod_imovel": "SC-4216206-429BABA34E35455786D81123C5BCA05D", "municipio": "Sao Francisco do Sul", "num_area": 11.6016, "mod_fiscal": 0.9668, "des_condic": "Aguardando analise", "ind_status": "AT", "dat_atuali": "06/10/2017"}, "geometry": {"type": "Polygon", "coordinates": [[[-48.60205650329589, -26.26975033718434], [-48.601627349853516, -26.269211573132548], [-48.586649894714355, -26.275253283925192], [-48.586950302124016, -26.27552265224207], [-48.586392402648926, -26.27583050098149], [-48.58643531799316, -26.276022906028953], [-48.58643531799316, -26.275907463038756], [-48.60205650329589, -26.26975033718434]]]}}, {"type": "Feature", "properties": {"cod_imovel": "SC-4216206-3E139A4E3A3847D78C34CBA63E9FE3F8", "municipio": "Sao Francisco do Sul", "num_area": 1.9024, "mod_fiscal": 0.1585, "des_condic": "Aguardando analise", "ind_status": "AT", "dat_atuali": "19/12/2017"}, "geometry": {"type": "Polygon", "coordinates": [[[-48.604609966278076, -26.27527252453998], [-48.603665828704834, -26.27583050098149], [-48.604609966278076, -26.277061887772938], [-48.60557556152344, -26.27656163846476], [-48.604609966278076, -26.27527252453998]]]}}, {"type": "Feature", "properties": {"cod_imovel": "SC-4216206-816AEAFD6D82449CA600CC0538EF5964", "municipio": "Sao Francisco do Sul", "num_area": 0.5363, "mod_fiscal": 0.0447, "des_condic": "Aguardando analise", "ind_status": "AT", "dat_atuali": "05/09/2017"}, "geometry": {"type": "Polygon", "coordinates": [[[-48.63793890888716, -26.303546642021384], [-48.63778876351181, -26.303815813469615], [-48.63913473227528, -26.30482186278398], [-48.639133372032504, -26.304439461292706], [-48.63793890888716, -26.303546642021384]]]}}, {"type": "Feature", "properties": {"cod_imovel": "SC-4216206-DC1AD45924AD4FB294E5823E251BEDCA", "municipio": "Sao Francisco do Sul", "num_area": 5.2341, "mod_fiscal": 0.4362, "des_condic": "Aguardando analise", "ind_status": "AT", "dat_atuali": "02/05/2016"}, "geometry": {"type": "Polygon", "coordinates": [[[-48.621840476989746, -26.387525589154915], [-48.61754894256592, -26.387525589154915], [-48.617634773254395, -26.387160371222755], [-48.61703395843505, -26.387198815270004], [-48.616840839385986, -26.38854434886117], [-48.62126111984253, -26.38846746164972], [-48.621840476989746, -26.387525589154915]]]}}, {"type": "Feature", "properties": {"cod_imovel": "SC-4216206-5428C41ACCD04592BA49A8646576DA09", "municipio": "Sao Francisco do Sul", "num_area": 1368.4175, "mod_fiscal": 114.0348, "des_condic": "Aguardando analise", "ind_status": "AT", "dat_atuali": "29/01/2020"}, "geometry": {"type": "Polygon", "coordinates": [[[-48.553674917999956, -26.249987877999956], [-48.55459179099995, -26.25019113199994], [-48.55574929299996, -26.25075402899995], [-48.55765124299995, -26.252149200999952], [-48.55782946399995, -26.252480315999946], [-48.55846347399995, -26.252821237999967], [-48.558939891999955, -26.253514076999977], [-48.55975896299998, -26.254177114999948], [-48.559895938999944, -26.254656000999944], [-48.55969572799995, -26.25514541399997], [-48.55849665499994, -26.256219242999975], [-48.557643215999974, -26.257647331999976], [-48.55762740599994, -26.258332251999946], [-48.55812839699996, -26.260089317999928], [-48.55884710799995, -26.261193033999973], [-48.56084791599994, -26.26218569599996], [-48.56090948399998, -26.262596547999976], [-48.561715214999936, -26.262614783999936], [-48.563009705999946, -26.26312535699998], [-48.563177903999986, -26.26345393899993], [-48.56303134199993, -26.26375706899995], [-48.56258421899997, -26.263996024999983], [-48.56207645799998, -26.263896097999975], [-48.56172401699996, -26.26417431799996], [-48.56044171499997, -26.264418192999983], [-48.55961993799997, -26.26426816999998], [-48.55908882399996, -26.263843428999962], [-48.558545967999976, -26.26284551699996], [-48.55740014999998, -26.261427417999982], [-48.556674062999946, -26.260024906999945], [-48.556575033999934, -26.258799643999964], [-48.55609411699999, -26.257973696999954], [-48.555524713999944, -26.255077323999956], [-48.554618080999944, -26.253048362999948], [-48.55420342299993, -26.252626345999943], [-48.549393004999956, -26.250718886999948], [-48.54919819299994, -26.250292013999967], [-48.54751668899996, -26.249326818999975], [-48.54415054999998, -26.249902943999928], [-48.541853034999974, -26.24982808699997], [-48.54120757299995, -26.250094193999928], [-48.539886674999934, -26.24988082599998], [-48.53931611899998, -26.249944142999937], [-48.53851137999993, -26.249656958999935], [-48.538335504999964, -26.24932619599997], [-48.535275716999934, -26.248659458999953], [-48.53489532799995, -26.248339888999965], [-48.534478460999935, -26.248569308999947], [-48.53388664999994, -26.24855098599994], [-48.534666253999944, -26.248775585999965], [-48.53551788999994, -26.249503249999975], [-48.53925805399996, -26.250487153999927], [-48.541130360999944, -26.251151086999982], [-48.543429180999965, -26.25228328199995], [-48.54620957099996, -26.254169548999982], [-48.54717827899998, -26.255391032999967], [-48.548111252999945, -26.257827936999945], [-48.54801945999998, -26.25902550799998], [-48.54826641999995, -26.260228267999935], [-48.54906095599995, -26.261280538999983], [-48.550016521999964, -26.26328505099997], [-48.550254518999964, -26.263512137999953], [-48.55160064599994, -26.263697846999946], [-48.554280165999955, -26.264796604999958], [-48.55481577599994, -26.264650416999928], [-48.555772084999944, -26.263923245999933], [-48.556269878999956, -26.263728413999957], [-48.55698586699998, -26.262994719999938], [-48.55735814899998, -26.262953996999954], [-48.557897200999946, -26.26332400499996], [-48.55821895199995, -26.264205140999934], [-48.55794604799996, -26.265739139999937], [-48.55834427499997, -26.266474007999932], [-48.55872699499997, -26.266510683999968], [-48.55942337699997, -26.26688211299995], [-48.56020302199994, -26.26823909199993], [-48.561738197999944, -26.26825652499997], [-48.568439429999955, -26.269529044999956], [-48.569500226999935, -26.269100720999973], [-48.56963584999994, -26.26932213499998], [-48.57182395899997, -26.26958934299995], [-48.57254129699993, -26.270475914999963], [-48.574670613999956, -26.27168222499995], [-48.57572641899998, -26.273114633999967], [-48.57601791999997, -26.274619316999974], [-48.57584192099995, -26.27489719199997], [-48.575308949999965, -26.27514268599998], [-48.57238389099996, -26.27380835499997], [-48.574348372999964, -26.277015405999975], [-48.59893830699997, -26.265181987999938], [-48.59745594999998, -26.26300639799996], [-48.59724419199995, -26.26304310699993], [-48.59657801199995, -26.26104871299998], [-48.60322484799997, -26.250548831999936], [-48.60102740699995, -26.24555354699993], [-48.59559250899997, -26.246434506999947], [-48.595178370999975, -26.24549408699994], [-48.600597962999984, -26.24462110299993], [-48.600278301999936, -26.243880333999982], [-48.599409530999935, -26.243224274999932], [-48.55657070799998, -26.244235188999937], [-48.553674917999956, -26.249987877999956]]]}}, {"type": "Feature", "properties": {"cod_imovel": "SC-4216206-EA022D04C54846F78C81437FEC7C650E", "municipio": "Sao Francisco do Sul", "num_area": 7.0246, "mod_fiscal": 0.5854, "des_condic": "Aguardando analise", "ind_status": "AT", "dat_atuali": "05/05/2016"}, "geometry": {"type": "Polygon", "coordinates": [[[-48.68018388748169, -26.31051597328625], [-48.68059158325195, -26.31088143327549], [-48.6789608001709, -26.31255484060886], [-48.67969036102295, -26.313189574999345], [-48.68162155151367, -26.31270871593193], [-48.681771755218506, -26.30874636124624], [-48.68011951446533, -26.310112042483446], [-48.68018388748169, -26.31051597328625]]]}}, {"type": "Feature", "properties": {"cod_imovel": "SC-4216206-02A9A6A0880E4358A7A3B1B57A7E568A", "municipio": "Sao Francisco do Sul", "num_area": 3.4263, "mod_fiscal": 0.2855, "des_condic": "Aguardando analise", "ind_status": "AT", "dat_atuali": "27/10/2022"}, "geometry": {"type": "Polygon", "coordinates": [[[-48.63874229258062, -26.32312229943336], [-48.63798819399359, -26.32732323568021], [-48.63867868473668, -26.3274866558537], [-48.63946754805151, -26.32299865705331], [-48.63874229258062, -26.32312229943336]]]}}, {"type": "Feature", "properties": {"cod_imovel": "SC-4216206-E49EFAD12B47402AA7CAC45858239100", "municipio": "Sao Francisco do Sul", "num_area": 19.312, "mod_fiscal": 1.6093, "des_condic": "Aguardando analise", "ind_status": "AT", "dat_atuali": "28/04/2015"}, "geometry": {"type": "Polygon", "coordinates": [[[-48.63855600357055, -26.32778750613031], [-48.64027261734009, -26.31978675987049], [-48.63825559616089, -26.31944056125895], [-48.636367321014404, -26.32744133143536], [-48.63855600357055, -26.32778750613031]]]}}, {"type": "Feature", "properties": {"cod_imovel": "SC-4216206-B038C65802AB496E866EFCD7650D0C8B", "municipio": "Sao Francisco do Sul", "num_area": 3.6072, "mod_fiscal": 0.3006, "des_condic": "Aguardando analise", "ind_status": "AT", "dat_atuali": "27/04/2015"}, "geometry": {"type": "Polygon", "coordinates": [[[-48.62053155899048, -26.270173650042306], [-48.61892223358154, -26.27121268414888], [-48.620102405548096, -26.27248260209306], [-48.62169027328491, -26.27150130308348], [-48.62053155899048, -26.270173650042306]]]}}, {"type": "Feature", "properties": {"cod_imovel": "SC-4216206-7DE500B56ABC41878AEF170F1EF5966C", "municipio": "Sao Francisco do Sul", "num_area": 1.1415, "mod_fiscal": 0.0951, "des_condic": "Aguardando analise", "ind_status": "AT", "dat_atuali": "12/08/2019"}, "geometry": {"type": "Polygon", "coordinates": [[[-48.60940565115111, -26.27615596079824], [-48.60727071762085, -26.277215810203163], [-48.60750675201416, -26.277562134924676], [-48.60964196402063, -26.27655391720111], [-48.60940565115111, -26.27615596079824]]]}}, {"type": "Feature", "properties": {"cod_imovel": "SC-4216206-39080F45801D462BA11746914BC67223", "municipio": "Sao Francisco do Sul", "num_area": 1.8684, "mod_fiscal": 0.1557, "des_condic": "Aguardando analise", "ind_status": "AT", "dat_atuali": "28/04/2015"}, "geometry": {"type": "Polygon", "coordinates": [[[-48.631432056427, -26.278870463433666], [-48.62724781036377, -26.280755969747588], [-48.62731218338013, -26.281006085630292], [-48.62741947174072, -26.281083044254963], [-48.631625175476074, -26.279178303291996], [-48.631432056427, -26.278870463433666]]]}}, {"type": "Feature", "properties": {"cod_imovel": "SC-4216206-E85F6C2B6E2C450E9161FA0394F068F4", "municipio": "Sao Francisco do Sul", "num_area": 1.7324, "mod_fiscal": 0.1444, "des_condic": "Aguardando analise", "ind_status": "AT", "dat_atuali": "28/04/2015"}, "geometry": {"type": "Polygon", "coordinates": [[[-48.610382080078125, -26.26624832615308], [-48.60624074935913, -26.26832645533349], [-48.60634803771972, -26.268653564871485], [-48.6105751991272, -26.266517715367534], [-48.610382080078125, -26.26624832615308]]]}}, {"type": "Feature", "properties": {"cod_imovel": "SC-4216206-71921BDEB29B41D0B45618E23B5F4D91", "municipio": "Sao Francisco do Sul", "num_area": 14.5876, "mod_fiscal": 1.2156, "des_condic": "Aguardando analise", "ind_status": "AT", "dat_atuali": "28/04/2015"}, "geometry": {"type": "Polygon", "coordinates": [[[-48.6779522895813, -26.3090156517782], [-48.666279315948486, -26.319613660694067], [-48.666858673095696, -26.3202291232572], [-48.67863893508911, -26.30949652617165], [-48.6779522895813, -26.3090156517782]]]}}, {"type": "Feature", "properties": {"cod_imovel": "SC-4216206-5EC7705B5A234A4DABA77A5E7B01418D", "municipio": "Sao Francisco do Sul", "num_area": 5.4656, "mod_fiscal": 0.4555, "des_condic": "Aguardando analise", "ind_status": "AT", "dat_atuali": "28/04/2015"}, "geometry": {"type": "Polygon", "coordinates": [[[-48.68160009384155, -26.304399156075462], [-48.682007789611816, -26.304803106790597], [-48.68844509124756, -26.299070722033232], [-48.688037395477295, -26.29866675134178], [-48.68160009384155, -26.304399156075462]]]}}, {"type": "Feature", "properties": {"cod_imovel": "SC-4216206-CAA817C75A12441980219D7C4C36B36B", "municipio": "Sao Francisco do Sul", "num_area": 8.9258, "mod_fiscal": 0.7438, "des_condic": "Aguardando analise", "ind_status": "AT", "dat_atuali": "11/10/2016"}, "geometry": {"type": "Polygon", "coordinates": [[[-48.639328479766846, -26.307438369761226], [-48.64492893218994, -26.311073780175278], [-48.64540100097656, -26.30997739856961], [-48.63977909088135, -26.306245776423363], [-48.639328479766846, -26.307438369761226]]]}}, {"type": "Feature", "properties": {"cod_imovel": "SC-4216206-12618846863E450A9E8364FF6D28691F", "municipio": "Sao Francisco do Sul", "num_area": 0.7529, "mod_fiscal": 0.0627, "des_condic": "Aguardando analise", "ind_status": "AT", "dat_atuali": "30/04/2015"}, "geometry": {"type": "Polygon", "coordinates": [[[-48.609373569488525, -26.276273032113746], [-48.609158992767334, -26.27588822252922], [-48.60776424407959, -26.27642695559027], [-48.60793590545654, -26.276850244098036], [-48.609373569488525, -26.276273032113746]]]}}, {"type": "Feature", "properties": {"cod_imovel": "SC-4216206-C124F0F751724500A73A3DDBEAD974CB", "municipio": "Sao Francisco do Sul", "num_area": 7.2605, "mod_fiscal": 0.605, "des_condic": "Aguardando analise", "ind_status": "AT", "dat_atuali": "30/04/2015"}, "geometry": {"type": "Polygon", "coordinates": [[[-48.64089488983154, -26.299128432017103], [-48.64029407501221, -26.300244152725405], [-48.6444354057312, -26.30282181123046], [-48.64548683166504, -26.301956186035163], [-48.64089488983154, -26.299128432017103]]]}}, {"type": "Feature", "properties": {"cod_imovel": "SC-4216206-C0EB739B4F574493AF32FA74E0D40438", "municipio": "Sao Francisco do Sul", "num_area": 4.2282, "mod_fiscal": 0.3524, "des_condic": "Aguardando analise", "ind_status": "AT", "dat_atuali": "30/04/2015"}, "geometry": {"type": "Polygon", "coordinates": [[[-48.610596656799316, -26.26647923123232], [-48.61100435256958, -26.2669987659815], [-48.61441612243652, -26.26549788147405], [-48.61390113830566, -26.264555008206905], [-48.61068248748779, -26.266055904902927], [-48.61083269119263, -26.26634453665857], [-48.610596656799316, -26.26647923123232]]]}}, {"type": "Feature", "properties": {"cod_imovel": "SC-4216206-1F3A728F03F2439C9DDC93911CF277EA", "municipio": "Sao Francisco do Sul", "num_area": 14.521, "mod_fiscal": 1.2101, "des_condic": "Aguardando analise", "ind_status": "AT", "dat_atuali": "04/05/2015"}, "geometry": {"type": "Polygon", "coordinates": [[[-48.66715908050537, -26.320152190615648], [-48.66788864135742, -26.320767650317222], [-48.679347038269036, -26.30984275449933], [-48.67870330810547, -26.30934264658285], [-48.66715908050537, -26.320152190615648]]]}}, {"type": "Feature", "properties": {"cod_imovel": "SC-4216206-31C461486DA74211BEBDA0C148BA86DA", "municipio": "Sao Francisco do Sul", "num_area": 13.5197, "mod_fiscal": 1.1266, "des_condic": "Aguardando analise", "ind_status": "AT", "dat_atuali": "02/05/2015"}, "geometry": {"type": "Polygon", "coordinates": [[[-48.61389168711315, -26.2642210424564], [-48.62023377681454, -26.26150851190898], [-48.61999240546533, -26.26039440205692], [-48.62026605661364, -26.26028392110403], [-48.62038006254625, -26.26004533773901], [-48.61967907210673, -26.25989388694099], [-48.6131087524414, -26.26270375571851], [-48.61389168711315, -26.2642210424564]]]}}, {"type": "Feature", "properties": {"cod_imovel": "SC-4216206-9FD324276943454E8DAA84149E3640F9", "municipio": "Sao Francisco do Sul", "num_area": 0.1034, "mod_fiscal": 0.0086, "des_condic": "Aguardando analise", "ind_status": "AT", "dat_atuali": "04/05/2015"}, "geometry": {"type": "Polygon", "coordinates": [[[-48.65428447723389, -26.337768431326896], [-48.65389823913574, -26.337768431326896], [-48.65389823913574, -26.33801842418553], [-48.65434885025024, -26.33796073357377], [-48.65428447723389, -26.337768431326896]]]}}, {"type": "Feature", "properties": {"cod_imovel": "SC-4216206-F1CAC55C4E6641E19FCD2970CE79944D", "municipio": "Sao Francisco do Sul", "num_area": 0.776, "mod_fiscal": 0.0647, "des_condic": "Aguardando analise", "ind_status": "AT", "dat_atuali": "28/04/2015"}, "geometry": {"type": "Polygon", "coordinates": [[[-48.63797664642334, -26.327806738027466], [-48.637869358062744, -26.32765288276081], [-48.636431694030755, -26.3268259072], [-48.63623857498169, -26.32744133143536], [-48.63797664642334, -26.327806738027466]]]}}, {"type": "Feature", "properties": {"cod_imovel": "SC-4216206-CB3C016B723C40D18DBFA1D51E35A241", "municipio": "Sao Francisco do Sul", "num_area": 1.9537, "mod_fiscal": 0.1628, "des_condic": "Aguardando analise", "ind_status": "AT", "dat_atuali": "11/05/2015"}, "geometry": {"type": "Polygon", "coordinates": [[[-48.60651969909668, -26.26884598181622], [-48.61055374145508, -26.268249488249435], [-48.610360622406006, -26.268037828505136], [-48.610639572143555, -26.267903135739658], [-48.61029624938964, -26.267691475363897], [-48.60963106155395, -26.267922377572866], [-48.609395027160645, -26.26761450785885], [-48.60651969909668, -26.26884598181622]]]}}, {"type": "Feature", "properties": {"cod_imovel": "SC-4216206-7C976F02AAE8416387B00D035A9C1B8B", "municipio": "Sao Francisco do Sul", "num_area": 0.7529, "mod_fiscal": 0.0627, "des_condic": "Aguardando analise", "ind_status": "AT", "dat_atuali": "12/05/2015"}, "geometry": {"type": "Polygon", "coordinates": [[[-48.609158992767334, -26.275868982016505], [-48.6090087890625, -26.275426449343524], [-48.60765695571899, -26.275965184548205], [-48.60778570175171, -26.276388474740276], [-48.609158992767334, -26.275868982016505]]]}}, {"type": "Feature", "properties": {"cod_imovel": "SC-4216206-9074FA6F5D1244F598D148FA11397D31", "municipio": "Sao Francisco do Sul", "num_area": 7.2872, "mod_fiscal": 0.6073, "des_condic": "Aguardando analise", "ind_status": "AT", "dat_atuali": "12/06/2015"}, "geometry": {"type": "Polygon", "coordinates": [[[-48.631174564361565, -26.31405511629157], [-48.63072395324707, -26.31449750156608], [-48.64001512527466, -26.319536727643726], [-48.6405086517334, -26.31907512826865], [-48.631174564361565, -26.31405511629157]]]}}, {"type": "Feature", "properties": {"cod_imovel": "SC-4216206-CA9A7491C2F34721A72F2F9155C7A639", "municipio": "Sao Francisco do Sul", "num_area": 0.8171, "mod_fiscal": 0.0681, "des_condic": "Aguardando analise", "ind_status": "AT", "dat_atuali": "09/06/2015"}, "geometry": {"type": "Polygon", "coordinates": [[[-48.62928628921509, -26.27777377730122], [-48.631861209869385, -26.278447182294954], [-48.63198995590209, -26.278254781266934], [-48.63151788711548, -26.277850738069727], [-48.6309814453125, -26.2780046594536], [-48.630573749542236, -26.277677576268818], [-48.63027334213257, -26.277850738069727], [-48.63001585006713, -26.27742745321134], [-48.62928628921509, -26.27777377730122]]]}}, {"type": "Feature", "properties": {"cod_imovel": "SC-4216206-19A06832DE4A4610B86795BADBFE6714", "municipio": "Sao Francisco do Sul", "num_area": 83.3238, "mod_fiscal": 6.9436, "des_condic": "Aguardando analise", "ind_status": "AT", "dat_atuali": "26/11/2017"}, "geometry": {"type": "Polygon", "coordinates": [[[-48.65200996398926, -26.33469155192331], [-48.65106582641601, -26.333153081549757], [-48.64844799041748, -26.3342300129582], [-48.645057678222656, -26.335999235663973], [-48.64188194274902, -26.338768399521488], [-48.64239692687988, -26.339268380378776], [-48.64325523376465, -26.33976835907605], [-48.64372730255127, -26.340883688385993], [-48.644070625305176, -26.34196054786467], [-48.64398479461669, -26.344344986761865], [-48.64480018615723, -26.345114150117748], [-48.646602630615234, -26.346229427901257], [-48.648576736450195, -26.345344898127436], [-48.649907112121575, -26.343806569370383], [-48.65067958831787, -26.342152843145634], [-48.65200996398926, -26.34203746601541], [-48.65213871002197, -26.339652979568402], [-48.6509370803833, -26.339614519706952], [-48.64973545074462, -26.339076080304682], [-48.64969253540039, -26.338229956182605], [-48.649907112121575, -26.33719152266914], [-48.65076541900635, -26.335883852398766], [-48.65200996398926, -26.33469155192331]]]}}, {"type": "Feature", "properties": {"cod_imovel": "SC-4216206-0D43BCEE050240548E49128AECEF7C35", "municipio": "Sao Francisco do Sul", "num_area": 1.9231, "mod_fiscal": 0.1603, "des_condic": "Aguardando analise", "ind_status": "AT", "dat_atuali": "29/12/2017"}, "geometry": {"type": "Polygon", "coordinates": [[[-48.65227818489075, -26.33905685027969], [-48.65096926689148, -26.33947991009125], [-48.65094780921936, -26.3393260703387], [-48.64914536476135, -26.339749129166094], [-48.649059534072876, -26.340095267056366], [-48.65220308303832, -26.339883738468664], [-48.65227818489075, -26.33905685027969]]]}}, {"type": "Feature", "properties": {"cod_imovel": "SC-4216206-1DC52F4F08934B70A1E7D0A169250D5C", "municipio": "Sao Francisco do Sul", "num_area": 0.5023, "mod_fiscal": 0.0419, "des_condic": "Aguardando analise", "ind_status": "AT", "dat_atuali": "12/06/2015"}, "geometry": {"type": "Polygon", "coordinates": [[[-48.61969470977783, -26.36407241007821], [-48.6193299293518, -26.363726343934218], [-48.618621826171875, -26.364360797740176], [-48.6189866065979, -26.3646684104533], [-48.61969470977783, -26.36407241007821]]]}}, {"type": "Feature", "properties": {"cod_imovel": "SC-4216206-D588439885BB4D5CABD734634F287AE2", "municipio": "Sao Francisco do Sul", "num_area": 11.0307, "mod_fiscal": 0.9192, "des_condic": "Aguardando analise", "ind_status": "AT", "dat_atuali": "20/04/2015"}, "geometry": {"type": "Polygon", "coordinates": [[[-48.64396333694458, -26.32882602400533], [-48.64540100097656, -26.329114499539724], [-48.647074699401855, -26.322075491324277], [-48.64570140838623, -26.322056258475275], [-48.64396333694458, -26.32882602400533]]]}}, {"type": "Feature", "properties": {"cod_imovel": "SC-4216206-E31CB822D1994F8F9DA07178FF5BE8C0", "municipio": "Sao Francisco do Sul", "num_area": 0.5285, "mod_fiscal": 0.044, "des_condic": "Aguardando analise", "ind_status": "AT", "dat_atuali": "12/12/2016"}, "geometry": {"type": "Polygon", "coordinates": [[[-48.59310865402222, -26.2961851862136], [-48.59272241592407, -26.295550358695888], [-48.592164516448975, -26.295838917089355], [-48.59231472015381, -26.296473743027192], [-48.59310865402222, -26.2961851862136]]]}}, {"type": "Feature", "properties": {"cod_imovel": "SC-4216206-C85DE6A5FC274A79AB1D6B9CF89C4933", "municipio": "Sao Francisco do Sul", "num_area": 10.327, "mod_fiscal": 0.8606, "des_condic": "Aguardando analise", "ind_status": "AT", "dat_atuali": "27/04/2016"}, "geometry": {"type": "Polygon", "coordinates": [[[-48.68520498275757, -26.331095345462927], [-48.68286609649658, -26.32269094080569], [-48.680570125579834, -26.322806337219347], [-48.68265151977539, -26.32601815792721], [-48.68267297744751, -26.326633586455642], [-48.68520498275757, -26.331095345462927]]]}}, {"type": "Feature", "properties": {"cod_imovel": "SC-4216206-38E4829D876445C1AF3CE60E002072BC", "municipio": "Sao Francisco do Sul", "num_area": 9.6069, "mod_fiscal": 0.8006, "des_condic": "Aguardando analise", "ind_status": "AT", "dat_atuali": "16/03/2016"}, "geometry": {"type": "Polygon", "coordinates": [[[-48.64653825759888, -26.279043623454466], [-48.63527297973632, -26.28539264576414], [-48.63553047180176, -26.286046767713405], [-48.646581172943115, -26.279774740693455], [-48.64653825759888, -26.279043623454466]]]}}, {"type": "Feature", "properties": {"cod_imovel": "SC-4216206-A54913F56EE046158E21E613CC9C9A54", "municipio": "Sao Francisco do Sul", "num_area": 5.1705, "mod_fiscal": 0.4309, "des_condic": "Aguardando analise", "ind_status": "AT", "dat_atuali": "21/05/2019"}, "geometry": {"type": "Polygon", "coordinates": [[[-48.60106330526058, -26.3288927672485], [-48.59490462402396, -26.32794339228093], [-48.59478671798666, -26.32840496575738], [-48.59370464399351, -26.32823883049257], [-48.59366711784323, -26.32841543581919], [-48.60072771946791, -26.32962541746742], [-48.60106330526058, -26.3288927672485]]]}}, {"type": "Feature", "properties": {"cod_imovel": "SC-4216206-82808BB43F53486AAB609EF80E3E884D", "municipio": "Sao Francisco do Sul", "num_area": 3.5044, "mod_fiscal": 0.292, "des_condic": "Aguardando analise", "ind_status": "AT", "dat_atuali": "27/04/2015"}, "geometry": {"type": "Polygon", "coordinates": [[[-48.631131649017334, -26.352017162338438], [-48.62767696380615, -26.35280550242754], [-48.627827167510986, -26.353651519960387], [-48.631603717803955, -26.352767046938094], [-48.631131649017334, -26.352017162338438]]]}}, {"type": "Feature", "properties": {"cod_imovel": "SC-4216206-2815EA27C518450AA730116E9A2C7E18", "municipio": "Sao Francisco do Sul", "num_area": 0.4443, "mod_fiscal": 0.037, "des_condic": "Aguardando analise", "ind_status": "AT", "dat_atuali": "16/06/2015"}, "geometry": {"type": "Polygon", "coordinates": [[[-48.61169099807739, -26.2585704707975], [-48.61130475997925, -26.2580316548687], [-48.61104726791382, -26.25868593102844], [-48.61074686050415, -26.258897607820398], [-48.6110258102417, -26.259128527517074], [-48.61169099807739, -26.2585704707975]]]}}, {"type": "Feature", "properties": {"cod_imovel": "SC-4216206-7A444A011C064E98B28582FB46B9CC82", "municipio": "Sao Francisco do Sul", "num_area": 5.603, "mod_fiscal": 0.4669, "des_condic": "Aguardando analise", "ind_status": "AT", "dat_atuali": "20/04/2016"}, "geometry": {"type": "Polygon", "coordinates": [[[-48.60658407211304, -26.2695579217386], [-48.60673427581787, -26.27075089236083], [-48.610875606536865, -26.270539237177335], [-48.610897064208984, -26.270269857294725], [-48.61048936843872, -26.270250615850614], [-48.61055374145508, -26.269192331513036], [-48.60658407211304, -26.2695579217386]]]}}, {"type": "Feature", "properties": {"cod_imovel": "SC-4216206-19F5DD40EC7744B882B72D1063FE55F1", "municipio": "Sao Francisco do Sul", "num_area": 6.5336, "mod_fiscal": 0.5445, "des_condic": "Aguardando analise", "ind_status": "AT", "dat_atuali": "20/04/2016"}, "geometry": {"type": "Polygon", "coordinates": [[[-48.678274154663086, -26.30934264658285], [-48.67915391921997, -26.309996633424017], [-48.682823181152344, -26.306207305466202], [-48.6819863319397, -26.305668710725158], [-48.68235111236572, -26.305264763026855], [-48.68222236633301, -26.305187820448502], [-48.678274154663086, -26.30934264658285]]]}}, {"type": "Feature", "properties": {"cod_imovel": "SC-4216206-79B0A5F6610745B4949A693D073E9F8A", "municipio": "Sao Francisco do Sul", "num_area": 20.1981, "mod_fiscal": 1.6832, "des_condic": "Aguardando analise", "ind_status": "AT", "dat_atuali": "06/11/2017"}, "geometry": {"type": "Polygon", "coordinates": [[[-48.61565169815826, -26.44375505556219], [-48.61055374145508, -26.440220186907204], [-48.6101684155277, -26.4449545805833], [-48.61228430207422, -26.44645796600587], [-48.61565169815826, -26.44375505556219]]]}}, {"type": "Feature", "properties": {"cod_imovel": "SC-4216206-AE50F149405247E89E389D624895C052", "municipio": "Sao Francisco do Sul", "num_area": 5.8673, "mod_fiscal": 0.4889, "des_condic": "Aguardando analise", "ind_status": "AT", "dat_atuali": "04/05/2016"}, "geometry": {"type": "Polygon", "coordinates": [[[-48.64257264371454, -26.27349919893393], [-48.64102104056254, -26.27435297777356], [-48.640598772782, -26.27531553078889], [-48.63830343865881, -26.27760704459542], [-48.64213670093155, -26.2757795138387], [-48.64276038646437, -26.27477711860322], [-48.64260443619216, -26.27452616890382], [-48.64315684002199, -26.27425431864043], [-48.64257264371454, -26.27349919893393]]]}}, {"type": "Feature", "properties": {"cod_imovel": "SC-4216206-C7F9FA6273BC4B34A01DC8FD5AEB34D2", "municipio": "Sao Francisco do Sul", "num_area": 0.2329, "mod_fiscal": 0.0194, "des_condic": "Aguardando analise", "ind_status": "AT", "dat_atuali": "04/05/2016"}, "geometry": {"type": "Polygon", "coordinates": [[[-48.64319086074829, -26.32882602400533], [-48.64280462265015, -26.33040301481812], [-48.64293336868286, -26.330422246280826], [-48.643319606781006, -26.328845255729984], [-48.64319086074829, -26.32882602400533]]]}}, {"type": "Feature", "properties": {"cod_imovel": "SC-4216206-549368499D764A5AA34EFF1E1441193D", "municipio": "Sao Francisco do Sul", "num_area": 0.8347, "mod_fiscal": 0.0696, "des_condic": "Aguardando analise", "ind_status": "AT", "dat_atuali": "21/09/2017"}, "geometry": {"type": "Polygon", "coordinates": [[[-48.62900733947754, -26.361592246488165], [-48.62922191619873, -26.361246172920033], [-48.627848625183105, -26.36076551346801], [-48.62799882888794, -26.36103468300732], [-48.62765550613403, -26.361073135747493], [-48.62769842147827, -26.36153456763209], [-48.62900733947754, -26.361592246488165]]]}}, {"type": "Feature", "properties": {"cod_imovel": "SC-4216206-F03D21498C0D4022B08AF97D43F5BDF2", "municipio": "Sao Francisco do Sul", "num_area": 10.9942, "mod_fiscal": 0.9162, "des_condic": "Aguardando analise", "ind_status": "AT", "dat_atuali": "11/02/2021"}, "geometry": {"type": "Polygon", "coordinates": [[[-48.61238722673658, -26.33133583344447], [-48.61076282436812, -26.32870209831567], [-48.60955690995119, -26.32958410872078], [-48.60852492587933, -26.32959155245869], [-48.6106746135099, -26.33347123282957], [-48.61182444779805, -26.33332017190817], [-48.61238722673658, -26.33133583344447]]]}}, {"type": "Feature", "properties": {"cod_imovel": "SC-4216206-30A71C2A2C8942869273259698EDE71B", "municipio": "Sao Francisco do Sul", "num_area": 28.314, "mod_fiscal": 2.3595, "des_condic": "Aguardando analise", "ind_status": "AT", "dat_atuali": "02/08/2015"}, "geometry": {"type": "Polygon", "coordinates": [[[-48.63024966, -26.33680139], [-48.6295451, -26.33764963], [-48.63546438, -26.34060343], [-48.63513881, -26.34138537], [-48.64036532, -26.34189973], [-48.64073782, -26.33982419], [-48.6367683, -26.33770719], [-48.63668312, -26.33824134], [-48.63443203, -26.33713005], [-48.63372955, -26.33841533], [-48.63024966, -26.33680139]]]}}, {"type": "Feature", "properties": {"cod_imovel": "SC-4216206-70F68E97C4134B43AF462AF906E5C5C6", "municipio": "Sao Francisco do Sul", "num_area": 4.3715, "mod_fiscal": 0.3643, "des_condic": "Aguardando analise", "ind_status": "AT", "dat_atuali": "23/03/2016"}, "geometry": {"type": "Polygon", "coordinates": [[[-48.586950302124016, -26.28348797555299], [-48.58710050582885, -26.28462308580744], [-48.58989000320434, -26.28356493253137], [-48.58971834182739, -26.283295582883685], [-48.590726852416985, -26.282930035933006], [-48.59083414077759, -26.282622206028563], [-48.590726852416985, -26.282487530188522], [-48.59027624130249, -26.282602966632414], [-48.590147495269775, -26.282256656956186], [-48.586950302124016, -26.28348797555299]]]}}, {"type": "Feature", "properties": {"cod_imovel": "SC-4216206-6E3057FF53014D61B49B26661D93BA54", "municipio": "Sao Francisco do Sul", "num_area": 0.0372, "mod_fiscal": 0.0031, "des_condic": "Aguardando analise", "ind_status": "AT", "dat_atuali": "30/07/2018"}, "geometry": {"type": "Polygon", "coordinates": [[[-48.60326965233247, -26.27518267403385], [-48.60314674207633, -26.27496585003633], [-48.6029577255249, -26.275060877601778], [-48.60317576335499, -26.27526797838895], [-48.60326965233247, -26.27518267403385]]]}}, {"type": "Feature", "properties": {"cod_imovel": "SC-4216206-9E2C371249454872977C9584F4502BF8", "municipio": "Sao Francisco do Sul", "num_area": 7.2503, "mod_fiscal": 0.6042, "des_condic": "Aguardando analise", "ind_status": "AT", "dat_atuali": "25/09/2017"}, "geometry": {"type": "Polygon", "coordinates": [[[-48.64462852478027, -26.29224150445826], [-48.64417791366577, -26.293184152782892], [-48.64909172058105, -26.297089328496067], [-48.64967107772827, -26.296204423356837], [-48.64462852478027, -26.29224150445826]]]}}, {"type": "Feature", "properties": {"cod_imovel": "SC-4216206-891D2C82F2AD4C99A099EC2AF0B131DE", "municipio": "Sao Francisco do Sul", "num_area": 2.325, "mod_fiscal": 0.1938, "des_condic": "Aguardando analise", "ind_status": "AT", "dat_atuali": "28/11/2016"}, "geometry": {"type": "Polygon", "coordinates": [[[-48.64459734823184, -26.3094385733065], [-48.6448860168457, -26.30876559630499], [-48.64199987210139, -26.30681249498397], [-48.64245973797829, -26.30794064181967], [-48.64459734823184, -26.3094385733065]]]}}, {"type": "Feature", "properties": {"cod_imovel": "SC-4216206-468378FA97A64FD9AA524B377FDE244E", "municipio": "Sao Francisco do Sul", "num_area": 57.093, "mod_fiscal": 4.7578, "des_condic": "Aguardando analise", "ind_status": "AT", "dat_atuali": "12/12/2019"}, "geometry": {"type": "Polygon", "coordinates": [[[-48.59487422497384, -26.32865130261653], [-48.59039218545066, -26.33066170760238], [-48.58862283233754, -26.33219302490473], [-48.58809477548683, -26.33541537863634], [-48.5891690265002, -26.33784643051099], [-48.59940566584307, -26.33240300333481], [-48.59629716772933, -26.33098390817259], [-48.59487422497384, -26.32865130261653]]]}}, {"type": "Feature", "properties": {"cod_imovel": "SC-4216206-7F46A7C0D182481F8CA47D7553FC6C5D", "municipio": "Sao Francisco do Sul", "num_area": 2.7117, "mod_fiscal": 0.226, "des_condic": "Aguardando analise", "ind_status": "AT", "dat_atuali": "16/03/2016"}, "geometry": {"type": "Polygon", "coordinates": [[[-48.662781715393066, -26.27419504519902], [-48.662395477294915, -26.273906432962683], [-48.65898370742798, -26.277388972693107], [-48.65915536880493, -26.277562134924676], [-48.65945577621459, -26.27735049216211], [-48.65964889526367, -26.277504414209524], [-48.662781715393066, -26.27419504519902]]]}}, {"type": "Feature", "properties": {"cod_imovel": "SC-4216206-B2341BC7BF024640816B6B766B112BCB", "municipio": "Sao Francisco do Sul", "num_area": 0.3451, "mod_fiscal": 0.0288, "des_condic": "Aguardando analise", "ind_status": "AT", "dat_atuali": "16/08/2016"}, "geometry": {"type": "Polygon", "coordinates": [[[-48.64409652782484, -26.29409032270156], [-48.64460533853317, -26.29481029590263], [-48.64476615869116, -26.29427561007571], [-48.64434200759494, -26.29381904101682], [-48.64409652782484, -26.29409032270156]]]}}, {"type": "Feature", "properties": {"cod_imovel": "SC-4216206-0287169DE86943D6BE6ADFF39A0563CD", "municipio": "Sao Francisco do Sul", "num_area": 11.616, "mod_fiscal": 0.968, "des_condic": "Cancelado por decisao administrativa", "ind_status": "CA", "dat_atuali": "15/08/2016"}, "geometry": {"type": "Polygon", "coordinates": [[[-48.64244219251949, -26.33791616608478], [-48.640473883147635, -26.336023348544526], [-48.63676086103228, -26.334309582014352], [-48.63777859865204, -26.33718532358926], [-48.64145441663422, -26.338738808994417], [-48.64244219251949, -26.33791616608478]]]}}, {"type": "Feature", "properties": {"cod_imovel": "SC-4216206-5BD0904D3A0648B3AF8F69039919D270", "municipio": "Sao Francisco do Sul", "num_area": 0.4437, "mod_fiscal": 0.037, "des_condic": "Aguardando analise", "ind_status": "AT", "dat_atuali": "18/12/2017"}, "geometry": {"type": "Polygon", "coordinates": [[[-48.62458705902099, -26.365206730731625], [-48.62327814102172, -26.364014732459474], [-48.62310647964477, -26.3641685393788], [-48.624415397644036, -26.365360536064987], [-48.62458705902099, -26.365206730731625]]]}}, {"type": "Feature", "properties": {"cod_imovel": "SC-4216206-380918B1F886483880CE19124965E1A0", "municipio": "Sao Francisco do Sul", "num_area": 5.3204, "mod_fiscal": 0.4434, "des_condic": "Aguardando analise", "ind_status": "AT", "dat_atuali": "17/10/2016"}, "geometry": {"type": "Polygon", "coordinates": [[[-48.639624357033696, -26.306800217653603], [-48.63959959778379, -26.30527762611543], [-48.636793030144936, -26.30331934816563], [-48.63595727583219, -26.304194734933162], [-48.639624357033696, -26.306800217653603]]]}}, {"type": "Feature", "properties": {"cod_imovel": "SC-4216206-036BF7F4DEB64BF4B1EE88AAA92828FD", "municipio": "Sao Francisco do Sul", "num_area": 0.0579, "mod_fiscal": 0.0048, "des_condic": "Aguardando analise", "ind_status": "AT", "dat_atuali": "05/01/2023"}, "geometry": {"type": "Polygon", "coordinates": [[[-48.59644849636008, -26.2940836299214], [-48.59620581793138, -26.29423946847032], [-48.59636325802254, -26.29435234284325], [-48.59660903260153, -26.29419642680756], [-48.59644849636008, -26.2940836299214]]]}}, {"type": "Feature", "properties": {"cod_imovel": "SC-4216206-1F675035AF0040B4B5D3E16BC1ED9508", "municipio": "Sao Francisco do Sul", "num_area": 5.1705, "mod_fiscal": 0.4309, "des_condic": "Aguardando analise", "ind_status": "AT", "dat_atuali": "03/07/2018"}, "geometry": {"type": "Polygon", "coordinates": [[[-48.641220028877385, -26.304897428898315], [-48.64199925193968, -26.306811944423178], [-48.64462497410947, -26.30861922407857], [-48.64530785656404, -26.30768481349285], [-48.641220028877385, -26.304897428898315]]]}}, {"type": "Feature", "properties": {"cod_imovel": "SC-4216206-BA4F81546D714841B174BB2D241A049B", "municipio": "Sao Francisco do Sul", "num_area": 2.52, "mod_fiscal": 0.21, "des_condic": "Aguardando analise", "ind_status": "AT", "dat_atuali": "05/05/2015"}, "geometry": {"type": "Polygon", "coordinates": [[[-48.63250494003296, -26.353766885508108], [-48.631882667541504, -26.35292086881914], [-48.62778425216675, -26.35378611308822], [-48.627848625183105, -26.353939933613933], [-48.63027334213257, -26.353497699051072], [-48.6304235458374, -26.35417066401893], [-48.63250494003296, -26.353766885508108]]]}}, {"type": "Feature", "properties": {"cod_imovel": "SC-4216206-A6F6B889A4044074B05B94FE494C40AE", "municipio": "Sao Francisco do Sul", "num_area": 0.5151, "mod_fiscal": 0.0429, "des_condic": "Aguardando analise", "ind_status": "AT", "dat_atuali": "28/04/2015"}, "geometry": {"type": "Polygon", "coordinates": [[[-48.62550973892212, -26.364572281568375], [-48.625917434692376, -26.364206991076657], [-48.62527370452881, -26.363610988322662], [-48.624887466430664, -26.363957054811987], [-48.62550973892212, -26.364572281568375]]]}}, {"type": "Feature", "properties": {"cod_imovel": "SC-4216206-761E87F386BB4537B9BB240E7223E708", "municipio": "Sao Francisco do Sul", "num_area": 4.2536, "mod_fiscal": 0.3545, "des_condic": "Aguardando analise", "ind_status": "AT", "dat_atuali": "29/04/2015"}, "geometry": {"type": "Polygon", "coordinates": [[[-48.59328031539917, -26.290048374624245], [-48.59336614608765, -26.290240756093674], [-48.611261844635, -26.28250676960382], [-48.611154556274414, -26.282352854192162], [-48.59328031539917, -26.290048374624245]]]}}, {"type": "Feature", "properties": {"cod_imovel": "SC-4216206-8D3729A3C92540B1B06AFE7CA482AF4A", "municipio": "Sao Francisco do Sul", "num_area": 2.0565, "mod_fiscal": 0.1714, "des_condic": "Aguardando analise", "ind_status": "AT", "dat_atuali": "28/04/2016"}, "geometry": {"type": "Polygon", "coordinates": [[[-48.62042427062988, -26.262611510581735], [-48.620445728302, -26.26226514125311], [-48.614909648895264, -26.264631977740205], [-48.61493110656738, -26.26495909768753], [-48.62042427062988, -26.262611510581735]]]}}, {"type": "Feature", "properties": {"cod_imovel": "SC-4216206-4AEA105FCEC641D986A4D0F555FA5422", "municipio": "Sao Francisco do Sul", "num_area": 5.7598, "mod_fiscal": 0.48, "des_condic": "Aguardando analise", "ind_status": "AT", "dat_atuali": "30/07/2015"}, "geometry": {"type": "Polygon", "coordinates": [[[-48.6281677, -26.3550721], [-48.62850057, -26.35653453], [-48.63010078, -26.35597253], [-48.63146028, -26.35570895], [-48.6317516, -26.35548971], [-48.63249285, -26.35415008], [-48.6281677, -26.3550721]]]}}, {"type": "Feature", "properties": {"cod_imovel": "SC-4216206-E5A165BBF61A49BEA6DFC2A432723F37", "municipio": "Sao Francisco do Sul", "num_area": 10.7358, "mod_fiscal": 0.8947, "des_condic": "Aguardando analise", "ind_status": "AT", "dat_atuali": "18/04/2016"}, "geometry": {"type": "Polygon", "coordinates": [[[-48.6824369430542, -26.335306934347457], [-48.683123588562005, -26.334537705806078], [-48.675291538238525, -26.32888371916971], [-48.67460489273071, -26.32959529049982], [-48.6824369430542, -26.335306934347457]]]}}, {"type": "Feature", "properties": {"cod_imovel": "SC-4216206-10B0F5111F7D47B3A96D55C06B82AF30", "municipio": "Sao Francisco do Sul", "num_area": 29.6383, "mod_fiscal": 2.4699, "des_condic": "Cancelado por decisao administrativa", "ind_status": "CA", "dat_atuali": "15/08/2016"}, "geometry": {"type": "Polygon", "coordinates": [[[-48.63504880677184, -26.329465608936495], [-48.63169458437257, -26.330259665919513], [-48.63155886336285, -26.334204311623534], [-48.637778598651295, -26.337185323588592], [-48.63504880677184, -26.329465608936495]]]}}, {"type": "Feature", "properties": {"cod_imovel": "SC-4216206-715585A8D62D449DA515FE267DBDF6F7", "municipio": "Sao Francisco do Sul", "num_area": 4.0, "mod_fiscal": 0.3333, "des_condic": "Cancelado por decisao administrativa", "ind_status": "CA", "dat_atuali": "15/08/2016"}, "geometry": {"type": "Polygon", "coordinates": [[[-48.64253269911824, -26.330487681061594], [-48.63492546985882, -26.329045881208437], [-48.63504880677183, -26.329465608936452], [-48.642363205993725, -26.331027514513597], [-48.64253269911824, -26.330487681061594]]]}}, {"type": "Feature", "properties": {"cod_imovel": "SC-4216206-457BCA172C4F4778847BB4658F3E9515", "municipio": "Sao Francisco do Sul", "num_area": 2.8539, "mod_fiscal": 0.2378, "des_condic": "Aguardando analise", "ind_status": "AT", "dat_atuali": "02/05/2015"}, "geometry": {"type": "Polygon", "coordinates": [[[-48.61310147163678, -26.26271269088761], [-48.61968477614406, -26.25989451723529], [-48.6203855994585, -26.26004577810648], [-48.62054557436015, -26.25975744607308], [-48.61966419191489, -26.2595678092761], [-48.61295392270379, -26.26241725510727], [-48.61310147163678, -26.26271269088761]]]}}, {"type": "Feature", "properties": {"cod_imovel": "SC-4216206-EB1A6FAA5DCB4774A84C0E4D0D5F120E", "municipio": "Sao Francisco do Sul", "num_area": 5.8, "mod_fiscal": 0.4833, "des_condic": "Aguardando analise", "ind_status": "AT", "dat_atuali": "27/09/2016"}, "geometry": {"type": "Polygon", "coordinates": [[[-48.62231254577637, -26.37485761889207], [-48.621475696563714, -26.375222875722628], [-48.62501621246338, -26.38054780470499], [-48.62550973892212, -26.379855770048763], [-48.62231254577637, -26.37485761889207]]]}}, {"type": "Feature", "properties": {"cod_imovel": "SC-4216206-95ABEB1A6BEC49BD99773E17454AB7AA", "municipio": "Sao Francisco do Sul", "num_area": 13.2665, "mod_fiscal": 1.1055, "des_condic": "Aguardando analise", "ind_status": "AT", "dat_atuali": "02/05/2015"}, "geometry": {"type": "Polygon", "coordinates": [[[-48.6049878999473, -26.26808923402246], [-48.61365144140407, -26.26376076015594], [-48.61308583967152, -26.26266715990786], [-48.60442126715399, -26.26698824780982], [-48.6049878999473, -26.26808923402246]]]}}, {"type": "Feature", "properties": {"cod_imovel": "SC-4216206-67403ABD4F024728AF165086D0115FC7", "municipio": "Sao Francisco do Sul", "num_area": 2.8595, "mod_fiscal": 0.2383, "des_condic": "Aguardando analise", "ind_status": "AT", "dat_atuali": "04/05/2015"}, "geometry": {"type": "Polygon", "coordinates": [[[-48.63123893737793, -26.278870463433666], [-48.6329984664917, -26.281102283903156], [-48.63366365432739, -26.280679010905978], [-48.63226890563965, -26.27842794220651], [-48.63123893737793, -26.278870463433666]]]}}, {"type": "Feature", "properties": {"cod_imovel": "SC-4216206-2368A6608F5D4710A6EC752C8097CC58", "municipio": "Sao Francisco do Sul", "num_area": 1.4609, "mod_fiscal": 0.1217, "des_condic": "Aguardando analise", "ind_status": "AT", "dat_atuali": "13/08/2015"}, "geometry": {"type": "Polygon", "coordinates": [[[-48.625102043151855, -26.364860667983333], [-48.62306356430054, -26.36305343457753], [-48.62272024154663, -26.363399502735884], [-48.62422227859497, -26.36480299075789], [-48.624329566955566, -26.36470686198488], [-48.62478017807007, -26.36512982798819], [-48.625102043151855, -26.364860667983333]]]}}, {"type": "Feature", "properties": {"cod_imovel": "SC-4216206-CE698AB1DCA045FE82E070736412EFE4", "municipio": "Sao Francisco do Sul", "num_area": 21.1672, "mod_fiscal": 1.7639, "des_condic": "Aguardando analise", "ind_status": "AT", "dat_atuali": "15/02/2017"}, "geometry": {"type": "Polygon", "coordinates": [[[-48.68222236633301, -26.3338838575267], [-48.68245840072631, -26.33319154355831], [-48.67690086364746, -26.32542195842115], [-48.67471218109131, -26.328075984252173], [-48.68222236633301, -26.3338838575267]]]}}, {"type": "Feature", "properties": {"cod_imovel": "SC-4216206-7B2C752DFF4448DC8770D886B227DE46", "municipio": "Sao Francisco do Sul", "num_area": 4.1982, "mod_fiscal": 0.3499, "des_condic": "Aguardando analise", "ind_status": "AT", "dat_atuali": "15/02/2017"}, "geometry": {"type": "Polygon", "coordinates": [[[-48.68273735046387, -26.332883847132194], [-48.6775016784668, -26.325345029229037], [-48.67722272872925, -26.325652745690853], [-48.6824369430542, -26.33319154355831], [-48.68273735046387, -26.332883847132194]]]}}, {"type": "Feature", "properties": {"cod_imovel": "SC-4216206-562BA7055CCE41FBA10A85795D01F0C7", "municipio": "Sao Francisco do Sul", "num_area": 0.1653, "mod_fiscal": 0.0138, "des_condic": "Aguardando analise", "ind_status": "AT", "dat_atuali": "05/08/2015"}, "geometry": {"type": "Polygon", "coordinates": [[[-48.60671281814575, -26.27286742296943], [-48.60694885253906, -26.272732735807836], [-48.606648445129395, -26.272251708954812], [-48.6064338684082, -26.27238639667461], [-48.60671281814575, -26.27286742296943]]]}}, {"type": "Feature", "properties": {"cod_imovel": "SC-4216206-201CDB0815F4492F843DF0B395981DAE", "municipio": "Sao Francisco do Sul", "num_area": 8.3317, "mod_fiscal": 0.6943, "des_condic": "Aguardando analise", "ind_status": "AT", "dat_atuali": "22/06/2017"}, "geometry": {"type": "Polygon", "coordinates": [[[-48.64753375291344, -26.329695888220677], [-48.64626599648475, -26.32941127221375], [-48.64596535284682, -26.330974219255957], [-48.643350747082245, -26.334675833193206], [-48.64754090556974, -26.332511399817335], [-48.64674190609468, -26.33173492446721], [-48.647430917030825, -26.331169754273994], [-48.64753375291344, -26.329695888220677]]]}}, {"type": "Feature", "properties": {"cod_imovel": "SC-4216206-03E84EA0471E42E583862556531AF796", "municipio": "Sao Francisco do Sul", "num_area": 5.9959, "mod_fiscal": 0.4997, "des_condic": "Aguardando analise", "ind_status": "AT", "dat_atuali": "13/08/2015"}, "geometry": {"type": "Polygon", "coordinates": [[[-48.62345542, -26.35399458], [-48.62802278, -26.35503556], [-48.62765315, -26.35366369], [-48.62383936, -26.35278366], [-48.62345542, -26.35399458]]]}}, {"type": "Feature", "properties": {"cod_imovel": "SC-4216206-F5114E5E665449239587EEDE05AF3C24", "municipio": "Sao Francisco do Sul", "num_area": 4.9999, "mod_fiscal": 0.4167, "des_condic": "Aguardando analise", "ind_status": "AT", "dat_atuali": "23/10/2018"}, "geometry": {"type": "Polygon", "coordinates": [[[-48.6163102804, -26.2707421895], [-48.61427895920001, -26.2720139171], [-48.6123774674, -26.2725277853], [-48.6125266397, -26.27373129500001], [-48.6169479982, -26.2717022909], [-48.6163102804, -26.2707421895]]]}}, {"type": "Feature", "properties": {"cod_imovel": "SC-4216206-51D7C3FF13E84949A0CE6A5DFC37F4D9", "municipio": "Sao Francisco do Sul", "num_area": 8.0959, "mod_fiscal": 0.6747, "des_condic": "Aguardando analise", "ind_status": "AT", "dat_atuali": "28/08/2014"}, "geometry": {"type": "Polygon", "coordinates": [[[-48.64616727447654, -26.27958782228978], [-48.63519172071455, -26.286184927323017], [-48.63547402611657, -26.287074008177846], [-48.646131059197764, -26.279894071778934], [-48.64616727447654, -26.27958782228978]]]}}, {"type": "Feature", "properties": {"cod_imovel": "SC-4216206-4F10040C64DC4C3EB11CDF4BB2A846C4", "municipio": "Sao Francisco do Sul", "num_area": 8.9497, "mod_fiscal": 0.7458, "des_condic": "Aguardando analise", "ind_status": "AT", "dat_atuali": "29/04/2016"}, "geometry": {"type": "Polygon", "coordinates": [[[-48.68237257003784, -26.326422033267917], [-48.67990493774414, -26.323383317562925], [-48.68396043777466, -26.332153064842355], [-48.68514060974121, -26.331153039496442], [-48.68239402770996, -26.326998995596796], [-48.68237257003784, -26.326422033267917]]]}}, {"type": "Feature", "properties": {"cod_imovel": "SC-4216206-B741AC694CEA456EBFEEA38328DD40B7", "municipio": "Sao Francisco do Sul", "num_area": 3.9882, "mod_fiscal": 0.3324, "des_condic": "Aguardando analise", "ind_status": "AT", "dat_atuali": "14/04/2016"}, "geometry": {"type": "Polygon", "coordinates": [[[-48.62862185, -26.35719042], [-48.62931058, -26.35887336], [-48.6297331, -26.3588468], [-48.62967505, -26.35909847], [-48.63155456, -26.3591503], [-48.63008018, -26.35709531], [-48.62862185, -26.35719042]]]}}, {"type": "Feature", "properties": {"cod_imovel": "SC-4216206-00604B7EA1BF431F875C896FF693F4B0", "municipio": "Sao Francisco do Sul", "num_area": 22.509, "mod_fiscal": 1.8757, "des_condic": "Aguardando analise", "ind_status": "AT", "dat_atuali": "03/05/2016"}, "geometry": {"type": "Polygon", "coordinates": [[[-48.66243219928779, -26.337587660312714], [-48.655329425254635, -26.33951546074003], [-48.656275429986955, -26.342117973214144], [-48.66491500177953, -26.339069445386123], [-48.66243219928779, -26.337587660312714]]]}}, {"type": "Feature", "properties": {"cod_imovel": "SC-4216206-483839B0ADE44E8E90D4E34B42D79F83", "municipio": "Sao Francisco do Sul", "num_area": 1.9113, "mod_fiscal": 0.1593, "des_condic": "Aguardando analise", "ind_status": "AT", "dat_atuali": "04/11/2015"}, "geometry": {"type": "Polygon", "coordinates": [[[-48.62205505371094, -26.36289962617463], [-48.61973762512207, -26.360938551100926], [-48.6193299293518, -26.361361530891166], [-48.621647357940674, -26.363284146798193], [-48.62205505371094, -26.36289962617463]]]}}, {"type": "Feature", "properties": {"cod_imovel": "SC-4216206-6ED48F788B31453E88AA50C691C4ACBF", "municipio": "Sao Francisco do Sul", "num_area": 0.5511, "mod_fiscal": 0.0459, "des_condic": "Aguardando analise", "ind_status": "AT", "dat_atuali": "08/10/2015"}, "geometry": {"type": "Polygon", "coordinates": [[[-48.68067741394043, -26.292337693413867], [-48.68160009384155, -26.292145315422886], [-48.68119239807129, -26.291568179535133], [-48.680419921875, -26.291952937112754], [-48.68067741394043, -26.292337693413867]]]}}, {"type": "Feature", "properties": {"cod_imovel": "SC-4216206-F96F8CD274794E099CD932CCDB88E669", "municipio": "Sao Francisco do Sul", "num_area": 8.97, "mod_fiscal": 0.7475, "des_condic": "Aguardando analise", "ind_status": "AT", "dat_atuali": "26/08/2015"}, "geometry": {"type": "Polygon", "coordinates": [[[-48.60579013824463, -26.268422664116816], [-48.60207796096802, -26.27021213295284], [-48.603365421295166, -26.27198233304636], [-48.60527515411377, -26.270943305829118], [-48.60656261444092, -26.270558478573598], [-48.60579013824463, -26.268422664116816]]]}}, {"type": "Feature", "properties": {"cod_imovel": "SC-4216206-8086ABAAD43D4DC7A8364DE4D58BB8EC", "municipio": "Sao Francisco do Sul", "num_area": 56.2755, "mod_fiscal": 4.6896, "des_condic": "Cancelado por decisao administrativa", "ind_status": "CA", "dat_atuali": "22/09/2015"}, "geometry": {"type": "Polygon", "coordinates": [[[-48.64250895975962, -26.3379754436199], [-48.64379252328758, -26.34002998063868], [-48.64557802474248, -26.34026478313197], [-48.64629540354315, -26.33946758373924], [-48.64670425852069, -26.33804346710477], [-48.64753758031945, -26.33765363938711], [-48.64334869273662, -26.33466728851873], [-48.64169758158079, -26.33314381592674], [-48.64236141453453, -26.33102419297827], [-48.63505272667502, -26.32946532897785], [-48.63676011455689, -26.33430584302759], [-48.64046878849926, -26.33601929435178], [-48.64250895975962, -26.3379754436199]]]}}, {"type": "Feature", "properties": {"cod_imovel": "SC-4216206-9AA595955DA743A6A31CC7C300832E10", "municipio": "Sao Francisco do Sul", "num_area": 16.5701, "mod_fiscal": 1.3808, "des_condic": "Aguardando analise", "ind_status": "AT", "dat_atuali": "27/10/2015"}, "geometry": {"type": "Polygon", "coordinates": [[[-48.59709978103638, -26.294588492198017], [-48.61357927322387, -26.288182257810718], [-48.61332178115845, -26.28739347775911], [-48.59823703765869, -26.293203390424015], [-48.598451614379876, -26.29333805382254], [-48.596477508544915, -26.294107555957027], [-48.59709978103638, -26.294588492198017]]]}}, {"type": "Feature", "properties": {"cod_imovel": "SC-4216206-39718A102C0F48C0812609531B48E908", "municipio": "Sao Francisco do Sul", "num_area": 0.5516, "mod_fiscal": 0.046, "des_condic": "Aguardando analise", "ind_status": "AT", "dat_atuali": "21/10/2015"}, "geometry": {"type": "Polygon", "coordinates": [[[-48.681020736694336, -26.292953300840438], [-48.68166446685791, -26.292587784325047], [-48.68134260177612, -26.292068364137126], [-48.68059158325195, -26.292453120055274], [-48.681020736694336, -26.292953300840438]]]}}, {"type": "Feature", "properties": {"cod_imovel": "SC-4216206-33D3E9BC1C9D4494ACD4594BF5F634E3", "municipio": "Sao Francisco do Sul", "num_area": 2.0851, "mod_fiscal": 0.1738, "des_condic": "Aguardando analise", "ind_status": "AT", "dat_atuali": "27/10/2015"}, "geometry": {"type": "Polygon", "coordinates": [[[-48.68398189544678, -26.340864458661375], [-48.68464708328247, -26.33944145017228], [-48.68363857269287, -26.33888377991104], [-48.68286609649658, -26.34007603720072], [-48.68398189544678, -26.340864458661375]]]}}, {"type": "Feature", "properties": {"cod_imovel": "SC-4216206-A383F719A8A34E0FBB34863F54E7D201", "municipio": "Sao Francisco do Sul", "num_area": 1.8959, "mod_fiscal": 0.158, "des_condic": "Aguardando analise", "ind_status": "AT", "dat_atuali": "06/11/2015"}, "geometry": {"type": "Polygon", "coordinates": [[[-48.68125677108765, -26.33761458929934], [-48.68069887161255, -26.337826122034507], [-48.6806559562683, -26.338345337108972], [-48.682007789611816, -26.33940299024054], [-48.682544231414795, -26.33863378892162], [-48.68125677108765, -26.33761458929934]]]}}, {"type": "Feature", "properties": {"cod_imovel": "SC-4216206-1156504D468748C0960F45F723398908", "municipio": "Sao Francisco do Sul", "num_area": 0.1887, "mod_fiscal": 0.0157, "des_condic": "Aguardando analise", "ind_status": "AT", "dat_atuali": "03/11/2015"}, "geometry": {"type": "Polygon", "coordinates": [[[-48.68035554885864, -26.292183791046607], [-48.68018388748169, -26.291991412800314], [-48.679304122924805, -26.2929917761961], [-48.68035554885864, -26.292183791046607]]]}}, {"type": "Feature", "properties": {"cod_imovel": "SC-4216206-76DFF169079C445EA27F13AE48F3BBD6", "municipio": "Sao Francisco do Sul", "num_area": 4.0833, "mod_fiscal": 0.3403, "des_condic": "Aguardando analise", "ind_status": "AT", "dat_atuali": "08/04/2015"}, "geometry": {"type": "Polygon", "coordinates": [[[-48.64239692687988, -26.29787804260163], [-48.6419677734375, -26.298435910314673], [-48.646323680877686, -26.301552225398517], [-48.64670991897583, -26.30099437268127], [-48.64239692687988, -26.29787804260163]]]}}, {"type": "Feature", "properties": {"cod_imovel": "SC-4216206-8CD83B46C9784DEDA9EE753428E46DB6", "municipio": "Sao Francisco do Sul", "num_area": 3.9883, "mod_fiscal": 0.3324, "des_condic": "Aguardando analise", "ind_status": "AT", "dat_atuali": "20/12/2019"}, "geometry": {"type": "Polygon", "coordinates": [[[-48.644077920309165, -26.295537230566797], [-48.64387701222807, -26.295803775985256], [-48.64867701176067, -26.29984907118932], [-48.6489250609379, -26.299302806567077], [-48.644719363776154, -26.29569121773094], [-48.64452637821254, -26.2958814096073], [-48.644077920309165, -26.295537230566797]]]}}, {"type": "Feature", "properties": {"cod_imovel": "SC-4216206-5AF3AED717CF49CAAA79E7EFEBADDC4F", "municipio": "Sao Francisco do Sul", "num_area": 4.0778, "mod_fiscal": 0.3398, "des_condic": "Aguardando analise", "ind_status": "AT", "dat_atuali": "20/04/2015"}, "geometry": {"type": "Polygon", "coordinates": [[[-48.6288571357727, -26.283199386429388], [-48.63306283950806, -26.28125620097383], [-48.63267660140991, -26.280505853325714], [-48.62866401672363, -26.282429811923517], [-48.6288571357727, -26.283199386429388]]]}}, {"type": "Feature", "properties": {"cod_imovel": "SC-4216206-7B67CFFF5E9D4C8C8B4BBBA2B4308148", "municipio": "Sao Francisco do Sul", "num_area": 3.5115, "mod_fiscal": 0.2926, "des_condic": "Aguardando analise", "ind_status": "AT", "dat_atuali": "20/04/2015"}, "geometry": {"type": "Polygon", "coordinates": [[[-48.61467361450195, -26.265401670266968], [-48.610897064208984, -26.26694104001307], [-48.61124038696289, -26.26761450785885], [-48.61529588699341, -26.265978936313576], [-48.61467361450195, -26.265401670266968]]]}}, {"type": "Feature", "properties": {"cod_imovel": "SC-4216206-2CFCC378DE0744D0892024AE44744854", "municipio": "Sao Francisco do Sul", "num_area": 15.0102, "mod_fiscal": 1.2508, "des_condic": "Aguardando analise", "ind_status": "AT", "dat_atuali": "27/04/2015"}, "geometry": {"type": "Polygon", "coordinates": [[[-48.6674165725708, -26.318536593339463], [-48.66411209106445, -26.31607468749355], [-48.66175174713134, -26.318401959215958], [-48.66497039794922, -26.32088304864719], [-48.6674165725708, -26.318536593339463]]]}}, {"type": "Feature", "properties": {"cod_imovel": "SC-4216206-E673541BEF9943068DAAB00441E37C94", "municipio": "Sao Francisco do Sul", "num_area": 2.1259, "mod_fiscal": 0.1772, "des_condic": "Aguardando analise", "ind_status": "AT", "dat_atuali": "27/04/2015"}, "geometry": {"type": "Polygon", "coordinates": [[[-48.638341426849365, -26.26311182001022], [-48.638598918914795, -26.263958492593773], [-48.64093780517578, -26.263727582501428], [-48.64093780517578, -26.262996364179603], [-48.638341426849365, -26.26311182001022]]]}}, {"type": "Feature", "properties": {"cod_imovel": "SC-4216206-38E84FEB63AB4B2BAC28E78A34DAC1E2", "municipio": "Sao Francisco do Sul", "num_area": 2.2021, "mod_fiscal": 0.1835, "des_condic": "Aguardando analise", "ind_status": "AT", "dat_atuali": "27/04/2015"}, "geometry": {"type": "Polygon", "coordinates": [[[-48.58725070953369, -26.28466156392652], [-48.58757257461548, -26.285604273857235], [-48.59001874923706, -26.28448841229014], [-48.5899543762207, -26.28418058652069], [-48.58911752700806, -26.284526890453904], [-48.588752746582024, -26.28402667332967], [-48.58725070953369, -26.28466156392652]]]}}, {"type": "Feature", "properties": {"cod_imovel": "SC-4216206-64824AFA26034E75A36DF702A16F6322", "municipio": "Sao Francisco do Sul", "num_area": 2.532, "mod_fiscal": 0.211, "des_condic": "Aguardando analise", "ind_status": "AT", "dat_atuali": "30/04/2015"}, "geometry": {"type": "Polygon", "coordinates": [[[-48.667030334472656, -26.33013377400482], [-48.663318157196045, -26.32721054773041], [-48.662824630737305, -26.32744133143536], [-48.66621494293213, -26.330153005512244], [-48.667030334472656, -26.33013377400482]]]}}, {"type": "Feature", "properties": {"cod_imovel": "SC-4216206-5A3FCCA573A1406892BDBEE09979E478", "municipio": "Sao Francisco do Sul", "num_area": 4.1119, "mod_fiscal": 0.3427, "des_condic": "Aguardando analise", "ind_status": "AT", "dat_atuali": "30/04/2015"}, "geometry": {"type": "Polygon", "coordinates": [[[-48.611347675323486, -26.268769015076604], [-48.61117601394653, -26.269288539578763], [-48.61145496368408, -26.269211573132548], [-48.61151933670044, -26.269480955471003], [-48.61368656158447, -26.26878825676628], [-48.6124849319458, -26.268172521114337], [-48.61516714096069, -26.266844830001883], [-48.6149525642395, -26.26644074708433], [-48.611261844635, -26.268172521114337], [-48.611347675323486, -26.268769015076604]]]}}, {"type": "Feature", "properties": {"cod_imovel": "SC-4216206-05F6191059F34CEA9901AB074DFA60C8", "municipio": "Sao Francisco do Sul", "num_area": 1.8294, "mod_fiscal": 0.1525, "des_condic": "Aguardando analise", "ind_status": "AT", "dat_atuali": "25/03/2015"}, "geometry": {"type": "Polygon", "coordinates": [[[-48.5961127281189, -26.279870939987212], [-48.59508275985718, -26.278620342947413], [-48.594138622283936, -26.27910134340398], [-48.59508275985718, -26.280294215932244], [-48.5961127281189, -26.279870939987212]]]}}, {"type": "Feature", "properties": {"cod_imovel": "SC-4216206-CB6317311FFA4036A0675A61D9FFA51C", "municipio": "Sao Francisco do Sul", "num_area": 105.7801, "mod_fiscal": 8.815, "des_condic": "Aguardando analise", "ind_status": "AT", "dat_atuali": "19/01/2018"}, "geometry": {"type": "Polygon", "coordinates": [[[-48.6240291595459, -26.317728786251173], [-48.62947940826416, -26.326229711852783], [-48.62995147705078, -26.329614522096694], [-48.63617420196533, -26.327537491176656], [-48.63776206970215, -26.31884432789131], [-48.63467216491699, -26.31657476635299], [-48.63248348236083, -26.317459515969894], [-48.63475799560547, -26.320075257923005], [-48.6240291595459, -26.317728786251173]]]}}, {"type": "Feature", "properties": {"cod_imovel": "SC-4216206-A5AC2FAB146F4604809DDDE709C00292", "municipio": "Sao Francisco do Sul", "num_area": 2.8011, "mod_fiscal": 0.2334, "des_condic": "Aguardando analise", "ind_status": "AT", "dat_atuali": "24/04/2019"}, "geometry": {"type": "Polygon", "coordinates": [[[-48.630585090221736, -26.279153868962087], [-48.63038196023059, -26.278777983545332], [-48.63070043523985, -26.278623347615124], [-48.63047646384295, -26.278216994322467], [-48.62892225665055, -26.277761393489868], [-48.62823737650193, -26.278029168942055], [-48.62956028543085, -26.27961680940813], [-48.630585090221736, -26.279153868962087]]]}}, {"type": "Feature", "properties": {"cod_imovel": "SC-4216206-2464767FE64047898656BB83EA65198F", "municipio": "Sao Francisco do Sul", "num_area": 9.6261, "mod_fiscal": 0.8022, "des_condic": "Aguardando analise", "ind_status": "AT", "dat_atuali": "26/02/2019"}, "geometry": {"type": "Polygon", "coordinates": [[[-48.6334490776062, -26.273829469578462], [-48.6325315485873, -26.27186657091013], [-48.63040654902439, -26.27278637752033], [-48.6301325141945, -26.273489924119467], [-48.6302307376003, -26.27464106471512], [-48.629453804135544, -26.275923637578675], [-48.62938973183773, -26.27639659006666], [-48.629550685494436, -26.276552923191964], [-48.63028556652841, -26.276598646208434], [-48.630287040596365, -26.275809110463783], [-48.6334490776062, -26.273829469578462]]]}}, {"type": "Feature", "properties": {"cod_imovel": "SC-4216206-A7F3A7E3D22D45C7ABAEF66CCCF97416", "municipio": "Sao Francisco do Sul", "num_area": 40.0649, "mod_fiscal": 3.3387, "des_condic": "Aguardando analise", "ind_status": "AT", "dat_atuali": "06/09/2018"}, "geometry": {"type": "Polygon", "coordinates": [[[-48.6575457055556, -26.3450250186883], [-48.6682481777778, -26.3422802575773], [-48.6650514555556, -26.339025024244], [-48.656463725, -26.3420533492439], [-48.6575457055556, -26.3450250186883]]]}}, {"type": "Feature", "properties": {"cod_imovel": "SC-4216206-4044F481B64C4374AF35F54AAFBE5040", "municipio": "Sao Francisco do Sul", "num_area": 19.8429, "mod_fiscal": 1.6536, "des_condic": "Aguardando analise", "ind_status": "AT", "dat_atuali": "02/03/2017"}, "geometry": {"type": "Polygon", "coordinates": [[[-48.65769624710083, -26.283045471936607], [-48.66374731063843, -26.27552265224207], [-48.66336107254028, -26.275407208754245], [-48.66306066513061, -26.27482998959262], [-48.66321086883545, -26.274098841199987], [-48.662803173065186, -26.274002637121214], [-48.656086921691895, -26.28208350173044], [-48.65769624710083, -26.283045471936607]]]}}, {"type": "Feature", "properties": {"cod_imovel": "SC-4216206-0509B03049ED4EAF90CCF10E74CF2F0A", "municipio": "Sao Francisco do Sul", "num_area": 1.4986, "mod_fiscal": 0.1249, "des_condic": "Aguardando analise", "ind_status": "AT", "dat_atuali": "28/03/2016"}, "geometry": {"type": "Polygon", "coordinates": [[[-48.58948230743408, -26.295338748750947], [-48.58798027038574, -26.29597357742722], [-48.587765693664544, -26.296608402627783], [-48.59076976776123, -26.295357986034627], [-48.59031915664673, -26.295184850366617], [-48.58948230743408, -26.295338748750947]]]}}, {"type": "Feature", "properties": {"cod_imovel": "SC-4216206-109C281747934697ADACEFA8EBE7559F", "municipio": "Sao Francisco do Sul", "num_area": 4.9107, "mod_fiscal": 0.4092, "des_condic": "Aguardando analise", "ind_status": "AT", "dat_atuali": "29/04/2015"}, "geometry": {"type": "Polygon", "coordinates": [[[-48.605639934539795, -26.26890370683745], [-48.605875968933105, -26.269731095654127], [-48.611133098602295, -26.269019156793785], [-48.61121892929077, -26.268461147607827], [-48.610897064208984, -26.268480389348543], [-48.61083269119263, -26.268249488249435], [-48.605639934539795, -26.26890370683745]]]}}, {"type": "Feature", "properties": {"cod_imovel": "SC-4216206-025C969F8AFE47F2B08544BB311CC488", "municipio": "Sao Francisco do Sul", "num_area": 3.5212, "mod_fiscal": 0.2934, "des_condic": "Aguardando analise", "ind_status": "AT", "dat_atuali": "04/05/2015"}, "geometry": {"type": "Polygon", "coordinates": [[[-48.66750240325927, -26.322748639026887], [-48.66823196411133, -26.322056258475275], [-48.66574287414551, -26.3202291232572], [-48.66492748260498, -26.320940747769047], [-48.66750240325927, -26.322748639026887]]]}}, {"type": "Feature", "properties": {"cod_imovel": "SC-4216206-07359D4B60C6456A889AE9FEEBE22651", "municipio": "Sao Francisco do Sul", "num_area": 0.4399, "mod_fiscal": 0.0367, "des_condic": "Aguardando analise", "ind_status": "AT", "dat_atuali": "03/09/2017"}, "geometry": {"type": "Polygon", "coordinates": [[[-48.620617389678955, -26.259782797497557], [-48.62093925476074, -26.259474906201188], [-48.6205530166626, -26.2591862573695], [-48.619630336761475, -26.259628851951405], [-48.620617389678955, -26.259782797497557]]]}}, {"type": "Feature", "properties": {"cod_imovel": "SC-4216206-10C381F49A6448B8AB68ACF2EC6D383F", "municipio": "Sao Francisco do Sul", "num_area": 6.009, "mod_fiscal": 0.5008, "des_condic": "Aguardando analise", "ind_status": "AT", "dat_atuali": "18/03/2015"}, "geometry": {"type": "Polygon", "coordinates": [[[-48.60373020172119, -26.27236715558135], [-48.602635860443115, -26.270962547158412], [-48.59950304031372, -26.271886127213254], [-48.60053300857544, -26.273290724459837], [-48.60373020172119, -26.27236715558135]]]}}, {"type": "Feature", "properties": {"cod_imovel": "SC-4216206-126EE65368144DC6BCCEE21D0B86A78C", "municipio": "Sao Francisco do Sul", "num_area": 11.0021, "mod_fiscal": 0.9168, "des_condic": "Aguardando analise", "ind_status": "AT", "dat_atuali": "16/12/2014"}, "geometry": {"type": "Polygon", "coordinates": [[[-48.63582805539028, -26.31467491538899], [-48.64232710824073, -26.320317844271113], [-48.64331359403046, -26.319359756918207], [-48.63653882028181, -26.314039473241046], [-48.63582805539028, -26.31467491538899]]]}}, {"type": "Feature", "properties": {"cod_imovel": "SC-4216206-141C464B49BE4D2ABFA6008CA9664536", "municipio": "Sao Francisco do Sul", "num_area": 28.8086, "mod_fiscal": 2.4007, "des_condic": "Aguardando analise", "ind_status": "AT", "dat_atuali": "09/11/2016"}, "geometry": {"type": "Polygon", "coordinates": [[[-48.59076976776123, -26.286874034308045], [-48.6124849319458, -26.276946445816307], [-48.61205577850342, -26.275907463038756], [-48.59078398270096, -26.28568222662195], [-48.59076976776123, -26.286874034308045]]]}}, {"type": "Feature", "properties": {"cod_imovel": "SC-4216206-15E7F7D45C734B0E8541A836C9A75195", "municipio": "Sao Francisco do Sul", "num_area": 0.0683, "mod_fiscal": 0.0057, "des_condic": "Aguardando analise", "ind_status": "AT", "dat_atuali": "21/10/2015"}, "geometry": {"type": "Polygon", "coordinates": [[[-48.68082761764526, -26.293049489205647], [-48.68074178695679, -26.292914825472028], [-48.680419921875, -26.293087964529388], [-48.68048429489135, -26.293241865696704], [-48.68082761764526, -26.293049489205647]]]}}, {"type": "Feature", "properties": {"cod_imovel": "SC-4216206-1886BA84D085454CB0BF78DA753C49B4", "municipio": "Sao Francisco do Sul", "num_area": 188.6708, "mod_fiscal": 15.7226, "des_condic": "Aguardando analise", "ind_status": "AT", "dat_atuali": "05/05/2016"}, "geometry": {"type": "Polygon", "coordinates": [[[-48.65301847457886, -26.345267982175336], [-48.65216016769409, -26.34242205600211], [-48.64997148513794, -26.341883629662824], [-48.649413585662835, -26.339076080304682], [-48.65143060684204, -26.336306923808827], [-48.65052938461304, -26.335806930158075], [-48.6519455909729, -26.33473001342067], [-48.65065813064575, -26.332537687675217], [-48.64825487136841, -26.332999233387834], [-48.64765405654907, -26.332614612088456], [-48.64545464515686, -26.333595393876386], [-48.643845319747925, -26.335230011723354], [-48.6475145816803, -26.337845352263994], [-48.64661335945129, -26.338229956182605], [-48.64588379859924, -26.340095267056366], [-48.64290118217468, -26.343229690813533], [-48.64373803138733, -26.343902715516904], [-48.64369511604309, -26.3449410888085], [-48.64429593086243, -26.345229524180123], [-48.644145727157586, -26.345806392766185], [-48.64491820335388, -26.34571024820158], [-48.645840883255005, -26.345940995022403], [-48.64666700363159, -26.348152295383557], [-48.64739656448364, -26.347306237628818], [-48.64812612533569, -26.347729267279636], [-48.64773988723755, -26.349229087213295], [-48.650400638580315, -26.35065197532897], [-48.65164518356323, -26.349382913799328], [-48.65228891372681, -26.35138264080295], [-48.654563426971436, -26.35226712441186], [-48.65224599838257, -26.35245940256228], [-48.651859760284424, -26.353536154297576], [-48.65400552749634, -26.355228172485425], [-48.654177188873284, -26.357881514794258], [-48.65520715713501, -26.358881309147147], [-48.659069538116455, -26.35818914474663], [-48.65971326828003, -26.35588190015542], [-48.65778207778931, -26.34799846716112], [-48.65301847457886, -26.345267982175336]]]}}, {"type": "Feature", "properties": {"cod_imovel": "SC-4216206-19978888734E44ADB90C48953829FFF2", "municipio": "Sao Francisco do Sul", "num_area": 4.3905, "mod_fiscal": 0.3659, "des_condic": "Aguardando analise", "ind_status": "AT", "dat_atuali": "23/01/2015"}, "geometry": {"type": "Polygon", "coordinates": [[[-48.59075443146654, -26.28240262920419], [-48.5904127854575, -26.28245837493046], [-48.59022654541717, -26.28208379555451], [-48.58706657141934, -26.28325143191029], [-48.58717607455037, -26.28420477747875], [-48.58730827066665, -26.28437996304592], [-48.59013265886285, -26.28332474285528], [-48.59005254715862, -26.28309551615261], [-48.59028533131166, -26.28291796179831], [-48.59078942102511, -26.28286552185217], [-48.59075443146654, -26.28240262920419]]]}}, {"type": "Feature", "properties": {"cod_imovel": "SC-4216206-5425D98763E3462FA91E5F46DD64AA54", "municipio": "Sao Francisco do Sul", "num_area": 67.5944, "mod_fiscal": 5.6329, "des_condic": "Aguardando analise", "ind_status": "AT", "dat_atuali": "28/08/2019"}, "geometry": {"type": "Polygon", "coordinates": [[[-48.5144490694444, -26.252796046468], [-48.5400142694444, -26.2468001270236], [-48.5387461305556, -26.244710560357], [-48.51318135, -26.2507062825791], [-48.5144490694444, -26.252796046468]]]}}, {"type": "Feature", "properties": {"cod_imovel": "SC-4216206-1B240E1FB37F439A8D3419851A23012B", "municipio": "Sao Francisco do Sul", "num_area": 538.0312, "mod_fiscal": 44.8359, "des_condic": "Aguardando analise", "ind_status": "AT", "dat_atuali": "10/04/2015"}, "geometry": {"type": "Polygon", "coordinates": [[[-48.613287421597086, -26.330342644865798], [-48.60761922758988, -26.351149973865063], [-48.61856566060279, -26.36047989886523], [-48.62069944160532, -26.35820085786534], [-48.62556146161092, -26.36237364786532], [-48.62590663361128, -26.36214995886539], [-48.62710114061271, -26.363182590865392], [-48.62794414661363, -26.362448244865444], [-48.62724118861285, -26.361622465865416], [-48.62777467261348, -26.36106529386544], [-48.62731503561293, -26.360782901865424], [-48.628696555614525, -26.360476584865523], [-48.62934917861527, -26.359812579865512], [-48.62838073661429, -26.35727267686554], [-48.62739520861315, -26.35719398186557], [-48.627205055612926, -26.35674213886549], [-48.61658933760058, -26.35385224586532], [-48.616721609600766, -26.35287075786532], [-48.62328025960841, -26.354524902865474], [-48.62383957760909, -26.352783279865587], [-48.62765431861345, -26.353663864865624], [-48.62721905761303, -26.351977465865648], [-48.627138637612966, -26.350659760865717], [-48.626228898611885, -26.35050317886562], [-48.62616833461182, -26.348275023865693], [-48.631830287618314, -26.349576745865892], [-48.635464381622526, -26.3406034338662], [-48.62954631461596, -26.337650236866075], [-48.62908295461535, -26.33814932586605], [-48.61406379259802, -26.33102441186582], [-48.613754863597684, -26.330997609865722], [-48.613287421597086, -26.330342644865798]]]}}, {"type": "Feature", "properties": {"cod_imovel": "SC-4216206-1E0B1FBDB5DB400CB5C598911B829CB9", "municipio": "Sao Francisco do Sul", "num_area": 3.2155, "mod_fiscal": 0.268, "des_condic": "Aguardando analise", "ind_status": "AT", "dat_atuali": "01/04/2015"}, "geometry": {"type": "Polygon", "coordinates": [[[-48.621475696563714, -26.388409796207533], [-48.61677646636963, -26.388871118938727], [-48.61677646636963, -26.38871734489976], [-48.61525297164917, -26.388871118938727], [-48.61525297164917, -26.389313218160105], [-48.62106800079346, -26.389063336199474], [-48.621475696563714, -26.388409796207533]]]}}, {"type": "Feature", "properties": {"cod_imovel": "SC-4216206-1EBEE6144B574659B65B02FC23AA2CA2", "municipio": "Sao Francisco do Sul", "num_area": 2.0469, "mod_fiscal": 0.1706, "des_condic": "Aguardando analise", "ind_status": "AT", "dat_atuali": "28/04/2015"}, "geometry": {"type": "Polygon", "coordinates": [[[-48.632075786590576, -26.279909419682387], [-48.63194704055786, -26.27958234186666], [-48.627398014068596, -26.281410117840323], [-48.627634048461914, -26.281756430043373], [-48.632075786590576, -26.279909419682387]]]}}, {"type": "Feature", "properties": {"cod_imovel": "SC-4216206-213ED63F9F924B3695F2BEB00DE1BBEB", "municipio": "Sao Francisco do Sul", "num_area": 0.8423, "mod_fiscal": 0.0702, "des_condic": "Aguardando analise", "ind_status": "AT", "dat_atuali": "06/09/2017"}, "geometry": {"type": "Polygon", "coordinates": [[[-48.58652114868164, -26.27604214651615], [-48.58752965927124, -26.275484171092227], [-48.58699321746826, -26.275003155642562], [-48.58600616455078, -26.275561133379153], [-48.58652114868164, -26.27604214651615]]]}}, {"type": "Feature", "properties": {"cod_imovel": "SC-4216206-24E30B0C79EB4EDF85C3F3DC15F19598", "municipio": "Sao Francisco do Sul", "num_area": 0.6619, "mod_fiscal": 0.0552, "des_condic": "Aguardando analise", "ind_status": "AT", "dat_atuali": "20/04/2016"}, "geometry": {"type": "Polygon", "coordinates": [[[-48.68140697479248, -26.293184152782892], [-48.68099927902221, -26.29335729143814], [-48.6799693107605, -26.294434592817932], [-48.680312633514404, -26.294646204412906], [-48.681063652038574, -26.293703567973115], [-48.681535720825195, -26.29335729143814], [-48.68140697479248, -26.293184152782892]]]}}, {"type": "Feature", "properties": {"cod_imovel": "SC-4216206-78E72F168D4649C99A37EC853FAC6BB9", "municipio": "Sao Francisco do Sul", "num_area": 6.5872, "mod_fiscal": 0.5489, "des_condic": "Aguardando analise", "ind_status": "AT", "dat_atuali": "03/05/2016"}, "geometry": {"type": "Polygon", "coordinates": [[[-48.682029247283936, -26.334903090000626], [-48.673596382141106, -26.328287534418067], [-48.67314577102661, -26.328691401843308], [-48.68166446685791, -26.335268473041793], [-48.682029247283936, -26.334903090000626]]]}}, {"type": "Feature", "properties": {"cod_imovel": "SC-4216206-2C14047A46D0421180EA8F07F2E9D41E", "municipio": "Sao Francisco do Sul", "num_area": 1.4938, "mod_fiscal": 0.1245, "des_condic": "Aguardando analise", "ind_status": "AT", "dat_atuali": "30/04/2015"}, "geometry": {"type": "Polygon", "coordinates": [[[-48.627891540527344, -26.353689975155746], [-48.627891540527344, -26.35386302337664], [-48.63192558288574, -26.352940096539886], [-48.63179683685303, -26.352593997077392], [-48.62847089767456, -26.3533631055876], [-48.62853527069091, -26.35355538191603], [-48.627891540527344, -26.353689975155746]]]}}, {"type": "Feature", "properties": {"cod_imovel": "SC-4216206-2C5EABC715F746109C9FA840BFD8C806", "municipio": "Sao Francisco do Sul", "num_area": 2.1471, "mod_fiscal": 0.1789, "des_condic": "Aguardando analise", "ind_status": "AT", "dat_atuali": "03/12/2018"}, "geometry": {"type": "Polygon", "coordinates": [[[-48.62396478652954, -26.378721593175428], [-48.62157649990022, -26.37501230045988], [-48.62115436243725, -26.37524245311617], [-48.62309483677127, -26.37827761963139], [-48.62396478652954, -26.378721593175428]]]}}, {"type": "Feature", "properties": {"cod_imovel": "SC-4216206-2B00B07C18FA4A859F0BF25B248E7D9E", "municipio": "Sao Francisco do Sul", "num_area": 0.3174, "mod_fiscal": 0.0265, "des_condic": "Aguardando analise", "ind_status": "AT", "dat_atuali": "21/11/2018"}, "geometry": {"type": "Polygon", "coordinates": [[[-48.67509491169675, -26.28409004264651], [-48.67519248683184, -26.28421381877376], [-48.67656553718798, -26.28285419837544], [-48.67649945590857, -26.28279046762959], [-48.67509491169675, -26.28409004264651]]]}}, {"type": "Feature", "properties": {"cod_imovel": "SC-4216206-37E8C4FF6C6D4E06BF56D4C64213FE5D", "municipio": "Sao Francisco do Sul", "num_area": 2.5107, "mod_fiscal": 0.2092, "des_condic": "Aguardando analise", "ind_status": "AT", "dat_atuali": "27/10/2015"}, "geometry": {"type": "Polygon", "coordinates": [[[-48.68280172348022, -26.339902968356242], [-48.68374586105347, -26.338787629594403], [-48.684561252593994, -26.3393260703387], [-48.68488311767578, -26.33888377991104], [-48.683316707611084, -26.33790304293326], [-48.68209362030029, -26.3393260703387], [-48.68280172348022, -26.339902968356242]]]}}, {"type": "Feature", "properties": {"cod_imovel": "SC-4216206-414A0DD5EF234E9AA179821D4CF1D259", "municipio": "Sao Francisco do Sul", "num_area": 8.7937, "mod_fiscal": 0.7328, "des_condic": "Aguardando analise", "ind_status": "AT", "dat_atuali": "24/05/2018"}, "geometry": {"type": "Polygon", "coordinates": [[[-48.681793212890625, -26.335191550392146], [-48.672544956207275, -26.32882602400533], [-48.67239475250244, -26.329479900851496], [-48.681278228759766, -26.335826160723045], [-48.681793212890625, -26.335191550392146]]]}}, {"type": "Feature", "properties": {"cod_imovel": "SC-4216206-41DCC44846A34DEB92ED2DA3414F44F3", "municipio": "Sao Francisco do Sul", "num_area": 2.8709, "mod_fiscal": 0.2392, "des_condic": "Aguardando analise", "ind_status": "AT", "dat_atuali": "03/09/2017"}, "geometry": {"type": "Polygon", "coordinates": [[[-48.6205530166626, -26.25970582474999], [-48.619844913482666, -26.259590365532972], [-48.61299991607666, -26.2625345397091], [-48.61321449279785, -26.262803937540117], [-48.619844913482666, -26.259936742839635], [-48.62027406692505, -26.26003295857481], [-48.6205530166626, -26.25970582474999]]]}}, {"type": "Feature", "properties": {"cod_imovel": "SC-4216206-46844E6FE2BF485887304535FD6886B5", "municipio": "Sao Francisco do Sul", "num_area": 17.7339, "mod_fiscal": 1.4778, "des_condic": "Aguardando analise", "ind_status": "AT", "dat_atuali": "29/04/2016"}, "geometry": {"type": "Polygon", "coordinates": [[[-48.64306340499998, -26.32875570424925], [-48.63499355399996, -26.32688357624932], [-48.63492317099997, -26.32807581024931], [-48.63473952799994, -26.32857439824928], [-48.63490536599993, -26.3290526142493], [-48.64257175499994, -26.33050198024923], [-48.64306340499998, -26.32875570424925]]]}}, {"type": "Feature", "properties": {"cod_imovel": "SC-4216206-4ADC3E3E40614DE6B8E2FF88994210EE", "municipio": "Sao Francisco do Sul", "num_area": 6.0224, "mod_fiscal": 0.5019, "des_condic": "Aguardando analise", "ind_status": "AT", "dat_atuali": "15/09/2016"}, "geometry": {"type": "Polygon", "coordinates": [[[-48.68067741394043, -26.336999219144193], [-48.68089199066162, -26.33663384156655], [-48.67048501968384, -26.329133731216466], [-48.67016315460205, -26.32942220598419], [-48.68067741394043, -26.336999219144193]]]}}, {"type": "Feature", "properties": {"cod_imovel": "SC-4216206-538B3633B5B34C6DA20DFD5D704EF04B", "municipio": "Sao Francisco do Sul", "num_area": 7.4662, "mod_fiscal": 0.6222, "des_condic": "Aguardando analise", "ind_status": "AT", "dat_atuali": "02/05/2015"}, "geometry": {"type": "Polygon", "coordinates": [[[-48.60529769978678, -26.26870984342924], [-48.61396955720211, -26.26438295483731], [-48.61365119962499, -26.26376637879552], [-48.6049840321212, -26.26808917394499], [-48.60529769978678, -26.26870984342924]]]}}, {"type": "Feature", "properties": {"cod_imovel": "SC-4216206-5A74F15613B14A579FF76B31F1FBFAD9", "municipio": "Sao Francisco do Sul", "num_area": 0.0335, "mod_fiscal": 0.0028, "des_condic": "Aguardando analise", "ind_status": "AT", "dat_atuali": "20/02/2018"}, "geometry": {"type": "Polygon", "coordinates": [[[-48.68144989013672, -26.305303234296865], [-48.68175029754639, -26.30516858479594], [-48.68170738220215, -26.305033935138578], [-48.681535720825195, -26.305130113481223], [-48.68144989013672, -26.305303234296865]]]}}, {"type": "Feature", "properties": {"cod_imovel": "SC-4216206-5DFF6EC37FE64829AC932FCAD9132CAF", "municipio": "Sao Francisco do Sul", "num_area": 8.7958, "mod_fiscal": 0.733, "des_condic": "Aguardando analise", "ind_status": "AT", "dat_atuali": "06/06/2016"}, "geometry": {"type": "Polygon", "coordinates": [[[-48.68175625766612, -26.335136323197336], [-48.67315079200585, -26.32895463493057], [-48.672587871551514, -26.32934527944974], [-48.681321144104, -26.335826160723045], [-48.68175625766612, -26.335136323197336]]]}}, {"type": "Feature", "properties": {"cod_imovel": "SC-4216206-6292D7712F724A888C406A58AA8B794D", "municipio": "Sao Francisco do Sul", "num_area": 7.2726, "mod_fiscal": 0.6061, "des_condic": "Aguardando analise", "ind_status": "AT", "dat_atuali": "11/04/2016"}, "geometry": {"type": "Polygon", "coordinates": [[[-48.60499620437622, -26.274060359578048], [-48.6065411567688, -26.275984425044967], [-48.608858585357666, -26.274926192985596], [-48.607399463653564, -26.272886663979765], [-48.60679864883423, -26.273002109974747], [-48.60499620437622, -26.274060359578048]]]}}, {"type": "Feature", "properties": {"cod_imovel": "SC-4216206-782738E2C7C543798CF3E72D1AA36444", "municipio": "Sao Francisco do Sul", "num_area": 14.7974, "mod_fiscal": 1.2331, "des_condic": "Aguardando analise", "ind_status": "AT", "dat_atuali": "08/06/2015"}, "geometry": {"type": "Polygon", "coordinates": [[[-48.63426446914673, -26.311266126755775], [-48.633599281311035, -26.311920102741155], [-48.64293336868286, -26.31924822824988], [-48.643813133239746, -26.31824809145462], [-48.63426446914673, -26.311266126755775]]]}}, {"type": "Feature", "properties": {"cod_imovel": "SC-4216206-8D74048AE69D490F9A3C9589A93DB55F", "municipio": "Sao Francisco do Sul", "num_area": 0.064, "mod_fiscal": 0.0053, "des_condic": "Aguardando analise", "ind_status": "AT", "dat_atuali": "11/02/2016"}, "geometry": {"type": "Polygon", "coordinates": [[[-48.680570125579834, -26.292722448438433], [-48.68046283721924, -26.292607022065106], [-48.68020534515381, -26.292895587783022], [-48.680291175842285, -26.29293406315783], [-48.680570125579834, -26.292722448438433]]]}}, {"type": "Feature", "properties": {"cod_imovel": "SC-4216206-908DE758AFF54592A31188C7F23A1A68", "municipio": "Sao Francisco do Sul", "num_area": 4.608, "mod_fiscal": 0.384, "des_condic": "Aguardando analise", "ind_status": "AT", "dat_atuali": "31/03/2015"}, "geometry": {"type": "Polygon", "coordinates": [[[-48.59576940536499, -26.277850738069727], [-48.595147132873535, -26.276696321182943], [-48.592164516448975, -26.277850738069727], [-48.59278678894043, -26.279005143472165], [-48.59576940536499, -26.277850738069727]]]}}, {"type": "Feature", "properties": {"cod_imovel": "SC-4216206-97DEB352283A4DC99B6E25318DA5863B", "municipio": "Sao Francisco do Sul", "num_area": 2.7517, "mod_fiscal": 0.2293, "des_condic": "Aguardando analise", "ind_status": "AT", "dat_atuali": "16/03/2016"}, "geometry": {"type": "Polygon", "coordinates": [[[-48.62252712249756, -26.3632456947934], [-48.622870445251465, -26.36289962617463], [-48.61896514892578, -26.359861868288668], [-48.618621826171875, -26.360265625518206], [-48.62252712249756, -26.3632456947934]]]}}, {"type": "Feature", "properties": {"cod_imovel": "SC-4216206-98495764C9B64D2E8C0EE2C93B24C2B1", "municipio": "Sao Francisco do Sul", "num_area": 4.5273, "mod_fiscal": 0.3773, "des_condic": "Aguardando analise", "ind_status": "AT", "dat_atuali": "13/03/2015"}, "geometry": {"type": "Polygon", "coordinates": [[[-48.6329984664917, -26.31255484060886], [-48.63649606704712, -26.315189927300235], [-48.63716125488281, -26.314555203868657], [-48.633620738983154, -26.311843164581507], [-48.6329984664917, -26.31255484060886]]]}}, {"type": "Feature", "properties": {"cod_imovel": "SC-4216206-881C764B6E76437CB677C579FE504C4C", "municipio": "Sao Francisco do Sul", "num_area": 4.84, "mod_fiscal": 0.4033, "des_condic": "Cancelado por decisao administrativa", "ind_status": "CA", "dat_atuali": "14/04/2016"}, "geometry": {"type": "Polygon", "coordinates": [[[-48.67235951859737, -26.301439715398676], [-48.6696986341364, -26.303998646116547], [-48.67049232834726, -26.304899590464057], [-48.67320182663426, -26.302190610331913], [-48.67235951859737, -26.301439715398676]]]}}, {"type": "Feature", "properties": {"cod_imovel": "SC-4216206-9FBB6A75DCF1422FA22510E3F85EE210", "municipio": "Sao Francisco do Sul", "num_area": 3.6526, "mod_fiscal": 0.3044, "des_condic": "Aguardando analise", "ind_status": "AT", "dat_atuali": "11/05/2017"}, "geometry": {"type": "Polygon", "coordinates": [[[-48.67496967315674, -26.284065151646555], [-48.67647171020508, -26.282622206028563], [-48.674798011779785, -26.28192958575726], [-48.6733603477478, -26.28344949704466], [-48.67496967315674, -26.284065151646555]]]}}, {"type": "Feature", "properties": {"cod_imovel": "SC-4216206-A15CC9480BED4E1B8BF87D135E26855B", "municipio": "Sao Francisco do Sul", "num_area": 0.7588, "mod_fiscal": 0.0632, "des_condic": "Aguardando analise", "ind_status": "AT", "dat_atuali": "18/05/2015"}, "geometry": {"type": "Polygon", "coordinates": [[[-48.587679862976074, -26.28704718238352], [-48.58922481536865, -26.286277633403067], [-48.58909606933594, -26.28593133469627], [-48.58750820159912, -26.286662408531473], [-48.587679862976074, -26.28704718238352]]]}}, {"type": "Feature", "properties": {"cod_imovel": "SC-4216206-A22A39B9E51E42D889827EFB2357D307", "municipio": "Sao Francisco do Sul", "num_area": 8.9776, "mod_fiscal": 0.7481, "des_condic": "Aguardando analise", "ind_status": "AT", "dat_atuali": "05/05/2015"}, "geometry": {"type": "Polygon", "coordinates": [[[-48.59233617782593, -26.2874704321466], [-48.60975980758667, -26.280198016989406], [-48.60954523086548, -26.27981322042052], [-48.592422008514404, -26.28697022771523], [-48.59233617782593, -26.2874704321466]]]}}, {"type": "Feature", "properties": {"cod_imovel": "SC-4216206-A417FEF3BF994DE89709D2B1E71C7223", "municipio": "Sao Francisco do Sul", "num_area": 220.7522, "mod_fiscal": 18.396, "des_condic": "Aguardando analise", "ind_status": "AT", "dat_atuali": "15/08/2014"}, "geometry": {"type": "Polygon", "coordinates": [[[-48.62416859955271, -26.292732941786042], [-48.62383645410817, -26.292544122959498], [-48.62342399085611, -26.291928988053577], [-48.6222378785144, -26.291339978703487], [-48.62142097101929, -26.290233101350587], [-48.62120501199338, -26.289315057784012], [-48.62054848310603, -26.288612999345588], [-48.616302690262245, -26.290409469980574], [-48.61617073745054, -26.290220379781644], [-48.61180190027004, -26.29253606999813], [-48.61301418951888, -26.29441694101268], [-48.60295048187861, -26.29955380766514], [-48.606079726754594, -26.306886158242598], [-48.622633294863284, -26.300621625981744], [-48.620814159265066, -26.296926691458566], [-48.624772365523164, -26.294499641977275], [-48.62461168028161, -26.2939825898778], [-48.62414606052748, -26.29353337879366], [-48.62416859955271, -26.292732941786042]]]}}, {"type": "Feature", "properties": {"cod_imovel": "SC-4216206-A49B1C7448704339B9B002D0FC030C32", "municipio": "Sao Francisco do Sul", "num_area": 59.5683, "mod_fiscal": 4.964, "des_condic": "Aguardando analise", "ind_status": "AT", "dat_atuali": "17/07/2015"}, "geometry": {"type": "Polygon", "coordinates": [[[-48.61291408538818, -26.334614628890254], [-48.605661392211914, -26.31880586111704], [-48.60360145568848, -26.319498261099397], [-48.606863021850586, -26.326806675139938], [-48.60583305358887, -26.327383635552238], [-48.610897064208984, -26.33772997083918], [-48.61233472824097, -26.337056910235226], [-48.61291408538818, -26.334614628890254]]]}}, {"type": "Feature", "properties": {"cod_imovel": "SC-4216206-AC0860A733A74A179324EF3FA202E71C", "municipio": "Sao Francisco do Sul", "num_area": 3.6165, "mod_fiscal": 0.3014, "des_condic": "Aguardando analise", "ind_status": "AT", "dat_atuali": "26/03/2015"}, "geometry": {"type": "Polygon", "coordinates": [[[-48.57690811157226, -26.282660684811287], [-48.57647895812988, -26.281871867214683], [-48.57332468032837, -26.28323786502068], [-48.5735821723938, -26.284161347382977], [-48.57690811157226, -26.282660684811287]]]}}, {"type": "Feature", "properties": {"cod_imovel": "SC-4216206-B291B7F063B24858A7D4BDE844D2B21F", "municipio": "Sao Francisco do Sul", "num_area": 1.6435, "mod_fiscal": 0.137, "des_condic": "Aguardando analise", "ind_status": "AT", "dat_atuali": "30/04/2015"}, "geometry": {"type": "Polygon", "coordinates": [[[-48.62802028656006, -26.354689805747174], [-48.630359172821045, -26.35407452640613], [-48.630123138427734, -26.353478471423024], [-48.62847089767456, -26.35386302337664], [-48.62853527069091, -26.353978388713394], [-48.62791299819946, -26.35417066401893], [-48.62802028656006, -26.354689805747174]]]}}, {"type": "Feature", "properties": {"cod_imovel": "SC-4216206-B38F10F3DAC34D55966FA6DE7264AF09", "municipio": "Sao Francisco do Sul", "num_area": 3.3806, "mod_fiscal": 0.2817, "des_condic": "Aguardando analise", "ind_status": "AT", "dat_atuali": "16/03/2016"}, "geometry": {"type": "Polygon", "coordinates": [[[-48.681278228759766, -26.303321947285777], [-48.68059158325195, -26.302687158846854], [-48.67915391921997, -26.30443762763279], [-48.68020534515381, -26.30511087781908], [-48.68061304092407, -26.30472616390578], [-48.68093490600586, -26.305130113481223], [-48.681514263153076, -26.304572277982903], [-48.681535720825195, -26.304226033909444], [-48.68147134780883, -26.303899024668105], [-48.68091344833374, -26.303995203952496], [-48.68069887161255, -26.303533542659565], [-48.681278228759766, -26.303321947285777]]]}}, {"type": "Feature", "properties": {"cod_imovel": "SC-4216206-CBFA411330494318B1EA2DFD48EFA370", "municipio": "Sao Francisco do Sul", "num_area": 4.4903, "mod_fiscal": 0.3742, "des_condic": "Aguardando analise", "ind_status": "AT", "dat_atuali": "25/04/2017"}, "geometry": {"type": "Polygon", "coordinates": [[[-48.683123588562005, -26.30580335964506], [-48.68172883987427, -26.30511087781908], [-48.67692232131958, -26.30932341161988], [-48.677372932434075, -26.309669640464804], [-48.68183612823486, -26.305726417424278], [-48.682780265808105, -26.30622654094638], [-48.683123588562005, -26.30580335964506]]]}}, {"type": "Feature", "properties": {"cod_imovel": "SC-4216206-D08C68F2A572440F9EA341B4E639A0AF", "municipio": "Sao Francisco do Sul", "num_area": 3.0217, "mod_fiscal": 0.2518, "des_condic": "Aguardando analise", "ind_status": "AT", "dat_atuali": "05/05/2016"}, "geometry": {"type": "Polygon", "coordinates": [[[-48.65252494812012, -26.33663384156655], [-48.652503490448, -26.33638384571725], [-48.651387691497796, -26.336614611135754], [-48.65025043487548, -26.33640307618636], [-48.64952087402344, -26.337768431326896], [-48.65046501159668, -26.33772997083918], [-48.650829792022705, -26.33788381271336], [-48.65121603012084, -26.337537668208874], [-48.651580810546875, -26.33772997083918], [-48.65252494812012, -26.33663384156655]]]}}, {"type": "Feature", "properties": {"cod_imovel": "SC-4216206-E1C599246AD14DD08595ABC196D62F39", "municipio": "Sao Francisco do Sul", "num_area": 16.7237, "mod_fiscal": 1.3936, "des_condic": "Aguardando analise", "ind_status": "AT", "dat_atuali": "08/05/2018"}, "geometry": {"type": "Polygon", "coordinates": [[[-48.65777504656406, -26.27564782517435], [-48.66094880727503, -26.27256888449217], [-48.66000412947728, -26.27180647884371], [-48.66106087664113, -26.2709367045722], [-48.66066115650796, -26.27057497826575], [-48.65987405319443, -26.2709506450446], [-48.65910379167182, -26.27102320007958], [-48.65429762153359, -26.27376725070278], [-48.65447524641264, -26.27398996705079], [-48.65566349456737, -26.27454103318985], [-48.6573845634496, -26.27481063473207], [-48.65768861972606, -26.27515483045153], [-48.65777504656406, -26.27564782517435]]]}}, {"type": "Feature", "properties": {"cod_imovel": "SC-4216206-DF25EB44D04A4F49BB9047AC9CC1A4C6", "municipio": "Sao Francisco do Sul", "num_area": 13.2001, "mod_fiscal": 1.1, "des_condic": "Aguardando analise", "ind_status": "AT", "dat_atuali": "02/05/2015"}, "geometry": {"type": "Polygon", "coordinates": [[[-48.60153315999195, -26.26843666913749], [-48.61308474715938, -26.26266721601697], [-48.61266303242621, -26.26184607963326], [-48.60110696542908, -26.26761744093351], [-48.60153315999195, -26.26843666913749]]]}}, {"type": "Feature", "properties": {"cod_imovel": "SC-4216206-EBE0786F99614A9F9514CE516BA20421", "municipio": "Sao Francisco do Sul", "num_area": 8.0363, "mod_fiscal": 0.6697, "des_condic": "Aguardando analise", "ind_status": "AT", "dat_atuali": "28/08/2014"}, "geometry": {"type": "Polygon", "coordinates": [[[-48.646224961540526, -26.279209726528396], [-48.644026900140624, -26.280482244254465], [-48.643890622305896, -26.28029048530347], [-48.63495616402965, -26.285459062575004], [-48.63517261983432, -26.286139488597254], [-48.646167456609426, -26.279578800463714], [-48.646224961540526, -26.279209726528396]]]}}, {"type": "Feature", "properties": {"cod_imovel": "SC-4216206-EBE91C416E3843BEBD0F92E900CB3785", "municipio": "Sao Francisco do Sul", "num_area": 1.7517, "mod_fiscal": 0.146, "des_condic": "Aguardando analise", "ind_status": "AT", "dat_atuali": "21/11/2017"}, "geometry": {"type": "Polygon", "coordinates": [[[-48.6845222262927, -26.3299761693582], [-48.68452151102937, -26.33049487425821], [-48.68373465127585, -26.33205049576836], [-48.68379870249285, -26.33216450224186], [-48.68536917857056, -26.33116443428993], [-48.68487146095046, -26.32965035162712], [-48.6845222262927, -26.3299761693582]]]}}, {"type": "Feature", "properties": {"cod_imovel": "SC-4216206-EFE1A4EE02E94F9087A49261558F5B6B", "municipio": "Sao Francisco do Sul", "num_area": 0.3947, "mod_fiscal": 0.0329, "des_condic": "Aguardando analise", "ind_status": "AT", "dat_atuali": "04/07/2016"}, "geometry": {"type": "Polygon", "coordinates": [[[-48.65016460418701, -26.27569581725847], [-48.650550842285156, -26.27600366553855], [-48.651108741760254, -26.275561133379153], [-48.65078687667847, -26.275214802686026], [-48.65016460418701, -26.27569581725847]]]}}, {"type": "Feature", "properties": {"cod_imovel": "SC-4216206-F2C3B20EB4E04DE7AE686396809A61F8", "municipio": "Sao Francisco do Sul", "num_area": 7.406, "mod_fiscal": 0.6172, "des_condic": "Aguardando analise", "ind_status": "AT", "dat_atuali": "02/05/2015"}, "geometry": {"type": "Polygon", "coordinates": [[[-48.60442200304354, -26.26699026650841], [-48.60154247043025, -26.26842859368142], [-48.60111100219505, -26.26762112911385], [-48.60075457267642, -26.2678061706728], [-48.60236789627366, -26.27011921232915], [-48.60527560048541, -26.26867246299534], [-48.60442200304354, -26.26699026650841]]]}}, {"type": "Feature", "properties": {"cod_imovel": "SC-4216206-F355D9E262314C1796106FD385EF510B", "municipio": "Sao Francisco do Sul", "num_area": 8.4679, "mod_fiscal": 0.7057, "des_condic": "Aguardando analise", "ind_status": "AT", "dat_atuali": "20/12/2016"}, "geometry": {"type": "Polygon", "coordinates": [[[-48.66698741912842, -26.33007607946337], [-48.66876840591431, -26.329479900851496], [-48.664348125457764, -26.326210479693703], [-48.663339614868164, -26.32730670766338], [-48.66698741912842, -26.33007607946337]]]}}, {"type": "Feature", "properties": {"cod_imovel": "SC-4216206-FD185027A3194DC8AFA9F7D3B2BF04F3", "municipio": "Sao Francisco do Sul", "num_area": 0.6071, "mod_fiscal": 0.0506, "des_condic": "Aguardando analise", "ind_status": "AT", "dat_atuali": "21/10/2015"}, "geometry": {"type": "Polygon", "coordinates": [[[-48.680763244628906, -26.2929917761961], [-48.679282665252686, -26.29339576665975], [-48.67966890335082, -26.293780518173797], [-48.68091344833374, -26.293222628061955], [-48.680763244628906, -26.2929917761961]]]}}, {"type": "Feature", "properties": {"cod_imovel": "SC-4216206-FE222B1342E74715BB804D60D9A8F402", "municipio": "Sao Francisco do Sul", "num_area": 0.8424, "mod_fiscal": 0.0702, "des_condic": "Aguardando analise", "ind_status": "AT", "dat_atuali": "18/01/2017"}, "geometry": {"type": "Polygon", "coordinates": [[[-48.623385429382324, -26.366321814762063], [-48.62360000610351, -26.366148785186535], [-48.62216234207153, -26.364918345179998], [-48.621840476989746, -26.36528363342389], [-48.6229133605957, -26.366148785186535], [-48.623085021972656, -26.36601420644874], [-48.623385429382324, -26.366321814762063]]]}}, {"type": "Feature", "properties": {"cod_imovel": "SC-4216206-95C27B96F9884AB5AE03E474F0E422DA", "municipio": "Sao Francisco do Sul", "num_area": 4.6496, "mod_fiscal": 0.3875, "des_condic": "Aguardando analise", "ind_status": "AT", "dat_atuali": "13/03/2015"}, "geometry": {"type": "Polygon", "coordinates": [[[-48.580384254455566, -26.28348797555299], [-48.57703685760498, -26.284834715304456], [-48.577723503112786, -26.285796662697752], [-48.5809850692749, -26.28456536860488], [-48.580384254455566, -26.28348797555299]]]}}, {"type": "Feature", "properties": {"cod_imovel": "SC-4216206-3B98B0A2989A4E9F85FDB7C9E3777E26", "municipio": "Sao Francisco do Sul", "num_area": 2.1352, "mod_fiscal": 0.1779, "des_condic": "Aguardando analise", "ind_status": "AT", "dat_atuali": "04/05/2015"}, "geometry": {"type": "Polygon", "coordinates": [[[-48.61074686050415, -26.266825587990095], [-48.61053228378296, -26.266517715367534], [-48.60581159591675, -26.268942190168985], [-48.6059832572937, -26.26925005636203], [-48.61074686050415, -26.266825587990095]]]}}, {"type": "Feature", "properties": {"cod_imovel": "SC-4216206-7F094111EA7E495885F57768DB168683", "municipio": "Sao Francisco do Sul", "num_area": 1.1014, "mod_fiscal": 0.0918, "des_condic": "Aguardando analise", "ind_status": "AT", "dat_atuali": "26/06/2018"}, "geometry": {"type": "Polygon", "coordinates": [[[-48.63394260406494, -26.325460422998038], [-48.63381385803223, -26.32559504891655], [-48.63505840301514, -26.32690283540829], [-48.63548755645752, -26.32701822762491], [-48.63576650619506, -26.326537425963686], [-48.63394260406494, -26.325460422998038]]]}}, {"type": "Feature", "properties": {"cod_imovel": "SC-4216206-C30D495386D7408CBE1C74467D62261A", "municipio": "Sao Francisco do Sul", "num_area": 2.046, "mod_fiscal": 0.1705, "des_condic": "Aguardando analise", "ind_status": "AT", "dat_atuali": "17/03/2016"}, "geometry": {"type": "Polygon", "coordinates": [[[-48.62606763839721, -26.365745048503086], [-48.62572431564331, -26.366052657532673], [-48.62544536590576, -26.365841176412765], [-48.62497329711914, -26.366264138265656], [-48.62744092941284, -26.36830202368216], [-48.62778425216675, -26.36799442063863], [-48.626346588134766, -26.366514069542188], [-48.62615346908569, -26.36661019681235], [-48.62589597702026, -26.36624491276048], [-48.62615346908569, -26.365956529798865], [-48.62606763839721, -26.365745048503086]]]}}, {"type": "Feature", "properties": {"cod_imovel": "SC-4216206-6CC5C37F55274AB18D1DF8DBBBAAC67B", "municipio": "Sao Francisco do Sul", "num_area": 1.8158, "mod_fiscal": 0.1513, "des_condic": "Aguardando analise", "ind_status": "AT", "dat_atuali": "11/03/2015"}, "geometry": {"type": "Polygon", "coordinates": [[[-48.60349416732788, -26.27579201993373], [-48.602356910705566, -26.276369234310497], [-48.60332250595093, -26.27733125189184], [-48.60443830490112, -26.276811763388405], [-48.60349416732788, -26.27579201993373]]]}}, {"type": "Feature", "properties": {"cod_imovel": "SC-4216206-C359F42316FE4E518A1AE3A5131E52EC", "municipio": "Sao Francisco do Sul", "num_area": 5.9851, "mod_fiscal": 0.4988, "des_condic": "Aguardando analise", "ind_status": "AT", "dat_atuali": "13/03/2015"}, "geometry": {"type": "Polygon", "coordinates": [[[-48.594331741333, -26.276138348904293], [-48.59321594238281, -26.27473378611992], [-48.59059810638428, -26.276253791664818], [-48.591649532318115, -26.277677576268818], [-48.594331741333, -26.276138348904293]]]}}, {"type": "Feature", "properties": {"cod_imovel": "SC-4216206-6C5FDCE5CD75466CAB60C66D17CC3F29", "municipio": "Sao Francisco do Sul", "num_area": 3.6212, "mod_fiscal": 0.3018, "des_condic": "Aguardando analise", "ind_status": "AT", "dat_atuali": "13/03/2015"}, "geometry": {"type": "Polygon", "coordinates": [[[-48.59752893447876, -26.274599101124146], [-48.59448194503784, -26.275734298338136], [-48.594889640808105, -26.27665784042227], [-48.59797954559326, -26.275484171092227], [-48.59752893447876, -26.274599101124146]]]}}, {"type": "Feature", "properties": {"cod_imovel": "SC-4216206-76AE2134295248BD8D42000D12A2AD8D", "municipio": "Sao Francisco do Sul", "num_area": 2.9298, "mod_fiscal": 0.2441, "des_condic": "Aguardando analise", "ind_status": "AT", "dat_atuali": "13/03/2015"}, "geometry": {"type": "Polygon", "coordinates": [[[-48.59905242919922, -26.26975033718434], [-48.5985803604126, -26.269019156793785], [-48.59596252441406, -26.27044303014816], [-48.596434593200684, -26.27121268414888], [-48.59905242919922, -26.26975033718434]]]}}, {"type": "Feature", "properties": {"cod_imovel": "SC-4216206-4868770F10734815A0E3845814E7F67D", "municipio": "Sao Francisco do Sul", "num_area": 4.6385, "mod_fiscal": 0.3865, "des_condic": "Aguardando analise", "ind_status": "AT", "dat_atuali": "18/03/2015"}, "geometry": {"type": "Polygon", "coordinates": [[[-48.58986854553223, -26.279967139201215], [-48.58931064605713, -26.278947423474804], [-48.585877418518066, -26.28010181796682], [-48.58652114868164, -26.28114076318996], [-48.58986854553223, -26.279967139201215]]]}}, {"type": "Feature", "properties": {"cod_imovel": "SC-4216206-3CB4E348ECDB45B7A467387CD342B244", "municipio": "Sao Francisco do Sul", "num_area": 1.8011, "mod_fiscal": 0.1501, "des_condic": "Aguardando analise", "ind_status": "AT", "dat_atuali": "25/03/2015"}, "geometry": {"type": "Polygon", "coordinates": [[[-48.597464561462395, -26.27948614233365], [-48.59684228897095, -26.278235541146596], [-48.59574794769287, -26.27867806310748], [-48.596413135528564, -26.27992865952519], [-48.597464561462395, -26.27948614233365]]]}}, {"type": "Feature", "properties": {"cod_imovel": "SC-4216206-1BE8F6D8B6D346988EB31C2B0A67818D", "municipio": "Sao Francisco do Sul", "num_area": 24.1825, "mod_fiscal": 2.0152, "des_condic": "Aguardando analise", "ind_status": "AT", "dat_atuali": "25/09/2018"}, "geometry": {"type": "Polygon", "coordinates": [[[-48.6582989333333, -26.3471952242438], [-48.6666462527778, -26.3450529770217], [-48.6675613138889, -26.3438660325772], [-48.6675872722222, -26.3434683159106], [-48.6673236611111, -26.343183085355], [-48.6663699305556, -26.3427620186884], [-48.6575457055556, -26.3450250186883], [-48.6582989333333, -26.3471952242438]]]}}, {"type": "Feature", "properties": {"cod_imovel": "SC-4216206-52C8FE7FB82A4BEFA6ED813032775C09", "municipio": "Sao Francisco do Sul", "num_area": 0.2477, "mod_fiscal": 0.0206, "des_condic": "Aguardando analise", "ind_status": "AT", "dat_atuali": "23/03/2017"}, "geometry": {"type": "Polygon", "coordinates": [[[-48.59081268310547, -26.285719707199846], [-48.591907024383545, -26.28506558340633], [-48.59179973602295, -26.284911671389455], [-48.59081268310547, -26.285508079317328], [-48.59081268310547, -26.285719707199846]]]}}, {"type": "Feature", "properties": {"cod_imovel": "SC-4216206-4B51EF497B864C43A38404D32209DA98", "municipio": "Sao Francisco do Sul", "num_area": 5.913, "mod_fiscal": 0.4928, "des_condic": "Aguardando analise", "ind_status": "AT", "dat_atuali": "10/06/2015"}, "geometry": {"type": "Polygon", "coordinates": [[[-48.64587448863453, -26.30707730119161], [-48.64048719406128, -26.303610486336076], [-48.64111115870608, -26.30512802673044], [-48.64598487542585, -26.30799371492339], [-48.64587448863453, -26.30707730119161]]]}}, {"type": "Feature", "properties": {"cod_imovel": "SC-4216206-97BC046A7E88434AA87D638BF6A96CA9", "municipio": "Sao Francisco do Sul", "num_area": 0.7393, "mod_fiscal": 0.0616, "des_condic": "Aguardando analise", "ind_status": "AT", "dat_atuali": "12/06/2015"}, "geometry": {"type": "Polygon", "coordinates": [[[-48.61048936843872, -26.271443579353964], [-48.60982418060303, -26.27157826801149], [-48.609888553619385, -26.27236715558135], [-48.61003875732422, -26.27238639667461], [-48.610103130340576, -26.272848181955915], [-48.61033916473389, -26.27286742296943], [-48.61031770706177, -26.272251708954812], [-48.61053228378296, -26.27221322672045], [-48.61048936843872, -26.271443579353964]]]}}, {"type": "Feature", "properties": {"cod_imovel": "SC-4216206-B6A7BE8F8E664FA0BDC0BC576482C005", "municipio": "Sao Francisco do Sul", "num_area": 0.3289, "mod_fiscal": 0.0274, "des_condic": "Aguardando analise", "ind_status": "AT", "dat_atuali": "16/06/2015"}, "geometry": {"type": "Polygon", "coordinates": [[[-48.63089561462402, -26.277023407133484], [-48.630187511444085, -26.27700416680898], [-48.629887104034424, -26.27736973242921], [-48.63044500350952, -26.277504414209524], [-48.63046646118164, -26.277273531061844], [-48.63089561462402, -26.27723505049258], [-48.63089561462402, -26.277023407133484]]]}}, {"type": "Feature", "properties": {"cod_imovel": "SC-4216206-09933A1E5476456793B7D81C4E4D7D27", "municipio": "Sao Francisco do Sul", "num_area": 10.1235, "mod_fiscal": 0.8436, "des_condic": "Aguardando analise", "ind_status": "AT", "dat_atuali": "30/05/2018"}, "geometry": {"type": "Polygon", "coordinates": [[[-48.628621101379395, -26.338229956182605], [-48.62977981567383, -26.33692229764475], [-48.62578868865967, -26.334422321083974], [-48.62424373626709, -26.3358453912848], [-48.628621101379395, -26.338229956182605]]]}}, {"type": "Feature", "properties": {"cod_imovel": "SC-4216206-61316A187415436AB891B15D891CDA2F", "municipio": "Sao Francisco do Sul", "num_area": 10.7492, "mod_fiscal": 0.8958, "des_condic": "Aguardando analise", "ind_status": "AT", "dat_atuali": "30/01/2017"}, "geometry": {"type": "Polygon", "coordinates": [[[-48.60656162679411, -26.39481948820496], [-48.606991767883294, -26.395867621077198], [-48.61518859863281, -26.395867621077198], [-48.61545976435497, -26.39467094312128], [-48.60656162679411, -26.39481948820496]]]}}, {"type": "Feature", "properties": {"cod_imovel": "SC-4216206-1D2AD0961DA54D0FB68A6F8253F1A800", "municipio": "Sao Francisco do Sul", "num_area": 0.7386, "mod_fiscal": 0.0616, "des_condic": "Aguardando analise", "ind_status": "AT", "dat_atuali": "06/11/2015"}, "geometry": {"type": "Polygon", "coordinates": [[[-48.681278228759766, -26.33761458929934], [-48.68241548538208, -26.338460717920306], [-48.68286609649658, -26.338056884577394], [-48.682050704956055, -26.33751843792827], [-48.681278228759766, -26.33761458929934]]]}}, {"type": "Feature", "properties": {"cod_imovel": "SC-4216206-C01049894FA14A3C93297D951F346690", "municipio": "Sao Francisco do Sul", "num_area": 1.7274, "mod_fiscal": 0.144, "des_condic": "Aguardando analise", "ind_status": "AT", "dat_atuali": "05/05/2016"}, "geometry": {"type": "Polygon", "coordinates": [[[-48.681771755218506, -26.307496075579206], [-48.68374586105347, -26.308534775389266], [-48.68417501449585, -26.307996191464692], [-48.68222236633301, -26.306919016106452], [-48.681771755218506, -26.307496075579206]]]}}, {"type": "Feature", "properties": {"cod_imovel": "SC-4216206-DCAA6170EB3D4278AD4ECC52D3E596F0", "municipio": "Sao Francisco do Sul", "num_area": 0.1057, "mod_fiscal": 0.0088, "des_condic": "Aguardando analise", "ind_status": "AT", "dat_atuali": "18/10/2017"}, "geometry": {"type": "Polygon", "coordinates": [[[-48.62980127334595, -26.369763126959338], [-48.63003730773926, -26.369993825788313], [-48.63025188446045, -26.369743902036134], [-48.63001585006713, -26.369570877583424], [-48.62980127334595, -26.369763126959338]]]}}, {"type": "Feature", "properties": {"cod_imovel": "SC-4216206-0DA227821E26408C801F75BED872B3E3", "municipio": "Sao Francisco do Sul", "num_area": 0.3083, "mod_fiscal": 0.0257, "des_condic": "Aguardando analise", "ind_status": "AT", "dat_atuali": "29/12/2017"}, "geometry": {"type": "Polygon", "coordinates": [[[-48.63102436065674, -26.350844256164347], [-48.627333641052246, -26.349863620562257], [-48.6310350894928, -26.350940396462164], [-48.63102436065674, -26.350844256164347]]]}}, {"type": "Feature", "properties": {"cod_imovel": "SC-4216206-47465C3E381740149C9852F8E6D377C5", "municipio": "Sao Francisco do Sul", "num_area": 241.2346, "mod_fiscal": 20.1029, "des_condic": "Aguardando analise", "ind_status": "AT", "dat_atuali": "29/11/2015"}, "geometry": {"type": "Polygon", "coordinates": [[[-48.62447006057288, -26.30395271750334], [-48.61538578877844, -26.308438591518584], [-48.616136259202584, -26.31317763886788], [-48.62816039054441, -26.316678517307395], [-48.62458790143668, -26.314013271504297], [-48.628483299274066, -26.310973470828856], [-48.63152715003837, -26.313415261574445], [-48.63143842593649, -26.312172882269394], [-48.63259643350423, -26.312925478392778], [-48.63300379062702, -26.312365919069897], [-48.631888128125475, -26.311679153722384], [-48.63660924791968, -26.30649547165574], [-48.63501089694452, -26.305216859599803], [-48.63520876978043, -26.305012960683943], [-48.63470290334275, -26.30468246400549], [-48.63379368100755, -26.302457866749453], [-48.633768782565284, -26.301871992039935], [-48.634735854013904, -26.29983004266494], [-48.63479840213806, -26.298594042038957], [-48.62956295815309, -26.29748710718162], [-48.6264386033025, -26.29806488245446], [-48.626770757479804, -26.299724224666864], [-48.622568332098716, -26.30019137679393], [-48.62447006057288, -26.30395271750334]]]}}, {"type": "Feature", "properties": {"cod_imovel": "SC-4216206-7013A4EBD4D1467BB3EC134CD7AC2CBF", "municipio": "Sao Francisco do Sul", "num_area": 4.8043, "mod_fiscal": 0.4004, "des_condic": "Aguardando analise", "ind_status": "AT", "dat_atuali": "17/12/2015"}, "geometry": {"type": "Polygon", "coordinates": [[[-48.67775917053223, -26.338076114768537], [-48.68269443511963, -26.34174902268654], [-48.68320941925049, -26.341210593215614], [-48.678810596466064, -26.33792227314996], [-48.67775917053223, -26.338076114768537]]]}}, {"type": "Feature", "properties": {"cod_imovel": "SC-4216206-E7EBF7B63E3B40A087603825CED4379D", "municipio": "Sao Francisco do Sul", "num_area": 6.7538, "mod_fiscal": 0.5628, "des_condic": "Aguardando analise", "ind_status": "AT", "dat_atuali": "16/08/2018"}, "geometry": {"type": "Polygon", "coordinates": [[[-48.640573024749756, -26.302764103085217], [-48.640122413635254, -26.303379655153307], [-48.64625930786133, -26.307496075579206], [-48.646838665008545, -26.3068228392483], [-48.640573024749756, -26.302764103085217]]]}}, {"type": "Feature", "properties": {"cod_imovel": "SC-4216206-C2071877E73C47DE91C89FF54BD87379", "municipio": "Sao Francisco do Sul", "num_area": 0.0638, "mod_fiscal": 0.0049, "des_condic": "Aguardando analise", "ind_status": "AT", "dat_atuali": "08/12/2017"}, "geometry": {"type": "Polygon", "coordinates": [[[-48.6114764213562, -26.272001574203404], [-48.61181974411011, -26.271905368386253], [-48.61169099807739, -26.271732197714446], [-48.6114764213562, -26.27178992130043], [-48.6114764213562, -26.272001574203404]]]}}, {"type": "Feature", "properties": {"cod_imovel": "SC-4216206-3D5EC122F33345D4AEE3378D36595767", "municipio": "Sao Francisco do Sul", "num_area": 1.946, "mod_fiscal": 0.1622, "des_condic": "Aguardando analise", "ind_status": "AT", "dat_atuali": "13/12/2017"}, "geometry": {"type": "Polygon", "coordinates": [[[-48.63529443740845, -26.31038132984176], [-48.6340069770813, -26.309284941684368], [-48.63347053527831, -26.31051597328625], [-48.634350299835205, -26.31116995350544], [-48.63529443740845, -26.31038132984176]]]}}, {"type": "Feature", "properties": {"cod_imovel": "SC-4216206-87EE0684A4BB4FEFAC1A9FCC08CC2F99", "municipio": "Sao Francisco do Sul", "num_area": 0.2475, "mod_fiscal": 0.0206, "des_condic": "Aguardando analise", "ind_status": "AT", "dat_atuali": "19/07/2018"}, "geometry": {"type": "Polygon", "coordinates": [[[-48.64307292745712, -26.33046814955169], [-48.6431865716581, -26.33049398109302], [-48.64364645533165, -26.32887257168976], [-48.64352825450992, -26.32885000319955], [-48.64307292745712, -26.33046814955169]]]}}, {"type": "Feature", "properties": {"cod_imovel": "SC-4216206-4A7239BB181B42D4BF5099F7AE12B7D6", "municipio": "Sao Francisco do Sul", "num_area": 56.437, "mod_fiscal": 4.7031, "des_condic": "Aguardando analise", "ind_status": "AT", "dat_atuali": "01/05/2015"}, "geometry": {"type": "Polygon", "coordinates": [[[-48.52505109962314, -26.24779085088401], [-48.52355939356139, -26.24701252628688], [-48.52099231317226, -26.24660147731387], [-48.5205723858543, -26.24642613258341], [-48.51978674472252, -26.24571726616657], [-48.51786041251069, -26.24545858102895], [-48.51750733397235, -26.24492909407118], [-48.51751194491699, -26.24371584179741], [-48.51023171468457, -26.24540444005202], [-48.51337837663932, -26.25062402079897], [-48.52505109962314, -26.24779085088401]]]}}, {"type": "Feature", "properties": {"cod_imovel": "SC-4216206-286FD9C0A1594F238ED3C86DEC0B5863", "municipio": "Sao Francisco do Sul", "num_area": 8.2541, "mod_fiscal": 0.6878, "des_condic": "Aguardando analise", "ind_status": "AT", "dat_atuali": "19/12/2017"}, "geometry": {"type": "Polygon", "coordinates": [[[-48.6050820350647, -26.27427200834083], [-48.603708744049065, -26.2723479144849], [-48.60070466995239, -26.273502374626112], [-48.60201358795166, -26.275445689929608], [-48.6050820350647, -26.27427200834083]]]}}, {"type": "Feature", "properties": {"cod_imovel": "SC-4216206-62886A52F47742D7AF4B561378D775F4", "municipio": "Sao Francisco do Sul", "num_area": 1.01, "mod_fiscal": 0.0842, "des_condic": "Aguardando analise", "ind_status": "AT", "dat_atuali": "05/05/2016"}, "geometry": {"type": "Polygon", "coordinates": [[[-48.58928918838501, -26.29437688049773], [-48.59154224395751, -26.2934342418686], [-48.591392040252686, -26.293126439840357], [-48.58886003494263, -26.294203743364807], [-48.5889458656311, -26.294357643051285], [-48.58928918838501, -26.29437688049773]]]}}, {"type": "Feature", "properties": {"cod_imovel": "SC-4216206-1152F832C8854EFCB55312AF6D5797FB", "municipio": "Sao Francisco do Sul", "num_area": 4.235, "mod_fiscal": 0.3529, "des_condic": "Cancelado por decisao administrativa", "ind_status": "CA", "dat_atuali": "15/04/2016"}, "geometry": {"type": "Polygon", "coordinates": [[[-48.6696986341364, -26.303998646116547], [-48.66741472290607, -26.306288661783444], [-48.66826601228995, -26.307128023484086], [-48.67049232834726, -26.304899590464068], [-48.6696986341364, -26.303998646116547]]]}}, {"type": "Feature", "properties": {"cod_imovel": "SC-4216206-6BB96D52B0F54E5E876CDC9123FB7EDB", "municipio": "Sao Francisco do Sul", "num_area": 9.451, "mod_fiscal": 0.7876, "des_condic": "Aguardando analise", "ind_status": "AT", "dat_atuali": "16/03/2016"}, "geometry": {"type": "Polygon", "coordinates": [[[-48.6819863319397, -26.305033935138578], [-48.68308067321777, -26.305841830736313], [-48.687801361083984, -26.301590697900764], [-48.6869215965271, -26.30062888151439], [-48.6819863319397, -26.305033935138578]]]}}, {"type": "Feature", "properties": {"cod_imovel": "SC-4216206-54FF2A1F8D9B48D78ADA38B5DFE17A79", "municipio": "Sao Francisco do Sul", "num_area": 3.1054, "mod_fiscal": 0.2588, "des_condic": "Aguardando analise", "ind_status": "AT", "dat_atuali": "03/12/2014"}, "geometry": {"type": "Polygon", "coordinates": [[[-48.64739656448364, -26.31270871593193], [-48.646624088287346, -26.312324027241104], [-48.645572662353516, -26.312593309458787], [-48.6448860168457, -26.31251637174616], [-48.644564151763916, -26.312689481527723], [-48.6458945274353, -26.314285926210754], [-48.64739656448364, -26.31270871593193]]]}}, {"type": "Feature", "properties": {"cod_imovel": "SC-4216206-9B257D27AFF943B8AEFC2E2877773292", "municipio": "Sao Francisco do Sul", "num_area": 6.1162, "mod_fiscal": 0.5097, "des_condic": "Aguardando analise", "ind_status": "AT", "dat_atuali": "01/10/2018"}, "geometry": {"type": "Polygon", "coordinates": [[[-48.60723867846528, -26.330286530100153], [-48.60819383535024, -26.329570076913452], [-48.60877022146729, -26.329843618304572], [-48.60997216713181, -26.329802554766562], [-48.60850963690171, -26.3273553307525], [-48.60634537795911, -26.328522043516806], [-48.60723867846528, -26.330286530100153]]]}}, {"type": "Feature", "properties": {"cod_imovel": "SC-4216206-68C23FFED656417991F19EF7391E3A66", "municipio": "Sao Francisco do Sul", "num_area": 40.3991, "mod_fiscal": 3.3666, "des_condic": "Aguardando analise", "ind_status": "AT", "dat_atuali": "29/04/2016"}, "geometry": {"type": "Polygon", "coordinates": [[[-48.64413242099994, -26.31905010024945], [-48.64266212899993, -26.32080136524942], [-48.64241585699992, -26.32059461424945], [-48.64130742699993, -26.32808924124932], [-48.64404538599995, -26.32866708024925], [-48.64526493399997, -26.32257016724941], [-48.64667831542789, -26.32287079996857], [-48.64545038899994, -26.32896347524927], [-48.64603855799993, -26.32909116124925], [-48.64653021099995, -26.32677429924935], [-48.64677514799994, -26.32681699424932], [-48.64792359899997, -26.32251651324942], [-48.64688775599993, -26.3199882302495], [-48.6456339641338, -26.32040546512897], [-48.64413242099994, -26.31905010024945]]]}}, {"type": "Feature", "properties": {"cod_imovel": "SC-4216206-78BB4BA8A5F242529033A6666CD46061", "municipio": "Sao Francisco do Sul", "num_area": 29.6134, "mod_fiscal": 2.4678, "des_condic": "Aguardando analise", "ind_status": "AT", "dat_atuali": "10/04/2017"}, "geometry": {"type": "Polygon", "coordinates": [[[-48.6335563659668, -26.256126535648253], [-48.63091707229614, -26.25608804806926], [-48.62967252731323, -26.258666687664586], [-48.633084297180176, -26.263034849469218], [-48.636474609375, -26.257896950495912], [-48.6335563659668, -26.256126535648253]]]}}, {"type": "Feature", "properties": {"cod_imovel": "SC-4216206-492080D9B9A345788E9D62646A3FB103", "municipio": "Sao Francisco do Sul", "num_area": 37.6796, "mod_fiscal": 3.14, "des_condic": "Aguardando analise", "ind_status": "AT", "dat_atuali": "27/08/2014"}, "geometry": {"type": "Polygon", "coordinates": [[[-48.646119958792895, -26.279948038533014], [-48.63547366007632, -26.2870920516718], [-48.635066322559375, -26.290884760328275], [-48.635381649869856, -26.29113362804106], [-48.64572541209934, -26.282630958101702], [-48.646119958792895, -26.279948038533014]]]}}, {"type": "Feature", "properties": {"cod_imovel": "SC-4216206-4F0983835B024B7A869AB5ABA137A2DB", "municipio": "Sao Francisco do Sul", "num_area": 0.0546, "mod_fiscal": 0.0045, "des_condic": "Aguardando analise", "ind_status": "AT", "dat_atuali": "31/10/2017"}, "geometry": {"type": "Polygon", "coordinates": [[[-48.65876913070679, -26.336268462835452], [-48.6587905883789, -26.336422306652292], [-48.65921974182129, -26.336364615244936], [-48.6590051651001, -26.336249232343963], [-48.65876913070679, -26.336268462835452]]]}}, {"type": "Feature", "properties": {"cod_imovel": "SC-4216206-72541FC1EEBC4A1DB0AA60ED7D05128E", "municipio": "Sao Francisco do Sul", "num_area": 0.1598, "mod_fiscal": 0.0133, "des_condic": "Aguardando analise", "ind_status": "AT", "dat_atuali": "28/03/2018"}, "geometry": {"type": "Polygon", "coordinates": [[[-48.60948085784912, -26.27307907390761], [-48.609459400176995, -26.27384871042931], [-48.60967397689819, -26.273694783533255], [-48.60967397689819, -26.27307907390761], [-48.60948085784912, -26.27307907390761]]]}}, {"type": "Feature", "properties": {"cod_imovel": "SC-4216206-45DBA657C4D54403923CE1BB04A34449", "municipio": "Sao Francisco do Sul", "num_area": 3.4747, "mod_fiscal": 0.2896, "des_condic": "Aguardando analise", "ind_status": "AT", "dat_atuali": "29/12/2017"}, "geometry": {"type": "Polygon", "coordinates": [[[-48.669776916503906, -26.329095267859802], [-48.67020606994629, -26.328672170093093], [-48.66569995880126, -26.32521040301987], [-48.66542100906372, -26.325652745690867], [-48.669776916503906, -26.329095267859802]]]}}, {"type": "Feature", "properties": {"cod_imovel": "SC-4216206-536C2F57A54A4D67AAA5A3DF4BBCFF87", "municipio": "Sao Francisco do Sul", "num_area": 3.9465, "mod_fiscal": 0.3289, "des_condic": "Aguardando analise", "ind_status": "AT", "dat_atuali": "17/12/2014"}, "geometry": {"type": "Polygon", "coordinates": [[[-48.607141971588135, -26.270712409628903], [-48.60716342926025, -26.27163599167402], [-48.60954523086548, -26.271559026784278], [-48.610939979553216, -26.27134737307432], [-48.61074686050415, -26.270981788484498], [-48.610854148864746, -26.27044303014816], [-48.607141971588135, -26.270712409628903]]]}}, {"type": "Feature", "properties": {"cod_imovel": "SC-4216206-02BBD79E1F3544CD9C44464B51840A4A", "municipio": "Sao Francisco do Sul", "num_area": 13.774, "mod_fiscal": 1.1478, "des_condic": "Aguardando analise", "ind_status": "AT", "dat_atuali": "06/02/2017"}, "geometry": {"type": "Polygon", "coordinates": [[[-48.59259366989136, -26.297416356947053], [-48.591392040252686, -26.297897279464014], [-48.59160661697388, -26.298358963203505], [-48.60576868057251, -26.29256854658179], [-48.60531806945801, -26.291818272105797], [-48.59246492385864, -26.29710856548931], [-48.59259366989136, -26.297416356947053]]]}}, {"type": "Feature", "properties": {"cod_imovel": "SC-4216206-E16EA2E846604AB1A82B4427F85E49CE", "municipio": "Sao Francisco do Sul", "num_area": 7.5622, "mod_fiscal": 0.6302, "des_condic": "Aguardando analise", "ind_status": "AT", "dat_atuali": "22/07/2022"}, "geometry": {"type": "Polygon", "coordinates": [[[-48.615252294039, -26.25842574048], [-48.615196313091, -26.256666599946], [-48.611703632826, -26.258118643683], [-48.611918488954, -26.258337335092], [-48.611828599961, -26.258409133994], [-48.611534769958, -26.258188843409], [-48.611714147556, -26.258592279213], [-48.610916672133, -26.259017537187], [-48.611503481225, -26.259983266423], [-48.615252294039, -26.25842574048]]]}}, {"type": "Feature", "properties": {"cod_imovel": "SC-4216206-04791994AD424C85823D4DCF2F6A2EE5", "municipio": "Sao Francisco do Sul", "num_area": 2.7741, "mod_fiscal": 0.2312, "des_condic": "Aguardando analise", "ind_status": "AT", "dat_atuali": "05/05/2016"}, "geometry": {"type": "Polygon", "coordinates": [[[-48.6587905883789, -26.277081128087886], [-48.659048080444336, -26.277658336052774], [-48.662052154541016, -26.27429124911831], [-48.66177320480347, -26.273790987867212], [-48.6587905883789, -26.277081128087886]]]}}, {"type": "Feature", "properties": {"cod_imovel": "SC-4216206-DC030CC7A91B4D96B4F1BAEA763F4848", "municipio": "Sao Francisco do Sul", "num_area": 3.6632, "mod_fiscal": 0.3053, "des_condic": "Aguardando analise", "ind_status": "AT", "dat_atuali": "11/03/2015"}, "geometry": {"type": "Polygon", "coordinates": [[[-48.582937717437744, -26.280755969747588], [-48.582401275634766, -26.279870939987212], [-48.57948303222656, -26.281121523548155], [-48.579955101013184, -26.282045022756286], [-48.582937717437744, -26.280755969747588]]]}}, {"type": "Feature", "properties": {"cod_imovel": "SC-4216206-182A9105170B480189118C0F24EB80C2", "municipio": "Sao Francisco do Sul", "num_area": 3.4331, "mod_fiscal": 0.2861, "des_condic": "Aguardando analise", "ind_status": "AT", "dat_atuali": "03/05/2016"}, "geometry": {"type": "Polygon", "coordinates": [[[-48.66563558578491, -26.330422246280826], [-48.67065668106079, -26.333960781045377], [-48.67097854614258, -26.333576162940805], [-48.66612911224365, -26.33013377400482], [-48.66563558578491, -26.330422246280826]]]}}, {"type": "Feature", "properties": {"cod_imovel": "SC-4216206-D56F25496EDD48978250847232FEC191", "municipio": "Sao Francisco do Sul", "num_area": 19.4042, "mod_fiscal": 1.617, "des_condic": "Aguardando analise", "ind_status": "AT", "dat_atuali": "09/03/2015"}, "geometry": {"type": "Polygon", "coordinates": [[[-48.682758808135986, -26.332806922897866], [-48.68359565734863, -26.331979984150657], [-48.67499113082886, -26.319382861389766], [-48.67415428161621, -26.320171423780828], [-48.682758808135986, -26.332806922897866]]]}}, {"type": "Feature", "properties": {"cod_imovel": "SC-4216206-9448F11C4FCA404C82F48700C5907B02", "municipio": "Sao Francisco do Sul", "num_area": 4.6384, "mod_fiscal": 0.3865, "des_condic": "Aguardando analise", "ind_status": "AT", "dat_atuali": "12/03/2015"}, "geometry": {"type": "Polygon", "coordinates": [[[-48.59860181808471, -26.276677080804202], [-48.601863384246826, -26.275580373942912], [-48.601241111755364, -26.274483656717646], [-48.59804391860962, -26.275580373942912], [-48.59860181808471, -26.276677080804202]]]}}, {"type": "Feature", "properties": {"cod_imovel": "SC-4216206-C92A308639BF4D3383EF9338042A23CE", "municipio": "Sao Francisco do Sul", "num_area": 8.5293, "mod_fiscal": 0.7108, "des_condic": "Aguardando analise", "ind_status": "AT", "dat_atuali": "05/05/2016"}, "geometry": {"type": "Polygon", "coordinates": [[[-48.6675238609314, -26.329883764117536], [-48.66619348526, -26.330210700015375], [-48.67284536361694, -26.334633859653312], [-48.673553466796875, -26.3338838575267], [-48.6675238609314, -26.329883764117536]]]}}, {"type": "Feature", "properties": {"cod_imovel": "SC-4216206-ABEAE8E022794D4C868CDD9D7E4477F6", "municipio": "Sao Francisco do Sul", "num_area": 135.0194, "mod_fiscal": 11.2516, "des_condic": "Cancelado por decisao administrativa", "ind_status": "CA", "dat_atuali": "15/04/2016"}, "geometry": {"type": "Polygon", "coordinates": [[[-48.66670463437031, -26.29624487480385], [-48.654142303558416, -26.308390991865643], [-48.66181694828536, -26.314147885430078], [-48.66744127882733, -26.308876280725386], [-48.6668655081453, -26.3085330598763], [-48.66826601228995, -26.307128023484086], [-48.66741472290607, -26.306288661783444], [-48.6677650197981, -26.305932729849893], [-48.667336757119514, -26.30551091547663], [-48.66770621755668, -26.305147305302963], [-48.66710787421391, -26.30460244065134], [-48.665568187298526, -26.306058372976203], [-48.66388135109832, -26.304247273756232], [-48.669923781083675, -26.299217517681452], [-48.66670463437031, -26.29624487480385]]]}}, {"type": "Feature", "properties": {"cod_imovel": "SC-4216206-B4A52D90FF9248B996C9C8CCCFB15DF3", "municipio": "Sao Francisco do Sul", "num_area": 3.807, "mod_fiscal": 0.3173, "des_condic": "Cancelado por decisao administrativa", "ind_status": "CA", "dat_atuali": "15/08/2016"}, "geometry": {"type": "Polygon", "coordinates": [[[-48.64167324489499, -26.338809930249933], [-48.643419052416355, -26.34069682360168], [-48.644530809512425, -26.340973497874636], [-48.64557827987118, -26.34026504642014], [-48.64379245558559, -26.340032966374213], [-48.642512375718425, -26.337980604713604], [-48.64167324489499, -26.338809930249933]]]}}, {"type": "Feature", "properties": {"cod_imovel": "SC-4216206-AB86DEF6CF414EC0A6BF9165215931E9", "municipio": "Sao Francisco do Sul", "num_area": 0.0297, "mod_fiscal": 0.0025, "des_condic": "Aguardando analise", "ind_status": "AT", "dat_atuali": "08/04/2018"}, "geometry": {"type": "Polygon", "coordinates": [[[-48.638899326324456, -26.30355277858348], [-48.639113903045654, -26.30343736299208], [-48.63904953002929, -26.303398891102756], [-48.638899326324456, -26.30355277858348]]]}}, {"type": "Feature", "properties": {"cod_imovel": "SC-4216206-BBABB7639DB04B8EBFD82C136F633703", "municipio": "Sao Francisco do Sul", "num_area": 10.8683, "mod_fiscal": 0.9057, "des_condic": "Aguardando analise", "ind_status": "AT", "dat_atuali": "24/09/2019"}, "geometry": {"type": "Polygon", "coordinates": [[[-48.65798111418286, -26.27616146735185], [-48.6578093244218, -26.27625748760597], [-48.65762473926925, -26.27595980291469], [-48.65780889097054, -26.27588911512387], [-48.65755137917616, -26.27502786781059], [-48.65702635369362, -26.27480044086546], [-48.65622359895701, -26.27477589034082], [-48.65282902215964, -26.27802594216232], [-48.65326227975517, -26.27834335556717], [-48.65387592085354, -26.2776337058245], [-48.65530796122323, -26.27867982480091], [-48.65813068605169, -26.2763684571253], [-48.65798111418286, -26.27616146735185]]]}}, {"type": "Feature", "properties": {"cod_imovel": "SC-4216206-5D1B99B55FB5418EB877504B722BC6A9", "municipio": "Sao Francisco do Sul", "num_area": 7.356, "mod_fiscal": 0.613, "des_condic": "Aguardando analise", "ind_status": "AT", "dat_atuali": "03/07/2018"}, "geometry": {"type": "Polygon", "coordinates": [[[-48.64295482635498, -26.310054337968097], [-48.63580942153931, -26.305283998663462], [-48.635315895080566, -26.305861066277135], [-48.643362522125244, -26.31116995350544], [-48.64295482635498, -26.310054337968097]]]}}, {"type": "Feature", "properties": {"cod_imovel": "SC-4216206-699FDBF611B047329D9AAAAD1D1652F3", "municipio": "Sao Francisco do Sul", "num_area": 5.2844, "mod_fiscal": 0.4404, "des_condic": "Aguardando analise", "ind_status": "AT", "dat_atuali": "01/10/2018"}, "geometry": {"type": "Polygon", "coordinates": [[[-48.609589926098764, -26.33085853568233], [-48.60831061497895, -26.3324135944421], [-48.60923531576828, -26.334011414177567], [-48.61115798141948, -26.333793899820257], [-48.609589926098764, -26.33085853568233]]]}}, {"type": "Feature", "properties": {"cod_imovel": "SC-4216206-6D6A602596F34956A4C5E3D2EFE0131B", "municipio": "Sao Francisco do Sul", "num_area": 4.7904, "mod_fiscal": 0.3992, "des_condic": "Aguardando analise", "ind_status": "AT", "dat_atuali": "18/12/2018"}, "geometry": {"type": "Polygon", "coordinates": [[[-48.58980653663726, -26.27972959315261], [-48.58053707913352, -26.28311714579832], [-48.58087793585348, -26.28347225973428], [-48.59014914377801, -26.28005708392077], [-48.58980653663726, -26.27972959315261]]]}}, {"type": "Feature", "properties": {"cod_imovel": "SC-4216206-261A243FD709413890E17CC5D0A0CFA0", "municipio": "Sao Francisco do Sul", "num_area": 95.0548, "mod_fiscal": 7.9212, "des_condic": "Aguardando analise", "ind_status": "AT", "dat_atuali": "14/01/2021"}, "geometry": {"type": "Polygon", "coordinates": [[[-48.5172487583333, -26.2574109186901], [-48.5492060666667, -26.2499147381347], [-48.5477791944444, -26.2475640436903], [-48.5158224722222, -26.2550599492457], [-48.5172487583333, -26.2574109186901]]]}}, {"type": "Feature", "properties": {"cod_imovel": "SC-4216206-BD7D46CF40A94569B3CE11B065C042B1", "municipio": "Sao Francisco do Sul", "num_area": 3.6099, "mod_fiscal": 0.3008, "des_condic": "Aguardando analise", "ind_status": "AT", "dat_atuali": "03/11/2015"}, "geometry": {"type": "Polygon", "coordinates": [[[-48.58010530471802, -26.282045022756286], [-48.579654693603516, -26.281179242464013], [-48.57654333114624, -26.282449051348372], [-48.57699394226074, -26.283314822164968], [-48.58010530471802, -26.282045022756286]]]}}, {"type": "Feature", "properties": {"cod_imovel": "SC-4216206-4F7CC9220E6A48BDA07E481C861A0353", "municipio": "Sao Francisco do Sul", "num_area": 0.0161, "mod_fiscal": 0.0013, "des_condic": "Aguardando analise", "ind_status": "AT", "dat_atuali": "08/11/2018"}, "geometry": {"type": "Polygon", "coordinates": [[[-48.62776316484686, -26.36295169565808], [-48.6277872249752, -26.36311532621999], [-48.6278540644309, -26.36303045186612], [-48.62776316484686, -26.36295169565808]]]}}, {"type": "Feature", "properties": {"cod_imovel": "SC-4216206-32CAC4FD313B466DB98E063C5B605013", "municipio": "Sao Francisco do Sul", "num_area": 2.8495, "mod_fiscal": 0.2375, "des_condic": "Aguardando analise", "ind_status": "AT", "dat_atuali": "16/05/2019"}, "geometry": {"type": "Polygon", "coordinates": [[[-48.5890172578723, -26.28899797479735], [-48.58869935261972, -26.28848515121856], [-48.58601984774562, -26.28966906215346], [-48.58654260635376, -26.290644756140754], [-48.58798027038574, -26.290029136459758], [-48.58774423599243, -26.28956741955456], [-48.5890172578723, -26.28899797479735]]]}}, {"type": "Feature", "properties": {"cod_imovel": "SC-4216206-3FD31BFF331F4E9FB5B2FEF90B9F0600", "municipio": "Sao Francisco do Sul", "num_area": 0.494, "mod_fiscal": 0.0412, "des_condic": "Aguardando analise", "ind_status": "AT", "dat_atuali": "21/05/2019"}, "geometry": {"type": "Polygon", "coordinates": [[[-48.6824416897933, -26.3337803741601], [-48.68337976319657, -26.3344249824566], [-48.68345286430542, -26.33433644343775], [-48.68257700526477, -26.33314066286465], [-48.6824416897933, -26.3337803741601]]]}}, {"type": "Feature", "properties": {"cod_imovel": "SC-4216206-DECD4423D954479D9C036F4FD24D031F", "municipio": "Sao Francisco do Sul", "num_area": 2.3173, "mod_fiscal": 0.1931, "des_condic": "Aguardando analise", "ind_status": "AT", "dat_atuali": "16/09/2022"}, "geometry": {"type": "Polygon", "coordinates": [[[-48.61125582304332, -26.2684501845688], [-48.60641420135602, -26.26923297710661], [-48.60653888394857, -26.26965397831217], [-48.61116187781636, -26.26890549581097], [-48.61125582304332, -26.2684501845688]]]}}, {"type": "Feature", "properties": {"cod_imovel": "SC-4216206-E8D1BFF48F0C48E785B8EB7BD875D6C3", "municipio": "Sao Francisco do Sul", "num_area": 1.3749, "mod_fiscal": 0.1146, "des_condic": "Aguardando analise", "ind_status": "AT", "dat_atuali": "28/04/2021"}, "geometry": {"type": "Polygon", "coordinates": [[[-48.58799326766628, -26.29003706415289], [-48.59041872230996, -26.28873407543432], [-48.59043369245197, -26.288558318218], [-48.59014076846063, -26.28851199335812], [-48.58969274778617, -26.28872220501047], [-48.58961416197187, -26.28857142900181], [-48.58895644522367, -26.2888704699396], [-48.58900767381243, -26.289047418824], [-48.58785020594168, -26.28954120638359], [-48.58799326766628, -26.29003706415289]]]}}, {"type": "Feature", "properties": {"cod_imovel": "SC-4216206-D48AB17FC7CF4EA08EBABD0D34866EA3", "municipio": "Sao Francisco do Sul", "num_area": 585.6798, "mod_fiscal": 48.8066, "des_condic": "Aguardando analise", "ind_status": "AT", "dat_atuali": "06/10/2022"}, "geometry": {"type": "Polygon", "coordinates": [[[-48.69466414268496, -26.299259535868813], [-48.69062682668104, -26.300319436868637], [-48.690802739681224, -26.30093070586871], [-48.690961808681294, -26.303561058868613], [-48.69069907068107, -26.304303273868552], [-48.6912753116816, -26.30478298786857], [-48.69134452168167, -26.305133386868572], [-48.6908913036812, -26.30555110786856], [-48.69002801668038, -26.305574281868527], [-48.68966167168, -26.30573186886849], [-48.68952746967991, -26.305978437868514], [-48.68977186468009, -26.306508080868493], [-48.68982695168017, -26.307181876868487], [-48.69019900668049, -26.30738329086849], [-48.690418301680744, -26.307346129868463], [-48.690711613681025, -26.306926919868538], [-48.69136767968169, -26.306479581868526], [-48.69198102168225, -26.306211401868588], [-48.692359448682645, -26.306318890868553], [-48.69247793068278, -26.306652608868568], [-48.69202445268226, -26.308242307868476], [-48.69149513868177, -26.308467154868513], [-48.69081006268109, -26.3083165778685], [-48.689425630679736, -26.308340412868443], [-48.68923935067956, -26.308809828868444], [-48.689564619679864, -26.310007028868426], [-48.68946308467975, -26.310421514868402], [-48.68916076967944, -26.31054783786838], [-48.68869032267898, -26.310443199868388], [-48.68829522467856, -26.311145946868336], [-48.68824653667855, -26.311546581868335], [-48.68800906167829, -26.31176238786836], [-48.687203007677546, -26.311722640868336], [-48.686600210676964, -26.311266837868285], [-48.686392035676725, -26.31167937686831], [-48.685969432676295, -26.311807315868272], [-48.68581046067615, -26.312358186868263], [-48.68541603267575, -26.31246380586829], [-48.68508310267542, -26.31235938586825], [-48.6849826266753, -26.312832493868232], [-48.68461349767495, -26.313089367868233], [-48.68469872167502, -26.313616040868176], [-48.684230862674575, -26.314517533868173], [-48.683821674674114, -26.31449270186813], [-48.683643931673956, -26.31385211686818], [-48.68352020567385, -26.313972613868167], [-48.67620919466638, -26.321533058867768], [-48.6770191986672, -26.323739626867727], [-48.68246580067268, -26.32218120586797], [-48.68281890684165, -26.322249738793538], [-48.68303205085635, -26.322100311645592], [-48.7047130676942, -26.31967898286855], [-48.70526028069475, -26.319283526868603], [-48.706577591695996, -26.319721138868587], [-48.70855777669784, -26.31959537486864], [-48.70931493069855, -26.319077616868668], [-48.710687287699876, -26.317005160868742], [-48.71141310370059, -26.313338643868857], [-48.71302339970206, -26.311445687868936], [-48.713392771702445, -26.310590155868972], [-48.71345381270248, -26.309674514869034], [-48.71289344970202, -26.308815285869038], [-48.71244612670159, -26.308828118868995], [-48.71193486270112, -26.30912933986901], [-48.71144508670066, -26.30890174486897], [-48.71124030870048, -26.307076250869017], [-48.711731132700926, -26.30636663886908], [-48.71064307569997, -26.303984415869063], [-48.70915162069861, -26.301772845869102], [-48.70884957869835, -26.301596615869116], [-48.707695617697276, -26.30143978786909], [-48.70594338069564, -26.300774809869054], [-48.70538566769514, -26.30042259986903], [-48.704687842694476, -26.29946609486906], [-48.70361279069349, -26.29959250286897], [-48.70295547369286, -26.299477910868976], [-48.702250018692204, -26.29874317486903], [-48.70156562569152, -26.29993114686894], [-48.70106730269105, -26.30014648186891], [-48.70056736869059, -26.29998823486893], [-48.700384680690426, -26.29974365786893], [-48.70038342569045, -26.299341279868948], [-48.70074261469078, -26.298796852868964], [-48.70068657369073, -26.298617133869012], [-48.69924374668938, -26.298200676868973], [-48.69861310168878, -26.29757633586896], [-48.698464470688656, -26.296863586868966], [-48.69870980568892, -26.294752957868997], [-48.698245114688476, -26.294494536868985], [-48.6975539956878, -26.294701414869], [-48.69731517068756, -26.295821934868925], [-48.697547039687784, -26.29628960786893], [-48.69754316268777, -26.296833845868942], [-48.69786316568804, -26.297248165868954], [-48.69752849168773, -26.297946133868933], [-48.69704714768729, -26.298232772868857], [-48.6959294636862, -26.298373047868882], [-48.69523665168551, -26.298706013868824], [-48.69466414268496, -26.299259535868813]]]}}, {"type": "Feature", "properties": {"cod_imovel": "SC-4216206-81230719DF8A4EFFA5E3A96C9058E491", "municipio": "Sao Francisco do Sul", "num_area": 173.3, "mod_fiscal": 14.4417, "des_condic": "Aguardando analise", "ind_status": "AT", "dat_atuali": "06/10/2022"}, "geometry": {"type": "Polygon", "coordinates": [[[-48.68303205067321, -26.322100311867974], [-48.68281890667303, -26.32224973886796], [-48.68246580067271, -26.32218120586797], [-48.683038793673234, -26.323651997867913], [-48.6832988766735, -26.323710451867907], [-48.68322776367342, -26.324477974867918], [-48.68495898267503, -26.32991576886782], [-48.68575505667581, -26.32994556886783], [-48.68724714367729, -26.33039248386785], [-48.68745555967747, -26.33071653286783], [-48.687566456677565, -26.331523147867852], [-48.687368866677396, -26.332258726867803], [-48.6877837666778, -26.332394803867803], [-48.689984371679984, -26.33041863286793], [-48.690978639680964, -26.330028699867952], [-48.691496702681484, -26.329131600867992], [-48.69288618468284, -26.327964831868055], [-48.694178074684096, -26.327559735868107], [-48.696572458686425, -26.327440899868165], [-48.69688870568672, -26.327209760868172], [-48.697213212687004, -26.327333999868173], [-48.69792489468771, -26.327231374868195], [-48.699389178689124, -26.32688630886827], [-48.700243038689955, -26.326493197868306], [-48.70066848069034, -26.326589608868257], [-48.70260227169217, -26.32614604886832], [-48.70372992469323, -26.32569232086839], [-48.70477145369425, -26.324576528868434], [-48.70447953369397, -26.32425953086843], [-48.704427705693895, -26.323934757868436], [-48.70467231669416, -26.323404821868454], [-48.70477610769427, -26.32243803186851], [-48.705394452694854, -26.32118460886852], [-48.70499834969451, -26.320990889868547], [-48.70430483169383, -26.320151016868525], [-48.7047130676942, -26.31967898286854], [-48.68303205067321, -26.322100311867974]]]}}, {"type": "Feature", "properties": {"cod_imovel": "SC-4216206-36424E45AD3E488BB710B8A6F057E395", "municipio": "Sao Francisco do Sul", "num_area": 3.6067, "mod_fiscal": 0.3006, "des_condic": "Aguardando analise", "ind_status": "AT", "dat_atuali": "04/05/2015"}, "geometry": {"type": "Polygon", "coordinates": [[[-48.66615056991577, -26.319613660694067], [-48.665549755096436, -26.3201137242757], [-48.66825342178345, -26.32201779276771], [-48.66911172866821, -26.321094611953495], [-48.667781352996826, -26.320152190615648], [-48.66739511489868, -26.320517620207884], [-48.66615056991577, -26.319613660694067]]]}}, {"type": "Feature", "properties": {"cod_imovel": "SC-4216206-E86EE3D3ED9B4C37A962D965C8D74DAD", "municipio": "Sao Francisco do Sul", "num_area": 23.1886, "mod_fiscal": 1.9324, "des_condic": "Aguardando analise", "ind_status": "AT", "dat_atuali": "22/01/2020"}, "geometry": {"type": "Polygon", "coordinates": [[[-48.63033660753541, -26.31470131739084], [-48.63151599515783, -26.31341134790796], [-48.62842693635266, -26.31095386813956], [-48.62460593751852, -26.31401696994915], [-48.6286134874665, -26.31703735994759], [-48.63033660753541, -26.31470131739084]]]}}, {"type": "Feature", "properties": {"cod_imovel": "SC-4216206-9621697DB06C450D95017FFA1A8B3EC9", "municipio": "Sao Francisco do Sul", "num_area": 0.29, "mod_fiscal": 0.0242, "des_condic": "Aguardando analise", "ind_status": "AT", "dat_atuali": "20/05/2015"}, "geometry": {"type": "Polygon", "coordinates": [[[-48.65012168884277, -26.331941521739584], [-48.64928483963013, -26.33234537641852], [-48.64945650100708, -26.33257614988822], [-48.65027189254761, -26.332191527183138], [-48.65012168884277, -26.331941521739584]]]}}, {"type": "Feature", "properties": {"cod_imovel": "SC-4216206-B24FC03A0FE74FFEACFB8890AAB9CE8B", "municipio": "Sao Francisco do Sul", "num_area": 2.4599, "mod_fiscal": 0.205, "des_condic": "Aguardando analise", "ind_status": "AT", "dat_atuali": "10/09/2015"}, "geometry": {"type": "Polygon", "coordinates": [[[-48.64394187927246, -26.293645855289096], [-48.648920059204094, -26.29737788305952], [-48.649048805236816, -26.296993143481995], [-48.644113540649414, -26.29335729143814], [-48.64394187927246, -26.293645855289096]]]}}, {"type": "Feature", "properties": {"cod_imovel": "SC-4216206-AEB26FCEA3E54B65B513769FBAF3DBFB", "municipio": "Sao Francisco do Sul", "num_area": 0.2577, "mod_fiscal": 0.0215, "des_condic": "Aguardando analise", "ind_status": "AT", "dat_atuali": "20/04/2015"}, "geometry": {"type": "Polygon", "coordinates": [[[-48.62241983413696, -26.3674368880357], [-48.62250566482544, -26.36734076145305], [-48.62102508544922, -26.366129559662156], [-48.62093925476074, -26.366206461740486], [-48.62241983413696, -26.3674368880357]]]}}, {"type": "Feature", "properties": {"cod_imovel": "SC-4216206-CC053A45BD6F4FE2B988D7E6E8ADBBBA", "municipio": "Sao Francisco do Sul", "num_area": 0.5069, "mod_fiscal": 0.0422, "des_condic": "Aguardando analise", "ind_status": "AT", "dat_atuali": "20/04/2015"}, "geometry": {"type": "Polygon", "coordinates": [[[-48.622591495513916, -26.36720618410302], [-48.62104654312134, -26.366110334134586], [-48.620896339416504, -26.366283363767657], [-48.62241983413696, -26.367398437412223], [-48.622591495513916, -26.36720618410302]]]}}, {"type": "Feature", "properties": {"cod_imovel": "SC-4216206-C48C4B545E094A5A9AB8C3029B0728DC", "municipio": "Sao Francisco do Sul", "num_area": 19.9658, "mod_fiscal": 1.6638, "des_condic": "Aguardando analise", "ind_status": "AT", "dat_atuali": "18/05/2017"}, "geometry": {"type": "Polygon", "coordinates": [[[-48.6712176332, -26.326854425], [-48.6698749849, -26.3290693725], [-48.6714029406, -26.3302360588], [-48.6721038658, -26.3302425213], [-48.6764394435, -26.3272855295], [-48.6749002365, -26.3254529905], [-48.6738360709, -26.32543208670001], [-48.6726057428, -26.3257273039], [-48.6712176332, -26.326854425]]]}}, {"type": "Feature", "properties": {"cod_imovel": "SC-4216206-BFFA170552764B10ABCAA7BC0BCD857B", "municipio": "Sao Francisco do Sul", "num_area": 0.0909, "mod_fiscal": 0.0076, "des_condic": "Aguardando analise", "ind_status": "AT", "dat_atuali": "28/09/2021"}, "geometry": {"type": "Polygon", "coordinates": [[[-48.62975709647153, -26.35885018186582], [-48.62932644212491, -26.35887727239645], [-48.62941264533092, -26.35909817750181], [-48.62968395484226, -26.3590968358405], [-48.62975709647153, -26.35885018186582]]]}}, {"type": "Feature", "properties": {"cod_imovel": "SC-4216206-2EBF375CB8484B89B116E13EDAB2D7AD", "municipio": "Sao Francisco do Sul", "num_area": 11.3336, "mod_fiscal": 0.9445, "des_condic": "Aguardando analise", "ind_status": "AT", "dat_atuali": "28/05/2018"}, "geometry": {"type": "Polygon", "coordinates": [[[-48.67084980010986, -26.327325939640378], [-48.67149353027344, -26.326537425963686], [-48.66662263870239, -26.32374873696041], [-48.66552829742431, -26.32488345300313], [-48.67037773132324, -26.328268302600783], [-48.67084980010986, -26.327325939640378]]]}}, {"type": "Feature", "properties": {"cod_imovel": "SC-4216206-0511BE3A26CB49B6A95A0CE1E8AFE5BB", "municipio": "Sao Francisco do Sul", "num_area": 11.4519, "mod_fiscal": 0.9543, "des_condic": "Aguardando analise", "ind_status": "AT", "dat_atuali": "03/09/2015"}, "geometry": {"type": "Polygon", "coordinates": [[[-48.659348487854004, -26.322075491324277], [-48.66370439529419, -26.326248944008682], [-48.66548538208008, -26.32561428117784], [-48.661043643951416, -26.32130617487335], [-48.660078048706055, -26.321863929809684], [-48.659348487854004, -26.322075491324277]]]}}, {"type": "Feature", "properties": {"cod_imovel": "SC-4216206-25BB4FE7F15F4DAC977B06C63F7DB230", "municipio": "Sao Francisco do Sul", "num_area": 16.5394, "mod_fiscal": 1.3783, "des_condic": "Aguardando analise", "ind_status": "AT", "dat_atuali": "13/12/2016"}, "geometry": {"type": "Polygon", "coordinates": [[[-48.634891495769644, -26.32642437331745], [-48.62989533816639, -26.327745709425965], [-48.629834073959046, -26.330752909450485], [-48.63483036418831, -26.329431584234715], [-48.634891495769644, -26.32642437331745]]]}}, {"type": "Feature", "properties": {"cod_imovel": "SC-4216206-3D7A383DC864432BAB7E50FC76E1C41A", "municipio": "Sao Francisco do Sul", "num_area": 40.5884, "mod_fiscal": 3.3824, "des_condic": "Aguardando analise", "ind_status": "AT", "dat_atuali": "03/02/2016"}, "geometry": {"type": "Polygon", "coordinates": [[[-48.59527587890625, -26.28015953738994], [-48.5945463180542, -26.278755023276236], [-48.571715354919434, -26.288259211674912], [-48.574161529541016, -26.288874840750427], [-48.59527587890625, -26.28015953738994]]]}}, {"type": "Feature", "properties": {"cod_imovel": "SC-4216206-9AFD926988DD4A84B61DBB327100AEC2", "municipio": "Sao Francisco do Sul", "num_area": 2.2291, "mod_fiscal": 0.1858, "des_condic": "Aguardando analise", "ind_status": "AT", "dat_atuali": "20/04/2015"}, "geometry": {"type": "Polygon", "coordinates": [[[-48.62780570983887, -26.281390878243172], [-48.63194704055786, -26.279659301435665], [-48.631668090820305, -26.279255263128967], [-48.627591133117676, -26.281025325291242], [-48.62780570983887, -26.281390878243172]]]}}, {"type": "Feature", "properties": {"cod_imovel": "SC-4216206-33D3F2145F774F99A32B9F6D0ECEEB65", "municipio": "Sao Francisco do Sul", "num_area": 0.4998, "mod_fiscal": 0.0417, "des_condic": "Aguardando analise", "ind_status": "AT", "dat_atuali": "16/03/2021"}, "geometry": {"type": "Polygon", "coordinates": [[[-48.66841707726272, -26.33023677729574], [-48.66811233514844, -26.33059040588709], [-48.6688695260912, -26.33117831272315], [-48.66918259084246, -26.33082123721451], [-48.66841707726272, -26.33023677729574]]]}}, {"type": "Feature", "properties": {"cod_imovel": "SC-4216206-3B32BE5EA76847FDAB571C3D14E7427F", "municipio": "Sao Francisco do Sul", "num_area": 61.7414, "mod_fiscal": 5.1451, "des_condic": "Aguardando analise", "ind_status": "AT", "dat_atuali": "17/12/2015"}, "geometry": {"type": "Polygon", "coordinates": [[[-48.5237864875257, -26.2682688542338], [-48.5273999453413, -26.2674246634459], [-48.5233128923267, -26.2565492363905], [-48.5175021988529, -26.2579116186402], [-48.5237864875257, -26.2682688542338]]]}}, {"type": "Feature", "properties": {"cod_imovel": "SC-4216206-4395BE828B214591AFB11E3B886D0893", "municipio": "Sao Francisco do Sul", "num_area": 0.0522, "mod_fiscal": 0.0043, "des_condic": "Aguardando analise", "ind_status": "AT", "dat_atuali": "30/09/2020"}, "geometry": {"type": "Polygon", "coordinates": [[[-48.62779267519092, -26.36348002153307], [-48.62744567658106, -26.36320493848206], [-48.62737543506562, -26.363265687515], [-48.62771881086377, -26.36356065805603], [-48.62779267519092, -26.36348002153307]]]}}, {"type": "Feature", "properties": {"cod_imovel": "SC-4216206-629A974296AC4C63BADC4DFA0FC59E98", "municipio": "Sao Francisco do Sul", "num_area": 0.2476, "mod_fiscal": 0.0206, "des_condic": "Aguardando analise", "ind_status": "AT", "dat_atuali": "02/06/2020"}, "geometry": {"type": "Polygon", "coordinates": [[[-48.60823947200245, -26.27314434027388], [-48.60779535780546, -26.27329975960577], [-48.60804424973807, -26.27385514482062], [-48.60842844066116, -26.27369927679795], [-48.60823939707137, -26.27348327806443], [-48.60823947200245, -26.27314434027388]]]}}, {"type": "Feature", "properties": {"cod_imovel": "SC-4216206-C02E7324AF37488486A4D1F714082250", "municipio": "Sao Francisco do Sul", "num_area": 3.4796, "mod_fiscal": 0.29, "des_condic": "Aguardando analise", "ind_status": "AT", "dat_atuali": "27/10/2020"}, "geometry": {"type": "Polygon", "coordinates": [[[-48.61623844767781, -26.27066864474657], [-48.61589017562427, -26.27009237315087], [-48.6119622535312, -26.27222078328322], [-48.61213818314146, -26.27244233533984], [-48.61395769010765, -26.2720563520157], [-48.61623844767781, -26.27066864474657]]]}}, {"type": "Feature", "properties": {"cod_imovel": "SC-4216206-E492A3724A2542E5BFBC6AB800BD5071", "municipio": "Sao Francisco do Sul", "num_area": 6.6869, "mod_fiscal": 0.5572, "des_condic": "Aguardando analise", "ind_status": "AT", "dat_atuali": "15/07/2020"}, "geometry": {"type": "Polygon", "coordinates": [[[-48.6115931813, -26.2704802206], [-48.61213214240001, -26.2720408083], [-48.6158883037, -26.2700873025], [-48.6152892003, -26.2689934049], [-48.6115931813, -26.2704802206]]]}}, {"type": "Feature", "properties": {"cod_imovel": "SC-4216206-145969C498484F52ABC5EEBA1724DE33", "municipio": "Sao Francisco do Sul", "num_area": 16.634, "mod_fiscal": 1.3862, "des_condic": "Aguardando analise", "ind_status": "AT", "dat_atuali": "07/08/2015"}, "geometry": {"type": "Polygon", "coordinates": [[[-48.628084659576416, -26.35618953542733], [-48.62793445587158, -26.355189717801522], [-48.623363971710205, -26.354093753935082], [-48.62319231033325, -26.35463212344801], [-48.616647720336914, -26.352959324257434], [-48.61671209335327, -26.353901478501687], [-48.62726926803589, -26.356977847076156], [-48.62724781036377, -26.35630489844331], [-48.6275053024292, -26.35632412560145], [-48.62729072570801, -26.356035717893683], [-48.628084659576416, -26.35618953542733]]]}}, {"type": "Feature", "properties": {"cod_imovel": "SC-4216206-9B9EA82F1A8A4D678AA280E40745D664", "municipio": "Sao Francisco do Sul", "num_area": 1.4563, "mod_fiscal": 0.1214, "des_condic": "Aguardando analise", "ind_status": "AT", "dat_atuali": "14/04/2016"}, "geometry": {"type": "Polygon", "coordinates": [[[-48.62719849, -26.35674585], [-48.62738809, -26.35719842], [-48.62838284, -26.35727741], [-48.62817768, -26.35605114], [-48.6272641, -26.35583341], [-48.62719849, -26.35674585]]]}}, {"type": "Feature", "properties": {"cod_imovel": "SC-4216206-A3128EFE8F3D4DDD95A51B4DE300ABE4", "municipio": "Sao Francisco do Sul", "num_area": 36.328, "mod_fiscal": 3.0273, "des_condic": "Aguardando analise", "ind_status": "AT", "dat_atuali": "14/07/2020"}, "geometry": {"type": "Polygon", "coordinates": [[[-48.638847825, -26.3192495325777], [-48.6307314416667, -26.3143411492445], [-48.6285892638889, -26.3170445409111], [-48.6368003222222, -26.322044265911], [-48.638847825, -26.3192495325777]]]}}, {"type": "Feature", "properties": {"cod_imovel": "SC-4216206-4366DD0192C741A1AAD9D896938398B7", "municipio": "Sao Francisco do Sul", "num_area": 0.3781, "mod_fiscal": 0.0315, "des_condic": "Aguardando analise", "ind_status": "AT", "dat_atuali": "23/01/2018"}, "geometry": {"type": "Polygon", "coordinates": [[[-48.65698814392089, -26.335460779442304], [-48.656601905822754, -26.335364626281983], [-48.656601905822754, -26.3357107772853], [-48.656344413757324, -26.335749238443984], [-48.65636587142944, -26.336056927253434], [-48.65698814392089, -26.336076157776855], [-48.65698814392089, -26.335460779442304]]]}}, {"type": "Feature", "properties": {"cod_imovel": "SC-4216206-98992E8DDB0A4864B59D5E3AD1284776", "municipio": "Sao Francisco do Sul", "num_area": 0.1262, "mod_fiscal": 0.0105, "des_condic": "Aguardando analise", "ind_status": "AT", "dat_atuali": "16/09/2021"}, "geometry": {"type": "Polygon", "coordinates": [[[-48.61093715577549, -26.27011103110523], [-48.61098154573468, -26.26986567078518], [-48.61052593068475, -26.26986744626089], [-48.61048525054503, -26.27012576595704], [-48.61093715577549, -26.27011103110523]]]}}, {"type": "Feature", "properties": {"cod_imovel": "SC-4216206-6E3093D72E9B4434A4009041BECD9C32", "municipio": "Sao Francisco do Sul", "num_area": 24.2532, "mod_fiscal": 2.0211, "des_condic": "Aguardando analise", "ind_status": "AT", "dat_atuali": "02/10/2019"}, "geometry": {"type": "Polygon", "coordinates": [[[-48.6399507522583, -26.32794136121808], [-48.64394187927246, -26.322767871760895], [-48.641817569732666, -26.320690718033372], [-48.636817932128906, -26.326960531530972], [-48.6399507522583, -26.32794136121808]]]}}, {"type": "Feature", "properties": {"cod_imovel": "SC-4216206-373DF776D341419781E8FCC9E9A5A6A2", "municipio": "Sao Francisco do Sul", "num_area": 0.0377, "mod_fiscal": 0.0031, "des_condic": "Aguardando analise", "ind_status": "AT", "dat_atuali": "20/02/2018"}, "geometry": {"type": "Polygon", "coordinates": [[[-48.68190050125122, -26.304995463779168], [-48.681771755218506, -26.304918521022056], [-48.68162155151367, -26.305053170813494], [-48.68175029754639, -26.30516858479594], [-48.68190050125122, -26.304995463779168]]]}}, {"type": "Feature", "properties": {"cod_imovel": "SC-4216206-A0FE52658DB54537AE5ED7CE4F9D7B86", "municipio": "Sao Francisco do Sul", "num_area": 4.5557, "mod_fiscal": 0.3796, "des_condic": "Aguardando analise", "ind_status": "AT", "dat_atuali": "18/05/2020"}, "geometry": {"type": "Polygon", "coordinates": [[[-48.66107145929323, -26.27314801569352], [-48.65803101597489, -26.27607591093438], [-48.65861010153569, -26.27673278708297], [-48.65912880464728, -26.2766125201218], [-48.6615011335199, -26.273968424752628], [-48.66107145929323, -26.27314801569352]]]}}, {"type": "Feature", "properties": {"cod_imovel": "SC-4216206-266A25D16FBC4C06831C3AED44E446B8", "municipio": "Sao Francisco do Sul", "num_area": 0.0969, "mod_fiscal": 0.0081, "des_condic": "Aguardando analise", "ind_status": "AT", "dat_atuali": "18/12/2018"}, "geometry": {"type": "Polygon", "coordinates": [[[-48.65417490994948, -26.33574410914059], [-48.65404501630002, -26.33541626364767], [-48.65381458489133, -26.33551904727241], [-48.65395582226834, -26.33584669563604], [-48.65417490994948, -26.33574410914059]]]}}, {"type": "Feature", "properties": {"cod_imovel": "SC-4216206-36B1F9AA26624CEEB386F016C2676595", "municipio": "Sao Francisco do Sul", "num_area": 0.1298, "mod_fiscal": 0.0108, "des_condic": "Aguardando analise", "ind_status": "AT", "dat_atuali": "01/12/2020"}, "geometry": {"type": "Polygon", "coordinates": [[[-48.62283333355921, -26.36687205971196], [-48.62209187520761, -26.36635645242755], [-48.62202270514401, -26.36646071845209], [-48.62275172656613, -26.36698081122146], [-48.62283333355921, -26.36687205971196]]]}}, {"type": "Feature", "properties": {"cod_imovel": "SC-4216206-3B3A963B8333494D90010FE35FC92282", "municipio": "Sao Francisco do Sul", "num_area": 0.5283, "mod_fiscal": 0.044, "des_condic": "Aguardando analise", "ind_status": "AT", "dat_atuali": "09/11/2020"}, "geometry": {"type": "Polygon", "coordinates": [[[-48.60767076349855, -26.27257530696628], [-48.60748278507311, -26.27189419084926], [-48.60669245176203, -26.2720619784035], [-48.60702894221087, -26.27262850880389], [-48.60767076349855, -26.27257530696628]]]}}, {"type": "Feature", "properties": {"cod_imovel": "SC-4216206-013820EE4C454E8684F064ABF15F6689", "municipio": "Sao Francisco do Sul", "num_area": 0.0512, "mod_fiscal": 0.0043, "des_condic": "Aguardando analise", "ind_status": "AT", "dat_atuali": "15/10/2020"}, "geometry": {"type": "Polygon", "coordinates": [[[-48.61121682379844, -26.26758214479226], [-48.61116308454149, -26.26741085540487], [-48.61091581981834, -26.26747674645192], [-48.61097416089349, -26.26764883967412], [-48.61121682379844, -26.26758214479226]]]}}, {"type": "Feature", "properties": {"cod_imovel": "SC-4216206-0C5F845445D349579BC8C2104FD2DEA5", "municipio": "Sao Francisco do Sul", "num_area": 11.6823, "mod_fiscal": 0.9735, "des_condic": "Aguardando analise", "ind_status": "AT", "dat_atuali": "15/10/2020"}, "geometry": {"type": "Polygon", "coordinates": [[[-48.60743241906538, -26.32801855592135], [-48.61165407795665, -26.33624818213752], [-48.61214574382318, -26.33449228675261], [-48.60849826777402, -26.32743483822297], [-48.60743241906538, -26.32801855592135]]]}}, {"type": "Feature", "properties": {"cod_imovel": "SC-4216206-7CFE42170FEB484EA6C18497C7A60149", "municipio": "Sao Francisco do Sul", "num_area": 3.3956, "mod_fiscal": 0.283, "des_condic": "Aguardando analise", "ind_status": "AT", "dat_atuali": "13/08/2020"}, "geometry": {"type": "Polygon", "coordinates": [[[-48.61528974740617, -26.26899934731778], [-48.614873060169, -26.2682681793344], [-48.61151378345922, -26.26967655610151], [-48.61177778448194, -26.27041519846564], [-48.61528974740617, -26.26899934731778]]]}}, {"type": "Feature", "properties": {"cod_imovel": "SC-4216206-903E5A6ED2B54A58B04B14DAD3A5D593", "municipio": "Sao Francisco do Sul", "num_area": 13.5056, "mod_fiscal": 1.1255, "des_condic": "Aguardando analise", "ind_status": "AT", "dat_atuali": "15/10/2020"}, "geometry": {"type": "Polygon", "coordinates": [[[-48.61165072297175, -26.33625458522826], [-48.60743017767759, -26.32801984143909], [-48.60633938933677, -26.32862209093783], [-48.61119333786439, -26.33802251870078], [-48.61165072297175, -26.33625458522826]]]}}, {"type": "Feature", "properties": {"cod_imovel": "SC-4216206-9BDFA33241B7451CB50678146D4FA2BD", "municipio": "Sao Francisco do Sul", "num_area": 0.0136, "mod_fiscal": 0.0011, "des_condic": "Aguardando analise", "ind_status": "AT", "dat_atuali": "24/11/2020"}, "geometry": {"type": "Polygon", "coordinates": [[[-48.58454088280916, -26.28907250201037], [-48.5846695311955, -26.28897507948287], [-48.58452228094387, -26.28899236671775], [-48.58454088280916, -26.28907250201037]]]}}, {"type": "Feature", "properties": {"cod_imovel": "SC-4216206-A4860560B83D4F09886C8C2A0A9F70FF", "municipio": "Sao Francisco do Sul", "num_area": 0.1513, "mod_fiscal": 0.0126, "des_condic": "Aguardando analise", "ind_status": "AT", "dat_atuali": "29/07/2020"}, "geometry": {"type": "Polygon", "coordinates": [[[-48.6272521821252, -26.36450413433801], [-48.62653301448904, -26.36379668669682], [-48.62642381769253, -26.36387570200997], [-48.62714983277493, -26.36459793720476], [-48.6272521821252, -26.36450413433801]]]}}, {"type": "Feature", "properties": {"cod_imovel": "SC-4216206-A4C246474F3541299C54907E6B5B037C", "municipio": "Sao Francisco do Sul", "num_area": 6.7375, "mod_fiscal": 0.5615, "des_condic": "Aguardando analise", "ind_status": "AT", "dat_atuali": "13/11/2020"}, "geometry": {"type": "Polygon", "coordinates": [[[-48.59945476055145, -26.332306914128843], [-48.60102117061615, -26.33300884890394], [-48.603392243385315, -26.331893443707767], [-48.604153990745544, -26.33184536565599], [-48.60381066799164, -26.329960690294204], [-48.59945476055145, -26.332306914128843]]]}}, {"type": "Feature", "properties": {"cod_imovel": "SC-4216206-B49FFD4187FC4495AE9859317A5CFDA0", "municipio": "Sao Francisco do Sul", "num_area": 2.0038, "mod_fiscal": 0.167, "des_condic": "Aguardando analise", "ind_status": "AT", "dat_atuali": "26/10/2020"}, "geometry": {"type": "Polygon", "coordinates": [[[-48.61087657006932, -26.26755662507742], [-48.61461361452938, -26.26588467732662], [-48.61439030942284, -26.26547895933989], [-48.61077511758, -26.2671235868957], [-48.61087657006932, -26.26755662507742]]]}}, {"type": "Feature", "properties": {"cod_imovel": "SC-4216206-B4EEBD6B5E954420940D8FA5F650A160", "municipio": "Sao Francisco do Sul", "num_area": 0.0549, "mod_fiscal": 0.0046, "des_condic": "Aguardando analise", "ind_status": "AT", "dat_atuali": "29/07/2020"}, "geometry": {"type": "Polygon", "coordinates": [[[-48.62793902729372, -26.36313888265261], [-48.62760096959551, -26.36296076934074], [-48.6275187104896, -26.36304352169131], [-48.62778702667479, -26.36327077912415], [-48.62793902729372, -26.36313888265261]]]}}, {"type": "Feature", "properties": {"cod_imovel": "SC-4216206-BC7F6254D47342C89D83BC064EAB624C", "municipio": "Sao Francisco do Sul", "num_area": 0.0286, "mod_fiscal": 0.0024, "des_condic": "Aguardando analise", "ind_status": "AT", "dat_atuali": "27/11/2020"}, "geometry": {"type": "Polygon", "coordinates": [[[-48.623313672329, -26.36697009270969], [-48.62310543818432, -26.36681912073785], [-48.62304813036097, -26.36688637083942], [-48.62323050509245, -26.36705290960795], [-48.623313672329, -26.36697009270969]]]}}, {"type": "Feature", "properties": {"cod_imovel": "SC-4216206-D82AA867E11E4565AA9B83A000F25586", "municipio": "Sao Francisco do Sul", "num_area": 0.1177, "mod_fiscal": 0.0098, "des_condic": "Aguardando analise", "ind_status": "AT", "dat_atuali": "10/11/2020"}, "geometry": {"type": "Polygon", "coordinates": [[[-48.68022733310304, -26.33656638167546], [-48.67991558302455, -26.33633870601425], [-48.67977435294065, -26.33657812237831], [-48.68008764839841, -26.33680165140887], [-48.68022733310304, -26.33656638167546]]]}}, {"type": "Feature", "properties": {"cod_imovel": "SC-4216206-7D4CEC5E7B6F4A888AFB0CEBA4777CCB", "municipio": "Sao Francisco do Sul", "num_area": 3.6165, "mod_fiscal": 0.3014, "des_condic": "Aguardando analise", "ind_status": "AT", "dat_atuali": "01/10/2018"}, "geometry": {"type": "Polygon", "coordinates": [[[-48.609063436172136, -26.329917013151935], [-48.60877719351936, -26.329933631544655], [-48.608241792149336, -26.329649286028893], [-48.607280246097176, -26.330369641536805], [-48.608254982601515, -26.332315966997317], [-48.609530721241136, -26.330752214341473], [-48.609063436172136, -26.329917013151935]]]}}, {"type": "Feature", "properties": {"cod_imovel": "SC-4216206-28DFC41B3A594B14AB39458A1217FA90", "municipio": "Sao Francisco do Sul", "num_area": 0.8583, "mod_fiscal": 0.0715, "des_condic": "Aguardando analise", "ind_status": "AT", "dat_atuali": "15/05/2020"}, "geometry": {"type": "Polygon", "coordinates": [[[-48.62956082457151, -26.35633920255005], [-48.62853784821935, -26.35668473254748], [-48.62863192277793, -26.35719123675112], [-48.63007840407737, -26.3571011809232], [-48.62956082457151, -26.35633920255005]]]}}, {"type": "Feature", "properties": {"cod_imovel": "SC-4216206-7225114531E748CEACD0180E06F0BE8B", "municipio": "Sao Francisco do Sul", "num_area": 0.5288, "mod_fiscal": 0.0441, "des_condic": "Aguardando analise", "ind_status": "AT", "dat_atuali": "08/10/2018"}, "geometry": {"type": "Polygon", "coordinates": [[[-48.59827515431774, -26.2782395196642], [-48.597915172576904, -26.27835098182083], [-48.59806839298178, -26.27855176197352], [-48.59783643554777, -26.27863810558598], [-48.59822577670375, -26.27917712612639], [-48.59880063317679, -26.27897014304996], [-48.59827515431774, -26.2782395196642]]]}}, {"type": "Feature", "properties": {"cod_imovel": "SC-4216206-3EC9AF75560C4D048814BEFFBD1AE778", "municipio": "Sao Francisco do Sul", "num_area": 0.2564, "mod_fiscal": 0.0214, "des_condic": "Aguardando analise", "ind_status": "AT", "dat_atuali": "01/11/2018"}, "geometry": {"type": "Polygon", "coordinates": [[[-48.58357013656321, -26.28877433760443], [-48.58337286527497, -26.28840274714908], [-48.58289659604493, -26.28851259173771], [-48.58313368420532, -26.28899754406832], [-48.58357013656321, -26.28877433760443]]]}}, {"type": "Feature", "properties": {"cod_imovel": "SC-4216206-C54A5934900F4946A47478442EE7D9E4", "municipio": "Sao Francisco do Sul", "num_area": 0.306, "mod_fiscal": 0.0255, "des_condic": "Aguardando analise", "ind_status": "AT", "dat_atuali": "16/04/2018"}, "geometry": {"type": "Polygon", "coordinates": [[[-48.6518704148245, -26.33291120987242], [-48.65140894062739, -26.33314035718105], [-48.65170244922295, -26.333612978747468], [-48.65212530643994, -26.333426922913443], [-48.6518704148245, -26.33291120987242]]]}}]}