{"type": "FeatureCollection", "features": [{"type": "Feature", "properties": {"cod_imovel": "SC-4203303-18AA26441D7C4FC38CCBE36B311D764A", "municipio": "Campo Alegre", "num_area": 439.7974, "mod_fiscal": 27.5858, "des_condic": "Aguardando analise", "ind_status": "AT", "dat_atuali": "26/09/2016"}, "geometry": {"type": "Polygon", "coordinates": [[[-48.95041275974907, -25.989957807889507], [-48.96264212604789, -26.002787462858794], [-48.96236718060657, -26.00370814431085], [-48.964902665786916, -26.003911020549015], [-48.96529217953551, -26.003808115626732], [-48.96542591559103, -26.003528322404428], [-48.965801569979995, -26.003334614663434], [-48.96660343889693, -26.00417005457765], [-48.96892956064689, -26.0042789571829], [-48.96915717040635, -26.004077551411644], [-48.96960916569604, -26.004016874795624], [-48.96966983087854, -26.003850559019703], [-48.971795512361474, -26.003943556791548], [-48.97185366709514, -26.00412200226828], [-48.972137589646415, -26.00418726903442], [-48.972179483993635, -26.00399459354397], [-48.972425981418425, -26.00389571585681], [-48.972768857114055, -26.004017632640583], [-48.97312646090789, -26.003882774849416], [-48.97418255337987, -26.004340962679148], [-48.975665439229836, -26.00442788191758], [-48.97610033037826, -26.00503521218798], [-48.977081259233906, -26.005519881190093], [-48.978488322555854, -26.005557555348215], [-48.97925697115634, -26.005156357196913], [-48.980749220145114, -26.005399367647204], [-48.9819583721275, -26.006050718002736], [-48.98279967959753, -26.005799544229152], [-48.98350737150703, -26.006037349232415], [-48.98444126732306, -26.00597779865789], [-48.984928940542595, -26.006299108118583], [-48.98545378799776, -26.005610007772688], [-48.98530741423174, -26.00542037487198], [-48.985405386005475, -26.004999111885724], [-48.98580491088486, -26.00483863347973], [-48.985705344870134, -26.004513026942917], [-48.984312260812175, -26.00448771389686], [-48.98433832677028, -26.003941050897843], [-48.984552357058966, -26.003722157366422], [-48.98436920138538, -26.00335200376747], [-48.98588434963596, -26.00270138659651], [-48.98657086374364, -26.00186362352077], [-48.98673643149927, -26.000446328763196], [-48.984714247159225, -26.000000014923934], [-48.98413391902051, -26.000022929787963], [-48.9838487089758, -25.999763875681996], [-48.983248617961685, -25.999711186168522], [-48.98262300101317, -26.000003171806913], [-48.98227734141331, -25.999758345283492], [-48.981703546902324, -25.998586356011003], [-48.98104301100259, -25.99785684567712], [-48.98146670916615, -25.996915685804904], [-48.981614940185196, -25.996116482413075], [-48.980437920302776, -25.995622198743753], [-48.98051205244799, -25.994940559343878], [-48.98010019091843, -25.99314888107191], [-48.98041225871212, -25.99290423801622], [-48.980561991829305, -25.992424906613493], [-48.98043667735902, -25.992052153689304], [-48.979671535110946, -25.99183222466195], [-48.97993591389998, -25.99157269059334], [-48.979837752931935, -25.990505961380382], [-48.98006770204564, -25.99005247418531], [-48.98003992069534, -25.989526036940088], [-48.97923110555189, -25.988865604086147], [-48.97802724209444, -25.98918751012831], [-48.97757037565522, -25.989168249894412], [-48.97732265904474, -25.989280675092303], [-48.97744619148768, -25.989413231296556], [-48.97731963627514, -25.9894525312817], [-48.97680886630255, -25.98907351733843], [-48.976539276135675, -25.989232617467408], [-48.97639443426686, -25.989106324532337], [-48.97635062305309, -25.989286825809334], [-48.97601508427392, -25.989282734793104], [-48.9760509151355, -25.989408296772854], [-48.97559709755093, -25.98979329222051], [-48.975511697627866, -25.989666070392108], [-48.97515997187477, -25.98973284247387], [-48.9749332257698, -25.989418257418524], [-48.97438926955125, -25.98942574025258], [-48.97359071422093, -25.989008735849772], [-48.973600056506015, -25.98872730712763], [-48.97331323094678, -25.98858103210728], [-48.971943887290095, -25.98825713208986], [-48.97039174746968, -25.987522626419658], [-48.96976537092484, -25.987526308822137], [-48.96964155778816, -25.987261957693942], [-48.96850846908988, -25.98692820043601], [-48.96749498372987, -25.986383165762344], [-48.96719454252567, -25.9864137306808], [-48.96727629847132, -25.986309208291914], [-48.96714370368411, -25.98619400066449], [-48.96692809605888, -25.986328901579892], [-48.96709066929792, -25.986157583050424], [-48.96678056588768, -25.98617393923028], [-48.966675533409145, -25.98594517002367], [-48.966373758770104, -25.985864699444754], [-48.96648231123439, -25.985713716569826], [-48.966293385429836, -25.98577981376107], [-48.96637592084381, -25.98569094551694], [-48.966220982326846, -25.985508682088465], [-48.966086912718914, -25.985648059080674], [-48.96585196590332, -25.984839478037944], [-48.96556174695282, -25.984607796556315], [-48.96534561107925, -25.984636592055594], [-48.9650529407315, -25.984311912773137], [-48.964896840773854, -25.98459154601272], [-48.96475847213665, -25.98443260370815], [-48.96463826245853, -25.98454193612801], [-48.96447795246822, -25.984424747565047], [-48.964523887691136, -25.98458386959596], [-48.96399793859073, -25.98432206814163], [-48.96367615697694, -25.984475065738284], [-48.963348916751556, -25.98434968554697], [-48.96325550094747, -25.984577783554222], [-48.96316807374318, -25.984274864945416], [-48.962991535941235, -25.984383050632267], [-48.96305715452302, -25.98405380027906], [-48.962825259726536, -25.983993984159113], [-48.96285291490474, -25.98378539584932], [-48.962704521044756, -25.983749357594576], [-48.962195228595874, -25.983835524210647], [-48.962296841634384, -25.984133398857132], [-48.96207913607382, -25.98402799084858], [-48.9619813253645, -25.984159317838337], [-48.962054542606474, -25.984535493131187], [-48.96234432076688, -25.9846023722564], [-48.96222825464039, -25.984724370729136], [-48.962357939421835, -25.984782088959978], [-48.962084183121114, -25.98499177690172], [-48.962193174908634, -25.985159505545045], [-48.96209325398894, -25.985420637643614], [-48.96228487250187, -25.985488597987835], [-48.9621261475541, -25.98568313567489], [-48.96222888301758, -25.98597158463544], [-48.96190433336346, -25.98638536390776], [-48.96198358124586, -25.986530107721553], [-48.96180295766391, -25.98662014537312], [-48.96205594641683, -25.98698467370625], [-48.96187265572512, -25.98692767095625], [-48.96200157829436, -25.987212048152593], [-48.96176994493723, -25.987502004190457], [-48.961908795030716, -25.98769203373067], [-48.961774454829424, -25.987672430755776], [-48.96167592430232, -25.988137549965266], [-48.961820857960966, -25.98827891412937], [-48.96159299340753, -25.9885401469043], [-48.961658559711665, -25.989014772927707], [-48.961510727044484, -25.989305250535704], [-48.961573423763795, -25.989668938620508], [-48.96205406991151, -25.990082800553942], [-48.96229769675422, -25.990769265271236], [-48.961767402004405, -25.991181705542274], [-48.961093721395116, -25.991192057166337], [-48.96029084836353, -25.99085386422767], [-48.96015575087447, -25.99105256860575], [-48.95977944367316, -25.991134445035872], [-48.959446097874604, -25.991959422788092], [-48.95956361625249, -25.992269636840973], [-48.9593165196446, -25.992728703576546], [-48.958961756271286, -25.992799237682803], [-48.95854777382896, -25.993348855011437], [-48.95667823030869, -25.992997203030267], [-48.956053651024085, -25.992400952593325], [-48.955966369045385, -25.99211471315612], [-48.9555790759926, -25.99192562483153], [-48.95489548453338, -25.991665460352444], [-48.954554423966954, -25.991801816736256], [-48.95379255618551, -25.99121922164669], [-48.95123410741312, -25.990473619450228], [-48.95041275974907, -25.989957807889507]]]}}, {"type": "Feature", "properties": {"cod_imovel": "SC-4203303-0F1A7EED4D21484E804411CCBF00F573", "municipio": "Campo Alegre", "num_area": 629.9625, "mod_fiscal": 52.0506, "des_condic": "Aguardando analise", "ind_status": "AT", "dat_atuali": "07/04/2016"}, "geometry": {"type": "Polygon", "coordinates": [[[-48.92234736991505, -26.01773925769846], [-48.93701581907488, -26.01280839412829], [-48.93696574600471, -26.02167654267207], [-48.941001892089844, -26.021616918325982], [-48.943748474121094, -26.020691355748674], [-48.94615173339844, -26.021308398277903], [-48.95072086515107, -26.02360608165429], [-48.955421447753906, -26.027787148960616], [-48.95734892665016, -26.02727775059077], [-48.95885467529296, -26.024393562261142], [-48.96005630493164, -26.019920048025178], [-48.95975649635118, -26.01747330103354], [-48.95885467529296, -26.016680500237054], [-48.95851135253906, -26.01606343337868], [-48.95833969116211, -26.014520752041843], [-48.957481384277344, -26.014057943687707], [-48.956451416015625, -26.012669507678666], [-48.95576477050781, -26.0108182341253], [-48.953704833984375, -26.00865837808846], [-48.95284652709961, -26.006344202535935], [-48.94906942002485, -26.00313880027925], [-48.941688537597656, -26.00001855669683], [-48.94031524658203, -25.99955569118731], [-48.9385986328125, -25.999247113167787], [-48.93688201904297, -25.999247113167787], [-48.93547062564743, -25.99992911569679], [-48.93151170036881, -26.00479855402562], [-48.930015563964844, -26.00557280055122], [-48.92649345329185, -26.00898990652024], [-48.92346043197019, -26.01046025846685], [-48.91985733648361, -26.01429690784172], [-48.92234736991505, -26.01773925769846]]]}}, {"type": "Feature", "properties": {"cod_imovel": "SC-4205803-60CAA9B6E849410D8D25BBABDB3C923C", "municipio": "Garuva", "num_area": 191774.9015, "mod_fiscal": 15482.7896, "des_condic": "Em analise", "ind_status": "PE", "dat_atuali": "22/11/2022"}, "geometry": {"type": "Polygon", "coordinates": [[[-48.5957962567778, -25.97664852633631], [-48.60387284751766, -26.0053292638938], [-48.60671128198278, -26.00702133797033], [-48.60746388164227, -26.00835284247144], [-48.60937014707723, -26.009142621229], [-48.61025394269919, -26.01120411046056], [-48.61170016930998, -26.01139784252013], [-48.61276940755714, -26.01288500083225], [-48.61437693407125, -26.01308410409345], [-48.6170536070177, -26.01477025304684], [-48.61551708570775, -26.01675038678022], [-48.61372406673804, -26.01712560231233], [-48.61442228404717, -26.01976121638253], [-48.61614897510893, -26.02098006151718], [-48.61572970119621, -26.02328795031733], [-48.61832350406152, -26.02308457287632], [-48.6179404577873, -26.02452294329072], [-48.61726484391685, -26.02522592938098], [-48.6078143063026, -26.02708628123812], [-48.60856679522333, -26.02841767627391], [-48.61506441614192, -26.02761935811627], [-48.6161154520361, -26.02954113896286], [-48.61802710387886, -26.03394693733123], [-48.61655674629658, -26.03433266929686], [-48.61713653462546, -26.03594896722016], [-48.61435109211354, -26.03687082642019], [-48.61508028950161, -26.03878245278182], [-48.61422545640578, -26.03991473938213], [-48.61977239058578, -26.03865070974311], [-48.61970661688159, -26.04024507167199], [-48.61915069823212, -26.04196800684081], [-48.61017212495374, -26.04413208638803], [-48.6106084073818, -26.04530800109652], [-48.62022651394243, -26.04331055977779], [-48.62072839269807, -26.04681072975672], [-48.61844505836719, -26.04731428001595], [-48.61727339343151, -26.04829070297266], [-48.61790653869199, -26.05252085870761], [-48.61736837888457, -26.05380888214185], [-48.61785197136469, -26.05774357008386], [-48.61665611689656, -26.05929968147987], [-48.6218561890546, -26.0625220775551], [-48.62605825588509, -26.06251807354165], [-48.62874171764923, -26.06405921991783], [-48.63086841283935, -26.07124074775468], [-48.62721847490919, -26.07720902276136], [-48.62575381306152, -26.07744989616216], [-48.62567625116606, -26.07933433336534], [-48.61532667320866, -26.07941992508582], [-48.61523106165838, -26.08173929362407], [-48.60438892076782, -26.08195242564155], [-48.60465202788901, -26.08341304949287], [-48.6274759792147, -26.08273354700326], [-48.62711135636856, -26.08373728557676], [-48.61527891690926, -26.08449891583127], [-48.61326952054154, -26.09009188445861], [-48.6059673148362, -26.09071569672843], [-48.60459022684, -26.10053918136001], [-48.61133662244949, -26.10163788559586], [-48.61316133340562, -26.09661968740635], [-48.61747836390429, -26.10169983799562], [-48.61397359452327, -26.1043391923228], [-48.61235122588992, -26.11226652178861], [-48.6137901808948, -26.11630744812897], [-48.59694041131591, -26.1598627833147], [-48.6110153736303, -26.17542904554744], [-48.60950909204781, -26.18437612103581], [-48.62573158985758, -26.18332200573321], [-48.6356547620505, -26.18974725610491], [-48.65456411755603, -26.19859572980313], [-48.66311131119416, -26.19147857627827], [-48.69953446398402, -26.24667549063496], [-48.76167538250083, -26.2883205418415], [-48.77541457279334, -26.28078297409666], [-48.77867259522867, -26.27624490652597], [-48.78006903234817, -26.27542517032843], [-48.78996477149308, -26.27893592797079], [-48.79470775002368, -26.27371907121191], [-48.79366134744386, -26.26352815268119], [-48.79727253117464, -26.25421313899896], [-48.79162995301738, -26.24561574689047], [-48.79053581251854, -26.23658437789002], [-48.78175626929498, -26.21745768266046], [-48.78138015579257, -26.2067076202549], [-48.77185086834995, -26.20625395894172], [-48.76993848166155, -26.1974849335958], [-48.77120976750357, -26.19404341358866], [-48.77461945960838, -26.19778203220357], [-48.83204052574356, -26.19368523970367], [-48.84787645067384, -26.19114131372034], [-48.86746119900947, -26.19089597933856], [-48.88496554081974, -26.19406381805997], [-48.91199687000181, -26.1952046855996], [-48.91995891847556, -26.21493175051252], [-48.91882871819925, -26.25233520172298], [-48.93722154773972, -26.26966586241528], [-48.96188808657251, -26.28088735181281], [-48.97501189686943, -26.26373887814838], [-48.98722746649302, -26.29535269172924], [-48.95697621291904, -26.31574063470013], [-48.9736516154893, -26.33265539653172], [-48.99584200483109, -26.36707758479125], [-49.01353965972942, -26.37458877711695], [-49.05104293199174, -26.37384836857018], [-49.04907513359861, -26.33576472185339], [-49.13127743789872, -26.3491336975892], [-49.13020212337328, -26.36506445211088], [-49.14323652582381, -26.37183976781902], [-49.15636399167748, -26.39355807496016], [-49.17156964705726, -26.39850605383839], [-49.19598411782281, -26.39081321001299], [-49.20167790118181, -26.38126195654924], [-49.22416053596048, -26.38192136091005], [-49.24791528191011, -26.39218772459498], [-49.25088507855663, -26.39067839193357], [-49.25322873712631, -26.38857055254828], [-49.26032113810985, -26.38950158147348], [-49.27050971441848, -26.38544440408063], [-49.27272276113369, -26.3869590254853], [-49.27200258253709, -26.38447203070881], [-49.27318229904273, -26.38320044563923], [-49.27482653757342, -26.38252252374414], [-49.2759437912996, -26.37849265394898], [-49.27823005925482, -26.37797821154644], [-49.28427499081855, -26.37205863458604], [-49.28786648346551, -26.37129119586372], [-49.29039320468384, -26.36860689291529], [-49.28915604921072, -26.36697541579415], [-49.28633737846648, -26.36428293508375], [-49.28957903906593, -26.36423070949154], [-49.29240333364161, -26.36228012920807], [-49.29134898958182, -26.36007343191186], [-49.29914358273731, -26.35507194109641], [-49.29921160839729, -26.35318732851263], [-49.29878160817769, -26.35144196438217], [-49.30019019887279, -26.34829054422694], [-49.30165699470546, -26.34804252252941], [-49.30499204242474, -26.34538156663339], [-49.30571708756644, -26.34322598219111], [-49.30719432975365, -26.342687960036], [-49.30619625865242, -26.33888692830361], [-49.30834673608233, -26.33764265172626], [-49.31206612840556, -26.32425455289097], [-49.30743010008592, -26.31802792634668], [-49.32062923355768, -26.30209027962307], [-49.32193785605469, -26.28355392579676], [-49.30658493030489, -26.28268053389892], [-49.30789383704865, -26.27778458970593], [-49.29989032217378, -26.27073622280081], [-49.26961967054308, -26.25293853910139], [-49.26868766407901, -26.24732580436302], [-49.2542135805416, -26.2405229230873], [-49.2411823262369, -26.24754131605758], [-49.23848828741651, -26.24601214412559], [-49.22950421161317, -26.24400898517823], [-49.22649983079672, -26.23768376038146], [-49.22768519287999, -26.23177119461961], [-49.2296974007171, -26.22979926293458], [-49.22109068018304, -26.22635602908982], [-49.21185177324288, -26.22695524780292], [-49.20248554076771, -26.22218275755762], [-49.19317704921558, -26.2043509316184], [-49.1758644633144, -26.19150763482921], [-49.17181404987672, -26.18297406345527], [-49.16975642631903, -26.17740085321598], [-49.17014745067938, -26.17117505428114], [-49.17134697613625, -26.16932491952647], [-49.17174991722428, -26.16716103045256], [-49.16688939842529, -26.16310020986203], [-49.16747398553526, -26.15600965521513], [-49.1666935413963, -26.15526116134575], [-49.16500750154997, -26.14839300467333], [-49.16615882192984, -26.14784695231661], [-49.16672319711365, -26.14568768060875], [-49.17037049492664, -26.14318470382422], [-49.17159113020112, -26.14075465983667], [-49.17455527075793, -26.13924672356269], [-49.17460327579492, -26.13794243281987], [-49.16619262421067, -26.1337755106982], [-49.1598762849, -26.13416789211836], [-49.15297247754981, -26.13754438823565], [-49.14731181713767, -26.1376661350081], [-49.14283003079321, -26.13647928243483], [-49.14136649444267, -26.13237375057599], [-49.13879487524124, -26.13200676682255], [-49.13806318300037, -26.12995394174254], [-49.13972006869389, -26.12449075305716], [-49.13927891757911, -26.12331696543113], [-49.13937033523307, -26.12085338210405], [-49.13913894089632, -26.11402752173812], [-49.1368903823435, -26.10931731079657], [-49.13473062410118, -26.08916500172412], [-49.12661522485459, -26.09022732807639], [-49.1224361495274, -26.09401863004747], [-49.11823673162711, -26.08533329135406], [-49.12161441359748, -26.08137277229349], [-49.1228996889583, -26.08155648660167], [-49.12730950773008, -26.08023815733362], [-49.1277560055418, -26.07691470910906], [-49.12522323635493, -26.07553290488589], [-49.12636888895162, -26.07077939478707], [-49.12763255251189, -26.07154279806526], [-49.12961148298456, -26.070441455501], [-49.1284177953995, -26.06779392864864], [-49.12919762226136, -26.06418982376766], [-49.13180601783782, -26.06354440957793], [-49.13345136279286, -26.05837164593372], [-49.13638687032662, -26.05758921868453], [-49.13214511452723, -26.050064197991], [-49.13432780619129, -26.04780865124977], [-49.12792017003251, -26.03775220256436], [-49.12500118035038, -26.03809974976303], [-49.1201041997896, -26.0351962121161], [-49.12181924528767, -26.03249143286404], [-49.1212388335461, -26.0307330808786], [-49.12105098135802, -26.02710049030344], [-49.12032548107181, -26.0249024343847], [-49.12219086900149, -26.02249213624066], [-49.12323939540185, -26.01599458646538], [-49.12186324952406, -26.01827468612373], [-49.11831027957192, -26.01831278111253], [-49.11569246927883, -26.01924951688619], [-49.11269324389546, -26.01741788896665], [-49.10864017192746, -26.01787583264888], [-49.1058629854012, -26.01788451478619], [-49.10184464502132, -26.00876899553202], [-49.09757609229793, -26.01067114659869], [-49.09730242070444, -26.00935727173752], [-49.09355027424281, -26.0104044555724], [-49.091905226525, -26.01122511685794], [-49.09086343874086, -26.00887255944516], [-49.08980540732331, -26.00695470028726], [-49.09090327586667, -26.00350628411321], [-49.08261520108994, -26.00499623970602], [-49.07864226987714, -26.00763201206286], [-49.07209444602532, -26.00148561000457], [-49.06929374531627, -26.00299620365138], [-49.06935672655729, -26.00560926248268], [-49.06736494460842, -26.01135115386397], [-49.06025184902759, -26.01592156009459], [-49.06064807137412, -26.01825459246561], [-49.05390609156083, -26.02153045302864], [-49.05248781162944, -26.02061680416823], [-49.05131296811851, -26.01753466613684], [-49.04926306413199, -26.02051833521425], [-49.04609315774727, -26.01897086037094], [-49.04412665765824, -26.01122246544067], [-49.0433260091098, -26.01105290747013], [-49.04287314324839, -26.00596183864291], [-49.04163824733752, -26.00447338726748], [-49.03431181582711, -26.0061347070985], [-49.03419455511718, -26.00497057977811], [-49.02935773065123, -26.00482211256779], [-49.02550074644807, -26.00862045045294], [-49.02767549471426, -26.01086327409721], [-49.02604657542199, -26.01124843971184], [-49.01972070247708, -26.01627644880359], [-49.01717923842184, -26.0151827789822], [-49.01234142070345, -26.01503382484434], [-49.01010028478051, -26.01452954419234], [-49.0077539972637, -26.01677840885178], [-49.00522893742999, -26.01524977010359], [-49.00470006793223, -26.01218682944528], [-49.00295925530855, -26.01126260765983], [-49.00181370715506, -26.01166245872904], [-48.9980820525856, -26.01212745446012], [-48.99657448468581, -26.00932426001203], [-48.99398276779468, -26.00953421586811], [-48.99211933836382, -26.00759038673678], [-48.98883194706745, -26.00487687585107], [-48.98717454885265, -26.00598618613218], [-48.98562363484368, -26.00521346252471], [-48.98386088883314, -26.00486873116899], [-48.98406112897646, -26.00385937982318], [-48.98590737655792, -26.00203048108722], [-48.98562940744216, -26.00086123329256], [-48.98225976888045, -26.00032170081722], [-48.98090329587369, -25.9978133364658], [-48.97965850798447, -25.99240675453135], [-48.97929759082143, -25.9892037050704], [-48.97409914539457, -25.99005827366817], [-48.96286537757088, -25.98419633479815], [-48.96121857240563, -25.98922301113469], [-48.96227987404282, -25.99099697679536], [-48.96050095956042, -25.99108670649673], [-48.95766521191105, -25.99346471749922], [-48.95021188942385, -25.99004066539137], [-48.95926974380502, -25.9811827649953], [-48.68219320017625, -25.98330503022099], [-48.67643098258744, -25.97818143687527], [-48.66876561034771, -25.98010424698844], [-48.66255690849975, -25.9740946825068], [-48.66195397150774, -25.96914128393502], [-48.659088771501, -25.96817560374848], [-48.6530900602762, -25.96492911995057], [-48.65058356378619, -25.95918639869189], [-48.64555834096002, -25.95582647606847], [-48.63874176060843, -25.96067823797079], [-48.64005442797577, -25.96405959112227], [-48.6403822552054, -25.96784325266063], [-48.63756476925573, -25.96963550731367], [-48.63328482629183, -25.97166896329575], [-48.6339881789573, -25.97807657132804], [-48.62397194500301, -25.97832170531073], [-48.62261746318207, -25.97595483975759], [-48.62121499358873, -25.97474705947905], [-48.62088575475599, -25.97879860283044], [-48.62159555218475, -25.98114383140806], [-48.62074166699203, -25.98227590079405], [-48.61853329829816, -25.98104111933862], [-48.61433077638517, -25.98119021059514], [-48.61344675629702, -25.98304666987826], [-48.61146451083545, -25.98414077034529], [-48.60890366263056, -25.98361941390824], [-48.61150777389705, -25.97920916764152], [-48.60691660783874, -25.9809409383832], [-48.60436779171683, -25.9801296696157], [-48.60112001794683, -25.98060063060514], [-48.59967678797288, -25.97648926941684], [-48.5957962567778, -25.97664852633631]]]}}, {"type": "Feature", "properties": {"cod_imovel": "SC-4205803-F1EAD8F1E7164848B4853E97DBEBC78D", "municipio": "Garuva", "num_area": 9.0085, "mod_fiscal": 0.75, "des_condic": "Aguardando analise", "ind_status": "AT", "dat_atuali": "26/06/2026"}, "geometry": {"type": "Polygon", "coordinates": [[[-48.839006979, -25.989603202], [-48.841379931, -25.989643609], [-48.843752886, -25.989684014], [-48.843416106, -25.987921051], [-48.83885839, -25.987867623], [-48.839006979, -25.989603202]]]}}, {"type": "Feature", "properties": {"cod_imovel": "SC-4205803-FEAD4346F5454AB8B604C5DB927E3ABC", "municipio": "Garuva", "num_area": 5.5311, "mod_fiscal": 0.4609, "des_condic": "Aguardando analise", "ind_status": "AT", "dat_atuali": "13/04/2015"}, "geometry": {"type": "Polygon", "coordinates": [[[-48.86935472488403, -25.985148090551064], [-48.88027667999267, -25.98532168661314], [-48.88040542602539, -25.984820186178805], [-48.86937618255615, -25.984743032075933], [-48.86935472488403, -25.985148090551064]]]}}, {"type": "Feature", "properties": {"cod_imovel": "SC-4205803-6BA23670B8324D4790B73A215CF2538A", "municipio": "Garuva", "num_area": 364.5103, "mod_fiscal": 30.3759, "des_condic": "Aguardando analise", "ind_status": "PE", "dat_atuali": "21/05/2021"}, "geometry": {"type": "Polygon", "coordinates": [[[-48.76473007972756, -25.98669992773159], [-48.76488670778456, -25.98719197093], [-48.76530182740356, -25.98768705261138], [-48.76655946618718, -25.98806356449955], [-48.76717769132383, -25.98851846494155], [-48.76720299642114, -25.98999546760787], [-48.76761398932747, -25.99137621730854], [-48.76742301238468, -25.99212887841229], [-48.76661297782573, -25.9928214569444], [-48.76373305650504, -25.99434635690441], [-48.76302982027294, -25.99518348508349], [-48.76280596015512, -25.99607856358323], [-48.76400287016525, -25.99800394087861], [-48.76398061126537, -25.99834226574906], [-48.76372001907211, -25.998572499216], [-48.76185006415043, -25.99921981224815], [-48.76117211747992, -25.99930783773387], [-48.7608393788258, -25.9996687416989], [-48.75953961230416, -26.00027908809308], [-48.75879373016263, -26.00176657955587], [-48.75750827731302, -26.00251434841439], [-48.75630964426371, -26.00350285263398], [-48.75455472463298, -26.00421990613833], [-48.75382012331885, -26.00468220936324], [-48.75317073950446, -26.00718722082101], [-48.75226596604659, -26.00897413345295], [-48.75119055630664, -26.00978728113017], [-48.75082519066838, -26.01138642193415], [-48.75052896919628, -26.01163200591381], [-48.7494315173003, -26.01193608526086], [-48.75040438757406, -26.01274067276859], [-48.76378186423491, -26.00069103176201], [-48.77283550829319, -26.00221642024742], [-48.76853657709348, -26.00606290309986], [-48.77420326270082, -26.01013238764594], [-48.77964420002052, -26.00878741389787], [-48.77930054835047, -25.98653338985323], [-48.76473007972756, -25.98669992773159]]]}}, {"type": "Feature", "properties": {"cod_imovel": "SC-4205803-6A538C73DA414B649CE78C9E13DBF86F", "municipio": "Garuva", "num_area": 330.5922, "mod_fiscal": 26.9757, "des_condic": "Aguardando analise", "ind_status": "AT", "dat_atuali": "27/05/2021"}, "geometry": {"type": "Polygon", "coordinates": [[[-48.7633621727422, -25.98063617042179], [-48.75262072504413, -25.98067731198538], [-48.75177136050131, -25.99167322708347], [-48.75058187999742, -26.0002159140557], [-48.74968494261219, -26.01142394697239], [-48.7459714684929, -26.01472399394268], [-48.7483971316197, -26.01282904964258], [-48.74943150024507, -26.01178776688769], [-48.75069124783988, -26.01137676703181], [-48.75108313135559, -26.00973588051945], [-48.75216896614818, -26.00890542617131], [-48.75305574514564, -26.0071540551484], [-48.75331807709263, -26.00591342137033], [-48.75386913543274, -26.00444413334302], [-48.75624648712315, -26.00341023856249], [-48.75743347007307, -26.00242780419898], [-48.75871253275995, -26.00168633971396], [-48.75946877223436, -26.00018896558002], [-48.76075942995496, -25.99958476235696], [-48.76112540356596, -25.99920449984655], [-48.76181973500647, -25.9991143470078], [-48.7638637390641, -25.99829407734729], [-48.76388116221058, -25.99802925769455], [-48.76268639894423, -25.99609517225784], [-48.76292408400052, -25.99513019312862], [-48.76365054519554, -25.99426543925759], [-48.76654792513389, -25.99272934725708], [-48.76731495242236, -25.99207670491633], [-48.76749120832703, -25.99138059543181], [-48.76708341856187, -25.99001060184662], [-48.76705874868323, -25.98857058904354], [-48.766504087485, -25.98816245968555], [-48.76522262981819, -25.9877718972427], [-48.76477772990789, -25.98724129833357], [-48.76460587442836, -25.98670141683328], [-48.76476779171821, -25.9861367924038], [-48.76431030993711, -25.98469148259927], [-48.7645653732929, -25.98328720781409], [-48.76376333739343, -25.9819822593583], [-48.7633621727422, -25.98063617042179]]]}}, {"type": "Feature", "properties": {"cod_imovel": "SC-4205803-22C7455D2CD9482FA2F72DA4549CA40F", "municipio": "Garuva", "num_area": 50.4739, "mod_fiscal": 4.0972, "des_condic": "Aguardando analise", "ind_status": "AT", "dat_atuali": "23/05/2016"}, "geometry": {"type": "Polygon", "coordinates": [[[-48.78878116607666, -26.002795711454162], [-48.79071235656738, -26.002795711454162], [-48.792386054992676, -25.98038374301042], [-48.790283203125, -25.980229428930915], [-48.78878116607666, -26.002795711454162]]]}}, {"type": "Feature", "properties": {"cod_imovel": "SC-4205803-27D80DC2299740BD8EF2691D7EF2139E", "municipio": "Garuva", "num_area": 50.3344, "mod_fiscal": 3.9604, "des_condic": "Aguardando analise", "ind_status": "AT", "dat_atuali": "23/05/2016"}, "geometry": {"type": "Polygon", "coordinates": [[[-48.796119689941406, -25.991108075311327], [-48.80023956298828, -25.991378099826534], [-48.800926208496094, -25.97992080016433], [-48.79712562130711, -25.97975308168948], [-48.796119689941406, -25.991108075311327]]]}}, {"type": "Feature", "properties": {"cod_imovel": "SC-4205803-471437F585EF4420B7B71B949918F168", "municipio": "Garuva", "num_area": 15.2832, "mod_fiscal": 1.2736, "des_condic": "Aguardando analise", "ind_status": "AT", "dat_atuali": "06/02/2026"}, "geometry": {"type": "Polygon", "coordinates": [[[-48.87097477912903, -25.98835957619954], [-48.8702130317688, -25.9870576331337], [-48.86727688391893, -25.98682035895017], [-48.86485043792158, -25.98642413061422], [-48.86103926931142, -25.98704571106477], [-48.86011301849555, -25.98686706007073], [-48.85963384286477, -25.98780028318061], [-48.86037591284351, -25.98790896209651], [-48.86480635585794, -25.98783926801136], [-48.86820829099008, -25.98848253027855], [-48.86947793074363, -25.98826268344319], [-48.87097477912903, -25.98835957619954]]]}}, {"type": "Feature", "properties": {"cod_imovel": "SC-4205803-A05CC09DD3C14F4EADF257BDE927AC46", "municipio": "Garuva", "num_area": 52.5807, "mod_fiscal": 4.2339, "des_condic": "Aguardando analise", "ind_status": "AT", "dat_atuali": "04/12/2025"}, "geometry": {"type": "Polygon", "coordinates": [[[-48.787132221243766, -26.003105835371308], [-48.78912944045885, -26.003090835436737], [-48.788927775685345, -25.9793702803407], [-48.78693028011608, -25.979384724472894], [-48.787132221243766, -26.003105835371308]]]}}, {"type": "Feature", "properties": {"cod_imovel": "SC-4205803-F343F41AD66349D287EAB7968BF313E4", "municipio": "Garuva", "num_area": 0.8078, "mod_fiscal": 0.0673, "des_condic": "Aguardando analise", "ind_status": "AT", "dat_atuali": "27/09/2025"}, "geometry": {"type": "Polygon", "coordinates": [[[-48.88218727760768, -25.98510931248842], [-48.88311221240333, -25.985535601964], [-48.88310796546585, -25.98468992160024], [-48.8822441100176, -25.98434962801304], [-48.88218727760768, -25.98510931248842]]]}}, {"type": "Feature", "properties": {"cod_imovel": "SC-4205803-E3AC84F7213F430CA7EA19A1DF3BCB51", "municipio": "Garuva", "num_area": 100.034, "mod_fiscal": 7.5632, "des_condic": "Aguardando analise", "ind_status": "AT", "dat_atuali": "21/05/2021"}, "geometry": {"type": "Polygon", "coordinates": [[[-48.77930054835047, -25.98653338985323], [-48.77920750705547, -25.98051052493949], [-48.76348198062442, -25.98063516741452], [-48.76387521100007, -25.98194128064105], [-48.76469105745302, -25.98326869692709], [-48.7644323612911, -25.98468335565053], [-48.76489197232118, -25.98613538720121], [-48.76473007972756, -25.98669992773159], [-48.77930054835047, -25.98653338985323]]]}}, {"type": "Feature", "properties": {"cod_imovel": "SC-4205803-AE0F9C04639D4A14B2206423A9B95BBD", "municipio": "Garuva", "num_area": 11.009, "mod_fiscal": 0.9174, "des_condic": "Aguardando analise", "ind_status": "AT", "dat_atuali": "03/09/2025"}, "geometry": {"type": "Polygon", "coordinates": [[[-48.86914078482782, -25.98297200453779], [-48.860363960266106, -25.98317100620307], [-48.8602352142334, -25.98425117347973], [-48.86918589647137, -25.98413181892605], [-48.86914078482782, -25.98297200453779]]]}}, {"type": "Feature", "properties": {"cod_imovel": "SC-4205803-470AA85D3E4946D2AB1DD15B80FD88E8", "municipio": "Garuva", "num_area": 0.85, "mod_fiscal": 0.0683, "des_condic": "Aguardando analise", "ind_status": "AT", "dat_atuali": "16/03/2018"}, "geometry": {"type": "Polygon", "coordinates": [[[-48.88324828411742, -25.98194457680976], [-48.88464572408847, -25.98232395968132], [-48.88419741082758, -25.98148404721394], [-48.88325371934339, -25.98148063502256], [-48.88324828411742, -25.98194457680976]]]}}, {"type": "Feature", "properties": {"cod_imovel": "SC-4205803-5701133F25C141EC9116F5F200628ED4", "municipio": "Garuva", "num_area": 19.9991, "mod_fiscal": 1.5567, "des_condic": "Aguardando analise", "ind_status": "AT", "dat_atuali": "20/09/2022"}, "geometry": {"type": "Polygon", "coordinates": [[[-48.87178492287687, -25.981155571962315], [-48.87179064959026, -25.982786340727134], [-48.88209062713274, -25.98308478809922], [-48.88232838780233, -25.9812614808413], [-48.87178492287687, -25.981155571962315]]]}}, {"type": "Feature", "properties": {"cod_imovel": "SC-4205803-A084805998DE420C801D604BBA5FA924", "municipio": "Garuva", "num_area": 13.6114, "mod_fiscal": 1.073, "des_condic": "Aguardando analise", "ind_status": "AT", "dat_atuali": "21/04/2021"}, "geometry": {"type": "Polygon", "coordinates": [[[-48.83652448654174, -25.98273700762736], [-48.83643865585327, -25.98188829467148], [-48.82180557778513, -25.98205813829794], [-48.82205128669738, -25.982891318415614], [-48.83652448654174, -25.98273700762736]]]}}, {"type": "Feature", "properties": {"cod_imovel": "SC-4205803-B8352CCBF5094A00B31E2AF6CD2BACC1", "municipio": "Garuva", "num_area": 9.2661, "mod_fiscal": 0.7722, "des_condic": "Aguardando analise", "ind_status": "AT", "dat_atuali": "25/04/2025"}, "geometry": {"type": "Polygon", "coordinates": [[[-48.83863039753712, -25.9872609287255], [-48.83850918501329, -25.98673373585444], [-48.83255774580928, -25.98677396731064], [-48.83259295643717, -25.98699016869803], [-48.82526132795459, -25.98698524895999], [-48.82547958648313, -25.98772258616274], [-48.83272160315619, -25.98771234424983], [-48.83264506810987, -25.9872607210229], [-48.83863039753712, -25.9872609287255]]]}}, {"type": "Feature", "properties": {"cod_imovel": "SC-4205803-0CE1989CDF114CD0B87F82D997C95B3C", "municipio": "Garuva", "num_area": 9.4871, "mod_fiscal": 0.7906, "des_condic": "Aguardando analise", "ind_status": "AT", "dat_atuali": "23/04/2025"}, "geometry": {"type": "Polygon", "coordinates": [[[-48.83872050094287, -25.98784272354194], [-48.83871265298735, -25.98771451653784], [-48.82975311815972, -25.98772327154187], [-48.82974226721932, -25.98939909396326], [-48.83444734264445, -25.98942737563302], [-48.83446720856875, -25.98784595722771], [-48.83872050094287, -25.98784272354194]]]}}, {"type": "Feature", "properties": {"cod_imovel": "SC-4205803-D5A08E26117A4B608F91E533B56538B7", "municipio": "Garuva", "num_area": 65.6197, "mod_fiscal": 5.4683, "des_condic": "Aguardando analise", "ind_status": "AT", "dat_atuali": "17/11/2015"}, "geometry": {"type": "Polygon", "coordinates": [[[-48.91935168811261, -25.98130894037706], [-48.8940935516485, -25.98161734691832], [-48.89472981921342, -25.98299067125058], [-48.89456664232687, -25.98357703285353], [-48.89527403642171, -25.9849375398902], [-48.90925096586402, -25.98488027215322], [-48.9094297070956, -25.98319390778313], [-48.90499412393499, -25.98335563911742], [-48.90464410911366, -25.98251190454852], [-48.91997364604779, -25.98265557424039], [-48.91935168811261, -25.98130894037706]]]}}, {"type": "Feature", "properties": {"cod_imovel": "SC-4205803-2DD40E155B854D8A8D18751175542D87", "municipio": "Garuva", "num_area": 20.7955, "mod_fiscal": 1.733, "des_condic": "Aguardando analise", "ind_status": "AT", "dat_atuali": "02/03/2015"}, "geometry": {"type": "Polygon", "coordinates": [[[-48.836567401885986, -25.982081184517636], [-48.8368034362793, -25.983778601517432], [-48.847618103027344, -25.983740024130515], [-48.84744644165039, -25.981984739634118], [-48.836567401885986, -25.982081184517636]]]}}, {"type": "Feature", "properties": {"cod_imovel": "SC-4205803-0FF7A010408B4B098FBD01F2A3854760", "municipio": "Garuva", "num_area": 110.5447, "mod_fiscal": 8.9897, "des_condic": "Aguardando analise", "ind_status": "AT", "dat_atuali": "11/09/2014"}, "geometry": {"type": "Polygon", "coordinates": [[[-48.81701946258545, -25.98146393589597], [-48.81697654724121, -25.9811167321222], [-48.81234169006348, -25.981155310369925], [-48.812127113342285, -25.982042606573717], [-48.805646896362305, -25.98188829467148], [-48.80053997039795, -25.982042606573717], [-48.7986946105957, -25.98362429189382], [-48.798909187316895, -25.985823184907954], [-48.798909187316895, -25.989179310731156], [-48.810710906982415, -25.98821491657105], [-48.81096839904785, -25.985514570825888], [-48.81131172180176, -25.98532168661314], [-48.81178379058838, -25.986170374781775], [-48.8157320022583, -25.984627300826684], [-48.81564617156982, -25.98157967025938], [-48.81701946258545, -25.98146393589597]]]}}, {"type": "Feature", "properties": {"cod_imovel": "SC-4205803-BD19417E830C4E22944D4886AB3BCB8B", "municipio": "Garuva", "num_area": 433.2519, "mod_fiscal": 33.1384, "des_condic": "Aguardando analise", "ind_status": "AT", "dat_atuali": "20/06/2017"}, "geometry": {"type": "Polygon", "coordinates": [[[-48.9640840609638, -26.01196276788535], [-48.96495087480764, -26.01104515450069], [-48.96965086826029, -26.0085331583186], [-48.97318056670483, -26.00757270394981], [-48.97691045957338, -26.00571483720546], [-48.97769838283213, -26.00591362609896], [-48.97656113537195, -26.00517811291859], [-48.9717861788933, -26.00443584080665], [-48.96856639295102, -26.00492099213727], [-48.95157000608506, -25.99024865216526], [-48.96198267847852, -25.98049656721194], [-48.93722225153702, -25.98095688884764], [-48.93834609093377, -25.98217948445437], [-48.94011323392029, -25.98653393674102], [-48.94101176372505, -25.98735069168618], [-48.94075866423444, -25.98911626529508], [-48.942599829388, -25.99006286099164], [-48.94507814309616, -25.99280198600524], [-48.94629842355834, -25.99443424480743], [-48.94889536810745, -25.99703940041228], [-48.95125693896167, -25.99982342472626], [-48.9640840609638, -26.01196276788535]]]}}, {"type": "Feature", "properties": {"cod_imovel": "SC-4205803-42481498204F4F9CAC49D58CDF9A08A9", "municipio": "Garuva", "num_area": 12.2981, "mod_fiscal": 1.0226, "des_condic": "Aguardando analise", "ind_status": "AT", "dat_atuali": "26/10/2016"}, "geometry": {"type": "Polygon", "coordinates": [[[-48.8362991809845, -25.98206189554726], [-48.821847438812256, -25.9822354961667], [-48.82221221923828, -25.982949184908996], [-48.83646011352539, -25.982891318415614], [-48.8362991809845, -25.98206189554726]]]}}, {"type": "Feature", "properties": {"cod_imovel": "SC-4205803-52C624A610CD4F949F1A9A9A5C47CFDE", "municipio": "Garuva", "num_area": 41.8742, "mod_fiscal": 3.1485, "des_condic": "Aguardando analise", "ind_status": "AT", "dat_atuali": "05/05/2016"}, "geometry": {"type": "Polygon", "coordinates": [[[-48.81745698265453, -25.98202425125948], [-48.81718351290922, -25.98132756352859], [-48.80090843060911, -25.98148943202972], [-48.800679528918, -25.98566948597932], [-48.81084649769167, -25.98362190147779], [-48.81148491613873, -25.98226961996011], [-48.81745698265453, -25.98202425125948]]]}}, {"type": "Feature", "properties": {"cod_imovel": "SC-4205803-7123E3B8BE6649B79CD79CC9B6CF849F", "municipio": "Garuva", "num_area": 18.1546, "mod_fiscal": 1.5129, "des_condic": "Aguardando analise", "ind_status": "AT", "dat_atuali": "12/02/2025"}, "geometry": {"type": "Polygon", "coordinates": [[[-48.83268356323242, -25.987327666954926], [-48.83854150772095, -25.987250514497877], [-48.83832638166714, -25.98625490950235], [-48.82421584925421, -25.98634772739081], [-48.82482068547223, -25.98650041500648], [-48.82543644067134, -25.98768544696461], [-48.83267624262336, -25.9877076769624], [-48.83268356323242, -25.987327666954926]]]}}, {"type": "Feature", "properties": {"cod_imovel": "SC-4205803-E9E6BA2C2E16470BB3660D3DB2F3E501", "municipio": "Garuva", "num_area": 4.9694, "mod_fiscal": 0.378, "des_condic": "Aguardando analise", "ind_status": "AT", "dat_atuali": "26/04/2015"}, "geometry": {"type": "Polygon", "coordinates": [[[-48.87122154235839, -25.9811167321222], [-48.86873245239258, -25.981097442993597], [-48.86875391006469, -25.98287202957816], [-48.871285915374756, -25.982910607249902], [-48.87122154235839, -25.9811167321222]]]}}, {"type": "Feature", "properties": {"cod_imovel": "SC-4205803-DF4C28D696F04FB69388E09FC06B52F7", "municipio": "Garuva", "num_area": 28.3166, "mod_fiscal": 2.3597, "des_condic": "Aguardando analise", "ind_status": "AT", "dat_atuali": "18/11/2024"}, "geometry": {"type": "Polygon", "coordinates": [[[-48.8589355665507, -25.982606218272792], [-48.84714775265279, -25.982819349519186], [-48.84754807149026, -25.984964445151956], [-48.85977670159004, -25.98468560812345], [-48.8589355665507, -25.982606218272792]]]}}, {"type": "Feature", "properties": {"cod_imovel": "SC-4205803-22239C9D8C024FADBDFE6F90F81FE670", "municipio": "Garuva", "num_area": 17.9174, "mod_fiscal": 1.4931, "des_condic": "Aguardando analise", "ind_status": "AT", "dat_atuali": "18/11/2024"}, "geometry": {"type": "Polygon", "coordinates": [[[-48.83799090679226, -25.98527714387128], [-48.83986227726646, -25.98528249914176], [-48.84006318703584, -25.98636177772735], [-48.84822986191455, -25.9863645037696], [-48.84807076840179, -25.98466374114003], [-48.83738258034332, -25.98449239613079], [-48.83799090679226, -25.98527714387128]]]}}, {"type": "Feature", "properties": {"cod_imovel": "SC-4205803-E9E4C1F312DC403B8370DED25F351702", "municipio": "Garuva", "num_area": 2.0045, "mod_fiscal": 0.167, "des_condic": "Aguardando analise", "ind_status": "AT", "dat_atuali": "18/11/2024"}, "geometry": {"type": "Polygon", "coordinates": [[[-48.84004747288925, -25.98634421958861], [-48.83985104040397, -25.98530528011891], [-48.83798102301883, -25.98528920742068], [-48.83842349052429, -25.98632468106321], [-48.84004747288925, -25.98634421958861]]]}}, {"type": "Feature", "properties": {"cod_imovel": "SC-4205803-CCCE81FF0E2045E7B694E60CC8D17D9E", "municipio": "Garuva", "num_area": 11.6342, "mod_fiscal": 0.9695, "des_condic": "Aguardando analise", "ind_status": "AT", "dat_atuali": "14/11/2024"}, "geometry": {"type": "Polygon", "coordinates": [[[-48.83686780929565, -25.983238516948635], [-48.837082386016846, -25.984280106395293], [-48.846352100372314, -25.984280106395293], [-48.84626626968384, -25.983084206616102], [-48.83686780929565, -25.983238516948635]]]}}, {"type": "Feature", "properties": {"cod_imovel": "SC-4205803-9099BFC4B8F54752A0E454BF04CF9865", "municipio": "Garuva", "num_area": 9.4287, "mod_fiscal": 0.7857, "des_condic": "Aguardando analise", "ind_status": "AT", "dat_atuali": "14/11/2024"}, "geometry": {"type": "Polygon", "coordinates": [[[-48.847093605580554, -25.982502637170104], [-48.837117014271065, -25.98251625201944], [-48.83725124107002, -25.983366690011696], [-48.8472478723767, -25.983353367638905], [-48.847093605580554, -25.982502637170104]]]}}, {"type": "Feature", "properties": {"cod_imovel": "SC-4205803-64CA4412F89E4B29A408745ED64B070F", "municipio": "Garuva", "num_area": 9.3542, "mod_fiscal": 0.7795, "des_condic": "Aguardando analise", "ind_status": "AT", "dat_atuali": "14/11/2024"}, "geometry": {"type": "Polygon", "coordinates": [[[-48.8481553935125, -25.98780761405121], [-48.843175085309234, -25.988184713611076], [-48.843534317036664, -25.989841806334454], [-48.84851436663795, -25.989482745697014], [-48.8481553935125, -25.98780761405121]]]}}, {"type": "Feature", "properties": {"cod_imovel": "SC-4205803-A91D413B217144EAB883E644E416A049", "municipio": "Garuva", "num_area": 6.3051, "mod_fiscal": 0.5254, "des_condic": "Aguardando analise", "ind_status": "AT", "dat_atuali": "07/11/2024"}, "geometry": {"type": "Polygon", "coordinates": [[[-48.84991407394409, -25.99955569118731], [-48.84939908981323, -25.997511346705437], [-48.846609592437744, -25.997704210912126], [-48.847081661224365, -25.999652121652193], [-48.84991407394409, -25.99955569118731]]]}}, {"type": "Feature", "properties": {"cod_imovel": "SC-4205803-EB8C85AAF02E4414A337B97F7F26D0E9", "municipio": "Garuva", "num_area": 6.0223, "mod_fiscal": 0.5019, "des_condic": "Aguardando analise", "ind_status": "AT", "dat_atuali": "08/10/2024"}, "geometry": {"type": "Polygon", "coordinates": [[[-48.88860007531203, -26.0026859579618], [-48.87879091345577, -25.99824739574168], [-48.87857145998306, -25.99870158014386], [-48.88843090360886, -26.00316024950394], [-48.88860007531203, -26.0026859579618]]]}}, {"type": "Feature", "properties": {"cod_imovel": "SC-4205803-5710379197A045688C92BE6F497D7ED6", "municipio": "Garuva", "num_area": 32.5639, "mod_fiscal": 2.7137, "des_condic": "Aguardando analise", "ind_status": "AT", "dat_atuali": "29/08/2024"}, "geometry": {"type": "Polygon", "coordinates": [[[-48.83541405200958, -25.99967140773567], [-48.8343197107315, -25.996874892577054], [-48.824121952056885, -26.000732137450882], [-48.825109004974365, -26.002930710359212], [-48.83541405200958, -25.99967140773567]]]}}, {"type": "Feature", "properties": {"cod_imovel": "SC-4205803-6B25B4681B6941BFA1EF9EB788B4A60C", "municipio": "Garuva", "num_area": 21.1784, "mod_fiscal": 1.7649, "des_condic": "Aguardando analise", "ind_status": "AT", "dat_atuali": "08/08/2024"}, "geometry": {"type": "Polygon", "coordinates": [[[-48.87948274612427, -25.99078018756589], [-48.868281841278076, -25.990355860890308], [-48.86817455291748, -25.99216888233767], [-48.877551555633545, -25.992593202466985], [-48.87948274612427, -25.99078018756589]]]}}, {"type": "Feature", "properties": {"cod_imovel": "SC-4205803-0C84A547323344D49E243102CF8C6B5B", "municipio": "Garuva", "num_area": 44.7026, "mod_fiscal": 3.7252, "des_condic": "Aguardando analise", "ind_status": "AT", "dat_atuali": "26/04/2024"}, "geometry": {"type": "Polygon", "coordinates": [[[-48.86669209065943, -25.99695968809889], [-48.86728508258182, -25.99485867568247], [-48.84698183990996, -25.99376560067069], [-48.84682329118316, -25.99563076454743], [-48.86669209065943, -25.99695968809889]]]}}, {"type": "Feature", "properties": {"cod_imovel": "SC-4205803-CD995CD403E74B3289387F23A8F0DF42", "municipio": "Garuva", "num_area": 29.539, "mod_fiscal": 2.4616, "des_condic": "Aguardando analise", "ind_status": "AT", "dat_atuali": "29/01/2024"}, "geometry": {"type": "Polygon", "coordinates": [[[-48.83749008178711, -25.984511569463493], [-48.836696147918694, -25.98273700762736], [-48.82139682769775, -25.982582696636555], [-48.822362422943115, -25.983257805725962], [-48.822898864746094, -25.98445370373916], [-48.83749008178711, -25.984511569463493]]]}}, {"type": "Feature", "properties": {"cod_imovel": "SC-4205803-5F0EB4876CBC4BE3BDA739C67B7A9187", "municipio": "Garuva", "num_area": 2.3855, "mod_fiscal": 0.1988, "des_condic": "Aguardando analise", "ind_status": "AT", "dat_atuali": "07/01/2021"}, "geometry": {"type": "Polygon", "coordinates": [[[-48.87256133479961, -26.00090482440154], [-48.86972109498841, -25.99965875977514], [-48.86891521267844, -26.00003105217143], [-48.87200375044828, -26.00139054977381], [-48.87256133479961, -26.00090482440154]]]}}, {"type": "Feature", "properties": {"cod_imovel": "SC-4205803-40722457351446D6A5735A99EC8BA2D0", "municipio": "Garuva", "num_area": 7.817, "mod_fiscal": 0.6514, "des_condic": "Aguardando analise", "ind_status": "AT", "dat_atuali": "30/09/2022"}, "geometry": {"type": "Polygon", "coordinates": [[[-48.90344113045895, -25.98328582726525], [-48.89308143995419, -25.9832221191799], [-48.89380158387938, -25.98390564669256], [-48.90416385379037, -25.98397109974806], [-48.90344113045895, -25.98328582726525]]]}}, {"type": "Feature", "properties": {"cod_imovel": "SC-4205803-A4B5380A1DD24210ADB48A5E30F6F455", "municipio": "Garuva", "num_area": 100.3783, "mod_fiscal": 8.172, "des_condic": "Aguardando analise", "ind_status": "PE", "dat_atuali": "23/05/2016"}, "geometry": {"type": "Polygon", "coordinates": [[[-48.794875144958496, -26.0031428511822], [-48.796634674072266, -25.98042232149865], [-48.792686462402344, -25.98038374301042], [-48.7908411026001, -26.002834282585727], [-48.794875144958496, -26.0031428511822]]]}}, {"type": "Feature", "properties": {"cod_imovel": "SC-4205803-6B8F310A81E74352A6AC542CF8174161", "municipio": "Garuva", "num_area": 2.1697, "mod_fiscal": 0.1808, "des_condic": "Aguardando analise", "ind_status": "AT", "dat_atuali": "14/12/2022"}, "geometry": {"type": "Polygon", "coordinates": [[[-48.86975701224866, -25.9996729055533], [-48.87252722539305, -26.00090513630311], [-48.8731228491213, -26.00044212270526], [-48.87045956447782, -25.99927062227273], [-48.86975701224866, -25.9996729055533]]]}}, {"type": "Feature", "properties": {"cod_imovel": "SC-4205803-E26D6857A50D4362B999CF13918D09A6", "municipio": "Garuva", "num_area": 2.2828, "mod_fiscal": 0.1902, "des_condic": "Aguardando analise", "ind_status": "AT", "dat_atuali": "19/07/2021"}, "geometry": {"type": "Polygon", "coordinates": [[[-48.87313755552341, -26.00043399806109], [-48.87394222868161, -26.00016154656876], [-48.87086117122207, -25.99870562277951], [-48.870345147018, -25.99923808158128], [-48.87313755552341, -26.00043399806109]]]}}, {"type": "Feature", "properties": {"cod_imovel": "SC-4205803-650DF4A7413A4312950C62DBBE010320", "municipio": "Garuva", "num_area": 1.06, "mod_fiscal": 0.0883, "des_condic": "Aguardando analise", "ind_status": "AT", "dat_atuali": "28/08/2022"}, "geometry": {"type": "Polygon", "coordinates": [[[-48.88263469051098, -25.9865968620424], [-48.88331721833895, -25.98689243036394], [-48.88309645417197, -25.98579852923973], [-48.8821366394728, -25.98537955616369], [-48.8821500817919, -25.98587449536657], [-48.88263469051098, -25.9865968620424]]]}}, {"type": "Feature", "properties": {"cod_imovel": "SC-4205803-27925CF5F393469091E5CFDB7D523192", "municipio": "Garuva", "num_area": 0.7573, "mod_fiscal": 0.0631, "des_condic": "Aguardando analise", "ind_status": "AT", "dat_atuali": "14/07/2021"}, "geometry": {"type": "Polygon", "coordinates": [[[-48.86697292327881, -25.99859138218503], [-48.866608142852776, -25.998417805724014], [-48.86604828963944, -25.99981834822225], [-48.86647258584888, -26.00006464455831], [-48.86697292327881, -25.99859138218503]]]}}, {"type": "Feature", "properties": {"cod_imovel": "SC-4205803-AF1E19D42D534607A9CE82F5F00F98A9", "municipio": "Garuva", "num_area": 4.8425, "mod_fiscal": 0.4035, "des_condic": "Aguardando analise", "ind_status": "AT", "dat_atuali": "19/10/2023"}, "geometry": {"type": "Polygon", "coordinates": [[[-48.83920669555664, -25.994078310853755], [-48.835344314575195, -25.993731144340423], [-48.83521556854247, -25.994811214569115], [-48.839271068573, -25.99519695153051], [-48.83920669555664, -25.994078310853755]]]}}, {"type": "Feature", "properties": {"cod_imovel": "SC-4205803-114EC75221D94C49B7151A3C32DF2247", "municipio": "Garuva", "num_area": 0.2831, "mod_fiscal": 0.0236, "des_condic": "Aguardando analise", "ind_status": "AT", "dat_atuali": "18/06/2023"}, "geometry": {"type": "Polygon", "coordinates": [[[-48.88310837456677, -25.98468827843088], [-48.88313142358208, -25.98441726136202], [-48.8822581869296, -25.98407347156059], [-48.88214587186803, -25.98430466696504], [-48.88310837456677, -25.98468827843088]]]}}, {"type": "Feature", "properties": {"cod_imovel": "SC-4205803-7478077C581C4034AAEE00E9EA04C9AC", "municipio": "Garuva", "num_area": 25.2512, "mod_fiscal": 2.1043, "des_condic": "Aguardando analise", "ind_status": "PE", "dat_atuali": "23/05/2016"}, "geometry": {"type": "Polygon", "coordinates": [[[-48.79684239909423, -26.00292615154569], [-48.79814217351193, -25.99138009495109], [-48.796162605285645, -25.99135881238174], [-48.794875144958496, -26.002737854733088], [-48.79684239909423, -26.00292615154569]]]}}, {"type": "Feature", "properties": {"cod_imovel": "SC-4205803-8624FFEDC12C4EDBA42BE21D98872ADA", "municipio": "Garuva", "num_area": 52.3022, "mod_fiscal": 4.3585, "des_condic": "Aguardando analise", "ind_status": "PE", "dat_atuali": "23/05/2016"}, "geometry": {"type": "Polygon", "coordinates": [[[-48.80092511415506, -26.00304287906289], [-48.80230537202655, -25.99172736086594], [-48.79815379186005, -25.99142994089455], [-48.79687595070474, -26.00299139643052], [-48.80092511415506, -26.00304287906289]]]}}, {"type": "Feature", "properties": {"cod_imovel": "SC-4205803-E850DCDF1B16444E8D4D72FE65EF03E9", "municipio": "Garuva", "num_area": 19.2346, "mod_fiscal": 1.6029, "des_condic": "Aguardando analise", "ind_status": "AT", "dat_atuali": "06/05/2023"}, "geometry": {"type": "Polygon", "coordinates": [[[-48.848819732666016, -25.98971936800432], [-48.848605155944824, -25.993885440695205], [-48.8531591354719, -25.99399417167286], [-48.85335848248134, -25.99057880881522], [-48.848819732666016, -25.98971936800432]]]}}, {"type": "Feature", "properties": {"cod_imovel": "SC-4205803-F837CC59E7884CB8BBD1D7CC66B161BD", "municipio": "Garuva", "num_area": 10.2158, "mod_fiscal": 0.8513, "des_condic": "Aguardando analise", "ind_status": "AT", "dat_atuali": "16/03/2016"}, "geometry": {"type": "Polygon", "coordinates": [[[-48.88172690030997, -25.99328853460663], [-48.89113426208496, -25.997511346705437], [-48.891563415527344, -25.996682027008962], [-48.88240291000194, -25.99262712931486], [-48.88172690030997, -25.99328853460663]]]}}, {"type": "Feature", "properties": {"cod_imovel": "SC-4205803-9A77BBC3225A4AFFAFD7461182750443", "municipio": "Garuva", "num_area": 29.4649, "mod_fiscal": 2.4554, "des_condic": "Aguardando analise", "ind_status": "AT", "dat_atuali": "04/07/2017"}, "geometry": {"type": "Polygon", "coordinates": [[[-48.8640301176538, -25.994743551551], [-48.864805648955, -25.9918141341744], [-48.8563261570675, -25.9913231116999], [-48.8546580148777, -25.994150922271], [-48.8640301176538, -25.994743551551]]]}}, {"type": "Feature", "properties": {"cod_imovel": "SC-4205803-789F5CA7384043219077908CB8D2EF4D", "municipio": "Garuva", "num_area": 13.3434, "mod_fiscal": 1.1119, "des_condic": "Aguardando analise", "ind_status": "AT", "dat_atuali": "22/02/2016"}, "geometry": {"type": "Polygon", "coordinates": [[[-48.879075050354004, -25.992188169649513], [-48.87856043077313, -25.99289952345827], [-48.89061681223279, -25.99835531560427], [-48.89109134674072, -25.997511346705437], [-48.879075050354004, -25.992188169649513]]]}}, {"type": "Feature", "properties": {"cod_imovel": "SC-4205803-E84C913956934639833E456DCE5810D9", "municipio": "Garuva", "num_area": 14.6478, "mod_fiscal": 1.2207, "des_condic": "Aguardando analise", "ind_status": "AT", "dat_atuali": "25/10/2016"}, "geometry": {"type": "Polygon", "coordinates": [[[-48.83643865585327, -25.98287202957816], [-48.822373151779175, -25.98304562900133], [-48.82269501686096, -25.98345069332515], [-48.82266283035278, -25.984010065573052], [-48.836610317230225, -25.983797890206137], [-48.83643865585327, -25.98287202957816]]]}}, {"type": "Feature", "properties": {"cod_imovel": "SC-4205803-2138230A6E9A4BEAAA0D16871286DAF3", "municipio": "Garuva", "num_area": 1.18, "mod_fiscal": 0.0983, "des_condic": "Aguardando analise", "ind_status": "AT", "dat_atuali": "03/03/2016"}, "geometry": {"type": "Polygon", "coordinates": [[[-48.88317346572876, -25.984897340231047], [-48.88321138860582, -25.98557013581572], [-48.88471841812134, -25.986266816231403], [-48.88463258743286, -25.98541812875908], [-48.88317346572876, -25.984897340231047]]]}}, {"type": "Feature", "properties": {"cod_imovel": "SC-4205803-BF306C83FAF94F109E424B55BD118285", "municipio": "Garuva", "num_area": 0.7184, "mod_fiscal": 0.0599, "des_condic": "Aguardando analise", "ind_status": "AT", "dat_atuali": "21/02/2017"}, "geometry": {"type": "Polygon", "coordinates": [[[-48.882196825, -25.9854036464734], [-48.88464166944439, -25.9864699575845], [-48.8846569888889, -25.9862206742511], [-48.882183175, -25.9851038798067], [-48.882196825, -25.9854036464734]]]}}, {"type": "Feature", "properties": {"cod_imovel": "SC-4205803-25A1D896B1A7455ABBC45D009CAE852E", "municipio": "Garuva", "num_area": 4.5452, "mod_fiscal": 0.3788, "des_condic": "Aguardando analise", "ind_status": "AT", "dat_atuali": "12/02/2018"}, "geometry": {"type": "Polygon", "coordinates": [[[-48.87775601764014, -25.99968729509712], [-48.87729491196505, -26.00008356517328], [-48.88427348189647, -26.00323912337226], [-48.88432864092472, -26.0026596729377], [-48.87775601764014, -25.99968729509712]]]}}, {"type": "Feature", "properties": {"cod_imovel": "SC-4205803-C0D22BF1ABA24329A7A637E99F605818", "municipio": "Garuva", "num_area": 1.7533, "mod_fiscal": 0.143, "des_condic": "Aguardando analise", "ind_status": "AT", "dat_atuali": "05/05/2016"}, "geometry": {"type": "Polygon", "coordinates": [[[-48.81758984616702, -25.98224040619353], [-48.81815101061491, -25.98334052679853], [-48.81976827893833, -25.98275955424098], [-48.81951686883127, -25.98214712539861], [-48.81758984616702, -25.98224040619353]]]}}, {"type": "Feature", "properties": {"cod_imovel": "SC-4205803-60FDC562EF584F05903F3AD61C59BD54", "municipio": "Garuva", "num_area": 28.9551, "mod_fiscal": 2.4129, "des_condic": "Aguardando analise", "ind_status": "AT", "dat_atuali": "29/05/2018"}, "geometry": {"type": "Polygon", "coordinates": [[[-48.89426280062377, -25.98644723177763], [-48.89402210800832, -25.98752489989681], [-48.916969299316406, -25.997434200934105], [-48.91725831198071, -25.99646964688768], [-48.89426280062377, -25.98644723177763]]]}}, {"type": "Feature", "properties": {"cod_imovel": "SC-4205803-0CCF243BA01249A599151EDC00918808", "municipio": "Garuva", "num_area": 5.7979, "mod_fiscal": 0.4447, "des_condic": "Aguardando analise", "ind_status": "AT", "dat_atuali": "10/11/2014"}, "geometry": {"type": "Polygon", "coordinates": [[[-48.81995916366577, -25.98277558534341], [-48.81955146789551, -25.98194616165856], [-48.81716966629028, -25.98175327159087], [-48.81704092025757, -25.981425357749526], [-48.81622552871704, -25.98150251402977], [-48.81706237792969, -25.98393291093848], [-48.81995916366577, -25.98277558534341]]]}}, {"type": "Feature", "properties": {"cod_imovel": "SC-4205803-EEA918ABCC1E415D9B82FB231EC1C0CA", "municipio": "Garuva", "num_area": 28.5956, "mod_fiscal": 2.3816, "des_condic": "Aguardando analise", "ind_status": "AT", "dat_atuali": "02/03/2015"}, "geometry": {"type": "Polygon", "coordinates": [[[-48.86111497879028, -25.98181113864441], [-48.84628772735596, -25.981984739634118], [-48.846373558044434, -25.98366286931871], [-48.860299587249756, -25.983720735432307], [-48.86111497879028, -25.98181113864441]]]}}, {"type": "Feature", "properties": {"cod_imovel": "SC-4205803-C57EF6913E534BC3BDA7E8D0E62A4E38", "municipio": "Garuva", "num_area": 24.71, "mod_fiscal": 2.0592, "des_condic": "Aguardando analise", "ind_status": "AT", "dat_atuali": "30/03/2015"}, "geometry": {"type": "Polygon", "coordinates": [[[-48.815410137176514, -25.99650844772701], [-48.8262677192688, -25.992342468030312], [-48.82579565048218, -25.99145524957407], [-48.826589584350586, -25.99025942279582], [-48.81465911865234, -25.994734067024876], [-48.815410137176514, -25.99650844772701]]]}}, {"type": "Feature", "properties": {"cod_imovel": "SC-4205803-794C48D41BF346A6B5BB465132CBE5CA", "municipio": "Garuva", "num_area": 15.0233, "mod_fiscal": 1.2519, "des_condic": "Aguardando analise", "ind_status": "AT", "dat_atuali": "26/04/2015"}, "geometry": {"type": "Polygon", "coordinates": [[[-48.8601279258728, -25.986884039635303], [-48.869290351867676, -25.9870576331337], [-48.8692045211792, -25.985533859229754], [-48.8601279258728, -25.985437417178762], [-48.8601279258728, -25.986884039635303]]]}}, {"type": "Feature", "properties": {"cod_imovel": "SC-4205803-D0049B5192A74AEA80736E05C4E92F56", "municipio": "Garuva", "num_area": 4.7607, "mod_fiscal": 0.3967, "des_condic": "Aguardando analise", "ind_status": "AT", "dat_atuali": "04/05/2016"}, "geometry": {"type": "Polygon", "coordinates": [[[-48.88875675114372, -25.99890851630436], [-48.87985563836834, -25.99548921935805], [-48.87969217903986, -25.99590130601599], [-48.88846682318721, -25.99929271691907], [-48.88875675114372, -25.99890851630436]]]}}, {"type": "Feature", "properties": {"cod_imovel": "SC-4205803-5A206CA7B081415D86441F115B025D45", "municipio": "Garuva", "num_area": 48.701, "mod_fiscal": 4.0584, "des_condic": "Aguardando analise", "ind_status": "AT", "dat_atuali": "14/03/2016"}, "geometry": {"type": "Polygon", "coordinates": [[[-48.90169279869447, -26.00201916326429], [-48.90272209209822, -25.99762937852758], [-48.89279434394482, -25.99718910568484], [-48.89171538621483, -26.00152049628737], [-48.90169279869447, -26.00201916326429]]]}}, {"type": "Feature", "properties": {"cod_imovel": "SC-4205803-C0D0A359F24F4C27AD908A531E278779", "municipio": "Garuva", "num_area": 9.0328, "mod_fiscal": 0.7527, "des_condic": "Aguardando analise", "ind_status": "AT", "dat_atuali": "20/06/2016"}, "geometry": {"type": "Polygon", "coordinates": [[[-48.88353219194728, -25.99032024347631], [-48.887808322906494, -25.99288251076761], [-48.88842999046568, -25.9915594775516], [-48.88418197631836, -25.988735690400343], [-48.88355038168151, -25.98952100745194], [-48.88353219194728, -25.99032024347631]]]}}, {"type": "Feature", "properties": {"cod_imovel": "SC-4205803-35DAC57EE0D843BEA43DE81FFC2E887C", "municipio": "Garuva", "num_area": 18.6421, "mod_fiscal": 1.5535, "des_condic": "Aguardando analise", "ind_status": "AT", "dat_atuali": "26/03/2015"}, "geometry": {"type": "Polygon", "coordinates": [[[-48.83905649185181, -25.991493824428844], [-48.84899139404297, -25.991493824428844], [-48.84890556335449, -25.989835094239982], [-48.83892774581909, -25.9897772311364], [-48.83905649185181, -25.991493824428844]]]}}, {"type": "Feature", "properties": {"cod_imovel": "SC-4205803-1520C1305C57401FB85A3FCA81CBEE0F", "municipio": "Garuva", "num_area": 11.0824, "mod_fiscal": 0.9235, "des_condic": "Aguardando analise", "ind_status": "AT", "dat_atuali": "30/03/2015"}, "geometry": {"type": "Polygon", "coordinates": [[[-48.835837841033936, -26.000230702779184], [-48.83555889129639, -25.9997292659671], [-48.81959438323974, -26.005630655875827], [-48.81976604461669, -26.00620920755438], [-48.835837841033936, -26.000230702779184]]]}}, {"type": "Feature", "properties": {"cod_imovel": "SC-4205803-7FE154C3C6FB43BCAA3BBE2A7B539B56", "municipio": "Garuva", "num_area": 11.2835, "mod_fiscal": 0.9403, "des_condic": "Aguardando analise", "ind_status": "AT", "dat_atuali": "14/04/2015"}, "geometry": {"type": "Polygon", "coordinates": [[[-48.86891239180333, -25.98184425321703], [-48.86039927988343, -25.98202513978533], [-48.86030930981272, -25.98320698869048], [-48.86913662810296, -25.98300493289199], [-48.86891239180333, -25.98184425321703]]]}}, {"type": "Feature", "properties": {"cod_imovel": "SC-4205803-BBFE44FCA72E4FF0A85545E0C2031D7C", "municipio": "Garuva", "num_area": 5.0682, "mod_fiscal": 0.4224, "des_condic": "Aguardando analise", "ind_status": "AT", "dat_atuali": "24/03/2015"}, "geometry": {"type": "Polygon", "coordinates": [[[-48.88241445335151, -25.98709760703622], [-48.88216141199636, -25.98677924011741], [-48.86953149983465, -25.98675659753411], [-48.86948979994082, -25.98715206915232], [-48.88241445335151, -25.98709760703622]]]}}, {"type": "Feature", "properties": {"cod_imovel": "SC-4205803-008F399008CC4DAC941F9C19FF2E6C8B", "municipio": "Garuva", "num_area": 5.7149, "mod_fiscal": 0.4762, "des_condic": "Aguardando analise", "ind_status": "AT", "dat_atuali": "26/04/2015"}, "geometry": {"type": "Polygon", "coordinates": [[[-48.86937618255615, -25.98470445500551], [-48.88053004717121, -25.98477820855843], [-48.88058443449418, -25.98428152639009], [-48.86937618255615, -25.984280106395293], [-48.86937618255615, -25.98470445500551]]]}}, {"type": "Feature", "properties": {"cod_imovel": "SC-4205803-858D836757A540829A7FF87F8DA0E738", "municipio": "Garuva", "num_area": 5.7702, "mod_fiscal": 0.4808, "des_condic": "Aguardando analise", "ind_status": "AT", "dat_atuali": "26/04/2015"}, "geometry": {"type": "Polygon", "coordinates": [[[-48.86935472488403, -25.984395837986366], [-48.880512714385986, -25.984357260802], [-48.88052690446899, -25.98390800377843], [-48.86935472488403, -25.98391362227194], [-48.86935472488403, -25.984395837986366]]]}}, {"type": "Feature", "properties": {"cod_imovel": "SC-4205803-CF34AD88E68A467CB682BD212D5A12BA", "municipio": "Garuva", "num_area": 11.0427, "mod_fiscal": 0.9202, "des_condic": "Aguardando analise", "ind_status": "AT", "dat_atuali": "02/09/2014"}, "geometry": {"type": "Polygon", "coordinates": [[[-48.835344314575195, -25.99380829254314], [-48.8466739654541, -25.994406189396766], [-48.84665250778198, -25.993461125232045], [-48.83555889129639, -25.992978946709535], [-48.83555889129639, -25.993422551023063], [-48.835344314575195, -25.99380829254314]]]}}, {"type": "Feature", "properties": {"cod_imovel": "SC-4205803-91F612BE44BE4BEF8D3D30F676D2EFD4", "municipio": "Garuva", "num_area": 29.1674, "mod_fiscal": 2.4306, "des_condic": "Aguardando analise", "ind_status": "AT", "dat_atuali": "05/05/2015"}, "geometry": {"type": "Polygon", "coordinates": [[[-48.89334440231323, -25.989989395710282], [-48.915488719940186, -25.998919248133912], [-48.915724754333496, -25.99787778842746], [-48.89368094132921, -25.98888352403833], [-48.89334440231323, -25.989989395710282]]]}}, {"type": "Feature", "properties": {"cod_imovel": "SC-4205803-2AD05454C0434237AEB3199EAB7F9226", "municipio": "Garuva", "num_area": 23.4414, "mod_fiscal": 1.9535, "des_condic": "Aguardando analise", "ind_status": "AT", "dat_atuali": "18/10/2022"}, "geometry": {"type": "Polygon", "coordinates": [[[-48.82266140959372, -25.986195848987], [-48.83486802418018, -25.98620241993526], [-48.83513099081875, -25.98453270566534], [-48.82279491252415, -25.98453581230185], [-48.82247969881201, -25.98569877463397], [-48.82266140959372, -25.986195848987]]]}}, {"type": "Feature", "properties": {"cod_imovel": "SC-4205803-0F3940DA3BD548B8B2F393A07F6EB29F", "municipio": "Garuva", "num_area": 5.7414, "mod_fiscal": 0.4785, "des_condic": "Aguardando analise", "ind_status": "AT", "dat_atuali": "01/04/2015"}, "geometry": {"type": "Polygon", "coordinates": [[[-48.85302588707729, -25.99986067103682], [-48.85242462158203, -25.998359946846673], [-48.849184513092034, -25.997858502049528], [-48.84995698928833, -25.99976783810555], [-48.85302588707729, -25.99986067103682]]]}}, {"type": "Feature", "properties": {"cod_imovel": "SC-4205803-02B8531725B8458985EE1224901644BD", "municipio": "Garuva", "num_area": 3.5386, "mod_fiscal": 0.2949, "des_condic": "Aguardando analise", "ind_status": "AT", "dat_atuali": "06/04/2015"}, "geometry": {"type": "Polygon", "coordinates": [[[-48.87661743555169, -25.99316165521302], [-48.87673616409302, -25.9928825107676], [-48.86424779891968, -25.992631776948222], [-48.864290714263916, -25.992766787532826], [-48.87661743555169, -25.99316165521302]]]}}, {"type": "Feature", "properties": {"cod_imovel": "SC-4205803-D32D0579E8A34CA08ED9E0DD5FAF56F5", "municipio": "Garuva", "num_area": 25.0593, "mod_fiscal": 2.0883, "des_condic": "Aguardando analise", "ind_status": "AT", "dat_atuali": "03/03/2016"}, "geometry": {"type": "Polygon", "coordinates": [[[-48.89421343803406, -25.986652581238662], [-48.89388084411621, -25.98744339554555], [-48.9004898071289, -25.991416674706638], [-48.91512393951415, -25.99955569118731], [-48.915724754333496, -25.998899961926956], [-48.89421343803406, -25.986652581238662]]]}}, {"type": "Feature", "properties": {"cod_imovel": "SC-4205803-0304276FF1D94457A16090C7EC3FD7A1", "municipio": "Garuva", "num_area": 3.9998, "mod_fiscal": 0.3333, "des_condic": "Aguardando analise", "ind_status": "AT", "dat_atuali": "04/05/2015"}, "geometry": {"type": "Polygon", "coordinates": [[[-48.877530097961426, -25.9928825107676], [-48.87765884399414, -25.992612489709174], [-48.86444091796875, -25.992226744263697], [-48.86435508728027, -25.992496766208493], [-48.877530097961426, -25.9928825107676]]]}}, {"type": "Feature", "properties": {"cod_imovel": "SC-4205803-03E834A38162478E8B96A735980F08E0", "municipio": "Garuva", "num_area": 8520.4999, "mod_fiscal": 710.0417, "des_condic": "Aguardando analise", "ind_status": "AT", "dat_atuali": "22/07/2015"}, "geometry": {"type": "Polygon", "coordinates": [[[-48.98416166955165, -26.0771144046792], [-48.98374071842702, -26.07495178230292], [-48.9827442122881, -26.07262003440265], [-48.98239476345429, -26.07048995320973], [-48.9828048313899, -26.06928448508338], [-48.98209833511113, -26.06748616283596], [-48.98207146292875, -26.06685820436786], [-48.98334950841683, -26.06574201007224], [-48.98391720143828, -26.0649434213695], [-48.98385160966459, -26.06384714420272], [-48.98286805005466, -26.06321066948722], [-48.9814800868511, -26.06299623272666], [-48.98075534441681, -26.06267040374094], [-48.98039908252938, -26.06170762655449], [-48.97952352038239, -26.06198281306051], [-48.97907497654506, -26.06229383597017], [-48.97848024785927, -26.06227445607235], [-48.9757073234458, -26.06017531574288], [-48.97557027883406, -26.05953919944768], [-48.97386097976581, -26.0585830733555], [-48.97407707792869, -26.05796986424582], [-48.973914197724, -26.05737477084439], [-48.97327070521832, -26.05747621221909], [-48.97285125013143, -26.05806162219698], [-48.97251675528019, -26.05809885301887], [-48.97210930094357, -26.05879426641136], [-48.97037892278459, -26.05919713866942], [-48.96989248737705, -26.05960576665901], [-48.97004783874357, -26.06004936324423], [-48.97055638356309, -26.06048885590258], [-48.9705513404617, -26.06095494947977], [-48.96991216298282, -26.06097829422569], [-48.96767647773324, -26.05970429629656], [-48.96700082330216, -26.05899319905706], [-48.96632952090419, -26.05870542929442], [-48.965017809543, -26.05778351650152], [-48.96455331645855, -26.05699121179913], [-48.94803120023237, -26.0564707077763], [-48.94684964594162, -26.05067272273933], [-48.93015401859215, -26.05013133493897], [-48.93040854290043, -26.03564030900081], [-48.95028076061493, -26.03592370172624], [-48.9499717991798, -26.02603554645215], [-48.93010125407426, -26.02575221113932], [-48.92959724185948, -26.01794041312702], [-48.9478625975751, -26.01820096996691], [-48.94562230145028, -25.9996692582873], [-48.884654178771, -26.0044748770534], [-48.88356404172361, -26.0822639110537], [-48.89990254444448, -26.08524309076721], [-48.90965867884273, -26.09302924752406], [-48.93816481777212, -26.09931233814565], [-48.95225747117621, -26.11697731848106], [-48.96484600165439, -26.11520610202934], [-48.98473548958595, -26.1148474253808], [-48.99222877209638, -26.09215722461285], [-48.99694925249724, -26.08540741148561], [-48.99471570889986, -26.08377846520043], [-48.99229998920176, -26.08358199399003], [-48.99067240821314, -26.08257048601089], [-48.99040134543175, -26.08189943695842], [-48.98805216034758, -26.08039734239954], [-48.98670594250231, -26.07872144474144], [-48.98542782911578, -26.07845796935134], [-48.9847911816857, -26.0781158612583], [-48.98416166955165, -26.0771144046792]]]}}, {"type": "Feature", "properties": {"cod_imovel": "SC-4205803-1D3EB872E5464714A36775AA32E8CB77", "municipio": "Garuva", "num_area": 5.7434, "mod_fiscal": 0.4786, "des_condic": "Aguardando analise", "ind_status": "AT", "dat_atuali": "01/04/2015"}, "geometry": {"type": "Polygon", "coordinates": [[[-48.8507465126926, -26.00151570002626], [-48.8535180042233, -26.0017465007459], [-48.853046894073486, -25.999864268396294], [-48.84997844696045, -25.999787124170048], [-48.8507465126926, -26.00151570002626]]]}}, {"type": "Feature", "properties": {"cod_imovel": "SC-4205803-1678419F9C3C4B2A86CD91E4B5444E37", "municipio": "Garuva", "num_area": 27.5027, "mod_fiscal": 2.2919, "des_condic": "Aguardando analise", "ind_status": "AT", "dat_atuali": "20/01/2015"}, "geometry": {"type": "Polygon", "coordinates": [[[-48.88222932815551, -25.98873569040033], [-48.86841058731079, -25.98842708396522], [-48.86701583862305, -25.990008683379823], [-48.87401103973388, -25.99037514849971], [-48.881049156188965, -25.990529449260947], [-48.88222932815551, -25.98873569040033]]]}}, {"type": "Feature", "properties": {"cod_imovel": "SC-4205803-26EADAF25A744ABABA4F3E8A8624BA3D", "municipio": "Garuva", "num_area": 10.2748, "mod_fiscal": 0.8562, "des_condic": "Aguardando analise", "ind_status": "AT", "dat_atuali": "21/04/2015"}, "geometry": {"type": "Polygon", "coordinates": [[[-48.86888265609741, -26.00192785764561], [-48.86587858200073, -26.000365704632124], [-48.86437969171109, -25.99899237698703], [-48.86324716854104, -25.99876932662554], [-48.861050605773926, -25.999478546758425], [-48.86606317026722, -26.00167809799206], [-48.86583478810023, -26.00186388867384], [-48.86626482009888, -26.002371428171102], [-48.86888265609741, -26.00192785764561]]]}}, {"type": "Feature", "properties": {"cod_imovel": "SC-4205803-3461BEB7B4F34D54BB9154985047C5CC", "municipio": "Garuva", "num_area": 20.4865, "mod_fiscal": 1.7072, "des_condic": "Aguardando analise", "ind_status": "AT", "dat_atuali": "26/03/2015"}, "geometry": {"type": "Polygon", "coordinates": [[[-48.83877754211426, -25.9897772311364], [-48.82830619812011, -25.9897772311364], [-48.82719189519356, -25.99031742841893], [-48.82620120320392, -25.9916327064365], [-48.82759770759964, -25.99295955561492], [-48.828155994415276, -25.99268963864633], [-48.82849759230994, -25.99178983848719], [-48.82975012021635, -25.99124038050883], [-48.838863372802734, -25.990818762642245], [-48.83877754211426, -25.9897772311364]]]}}, {"type": "Feature", "properties": {"cod_imovel": "SC-4205803-4D7EF9DCB68C4428B88AF5F4292DBBA2", "municipio": "Garuva", "num_area": 0.8891, "mod_fiscal": 0.0741, "des_condic": "Aguardando analise", "ind_status": "AT", "dat_atuali": "20/06/2016"}, "geometry": {"type": "Polygon", "coordinates": [[[-48.883881568908684, -25.98827278044382], [-48.88331691744302, -25.98798577865988], [-48.88315276991692, -25.98862560774399], [-48.88216495513916, -25.989410764152097], [-48.882529735565186, -25.98973865571817], [-48.883881568908684, -25.98827278044382]]]}}, {"type": "Feature", "properties": {"cod_imovel": "SC-4205803-55F1629A8E014F45A706CBD2055F92E4", "municipio": "Garuva", "num_area": 9.3701, "mod_fiscal": 0.7808, "des_condic": "Aguardando analise", "ind_status": "AT", "dat_atuali": "30/04/2015"}, "geometry": {"type": "Polygon", "coordinates": [[[-48.83899211883544, -25.98717336199019], [-48.84836912155151, -25.987308378845412], [-48.848304748535156, -25.98636325760191], [-48.838369846343994, -25.98636325760191], [-48.838627338409424, -25.986845463267514], [-48.83894920349121, -25.986845463267514], [-48.83899211883544, -25.98717336199019]]]}}, {"type": "Feature", "properties": {"cod_imovel": "SC-4205803-6B3A7043829A46C6AB64FB48F55E6FE0", "municipio": "Garuva", "num_area": 43.607, "mod_fiscal": 3.6339, "des_condic": "Aguardando analise", "ind_status": "AT", "dat_atuali": "19/05/2016"}, "geometry": {"type": "Polygon", "coordinates": [[[-48.80369424819946, -26.00952618216335], [-48.807213306427, -26.009622604442452], [-48.80809307098388, -25.99768492450571], [-48.80473887072943, -25.99899442533969], [-48.80453109741211, -25.998649240948378], [-48.80369424819946, -26.00952618216335]]]}}, {"type": "Feature", "properties": {"cod_imovel": "SC-4205803-832982FCF0FB49938B3D06D0BC7E80BE", "municipio": "Garuva", "num_area": 20.6859, "mod_fiscal": 1.7238, "des_condic": "Aguardando analise", "ind_status": "AT", "dat_atuali": "16/04/2015"}, "geometry": {"type": "Polygon", "coordinates": [[[-48.87568297716965, -25.9953517970596], [-48.86827129924154, -25.99496309933121], [-48.86788075894698, -25.99852172425993], [-48.8685500029647, -25.99879854530931], [-48.86913695583275, -25.99879919287132], [-48.8695894093142, -25.99939638388234], [-48.87096441399989, -25.99831270702191], [-48.87132725700796, -25.99759405767846], [-48.87280045398864, -25.99707079882912], [-48.87360463341577, -25.99658392072307], [-48.87496012556058, -25.99629636169759], [-48.87532169474429, -25.99600394601061], [-48.87568297716965, -25.9953517970596]]]}}, {"type": "Feature", "properties": {"cod_imovel": "SC-4205803-44BA8251D48E459EAF4E87EA22EE6DD6", "municipio": "Garuva", "num_area": 13.9706, "mod_fiscal": 1.1642, "des_condic": "Aguardando analise", "ind_status": "AT", "dat_atuali": "27/05/2021"}, "geometry": {"type": "Polygon", "coordinates": [[[-48.83650302886963, -25.982804518622142], [-48.82230877876282, -25.982785229770453], [-48.82272183895111, -25.983715913257264], [-48.83666396141052, -25.98366286931871], [-48.83650302886963, -25.982804518622142]]]}}, {"type": "Feature", "properties": {"cod_imovel": "SC-4205803-BCD2A004211D466E91F9FAF486A6BFE2", "municipio": "Garuva", "num_area": 15.0515, "mod_fiscal": 1.2543, "des_condic": "Aguardando analise", "ind_status": "AT", "dat_atuali": "16/04/2015"}, "geometry": {"type": "Polygon", "coordinates": [[[-48.82216583280291, -25.98583850754773], [-48.82238388061523, -25.983990776919168], [-48.815410137176514, -25.98636325760191], [-48.815474510192864, -25.988542811473348], [-48.82216583280291, -25.98583850754773]]]}}, {"type": "Feature", "properties": {"cod_imovel": "SC-4205803-BEEB2A0D7FE94DE7B0DA91EBDB04E974", "municipio": "Garuva", "num_area": 46.4786, "mod_fiscal": 3.8732, "des_condic": "Aguardando analise", "ind_status": "AT", "dat_atuali": "01/12/2014"}, "geometry": {"type": "Polygon", "coordinates": [[[-48.83452892303467, -25.996720600147913], [-48.83540868759155, -25.998533523393185], [-48.836054596711115, -26.000345648373592], [-48.84673833847046, -26.000828566950045], [-48.84721040725707, -25.99720276331618], [-48.83452892303467, -25.996720600147913]]]}}, {"type": "Feature", "properties": {"cod_imovel": "SC-4205803-C359EAB06C0C463EB4B9577B727F3A27", "municipio": "Garuva", "num_area": 38.1778, "mod_fiscal": 3.1815, "des_condic": "Aguardando analise", "ind_status": "AT", "dat_atuali": "06/02/2015"}, "geometry": {"type": "Polygon", "coordinates": [[[-48.83046589738419, -25.99143549551388], [-48.83065751422627, -25.99196603111244], [-48.83032405198282, -25.99252530974968], [-48.82965636392138, -25.99312935159087], [-48.82960598731496, -25.99364910976339], [-48.82988881573931, -25.99422379264276], [-48.83075516215722, -25.99490318794532], [-48.83145391504782, -25.99443422910148], [-48.8322317930486, -25.99348173344109], [-48.83313457785631, -25.99290287805076], [-48.83360226685256, -25.99267058448072], [-48.83483371368497, -25.99244145847515], [-48.83527866367032, -25.99264783391292], [-48.84914543906145, -25.99323494135942], [-48.84906561072161, -25.99155789706371], [-48.83905436670389, -25.99123675574877], [-48.83895133514589, -25.99079870217873], [-48.83046589738419, -25.99143549551388]]]}}, {"type": "Feature", "properties": {"cod_imovel": "SC-4205803-D327A076CC914D86BBB5E8D7BEBA85F8", "municipio": "Garuva", "num_area": 3.4955, "mod_fiscal": 0.2913, "des_condic": "Aguardando analise", "ind_status": "AT", "dat_atuali": "06/04/2015"}, "geometry": {"type": "Polygon", "coordinates": [[[-48.87670925941976, -25.99265891413792], [-48.86426177101208, -25.99227292363786], [-48.86424779891968, -25.992535340721396], [-48.87669324874878, -25.992901797962322], [-48.87670925941976, -25.99265891413792]]]}}, {"type": "Feature", "properties": {"cod_imovel": "SC-4205803-ECA37226DD5C4546890D626E444D31B6", "municipio": "Garuva", "num_area": 52.5505, "mod_fiscal": 4.3792, "des_condic": "Aguardando analise", "ind_status": "AT", "dat_atuali": "17/10/2019"}, "geometry": {"type": "Polygon", "coordinates": [[[-48.75340765536167, -25.99259430845641], [-48.7335379312558, -25.99134110862812], [-48.73332961512755, -25.99374477623494], [-48.75315380268552, -25.99493403085036], [-48.75340765536167, -25.99259430845641]]]}}, {"type": "Feature", "properties": {"cod_imovel": "SC-4205803-FC911B524A03429C8D90C8F614B9236F", "municipio": "Garuva", "num_area": 18.1546, "mod_fiscal": 1.5129, "des_condic": "Aguardando analise", "ind_status": "AT", "dat_atuali": "30/04/2015"}, "geometry": {"type": "Polygon", "coordinates": [[[-48.83268356323242, -25.987327666954926], [-48.83854150772095, -25.987250514497877], [-48.83832638166714, -25.98625490950235], [-48.82421584925421, -25.98634772739081], [-48.82482068547223, -25.98650041500648], [-48.82543644067134, -25.98768544696461], [-48.83267624262336, -25.9877076769624], [-48.83268356323242, -25.987327666954926]]]}}, {"type": "Feature", "properties": {"cod_imovel": "SC-4205803-8CDAD86EB5DC452DA1F8D497D4A171AC", "municipio": "Garuva", "num_area": 3.2297, "mod_fiscal": 0.2691, "des_condic": "Aguardando analise", "ind_status": "AT", "dat_atuali": "11/05/2015"}, "geometry": {"type": "Polygon", "coordinates": [[[-48.8696213441964, -25.99924623840931], [-48.86907577514648, -25.9989771067358], [-48.868045806884766, -25.998899961926956], [-48.86715171633787, -25.99850817045908], [-48.86622190475464, -25.99999927067035], [-48.868045806884766, -25.999941412571893], [-48.86918306350708, -25.999574977286613], [-48.8696213441964, -25.99924623840931]]]}}, {"type": "Feature", "properties": {"cod_imovel": "SC-4205803-1CA09BE286B14D07BB77552930ECC37B", "municipio": "Garuva", "num_area": 21.2802, "mod_fiscal": 1.7734, "des_condic": "Aguardando analise", "ind_status": "AT", "dat_atuali": "11/05/2015"}, "geometry": {"type": "Polygon", "coordinates": [[[-48.86468893920368, -26.00287050405907], [-48.86620476709537, -26.00231359855779], [-48.86574172280084, -26.00187745316228], [-48.86587018388901, -26.00161099251331], [-48.86096176361667, -25.99934457355254], [-48.85902525931364, -26.00000177859257], [-48.85890518808891, -26.00034989465462], [-48.8592302498456, -26.00159958394715], [-48.85969437423666, -26.00216361565315], [-48.86005904941526, -26.00340915659988], [-48.85966403857577, -26.00444967169263], [-48.86074458386809, -26.00498596183988], [-48.86253390753882, -26.00237330718186], [-48.86275885918419, -26.00226439163872], [-48.86468893920368, -26.00287050405907]]]}}, {"type": "Feature", "properties": {"cod_imovel": "SC-4205803-174471E6E4CF40EE93626FEBF930C0D8", "municipio": "Garuva", "num_area": 11.8303, "mod_fiscal": 0.9859, "des_condic": "Aguardando analise", "ind_status": "AT", "dat_atuali": "12/06/2015"}, "geometry": {"type": "Polygon", "coordinates": [[[-48.8352370262146, -25.999169968536247], [-48.83506536483765, -25.99859138218503], [-48.81903648376465, -26.00462782621489], [-48.81927251815795, -26.00516781248095], [-48.8352370262146, -25.999169968536247]]]}}, {"type": "Feature", "properties": {"cod_imovel": "SC-4205803-9102787AD3124473A22A347904104105", "municipio": "Garuva", "num_area": 8.5159, "mod_fiscal": 0.7097, "des_condic": "Aguardando analise", "ind_status": "AT", "dat_atuali": "30/08/2017"}, "geometry": {"type": "Polygon", "coordinates": [[[-48.89215237556368, -25.99533419244499], [-48.88099500586796, -25.99028989489561], [-48.88065834356282, -25.9908322790416], [-48.89188827428604, -25.99589194632533], [-48.89215237556368, -25.99533419244499]]]}}, {"type": "Feature", "properties": {"cod_imovel": "SC-4205803-E4749D77C26042048DC64893B79325B8", "municipio": "Garuva", "num_area": 0.8201, "mod_fiscal": 0.0683, "des_condic": "Aguardando analise", "ind_status": "AT", "dat_atuali": "14/02/2017"}, "geometry": {"type": "Polygon", "coordinates": [[[-48.85954600747712, -25.99920128876947], [-48.85988673719019, -25.999716423028083], [-48.86107102704187, -25.99879807182979], [-48.8608660746672, -25.99848821826361], [-48.85954600747712, -25.99920128876947]]]}}, {"type": "Feature", "properties": {"cod_imovel": "SC-4205803-44538701203146B1B8E327CFC128A003", "municipio": "Garuva", "num_area": 19.9729, "mod_fiscal": 1.6644, "des_condic": "Aguardando analise", "ind_status": "AT", "dat_atuali": "26/05/2015"}, "geometry": {"type": "Polygon", "coordinates": [[[-48.86985415901651, -25.98828275942511], [-48.882272243499756, -25.988774266147733], [-48.882765769958496, -25.988330644288077], [-48.8827061674104, -25.98769169078539], [-48.88237953186035, -25.987231226375705], [-48.8700003214833, -25.98700193382948], [-48.86985415901651, -25.98828275942511]]]}}, {"type": "Feature", "properties": {"cod_imovel": "SC-4205803-AD8D6515374C44A69A5DE6303BB16432", "municipio": "Garuva", "num_area": 28.3416, "mod_fiscal": 2.3618, "des_condic": "Aguardando analise", "ind_status": "AT", "dat_atuali": "27/04/2018"}, "geometry": {"type": "Polygon", "coordinates": [[[-48.84600652744188, -25.99512918907023], [-48.83049488067627, -25.994811214569115], [-48.8313102722168, -25.995447679876346], [-48.83315563201904, -25.99554411371306], [-48.834357261657715, -25.99670131358003], [-48.84602693233021, -25.997213477854334], [-48.84600652744188, -25.99512918907023]]]}}, {"type": "Feature", "properties": {"cod_imovel": "SC-4205803-94D2CB3FC3EA4AED881BDA9356378E30", "municipio": "Garuva", "num_area": 8.3285, "mod_fiscal": 0.694, "des_condic": "Aguardando analise", "ind_status": "AT", "dat_atuali": "29/07/2015"}, "geometry": {"type": "Polygon", "coordinates": [[[-48.89375632733432, -25.98832679795819], [-48.89396943189189, -25.98761025331751], [-48.88533011104763, -25.9838034226741], [-48.88517563678039, -25.98467103573753], [-48.89375632733432, -25.98832679795819]]]}}, {"type": "Feature", "properties": {"cod_imovel": "SC-4205803-471B2FADD32E4268A20801040F4A65AF", "municipio": "Garuva", "num_area": 4.9789, "mod_fiscal": 0.4149, "des_condic": "Aguardando analise", "ind_status": "AT", "dat_atuali": "24/03/2015"}, "geometry": {"type": "Polygon", "coordinates": [[[-48.88192016702456, -25.98645556559875], [-48.88184309005737, -25.986073933253028], [-48.86944055557251, -25.98605464493777], [-48.86949384365678, -25.98639626620167], [-48.88192016702456, -25.98645556559875]]]}}, {"type": "Feature", "properties": {"cod_imovel": "SC-4205803-84245218D69B493FAD39C0DB30DF9D62", "municipio": "Garuva", "num_area": 21.202, "mod_fiscal": 1.7668, "des_condic": "Aguardando analise", "ind_status": "AT", "dat_atuali": "28/05/2018"}, "geometry": {"type": "Polygon", "coordinates": [[[-48.87141466140747, -25.997723497315388], [-48.87072801589965, -25.998764958389604], [-48.88498271009497, -26.00442082483788], [-48.88549627581369, -26.00323795678554], [-48.87141466140747, -25.997723497315388]]]}}, {"type": "Feature", "properties": {"cod_imovel": "SC-4205803-D2BC37F8F21348B69038D1C7CA92A83D", "municipio": "Garuva", "num_area": 5.3072, "mod_fiscal": 0.4423, "des_condic": "Aguardando analise", "ind_status": "AT", "dat_atuali": "04/05/2016"}, "geometry": {"type": "Polygon", "coordinates": [[[-48.88563488910084, -25.9987876734088], [-48.87902198970027, -25.99682535220492], [-48.87874937920178, -25.99748728174177], [-48.8853733137755, -25.99941420972379], [-48.88563488910084, -25.9987876734088]]]}}, {"type": "Feature", "properties": {"cod_imovel": "SC-4205803-52C9332168214A00B02FEBB1E472D0C5", "municipio": "Garuva", "num_area": 14.6599, "mod_fiscal": 1.2217, "des_condic": "Aguardando analise", "ind_status": "AT", "dat_atuali": "29/09/2015"}, "geometry": {"type": "Polygon", "coordinates": [[[-48.81950855255127, -25.984897340231047], [-48.81912804142031, -25.9832560408767], [-48.811912536621094, -25.98601606829779], [-48.81195545196533, -25.987790580633742], [-48.81950855255127, -25.984897340231047]]]}}, {"type": "Feature", "properties": {"cod_imovel": "SC-4205803-040E55B1E937430CA64C33ED37BCE98F", "municipio": "Garuva", "num_area": 7.2958, "mod_fiscal": 0.608, "des_condic": "Aguardando analise", "ind_status": "AT", "dat_atuali": "09/04/2015"}, "geometry": {"type": "Polygon", "coordinates": [[[-48.85663032531738, -25.99660488069309], [-48.84673833847046, -25.99577555459823], [-48.84663105010986, -25.99645058790937], [-48.85650157928467, -25.997241336284162], [-48.85663032531738, -25.99660488069309]]]}}, {"type": "Feature", "properties": {"cod_imovel": "SC-4205803-0C7A3DAE734849D2930C8CA152C803C2", "municipio": "Garuva", "num_area": 129.3801, "mod_fiscal": 10.7817, "des_condic": "Aguardando analise", "ind_status": "AT", "dat_atuali": "11/02/2015"}, "geometry": {"type": "Polygon", "coordinates": [[[-48.7353243555556, -25.9946945881398], [-48.7356833444444, -25.9979749492509], [-48.7348363444444, -25.9990364714731], [-48.738484382629395, -26.001677143129402], [-48.74608039855957, -26.006498482324876], [-48.74865531921387, -26.000211416787526], [-48.74927759170532, -25.99814779738601], [-48.75163793563843, -25.998533523393185], [-48.752238750457764, -25.995621260725436], [-48.7353243555556, -25.9946945881398]]]}}, {"type": "Feature", "properties": {"cod_imovel": "SC-4205803-48AFDD675C0243388243B00B41500225", "municipio": "Garuva", "num_area": 2.1246, "mod_fiscal": 0.1771, "des_condic": "Aguardando analise", "ind_status": "AT", "dat_atuali": "14/04/2015"}, "geometry": {"type": "Polygon", "coordinates": [[[-48.881800174713135, -25.985823184907954], [-48.881285190582275, -25.983990776919168], [-48.8806414604187, -25.984010065573067], [-48.880319595336914, -25.98578460819201], [-48.881800174713135, -25.985823184907954]]]}}, {"type": "Feature", "properties": {"cod_imovel": "SC-4205803-96C4291872A445B8833E460DE957D639", "municipio": "Garuva", "num_area": 21.0757, "mod_fiscal": 1.7563, "des_condic": "Aguardando analise", "ind_status": "AT", "dat_atuali": "16/04/2015"}, "geometry": {"type": "Polygon", "coordinates": [[[-48.838605880737305, -25.98777129260018], [-48.82540941238403, -25.987790580633742], [-48.8255480490515, -25.98826031332264], [-48.82600818501509, -25.98862687666404], [-48.8280265419732, -25.98808862998061], [-48.82878628215187, -25.98812290527138], [-48.82924425600481, -25.98859806246818], [-48.82879972457885, -25.98954577843715], [-48.8387131690979, -25.9895650661795], [-48.838605880737305, -25.98777129260018]]]}}, {"type": "Feature", "properties": {"cod_imovel": "SC-4205803-C7F8258413C14726B083CB5B1B53C4B3", "municipio": "Garuva", "num_area": 14.4976, "mod_fiscal": 1.2081, "des_condic": "Aguardando analise", "ind_status": "AT", "dat_atuali": "16/04/2015"}, "geometry": {"type": "Polygon", "coordinates": [[[-48.82195597249486, -25.98792396169833], [-48.82218365289579, -25.98585113342503], [-48.8154649871218, -25.98849679054849], [-48.81532378352127, -25.99048188990046], [-48.82195597249486, -25.98792396169833]]]}}, {"type": "Feature", "properties": {"cod_imovel": "SC-4205803-ED5939DBD78C4D40A208336A0C677796", "municipio": "Garuva", "num_area": 2.8554, "mod_fiscal": 0.238, "des_condic": "Aguardando analise", "ind_status": "AT", "dat_atuali": "18/06/2018"}, "geometry": {"type": "Polygon", "coordinates": [[[-48.87622511047602, -25.99607214832881], [-48.87488129841183, -25.99677131383668], [-48.87481122000808, -25.99695845182196], [-48.87515308611279, -25.99770662654012], [-48.87704051085007, -25.99759943177385], [-48.87655901077257, -25.99607249583014], [-48.87622511047602, -25.99607214832881]]]}}, {"type": "Feature", "properties": {"cod_imovel": "SC-4205803-EE0A8ADE78BD4CCEA75A64B22FFF62FC", "municipio": "Garuva", "num_area": 26.3799, "mod_fiscal": 2.1983, "des_condic": "Aguardando analise", "ind_status": "AT", "dat_atuali": "02/05/2016"}, "geometry": {"type": "Polygon", "coordinates": [[[-48.82848409016761, -25.99410583809631], [-48.82768825811989, -25.99359107032463], [-48.81626407195672, -25.99794540225324], [-48.81711029086966, -25.99960404284822], [-48.82984682330535, -25.99465882976126], [-48.82917088528215, -25.9937038770102], [-48.82848409016761, -25.99410583809631]]]}}, {"type": "Feature", "properties": {"cod_imovel": "SC-4205803-47B742FBF54F4D0997E3A9A123AD58FC", "municipio": "Garuva", "num_area": 27.7359, "mod_fiscal": 2.3113, "des_condic": "Aguardando analise", "ind_status": "AT", "dat_atuali": "26/11/2017"}, "geometry": {"type": "Polygon", "coordinates": [[[-48.88892412185669, -25.984665877922424], [-48.91132593154907, -25.993422551023063], [-48.91179800033569, -25.992419617144726], [-48.88909578323364, -25.983701446730944], [-48.88892412185669, -25.984665877922424]]]}}, {"type": "Feature", "properties": {"cod_imovel": "SC-4205803-C382EEB53A0B46E3AF5304E8EFF11188", "municipio": "Garuva", "num_area": 35.4012, "mod_fiscal": 2.9501, "des_condic": "Aguardando analise", "ind_status": "AT", "dat_atuali": "29/05/2018"}, "geometry": {"type": "Polygon", "coordinates": [[[-48.91672923483665, -25.99743992370308], [-48.89398813247681, -25.987520547876002], [-48.89362335205078, -25.98875497827563], [-48.91619682312012, -25.998629954697098], [-48.91672923483665, -25.99743992370308]]]}}, {"type": "Feature", "properties": {"cod_imovel": "SC-4205803-777324A7AB0E444A8AEE6B26857BE9A0", "municipio": "Garuva", "num_area": 53.391, "mod_fiscal": 4.4492, "des_condic": "Aguardando analise", "ind_status": "AT", "dat_atuali": "22/11/2019"}, "geometry": {"type": "Polygon", "coordinates": [[[-48.75123226558061, -25.99857267656062], [-48.74405197425033, -26.00338233074297], [-48.74517954095246, -26.00597080856301], [-48.74347490579887, -26.00870227055837], [-48.75225181150162, -26.00604581730579], [-48.75123226558061, -25.99857267656062]]]}}, {"type": "Feature", "properties": {"cod_imovel": "SC-4205803-87B3FDBD62D44A98A2B3D8E3309CEC3D", "municipio": "Garuva", "num_area": 27.6076, "mod_fiscal": 2.3006, "des_condic": "Aguardando analise", "ind_status": "AT", "dat_atuali": "12/03/2018"}, "geometry": {"type": "Polygon", "coordinates": [[[-48.81781033573113, -26.00111859316504], [-48.83218241479851, -25.99577129498533], [-48.83120370977591, -25.9954855278102], [-48.82985091338611, -25.99471627866349], [-48.81709072916998, -25.99962610699658], [-48.81781033573113, -26.00111859316504]]]}}, {"type": "Feature", "properties": {"cod_imovel": "SC-4205803-BE1604453C024FB2A887D0FA4FA2C205", "municipio": "Garuva", "num_area": 32.8685, "mod_fiscal": 2.739, "des_condic": "Aguardando analise", "ind_status": "AT", "dat_atuali": "12/03/2018"}, "geometry": {"type": "Polygon", "coordinates": [[[-48.83260212335114, -25.99575566501543], [-48.81778529959711, -26.00120169770999], [-48.81861773023394, -26.00279197453159], [-48.83427143096924, -25.997009898286326], [-48.83383417230631, -25.99637247789806], [-48.83327152264839, -25.99598104688813], [-48.83260212335114, -25.99575566501543]]]}}, {"type": "Feature", "properties": {"cod_imovel": "SC-4205803-C00B7597DC184EDF89DA28D9A3AA97DB", "municipio": "Garuva", "num_area": 8.7041, "mod_fiscal": 0.7253, "des_condic": "Aguardando analise", "ind_status": "AT", "dat_atuali": "03/03/2016"}, "geometry": {"type": "Polygon", "coordinates": [[[-48.89322638511658, -25.98997010803757], [-48.89363408088684, -25.989160022925514], [-48.885072469711304, -25.98605464493777], [-48.885008096694946, -25.986941904163253], [-48.89322638511658, -25.98997010803757]]]}}, {"type": "Feature", "properties": {"cod_imovel": "SC-4205803-FF5C885537514DC8BE74C14F526EE19D", "municipio": "Garuva", "num_area": 5.6518, "mod_fiscal": 0.471, "des_condic": "Aguardando analise", "ind_status": "AT", "dat_atuali": "24/03/2015"}, "geometry": {"type": "Polygon", "coordinates": [[[-48.88032821642588, -25.98525930318449], [-48.86937618255615, -25.98516737901506], [-48.869290351867676, -25.985630301201603], [-48.8801908493042, -25.985726743094347], [-48.88032821642588, -25.98525930318449]]]}}, {"type": "Feature", "properties": {"cod_imovel": "SC-4205803-0BFA2350CDD04933B74A7717FE15EDBA", "municipio": "Garuva", "num_area": 4.9373, "mod_fiscal": 0.4114, "des_condic": "Aguardando analise", "ind_status": "AT", "dat_atuali": "24/03/2015"}, "geometry": {"type": "Polygon", "coordinates": [[[-48.86949627117073, -25.98676840508879], [-48.88213363824065, -25.98677443940773], [-48.88195209872394, -25.98641365480623], [-48.86949031028993, -25.98642010612757], [-48.86949627117073, -25.98676840508879]]]}}, {"type": "Feature", "properties": {"cod_imovel": "SC-4205803-5CB3E4715E21481BA9D2FE988FFE623C", "municipio": "Garuva", "num_area": 23.7792, "mod_fiscal": 1.9816, "des_condic": "Aguardando analise", "ind_status": "AT", "dat_atuali": "02/05/2016"}, "geometry": {"type": "Polygon", "coordinates": [[[-48.82768007402261, -25.99358931010229], [-48.82621643670063, -25.99218082145369], [-48.81550861504464, -25.99631742752039], [-48.81623376663163, -25.99793959415532], [-48.82768007402261, -25.99358931010229]]]}}, {"type": "Feature", "properties": {"cod_imovel": "SC-4205803-27A5221E258441D6AC78091CD49DE5E1", "municipio": "Garuva", "num_area": 5.1604, "mod_fiscal": 0.43, "des_condic": "Aguardando analise", "ind_status": "AT", "dat_atuali": "24/03/2015"}, "geometry": {"type": "Polygon", "coordinates": [[[-48.88190746307372, -25.985823184907954], [-48.869547843933105, -25.985726743094347], [-48.86950492858887, -25.986093221565106], [-48.88184309005737, -25.986208951371122], [-48.88190746307372, -25.985823184907954]]]}}, {"type": "Feature", "properties": {"cod_imovel": "SC-4205803-919C5926532B4FB4A6317013EC7118D8", "municipio": "Garuva", "num_area": 6.1347, "mod_fiscal": 0.5112, "des_condic": "Aguardando analise", "ind_status": "AT", "dat_atuali": "02/05/2016"}, "geometry": {"type": "Polygon", "coordinates": [[[-48.8504324361139, -26.00141979890662], [-48.84978086197368, -25.99925407739641], [-48.84709337942182, -25.99954533802079], [-48.84751081466675, -26.001291427444173], [-48.8504324361139, -26.00141979890662]]]}}, {"type": "Feature", "properties": {"cod_imovel": "SC-4205803-F88EDC5B1DC44788BBCD703D0FBFDC4E", "municipio": "Garuva", "num_area": 51.3465, "mod_fiscal": 4.2789, "des_condic": "Aguardando analise", "ind_status": "AT", "dat_atuali": "19/05/2016"}, "geometry": {"type": "Polygon", "coordinates": [[[-48.80026516334647, -26.00943227282171], [-48.803973197937005, -26.00973831107287], [-48.80478858947753, -25.99913139620149], [-48.80204192696844, -25.99367575025603], [-48.80026516334647, -26.00943227282171]]]}}, {"type": "Feature", "properties": {"cod_imovel": "SC-4205803-217594A391534EE5B2FE7EB6CD243364", "municipio": "Garuva", "num_area": 9.9236, "mod_fiscal": 0.827, "des_condic": "Aguardando analise", "ind_status": "AT", "dat_atuali": "18/12/2017"}, "geometry": {"type": "Polygon", "coordinates": [[[-48.88805036947534, -25.99806215810418], [-48.87982825997941, -25.99424883908385], [-48.87946990198289, -25.99511465112606], [-48.88889558644824, -25.99944821277603], [-48.88805036947534, -25.99806215810418]]]}}, {"type": "Feature", "properties": {"cod_imovel": "SC-4205803-0CD79BB8F9854B08A27C04D89A44D600", "municipio": "Garuva", "num_area": 5.6065, "mod_fiscal": 0.4672, "des_condic": "Aguardando analise", "ind_status": "AT", "dat_atuali": "12/03/2015"}, "geometry": {"type": "Polygon", "coordinates": [[[-48.884804248809814, -26.002834282585727], [-48.88514757156372, -26.002274999938486], [-48.87812327491594, -25.99920003896764], [-48.8776159286499, -25.999690693815975], [-48.884804248809814, -26.002834282585727]]]}}, {"type": "Feature", "properties": {"cod_imovel": "SC-4205803-CF182D0668CB4FA09DCD320FE773343C", "municipio": "Garuva", "num_area": 10.3709, "mod_fiscal": 0.8642, "des_condic": "Aguardando analise", "ind_status": "AT", "dat_atuali": "09/04/2015"}, "geometry": {"type": "Polygon", "coordinates": [[[-48.85461330413818, -25.997106330840833], [-48.8466739654541, -25.996682027008962], [-48.84654521942139, -25.997858502049528], [-48.854355812072754, -25.998282801632573], [-48.85461330413818, -25.997106330840833]]]}}, {"type": "Feature", "properties": {"cod_imovel": "SC-4205803-EF2164F94F8344A49B0969A0D5D851E7", "municipio": "Garuva", "num_area": 90.5373, "mod_fiscal": 7.5448, "des_condic": "Aguardando analise", "ind_status": "AT", "dat_atuali": "08/04/2015"}, "geometry": {"type": "Polygon", "coordinates": [[[-48.848304748535156, -25.984781609133698], [-48.84843349456787, -25.98995082036168], [-48.864054679870605, -25.989680792567096], [-48.86499881744385, -25.984743032075933], [-48.848304748535156, -25.984781609133698]]]}}, {"type": "Feature", "properties": {"cod_imovel": "SC-4205803-23E15747CB2B4D88AF64C9D1C60C972A", "municipio": "Garuva", "num_area": 49.4355, "mod_fiscal": 4.1196, "des_condic": "Aguardando analise", "ind_status": "AT", "dat_atuali": "16/03/2016"}, "geometry": {"type": "Polygon", "coordinates": [[[-48.89270970483062, -25.99436395745214], [-48.89060322148196, -25.99840074855928], [-48.899545669555664, -26.00210142892029], [-48.901777267456055, -25.9980127929843], [-48.89270970483062, -25.99436395745214]]]}}, {"type": "Feature", "properties": {"cod_imovel": "SC-4205803-222BC6AFCBFE4EA89FA694CB5ECF296B", "municipio": "Garuva", "num_area": 17.3551, "mod_fiscal": 1.4463, "des_condic": "Aguardando analise", "ind_status": "AT", "dat_atuali": "25/11/2014"}, "geometry": {"type": "Polygon", "coordinates": [[[-48.85378504687027, -26.00256917026978], [-48.85866165931877, -26.002209730956], [-48.85829530336126, -26.00014299424157], [-48.85352924673562, -25.99803457803301], [-48.85378504687027, -26.00256917026978]]]}}, {"type": "Feature", "properties": {"cod_imovel": "SC-4205803-F1286BD383944DBCA22E04BAAD59E413", "municipio": "Garuva", "num_area": 6.7376, "mod_fiscal": 0.5615, "des_condic": "Aguardando analise", "ind_status": "AT", "dat_atuali": "09/12/2014"}, "geometry": {"type": "Polygon", "coordinates": [[[-48.845929928185896, -25.99432239381651], [-48.8446254279664, -25.994237515225908], [-48.839466216245604, -25.99390137984498], [-48.83962945100703, -25.994865346819918], [-48.84630830788498, -25.995239196393737], [-48.845929928185896, -25.99432239381651]]]}}, {"type": "Feature", "properties": {"cod_imovel": "SC-4205803-B8BACABFD8C747168D9F934E1C85E9A7", "municipio": "Garuva", "num_area": 20.593, "mod_fiscal": 1.7161, "des_condic": "Aguardando analise", "ind_status": "AT", "dat_atuali": "06/02/2015"}, "geometry": {"type": "Polygon", "coordinates": [[[-48.85345533686055, -25.99019319050687], [-48.84918577062474, -25.98973980979487], [-48.84916563833438, -25.99399251975354], [-48.85379976574264, -25.9943086581503], [-48.85345533686055, -25.99019319050687]]]}}, {"type": "Feature", "properties": {"cod_imovel": "SC-4205803-CD006FAF869F4366834DD1854C6BA6E5", "municipio": "Garuva", "num_area": 27.2754, "mod_fiscal": 2.2729, "des_condic": "Aguardando analise", "ind_status": "AT", "dat_atuali": "18/02/2015"}, "geometry": {"type": "Polygon", "coordinates": [[[-48.85193109512329, -25.99091520027775], [-48.868110179901116, -25.99193743434862], [-48.868346214294434, -25.990355860890308], [-48.85324001312256, -25.989449339677932], [-48.85193109512329, -25.99091520027775]]]}}, {"type": "Feature", "properties": {"cod_imovel": "SC-4205803-43D82D9AE177467AAEAF0D7C9A3A6632", "municipio": "Garuva", "num_area": 49.4066, "mod_fiscal": 4.1172, "des_condic": "Aguardando analise", "ind_status": "AT", "dat_atuali": "19/05/2016"}, "geometry": {"type": "Polygon", "coordinates": [[[-48.810367584228516, -26.009776879924335], [-48.811697959899895, -25.99635415481665], [-48.80809307098388, -25.99774278371548], [-48.80680561065674, -26.009622604442452], [-48.810367584228516, -26.009776879924335]]]}}, {"type": "Feature", "properties": {"cod_imovel": "SC-4205803-7BB259D71AE445C0A749599F29D4660A", "municipio": "Garuva", "num_area": 12.414, "mod_fiscal": 1.0345, "des_condic": "Aguardando analise", "ind_status": "AT", "dat_atuali": "16/03/2016"}, "geometry": {"type": "Polygon", "coordinates": [[[-48.89177799224853, -25.995814128034766], [-48.880598545074456, -25.990895912756983], [-48.880062103271484, -25.991551686687252], [-48.891305923461914, -25.996701313580015], [-48.89177799224853, -25.995814128034766]]]}}, {"type": "Feature", "properties": {"cod_imovel": "SC-4205803-40B89C888F7E4DD28F906E3A70BBED6F", "municipio": "Garuva", "num_area": 10.1017, "mod_fiscal": 0.8418, "des_condic": "Aguardando analise", "ind_status": "AT", "dat_atuali": "04/05/2016"}, "geometry": {"type": "Polygon", "coordinates": [[[-48.88847641236873, -25.99930899393794], [-48.87969018299614, -25.99591538303671], [-48.87925542988414, -25.99687697506187], [-48.88758274408244, -25.99997176344515], [-48.88847641236873, -25.99930899393794]]]}}, {"type": "Feature", "properties": {"cod_imovel": "SC-4205803-15AD913C07134C2A916A216ACC1996E6", "municipio": "Garuva", "num_area": 163.152, "mod_fiscal": 13.596, "des_condic": "Aguardando analise", "ind_status": "AT", "dat_atuali": "22/08/2018"}, "geometry": {"type": "Polygon", "coordinates": [[[-48.80453109741211, -25.999092823854063], [-48.81468057632446, -25.995158377891357], [-48.813629150390625, -26.007192738866898], [-48.81946563720703, -26.004878534432876], [-48.81491661071777, -25.995061943738065], [-48.81498450615292, -25.99453431430062], [-48.81877899169921, -25.992921085153878], [-48.82255711997904, -25.99166800736867], [-48.826160430908196, -25.99020155990115], [-48.82633209228515, -25.99045229890566], [-48.82875604644167, -25.98889919420343], [-48.82854103836583, -25.98856152451632], [-48.82772396164951, -25.98845651291557], [-48.82619426644459, -25.98897562499287], [-48.825688362121575, -25.98892856901077], [-48.825109004974365, -25.98840779603613], [-48.8249326555968, -25.98731660760939], [-48.82454707648437, -25.98673338858015], [-48.8226848783707, -25.98660279103833], [-48.82216930389404, -25.9863246810632], [-48.82204511393898, -25.98797513838907], [-48.81529342914661, -25.99048141248808], [-48.81543302502778, -25.98848679197493], [-48.80521774291992, -25.992226744263697], [-48.80453109741211, -25.999092823854063]]]}}, {"type": "Feature", "properties": {"cod_imovel": "SC-4205803-79C7685CD2C249B198D07226FB0744FD", "municipio": "Garuva", "num_area": 11.2795, "mod_fiscal": 0.94, "des_condic": "Aguardando analise", "ind_status": "AT", "dat_atuali": "24/03/2015"}, "geometry": {"type": "Polygon", "coordinates": [[[-48.86918306350708, -25.984280106395293], [-48.860106468200684, -25.984357260802], [-48.86000509292349, -25.98531770246857], [-48.86946201324463, -25.985514570825888], [-48.86918306350708, -25.984280106395293]]]}}, {"type": "Feature", "properties": {"cod_imovel": "SC-4205803-49CBCAB63CD54ADAB66E61F54914E029", "municipio": "Garuva", "num_area": 0.4286, "mod_fiscal": 0.0357, "des_condic": "Aguardando analise", "ind_status": "AT", "dat_atuali": "03/11/2021"}, "geometry": {"type": "Polygon", "coordinates": [[[-48.8835032032, -25.9865552433], [-48.8835455103, -25.987010558], [-48.8843159382, -25.987461545], [-48.8845360448, -25.9871646468], [-48.8835032032, -25.9865552433]]]}}, {"type": "Feature", "properties": {"cod_imovel": "SC-4205803-19867B4A92464C07B2E8FAD27DB4FCE6", "municipio": "Garuva", "num_area": 3.7895, "mod_fiscal": 0.3158, "des_condic": "Aguardando analise", "ind_status": "AT", "dat_atuali": "05/11/2019"}, "geometry": {"type": "Polygon", "coordinates": [[[-48.87721589513985, -25.99351621306773], [-48.87723666425057, -25.99325394303899], [-48.86477892435726, -25.99274241788399], [-48.86474310479721, -25.99302582567419], [-48.87721589513985, -25.99351621306773]]]}}, {"type": "Feature", "properties": {"cod_imovel": "SC-4205803-2BE8A96427F649FB86D16A6B906665DE", "municipio": "Garuva", "num_area": 55.7936, "mod_fiscal": 4.6495, "des_condic": "Aguardando analise", "ind_status": "AT", "dat_atuali": "19/05/2016"}, "geometry": {"type": "Polygon", "coordinates": [[[-48.81347894668579, -26.01008543028002], [-48.8150330077251, -25.99506384795046], [-48.811354637145996, -25.99658559410621], [-48.809916973114014, -26.009892586402724], [-48.81347894668579, -26.01008543028002]]]}}, {"type": "Feature", "properties": {"cod_imovel": "SC-4205803-251534DB276E4A57A7073BA1AB38F653", "municipio": "Garuva", "num_area": 7.1574, "mod_fiscal": 0.5964, "des_condic": "Aguardando analise", "ind_status": "AT", "dat_atuali": "11/08/2014"}, "geometry": {"type": "Polygon", "coordinates": [[[-48.86776685714721, -25.996971325242356], [-48.855299949645996, -25.996855606034483], [-48.85536432266235, -25.997337768648713], [-48.86765956878662, -25.99753063314035], [-48.86776685714721, -25.996971325242356]]]}}, {"type": "Feature", "properties": {"cod_imovel": "SC-4205803-2F595351979541329490FDC55CBD834C", "municipio": "Garuva", "num_area": 5.7306, "mod_fiscal": 0.4775, "des_condic": "Aguardando analise", "ind_status": "AT", "dat_atuali": "20/04/2017"}, "geometry": {"type": "Polygon", "coordinates": [[[-48.88742208480835, -25.999787124170048], [-48.88846411495992, -25.9996573105327], [-48.879547119140625, -25.996122715071206], [-48.87937545776367, -25.996739886712632], [-48.88742208480835, -25.999787124170048]]]}}, {"type": "Feature", "properties": {"cod_imovel": "SC-4205803-EDA5AD0ADCE842999D56D843579EB3C4", "municipio": "Garuva", "num_area": 24.3479, "mod_fiscal": 2.029, "des_condic": "Aguardando analise", "ind_status": "AT", "dat_atuali": "17/11/2022"}, "geometry": {"type": "Polygon", "coordinates": [[[-48.87720823287964, -25.993485234106227], [-48.864655494689934, -25.99305609540609], [-48.864211757704986, -25.99473310354386], [-48.87582381118475, -25.995360559627322], [-48.87720823287964, -25.993485234106227]]]}}, {"type": "Feature", "properties": {"cod_imovel": "SC-4205803-BF5DF3379352460CA98DA849A122FAB5", "municipio": "Garuva", "num_area": 2.9955, "mod_fiscal": 0.2496, "des_condic": "Aguardando analise", "ind_status": "AT", "dat_atuali": "03/08/2020"}, "geometry": {"type": "Polygon", "coordinates": [[[-48.83857546772381, -25.98725280431191], [-48.83268704029331, -25.98732545189499], [-48.83267490052795, -25.98770458845564], [-48.8387303040356, -25.98777768225463], [-48.83857546772381, -25.98725280431191]]]}}, {"type": "Feature", "properties": {"cod_imovel": "SC-4205803-BC9FD6DCF8064D3BB8E5662AF01C85F9", "municipio": "Garuva", "num_area": 5.8086, "mod_fiscal": 0.4841, "des_condic": "Aguardando analise", "ind_status": "AT", "dat_atuali": "20/06/2016"}, "geometry": {"type": "Polygon", "coordinates": [[[-48.89323711395264, -25.994772640803323], [-48.889138698577874, -25.992419617144726], [-48.88869546939884, -25.99349058293535], [-48.89271860112183, -25.99573552509946], [-48.89323711395264, -25.994772640803323]]]}}, {"type": "Feature", "properties": {"cod_imovel": "SC-4205803-78F23A7C99744739B63F4E5577879389", "municipio": "Garuva", "num_area": 24.1676, "mod_fiscal": 2.014, "des_condic": "Aguardando analise", "ind_status": "AT", "dat_atuali": "24/03/2023"}, "geometry": {"type": "Polygon", "coordinates": [[[-48.91735348911212, -26.00071118064723], [-48.89454470522, -25.99164802140996], [-48.894309997558594, -25.992535340721396], [-48.91712209197405, -26.00154898306695], [-48.91735348911212, -26.00071118064723]]]}}, {"type": "Feature", "properties": {"cod_imovel": "SC-4205803-80E67D08D44D4EE1A4EF21D2FCDFB550", "municipio": "Garuva", "num_area": 4.3094, "mod_fiscal": 0.3591, "des_condic": "Aguardando analise", "ind_status": "AT", "dat_atuali": "23/06/2017"}, "geometry": {"type": "Polygon", "coordinates": [[[-48.87823820114136, -25.999015679121232], [-48.88656158500731, -26.00426938915391], [-48.88678346894578, -26.00392503213718], [-48.87849569320679, -25.998726385921863], [-48.87823820114136, -25.999015679121232]]]}}, {"type": "Feature", "properties": {"cod_imovel": "SC-4205803-D7F98CB9D03F47D98FAED1FE89ADF05D", "municipio": "Garuva", "num_area": 479.9992, "mod_fiscal": 39.9999, "des_condic": "Aguardando analise", "ind_status": "AT", "dat_atuali": "27/11/2017"}, "geometry": {"type": "Polygon", "coordinates": [[[-48.92724843127414, -26.02799425490292], [-48.94355505148949, -26.00666876445251], [-48.93202015599715, -25.99651437570637], [-48.92552197443625, -26.00147726588264], [-48.92064511275889, -26.00902877777126], [-48.9200927446757, -26.02062870501935], [-48.92082274417598, -26.02388536682461], [-48.92093300521745, -26.0257415766195], [-48.92194747924805, -26.026977324687195], [-48.92289161682129, -26.02744008209929], [-48.92379524817134, -26.02822786364203], [-48.92480641871008, -26.02835574274485], [-48.92633129266903, -26.02896863718632], [-48.92734738657082, -26.02882824773862], [-48.92724843127414, -26.02799425490292]]]}}, {"type": "Feature", "properties": {"cod_imovel": "SC-4205803-910F51E1B06B4988957BADE8ACDEBE9E", "municipio": "Garuva", "num_area": 3.5472, "mod_fiscal": 0.2956, "des_condic": "Aguardando analise", "ind_status": "AT", "dat_atuali": "05/11/2019"}, "geometry": {"type": "Polygon", "coordinates": [[[-48.86546482255248, -25.99200086350566], [-48.87797969276201, -25.99251258473077], [-48.87823555560005, -25.99229500235644], [-48.86546930592383, -25.99174021707987], [-48.86546482255248, -25.99200086350566]]]}}, {"type": "Feature", "properties": {"cod_imovel": "SC-4205803-32501725544041329DE68CFCAE0FFD57", "municipio": "Garuva", "num_area": 10.0061, "mod_fiscal": 0.8338, "des_condic": "Aguardando analise", "ind_status": "AT", "dat_atuali": "21/10/2020"}, "geometry": {"type": "Polygon", "coordinates": [[[-48.882025480270386, -25.982949184908996], [-48.871210573159466, -25.98285599474923], [-48.8711678981781, -25.983614647535617], [-48.88193964958191, -25.983875044929334], [-48.882025480270386, -25.982949184908996]]]}}, {"type": "Feature", "properties": {"cod_imovel": "SC-4205803-72CBFCCB03AB4036A5D9A1C4CC42ED63", "municipio": "Garuva", "num_area": 2.3925, "mod_fiscal": 0.1994, "des_condic": "Aguardando analise", "ind_status": "AT", "dat_atuali": "06/10/2020"}, "geometry": {"type": "Polygon", "coordinates": [[[-48.8823289771376, -25.9865630859974], [-48.8842450791513, -25.9874193915925], [-48.8845328431367, -25.9868500756163], [-48.8843469573538, -25.986456817055], [-48.8832120568363, -25.9859455195171], [-48.8820409612042, -25.9857705594964], [-48.8823289771376, -25.9865630859974]]]}}, {"type": "Feature", "properties": {"cod_imovel": "SC-4205803-7BBC185299E14178B6DDEDCAFC677954", "municipio": "Garuva", "num_area": 9.2443, "mod_fiscal": 0.7704, "des_condic": "Aguardando analise", "ind_status": "AT", "dat_atuali": "03/08/2020"}, "geometry": {"type": "Polygon", "coordinates": [[[-48.838863372802734, -25.98792559677997], [-48.84846931540689, -25.98803388849965], [-48.84839057922363, -25.98711549757618], [-48.83901357650757, -25.98713478571735], [-48.83893843624169, -25.98682846186351], [-48.83863795899885, -25.98682947936778], [-48.838863372802734, -25.98792559677997]]]}}, {"type": "Feature", "properties": {"cod_imovel": "SC-4205803-F6128A9FC38D4E03BFC5D70E0F819634", "municipio": "Garuva", "num_area": 135.4742, "mod_fiscal": 11.1628, "des_condic": "Aguardando analise", "ind_status": "AT", "dat_atuali": "16/12/2020"}, "geometry": {"type": "Polygon", "coordinates": [[[-48.81570652147379, -25.9844498364164], [-48.81588821376485, -25.98134053539831], [-48.81700196389202, -25.98133691743675], [-48.81692687215101, -25.98095821742498], [-48.81257812457119, -25.98100021340384], [-48.8124028646597, -25.98188285126254], [-48.800832822362345, -25.984054695958875], [-48.80031395862903, -25.99159069966178], [-48.8020466365326, -25.99164543477716], [-48.80213892169237, -25.99379864021421], [-48.81540193743128, -25.98849153435824], [-48.81557982631605, -25.98639219399761], [-48.81094328179917, -25.98798465979757], [-48.81114039017691, -25.98629400994306], [-48.81570652147379, -25.9844498364164]]]}}, {"type": "Feature", "properties": {"cod_imovel": "SC-4205803-7BAC1CCC75004242B997AE1FB79FEBD9", "municipio": "Garuva", "num_area": 182.8442, "mod_fiscal": 15.237, "des_condic": "Aguardando analise", "ind_status": "AT", "dat_atuali": "27/11/2017"}, "geometry": {"type": "Polygon", "coordinates": [[[-48.94899963429641, -25.99714359675807], [-48.94822340712366, -25.99743486425756], [-48.94814762553175, -25.99663904157564], [-48.947753065353, -25.99592546222751], [-48.9469804126312, -25.9956355081986], [-48.94631663455258, -25.99472014103141], [-48.94534778252137, -25.99413316837763], [-48.94512176513672, -25.993422551023063], [-48.94465603450959, -25.99295131258804], [-48.94430961594119, -25.99290258763158], [-48.94342954066726, -25.99115169359504], [-48.94273248606503, -25.9908578628797], [-48.94208099756168, -25.98956425253553], [-48.94138574704328, -25.98931427020287], [-48.94043244867596, -25.98957293524236], [-48.94022687482882, -25.9893541402997], [-48.9402318317678, -25.98889112184748], [-48.94098106391112, -25.98806457174266], [-48.94089636118457, -25.98766588135949], [-48.94051553083677, -25.98730757213894], [-48.94020143584995, -25.98731368147023], [-48.94007921218872, -25.98638254586651], [-48.93984655683379, -25.98591109272785], [-48.93986463546753, -25.985360263481017], [-48.93944405133971, -25.98489082283551], [-48.93927760025365, -25.98437406661728], [-48.93932819366455, -25.98393291093848], [-48.93905814497776, -25.98366545323886], [-48.93510946625342, -25.9910974491244], [-48.93255347202907, -25.99636936589925], [-48.94328882952454, -26.00564763025151], [-48.94899963429641, -25.99714359675807]]]}}, {"type": "Feature", "properties": {"cod_imovel": "SC-4205803-291E864B6DAE4842B90FE1B822973C95", "municipio": "Garuva", "num_area": 14.7328, "mod_fiscal": 1.2277, "des_condic": "Aguardando analise", "ind_status": "AT", "dat_atuali": "10/12/2018"}, "geometry": {"type": "Polygon", "coordinates": [[[-48.86859645794298, -25.98871019344588], [-48.85963577531985, -25.98777446851283], [-48.85935771657053, -25.98926300433917], [-48.86799320858069, -25.99014859266661], [-48.86859645794298, -25.98871019344588]]]}}, {"type": "Feature", "properties": {"cod_imovel": "SC-4205803-0923BF306BE140A99B38477A22F5F89E", "municipio": "Garuva", "num_area": 31.3517, "mod_fiscal": 2.6126, "des_condic": "Aguardando analise", "ind_status": "AT", "dat_atuali": "07/01/2022"}, "geometry": {"type": "Polygon", "coordinates": [[[-48.819422721862786, -26.004338546836827], [-48.83515105277348, -25.99846527521465], [-48.83432375587955, -25.99695344271483], [-48.81869821788404, -26.00282707896039], [-48.819422721862786, -26.004338546836827]]]}}]}