{"type": "FeatureCollection", "features": [{"type": "Feature", "properties": {"cod_imovel": "SC-4200804-227B5C99453849609528F99B879DF919", "municipio": "Anchieta", "num_area": 10.6691, "mod_fiscal": 0.59, "des_condic": "Aguardando analise", "ind_status": "AT", "dat_atuali": "28/06/2026"}, "geometry": {"type": "Polygon", "coordinates": [[[-53.239370781, -26.461855399], [-53.239111939, -26.461257565], [-53.236791484, -26.462948787], [-53.239259145, -26.46533885], [-53.241735615, -26.462830363], [-53.239370781, -26.461855399]]]}}, {"type": "Feature", "properties": {"cod_imovel": "SC-4200804-182B759B0ACA480FB7EB65E77B30FFF3", "municipio": "Anchieta", "num_area": 2.0279, "mod_fiscal": 0.11, "des_condic": "Aguardando analise", "ind_status": "AT", "dat_atuali": "28/06/2026"}, "geometry": {"type": "Polygon", "coordinates": [[[-53.244303066, -26.458839211], [-53.243115758, -26.460073735], [-53.24376315, -26.46077419], [-53.245239807, -26.459274846], [-53.244303066, -26.458839211]]]}}, {"type": "Feature", "properties": {"cod_imovel": "SC-4200804-729F58E6BC2548B5B0D9DD5CC0E0BA04", "municipio": "Anchieta", "num_area": 12.106, "mod_fiscal": 0.67, "des_condic": "Aguardando analise", "ind_status": "AT", "dat_atuali": "28/06/2026"}, "geometry": {"type": "Polygon", "coordinates": [[[-53.244303066, -26.458839211], [-53.243243061, -26.458329073], [-53.23912338, -26.461284019], [-53.239370781, -26.461855399], [-53.241735615, -26.462830363], [-53.24376315, -26.46077419], [-53.243115758, -26.460073735], [-53.244303066, -26.458839211]]]}}, {"type": "Feature", "properties": {"cod_imovel": "SC-4200804-9F5C5DF8C0764DC8AC5C4063B5360769", "municipio": "Anchieta", "num_area": 0.0802, "mod_fiscal": 0.0045, "des_condic": "Aguardando analise", "ind_status": "AT", "dat_atuali": "19/03/2026"}, "geometry": {"type": "Polygon", "coordinates": [[[-53.24678813, -26.45771405], [-53.24663377, -26.45760313], [-53.24646264, -26.45747541], [-53.2465291, -26.45797525], [-53.24678813, -26.45771405]]]}}, {"type": "Feature", "properties": {"cod_imovel": "SC-4200804-A023422A74A14B2BA0359B747550D73F", "municipio": "Anchieta", "num_area": 3.9663, "mod_fiscal": 0.2203, "des_condic": "Aguardando analise", "ind_status": "AT", "dat_atuali": "19/03/2026"}, "geometry": {"type": "Polygon", "coordinates": [[[-53.24551779, -26.45899285], [-53.24647966, -26.45790798], [-53.24640408, -26.45742886], [-53.24542059, -26.45673288], [-53.24354375, -26.45806452], [-53.24551779, -26.45899285]]]}}, {"type": "Feature", "properties": {"cod_imovel": "SC-4200804-340FD0D9F80644ECA9811C8A08603A6E", "municipio": "Anchieta", "num_area": 7.8847, "mod_fiscal": 0.438, "des_condic": "Aguardando analise", "ind_status": "AT", "dat_atuali": "01/10/2025"}, "geometry": {"type": "Polygon", "coordinates": [[[-53.24380878550404, -26.49282373206426], [-53.24277008109645, -26.49506131144242], [-53.24573862744389, -26.49617729189495], [-53.24662083188281, -26.4943825605307], [-53.24380878550404, -26.49282373206426]]]}}, {"type": "Feature", "properties": {"cod_imovel": "SC-4200804-8EC626872C2F48CABDFAB58D5DF3008F", "municipio": "Anchieta", "num_area": 17.2049, "mod_fiscal": 0.9558, "des_condic": "Aguardando analise", "ind_status": "AT", "dat_atuali": "30/09/2024"}, "geometry": {"type": "Polygon", "coordinates": [[[-53.23167749684861, -26.47322563950476], [-53.23625573515336, -26.46859981837526], [-53.23342052133167, -26.46660783421455], [-53.23301007126471, -26.46686618707183], [-53.23272462512745, -26.46779038589936], [-53.23277009451034, -26.46832765544395], [-53.23202612200302, -26.46911676814398], [-53.23202526543336, -26.47005453793937], [-53.23054650626792, -26.47221643565589], [-53.23167749684861, -26.47322563950476]]]}}, {"type": "Feature", "properties": {"cod_imovel": "SC-4200804-2A32655EA09E4B42A826E34C2A13E356", "municipio": "Anchieta", "num_area": 18.1381, "mod_fiscal": 1.0077, "des_condic": "Aguardando analise", "ind_status": "AT", "dat_atuali": "06/09/2024"}, "geometry": {"type": "Polygon", "coordinates": [[[-53.2362484429916, -26.4684683588836], [-53.23907946401575, -26.46531648168628], [-53.23671311815883, -26.46302539004529], [-53.23406891441648, -26.46497155871981], [-53.23357540115103, -26.46665145728303], [-53.2362484429916, -26.4684683588836]]]}}, {"type": "Feature", "properties": {"cod_imovel": "SC-4200804-D948EFF21A104EB69F60E72B6FDB6B5B", "municipio": "Anchieta", "num_area": 23.673, "mod_fiscal": 1.3152, "des_condic": "Aguardando analise", "ind_status": "AT", "dat_atuali": "01/09/2024"}, "geometry": {"type": "Polygon", "coordinates": [[[-53.25597153884711, -26.45222041766673], [-53.25056541193098, -26.44952867974719], [-53.2499747161955, -26.45134030123266], [-53.25011052674273, -26.45326836362123], [-53.25205859849955, -26.45456775346551], [-53.25462337975202, -26.45594750340026], [-53.25505168466473, -26.45482893447964], [-53.25531295044232, -26.45327573643477], [-53.25597153884711, -26.45222041766673]]]}}, {"type": "Feature", "properties": {"cod_imovel": "SC-4200804-90962CC0009342538EE5FF1490CE33A4", "municipio": "Anchieta", "num_area": 5.1234, "mod_fiscal": 0.2846, "des_condic": "Aguardando analise", "ind_status": "AT", "dat_atuali": "20/08/2024"}, "geometry": {"type": "Polygon", "coordinates": [[[-53.24401418473651, -26.48509355999535], [-53.24429365506432, -26.48291046914497], [-53.24177732523076, -26.48327917678889], [-53.24224871192352, -26.48539681515549], [-53.24401418473651, -26.48509355999535]]]}}, {"type": "Feature", "properties": {"cod_imovel": "SC-4200804-627D2036A68549A68F2DD9405372C910", "municipio": "Anchieta", "num_area": 11.9167, "mod_fiscal": 0.662, "des_condic": "Aguardando analise", "ind_status": "AT", "dat_atuali": "30/11/2023"}, "geometry": {"type": "Polygon", "coordinates": [[[-53.23393106460571, -26.492679447509758], [-53.23923110961913, -26.48543914894998], [-53.2382869720459, -26.484670920757477], [-53.233158588409424, -26.491776835698012], [-53.233394622802734, -26.49219933572621], [-53.23352336883545, -26.49296751361739], [-53.23393106460571, -26.492679447509758]]]}}, {"type": "Feature", "properties": {"cod_imovel": "SC-4200804-D11231B2622D43A1A1FBB3D91866599E", "municipio": "Anchieta", "num_area": 32.7139, "mod_fiscal": 1.8174, "des_condic": "Aguardando analise", "ind_status": "AT", "dat_atuali": "30/11/2023"}, "geometry": {"type": "Polygon", "coordinates": [[[-53.23543972675162, -26.49541745747564], [-53.2422990494553, -26.48596611160398], [-53.24069522289364, -26.48509590172374], [-53.23966026306152, -26.48639942697325], [-53.23891844090277, -26.4859206976414], [-53.23361959301631, -26.49281337193687], [-53.23386779465506, -26.4926222959705], [-53.23442647802426, -26.49304418801239], [-53.23442256041922, -26.49424405964823], [-53.23543972675162, -26.49541745747564]]]}}, {"type": "Feature", "properties": {"cod_imovel": "SC-4200804-0EB6FF9B14B84CEE9B3EEDABF18E54C2", "municipio": "Anchieta", "num_area": 10.1826, "mod_fiscal": 0.5657, "des_condic": "Aguardando analise", "ind_status": "AT", "dat_atuali": "07/09/2020"}, "geometry": {"type": "Polygon", "coordinates": [[[-53.2350790154781, -26.4741593072463], [-53.2368604579932, -26.4715857896231], [-53.2349145351809, -26.4698277994775], [-53.232629746036, -26.4721961426756], [-53.2350790154781, -26.4741593072463]]]}}, {"type": "Feature", "properties": {"cod_imovel": "SC-4200804-BAEDBBB287FB429ABC4552A231A03815", "municipio": "Anchieta", "num_area": 10.1826, "mod_fiscal": 0.5657, "des_condic": "Aguardando analise", "ind_status": "AT", "dat_atuali": "07/09/2020"}, "geometry": {"type": "Polygon", "coordinates": [[[-53.2385853532921, -26.4682380980793], [-53.2364960201542, -26.4712565547457], [-53.238343291727, -26.4729253582132], [-53.2405018535328, -26.469806822606], [-53.2385853532921, -26.4682380980793]]]}}, {"type": "Feature", "properties": {"cod_imovel": "SC-4200804-A060B283ED664CB8AF29B8A8DDE267B0", "municipio": "Anchieta", "num_area": 10.1826, "mod_fiscal": 0.5657, "des_condic": "Aguardando analise", "ind_status": "AT", "dat_atuali": "07/09/2020"}, "geometry": {"type": "Polygon", "coordinates": [[[-53.23964729310691, -26.4667038472343], [-53.238686628594, -26.4659174827236], [-53.2349145351809, -26.4698277994775], [-53.2364960201542, -26.4712565547457], [-53.23964729310691, -26.4667038472343]]]}}, {"type": "Feature", "properties": {"cod_imovel": "SC-4200804-45E88D1027B34055994E51CF4C03FB8F", "municipio": "Anchieta", "num_area": 10.1826, "mod_fiscal": 0.5657, "des_condic": "Aguardando analise", "ind_status": "AT", "dat_atuali": "07/09/2020"}, "geometry": {"type": "Polygon", "coordinates": [[[-53.2317118475687, -26.4731475725105], [-53.23569719387169, -26.4767479930994], [-53.2370202639413, -26.4748366806264], [-53.2355374182033, -26.4734970991963], [-53.2350790154781, -26.4741593072463], [-53.232629746036, -26.4721961426757], [-53.2317118475687, -26.4731475725105]]]}}, {"type": "Feature", "properties": {"cod_imovel": "SC-4200804-FB0E3168BD3D4F9F8B82575A5C09BCC3", "municipio": "Anchieta", "num_area": 31.2875, "mod_fiscal": 1.7382, "des_condic": "Aguardando analise", "ind_status": "AT", "dat_atuali": "09/05/2019"}, "geometry": {"type": "Polygon", "coordinates": [[[-53.24168898204141, -26.46828347604969], [-53.24729724064517, -26.45982370139813], [-53.24540946842689, -26.45911206900494], [-53.23864486154125, -26.4659366808866], [-53.24168898204141, -26.46828347604969]]]}}, {"type": "Feature", "properties": {"cod_imovel": "SC-4200804-9EACBE904510468086DE2231226D58BC", "municipio": "Anchieta", "num_area": 7.1783, "mod_fiscal": 0.3988, "des_condic": "Aguardando analise", "ind_status": "AT", "dat_atuali": "08/10/2023"}, "geometry": {"type": "Polygon", "coordinates": [[[-53.23771573483179, -26.49729815286559], [-53.24020001044373, -26.49370844479975], [-53.23910665213534, -26.49282999443726], [-53.23787104350771, -26.49453982264432], [-53.23649116320777, -26.49605681586164], [-53.23741172125573, -26.49719069191274], [-53.23771573483179, -26.49729815286559]]]}}, {"type": "Feature", "properties": {"cod_imovel": "SC-4200804-E00872A0DFE84F669A15948172019103", "municipio": "Anchieta", "num_area": 3.2817, "mod_fiscal": 0.1823, "des_condic": "Aguardando analise", "ind_status": "AT", "dat_atuali": "13/09/2023"}, "geometry": {"type": "Polygon", "coordinates": [[[-53.24325126540899, -26.48934498677668], [-53.24221766299682, -26.48872662048783], [-53.24076556302218, -26.49013600938342], [-53.24081333330027, -26.49041071730316], [-53.24212035809459, -26.49100623418887], [-53.24325126540899, -26.48934498677668]]]}}, {"type": "Feature", "properties": {"cod_imovel": "SC-4200804-6B9E2FEFB13F43589B619265CA315F8F", "municipio": "Anchieta", "num_area": 23.2626, "mod_fiscal": 1.2924, "des_condic": "Aguardando analise", "ind_status": "AT", "dat_atuali": "16/06/2023"}, "geometry": {"type": "Polygon", "coordinates": [[[-53.23686636486981, -26.48288569139995], [-53.23444244403793, -26.48136913806241], [-53.23077571329361, -26.48728152397352], [-53.23107886898702, -26.48887614274011], [-53.2319942730422, -26.48985729374165], [-53.23686636486981, -26.48288569139995]]]}}, {"type": "Feature", "properties": {"cod_imovel": "SC-4200804-A5AFFF74CA5B41E8B9A71B0631CD72C7", "municipio": "Anchieta", "num_area": 13.4044, "mod_fiscal": 0.7447, "des_condic": "Aguardando analise", "ind_status": "AT", "dat_atuali": "16/06/2023"}, "geometry": {"type": "Polygon", "coordinates": [[[-53.23685201720681, -26.48283733473965], [-53.23196117471625, -26.48980136025835], [-53.23274570626417, -26.49047806737458], [-53.23686105345929, -26.48503066146718], [-53.2378536950345, -26.48545630051961], [-53.23895443608967, -26.48403569007288], [-53.23685201720681, -26.48283733473965]]]}}, {"type": "Feature", "properties": {"cod_imovel": "SC-4200804-5D36ADBE80FA457C89BBCC0ADD93F43C", "municipio": "Anchieta", "num_area": 34.1098, "mod_fiscal": 1.895, "des_condic": "Aguardando analise", "ind_status": "AT", "dat_atuali": "25/07/2024"}, "geometry": {"type": "Polygon", "coordinates": [[[-53.2459636765011, -26.49016843309961], [-53.24361257268483, -26.48896953517472], [-53.23952013704255, -26.4943272740544], [-53.23753550860376, -26.49720224395611], [-53.2380599280959, -26.49811859121269], [-53.23928005862256, -26.49889259112875], [-53.2395783265038, -26.49925540072481], [-53.23974361866522, -26.49930490644774], [-53.2459636765011, -26.49016843309961]]]}}, {"type": "Feature", "properties": {"cod_imovel": "SC-4200804-67CDBF889DC14DE0AE1578D12BB01649", "municipio": "Anchieta", "num_area": 3.4464, "mod_fiscal": 0.1915, "des_condic": "Aguardando analise", "ind_status": "AT", "dat_atuali": "19/06/2024"}, "geometry": {"type": "Polygon", "coordinates": [[[-53.24426903786147, -26.48711780073102], [-53.24228742482718, -26.48594611974388], [-53.24086629602515, -26.48801772853346], [-53.24203920549629, -26.48777621191481], [-53.24426903786147, -26.48711780073102]]]}}, {"type": "Feature", "properties": {"cod_imovel": "SC-4200804-C580EE9CCA70478DA098FED01A1FA3D6", "municipio": "Anchieta", "num_area": 12.2014, "mod_fiscal": 0.6779, "des_condic": "Aguardando analise", "ind_status": "AT", "dat_atuali": "18/10/2022"}, "geometry": {"type": "Polygon", "coordinates": [[[-53.23522764393304, -26.47735237070505], [-53.2343657467168, -26.47865104415428], [-53.2400869585133, -26.48205033886928], [-53.24121417240502, -26.48072819072908], [-53.23522764393304, -26.47735237070505]]]}}, {"type": "Feature", "properties": {"cod_imovel": "SC-4200804-35784D6D2E7E452EBD4C79FAD3CFCCC4", "municipio": "Anchieta", "num_area": 11.9612, "mod_fiscal": 0.6645, "des_condic": "Aguardando analise", "ind_status": "AT", "dat_atuali": "23/06/2023"}, "geometry": {"type": "Polygon", "coordinates": [[[-53.24124194947805, -26.48406518081598], [-53.23978395704859, -26.48728250348581], [-53.24017091944349, -26.48973780826437], [-53.24370799398998, -26.48671036520718], [-53.24124194947805, -26.48406518081598]]]}}, {"type": "Feature", "properties": {"cod_imovel": "SC-4200804-98F56A0289154A5C8037F0ECF7494BF4", "municipio": "Anchieta", "num_area": 5.7798, "mod_fiscal": 0.3211, "des_condic": "Aguardando analise", "ind_status": "AT", "dat_atuali": "18/10/2022"}, "geometry": {"type": "Polygon", "coordinates": [[[-53.23459069766832, -26.48152488752654], [-53.23393706184627, -26.48112936753252], [-53.23070566869671, -26.48601776862395], [-53.23087266776263, -26.4863032258673], [-53.23057485373192, -26.48735772177161], [-53.23072838124142, -26.4875404992067], [-53.23459069766832, -26.48152488752654]]]}}, {"type": "Feature", "properties": {"cod_imovel": "SC-4200804-E7AFDD014A8944199272061F86443721", "municipio": "Anchieta", "num_area": 1.5241, "mod_fiscal": 0.0847, "des_condic": "Aguardando analise", "ind_status": "AT", "dat_atuali": "11/06/2015"}, "geometry": {"type": "Polygon", "coordinates": [[[-53.2448109433571, -26.48627195832936], [-53.2448541346967, -26.48549180855291], [-53.2432133882933, -26.48581939583755], [-53.24316346731201, -26.48633277566202], [-53.24382107353329, -26.48672720813115], [-53.2448109433571, -26.48627195832936]]]}}, {"type": "Feature", "properties": {"cod_imovel": "SC-4200804-D03EF8EBE8E14BDC87917293E8A372E8", "municipio": "Anchieta", "num_area": 4.8422, "mod_fiscal": 0.269, "des_condic": "Aguardando analise", "ind_status": "AT", "dat_atuali": "11/09/2019"}, "geometry": {"type": "Polygon", "coordinates": [[[-53.24319803505787, -26.49527951780595], [-53.24288974712232, -26.49578618105785], [-53.24366750607366, -26.49612222646251], [-53.24323323483002, -26.49766297423511], [-53.24472614906271, -26.49858952199615], [-53.24492947787708, -26.49833058722986], [-53.2444448742108, -26.4978005181561], [-53.2454183973348, -26.49698173999031], [-53.24575146707576, -26.49644680103912], [-53.24319803505787, -26.49527951780595]]]}}, {"type": "Feature", "properties": {"cod_imovel": "SC-4200804-EF48538ED4E7455B8D184BDFB24A5CD8", "municipio": "Anchieta", "num_area": 11.1969, "mod_fiscal": 0.622, "des_condic": "Aguardando analise", "ind_status": "AT", "dat_atuali": "11/09/2017"}, "geometry": {"type": "Polygon", "coordinates": [[[-53.23621114601881, -26.49635353960742], [-53.24077014533976, -26.49038622262933], [-53.24043535302186, -26.48975743902866], [-53.24026613936525, -26.4888237234079], [-53.23534521367358, -26.49554828161246], [-53.23621114601881, -26.49635353960742]]]}}, {"type": "Feature", "properties": {"cod_imovel": "SC-4200804-F6DC72E134F54BE2AECEA7F5D70A10FC", "municipio": "Anchieta", "num_area": 6.0245, "mod_fiscal": 0.3347, "des_condic": "Aguardando analise", "ind_status": "AT", "dat_atuali": "11/09/2017"}, "geometry": {"type": "Polygon", "coordinates": [[[-53.24765932278448, -26.49120077497017], [-53.24719885120325, -26.49129103661656], [-53.24598869516901, -26.49325085824457], [-53.24541218030653, -26.49369433346973], [-53.24658323489857, -26.49460128606762], [-53.24698766537741, -26.49423640822874], [-53.24857495723352, -26.49371058395573], [-53.24900363555229, -26.49312317813586], [-53.24889245381223, -26.4925786723736], [-53.24785836011022, -26.49280293779123], [-53.2476168938894, -26.49268083541555], [-53.24754143035848, -26.49240017944096], [-53.24789869266103, -26.49135983164466], [-53.24765932278448, -26.49120077497017]]]}}, {"type": "Feature", "properties": {"cod_imovel": "SC-4200804-05C9FC971F5E4B248E53F41D98378D99", "municipio": "Anchieta", "num_area": 3.0395, "mod_fiscal": 0.1689, "des_condic": "Aguardando analise", "ind_status": "AT", "dat_atuali": "13/04/2016"}, "geometry": {"type": "Polygon", "coordinates": [[[-53.24827549763831, -26.48392198342094], [-53.24751628249105, -26.48355565350289], [-53.24574215781323, -26.48584311326415], [-53.24674859276484, -26.4862841532845], [-53.24827549763831, -26.48392198342094]]]}}, {"type": "Feature", "properties": {"cod_imovel": "SC-4200804-2549C037D2D84D3888E64A78065B06C9", "municipio": "Anchieta", "num_area": 32.4765, "mod_fiscal": 1.8042, "des_condic": "Aguardando analise", "ind_status": "AT", "dat_atuali": "23/06/2023"}, "geometry": {"type": "Polygon", "coordinates": [[[-53.24222955351022, -26.48283541585481], [-53.24126451760036, -26.482604730688], [-53.23901098857895, -26.48403120658211], [-53.23797171097803, -26.48559330823882], [-53.23686011379315, -26.48522790144605], [-53.23280082304037, -26.49061661068608], [-53.23399494396214, -26.49262912684413], [-53.23889577078564, -26.48603864007594], [-53.23964059949278, -26.48736548384488], [-53.24195992133737, -26.4849555714271], [-53.24338291584368, -26.48615433630138], [-53.24319804574991, -26.48381860571449], [-53.24222955351022, -26.48283541585481]]]}}, {"type": "Feature", "properties": {"cod_imovel": "SC-4200804-CCEE3568FCC9487B9E52E46722C663C2", "municipio": "Anchieta", "num_area": 15.5535, "mod_fiscal": 0.8641, "des_condic": "Aguardando analise", "ind_status": "AT", "dat_atuali": "17/04/2019"}, "geometry": {"type": "Polygon", "coordinates": [[[-53.25219344086146, -26.49728803926459], [-53.25343054794453, -26.4959876262421], [-53.24945883821776, -26.49200318261301], [-53.24693788243114, -26.48984243283722], [-53.24685407570027, -26.49052450082444], [-53.24702469850759, -26.49117957333725], [-53.24791288729904, -26.49130903528751], [-53.24755312852322, -26.4923484455847], [-53.24763635414102, -26.49265446008391], [-53.24823241132522, -26.49275436298699], [-53.24890623389942, -26.49254496951984], [-53.24902818215483, -26.49272360925372], [-53.24893889790554, -26.49353719341599], [-53.2480598473494, -26.49380641315843], [-53.25219344086146, -26.49728803926459]]]}}, {"type": "Feature", "properties": {"cod_imovel": "SC-4200804-7FF297B52CF7479A9AECFD14E7B748E2", "municipio": "Anchieta", "num_area": 5.8035, "mod_fiscal": 0.3224, "des_condic": "Aguardando analise", "ind_status": "AT", "dat_atuali": "18/10/2022"}, "geometry": {"type": "Polygon", "coordinates": [[[-53.23392108237912, -26.48116208635868], [-53.23309259273999, -26.4806534459657], [-53.23049876733608, -26.48452820077325], [-53.23041008963313, -26.48551560385508], [-53.23070120594122, -26.48599613534555], [-53.23392108237912, -26.48116208635868]]]}}, {"type": "Feature", "properties": {"cod_imovel": "SC-4200804-FD0D37A5C7D4462E947D238C41A58F3D", "municipio": "Anchieta", "num_area": 20.0338, "mod_fiscal": 1.113, "des_condic": "Aguardando analise", "ind_status": "AT", "dat_atuali": "18/10/2022"}, "geometry": {"type": "Polygon", "coordinates": [[[-53.23435137994549, -26.47865005935741], [-53.23307413776363, -26.48064852260805], [-53.23981958562009, -26.48443804053942], [-53.24145728033474, -26.48289177052099], [-53.23435137994549, -26.47865005935741]]]}}, {"type": "Feature", "properties": {"cod_imovel": "SC-4200804-1071331E7D1F4942A2FB3E8F33735B8B", "municipio": "Anchieta", "num_area": 3.3691, "mod_fiscal": 0.1872, "des_condic": "Aguardando analise", "ind_status": "AT", "dat_atuali": "20/04/2015"}, "geometry": {"type": "Polygon", "coordinates": [[[-53.24492748434832, -26.48736483651173], [-53.24426586303871, -26.48703659460061], [-53.24308340846224, -26.48750296661125], [-53.24223329829019, -26.4887928833535], [-53.24323632012907, -26.48935997249535], [-53.24492748434832, -26.48736483651173]]]}}, {"type": "Feature", "properties": {"cod_imovel": "SC-4200804-1322D16D16B941A3ADB157A867329B5D", "municipio": "Anchieta", "num_area": 26.1969, "mod_fiscal": 1.4554, "des_condic": "Aguardando analise", "ind_status": "AT", "dat_atuali": "04/05/2016"}, "geometry": {"type": "Polygon", "coordinates": [[[-53.24191357835173, -26.45016285155531], [-53.24705287017127, -26.45173453300379], [-53.24822930822611, -26.44653308081647], [-53.24812834301783, -26.44632784050084], [-53.24782102193865, -26.44625676692438], [-53.24736534721232, -26.44655827433018], [-53.2471918356708, -26.44745633928356], [-53.2465225391602, -26.4475446188476], [-53.24562714007806, -26.44713494959951], [-53.24577071732676, -26.44619920084902], [-53.24631017558136, -26.44574385862839], [-53.24667819646032, -26.445033540719], [-53.24661837876442, -26.4436779003178], [-53.24582332251488, -26.44352740952402], [-53.24539933179091, -26.44407928866689], [-53.24464987417349, -26.44625962429379], [-53.24191357835173, -26.45016285155531]]]}}, {"type": "Feature", "properties": {"cod_imovel": "SC-4200804-1E52B8625743461695FDD710DFE4609A", "municipio": "Anchieta", "num_area": 62.5801, "mod_fiscal": 3.4767, "des_condic": "Aguardando analise", "ind_status": "AT", "dat_atuali": "02/05/2016"}, "geometry": {"type": "Polygon", "coordinates": [[[-53.25039322225173, -26.46090475313693], [-53.2473129861368, -26.45988266714174], [-53.23967038076234, -26.47098251307115], [-53.24313202129716, -26.47298916407025], [-53.24369790884141, -26.47246210519915], [-53.24486372237591, -26.47175741498576], [-53.24563766733791, -26.47081580292882], [-53.24711090143747, -26.4696823897177], [-53.24783540179035, -26.4694027015819], [-53.24815941664212, -26.46884563095171], [-53.248211791099, -26.46838364092756], [-53.24694342211236, -26.46561793883414], [-53.25039322225173, -26.46090475313693]]]}}, {"type": "Feature", "properties": {"cod_imovel": "SC-4200804-20AE0E6509B34F6DA659F6728391709A", "municipio": "Anchieta", "num_area": 26.3398, "mod_fiscal": 1.4633, "des_condic": "Aguardando analise", "ind_status": "AT", "dat_atuali": "15/12/2014"}, "geometry": {"type": "Polygon", "coordinates": [[[-53.23020085, -26.4758125381302], [-53.2297812833333, -26.4773977659079], [-53.2298914055556, -26.4785846353523], [-53.22959175, -26.4789069186857], [-53.2295351777778, -26.4793254131301], [-53.2297844888889, -26.4797094881301], [-53.2293807583333, -26.480552027019], [-53.2296760138889, -26.4808549825745], [-53.2295217361111, -26.4810763325745], [-53.2296430666667, -26.48192996313], [-53.2294964194444, -26.4822661103523], [-53.2303070888889, -26.4831125603522], [-53.2306149777778, -26.4843864714633], [-53.23472245, -26.478098402019], [-53.23020085, -26.4758125381302]]]}}, {"type": "Feature", "properties": {"cod_imovel": "SC-4200804-3CB49388FAB943E2A874B23810E485B0", "municipio": "Anchieta", "num_area": 7.303, "mod_fiscal": 0.4057, "des_condic": "Aguardando analise", "ind_status": "AT", "dat_atuali": "17/12/2015"}, "geometry": {"type": "Polygon", "coordinates": [[[-53.24537668207209, -26.49369134150897], [-53.24600002787579, -26.49320748780917], [-53.24719230384588, -26.49126377358179], [-53.24683090255035, -26.49122423973141], [-53.24663392760653, -26.49083828183798], [-53.24685699162462, -26.49011030929485], [-53.24752460324515, -26.48943885299101], [-53.24824190300804, -26.48919480880443], [-53.24822051312749, -26.48882421769492], [-53.24664944854666, -26.48898044188594], [-53.24589975449923, -26.49047910815666], [-53.24415498325352, -26.49298885594339], [-53.24537668207209, -26.49369134150897]]]}}, {"type": "Feature", "properties": {"cod_imovel": "SC-4200804-6E1D1D5F60FF4EA59169381B9FF3EDBB", "municipio": "Anchieta", "num_area": 10.0903, "mod_fiscal": 0.5606, "des_condic": "Aguardando analise", "ind_status": "AT", "dat_atuali": "13/03/2015"}, "geometry": {"type": "Polygon", "coordinates": [[[-53.24799986205792, -26.48679661767109], [-53.24303784933535, -26.48395139493271], [-53.24319716230347, -26.48582287189417], [-53.24472857560384, -26.48576527116852], [-53.24479428117964, -26.48628286764369], [-53.24402305434795, -26.48690185334157], [-53.24738839705413, -26.48862075412344], [-53.24799986205792, -26.48679661767109]]]}}, {"type": "Feature", "properties": {"cod_imovel": "SC-4200804-993B0E3D200446CA983E2BFF34BD605F", "municipio": "Anchieta", "num_area": 5.2434, "mod_fiscal": 0.2913, "des_condic": "Aguardando analise", "ind_status": "AT", "dat_atuali": "01/04/2015"}, "geometry": {"type": "Polygon", "coordinates": [[[-53.23525832398573, -26.46950631407398], [-53.23379081914269, -26.46771321443304], [-53.23206510398855, -26.46925931484439], [-53.23408664347228, -26.47070527656078], [-53.23525832398573, -26.46950631407398]]]}}, {"type": "Feature", "properties": {"cod_imovel": "SC-4200804-D91B9B814E214E6E9B51576EA093727B", "municipio": "Anchieta", "num_area": 4.8407, "mod_fiscal": 0.2689, "des_condic": "Aguardando analise", "ind_status": "AT", "dat_atuali": "31/03/2015"}, "geometry": {"type": "Polygon", "coordinates": [[[-53.24017872792269, -26.49362383616574], [-53.2421017533071, -26.49101584192924], [-53.24081418599657, -26.49039985359785], [-53.23909198643528, -26.49280992380204], [-53.24017872792269, -26.49362383616574]]]}}, {"type": "Feature", "properties": {"cod_imovel": "SC-4200804-CBF70718101949209A9E1E8C8D9577E6", "municipio": "Anchieta", "num_area": 36.8245, "mod_fiscal": 2.0458, "des_condic": "Aguardando analise", "ind_status": "AT", "dat_atuali": "06/11/2014"}, "geometry": {"type": "Polygon", "coordinates": [[[-53.24392372389759, -26.47661335565193], [-53.24264901816051, -26.47534651488287], [-53.23918234537682, -26.4743470479747], [-53.23800084237931, -26.47356930605861], [-53.23531447074278, -26.47734034736446], [-53.24071682077971, -26.48095199289303], [-53.24392372389759, -26.47661335565193]]]}}, {"type": "Feature", "properties": {"cod_imovel": "SC-4200804-918D2D919331404FA26CA36620840424", "municipio": "Anchieta", "num_area": 3.5932, "mod_fiscal": 0.1996, "des_condic": "Aguardando analise", "ind_status": "AT", "dat_atuali": "20/04/2015"}, "geometry": {"type": "Polygon", "coordinates": [[[-53.24227538977756, -26.48870659350969], [-53.24305343702027, -26.48753871732668], [-53.24083002035597, -26.48803564947999], [-53.24025576891824, -26.48919691650502], [-53.24075933976906, -26.49014934389541], [-53.24227538977756, -26.48870659350969]]]}}, {"type": "Feature", "properties": {"cod_imovel": "SC-4200804-27F3B1CC73EA415082EAB0AE55F5068E", "municipio": "Anchieta", "num_area": 5.1085, "mod_fiscal": 0.2838, "des_condic": "Aguardando analise", "ind_status": "AT", "dat_atuali": "05/05/2016"}, "geometry": {"type": "Polygon", "coordinates": [[[-53.24794415329804, -26.45257889242231], [-53.24869683008678, -26.45455450346502], [-53.24995847282495, -26.45319079220846], [-53.24912708394108, -26.45131210026723], [-53.24834326626933, -26.45011582589607], [-53.24794415329804, -26.45257889242231]]]}}, {"type": "Feature", "properties": {"cod_imovel": "SC-4200804-E4C96C5CFF594CEBAE957AC8603678E8", "municipio": "Anchieta", "num_area": 10.618, "mod_fiscal": 0.5899, "des_condic": "Aguardando analise", "ind_status": "AT", "dat_atuali": "04/05/2016"}, "geometry": {"type": "Polygon", "coordinates": [[[-53.24726337023206, -26.45957788843714], [-53.24794300543823, -26.45861946690433], [-53.24681551259104, -26.45790181746154], [-53.24674734827537, -26.45758486993891], [-53.24728362028563, -26.45690125303199], [-53.24814796012269, -26.45105729362235], [-53.2486396770329, -26.44873778690599], [-53.24772255989912, -26.44877674785933], [-53.24708888980928, -26.45170469939316], [-53.24641964732713, -26.4572437842834], [-53.24658349502724, -26.45810520069074], [-53.24587722378661, -26.45898983014286], [-53.24726337023206, -26.45957788843714]]]}}, {"type": "Feature", "properties": {"cod_imovel": "SC-4200804-9D6FC856C1CD4352BB80B368A5E232BB", "municipio": "Anchieta", "num_area": 4.8406, "mod_fiscal": 0.2689, "des_condic": "Aguardando analise", "ind_status": "AT", "dat_atuali": "07/04/2017"}, "geometry": {"type": "Polygon", "coordinates": [[[-53.24472192315425, -26.49861225582868], [-53.24299750813325, -26.49754877864832], [-53.24130333926947, -26.49955027287761], [-53.24241120509959, -26.49996629838454], [-53.24355297717636, -26.49993048075384], [-53.24404089858255, -26.49945750350881], [-53.24387944429348, -26.49895902024201], [-53.24402949925109, -26.49874468437354], [-53.24434687234913, -26.49858053300736], [-53.24472192315425, -26.49861225582868]]]}}, {"type": "Feature", "properties": {"cod_imovel": "SC-4200804-BFE8CF16D8CE41EF9D7CA6CB97BB81C0", "municipio": "Anchieta", "num_area": 6.0827, "mod_fiscal": 0.3379, "des_condic": "Aguardando analise", "ind_status": "AT", "dat_atuali": "24/04/2016"}, "geometry": {"type": "Polygon", "coordinates": [[[-53.24480228121414, -26.48194822751811], [-53.24268777209677, -26.48066850624881], [-53.24139849057239, -26.48299253866867], [-53.2428954988354, -26.48388129093959], [-53.24365634291736, -26.48296384585346], [-53.24480228121414, -26.48194822751811]]]}}, {"type": "Feature", "properties": {"cod_imovel": "SC-4200804-142B9AA102C34671ACEE36B3A41B915C", "municipio": "Anchieta", "num_area": 12.9686, "mod_fiscal": 0.7205, "des_condic": "Aguardando analise", "ind_status": "AT", "dat_atuali": "05/03/2015"}, "geometry": {"type": "Polygon", "coordinates": [[[-53.25016173924583, -26.49891959192941], [-53.24475460263948, -26.49745758231188], [-53.24448506048971, -26.49772831975118], [-53.24498015512058, -26.49822238241082], [-53.24472360435897, -26.49862421040617], [-53.24408341181781, -26.49879845082667], [-53.24393726354326, -26.49961580414343], [-53.24348171957929, -26.49991306217277], [-53.24243737973733, -26.50020757566936], [-53.24477564227857, -26.50065678300152], [-53.24615792602116, -26.49912398448008], [-53.24759237146493, -26.50115773914428], [-53.25016173924583, -26.49891959192941]]]}}, {"type": "Feature", "properties": {"cod_imovel": "SC-4200804-7FF09016935842F1BB09D913ADFECAF9", "municipio": "Anchieta", "num_area": 12.6914, "mod_fiscal": 0.7051, "des_condic": "Aguardando analise", "ind_status": "AT", "dat_atuali": "08/09/2016"}, "geometry": {"type": "Polygon", "coordinates": [[[-53.25280569304429, -26.49050420312153], [-53.25390413024218, -26.49009337436493], [-53.24976962303297, -26.48573792590542], [-53.2492256067771, -26.4863245544775], [-53.24827865323658, -26.48692773371686], [-53.25365961567339, -26.49217532092636], [-53.25504075621704, -26.49146766061476], [-53.2538941870004, -26.49150643138178], [-53.25280569304429, -26.49050420312153]]]}}, {"type": "Feature", "properties": {"cod_imovel": "SC-4200804-FD8AD3F870654B5DA5CA940873A690B4", "municipio": "Anchieta", "num_area": 50.5372, "mod_fiscal": 2.8076, "des_condic": "Aguardando analise", "ind_status": "AT", "dat_atuali": "01/09/2015"}, "geometry": {"type": "Polygon", "coordinates": [[[-53.25242330309042, -26.48398711178991], [-53.25355961556458, -26.48281477381225], [-53.25238604551747, -26.48198035104018], [-53.25079831862226, -26.48109287621955], [-53.24904167543838, -26.47985820390548], [-53.24825153759954, -26.47966469917997], [-53.24670146297571, -26.47800237590752], [-53.24382703682799, -26.47650438473655], [-53.24145943125737, -26.47993667846116], [-53.24483065196111, -26.48197931136481], [-53.24657546437704, -26.48326728651412], [-53.24865109124474, -26.48410553295712], [-53.2500323707803, -26.48484903840778], [-53.25053380932637, -26.48537476507194], [-53.25218171304902, -26.48492648064303], [-53.25268443102137, -26.48437353102304], [-53.25242330309042, -26.48398711178991]]]}}, {"type": "Feature", "properties": {"cod_imovel": "SC-4200804-6CCF5097E95C45DFB447025C212D90AE", "municipio": "Anchieta", "num_area": 9.3492, "mod_fiscal": 0.5194, "des_condic": "Aguardando analise", "ind_status": "AT", "dat_atuali": "18/04/2016"}, "geometry": {"type": "Polygon", "coordinates": [[[-53.23790073394775, -26.48555438273619], [-53.23695659637451, -26.48490138975411], [-53.232622146606445, -26.490509326296763], [-53.233394622802734, -26.491450357339975], [-53.23790073394775, -26.48555438273619]]]}}, {"type": "Feature", "properties": {"cod_imovel": "SC-4200804-58F7D4B920E44EB397CA2E63C759AB7C", "municipio": "Anchieta", "num_area": 9.8371, "mod_fiscal": 0.5465, "des_condic": "Aguardando analise", "ind_status": "AT", "dat_atuali": "24/04/2016"}, "geometry": {"type": "Polygon", "coordinates": [[[-53.25427765880043, -26.4816050842394], [-53.25453605601093, -26.48047487867304], [-53.25489196608545, -26.48004977393029], [-53.25144441809169, -26.47832408567276], [-53.24996855028487, -26.47741825629949], [-53.24924755669773, -26.47871114605513], [-53.25427765880043, -26.4816050842394]]]}}, {"type": "Feature", "properties": {"cod_imovel": "SC-4200804-DDE228F80121452A8230321B16BAB0BC", "municipio": "Anchieta", "num_area": 6.7902, "mod_fiscal": 0.3772, "des_condic": "Aguardando analise", "ind_status": "AT", "dat_atuali": "17/04/2015"}, "geometry": {"type": "Polygon", "coordinates": [[[-53.24316883625824, -26.48398446791097], [-53.24523778917889, -26.48534490118303], [-53.24658606224796, -26.48327208490968], [-53.24482964641003, -26.48198573792742], [-53.24410733183493, -26.48242565156889], [-53.24316883625824, -26.48398446791097]]]}}, {"type": "Feature", "properties": {"cod_imovel": "SC-4200804-09813DE84B634A809E0E2C9317E21197", "municipio": "Anchieta", "num_area": 12.1568, "mod_fiscal": 0.6754, "des_condic": "Aguardando analise", "ind_status": "AT", "dat_atuali": "30/04/2015"}, "geometry": {"type": "Polygon", "coordinates": [[[-53.23988948566908, -26.47072367604669], [-53.23804699325514, -26.47336924611733], [-53.23942032224024, -26.4743812006799], [-53.2412443407929, -26.4749796371981], [-53.24278997870258, -26.47301972419192], [-53.24246658979304, -26.47263268940456], [-53.23988948566908, -26.47072367604669]]]}}, {"type": "Feature", "properties": {"cod_imovel": "SC-4200804-32994FBD568842358F1685A16C2753AD", "municipio": "Anchieta", "num_area": 2.4478, "mod_fiscal": 0.136, "des_condic": "Aguardando analise", "ind_status": "AT", "dat_atuali": "02/05/2016"}, "geometry": {"type": "Polygon", "coordinates": [[[-53.24574349054915, -26.48585057684408], [-53.24750189370075, -26.48354341975837], [-53.24658584138409, -26.48326905503885], [-53.24523640824042, -26.48535199050023], [-53.24574349054915, -26.48585057684408]]]}}, {"type": "Feature", "properties": {"cod_imovel": "SC-4200804-A8DDFD69CF1E4FD6AF2448E429891F80", "municipio": "Anchieta", "num_area": 17.9796, "mod_fiscal": 0.9989, "des_condic": "Aguardando analise", "ind_status": "AT", "dat_atuali": "14/02/2018"}, "geometry": {"type": "Polygon", "coordinates": [[[-53.24974237971168, -26.49232386651534], [-53.25344977852852, -26.49601531265382], [-53.25597162250185, -26.4938595273844], [-53.25213051941984, -26.49046186626942], [-53.24974237971168, -26.49232386651534]]]}}, {"type": "Feature", "properties": {"cod_imovel": "SC-4200804-D3ADDC3351594F6F811DC92108D25927", "municipio": "Anchieta", "num_area": 1.8314, "mod_fiscal": 0.1017, "des_condic": "Aguardando analise", "ind_status": "AT", "dat_atuali": "13/03/2015"}, "geometry": {"type": "Polygon", "coordinates": [[[-53.24855999574757, -26.49122609085151], [-53.24980633098878, -26.49234802151651], [-53.2510702969984, -26.4910981747246], [-53.24983006934049, -26.49099662005554], [-53.24855999574757, -26.49122609085151]]]}}, {"type": "Feature", "properties": {"cod_imovel": "SC-4200804-B154100E819E44FD82FCA64153316D56", "municipio": "Anchieta", "num_area": 7.6769, "mod_fiscal": 0.4265, "des_condic": "Aguardando analise", "ind_status": "AT", "dat_atuali": "20/05/2015"}, "geometry": {"type": "Polygon", "coordinates": [[[-53.25360742518634, -26.48274750929438], [-53.2542833550478, -26.48160072283752], [-53.24925065120064, -26.47871855855417], [-53.24851015189752, -26.47961421763601], [-53.25360742518634, -26.48274750929438]]]}}, {"type": "Feature", "properties": {"cod_imovel": "SC-4200804-1F4E171FB77447BD91780A2D288662DC", "municipio": "Anchieta", "num_area": 3.0339, "mod_fiscal": 0.1685, "des_condic": "Aguardando analise", "ind_status": "AT", "dat_atuali": "04/05/2016"}, "geometry": {"type": "Polygon", "coordinates": [[[-53.24733198136744, -26.45686092262327], [-53.24882183160875, -26.45501238848107], [-53.24796030212957, -26.45253001283904], [-53.24733198136744, -26.45686092262327]]]}}, {"type": "Feature", "properties": {"cod_imovel": "SC-4200804-406FD93A8F014E8E8D34728EB2CAECCC", "municipio": "Anchieta", "num_area": 40.033, "mod_fiscal": 2.2241, "des_condic": "Aguardando analise", "ind_status": "AT", "dat_atuali": "05/12/2014"}, "geometry": {"type": "Polygon", "coordinates": [[[-53.24940173908313, -26.46048297801544], [-53.25284978079741, -26.46139812676451], [-53.25494110092295, -26.45612268460132], [-53.2509419896773, -26.45387777336072], [-53.25033788329, -26.45340299073277], [-53.24667322697885, -26.45762342961453], [-53.24813945521532, -26.45858298283575], [-53.24976391449914, -26.45907133659874], [-53.24940173908313, -26.46048297801544]]]}}, {"type": "Feature", "properties": {"cod_imovel": "SC-4200804-DD7861F5A97D476BA85E05AB2EA97F88", "municipio": "Anchieta", "num_area": 2.572, "mod_fiscal": 0.1429, "des_condic": "Aguardando analise", "ind_status": "AT", "dat_atuali": "05/11/2014"}, "geometry": {"type": "Polygon", "coordinates": [[[-53.24971226554443, -26.45907529374803], [-53.24853554905103, -26.4587254634212], [-53.2475532489107, -26.46012613623887], [-53.24924238335033, -26.4605845059139], [-53.24971226554443, -26.45907529374803]]]}}, {"type": "Feature", "properties": {"cod_imovel": "SC-4200804-4DB229F514D447A58D515C5AB910DE41", "municipio": "Anchieta", "num_area": 22.4201, "mod_fiscal": 1.2456, "des_condic": "Aguardando analise", "ind_status": "AT", "dat_atuali": "14/11/2014"}, "geometry": {"type": "Polygon", "coordinates": [[[-53.25205301547065, -26.4973025333526], [-53.24794633685901, -26.49363444839918], [-53.24641714682251, -26.49479817792986], [-53.24560275825857, -26.49679494399635], [-53.24505614175202, -26.49715234200966], [-53.24488163343817, -26.49744818459038], [-53.24640159805995, -26.4979961231585], [-53.24706557279433, -26.49801897056061], [-53.25025381101879, -26.49895066134166], [-53.25205301547065, -26.4973025333526]]]}}, {"type": "Feature", "properties": {"cod_imovel": "SC-4200804-1DCD05F1B49C4A538EA949D183172E47", "municipio": "Anchieta", "num_area": 10.9083, "mod_fiscal": 0.606, "des_condic": "Aguardando analise", "ind_status": "AT", "dat_atuali": "05/03/2015"}, "geometry": {"type": "Polygon", "coordinates": [[[-53.24472892253087, -26.5007344136465], [-53.24393928703424, -26.50442118209802], [-53.24651425319335, -26.50244476652514], [-53.24731828506917, -26.50312891486231], [-53.24793662721212, -26.50165989951927], [-53.24616427704859, -26.49916177822081], [-53.24472892253087, -26.5007344136465]]]}}, {"type": "Feature", "properties": {"cod_imovel": "SC-4200804-50BC72EB5E264889825822682931474E", "municipio": "Anchieta", "num_area": 11.7521, "mod_fiscal": 0.6529, "des_condic": "Aguardando analise", "ind_status": "AT", "dat_atuali": "13/03/2015"}, "geometry": {"type": "Polygon", "coordinates": [[[-53.25213471095962, -26.49056226826872], [-53.24801885116357, -26.48681061885725], [-53.24738651135758, -26.48860609241064], [-53.24824693927584, -26.48894219928099], [-53.24828075039276, -26.48914973496953], [-53.24818119798649, -26.48934873933821], [-53.24694891005647, -26.48983699334954], [-53.24860769654911, -26.49122155763261], [-53.24984584297255, -26.4909853077422], [-53.25104544237851, -26.49110230686831], [-53.25213471095962, -26.49056226826872]]]}}, {"type": "Feature", "properties": {"cod_imovel": "SC-4200804-CDBDB4557492484CB24EA140ADAC9D12", "municipio": "Anchieta", "num_area": 7.7132, "mod_fiscal": 0.4285, "des_condic": "Aguardando analise", "ind_status": "AT", "dat_atuali": "07/04/2017"}, "geometry": {"type": "Polygon", "coordinates": [[[-53.24233017591504, -26.49552552586254], [-53.23972751806002, -26.49932730087006], [-53.24132066728846, -26.49952993199614], [-53.24299408039978, -26.49753646563566], [-53.2432333511378, -26.49768872749858], [-53.24365310020041, -26.49612704718462], [-53.24233017591504, -26.49552552586254]]]}}, {"type": "Feature", "properties": {"cod_imovel": "SC-4200804-1EE86E4D33C8456DB5ADC5DD18EC5151", "municipio": "Anchieta", "num_area": 27.3425, "mod_fiscal": 1.519, "des_condic": "Aguardando analise", "ind_status": "AT", "dat_atuali": "20/09/2019"}, "geometry": {"type": "Polygon", "coordinates": [[[-53.24953418, -26.5025686], [-53.25141046, -26.50490146], [-53.2522583, -26.50487709], [-53.25431442, -26.5040226], [-53.25547791, -26.50381279], [-53.24991989, -26.49865341], [-53.24747467, -26.50109291], [-53.24800491, -26.50146866], [-53.24731827, -26.50314903], [-53.24807152, -26.50380357], [-53.24953418, -26.5025686]]]}}, {"type": "Feature", "properties": {"cod_imovel": "SC-4200804-FE75ADEBBAC34835A87A713DB0E58179", "municipio": "Anchieta", "num_area": 157.8474, "mod_fiscal": 8.7693, "des_condic": "Aguardando analise", "ind_status": "AT", "dat_atuali": "02/05/2016"}, "geometry": {"type": "Polygon", "coordinates": [[[-53.26124000638301, -26.46519726841747], [-53.25835789973208, -26.46286650676325], [-53.25760079119112, -26.46242962659738], [-53.25187914405867, -26.46136903084817], [-53.25038035112035, -26.46091799308528], [-53.24694718259293, -26.46561863831677], [-53.2482159697005, -26.46839727242298], [-53.24814039750934, -26.46887118231551], [-53.24781960311664, -26.46941251803176], [-53.24711868989153, -26.46967610969196], [-53.24560588818332, -26.47082768832006], [-53.24486752133514, -26.47175494157409], [-53.24312116724534, -26.47295944577853], [-53.23969797346719, -26.47096900778242], [-53.23795353194649, -26.47352626130031], [-53.24852283608771, -26.47971480858259], [-53.25365852886986, -26.47180237587818], [-53.24853884069238, -26.46836233851935], [-53.25259700589277, -26.46274826316152], [-53.25704379184975, -26.46471012567501], [-53.25882286951995, -26.46371754800144], [-53.25321919406675, -26.47148858769734], [-53.25561453576128, -26.47295586110211], [-53.26124000638301, -26.46519726841747]]]}}, {"type": "Feature", "properties": {"cod_imovel": "SC-4200804-E982EC7BCBF847ABB20D58B2997126C8", "municipio": "Anchieta", "num_area": 7.2907, "mod_fiscal": 0.405, "des_condic": "Aguardando analise", "ind_status": "AT", "dat_atuali": "01/09/2015"}, "geometry": {"type": "Polygon", "coordinates": [[[-53.25050427522547, -26.48531860054883], [-53.24960772586672, -26.4845693420203], [-53.24828542726966, -26.48394341836329], [-53.24673998128316, -26.48621346148088], [-53.24786749446526, -26.4871835487557], [-53.24917291348781, -26.48671007683593], [-53.25050427522547, -26.48531860054883]]]}}, {"type": "Feature", "properties": {"cod_imovel": "SC-4200804-2096D2B8B52C45C4A562FD0E8C218056", "municipio": "Anchieta", "num_area": 30.3653, "mod_fiscal": 1.687, "des_condic": "Aguardando analise", "ind_status": "AT", "dat_atuali": "16/05/2019"}, "geometry": {"type": "Polygon", "coordinates": [[[-53.24642294266853, -26.45731185493655], [-53.24708521998611, -26.45179415441922], [-53.24190532789751, -26.45020101522486], [-53.24021651298843, -26.45285607220964], [-53.24289821703731, -26.45491502536402], [-53.24642294266853, -26.45731185493655]]]}}, {"type": "Feature", "properties": {"cod_imovel": "SC-4200804-EE95794A44AB424A83EC8DDCB510ABEC", "municipio": "Anchieta", "num_area": 15.8263, "mod_fiscal": 0.8792, "des_condic": "Aguardando analise", "ind_status": "AT", "dat_atuali": "30/07/2019"}, "geometry": {"type": "Polygon", "coordinates": [[[-53.25732968021912, -26.49234778396871], [-53.25605642610842, -26.49021797187944], [-53.25050918555424, -26.48516103262076], [-53.24971933736887, -26.48569737580792], [-53.25240307980837, -26.48871227764521], [-53.25392301917496, -26.4901089584472], [-53.25277196208198, -26.49050637942549], [-53.25387962044917, -26.49157221247467], [-53.25501242403131, -26.49147010480469], [-53.25613664306755, -26.49293232253435], [-53.25732968021912, -26.49234778396871]]]}}, {"type": "Feature", "properties": {"cod_imovel": "SC-4200804-94CA5F4DDD754D5CA789536A2D38DC97", "municipio": "Anchieta", "num_area": 5.0913, "mod_fiscal": 0.2829, "des_condic": "Aguardando analise", "ind_status": "AT", "dat_atuali": "07/09/2020"}, "geometry": {"type": "Polygon", "coordinates": [[[-53.24156377956489, -26.4682725585064], [-53.23964729310691, -26.4667038472343], [-53.2385853532921, -26.4682380980793], [-53.2405018535328, -26.469806822606], [-53.24156377956489, -26.4682725585064]]]}}, {"type": "Feature", "properties": {"cod_imovel": "SC-4200804-E1329AB36FD24BF79E25E2269530805E", "municipio": "Anchieta", "num_area": 5.0913, "mod_fiscal": 0.2829, "des_condic": "Aguardando analise", "ind_status": "AT", "dat_atuali": "07/09/2020"}, "geometry": {"type": "Polygon", "coordinates": [[[-53.2370202639413, -26.4748366806264], [-53.238343291727, -26.4729253582132], [-53.2368604579932, -26.4715857896231], [-53.2355374182033, -26.4734970991963], [-53.2370202639413, -26.4748366806264]]]}}, {"type": "Feature", "properties": {"cod_imovel": "SC-4200804-FE95717E429242469ED8E774D2BAF965", "municipio": "Anchieta", "num_area": 46.7774, "mod_fiscal": 2.5987, "des_condic": "Aguardando analise", "ind_status": "AT", "dat_atuali": "26/04/2019"}, "geometry": {"type": "Polygon", "coordinates": [[[-53.258540168163, -26.46415838560449], [-53.25775522781144, -26.46431992878025], [-53.25708461081109, -26.46475379350721], [-53.2526864428505, -26.46279888013096], [-53.24855052841973, -26.46834459347447], [-53.25321672296877, -26.47145924456484], [-53.258540168163, -26.46415838560449]]]}}, {"type": "Feature", "properties": {"cod_imovel": "SC-4203501-7D58D8235C6146AD8780E5C3D9A1622C", "municipio": "Campo Ere", "num_area": 302.933, "mod_fiscal": 16.83, "des_condic": "Aguardando analise", "ind_status": "AT", "dat_atuali": "26/06/2026"}, "geometry": {"type": "Polygon", "coordinates": [[[-53.194619893, -26.433053471], [-53.196196942, -26.433299495], [-53.199152782, -26.450989997], [-53.209458329, -26.450318892], [-53.210342979, -26.431856319], [-53.206428168, -26.428715635], [-53.204537964, -26.426190657], [-53.203801734, -26.429277867], [-53.194693819, -26.429529475], [-53.194619893, -26.433053471]]]}}, {"type": "Feature", "properties": {"cod_imovel": "SC-4203501-18EF01A690BD4358862F2FEFB8BE5401", "municipio": "Campo Ere", "num_area": 4.6469, "mod_fiscal": 0.26, "des_condic": "Aguardando analise", "ind_status": "AT", "dat_atuali": "24/06/2026"}, "geometry": {"type": "Polygon", "coordinates": [[[-53.044459434, -26.420616762], [-53.043073625, -26.419537272], [-53.041367741, -26.421151464], [-53.042966341, -26.422275612], [-53.044459434, -26.420616762]]]}}, {"type": "Feature", "properties": {"cod_imovel": "SC-4203501-CFB4942FB73E4DF49BF5F93BA1CB55EC", "municipio": "Campo Ere", "num_area": 5.1833, "mod_fiscal": 0.29, "des_condic": "Aguardando analise", "ind_status": "AT", "dat_atuali": "22/06/2026"}, "geometry": {"type": "Polygon", "coordinates": [[[-53.047453304, -26.42614632], [-53.047195999, -26.426455061], [-53.046456813, -26.426662491], [-53.046266767, -26.426950536], [-53.046616559, -26.427841178], [-53.046558553, -26.428129959], [-53.046060737, -26.428291997], [-53.04676775, -26.429121031], [-53.049274614, -26.427278366], [-53.048303096, -26.426658879], [-53.04801381, -26.426307299], [-53.047846831, -26.426555446], [-53.047323812, -26.426660192], [-53.047328017, -26.426468153], [-53.047634079, -26.426197236], [-53.047453304, -26.42614632]]]}}, {"type": "Feature", "properties": {"cod_imovel": "SC-4203501-8A48B53B7BFA46C9AF91D8A6CB853921", "municipio": "Campo Ere", "num_area": 6.5221, "mod_fiscal": 0.36, "des_condic": "Aguardando analise", "ind_status": "AT", "dat_atuali": "22/06/2026"}, "geometry": {"type": "Polygon", "coordinates": [[[-53.048094034, -26.42437938], [-53.04762132, -26.424450751], [-53.047580666, -26.424948602], [-53.047875735, -26.425614018], [-53.048217187, -26.425832316], [-53.048239719, -26.426057223], [-53.04801381, -26.426307299], [-53.048303096, -26.426658879], [-53.050224163, -26.427883413], [-53.051243388, -26.42658902], [-53.048094034, -26.42437938]]]}}, {"type": "Feature", "properties": {"cod_imovel": "SC-4203501-4738408D0E254D3195DC20558F282DFB", "municipio": "Campo Ere", "num_area": 188.3508, "mod_fiscal": 10.46, "des_condic": "Aguardando analise", "ind_status": "AT", "dat_atuali": "22/06/2026"}, "geometry": {"type": "Polygon", "coordinates": [[[-53.133718187, -26.381491583], [-53.128303604, -26.387206251], [-53.122719412, -26.394097535], [-53.122161953, -26.393665817], [-53.120758502, -26.395456903], [-53.120910712, -26.395713861], [-53.121361981, -26.395926176], [-53.121857191, -26.396770973], [-53.122046533, -26.396665056], [-53.122157849, -26.396775845], [-53.122085302, -26.397014294], [-53.122375912, -26.397028684], [-53.122475463, -26.39730542], [-53.129834976, -26.395826367], [-53.135027903, -26.396463241], [-53.142273692, -26.388368712], [-53.142179476, -26.388193511], [-53.141873987, -26.388204168], [-53.141443101, -26.387718844], [-53.141116023, -26.387674912], [-53.140965555, -26.387201671], [-53.133718187, -26.381491583]]]}}, {"type": "Feature", "properties": {"cod_imovel": "SC-4203501-EE86C6D1A9D048EFBE986340035D8655", "municipio": "Campo Ere", "num_area": 23.9956, "mod_fiscal": 1.33, "des_condic": "Aguardando analise", "ind_status": "AT", "dat_atuali": "12/06/2026"}, "geometry": {"type": "Polygon", "coordinates": [[[-53.204662672, -26.414084919], [-53.203160968, -26.412198672], [-53.199656748, -26.412671826], [-53.190945419, -26.413164488], [-53.192035407, -26.414780254], [-53.204662672, -26.414084919]]]}}, {"type": "Feature", "properties": {"cod_imovel": "SC-4203501-F7D56C6E8DC84FDC97EFC07254C28757", "municipio": "Campo Ere", "num_area": 35.7766, "mod_fiscal": 1.99, "des_condic": "Aguardando analise", "ind_status": "AT", "dat_atuali": "25/05/2026"}, "geometry": {"type": "Polygon", "coordinates": [[[-53.070786763, -26.417495279], [-53.067245145, -26.421690036], [-53.072451149, -26.425009062], [-53.075654545, -26.420871297], [-53.070786763, -26.417495279]]]}}, {"type": "Feature", "properties": {"cod_imovel": "SC-4203501-60578DAFEA65402A98FB2C7D6D52E99E", "municipio": "Campo Ere", "num_area": 554.5782, "mod_fiscal": 30.81, "des_condic": "Aguardando analise", "ind_status": "AT", "dat_atuali": "25/05/2026"}, "geometry": {"type": "Polygon", "coordinates": [[[-53.075324357, -26.415943303], [-53.075654545, -26.420871297], [-53.07060275, -26.427373364], [-53.075486675, -26.430454658], [-53.074368573, -26.433003708], [-53.074373333, -26.437994166], [-53.07016773, -26.442353311], [-53.065231666, -26.451421668], [-53.073265559, -26.45207083], [-53.072972445, -26.450548396], [-53.074590281, -26.446488053], [-53.075574828, -26.442531956], [-53.08374473, -26.44126749], [-53.083895742, -26.440279855], [-53.083583557, -26.438747127], [-53.083806694, -26.437951165], [-53.084372834, -26.437344], [-53.087003742, -26.43566129], [-53.088745251, -26.433223337], [-53.090186216, -26.431818037], [-53.090497037, -26.431267122], [-53.090263745, -26.429058244], [-53.09089377, -26.42735862], [-53.091140778, -26.424860257], [-53.091353964, -26.424256795], [-53.090793247, -26.423420222], [-53.090864738, -26.422313965], [-53.09197271, -26.419859865], [-53.092036972, -26.419085055], [-53.091515528, -26.417184521], [-53.091340835, -26.415702497], [-53.075838607, -26.411486943], [-53.073120975, -26.414729564], [-53.075324357, -26.415943303]]]}}, {"type": "Feature", "properties": {"cod_imovel": "SC-4203501-F4FFE18C05A34AFD8CD79AB27A3FFB91", "municipio": "Campo Ere", "num_area": 55.2574, "mod_fiscal": 3.07, "des_condic": "Aguardando analise", "ind_status": "AT", "dat_atuali": "25/05/2026"}, "geometry": {"type": "Polygon", "coordinates": [[[-53.067245285, -26.421689998], [-53.063805285, -26.42578778], [-53.074368611, -26.433003608], [-53.075486666, -26.430454722], [-53.070602779, -26.427373328], [-53.072451111, -26.425009171], [-53.067245285, -26.421689998]]]}}, {"type": "Feature", "properties": {"cod_imovel": "SC-4203501-45505657D6AD44BFA693363A207F2D64", "municipio": "Campo Ere", "num_area": 17.613, "mod_fiscal": 0.98, "des_condic": "Aguardando analise", "ind_status": "AT", "dat_atuali": "25/05/2026"}, "geometry": {"type": "Polygon", "coordinates": [[[-53.073120975, -26.414729564], [-53.070786763, -26.417495279], [-53.075654545, -26.420871297], [-53.075324357, -26.415943303], [-53.073120975, -26.414729564]]]}}, {"type": "Feature", "properties": {"cod_imovel": "SC-4203501-64180F141A324C8095E7DE5CC9CD17AD", "municipio": "Campo Ere", "num_area": 6.0051, "mod_fiscal": 0.3336, "des_condic": "Aguardando analise", "ind_status": "AT", "dat_atuali": "06/11/2024"}, "geometry": {"type": "Polygon", "coordinates": [[[-53.05819095225061, -26.39563160969268], [-53.06011913298564, -26.39519957285754], [-53.05917293560643, -26.39396507908688], [-53.06024034527507, -26.39359635557184], [-53.05952357661754, -26.39277436392236], [-53.05789174172221, -26.39373150712947], [-53.05724186118461, -26.3930770322105], [-53.0566342324844, -26.39346726489451], [-53.05819095225061, -26.39563160969268]]]}}, {"type": "Feature", "properties": {"cod_imovel": "SC-4203501-6E3E900F2AFD42E6BB6B82E376C72B9A", "municipio": "Campo Ere", "num_area": 173.3421, "mod_fiscal": 9.6301, "des_condic": "Aguardando analise", "ind_status": "AT", "dat_atuali": "19/08/2022"}, "geometry": {"type": "Polygon", "coordinates": [[[-53.1579026281, -26.4946478791], [-53.1568232292, -26.4952153804], [-53.15586679079999, -26.4954603447], [-53.1446643742, -26.5007843206], [-53.1474119352, -26.5048025129], [-53.1482079908, -26.506698942], [-53.150001472, -26.509492616], [-53.1519367968, -26.510865877], [-53.1624482044, -26.5039602576], [-53.1619704323, -26.5029053991], [-53.1607617064, -26.5028417651], [-53.1605984286, -26.5026984793], [-53.1594908482, -26.5006035924], [-53.1594188214, -26.5002492647], [-53.1598353917, -26.4987041364], [-53.15984427869999, -26.4981173543], [-53.1595839931, -26.4971146978], [-53.1598342034, -26.4962483572], [-53.15969092520001, -26.4958490788], [-53.1579026281, -26.4946478791]]]}}, {"type": "Feature", "properties": {"cod_imovel": "SC-4203501-FB3DD3F2B7404A9DA2A234343AD56B78", "municipio": "Campo Ere", "num_area": 53.5758, "mod_fiscal": 2.9764, "des_condic": "Aguardando analise", "ind_status": "PE", "dat_atuali": "21/05/2019"}, "geometry": {"type": "Polygon", "coordinates": [[[-53.21590079789566, -26.38195477052258], [-53.21827876543696, -26.37319162639129], [-53.21784846712023, -26.3724382897498], [-53.21638145287304, -26.3725021169039], [-53.21509589242199, -26.37232789805567], [-53.21500086788541, -26.37196242517504], [-53.21396451209012, -26.37150211306029], [-53.21342051886102, -26.37170338267642], [-53.21186146828308, -26.37488558609138], [-53.21218937580819, -26.38157997152741], [-53.21590079789566, -26.38195477052258]]]}}, {"type": "Feature", "properties": {"cod_imovel": "SC-4203501-30593A790290401E90A5A6AC785054BB", "municipio": "Campo Ere", "num_area": 27.4229, "mod_fiscal": 1.5235, "des_condic": "Aguardando analise", "ind_status": "AT", "dat_atuali": "27/03/2026"}, "geometry": {"type": "Polygon", "coordinates": [[[-53.0565777805556, -26.4357922214643], [-53.0559227805556, -26.4360330575754], [-53.0548986138889, -26.4367580575754], [-53.054284725, -26.4374105575754], [-53.0580469416667, -26.4400722186864], [-53.0620124972222, -26.4423802770197], [-53.0630452805556, -26.4419661131308], [-53.0644147166667, -26.4410455631309], [-53.0565777805556, -26.4357922214643]]]}}, {"type": "Feature", "properties": {"cod_imovel": "SC-4203501-8AFDEEBBCA5E43708D908036082667D2", "municipio": "Campo Ere", "num_area": 220.9359, "mod_fiscal": 12.2742, "des_condic": "Aguardando analise", "ind_status": "AT", "dat_atuali": "27/03/2026"}, "geometry": {"type": "Polygon", "coordinates": [[[-53.0735377833333, -26.433039438131], [-53.0726211111111, -26.434028888131], [-53.0725288888889, -26.4342530603532], [-53.0726955555556, -26.4347613909088], [-53.0724480583333, -26.4350786075754], [-53.0711422222222, -26.4356472159087], [-53.0706894388889, -26.4360772214643], [-53.070401675, -26.4361002797976], [-53.0699391666667, -26.4364386047976], [-53.0692766694444, -26.436291388131], [-53.0683600027778, -26.4373761047976], [-53.0683383361111, -26.4383897186865], [-53.0680119388889, -26.4389597159087], [-53.0684361083333, -26.4392850020198], [-53.0684711111111, -26.4395455547976], [-53.0683058305556, -26.4397261075753], [-53.0665613916667, -26.4399305547975], [-53.0658105638889, -26.4398205575753], [-53.0652036111111, -26.4401638909087], [-53.0649066666667, -26.4408077825753], [-53.0640227833333, -26.4412105575753], [-53.0630452805556, -26.4419661131308], [-53.0607633333333, -26.4429669409086], [-53.0607480638889, -26.4432097214641], [-53.0614727833333, -26.4440252742419], [-53.0617369444444, -26.4446483270197], [-53.0617694361111, -26.4454200020197], [-53.0614572194444, -26.4457063909085], [-53.0604913888889, -26.4459777770196], [-53.0598441666667, -26.4469624964641], [-53.0593727833333, -26.447390560353], [-53.0591344416667, -26.4474277797974], [-53.0582408333333, -26.4467372186863], [-53.0578608333333, -26.4466738909085], [-53.0563044444444, -26.4470949964641], [-53.0560536111111, -26.4473966659085], [-53.0557319416667, -26.4481019381307], [-53.0592511055556, -26.4507786075751], [-53.0582763916667, -26.4520466686862], [-53.0590011138889, -26.4524383297973], [-53.0592716722222, -26.4527572159084], [-53.0596905638889, -26.4539566714639], [-53.0779008305556, -26.4548805603528], [-53.0789263861111, -26.4513063853529], [-53.0808841722222, -26.4476686075752], [-53.0795141666667, -26.4479711075752], [-53.0768480611111, -26.4481952825752], [-53.0745902805556, -26.446488060353], [-53.0729777833333, -26.4505761075751], [-53.0732655583333, -26.4520708297973], [-53.0652316666667, -26.4514216659084], [-53.070189725, -26.4423122214642], [-53.0743733333333, -26.4379941659087], [-53.0743625055556, -26.4332374992421], [-53.0735377833333, -26.433039438131]]]}}, {"type": "Feature", "properties": {"cod_imovel": "SC-4203501-794D8F2C7F054330B45EE7677B4708F0", "municipio": "Campo Ere", "num_area": 0.8767, "mod_fiscal": 0.0487, "des_condic": "Aguardando analise", "ind_status": "AT", "dat_atuali": "27/03/2026"}, "geometry": {"type": "Polygon", "coordinates": [[[-53.0684612888889, -26.3980623936873], [-53.0673868527778, -26.3986884575761], [-53.0678148527778, -26.3992151603539], [-53.0688621805556, -26.398546171465], [-53.0684612888889, -26.3980623936873]]]}}, {"type": "Feature", "properties": {"cod_imovel": "SC-4203501-B1DC16E8FBDD4A98B59C95446476457D", "municipio": "Campo Ere", "num_area": 0.8867, "mod_fiscal": 0.0493, "des_condic": "Aguardando analise", "ind_status": "AT", "dat_atuali": "25/03/2026"}, "geometry": {"type": "Polygon", "coordinates": [[[-53.0681033416667, -26.3975350742428], [-53.0669882666667, -26.3981953547984], [-53.0673868527778, -26.3986884575761], [-53.0684612888889, -26.3980623936873], [-53.0681033416667, -26.3975350742428]]]}}, {"type": "Feature", "properties": {"cod_imovel": "SC-4203501-084B4669077F4809A5EFF55DA5865CA5", "municipio": "Campo Ere", "num_area": 4.8927, "mod_fiscal": 0.2718, "des_condic": "Aguardando analise", "ind_status": "AT", "dat_atuali": "25/03/2026"}, "geometry": {"type": "Polygon", "coordinates": [[[-53.05124333, -26.42658889], [-53.05022417, -26.42788333], [-53.05251222, -26.42939417], [-53.05337389, -26.42804528], [-53.05124333, -26.42658889]]]}}, {"type": "Feature", "properties": {"cod_imovel": "SC-4203501-A0234A265404468794245E6DBB54BF62", "municipio": "Campo Ere", "num_area": 26.7565, "mod_fiscal": 1.4865, "des_condic": "Aguardando analise", "ind_status": "AT", "dat_atuali": "20/03/2026"}, "geometry": {"type": "Polygon", "coordinates": [[[-53.1996427509557, -26.4681785296786], [-53.1947292387428, -26.4698291480725], [-53.196488837658, -26.4741410607187], [-53.1977414693293, -26.4740612203213], [-53.1986750705715, -26.4746655224255], [-53.1988770511123, -26.4749770305918], [-53.19926261126, -26.4748434737222], [-53.1995478770051, -26.4741665180978], [-53.2002073596372, -26.4740251274694], [-53.2009920055818, -26.4727781092647], [-53.200871988342, -26.4726422348292], [-53.2002881552028, -26.4727165779339], [-53.2000616440985, -26.4706889413105], [-53.1998744934409, -26.4702500404147], [-53.1993368923181, -26.469817802285], [-53.1993726960788, -26.4688426155872], [-53.199579927845, -26.468660993909], [-53.1996427509557, -26.4681785296786]]]}}, {"type": "Feature", "properties": {"cod_imovel": "SC-4203501-41354A091ACD4FFFB7D70A644B74A67C", "municipio": "Campo Ere", "num_area": 143.7315, "mod_fiscal": 7.9851, "des_condic": "Aguardando analise", "ind_status": "AT", "dat_atuali": "17/03/2026"}, "geometry": {"type": "Polygon", "coordinates": [[[-53.2322171330452, -26.43463862087177], [-53.23242098093033, -26.435157400883746], [-53.23343962549053, -26.435824007723173], [-53.23607342199842, -26.43162893524235], [-53.23700027337537, -26.42988387427433], [-53.23997721238881, -26.42533437257423], [-53.24218618382081, -26.4224918175754], [-53.24562597424326, -26.41888168310457], [-53.24065777799468, -26.41518110853677], [-53.22871033027737, -26.42863733631289], [-53.2291859967263, -26.42888818792524], [-53.22935242062389, -26.42926377074933], [-53.22973814845044, -26.42937482901335], [-53.22974686247543, -26.4296246095493], [-53.23000670193884, -26.42968238280994], [-53.229929944953, -26.42992047842899], [-53.23014039216487, -26.43015162742346], [-53.23038990686211, -26.43018909763247], [-53.23048976189227, -26.43043202039819], [-53.23069121356237, -26.43040797414003], [-53.2310758418331, -26.43078736694753], [-53.2312632336916, -26.4314996251336], [-53.23079144227171, -26.43210915809379], [-53.23010365008659, -26.43379922616447], [-53.23015041767589, -26.43406075446034], [-53.23026716709136, -26.434155865151855], [-53.23075257620992, -26.43388992143205], [-53.23117730301871, -26.43388833527054], [-53.23183894157409, -26.43450172020139], [-53.2322171330452, -26.43463862087177]]]}}, {"type": "Feature", "properties": {"cod_imovel": "SC-4203501-A1DB95152F944EB49764780425F5308E", "municipio": "Campo Ere", "num_area": 360.6887, "mod_fiscal": 20.0383, "des_condic": "Aguardando analise", "ind_status": "AT", "dat_atuali": "17/03/2026"}, "geometry": {"type": "Polygon", "coordinates": [[[-53.2539754194444, -26.4127643742425], [-53.2521261166667, -26.4147205214647], [-53.24519634246826, -26.419813975786425], [-53.2426821527778, -26.422517015909], [-53.24043352346356, -26.425389793728684], [-53.2657721138889, -26.4335735159088], [-53.2663303083333, -26.4334903242421], [-53.2669658, -26.4323157436866], [-53.2670296138889, -26.4305010992422], [-53.2660387138889, -26.4303095381311], [-53.2654773027778, -26.4293388797978], [-53.2645223111111, -26.4287385742422], [-53.2644484472222, -26.4285224297978], [-53.2661895944444, -26.4252559436867], [-53.2671765138889, -26.4254547353534], [-53.268457775, -26.4267095492423], [-53.2697458638889, -26.4222323631312], [-53.2689686444444, -26.4216610825757], [-53.2675801083333, -26.4198812520202], [-53.2672913388889, -26.4191268270202], [-53.2655274972222, -26.417525204798], [-53.2644767472222, -26.4169891520202], [-53.2630101222222, -26.4167094964647], [-53.2610262861111, -26.4165847353536], [-53.2594467138889, -26.4167200770202], [-53.2577680666667, -26.4163479992425], [-53.2558585888889, -26.4153627770203], [-53.2547226333333, -26.4140537492425], [-53.2539754194444, -26.4127643742425]]]}}, {"type": "Feature", "properties": {"cod_imovel": "SC-4203501-65769834DED34777BB125BBE1E8FFC1E", "municipio": "Campo Ere", "num_area": 10.5, "mod_fiscal": 0.5833, "des_condic": "Aguardando analise", "ind_status": "AT", "dat_atuali": "17/03/2026"}, "geometry": {"type": "Polygon", "coordinates": [[[-53.0239677694444, -26.3809918603543], [-53.01948641388891, -26.3816889492432], [-53.01940503611111, -26.3820694409098], [-53.01850151944441, -26.3835024075764], [-53.020342775, -26.3843745853542], [-53.0224373111111, -26.3830532575765], [-53.0239677694444, -26.3809918603543]]]}}, {"type": "Feature", "properties": {"cod_imovel": "SC-4203501-2CB5B7E5C9644586BD659B832DF05671", "municipio": "Campo Ere", "num_area": 38.6508, "mod_fiscal": 2.1473, "des_condic": "Aguardando analise", "ind_status": "AT", "dat_atuali": "13/03/2026"}, "geometry": {"type": "Polygon", "coordinates": [[[-53.047796863, -26.396071817248], [-53.05083278, -26.398838889248], [-53.04898111, -26.400658889248], [-53.0532525, -26.400908059248], [-53.05425667, -26.401770559248], [-53.05473333, -26.401745559248], [-53.0565, -26.398820829248], [-53.05485389, -26.397502779248], [-53.05571389, -26.396418329248], [-53.05514028000001, -26.396361939248], [-53.05445167, -26.397180829248], [-53.052265, -26.395430559248], [-53.05241389, -26.395203609248], [-53.05001833, -26.394211939248], [-53.049621066, -26.394095476248], [-53.047796863, -26.396071817248]]]}}, {"type": "Feature", "properties": {"cod_imovel": "SC-4203501-90CB449ADD2246F78E521F1AF74A2428", "municipio": "Campo Ere", "num_area": 5.5453, "mod_fiscal": 0.3081, "des_condic": "Aguardando analise", "ind_status": "AT", "dat_atuali": "13/03/2026"}, "geometry": {"type": "Polygon", "coordinates": [[[-53.06518416999999, -26.39528917], [-53.06324472, -26.39552194], [-53.06376889, -26.3989975], [-53.06483417, -26.39833389], [-53.06427528, -26.39763361], [-53.06406639, -26.39775333], [-53.06410139, -26.39659944], [-53.065335, -26.3968875], [-53.06682833, -26.39597444], [-53.065355, -26.39581056], [-53.06518416999999, -26.39528917]]]}}, {"type": "Feature", "properties": {"cod_imovel": "SC-4203501-CA0F37B9832146F981D3A8EBAA12A8EB", "municipio": "Campo Ere", "num_area": 513.7278, "mod_fiscal": 28.5404, "des_condic": "Aguardando analise", "ind_status": "AT", "dat_atuali": "12/03/2026"}, "geometry": {"type": "Polygon", "coordinates": [[[-53.2404335305556, -26.4253897992423], [-53.2337862805556, -26.4359977575754], [-53.234018875, -26.4364309381309], [-53.2345566138889, -26.4367068131309], [-53.2347294166667, -26.4370913686865], [-53.2353211638889, -26.4371687436865], [-53.2360997416667, -26.4378907020198], [-53.2375347833333, -26.4381797547976], [-53.2383174055556, -26.4380098103531], [-53.2383173222222, -26.4387643547976], [-53.2384982805556, -26.4390446020198], [-53.2405238833333, -26.4404241520198], [-53.2403653638889, -26.4408893825753], [-53.2387601361111, -26.4413195131309], [-53.2384032527778, -26.4416379075753], [-53.2378257611111, -26.4428458964642], [-53.2373998472222, -26.4446463020197], [-53.2382157777778, -26.4445469686863], [-53.2401493416667, -26.4433827742419], [-53.2416689138889, -26.4435422909086], [-53.24259459972381, -26.443231814624145], [-53.2426135, -26.4438094436864], [-53.2441219333333, -26.445315760353], [-53.2448383583333, -26.4449000714641], [-53.2454553222222, -26.443869185353], [-53.2459430944444, -26.4434961631308], [-53.2462015305556, -26.4434995742419], [-53.2464936888889, -26.4440274047975], [-53.2462798861111, -26.4443203659086], [-53.2465625138889, -26.4454463575752], [-53.2459246027778, -26.4464531464641], [-53.2455825916667, -26.4473899020196], [-53.2463836722222, -26.4476892603529], [-53.2473232277778, -26.4475101159085], [-53.2478182861111, -26.4470006381307], [-53.2480138583333, -26.4463966075752], [-53.2482140166667, -26.446243460353], [-53.2487402666667, -26.4462832270196], [-53.2491465722222, -26.4466191881307], [-53.2490923027778, -26.4480267159085], [-53.2498034472222, -26.4485521297974], [-53.2506102277778, -26.4483311297974], [-53.2516988111111, -26.4474936853529], [-53.2523604, -26.4459348075752], [-53.2528174166667, -26.4452952297974], [-53.2536376027778, -26.4455377464641], [-53.2539936194444, -26.4458031436863], [-53.2538940472222, -26.4467099270196], [-53.2540469472222, -26.4471129297974], [-53.2543854388889, -26.4473194325752], [-53.2546977777778, -26.4472923547974], [-53.2558046194444, -26.4462420075752], [-53.2568825388889, -26.4446857131308], [-53.2569769222222, -26.4434759492419], [-53.2571704972222, -26.443103360353], [-53.2573964305556, -26.4430636909086], [-53.2583057777778, -26.4454087159085], [-53.2583308277778, -26.4471715075752], [-53.2581722083333, -26.4473779881307], [-53.2576439888889, -26.4472900881307], [-53.2567676111111, -26.4474515325752], [-53.256935375, -26.4479750131307], [-53.2581459333333, -26.4490199770196], [-53.2587777638889, -26.4490243020196], [-53.2589947361111, -26.4488342853529], [-53.2607253138889, -26.4485656103529], [-53.2618394638889, -26.4480978409085], [-53.2628588666667, -26.4483616131307], [-53.2630112111111, -26.4480375297974], [-53.2630392444444, -26.4467895659085], [-53.2639061805556, -26.4465681825752], [-53.2633428694444, -26.4438441409086], [-53.2630324944444, -26.4434669214641], [-53.262456025, -26.4416906686864], [-53.2620142722222, -26.4414603325753], [-53.2617414527778, -26.4410789131309], [-53.2618861333333, -26.4398620603531], [-53.2615650916667, -26.4392832686864], [-53.2662736083333, -26.4385149020198], [-53.2657721138889, -26.4335735159088], [-53.2404335305556, -26.4253897992423]]]}}, {"type": "Feature", "properties": {"cod_imovel": "SC-4203501-3BD33E0B0C64416AA2C46E4BF8400E2D", "municipio": "Campo Ere", "num_area": 91.8553, "mod_fiscal": 5.1031, "des_condic": "Aguardando analise", "ind_status": "AT", "dat_atuali": "11/03/2016"}, "geometry": {"type": "Polygon", "coordinates": [[[-53.1377459277778, -26.4485326270196], [-53.1347605055556, -26.465202329797], [-53.135558, -26.465266804797], [-53.1357121722222, -26.465403879797], [-53.1359458166667, -26.4661567992415], [-53.1364389722222, -26.4665911714637], [-53.1364825388889, -26.4672406159081], [-53.136767775, -26.4676481603525], [-53.1378117027778, -26.4676914686859], [-53.1382474972222, -26.4679363909081], [-53.1388319416667, -26.4672888881303], [-53.1389172194444, -26.4667444409081], [-53.1387505555556, -26.4662444436859], [-53.1392458333333, -26.4659397242415], [-53.1396074972222, -26.4649741686859], [-53.1397708333333, -26.4649124964637], [-53.1402980583333, -26.4622833297971], [-53.140819725, -26.4618791659082], [-53.1411374972222, -26.461029168686], [-53.14093805, -26.4603166659083], [-53.1410427722222, -26.459311943686], [-53.1408983388889, -26.4591102770194], [-53.1413480527778, -26.4577249964639], [-53.1414300027778, -26.4571641603528], [-53.1412483333333, -26.4562166659083], [-53.1413769472222, -26.4559238853528], [-53.1412566694444, -26.4550372214639], [-53.1404102833333, -26.4539861131306], [-53.1402427777778, -26.4531427742417], [-53.1409786138889, -26.4522816659084], [-53.1420705583333, -26.449737496464], [-53.1377459277778, -26.4485326270196]]]}}, {"type": "Feature", "properties": {"cod_imovel": "SC-4203501-B5ECE6206D0543D0978A6B94D4AD60EE", "municipio": "Campo Ere", "num_area": 80.3255, "mod_fiscal": 4.4625, "des_condic": "Aguardando analise", "ind_status": "AT", "dat_atuali": "26/04/2015"}, "geometry": {"type": "Polygon", "coordinates": [[[-53.15646394077172, -26.43093546448243], [-53.153140670533, -26.4299124327042], [-53.1490161820606, -26.43852919154472], [-53.14945864283392, -26.43879855327459], [-53.15026381656517, -26.4386539616968], [-53.15087451784024, -26.43893729348702], [-53.15060235448243, -26.43957359859781], [-53.1512623028305, -26.44068997118117], [-53.15155061675511, -26.44074131459027], [-53.1523793086723, -26.44039663869383], [-53.15298454744902, -26.43987261109923], [-53.15415200717077, -26.44050668571386], [-53.15415436230914, -26.44099174232534], [-53.15453919141366, -26.44153308434467], [-53.15531931029695, -26.44143121718775], [-53.15635717476737, -26.44099917099763], [-53.15800205004929, -26.43736951607466], [-53.1578926130461, -26.43565037357238], [-53.15764138546964, -26.4351040532789], [-53.15793875431144, -26.43456059345462], [-53.15828782496127, -26.43450109478502], [-53.15848970078971, -26.43416168049137], [-53.15843942394888, -26.43368072461487], [-53.15974527336056, -26.43159482559838], [-53.15646394077172, -26.43093546448243]]]}}, {"type": "Feature", "properties": {"cod_imovel": "SC-4203501-800CE60AE2664E02B732BA93DED5BA25", "municipio": "Campo Ere", "num_area": 15.9105, "mod_fiscal": 0.8839, "des_condic": "Aguardando analise", "ind_status": "PE", "dat_atuali": "21/10/2015"}, "geometry": {"type": "Polygon", "coordinates": [[[-53.14284027786194, -26.35245765243225], [-53.14377142892551, -26.35310613442862], [-53.1443800947597, -26.35405023599111], [-53.14587933692623, -26.3554555382824], [-53.14694166183472, -26.356824030591046], [-53.1484386461061, -26.35655183390317], [-53.14855098724365, -26.354920534656156], [-53.14820506295619, -26.35396977572771], [-53.14765809330773, -26.35380698940632], [-53.14689874649048, -26.352978551971788], [-53.14653396606445, -26.351940250822565], [-53.14472824905873, -26.35185154405968], [-53.14284027786194, -26.35245765243225]]]}}, {"type": "Feature", "properties": {"cod_imovel": "SC-4203501-C2AA76EC1FDF48979142EE7297A585C1", "municipio": "Campo Ere", "num_area": 9.8259, "mod_fiscal": 0.5459, "des_condic": "Aguardando analise", "ind_status": "AT", "dat_atuali": "11/03/2026"}, "geometry": {"type": "Polygon", "coordinates": [[[-53.0636073986111, -26.3922122916666], [-53.0614967780555, -26.3903823219445], [-53.0589357038889, -26.3920011583333], [-53.0596987719444, -26.3929670380556], [-53.0623515494444, -26.3924594769444], [-53.0638554080556, -26.3944192225], [-53.0650665380555, -26.3942205958333], [-53.0636073986111, -26.3922122916666]]]}}, {"type": "Feature", "properties": {"cod_imovel": "SC-4203501-BDBB5F5CA9D542239D0174E34602680E", "municipio": "Campo Ere", "num_area": 46.5725, "mod_fiscal": 2.5874, "des_condic": "Aguardando analise", "ind_status": "AT", "dat_atuali": "03/03/2025"}, "geometry": {"type": "Polygon", "coordinates": [[[-53.1264072805556, -26.4511832742418], [-53.1256207944444, -26.4545910492417], [-53.1236733416667, -26.4556566297972], [-53.1237296055556, -26.4558136686861], [-53.1242898194444, -26.4559277214639], [-53.1242448333333, -26.4561088464639], [-53.1244371444444, -26.4562821020194], [-53.1247516333333, -26.4562928936861], [-53.1247586916667, -26.4566254492417], [-53.1252135583333, -26.4566911214639], [-53.1252971722222, -26.4569737381305], [-53.1256408555556, -26.4568946853528], [-53.1260835722222, -26.457094932575], [-53.126341425, -26.4570486659083], [-53.1274601694444, -26.4579267297972], [-53.1276679777778, -26.4579439214639], [-53.1276234527778, -26.4581327853527], [-53.1285348305556, -26.4585911381305], [-53.1298945611111, -26.4456287964641], [-53.1267829166667, -26.4441743381308], [-53.1264072805556, -26.4511832742418]]]}}, {"type": "Feature", "properties": {"cod_imovel": "SC-4203501-F19F6BF84FF54592BEFAB304904EA535", "municipio": "Campo Ere", "num_area": 69.9465, "mod_fiscal": 3.8859, "des_condic": "Aguardando analise", "ind_status": "AT", "dat_atuali": "02/03/2026"}, "geometry": {"type": "Polygon", "coordinates": [[[-53.1029358591667, -26.4892494875], [-53.0935134775, -26.4977499780556], [-53.0974294938889, -26.5010460866667], [-53.1074102911111, -26.4914941930556], [-53.1073366441666, -26.4911738813889], [-53.1061735666667, -26.4913679555555], [-53.1054090147222, -26.4912002627778], [-53.1046524861111, -26.4903166305556], [-53.1038257044445, -26.4901681686111], [-53.1029358591667, -26.4892494875]]]}}, {"type": "Feature", "properties": {"cod_imovel": "SC-4203501-A30B6F62B63F4E20B5ED5B2110714B90", "municipio": "Campo Ere", "num_area": 44.5726, "mod_fiscal": 2.4763, "des_condic": "Aguardando analise", "ind_status": "AT", "dat_atuali": "02/03/2026"}, "geometry": {"type": "Polygon", "coordinates": [[[-53.1173678084924, -26.494913076388], [-53.1163822229036, -26.495428345151], [-53.1159950235531, -26.4954491611718], [-53.1149461421056, -26.4950938560081], [-53.1147733154389, -26.4952088758214], [-53.1144846911774, -26.4956228218479], [-53.114740578784, -26.4965874662344], [-53.1144196931606, -26.4970474692759], [-53.1133288947948, -26.4975266411897], [-53.1033775278226, -26.5060439125306], [-53.1053950228442, -26.507752191822], [-53.1111519860688, -26.502188874042], [-53.1125666667077, -26.5012066217596], [-53.1183160619958, -26.4960271871591], [-53.1183422286337, -26.4957311233248], [-53.1181613663894, -26.4954625022551], [-53.1173678084924, -26.494913076388]]]}}, {"type": "Feature", "properties": {"cod_imovel": "SC-4203501-EA47195878DB4F10A5273DA7175B22BF", "municipio": "Campo Ere", "num_area": 12.3251, "mod_fiscal": 0.6847, "des_condic": "Aguardando analise", "ind_status": "AT", "dat_atuali": "02/03/2026"}, "geometry": {"type": "Polygon", "coordinates": [[[-53.0386285063889, -26.4077673066666], [-53.0384898841666, -26.40841725], [-53.0376270908333, -26.4103173083333], [-53.0404818513889, -26.4128731583333], [-53.0423084905556, -26.4110764769445], [-53.0386285063889, -26.4077673066666]]]}}, {"type": "Feature", "properties": {"cod_imovel": "SC-4203501-69CE3CBE65324291B1F80C0A826708CB", "municipio": "Campo Ere", "num_area": 33.2321, "mod_fiscal": 1.8462, "des_condic": "Aguardando analise", "ind_status": "AT", "dat_atuali": "02/03/2026"}, "geometry": {"type": "Polygon", "coordinates": [[[-53.0911303788889, -26.48970612], [-53.0884400813889, -26.4949933702778], [-53.08946763, -26.4958479413889], [-53.0903297147222, -26.4968814691667], [-53.0977975861111, -26.4901243369444], [-53.0966860725, -26.4901701880556], [-53.0963240438889, -26.4898363261111], [-53.0952284738889, -26.4903132641667], [-53.0945660486111, -26.4903668541667], [-53.0943480202778, -26.4902245622222], [-53.0936697675, -26.4904176452777], [-53.0915763283334, -26.4897232308334], [-53.0911303788889, -26.48970612]]]}}, {"type": "Feature", "properties": {"cod_imovel": "SC-4203501-0FE776098B7F46A6B048DF31EA0E2F5A", "municipio": "Campo Ere", "num_area": 43.9327, "mod_fiscal": 2.4407, "des_condic": "Aguardando analise", "ind_status": "AT", "dat_atuali": "02/03/2026"}, "geometry": {"type": "Polygon", "coordinates": [[[-53.1170055817053, -26.4996071092279], [-53.113871007994, -26.5026588170043], [-53.1157101387682, -26.5040610080757], [-53.1133733490095, -26.5061273825372], [-53.1144610372353, -26.5062902370662], [-53.1112423283757, -26.5100259227543], [-53.1107969765619, -26.5096617472373], [-53.1089176223488, -26.5107218894789], [-53.1114352577967, -26.5128347819877], [-53.1186686315109, -26.5059230053031], [-53.1198870112724, -26.5045931378592], [-53.1186087144209, -26.5036799788043], [-53.1176327597592, -26.5034276782177], [-53.1166252459904, -26.5025698672631], [-53.1161883819345, -26.5012558285695], [-53.117174192618, -26.5001647292006], [-53.1171801292801, -26.4997170666828], [-53.1170055817053, -26.4996071092279]]]}}, {"type": "Feature", "properties": {"cod_imovel": "SC-4203501-EC7715ED781F4BC1A63AA8DF2849D88F", "municipio": "Campo Ere", "num_area": 36.3, "mod_fiscal": 2.0167, "des_condic": "Aguardando analise", "ind_status": "AT", "dat_atuali": "02/03/2026"}, "geometry": {"type": "Polygon", "coordinates": [[[-53.1073176022504, -26.4916041146337], [-53.0974359674275, -26.5010434473498], [-53.0992783978947, -26.5025941747854], [-53.1102265287613, -26.4921357776129], [-53.1100116290705, -26.4919225328616], [-53.1097430705226, -26.4920042636621], [-53.1089949727916, -26.4926959382077], [-53.1090458527504, -26.492924327258], [-53.1088411542287, -26.4929734590293], [-53.1082098577967, -26.492730039321], [-53.1073485665811, -26.4920568078346], [-53.1073176022504, -26.4916041146337]]]}}, {"type": "Feature", "properties": {"cod_imovel": "SC-4203501-E997331512CF44C5B6E01224A202C187", "municipio": "Campo Ere", "num_area": 37.0332, "mod_fiscal": 2.0574, "des_condic": "Aguardando analise", "ind_status": "AT", "dat_atuali": "02/03/2026"}, "geometry": {"type": "Polygon", "coordinates": [[[-53.1024354868358, -26.4882460556422], [-53.1021845642074, -26.4884625752774], [-53.1007649874834, -26.4888139981299], [-53.1000471963034, -26.4893690765885], [-53.0998356190962, -26.4898358338564], [-53.0996798290617, -26.4898291008642], [-53.099684055754, -26.4900782346434], [-53.0991162315136, -26.4901435406257], [-53.0988943539642, -26.4899662931455], [-53.0978043871212, -26.4901214965699], [-53.0903365165172, -26.4968786290753], [-53.0909378818112, -26.4977053154015], [-53.0921215134355, -26.4965696014089], [-53.0935202790772, -26.4977471377964], [-53.1029426598785, -26.4892466468009], [-53.103161104286, -26.4884636189515], [-53.1029590143122, -26.4882880718711], [-53.1024354868358, -26.4882460556422]]]}}, {"type": "Feature", "properties": {"cod_imovel": "SC-4203501-4D874F5A21B54A5D8E03B749E6D9FB6E", "municipio": "Campo Ere", "num_area": 11.6753, "mod_fiscal": 0.6486, "des_condic": "Aguardando analise", "ind_status": "AT", "dat_atuali": "03/03/2026"}, "geometry": {"type": "Polygon", "coordinates": [[[-53.0910671461111, -26.4897647202778], [-53.0898848366667, -26.4900167980555], [-53.0895608661111, -26.4902998922222], [-53.0893568572222, -26.4902114502778], [-53.0858225636111, -26.4936587763889], [-53.0872133833333, -26.4942243788889], [-53.0884400813889, -26.4949933702778], [-53.0910671461111, -26.4897647202778]]]}}, {"type": "Feature", "properties": {"cod_imovel": "SC-4203501-6FC5AF54D4EF4904BA3BBD3907948ADA", "municipio": "Campo Ere", "num_area": 36.3, "mod_fiscal": 2.0167, "des_condic": "Aguardando analise", "ind_status": "AT", "dat_atuali": "03/03/2026"}, "geometry": {"type": "Polygon", "coordinates": [[[-53.1011096026222, -26.5041353858615], [-53.1033773417499, -26.5060439069046], [-53.1134288709602, -26.4974914064784], [-53.1119225180496, -26.4979042417334], [-53.1106632375064, -26.4977056498818], [-53.1097357666703, -26.4984963819996], [-53.1095095260139, -26.4990530258286], [-53.1089745296827, -26.4993494624584], [-53.1083850861948, -26.4991500559695], [-53.1082402583129, -26.498898903973], [-53.1080645625029, -26.4989678841146], [-53.1076794198316, -26.4985410616536], [-53.1080918970311, -26.497436759186], [-53.1011096026222, -26.5041353858615]]]}}, {"type": "Feature", "properties": {"cod_imovel": "SC-4203501-D6B918D9B54A47CFA5633A9E4E21FA53", "municipio": "Campo Ere", "num_area": 8.2126, "mod_fiscal": 0.4563, "des_condic": "Aguardando analise", "ind_status": "AT", "dat_atuali": "02/03/2026"}, "geometry": {"type": "Polygon", "coordinates": [[[-53.0387440677778, -26.4060509241667], [-53.0386285063889, -26.4077673066666], [-53.0423084905556, -26.4110764769445], [-53.0432756713889, -26.4101273102778], [-53.0387440677778, -26.4060509241667]]]}}, {"type": "Feature", "properties": {"cod_imovel": "SC-4203501-EEBF9D18227F4A9FB1BE25729F7E0D73", "municipio": "Campo Ere", "num_area": 36.3834, "mod_fiscal": 2.0213, "des_condic": "Aguardando analise", "ind_status": "AT", "dat_atuali": "20/02/2026"}, "geometry": {"type": "Polygon", "coordinates": [[[-53.05659000014027, -26.433143329870067], [-53.05720667014056, -26.433519169870028], [-53.059252220141545, -26.43108777987007], [-53.057064720140474, -26.429569999870136], [-53.05653250014022, -26.43019777987011], [-53.05337389013868, -26.428045279870226], [-53.052512220138276, -26.429394169870204], [-53.04927472013672, -26.427278329870287], [-53.04676778013555, -26.42912110987027], [-53.052915830138495, -26.43304471987009], [-53.05453917013926, -26.431015829870134], [-53.05713917014053, -26.432671109870046], [-53.05659000014027, -26.433143329870067]]]}}, {"type": "Feature", "properties": {"cod_imovel": "SC-4203501-7AA430A2831C4CA1B5411D5A03E04372", "municipio": "Campo Ere", "num_area": 8.9834, "mod_fiscal": 0.4991, "des_condic": "Aguardando analise", "ind_status": "AT", "dat_atuali": "27/02/2026"}, "geometry": {"type": "Polygon", "coordinates": [[[-53.0365159494444, -26.4040656580556], [-53.0350193416667, -26.4056431152778], [-53.0383051258333, -26.4085866819444], [-53.038621215, -26.4073525816667], [-53.0386573280556, -26.4059745380555], [-53.0365159494444, -26.4040656580556]]]}}, {"type": "Feature", "properties": {"cod_imovel": "SC-4203501-20F9121D4ECD4D66BC14167D93F10728", "municipio": "Campo Ere", "num_area": 7.1266, "mod_fiscal": 0.3959, "des_condic": "Aguardando analise", "ind_status": "AT", "dat_atuali": "20/02/2026"}, "geometry": {"type": "Polygon", "coordinates": [[[-53.0803672694444, -26.3999599186872], [-53.0783008083333, -26.4027968659094], [-53.0798656361111, -26.4037636909094], [-53.0819466777778, -26.4008843853539], [-53.0803672694444, -26.3999599186872]]]}}, {"type": "Feature", "properties": {"cod_imovel": "SC-4203501-051D8CDB364947C981B4274E5C31879A", "municipio": "Campo Ere", "num_area": 26.0145, "mod_fiscal": 1.4453, "des_condic": "Aguardando analise", "ind_status": "AT", "dat_atuali": "20/02/2026"}, "geometry": {"type": "Polygon", "coordinates": [[[-53.180530275, -26.4722725020191], [-53.1719233305556, -26.48157386313], [-53.1722934055556, -26.4830085714634], [-53.1728961138889, -26.4837569464633], [-53.1751911083333, -26.4808261131301], [-53.1816338888889, -26.4732355520191], [-53.180530275, -26.4722725020191]]]}}, {"type": "Feature", "properties": {"cod_imovel": "SC-4203501-E1A962DEE7694B279448A93122AF9F12", "municipio": "Campo Ere", "num_area": 57.385, "mod_fiscal": 3.1881, "des_condic": "Aguardando analise", "ind_status": "AT", "dat_atuali": "12/04/2016"}, "geometry": {"type": "Polygon", "coordinates": [[[-53.1262852888889, -26.4439918936864], [-53.1189122305556, -26.4502806047973], [-53.1192540916667, -26.4504675603529], [-53.1192873916667, -26.4507600825751], [-53.1196631083333, -26.4510085020195], [-53.1196303583333, -26.4513395853529], [-53.1198701361111, -26.4514100103529], [-53.1197555111111, -26.4517280909084], [-53.1199443027778, -26.451975496464], [-53.1198021444444, -26.4521106797973], [-53.1199911833333, -26.452337546464], [-53.1203310888889, -26.452349496464], [-53.1204179111111, -26.4529524936862], [-53.12060155, -26.4529682047973], [-53.1208082972222, -26.4532846492417], [-53.1207250583333, -26.4533991547973], [-53.12103395, -26.4535608186862], [-53.1212147305556, -26.4539921797973], [-53.1211319305556, -26.4540961742417], [-53.1222126, -26.4544211881306], [-53.1224565416667, -26.4548983159084], [-53.1229576138889, -26.4548972853528], [-53.12330805, -26.4553253381306], [-53.1232259527778, -26.4554834742417], [-53.1234971805556, -26.4554739631306], [-53.1237097694444, -26.4557583103528], [-53.128531025, -26.444914560353], [-53.1262852888889, -26.4439918936864]]]}}, {"type": "Feature", "properties": {"cod_imovel": "SC-4203501-DE3E8A69A0CB4F95B070CA4870D47B45", "municipio": "Campo Ere", "num_area": 13.4307, "mod_fiscal": 0.7462, "des_condic": "Analisado, aguardando atendimento a notificacao", "ind_status": "AT", "dat_atuali": "08/07/2015"}, "geometry": {"type": "Polygon", "coordinates": [[[-53.066818825, -26.4343937909088], [-53.06432385, -26.4370610047976], [-53.0681892861111, -26.4397079381309], [-53.0683891583333, -26.439361399242], [-53.0679627416667, -26.4389759159087], [-53.0682603555556, -26.438463324242], [-53.0682285305556, -26.4374432103532], [-53.0690750333333, -26.4364994520198], [-53.066818825, -26.4343937909088]]]}}, {"type": "Feature", "properties": {"cod_imovel": "SC-4203501-658359252F51452BA9841B1A7639D554", "municipio": "Campo Ere", "num_area": 22.1772, "mod_fiscal": 1.2321, "des_condic": "Aguardando analise", "ind_status": "AT", "dat_atuali": "26/01/2026"}, "geometry": {"type": "Polygon", "coordinates": [[[-53.0098629377778, -26.3748261902778], [-53.0082294383333, -26.3771869461111], [-53.0095156997222, -26.3786461772222], [-53.0099923697222, -26.3779619013889], [-53.0133280091667, -26.3796623555555], [-53.0132081852778, -26.3792073263889], [-53.0134385347222, -26.3784890466667], [-53.0133613066666, -26.3778956816666], [-53.013851685, -26.3771828594444], [-53.0141066361111, -26.3763986138889], [-53.0143970066666, -26.3763508416667], [-53.014854485, -26.3753423366667], [-53.0153597616666, -26.3750502722222], [-53.0154268144445, -26.3748408966667], [-53.0098629377778, -26.3748261902778]]]}}, {"type": "Feature", "properties": {"cod_imovel": "SC-4203501-CBB7B77C389242CBA356C63FA9931D88", "municipio": "Campo Ere", "num_area": 19.4295, "mod_fiscal": 1.0794, "des_condic": "Em analise", "ind_status": "AT", "dat_atuali": "04/09/2025"}, "geometry": {"type": "Polygon", "coordinates": [[[-53.1702424898863, -26.4357612040776], [-53.1686778279508, -26.4355880267842], [-53.166911554587, -26.4364216032403], [-53.1675100544825, -26.4404488576864], [-53.1705806871508, -26.440994393459], [-53.1704599358034, -26.4403610223847], [-53.1709231350368, -26.438260549928], [-53.1710047872535, -26.4368245457848], [-53.1707526098506, -26.4362714213975], [-53.1702424898863, -26.4357612040776]]]}}, {"type": "Feature", "properties": {"cod_imovel": "SC-4203501-7BBCA198EEFF407E9F278FC9A88C66C2", "municipio": "Campo Ere", "num_area": 23.2198, "mod_fiscal": 1.29, "des_condic": "Analisado, aguardando atendimento a notificacao", "ind_status": "AT", "dat_atuali": "18/04/2016"}, "geometry": {"type": "Polygon", "coordinates": [[[-53.22574633991726, -26.42540936734424], [-53.22535840685572, -26.42459814812979], [-53.22549295551086, -26.42426060303769], [-53.22508454739088, -26.42374663360297], [-53.2250536052487, -26.42348221510309], [-53.22433694226279, -26.42272935359843], [-53.22401317324048, -26.42213188995906], [-53.22359379674393, -26.42184899738725], [-53.22344797389571, -26.42108549450787], [-53.22268236754219, -26.42079290364665], [-53.22210373917379, -26.42026891319468], [-53.21741647072244, -26.42248727340398], [-53.22030542954454, -26.42391418622679], [-53.22099834069581, -26.42464337165888], [-53.22169215103311, -26.42484640453291], [-53.22330811033, -26.4247551354479], [-53.22574633991726, -26.42540936734424]]]}}, {"type": "Feature", "properties": {"cod_imovel": "SC-4203501-5DA84D141C064671B747A6A68C2F708E", "municipio": "Campo Ere", "num_area": 91.686, "mod_fiscal": 5.0937, "des_condic": "Aguardando analise", "ind_status": "AT", "dat_atuali": "20/01/2026"}, "geometry": {"type": "Polygon", "coordinates": [[[-53.19875194022491, -26.394320559868873], [-53.200703060226324, -26.39421832986885], [-53.203275280228205, -26.394456669868788], [-53.20425611022893, -26.39512082986875], [-53.20518583022962, -26.396199719868708], [-53.206168610230364, -26.396986669868674], [-53.20722056023114, -26.397208609868652], [-53.2087766702323, -26.39712582986862], [-53.205976670230115, -26.387336389868928], [-53.20647194023047, -26.386348609868932], [-53.20333917022817, -26.38586638986901], [-53.20398028022858, -26.380186109869136], [-53.20283750022775, -26.381065279869134], [-53.20147056022675, -26.381605279869138], [-53.19875194022491, -26.394320559868873]]]}}, {"type": "Feature", "properties": {"cod_imovel": "SC-4203501-62BA853BC7254EE3B5DDF85D1DF82B34", "municipio": "Campo Ere", "num_area": 13.8859, "mod_fiscal": 0.7714, "des_condic": "Analisado, aguardando atendimento a notificacao", "ind_status": "AT", "dat_atuali": "25/06/2021"}, "geometry": {"type": "Polygon", "coordinates": [[[-53.1643483419552, -26.4295837294727], [-53.1634312622498, -26.4304089998051], [-53.16298778, -26.43017917], [-53.15993861, -26.43164722], [-53.15852806, -26.4336425], [-53.15833528, -26.43448444], [-53.15782722, -26.43460278], [-53.1594039051548, -26.4348815376271], [-53.1647710349708, -26.4305629012207], [-53.1648916619046, -26.4299208118272], [-53.1643483419552, -26.4295837294727]]]}}, {"type": "Feature", "properties": {"cod_imovel": "SC-4203501-4E6FBD4C4DDB45F697070623AE2C477D", "municipio": "Campo Ere", "num_area": 49.1499, "mod_fiscal": 2.7306, "des_condic": "Analisado, aguardando atendimento a notificacao", "ind_status": "AT", "dat_atuali": "09/03/2016"}, "geometry": {"type": "Polygon", "coordinates": [[[-53.1646062055556, -26.4432679464641], [-53.1646787027778, -26.4441639547975], [-53.1672833972222, -26.4443140297975], [-53.1687902083333, -26.444930410353], [-53.1698055583333, -26.4448705964641], [-53.1704128555556, -26.4443591714641], [-53.1705138555556, -26.4437221714641], [-53.1698349833333, -26.4428121575753], [-53.1689920222222, -26.4424004131308], [-53.1688424777778, -26.4421365992419], [-53.1691395944444, -26.4417531464642], [-53.1708094833333, -26.4417415103531], [-53.170964525, -26.4413177159086], [-53.170874925, -26.4410466631309], [-53.1675044583333, -26.4404439131309], [-53.1623035833333, -26.439950424242], [-53.1605735972222, -26.4401806881309], [-53.1597358972222, -26.4400063547975], [-53.1593047611111, -26.4401307353531], [-53.1590758361111, -26.4399387047975], [-53.1589369027778, -26.4392027770198], [-53.1585772416667, -26.4387447020198], [-53.1580961388889, -26.4376215270198], [-53.1553705722222, -26.4394150547976], [-53.1544917666667, -26.4392535797976], [-53.1548376888889, -26.4414807547975], [-53.1561665611111, -26.4411638520197], [-53.15746655, -26.440160824242], [-53.1576591027778, -26.4402427659086], [-53.1573385666667, -26.4416520159086], [-53.1574372861111, -26.4424921631308], [-53.1576794305556, -26.4426747270197], [-53.1597245, -26.4429098381308], [-53.1604917083333, -26.4427144825753], [-53.1616131583333, -26.4421540992419], [-53.1624571861111, -26.4411825575753], [-53.1630636888889, -26.4408991464642], [-53.1632960111111, -26.4411378186864], [-53.1639610333333, -26.441176049242], [-53.16399835, -26.4416705714642], [-53.1653409416667, -26.4420534492419], [-53.1657896194444, -26.4426111742419], [-53.1656929638889, -26.4430309047975], [-53.1654597111111, -26.4432467436864], [-53.1646062055556, -26.4432679464641]]]}}, {"type": "Feature", "properties": {"cod_imovel": "SC-4203501-286FE51CBD5C4B08A7CBBC8E5809C646", "municipio": "Campo Ere", "num_area": 29.0628, "mod_fiscal": 1.6146, "des_condic": "Analisado, aguardando atendimento a notificacao", "ind_status": "AT", "dat_atuali": "04/04/2025"}, "geometry": {"type": "Polygon", "coordinates": [[[-53.15782722, -26.43460278], [-53.15761889, -26.4350825], [-53.15790111, -26.43550278], [-53.15802972, -26.43746556], [-53.15565361, -26.43830056], [-53.15537056, -26.439415], [-53.1580579305884, -26.4376466831098], [-53.1588766898402, -26.4390978755423], [-53.1589090217466, -26.4395199568891], [-53.1592406535057, -26.4400891420414], [-53.1607077000056, -26.4401592022274], [-53.1623029768745, -26.4399502267348], [-53.16751005424, -26.4404488584047], [-53.166911554345, -26.4364216039585], [-53.1663538395018, -26.4370801598021], [-53.1662902655153, -26.4380708479073], [-53.1659671378138, -26.4387134808153], [-53.1656439323118, -26.4389018664004], [-53.1645088990727, -26.4388776398309], [-53.1634751800243, -26.4386311088468], [-53.1630160404641, -26.4382514124322], [-53.1619713927294, -26.4382889747971], [-53.1608249379629, -26.4380016202483], [-53.1604999227028, -26.437298130816], [-53.1605819323513, -26.4365137558211], [-53.1604134886354, -26.436340758545], [-53.1605065634704, -26.4359775224541], [-53.1610495175288, -26.4353214676895], [-53.15782722, -26.43460278]]]}}, {"type": "Feature", "properties": {"cod_imovel": "SC-4203501-42DB0BFAC25C4B6096C05CE856482A75", "municipio": "Campo Ere", "num_area": 40.0029, "mod_fiscal": 2.2224, "des_condic": "Analisado, aguardando atendimento a notificacao", "ind_status": "AT", "dat_atuali": "26/04/2016"}, "geometry": {"type": "Polygon", "coordinates": [[[-53.1095272111111, -26.4422803242419], [-53.1027609916667, -26.4450983881308], [-53.10368995, -26.4464053631307], [-53.1052756888889, -26.4492284325751], [-53.1128270888889, -26.4453048297974], [-53.1127481555556, -26.4445556936863], [-53.1122915777778, -26.444282085353], [-53.1122142444444, -26.4440342131308], [-53.1117208222222, -26.4436760325752], [-53.1112384388889, -26.4436116797975], [-53.1109212805556, -26.4431545909086], [-53.110435325, -26.4429894270197], [-53.1095272111111, -26.4422803242419]]]}}, {"type": "Feature", "properties": {"cod_imovel": "SC-4203501-2605DEC039B743379D584056A3FE82DF", "municipio": "Campo Ere", "num_area": 49.4593, "mod_fiscal": 2.7477, "des_condic": "Aguardando analise", "ind_status": "AT", "dat_atuali": "23/12/2025"}, "geometry": {"type": "Polygon", "coordinates": [[[-53.19074479134773, -26.37198456634525], [-53.19307480640277, -26.37526385009859], [-53.19326806678575, -26.37523671017388], [-53.1988831992159, -26.37101293255176], [-53.2019844023635, -26.36928433372464], [-53.20159216407989, -26.36856003752937], [-53.2010605588191, -26.36677134834412], [-53.19972239610975, -26.36593911219912], [-53.19933955680185, -26.36591164912107], [-53.19776233122011, -26.36790529788052], [-53.1969396378591, -26.36829618187459], [-53.19627250004244, -26.36853737366035], [-53.19316091135621, -26.36853349655617], [-53.19226308061391, -26.36908983931776], [-53.19304662922742, -26.37181023419784], [-53.19074479134773, -26.37198456634525]]]}}, {"type": "Feature", "properties": {"cod_imovel": "SC-4203501-6C2DDAC5049F40838EF8364F555D0F6B", "municipio": "Campo Ere", "num_area": 11.5635, "mod_fiscal": 0.6424, "des_condic": "Aguardando analise", "ind_status": "AT", "dat_atuali": "13/12/2025"}, "geometry": {"type": "Polygon", "coordinates": [[[-53.0388813333333, -26.4185653353535], [-53.0394464611111, -26.4189022603535], [-53.0390329583333, -26.4196569242424], [-53.0414276, -26.4212005742424], [-53.0431173305556, -26.4195560714646], [-53.0389389055556, -26.4162553992425], [-53.0386414583333, -26.4173624409091], [-53.0388813333333, -26.4185653353535]]]}}, {"type": "Feature", "properties": {"cod_imovel": "SC-4203501-A450FB4B3D574086A63D8740A8696ABA", "municipio": "Campo Ere", "num_area": 4.2284, "mod_fiscal": 0.2349, "des_condic": "Aguardando analise", "ind_status": "AT", "dat_atuali": "13/12/2025"}, "geometry": {"type": "Polygon", "coordinates": [[[-53.037420575, -26.4173595353536], [-53.0390329583333, -26.4196569242424], [-53.0394464611111, -26.4189022603535], [-53.0388813333333, -26.4185653353535], [-53.0386414583333, -26.4173624409091], [-53.0389389055556, -26.4162553992425], [-53.037848225, -26.4155096270203], [-53.0374160305556, -26.4159388936869], [-53.037420575, -26.4173595353536]]]}}, {"type": "Feature", "properties": {"cod_imovel": "SC-4203501-92114CA50EDA4651BDF8332C380D407E", "municipio": "Campo Ere", "num_area": 38.8235, "mod_fiscal": 2.1569, "des_condic": "Aguardando analise", "ind_status": "AT", "dat_atuali": "12/12/2025"}, "geometry": {"type": "Polygon", "coordinates": [[[-53.14163833000001, -26.48336306], [-53.13878194, -26.48405722], [-53.13924611, -26.48515833], [-53.14049306, -26.48618861], [-53.14003778, -26.48765861], [-53.13771056, -26.48808028], [-53.13754917, -26.48922111], [-53.13630417, -26.49075833], [-53.13696056, -26.49122806], [-53.13762472, -26.49091139], [-53.13802416999999, -26.49040583], [-53.13824528, -26.49043556], [-53.13847167, -26.49087417], [-53.13941417, -26.49092694], [-53.14112, -26.4902175], [-53.14158528, -26.48912389], [-53.14258611, -26.48841889], [-53.1447875, -26.48978139], [-53.14641833, -26.4870725], [-53.14670194, -26.48636306], [-53.14641861, -26.485975], [-53.14414028, -26.48616333], [-53.14322222, -26.48651111], [-53.14287056, -26.48578472], [-53.14300694, -26.48539889], [-53.14365778, -26.48478278], [-53.14303667, -26.48456083], [-53.14210167, -26.48471833], [-53.14131861, -26.48464778], [-53.14103944, -26.48435194], [-53.14119972, -26.48413083], [-53.14159139, -26.48392806], [-53.14186278, -26.48397444], [-53.14214694, -26.4837225], [-53.14205639, -26.48348361], [-53.14163833000001, -26.48336306]]]}}, {"type": "Feature", "properties": {"cod_imovel": "SC-4203501-CE4CF68098BE43118E3EC59A98AC2E9F", "municipio": "Campo Ere", "num_area": 23.8139, "mod_fiscal": 1.323, "des_condic": "Aguardando analise", "ind_status": "AT", "dat_atuali": "12/12/2025"}, "geometry": {"type": "Polygon", "coordinates": [[[-53.14641833, -26.4870725], [-53.1447875, -26.48978139], [-53.14258611, -26.48841889], [-53.14158528, -26.48912389], [-53.14112, -26.4902175], [-53.13941417, -26.49092694], [-53.13847167, -26.49087417], [-53.13824528, -26.49043556], [-53.13802416999999, -26.49040583], [-53.13762472, -26.49091139], [-53.13696056, -26.49122806], [-53.13827111, -26.49335306], [-53.13867861, -26.49379389], [-53.13960444, -26.49428028], [-53.14096528, -26.49349639], [-53.14012194, -26.49158972], [-53.14152472, -26.4911275], [-53.14247639, -26.49204194], [-53.14605694, -26.49063778], [-53.14567139, -26.48950472], [-53.14605278, -26.48907611], [-53.14636139, -26.48835722], [-53.14641833, -26.4870725]]]}}, {"type": "Feature", "properties": {"cod_imovel": "SC-4203501-31C687286ED84A6C9F1C964FF83DF9C5", "municipio": "Campo Ere", "num_area": 31.3192, "mod_fiscal": 1.74, "des_condic": "Aguardando analise", "ind_status": "AT", "dat_atuali": "12/12/2025"}, "geometry": {"type": "Polygon", "coordinates": [[[-53.14605694, -26.49063778], [-53.14247639, -26.49204194], [-53.14152472, -26.4911275], [-53.14012194, -26.49158972], [-53.14096528, -26.49349639], [-53.13960444, -26.49428028], [-53.14044528, -26.49460722], [-53.14144583, -26.4953325], [-53.1425125, -26.49706889], [-53.14436194000001, -26.49497917], [-53.14557806, -26.49415139], [-53.14576528, -26.49380361], [-53.14689333, -26.49348333], [-53.14786389, -26.49298944], [-53.14951167, -26.49093306], [-53.14809778, -26.49111889], [-53.14776944, -26.49083361], [-53.14705083, -26.49115806], [-53.14644667, -26.49096806], [-53.14605694, -26.49063778]]]}}, {"type": "Feature", "properties": {"cod_imovel": "SC-4203501-BBC663EFFF5B4C6E87319E844ACB792F", "municipio": "Campo Ere", "num_area": 1.314, "mod_fiscal": 0.073, "des_condic": "Aguardando analise", "ind_status": "AT", "dat_atuali": "12/12/2025"}, "geometry": {"type": "Polygon", "coordinates": [[[-53.0553493194444, -26.3968778770206], [-53.0548537833333, -26.3975027492428], [-53.0556768583333, -26.3981617770206], [-53.0566132805556, -26.3971433631317], [-53.0553493194444, -26.3968778770206]]]}}, {"type": "Feature", "properties": {"cod_imovel": "SC-4203501-8F077A2DC97E482D9BA9CEC6307FB9A3", "municipio": "Campo Ere", "num_area": 1.1797, "mod_fiscal": 0.0655, "des_condic": "Aguardando analise", "ind_status": "AT", "dat_atuali": "12/12/2025"}, "geometry": {"type": "Polygon", "coordinates": [[[-53.0557137638889, -26.3964182964651], [-53.0553493305556, -26.3968778575762], [-53.0569382138889, -26.3972219992428], [-53.0570581472222, -26.396181185354], [-53.0557137638889, -26.3964182964651]]]}}, {"type": "Feature", "properties": {"cod_imovel": "SC-4203501-E2CA4C19942140C7A00981F588D4578A", "municipio": "Campo Ere", "num_area": 1.2881, "mod_fiscal": 0.0716, "des_condic": "Aguardando analise", "ind_status": "AT", "dat_atuali": "12/12/2025"}, "geometry": {"type": "Polygon", "coordinates": [[[-53.0566132805556, -26.3971433631317], [-53.0556768472222, -26.3981617770206], [-53.0564531222222, -26.3987833186873], [-53.0567941055556, -26.3984075103539], [-53.0569174166667, -26.3975594381317], [-53.0569382138889, -26.3972219992428], [-53.0566132805556, -26.3971433631317]]]}}, {"type": "Feature", "properties": {"cod_imovel": "SC-4203501-5444E9A54D10494DBFE6544EE2A8980E", "municipio": "Campo Ere", "num_area": 48.4048, "mod_fiscal": 2.6892, "des_condic": "Aguardando analise", "ind_status": "AT", "dat_atuali": "12/12/2025"}, "geometry": {"type": "Polygon", "coordinates": [[[-53.1064132083333, -26.4754136214635], [-53.1052375833333, -26.4837499797967], [-53.1055532527778, -26.4837911464633], [-53.1066373444444, -26.4831768159078], [-53.1070373305556, -26.4824153103523], [-53.1074664416667, -26.4821314742411], [-53.1076086388889, -26.4817031242412], [-53.1078170694444, -26.4815605742412], [-53.1083999444444, -26.4799078353523], [-53.1090785777778, -26.4792967881301], [-53.1094832611111, -26.4785349353523], [-53.1098298611111, -26.4775933659079], [-53.1096930222222, -26.4766534909079], [-53.1098280861111, -26.476304102019], [-53.1103259638889, -26.4758378936857], [-53.1103364361111, -26.475383065908], [-53.1108282305556, -26.4744389436857], [-53.1106746805556, -26.4721546797969], [-53.1108646472222, -26.4707386964636], [-53.1109642027778, -26.4705483020192], [-53.1136216138889, -26.468946354797], [-53.1129786722222, -26.4673426353526], [-53.1110705027778, -26.4679994131303], [-53.1105038333333, -26.4684731659081], [-53.1095431777778, -26.4697815575747], [-53.108328675, -26.4729832103524], [-53.107348825, -26.4742590992413], [-53.1066787638889, -26.4746327575746], [-53.1064132083333, -26.4754136214635]]]}}, {"type": "Feature", "properties": {"cod_imovel": "SC-4203501-B48E0BFD411B4C1A8A945FDF95BCBE26", "municipio": "Campo Ere", "num_area": 48.3149, "mod_fiscal": 2.6842, "des_condic": "Aguardando analise", "ind_status": "AT", "dat_atuali": "12/12/2025"}, "geometry": {"type": "Polygon", "coordinates": [[[-53.13396333, -26.46512306], [-53.12904306, -26.47063611], [-53.12973194, -26.47154917], [-53.13143056, -26.47261333], [-53.13305167, -26.47229194], [-53.13446694, -26.47259694], [-53.13530583, -26.47181167], [-53.13565389, -26.47169028], [-53.13644556, -26.47196083], [-53.13717694, -26.47200778], [-53.13743861, -26.47253667], [-53.13796278, -26.47255306], [-53.13824361, -26.47223556], [-53.13856889, -26.47214167], [-53.13813806, -26.47172806], [-53.137545, -26.47184917], [-53.13726028, -26.47148972], [-53.13762472, -26.47126444], [-53.137665, -26.47101944], [-53.13797972, -26.47087806], [-53.1382275, -26.47096333], [-53.13878222, -26.47054806], [-53.13816861, -26.47006056], [-53.13816194, -26.46989444], [-53.1379125, -26.46999306], [-53.13758972, -26.4698075], [-53.13739, -26.46944472], [-53.13744972, -26.46909472], [-53.13768333, -26.46892528], [-53.13752389, -26.46861056], [-53.138195, -26.46801806], [-53.13809139, -26.4678475], [-53.136705, -26.46769361], [-53.1365325, -26.46752806], [-53.13634111, -26.46663278], [-53.13592889, -26.46627], [-53.13557917, -26.46535806], [-53.134895, -26.46527028], [-53.13473, -26.46541222], [-53.13396333, -26.46512306]]]}}, {"type": "Feature", "properties": {"cod_imovel": "SC-4203501-806557CBB808448390D771363E82CF6D", "municipio": "Campo Ere", "num_area": 9.588, "mod_fiscal": 0.5327, "des_condic": "Aguardando analise", "ind_status": "AT", "dat_atuali": "28/11/2025"}, "geometry": {"type": "Polygon", "coordinates": [[[-53.0489743294445, -26.4006616913889], [-53.0475745736111, -26.4020583597222], [-53.05460293, -26.4024789858333], [-53.0546973680555, -26.4021578444444], [-53.0532456561111, -26.4009109252778], [-53.0489743294445, -26.4006616913889]]]}}, {"type": "Feature", "properties": {"cod_imovel": "SC-4203501-06B8E90DF96345ABAF36C97CF4AC4F7D", "municipio": "Campo Ere", "num_area": 9.2467, "mod_fiscal": 0.5137, "des_condic": "Aguardando analise", "ind_status": "AT", "dat_atuali": "25/11/2025"}, "geometry": {"type": "Polygon", "coordinates": [[[-53.0383052244444, -26.4085865902778], [-53.0350193433333, -26.4056432052778], [-53.0337417397222, -26.4069884563889], [-53.0375555066667, -26.4102536127778], [-53.0383052244444, -26.4085865902778]]]}}, {"type": "Feature", "properties": {"cod_imovel": "SC-4203501-247573FF017146EB81B8A4F20501428A", "municipio": "Campo Ere", "num_area": 39.5932, "mod_fiscal": 2.1996, "des_condic": "Aguardando analise", "ind_status": "AT", "dat_atuali": "25/11/2025"}, "geometry": {"type": "Polygon", "coordinates": [[[-53.0404817494445, -26.4128730694444], [-53.0337417397222, -26.4069884563889], [-53.0323957988889, -26.4084052511111], [-53.0329219863889, -26.4088319169444], [-53.0308841830556, -26.4101736897222], [-53.0348051833333, -26.4133728586111], [-53.0378117525, -26.4154967886111], [-53.0404817494445, -26.4128730694444]]]}}, {"type": "Feature", "properties": {"cod_imovel": "SC-4203501-FC99DC4BB54C48DCB6A393BD2DEA6DDD", "municipio": "Campo Ere", "num_area": 23.5162, "mod_fiscal": 1.3065, "des_condic": "Aguardando analise", "ind_status": "AT", "dat_atuali": "25/11/2025"}, "geometry": {"type": "Polygon", "coordinates": [[[-53.0562418563889, -26.3995453275], [-53.0561215638889, -26.3995214233333], [-53.0547264963889, -26.4017483755556], [-53.0542498602778, -26.4017733644444], [-53.0577359680555, -26.4046275752778], [-53.0603926538889, -26.4019317672222], [-53.0598973705555, -26.40155007], [-53.0607793286111, -26.4009728005556], [-53.0577743558333, -26.3985489508333], [-53.0568637405556, -26.3984764841667], [-53.0562418563889, -26.3995453275]]]}}, {"type": "Feature", "properties": {"cod_imovel": "SC-4203501-24EE7C73A3774F1FA0AEF7BDCD0DF6E7", "municipio": "Campo Ere", "num_area": 34.2367, "mod_fiscal": 1.902, "des_condic": "Aguardando analise", "ind_status": "AT", "dat_atuali": "25/11/2025"}, "geometry": {"type": "Polygon", "coordinates": [[[-53.0277076919444, -26.4032981538889], [-53.0271787697222, -26.4038019872222], [-53.0273126936111, -26.4039233827778], [-53.0258548386111, -26.4053053302778], [-53.0297745413889, -26.4092781005556], [-53.0280745463889, -26.4106520452778], [-53.0281693488889, -26.4110519922222], [-53.027969885, -26.4112872383333], [-53.0278892983333, -26.4117745166667], [-53.0300212591666, -26.4134136936111], [-53.0322482208333, -26.4113369719445], [-53.0308842833333, -26.4101736883333], [-53.0329220880556, -26.4088320055556], [-53.03144796, -26.4076367161111], [-53.0321956925, -26.4068873225], [-53.0277076919444, -26.4032981538889]]]}}, {"type": "Feature", "properties": {"cod_imovel": "SC-4203501-52E4D34D6843484F8D8B84812F3DA40E", "municipio": "Campo Ere", "num_area": 21.9544, "mod_fiscal": 1.2197, "des_condic": "Aguardando analise", "ind_status": "AT", "dat_atuali": "25/11/2025"}, "geometry": {"type": "Polygon", "coordinates": [[[-53.029060745, -26.4019267022222], [-53.0277076919444, -26.4032981538889], [-53.0321956925, -26.4068873225], [-53.03144796, -26.4076367161111], [-53.0323957002778, -26.4084053427778], [-53.0365159494444, -26.4040656580556], [-53.0363032063889, -26.4038797758333], [-53.0352029127778, -26.4038239530555], [-53.0320812286111, -26.4043533944445], [-53.029060745, -26.4019267022222]]]}}, {"type": "Feature", "properties": {"cod_imovel": "SC-4203501-F4ECB97C719043D49D2FCEF791151954", "municipio": "Campo Ere", "num_area": 15.1404, "mod_fiscal": 0.8411, "des_condic": "Aguardando analise", "ind_status": "AT", "dat_atuali": "14/11/2025"}, "geometry": {"type": "Polygon", "coordinates": [[[-53.15837860107422, -26.379605867626314], [-53.160245418548584, -26.37897149751071], [-53.16058874130249, -26.379067614418805], [-53.16142559051514, -26.37856780562348], [-53.16159725189209, -26.378183335848004], [-53.161296844482415, -26.377395168808416], [-53.16196203231811, -26.37651087743685], [-53.16194057464599, -26.375299771750374], [-53.1583571434021, -26.375645803241866], [-53.157520294189446, -26.377260603166732], [-53.15837860107422, -26.379605867626314]]]}}, {"type": "Feature", "properties": {"cod_imovel": "SC-4203501-BCC47BB85C564BA4AE974CF9A50BF0E6", "municipio": "Campo Ere", "num_area": 17.4672, "mod_fiscal": 0.9704, "des_condic": "Aguardando analise", "ind_status": "AT", "dat_atuali": "10/11/2025"}, "geometry": {"type": "Polygon", "coordinates": [[[-53.21920807, -26.47426466], [-53.21184777, -26.47789352], [-53.21193011, -26.47843177], [-53.21242446, -26.47893563], [-53.21362804, -26.47919778], [-53.21428895, -26.47914183], [-53.21993012, -26.47577804], [-53.21920807, -26.47426466]]]}}, {"type": "Feature", "properties": {"cod_imovel": "SC-4203501-5C38BB55E1724E29A8C2AD918A3BD701", "municipio": "Campo Ere", "num_area": 5.1013, "mod_fiscal": 0.2834, "des_condic": "Aguardando analise", "ind_status": "AT", "dat_atuali": "10/11/2025"}, "geometry": {"type": "Polygon", "coordinates": [[[-53.21085517, -26.47953125], [-53.21101175, -26.48104233], [-53.21413188, -26.47923411], [-53.21324302, -26.47923409], [-53.21222791, -26.47893991], [-53.21183985, -26.47847251], [-53.21175342, -26.47794408], [-53.21008544, -26.47877838], [-53.21085517, -26.47953125]]]}}, {"type": "Feature", "properties": {"cod_imovel": "SC-4203501-28B6B5C571624869BA1B1C24AA5814EB", "municipio": "Campo Ere", "num_area": 215.5227, "mod_fiscal": 11.9735, "des_condic": "Aguardando analise", "ind_status": "AT", "dat_atuali": "10/11/2025"}, "geometry": {"type": "Polygon", "coordinates": [[[-53.220112323760986, -26.47620086475393], [-53.212151527404785, -26.48027271556155], [-53.21030351482305, -26.4815056415786], [-53.20943594579125, -26.48241701767979], [-53.20911599911242, -26.48314416837953], [-53.20983873016378, -26.48459498224896], [-53.20993352680468, -26.48517672983364], [-53.20962747283331, -26.48555513250485], [-53.20757335472147, -26.48644335019836], [-53.20772382129873, -26.48707614690371], [-53.20851068916114, -26.4878567415393], [-53.20988914649163, -26.48868658422036], [-53.21176816441607, -26.48939841350485], [-53.21283902144717, -26.49000056695751], [-53.21301068238067, -26.49048553050357], [-53.21255620288349, -26.49118444124226], [-53.21234525381993, -26.49226273029998], [-53.21288352681521, -26.49322421126902], [-53.21355998149923, -26.49381766492272], [-53.21458065354902, -26.49426119172473], [-53.21543122872058, -26.4942821651702], [-53.21648490907064, -26.49323016802023], [-53.22052521971138, -26.48620862803498], [-53.22756799361792, -26.47739102759844], [-53.22281125777908, -26.4719455953618], [-53.21901798248291, -26.474030432557917], [-53.220112323760986, -26.47620086475393]]]}}, {"type": "Feature", "properties": {"cod_imovel": "SC-4203501-897A950205FC4C7799E179A529216D48", "municipio": "Campo Ere", "num_area": 28.5515, "mod_fiscal": 1.5862, "des_condic": "Aguardando analise", "ind_status": "AT", "dat_atuali": "30/10/2025"}, "geometry": {"type": "Polygon", "coordinates": [[[-53.22229805981011, -26.400629439931585], [-53.219639580784225, -26.40031273297264], [-53.21987330907821, -26.400551082596607], [-53.219837766274075, -26.400739479165985], [-53.220355808259825, -26.401200522757872], [-53.22040861008009, -26.40159717229259], [-53.21988205731295, -26.402198253807168], [-53.21978264554112, -26.40257818334035], [-53.22002474305128, -26.4034080595589], [-53.21969028630494, -26.403960757898346], [-53.219834386673256, -26.405161551590666], [-53.22070163936699, -26.405802472649828], [-53.220939889727404, -26.40733724797226], [-53.22125866851773, -26.40777155826493], [-53.221221020295616, -26.40862569874899], [-53.22138620475299, -26.409292876863258], [-53.22159730141468, -26.40917694071379], [-53.221694971250386, -26.409487787685865], [-53.22457876482157, -26.406183364584926], [-53.22229805981011, -26.400629439931585]]]}}, {"type": "Feature", "properties": {"cod_imovel": "SC-4203501-E9DD8B902A734475BADE9EBEC30C7049", "municipio": "Campo Ere", "num_area": 23.0617, "mod_fiscal": 1.2812, "des_condic": "Aguardando analise", "ind_status": "AT", "dat_atuali": "01/10/2025"}, "geometry": {"type": "Polygon", "coordinates": [[[-53.0513232155555, -26.41113916153669], [-53.0492192560822, -26.41327744844262], [-53.05442266770135, -26.41767676163335], [-53.05499888366047, -26.41742127405571], [-53.05571026571226, -26.41766678431558], [-53.05587198308055, -26.41752577913686], [-53.05619002531156, -26.41615958412923], [-53.05644892772051, -26.41573284978306], [-53.0513232155555, -26.41113916153669]]]}}, {"type": "Feature", "properties": {"cod_imovel": "SC-4203501-65C51E9183364AB0BDF591E6A92BCCF6", "municipio": "Campo Ere", "num_area": 7.0844, "mod_fiscal": 0.3936, "des_condic": "Aguardando analise", "ind_status": "AT", "dat_atuali": "01/10/2025"}, "geometry": {"type": "Polygon", "coordinates": [[[-53.05925526527678, -26.41372725809565], [-53.06000647667253, -26.41240102611013], [-53.05666166605397, -26.40975335588085], [-53.05574759695153, -26.41068912677755], [-53.05925526527678, -26.41372725809565]]]}}, {"type": "Feature", "properties": {"cod_imovel": "SC-4203501-FE7C262B8CB241F990C52884A497B03B", "municipio": "Campo Ere", "num_area": 47.904, "mod_fiscal": 2.6613, "des_condic": "Aguardando analise", "ind_status": "AT", "dat_atuali": "27/09/2025"}, "geometry": {"type": "Polygon", "coordinates": [[[-53.129032829526, -26.4705680729719], [-53.1338741457845, -26.4651480992061], [-53.1338792100961, -26.4649624425816], [-53.1328975815947, -26.4639286795369], [-53.1322361818876, -26.4639484156791], [-53.1316767442101, -26.463447275756], [-53.1318623496273, -26.4629493024678], [-53.1315989636331, -26.4625564661756], [-53.1316232767668, -26.4621608699191], [-53.1314122550038, -26.4620921428101], [-53.1315467005427, -26.461809684197], [-53.1314222867456, -26.4615042288961], [-53.1306215906004, -26.4607657873403], [-53.1300386070806, -26.4608243073137], [-53.1301018197045, -26.4612197929418], [-53.1244973236962, -26.4690538109641], [-53.1249951576046, -26.469431208568], [-53.1264886401283, -26.4699120896428], [-53.1265242239836, -26.4700775637572], [-53.1284973971349, -26.4701887256009], [-53.129032829526, -26.4705680729719]]]}}, {"type": "Feature", "properties": {"cod_imovel": "SC-4203501-4DFFF114B8A94B24AFE786072EB081AC", "municipio": "Campo Ere", "num_area": 46.8111, "mod_fiscal": 2.6006, "des_condic": "Aguardando analise", "ind_status": "AT", "dat_atuali": "27/09/2025"}, "geometry": {"type": "Polygon", "coordinates": [[[-53.1234971542649, -26.4554740997997], [-53.1170591023693, -26.4642509162788], [-53.1187452631433, -26.4654248094131], [-53.1190405721084, -26.4649251802408], [-53.1200873322392, -26.4649494003351], [-53.1204682068065, -26.4654414144182], [-53.1207787234892, -26.4653769785613], [-53.1210896432372, -26.4655271818998], [-53.1216893481424, -26.4662762579708], [-53.1216123372505, -26.4667042931225], [-53.1217735098252, -26.4666341064357], [-53.1220117323915, -26.4668162371778], [-53.1237360008956, -26.4600234564702], [-53.1277073668025, -26.4580354466482], [-53.1263413982241, -26.4570487969903], [-53.1260835500954, -26.4570950612923], [-53.1256408349642, -26.4568948192967], [-53.1252971487281, -26.4569738660729], [-53.1252135361575, -26.4566912524895], [-53.1247586655694, -26.456625579356], [-53.1247516130753, -26.4562930226492], [-53.1244371238685, -26.456282233335], [-53.1242448135794, -26.4561089817081], [-53.1242897928286, -26.4559278555142], [-53.1237295794713, -26.4558138021927], [-53.1234971542649, -26.4554740997997]]]}}, {"type": "Feature", "properties": {"cod_imovel": "SC-4203501-AC2E489F0E7F4473895503369E652D1F", "municipio": "Campo Ere", "num_area": 47.4393, "mod_fiscal": 2.6355, "des_condic": "Aguardando analise", "ind_status": "AT", "dat_atuali": "27/09/2025"}, "geometry": {"type": "Polygon", "coordinates": [[[-53.1204179061363, -26.4529526309102], [-53.1147143562041, -26.4591953463734], [-53.1170591023693, -26.4642509162788], [-53.1234971542649, -26.4554740997997], [-53.1232259333783, -26.4554836044675], [-53.12330802194, -26.4553254716877], [-53.1229575895407, -26.4548974208762], [-53.1224565196257, -26.454898444868], [-53.1222125725022, -26.4544213189346], [-53.12175339492, -26.4543264118634], [-53.1216790615234, -26.4541765415839], [-53.1212518419729, -26.4542074857462], [-53.1210339234521, -26.4535609515013], [-53.1207250340243, -26.4533992871784], [-53.120808268295, -26.453284781674], [-53.1206015208358, -26.4529683376442], [-53.1204179061363, -26.4529526309102]]]}}, {"type": "Feature", "properties": {"cod_imovel": "SC-4203501-7067EC4C73CD4F68891F018D865B52AF", "municipio": "Campo Ere", "num_area": 47.4393, "mod_fiscal": 2.6355, "des_condic": "Aguardando analise", "ind_status": "AT", "dat_atuali": "27/09/2025"}, "geometry": {"type": "Polygon", "coordinates": [[[-53.1113379733568, -26.4628904981628], [-53.1141671773163, -26.4698884355367], [-53.1154055944148, -26.4710748113077], [-53.1187452631433, -26.4654248094132], [-53.1170591023693, -26.4642509162788], [-53.1147143562042, -26.4591953463734], [-53.1113379733568, -26.4628904981628]]]}}, {"type": "Feature", "properties": {"cod_imovel": "SC-4203501-1B4D2CEB534B4EC4B7841890A10629CA", "municipio": "Campo Ere", "num_area": 1.3357, "mod_fiscal": 0.0742, "des_condic": "Aguardando analise", "ind_status": "AT", "dat_atuali": "25/09/2025"}, "geometry": {"type": "Polygon", "coordinates": [[[-53.15634528128675, -26.40714667899258], [-53.155943155288696, -26.407341735410952], [-53.15662682363661, -26.40823059596062], [-53.15687656402588, -26.407999972863347], [-53.15749189729018, -26.40826740630817], [-53.15789573323048, -26.40799164011455], [-53.15836248548904, -26.40705436490153], [-53.15800005073154, -26.40694718332822], [-53.15778455630149, -26.40754819100496], [-53.15760514960975, -26.40746226679236], [-53.15692484378814, -26.407827005721327], [-53.15634528128675, -26.40714667899258]]]}}, {"type": "Feature", "properties": {"cod_imovel": "SC-4203501-AE55A425262E4E12835B397A569F0E85", "municipio": "Campo Ere", "num_area": 11.6597, "mod_fiscal": 0.6478, "des_condic": "Aguardando analise", "ind_status": "AT", "dat_atuali": "25/09/2025"}, "geometry": {"type": "Polygon", "coordinates": [[[-52.9981514638889, -26.4141234131314], [-52.9987151194444, -26.4174818325758], [-53.0039092277778, -26.4153929992425], [-53.00395375, -26.414968154798], [-52.9981514638889, -26.4141234131314]]]}}, {"type": "Feature", "properties": {"cod_imovel": "SC-4203501-B2C6C88237A64CCC9E67912BC410CFE0", "municipio": "Campo Ere", "num_area": 12.1799, "mod_fiscal": 0.6767, "des_condic": "Aguardando analise", "ind_status": "AT", "dat_atuali": "12/09/2025"}, "geometry": {"type": "Polygon", "coordinates": [[[-53.1526040666667, -26.4953772270187], [-53.1444025361111, -26.5003163992408], [-53.144664375, -26.5007843186852], [-53.1558667916667, -26.4954603436853], [-53.1547792, -26.4955079936853], [-53.1535385277778, -26.4959356659075], [-53.1532944194444, -26.4959115075742], [-53.1526040666667, -26.4953772270187]]]}}, {"type": "Feature", "properties": {"cod_imovel": "SC-4203501-C14145E2124642ADB7D4481771F39E10", "municipio": "Campo Ere", "num_area": 18.6325, "mod_fiscal": 1.0351, "des_condic": "Aguardando analise", "ind_status": "AT", "dat_atuali": "08/09/2025"}, "geometry": {"type": "Polygon", "coordinates": [[[-53.1390179472222, -26.4015708686872], [-53.13754835, -26.4051368881316], [-53.1379338388889, -26.4051465131316], [-53.1383665583333, -26.4055119409093], [-53.1382643805556, -26.4062230909093], [-53.1395107222222, -26.4070110770204], [-53.1402918972222, -26.4068269353538], [-53.1422673388889, -26.404258182576], [-53.1409484611111, -26.4027987686872], [-53.1395482, -26.3997835103539], [-53.138850825, -26.4012611659094], [-53.1390179472222, -26.4015708686872]]]}}, {"type": "Feature", "properties": {"cod_imovel": "SC-4203501-80293DEFC80B48B29D3599745CBF9BDE", "municipio": "Campo Ere", "num_area": 35.8121, "mod_fiscal": 1.9896, "des_condic": "Aguardando analise", "ind_status": "AT", "dat_atuali": "06/09/2025"}, "geometry": {"type": "Polygon", "coordinates": [[[-53.1371499583333, -26.4340413547977], [-53.1365932833333, -26.4339388270199], [-53.1362027222222, -26.4335874659088], [-53.1359436222222, -26.4329698603532], [-53.1360104777778, -26.4327491520199], [-53.1374874388889, -26.4313326103533], [-53.1379021388889, -26.4304732159088], [-53.1387477722222, -26.4294036409089], [-53.1396608638889, -26.4285910186867], [-53.1404844472222, -26.4273864825756], [-53.1401330027778, -26.4258786492423], [-53.1395322861111, -26.4249203436867], [-53.1393414694444, -26.4239385797979], [-53.1338625416667, -26.4286747159089], [-53.1338276638889, -26.4297690575755], [-53.1344026861111, -26.4298038631311], [-53.1346250166667, -26.4301130159089], [-53.1346160111111, -26.4312589936866], [-53.1348972972222, -26.4314551742422], [-53.1349080583333, -26.4317556992422], [-53.134606725, -26.4330431242421], [-53.1339307555556, -26.4332585770199], [-53.1345279305556, -26.4336823853532], [-53.1346658888889, -26.4335797075754], [-53.1353304444444, -26.4338586325754], [-53.1358972527778, -26.4346201436865], [-53.1364442, -26.4347942020199], [-53.1365334694444, -26.4346646047976], [-53.1369196305556, -26.4346754297976], [-53.1371499583333, -26.4340413547977]]]}}, {"type": "Feature", "properties": {"cod_imovel": "SC-4203501-A4C8E90801424566937D1000A11D2301", "municipio": "Campo Ere", "num_area": 9.5615, "mod_fiscal": 0.5312, "des_condic": "Aguardando analise", "ind_status": "AT", "dat_atuali": "08/09/2025"}, "geometry": {"type": "Polygon", "coordinates": [[[-53.13754835, -26.4051368881316], [-53.1372581333333, -26.4086909381315], [-53.1411164111111, -26.4088493770204], [-53.1411464444444, -26.4084967242426], [-53.1410106777778, -26.4084063270204], [-53.1411860083333, -26.4082667936871], [-53.1407287972222, -26.4068934853538], [-53.1405385111111, -26.4067721881315], [-53.1395107222222, -26.4070110770204], [-53.1382643805556, -26.4062230909093], [-53.1383665583333, -26.4055119409093], [-53.1379338388889, -26.4051465131316], [-53.13754835, -26.4051368881316]]]}}, {"type": "Feature", "properties": {"cod_imovel": "SC-4203501-3A5E76BA156044B5BD322D3361281442", "municipio": "Campo Ere", "num_area": 28.8593, "mod_fiscal": 1.6033, "des_condic": "Aguardando analise", "ind_status": "AT", "dat_atuali": "06/09/2025"}, "geometry": {"type": "Polygon", "coordinates": [[[-53.1506056638889, -26.4291461575755], [-53.1486723111111, -26.4324803909088], [-53.145175325, -26.4385136547976], [-53.1459084722222, -26.4382918909087], [-53.1466718388889, -26.4375378547976], [-53.1479233527778, -26.4368316409087], [-53.1484217111111, -26.4368742214643], [-53.1488103416667, -26.4371707575754], [-53.1490254416667, -26.4383163270198], [-53.1531099833333, -26.4299271492422], [-53.1506056638889, -26.4291461575755]]]}}, {"type": "Feature", "properties": {"cod_imovel": "SC-4203501-9C9AE553BCEB48E0A0ABA2B30A4EB1E2", "municipio": "Campo Ere", "num_area": 5.6729, "mod_fiscal": 0.3152, "des_condic": "Aguardando analise", "ind_status": "AT", "dat_atuali": "06/09/2025"}, "geometry": {"type": "Polygon", "coordinates": [[[-53.1408617694444, -26.4023672659094], [-53.1423574972222, -26.404143532576], [-53.1434570055556, -26.4027128242427], [-53.1397655416667, -26.3999215520206], [-53.1408617694444, -26.4023672659094]]]}}, {"type": "Feature", "properties": {"cod_imovel": "SC-4203501-35183F70FCD94DC4BD9D8C020A5A89C5", "municipio": "Campo Ere", "num_area": 117.0723, "mod_fiscal": 6.504, "des_condic": "Aguardando analise", "ind_status": "AT", "dat_atuali": "25/08/2025"}, "geometry": {"type": "Polygon", "coordinates": [[[-53.1663322967874, -26.4287409310308], [-53.169143000592, -26.4289131919187], [-53.1692188031146, -26.4301828159228], [-53.1725808630253, -26.4302247943834], [-53.1747511422014, -26.4267880462364], [-53.1740924245051, -26.4259858748543], [-53.173572170244, -26.4248481066087], [-53.1710214569904, -26.4242567216444], [-53.1725894869757, -26.4231261128619], [-53.1701356507072, -26.4163629357221], [-53.1675433056895, -26.4151906033245], [-53.1663131500639, -26.4151377678055], [-53.164600813826, -26.4166974841274], [-53.1653942698628, -26.4183012877363], [-53.1661401808817, -26.4187115638625], [-53.1663068298547, -26.4191059760297], [-53.1645647550273, -26.419800968359], [-53.1638877574463, -26.41959749632], [-53.1632797237899, -26.4202853205496], [-53.1632668704275, -26.4216372519864], [-53.1624915010283, -26.4227697610948], [-53.161971133315, -26.4230159040043], [-53.161061655425, -26.4237956452626], [-53.1637769426006, -26.4241845361432], [-53.1656910880898, -26.4230651861486], [-53.1654721745203, -26.4245998437603], [-53.1658621267024, -26.4252117240998], [-53.1652899675628, -26.4267363907141], [-53.1653373236621, -26.4279989590425], [-53.1663322967874, -26.4287409310308]]]}}, {"type": "Feature", "properties": {"cod_imovel": "SC-4203501-B9784AE37CBB466281D87868D5DBA824", "municipio": "Campo Ere", "num_area": 12.1305, "mod_fiscal": 0.6739, "des_condic": "Aguardando analise", "ind_status": "AT", "dat_atuali": "04/09/2025"}, "geometry": {"type": "Polygon", "coordinates": [[[-53.18597470914217, -26.4589059879121], [-53.18496465682983, -26.456550238376256], [-53.18075895309448, -26.457549178129888], [-53.18175662976503, -26.45822755183171], [-53.18212886849945, -26.46030936784041], [-53.18597470914217, -26.4589059879121]]]}}, {"type": "Feature", "properties": {"cod_imovel": "SC-4203501-EEE78690F6BF4BBF9A96ADA223C1C515", "municipio": "Campo Ere", "num_area": 9.7841, "mod_fiscal": 0.5436, "des_condic": "Aguardando analise", "ind_status": "AT", "dat_atuali": "04/09/2025"}, "geometry": {"type": "Polygon", "coordinates": [[[-53.1808973533785, -26.45569978125879], [-53.18055682789271, -26.45679048168329], [-53.18080779596237, -26.45752511933621], [-53.18496822584298, -26.45653893307668], [-53.18398180992263, -26.45388208857165], [-53.18231349363026, -26.45515060995702], [-53.1808973533785, -26.45569978125879]]]}}, {"type": "Feature", "properties": {"cod_imovel": "SC-4203501-46832AAE582748E291B4155F03FAB967", "municipio": "Campo Ere", "num_area": 12.1324, "mod_fiscal": 0.674, "des_condic": "Aguardando analise", "ind_status": "AT", "dat_atuali": "18/08/2025"}, "geometry": {"type": "Polygon", "coordinates": [[[-53.0633930944444, -26.418414729798], [-53.0598565277778, -26.4210886242424], [-53.062513675, -26.4229067575757], [-53.0640681555556, -26.4211073103535], [-53.0638308583333, -26.4209411853535], [-53.0649791583333, -26.4195160520202], [-53.0633930944444, -26.418414729798]]]}}, {"type": "Feature", "properties": {"cod_imovel": "SC-4203501-91166EDEEA994693B19A054812047048", "municipio": "Campo Ere", "num_area": 35.0079, "mod_fiscal": 1.9449, "des_condic": "Aguardando analise", "ind_status": "AT", "dat_atuali": "01/09/2025"}, "geometry": {"type": "Polygon", "coordinates": [[[-53.00462922876759, -26.39619353310135], [-53.00605567443232, -26.40662773613669], [-53.00814920548996, -26.40644467528095], [-53.00770875134225, -26.40114244965424], [-53.0101362608884, -26.40079405405236], [-53.00997019656156, -26.39905476582188], [-53.00765232265461, -26.39925153462088], [-53.00749327917195, -26.39483934009432], [-53.00462922876759, -26.39619353310135]]]}}, {"type": "Feature", "properties": {"cod_imovel": "SC-4203501-8E18F5F882A94661AFA8B562DA9087B2", "municipio": "Campo Ere", "num_area": 162.9966, "mod_fiscal": 9.0554, "des_condic": "Aguardando analise", "ind_status": "AT", "dat_atuali": "23/08/2025"}, "geometry": {"type": "Polygon", "coordinates": [[[-53.24060928625801, -26.415255495188], [-53.24568253397454, -26.41898860912494], [-53.25139553263808, -26.41486797019746], [-53.25287488554629, -26.41359433947989], [-53.25531258874569, -26.41061630912787], [-53.25771689414978, -26.405986811462835], [-53.24999213218689, -26.402248676376804], [-53.24263487214006, -26.40945074283924], [-53.2444480582072, -26.41103924691505], [-53.24060928625801, -26.415255495188]]]}}, {"type": "Feature", "properties": {"cod_imovel": "SC-4203501-825FA72714C34D64A361C5E8B7CAA9ED", "municipio": "Campo Ere", "num_area": 55.8648, "mod_fiscal": 3.1036, "des_condic": "Aguardando analise", "ind_status": "AT", "dat_atuali": "14/08/2025"}, "geometry": {"type": "Polygon", "coordinates": [[[-53.167073071841, -26.4147061178734], [-53.1658985812323, -26.4150572246306], [-53.1653649567262, -26.4154821920397], [-53.164596620289, -26.4155980711022], [-53.1643783127931, -26.4160491274288], [-53.1637097663129, -26.4162864173439], [-53.1638358354569, -26.4164997655134], [-53.1633427358822, -26.4168519091645], [-53.1627405068054, -26.4168350280784], [-53.1627963759614, -26.4175461083092], [-53.1630624736749, -26.4180494012091], [-53.1630666488857, -26.4189283238646], [-53.1621725355294, -26.419659191224], [-53.1616239237844, -26.4212224787774], [-53.1617755424615, -26.4219777798617], [-53.1614221999532, -26.422246665704], [-53.1608244228856, -26.4221636443914], [-53.159839680652, -26.4223528086587], [-53.1590510827137, -26.4229280900107], [-53.1584916491791, -26.4230847368662], [-53.1576241841173, -26.4242163563579], [-53.1577263996771, -26.4247152736593], [-53.1585850361746, -26.4253210921397], [-53.1591274539316, -26.426079699442], [-53.1596891279358, -26.4262522631976], [-53.1603030979234, -26.4258316956523], [-53.1619030728993, -26.4259064215213], [-53.1634091480831, -26.4257302904497], [-53.1635869023927, -26.4261878054592], [-53.1632194511196, -26.427843573885], [-53.1630172304105, -26.4281911345818], [-53.1624780551906, -26.4285049847476], [-53.1626396819281, -26.4295322482727], [-53.1628541830156, -26.4298905600258], [-53.1634177524646, -26.4302438581417], [-53.1641439230631, -26.429513086951], [-53.1647680830203, -26.4295627500457], [-53.165055251212, -26.429877176994], [-53.1650330513284, -26.4302716526331], [-53.1646328051604, -26.4313091388324], [-53.1692189032983, -26.4301828144018], [-53.1691430973957, -26.4289130099412], [-53.1663321948486, -26.4287408423217], [-53.1653372217248, -26.4279988703326], [-53.1652899675287, -26.4267363907143], [-53.1658622251958, -26.4252116323529], [-53.1654722730135, -26.4245997520136], [-53.165691089742, -26.4230652763773], [-53.1637769408816, -26.4241844459147], [-53.1610616537086, -26.423795555034], [-53.1619711315978, -26.4230158137757], [-53.1624914007822, -26.4227697626111], [-53.1632669706049, -26.4216372504699], [-53.163279723756, -26.4202853205497], [-53.1638877574124, -26.4195974963201], [-53.1645647516227, -26.4198007879018], [-53.1663069334027, -26.4191061549683], [-53.1661402827426, -26.4187116525726], [-53.1653941713062, -26.418301379483], [-53.164600813792, -26.4166974841276], [-53.1663130498243, -26.415137769324], [-53.1675433039679, -26.4151905130961], [-53.167073071841, -26.4147061178734]]]}}, {"type": "Feature", "properties": {"cod_imovel": "SC-4203501-08F0B4DEDE2B45029C45E734FFAE801C", "municipio": "Campo Ere", "num_area": 4.84, "mod_fiscal": 0.2689, "des_condic": "Aguardando analise", "ind_status": "AT", "dat_atuali": "18/08/2025"}, "geometry": {"type": "Polygon", "coordinates": [[[-53.0622103972222, -26.4175935270202], [-53.0593106694444, -26.4207138131313], [-53.0598565277778, -26.4210886242424], [-53.0633930944444, -26.418414729798], [-53.0622103972222, -26.4175935270202]]]}}, {"type": "Feature", "properties": {"cod_imovel": "SC-4203501-ECC18C96C5994B209EF0238141631CBD", "municipio": "Campo Ere", "num_area": 4.83, "mod_fiscal": 0.2683, "des_condic": "Aguardando analise", "ind_status": "AT", "dat_atuali": "11/08/2025"}, "geometry": {"type": "Polygon", "coordinates": [[[-53.03982496261597, -26.42290780506637], [-53.041391372680664, -26.42371487731385], [-53.04317235946655, -26.42229288908615], [-53.04152991148209, -26.42108802515116], [-53.03982496261597, -26.42290780506637]]]}}, {"type": "Feature", "properties": {"cod_imovel": "SC-4203501-EE3A28F8285B4C8AB5FB7BCA7A0B3300", "municipio": "Campo Ere", "num_area": 5.6977, "mod_fiscal": 0.3165, "des_condic": "Aguardando analise", "ind_status": "AT", "dat_atuali": "25/07/2025"}, "geometry": {"type": "Polygon", "coordinates": [[[-53.2126612805556, -26.4128024075759], [-53.213125825, -26.4131886353536], [-53.2212116527778, -26.4086289436871], [-53.220962225, -26.4081441659093], [-53.2126612805556, -26.4128024075759]]]}}, {"type": "Feature", "properties": {"cod_imovel": "SC-4203501-2C54DF25E81E4DEAB495B696B9FFED82", "municipio": "Campo Ere", "num_area": 17.9931, "mod_fiscal": 0.9996, "des_condic": "Aguardando analise", "ind_status": "AT", "dat_atuali": "23/07/2025"}, "geometry": {"type": "Polygon", "coordinates": [[[-53.1654050861111, -26.3935751436874], [-53.1591029555556, -26.3944989714651], [-53.1600945194444, -26.3950368020207], [-53.1609787, -26.3961095881318], [-53.1620861055556, -26.3967876575762], [-53.1620626333333, -26.3970931381317], [-53.1610923194444, -26.3970210742428], [-53.1606731944444, -26.3972346325762], [-53.1606175388889, -26.3974673992428], [-53.1610373527778, -26.3978551159095], [-53.1615171111111, -26.3974064047984], [-53.1618117361111, -26.3973990547984], [-53.1617643972222, -26.398068846465], [-53.1623864472222, -26.3983783936873], [-53.1636833777778, -26.3977127825762], [-53.16439065, -26.3961270270206], [-53.1651064805556, -26.3967040631317], [-53.1654050861111, -26.3935751436874]]]}}, {"type": "Feature", "properties": {"cod_imovel": "SC-4203501-BFE638566B15474B9ED68370237C417B", "municipio": "Campo Ere", "num_area": 14.516, "mod_fiscal": 0.8064, "des_condic": "Aguardando analise", "ind_status": "AT", "dat_atuali": "23/07/2025"}, "geometry": {"type": "Polygon", "coordinates": [[[-53.159179175, -26.3861368825764], [-53.1628104305556, -26.3828560020209], [-53.1613850555556, -26.3822149436876], [-53.1606620583333, -26.3822530020209], [-53.1601399638889, -26.3825898020209], [-53.158429625, -26.3821871714654], [-53.1570459666667, -26.3826935992431], [-53.15726995, -26.3836582409098], [-53.1577027138889, -26.3843175797987], [-53.1577084, -26.3853182464653], [-53.1581559472222, -26.3856166853542], [-53.1592040222222, -26.3857901992431], [-53.159179175, -26.3861368825764]]]}}, {"type": "Feature", "properties": {"cod_imovel": "SC-4203501-F28222C6C8934C9BA8857C875EDB8CE6", "municipio": "Campo Ere", "num_area": 17.2161, "mod_fiscal": 0.9564, "des_condic": "Aguardando analise", "ind_status": "AT", "dat_atuali": "23/07/2025"}, "geometry": {"type": "Polygon", "coordinates": [[[-53.1628104305556, -26.3828560020209], [-53.1590133138889, -26.3862712825764], [-53.1581797861111, -26.3871595020208], [-53.1581787055556, -26.3875275409097], [-53.1575116361111, -26.3879060853541], [-53.1574800472222, -26.388064299243], [-53.1590160027778, -26.3875366936875], [-53.1600026611111, -26.3874193159097], [-53.1608113305556, -26.3869657686875], [-53.1616230333333, -26.3872952575764], [-53.1619812666667, -26.3872249325764], [-53.1653366583333, -26.3839752547987], [-53.164818375, -26.3836253103542], [-53.1628104305556, -26.3828560020209]]]}}, {"type": "Feature", "properties": {"cod_imovel": "SC-4203501-0FC61D3F72634AE89071FB4CB25F51ED", "municipio": "Campo Ere", "num_area": 125.0604, "mod_fiscal": 6.9478, "des_condic": "Aguardando analise", "ind_status": "AT", "dat_atuali": "16/07/2025"}, "geometry": {"type": "Polygon", "coordinates": [[[-53.1066019194444, -26.4832179797967], [-53.1057213972222, -26.4837530936856], [-53.1048388694444, -26.4838931936856], [-53.1045589472222, -26.4841682797967], [-53.1035414361111, -26.4844924686855], [-53.1033952111111, -26.48541258813], [-53.1034993972222, -26.4860036075744], [-53.1036745861111, -26.4861396297966], [-53.1044663527778, -26.4857862659077], [-53.1049196222222, -26.4857739214633], [-53.1051079361111, -26.4860984020188], [-53.1051501138889, -26.4869112159077], [-53.1049480972222, -26.4874267575744], [-53.1043852555556, -26.4879553547966], [-53.1037317527778, -26.4885441964632], [-53.1030412527778, -26.488878999241], [-53.1030377166667, -26.4892974047966], [-53.1038950333333, -26.4900976325743], [-53.1046985777778, -26.4902517103521], [-53.1056915638889, -26.4912275936854], [-53.1073944166667, -26.4911072075743], [-53.1075207194444, -26.4912524047965], [-53.1074151666667, -26.4919395325743], [-53.1082256638889, -26.4926391797965], [-53.1087379944444, -26.4928759825743], [-53.1089812472222, -26.4929098797965], [-53.1089697722222, -26.4926280909076], [-53.1097081833333, -26.4919046270187], [-53.1101015111111, -26.4918391881298], [-53.1102467805556, -26.4919689103521], [-53.110811825, -26.4932616714632], [-53.1109444, -26.4940571159076], [-53.1100001638889, -26.4949555409076], [-53.1092902444444, -26.496418985352], [-53.1082303666667, -26.4973561520186], [-53.1078053055556, -26.4982367520186], [-53.1078129055556, -26.4985086242408], [-53.10858105, -26.4991460020186], [-53.1091012472222, -26.499226996463], [-53.1097304194444, -26.4983299409075], [-53.1105305777778, -26.4976399464631], [-53.1120240222222, -26.4978052047964], [-53.1130921916667, -26.4975520520186], [-53.1142646972222, -26.496991460352], [-53.1147548861111, -26.4834231770189], [-53.1113185083333, -26.4834427659078], [-53.110567825, -26.4837716492411], [-53.1084122166667, -26.4835867103522], [-53.1075501166667, -26.4838061214633], [-53.1066019194444, -26.4832179797967]]]}}, {"type": "Feature", "properties": {"cod_imovel": "SC-4203501-2FC2FED11A35477693205DAF2E7964E6", "municipio": "Campo Ere", "num_area": 14.4079, "mod_fiscal": 0.8004, "des_condic": "Aguardando analise", "ind_status": "AT", "dat_atuali": "18/06/2025"}, "geometry": {"type": "Polygon", "coordinates": [[[-53.2221810522656, -26.49128186283707], [-53.23003837088366, -26.4834969230873], [-53.22809119578725, -26.48366676290194], [-53.22195127479765, -26.48947745289713], [-53.22222096513479, -26.49061007313745], [-53.2221810522656, -26.49128186283707]]]}}, {"type": "Feature", "properties": {"cod_imovel": "SC-4203501-C6E90C7A45734AD5879AA998560D1865", "municipio": "Campo Ere", "num_area": 18.9774, "mod_fiscal": 1.0543, "des_condic": "Aguardando analise", "ind_status": "AT", "dat_atuali": "18/06/2025"}, "geometry": {"type": "Polygon", "coordinates": [[[-53.22198655421369, -26.48948772859094], [-53.22804359519242, -26.48364603325087], [-53.22603073835661, -26.48375249740824], [-53.22618640536534, -26.48254099412244], [-53.22559261712028, -26.48229303956212], [-53.22066922660827, -26.48795182398947], [-53.22122066729663, -26.48802122893036], [-53.22193635364895, -26.48917276712367], [-53.22198655421369, -26.48948772859094]]]}}, {"type": "Feature", "properties": {"cod_imovel": "SC-4203501-08F76120EB7F4A13ADCB4FF4B6CD5E0C", "municipio": "Campo Ere", "num_area": 16.4564, "mod_fiscal": 0.9142, "des_condic": "Aguardando analise", "ind_status": "AT", "dat_atuali": "18/06/2025"}, "geometry": {"type": "Polygon", "coordinates": [[[-53.22141881220688, -26.49302349180764], [-53.22148691473208, -26.49389203183153], [-53.22491810840709, -26.49003011082355], [-53.23053198381594, -26.48483631723074], [-53.23035657674735, -26.48343354725693], [-53.23002364651013, -26.48345876861854], [-53.22209076379487, -26.49135267136226], [-53.22141881220688, -26.49302349180764]]]}}, {"type": "Feature", "properties": {"cod_imovel": "SC-4203501-0CCC3388DA3644269DD4E86DD5036DE8", "municipio": "Campo Ere", "num_area": 25.6559, "mod_fiscal": 1.4253, "des_condic": "Aguardando analise", "ind_status": "AT", "dat_atuali": "18/06/2025"}, "geometry": {"type": "Polygon", "coordinates": [[[-53.22487619624812, -26.49005431602263], [-53.22889304216927, -26.49252933366565], [-53.23133949724309, -26.48911397497347], [-53.23089364650046, -26.48842125683805], [-53.23071325318903, -26.48723414076294], [-53.23087980355918, -26.48644505505007], [-53.23047113815253, -26.48543847194462], [-53.23054464464781, -26.48489182994582], [-53.22487619624812, -26.49005431602263]]]}}, {"type": "Feature", "properties": {"cod_imovel": "SC-4203501-ADD02F44A6F94172B5D812EF7FC5EA76", "municipio": "Campo Ere", "num_area": 24.2, "mod_fiscal": 1.3444, "des_condic": "Aguardando analise", "ind_status": "AT", "dat_atuali": "11/06/2025"}, "geometry": {"type": "Polygon", "coordinates": [[[-53.0684019555556, -26.4155244770203], [-53.0651307916667, -26.4130462992425], [-53.0615975138889, -26.4171665659091], [-53.0649791583333, -26.4195160520202], [-53.0684019555556, -26.4155244770203]]]}}, {"type": "Feature", "properties": {"cod_imovel": "SC-4203501-0BD45F595E03464F9EF59CE9D1BC9488", "municipio": "Campo Ere", "num_area": 1.9727, "mod_fiscal": 0.1096, "des_condic": "Aguardando analise", "ind_status": "AT", "dat_atuali": "29/05/2025"}, "geometry": {"type": "Polygon", "coordinates": [[[-53.07886038780206, -26.40611408759035], [-53.07713955860566, -26.40542270382762], [-53.07664117807025, -26.40606576882649], [-53.07813490015251, -26.40705227002756], [-53.07886038780206, -26.40611408759035]]]}}, {"type": "Feature", "properties": {"cod_imovel": "SC-4203501-37F4E5E838EA43A88A2E73B7B082E6AB", "municipio": "Campo Ere", "num_area": 8.2149, "mod_fiscal": 0.4564, "des_condic": "Aguardando analise", "ind_status": "AT", "dat_atuali": "29/05/2025"}, "geometry": {"type": "Polygon", "coordinates": [[[-53.22421849828734, -26.49041041308181], [-53.222692608833306, -26.487494134137624], [-53.221464157104485, -26.488435189860365], [-53.221957683563225, -26.489563486312964], [-53.22210252285004, -26.490787795469142], [-53.22140450634888, -26.49284146373058], [-53.2242381372964, -26.49080489642537], [-53.22421849828734, -26.49041041308181]]]}}, {"type": "Feature", "properties": {"cod_imovel": "SC-4203501-2572C41069F34F78B5EDB81E76400334", "municipio": "Campo Ere", "num_area": 16.4029, "mod_fiscal": 0.9113, "des_condic": "Aguardando analise", "ind_status": "AT", "dat_atuali": "07/05/2025"}, "geometry": {"type": "Polygon", "coordinates": [[[-53.1378007, -26.3575979464659], [-53.1416808444444, -26.3623439325769], [-53.1442118194444, -26.3600978659102], [-53.14009936388889, -26.3569889853548], [-53.13864256666669, -26.3576590047992], [-53.1378007, -26.3575979464659]]]}}, {"type": "Feature", "properties": {"cod_imovel": "SC-4203501-EB589EFBAE70422D8A47F9BB8DF46F3A", "municipio": "Campo Ere", "num_area": 13.0289, "mod_fiscal": 0.7238, "des_condic": "Aguardando analise", "ind_status": "AT", "dat_atuali": "07/05/2025"}, "geometry": {"type": "Polygon", "coordinates": [[[-53.1406970666667, -26.3562189881325], [-53.1450963, -26.3569201964659], [-53.14531280000001, -26.3564736270214], [-53.1452349694444, -26.3555511631326], [-53.1449066666667, -26.3547817881326], [-53.1441234444444, -26.3539674436881], [-53.1436886638889, -26.35312395202151], [-53.14302272222221, -26.3525703825771], [-53.1428349055556, -26.3526182936882], [-53.142541, -26.3531326270215], [-53.1418694277778, -26.3537509047993], [-53.1416886055556, -26.3544210047993], [-53.1409566888889, -26.3554568686881], [-53.1406970666667, -26.3562189881325]]]}}, {"type": "Feature", "properties": {"cod_imovel": "SC-4203501-E4C8C6A29E64452AB268067B3A73E804", "municipio": "Campo Ere", "num_area": 13.6325, "mod_fiscal": 0.7574, "des_condic": "Aguardando analise", "ind_status": "AT", "dat_atuali": "07/05/2025"}, "geometry": {"type": "Polygon", "coordinates": [[[-53.14009936388889, -26.3569889853548], [-53.1442118194444, -26.3600978659102], [-53.14634085, -26.3582083992436], [-53.1450963, -26.3569201964659], [-53.1406970666667, -26.3562189881325], [-53.14009936388889, -26.3569889853548]]]}}, {"type": "Feature", "properties": {"cod_imovel": "SC-4203501-F253B0BAE4C545D09FD1A8A544A56F7B", "municipio": "Campo Ere", "num_area": 4.5849, "mod_fiscal": 0.2547, "des_condic": "Aguardando analise", "ind_status": "AT", "dat_atuali": "07/05/2025"}, "geometry": {"type": "Polygon", "coordinates": [[[-53.009397983551025, -26.406371188667475], [-53.00979238909812, -26.4128526994424], [-53.010513782501214, -26.41251144089515], [-53.009912967681885, -26.406082905884034], [-53.009397983551025, -26.406371188667475]]]}}, {"type": "Feature", "properties": {"cod_imovel": "SC-4203501-B4B7472A39A94300A38D9531D9028EA6", "municipio": "Campo Ere", "num_area": 4.591, "mod_fiscal": 0.2551, "des_condic": "Aguardando analise", "ind_status": "AT", "dat_atuali": "06/05/2025"}, "geometry": {"type": "Polygon", "coordinates": [[[-53.008228540420525, -26.40664025194887], [-53.010663986206055, -26.40591954532038], [-53.01050319854846, -26.40442889606344], [-53.00809979438782, -26.404727967154567], [-53.008228540420525, -26.40664025194887]]]}}, {"type": "Feature", "properties": {"cod_imovel": "SC-4203501-F2196A68B65F44F096813C56442AB03F", "municipio": "Campo Ere", "num_area": 187.3004, "mod_fiscal": 10.41, "des_condic": "Aguardando analise", "ind_status": "AT", "dat_atuali": "26/06/2026"}, "geometry": {"type": "Polygon", "coordinates": [[[-53.119718632, -26.375715611], [-53.120864313, -26.38211187], [-53.119536876, -26.38507241], [-53.118985574, -26.385836019], [-53.118463781, -26.388649187], [-53.118782698, -26.389396208], [-53.118724259, -26.389758233], [-53.119004488, -26.390112797], [-53.119217379, -26.392361848], [-53.119915202, -26.393060037], [-53.119920717, -26.393351437], [-53.12022235, -26.393489643], [-53.1201134, -26.39379274], [-53.120287991, -26.394603396], [-53.120514955, -26.395060156], [-53.120834744, -26.39507621], [-53.120758502, -26.395456903], [-53.122161953, -26.393665826], [-53.122719412, -26.394097535], [-53.128303604, -26.387206251], [-53.133718187, -26.381491583], [-53.125610553, -26.374915552], [-53.121957505, -26.374964382], [-53.121604809, -26.375519425], [-53.121163259, -26.375726663], [-53.120412667, -26.375857646], [-53.119718632, -26.375715611]]]}}, {"type": "Feature", "properties": {"cod_imovel": "SC-4203501-584BCDB254C04002A34B545859137AAA", "municipio": "Campo Ere", "num_area": 22.5277, "mod_fiscal": 1.2515, "des_condic": "Aguardando analise", "ind_status": "AT", "dat_atuali": "14/04/2025"}, "geometry": {"type": "Polygon", "coordinates": [[[-53.15906524658203, -26.360880871918745], [-53.159236907958984, -26.36018871948795], [-53.15964460372924, -26.35993877453632], [-53.16028200247152, -26.3590803578782], [-53.160696029663086, -26.357439295303895], [-53.154001235961914, -26.355997263478294], [-53.1533693790308, -26.35669599951076], [-53.15344660723211, -26.3569246606182], [-53.1538830294425, -26.35720186119195], [-53.15354474294389, -26.35738349436861], [-53.15320791073107, -26.35794005845265], [-53.15327167510986, -26.35913125638464], [-53.153443336486816, -26.359438883012174], [-53.154065608978264, -26.35974650882126], [-53.15511703491211, -26.3596888290444], [-53.15652006120639, -26.35864415022194], [-53.15676399239759, -26.3588114523097], [-53.15745784333354, -26.35843994600009], [-53.15818548202515, -26.358592907817116], [-53.158700466156006, -26.359015896188314], [-53.15716530976672, -26.36011111190827], [-53.15906524658203, -26.360880871918745]]]}}, {"type": "Feature", "properties": {"cod_imovel": "SC-4203501-0F351E22142A40C1BFC0DF9BF40B7B03", "municipio": "Campo Ere", "num_area": 27.9509, "mod_fiscal": 1.5528, "des_condic": "Aguardando analise", "ind_status": "AT", "dat_atuali": "07/04/2025"}, "geometry": {"type": "Polygon", "coordinates": [[[-53.0306409305556, -26.3703305353545], [-53.0291175027778, -26.3704079936878], [-53.0270323472222, -26.3711347353545], [-53.0257878305556, -26.3705535020212], [-53.0250291305556, -26.3714535020211], [-53.0244254555556, -26.37447416591], [-53.0271220833333, -26.3751299297988], [-53.0279608805556, -26.3761755909099], [-53.0296360444444, -26.3756779186877], [-53.029906, -26.3732033020211], [-53.0310984416667, -26.3710763936878], [-53.0303867027778, -26.3707856936878], [-53.0306409305556, -26.3703305353545]]]}}, {"type": "Feature", "properties": {"cod_imovel": "SC-4203501-B6A098FCF1E34A5E92345A758BE48BC6", "municipio": "Campo Ere", "num_area": 14.2579, "mod_fiscal": 0.7921, "des_condic": "Aguardando analise", "ind_status": "AT", "dat_atuali": "07/04/2025"}, "geometry": {"type": "Polygon", "coordinates": [[[-53.0448158722222, -26.3803451631321], [-53.0397516972222, -26.3854099020209], [-53.0411414583333, -26.3865574381319], [-53.0462639638889, -26.3813945714654], [-53.0448158722222, -26.3803451631321]]]}}, {"type": "Feature", "properties": {"cod_imovel": "SC-4203501-B6646E7934B84A44868F8E138AC5BB43", "municipio": "Campo Ere", "num_area": 45.9853, "mod_fiscal": 2.5432, "des_condic": "Aguardando analise", "ind_status": "AT", "dat_atuali": "07/04/2025"}, "geometry": {"type": "Polygon", "coordinates": [[[-53.0313807111111, -26.37057299091], [-53.029906, -26.3732033020211], [-53.0296360444444, -26.3756779186877], [-53.0279608805556, -26.3761755909099], [-53.0282005916667, -26.3769017686877], [-53.0277806388889, -26.378226727021], [-53.0306592527778, -26.3799026409099], [-53.0332456694444, -26.3789053603543], [-53.03542595, -26.3759953603544], [-53.0346344277778, -26.3751449020211], [-53.0342803222222, -26.37444974091], [-53.0345094277778, -26.3740583520211], [-53.0342417166667, -26.3721433436878], [-53.0335626805556, -26.3714957075767], [-53.0325226194444, -26.37100541591], [-53.0324254694444, -26.37112761591], [-53.0313807111111, -26.37057299091]]]}}, {"type": "Feature", "properties": {"cod_imovel": "SC-4203501-EA0EC7F5B8564DC883EFC2FE01123B08", "municipio": "Campo Ere", "num_area": 17.7519, "mod_fiscal": 0.9862, "des_condic": "Aguardando analise", "ind_status": "AT", "dat_atuali": "07/04/2025"}, "geometry": {"type": "Polygon", "coordinates": [[[-53.1647710349708, -26.4305629012207], [-53.1646879767003, -26.4306297740639], [-53.1594039051548, -26.4348815376271], [-53.1610495175288, -26.4353214676895], [-53.1618018689329, -26.4349328250056], [-53.1625545127547, -26.4348178244581], [-53.1637508396738, -26.4352809481231], [-53.1646567129539, -26.4350182168804], [-53.1651351600989, -26.4347473361335], [-53.1653665913234, -26.4344123263895], [-53.1662737353752, -26.434405706735], [-53.1665470323667, -26.4342617598793], [-53.1669658707128, -26.4337683986687], [-53.1670266969745, -26.4331347962999], [-53.1668422127173, -26.4329887651807], [-53.1660888385907, -26.4329994651322], [-53.1646790710219, -26.4320360666109], [-53.1644423937049, -26.4314518271867], [-53.1647710349708, -26.4305629012207]]]}}, {"type": "Feature", "properties": {"cod_imovel": "SC-4203501-66E70F8456DF40E29320DFEF5B75592D", "municipio": "Campo Ere", "num_area": 12.2831, "mod_fiscal": 0.6809, "des_condic": "Aguardando analise", "ind_status": "AT", "dat_atuali": "07/04/2025"}, "geometry": {"type": "Polygon", "coordinates": [[[-53.1588887395013, -26.3492823305301], [-53.160187653015, -26.3538112372971], [-53.1602551575543, -26.3549906642565], [-53.1609616126916, -26.3566485482623], [-53.1609068854648, -26.3571535384208], [-53.1605791962141, -26.3576176105293], [-53.1631039973874, -26.3576529569893], [-53.1603077262313, -26.35056403532], [-53.1596795091087, -26.3502405596698], [-53.1588887395013, -26.3492823305301]]]}}, {"type": "Feature", "properties": {"cod_imovel": "SC-4203501-8564F20B5ABF4CBEB1DCAE312DB26285", "municipio": "Campo Ere", "num_area": 12.9878, "mod_fiscal": 0.7215, "des_condic": "Aguardando analise", "ind_status": "AT", "dat_atuali": "07/04/2025"}, "geometry": {"type": "Polygon", "coordinates": [[[-53.1602425777778, -26.3592860325769], [-53.1591208944444, -26.3603825742436], [-53.1589216861111, -26.3609128381325], [-53.1631554277778, -26.3608166131325], [-53.1640888388889, -26.3600962714658], [-53.1631039583333, -26.3576529742436], [-53.1605792472222, -26.357617607577], [-53.1602425777778, -26.3592860325769]]]}}, {"type": "Feature", "properties": {"cod_imovel": "SC-4203501-3E439821960C4855ACD23B72F10EDD96", "municipio": "Campo Ere", "num_area": 12.5764, "mod_fiscal": 0.6987, "des_condic": "Aguardando analise", "ind_status": "AT", "dat_atuali": "07/04/2025"}, "geometry": {"type": "Polygon", "coordinates": [[[-53.1560095496376, -26.3527933092752], [-53.1543680184954, -26.3543187786961], [-53.1537067214513, -26.3561353655872], [-53.1563472744419, -26.356698077256], [-53.1587768272025, -26.3529549632986], [-53.1560095496376, -26.3527933092752]]]}}, {"type": "Feature", "properties": {"cod_imovel": "SC-4203501-0F9076A0BA37493483BC3B73FCE275FB", "municipio": "Campo Ere", "num_area": 48.0333, "mod_fiscal": 2.6685, "des_condic": "Aguardando analise", "ind_status": "AT", "dat_atuali": "07/04/2025"}, "geometry": {"type": "Polygon", "coordinates": [[[-53.2056496694444, -26.4051280103538], [-53.20825195, -26.409130518687], [-53.2126613305556, -26.4128023964648], [-53.2164172916667, -26.4107073409092], [-53.2157679166667, -26.4096480770204], [-53.2139155805556, -26.4105913714648], [-53.2115154166667, -26.4039449631316], [-53.2107036305556, -26.4034988492427], [-53.2056496694444, -26.4051280103538]]]}}, {"type": "Feature", "properties": {"cod_imovel": "SC-4203501-5FC16A7AD5B04AAB97214CAC1EF999A3", "municipio": "Campo Ere", "num_area": 31.7498, "mod_fiscal": 1.7639, "des_condic": "Aguardando analise", "ind_status": "AT", "dat_atuali": "07/04/2025"}, "geometry": {"type": "Polygon", "coordinates": [[[-53.1502513884495, -26.3693002156481], [-53.1485788687444, -26.370553163528], [-53.1486156980367, -26.3702150560019], [-53.1420419851041, -26.3734438247476], [-53.1429941960691, -26.3739825653347], [-53.1435359676893, -26.3745685132232], [-53.150736150715, -26.3744789945649], [-53.1500400266284, -26.3740114626447], [-53.1511375219231, -26.3738338657496], [-53.1525894636467, -26.3732588619381], [-53.1516362405005, -26.3710827935935], [-53.1503620084592, -26.3713244220317], [-53.1489537418929, -26.3710859985831], [-53.148446667942, -26.3706917041542], [-53.149291845057, -26.3703789167439], [-53.1505136510274, -26.3704232020372], [-53.1509446999214, -26.369823026511], [-53.1506536044277, -26.3694427329521], [-53.1502513884495, -26.3693002156481]]]}}, {"type": "Feature", "properties": {"cod_imovel": "SC-4203501-450775412EDA4C82AC158AF6B18F7A98", "municipio": "Campo Ere", "num_area": 24.6961, "mod_fiscal": 1.372, "des_condic": "Aguardando analise", "ind_status": "AT", "dat_atuali": "07/04/2025"}, "geometry": {"type": "Polygon", "coordinates": [[[-53.1457679176848, -26.3676434388872], [-53.1453758082515, -26.3679661126354], [-53.1453438865772, -26.3685541537252], [-53.1448319244285, -26.3686589407377], [-53.140197787149, -26.3725337492633], [-53.1420419851041, -26.3734438247476], [-53.1486156980367, -26.3702150560019], [-53.1487055385485, -26.36938994757], [-53.1490324672304, -26.368837190091], [-53.1487993016099, -26.3684627917146], [-53.1482618938536, -26.3682316816083], [-53.1466561260083, -26.3682122687375], [-53.1457679176848, -26.3676434388872]]]}}, {"type": "Feature", "properties": {"cod_imovel": "SC-4203501-B95AE0B09EDD4DEDABA17A189BA53271", "municipio": "Campo Ere", "num_area": 12.6161, "mod_fiscal": 0.7009, "des_condic": "Aguardando analise", "ind_status": "AT", "dat_atuali": "07/04/2025"}, "geometry": {"type": "Polygon", "coordinates": [[[-53.1402648081843, -26.3642245401788], [-53.1400156143987, -26.3643431609338], [-53.1364823902536, -26.3685984221603], [-53.137762831287, -26.3698424329821], [-53.1384956729787, -26.3693042126118], [-53.1419586700047, -26.3651448137641], [-53.1411957137264, -26.3649003529632], [-53.1399888158877, -26.3654229286183], [-53.1406271305892, -26.3646395334972], [-53.1402648081843, -26.3642245401788]]]}}, {"type": "Feature", "properties": {"cod_imovel": "SC-4203501-6E4BF45C73CA473DA8D4591EB4C12221", "municipio": "Campo Ere", "num_area": 22.1762, "mod_fiscal": 1.232, "des_condic": "Aguardando analise", "ind_status": "AT", "dat_atuali": "07/04/2025"}, "geometry": {"type": "Polygon", "coordinates": [[[-53.1419586700047, -26.3651448137641], [-53.1384956729787, -26.3693042126118], [-53.1405677041595, -26.37130985789], [-53.1407681435863, -26.371926554578], [-53.1448319244285, -26.3686589407377], [-53.1428910558593, -26.3686915296986], [-53.1423615062276, -26.3689076758048], [-53.1419997175881, -26.368854153357], [-53.142239707944, -26.3683665215563], [-53.1439930181436, -26.3673139762623], [-53.1434758330382, -26.365479426532], [-53.1425277497592, -26.3653942480337], [-53.1419586700047, -26.3651448137641]]]}}, {"type": "Feature", "properties": {"cod_imovel": "SC-4203501-298BEFF5FE7E4FA3A89902DA4AE6EAB2", "municipio": "Campo Ere", "num_area": 43.3833, "mod_fiscal": 2.4102, "des_condic": "Aguardando analise", "ind_status": "AT", "dat_atuali": "04/04/2025"}, "geometry": {"type": "Polygon", "coordinates": [[[-53.2056496694444, -26.4051280103538], [-53.2107036305556, -26.4034988492427], [-53.2083390388889, -26.4021586686872], [-53.206578525, -26.3984329797984], [-53.2061391805556, -26.3970725520206], [-53.2049245777778, -26.3961398797984], [-53.2043034388889, -26.3953445770207], [-53.2035493944444, -26.3947596686873], [-53.2029563666667, -26.3945112936873], [-53.2010891083333, -26.394385535354], [-53.2051614333333, -26.4043750159094], [-53.2056496694444, -26.4051280103538]]]}}, {"type": "Feature", "properties": {"cod_imovel": "SC-4203501-26BFD2D85B36467BAA5EAF0CEE5277C9", "municipio": "Campo Ere", "num_area": 44.844, "mod_fiscal": 2.4913, "des_condic": "Aguardando analise", "ind_status": "AT", "dat_atuali": "04/04/2025"}, "geometry": {"type": "Polygon", "coordinates": [[[-53.1761700694444, -26.4119711520203], [-53.1760303861111, -26.4139808381314], [-53.1756626166667, -26.4151308103536], [-53.1830880888889, -26.413858593687], [-53.1831849694444, -26.4132039242425], [-53.1829120777778, -26.4120860575759], [-53.1831049916667, -26.4117900131314], [-53.18305505, -26.4116018853537], [-53.1832876944444, -26.4115395242426], [-53.1832159416667, -26.4107423547981], [-53.1834385777778, -26.4101977742426], [-53.1830653194444, -26.4094798492426], [-53.1832012777778, -26.4086436770204], [-53.1830914111111, -26.4081227131315], [-53.1771912027778, -26.4087748381315], [-53.1761700694444, -26.4119711520203]]]}}, {"type": "Feature", "properties": {"cod_imovel": "SC-4203501-0A597CE4BF054B0B93572C7D25962988", "municipio": "Campo Ere", "num_area": 24.9148, "mod_fiscal": 1.3842, "des_condic": "Aguardando analise", "ind_status": "AT", "dat_atuali": "04/04/2025"}, "geometry": {"type": "Polygon", "coordinates": [[[-53.1760066638889, -26.4060652159093], [-53.1771951944444, -26.4081947047982], [-53.1771912027778, -26.4087748381315], [-53.1830914111111, -26.4081227131315], [-53.1830132722222, -26.407617907576], [-53.1832326805556, -26.4072406186871], [-53.1829247361111, -26.4062935242427], [-53.1821782944444, -26.4052139214649], [-53.178528325, -26.4051148436871], [-53.1746255083333, -26.404559282576], [-53.1760066638889, -26.4060652159093]]]}}, {"type": "Feature", "properties": {"cod_imovel": "SC-4203501-A6A4876794D44012A15589848F6A691C", "municipio": "Campo Ere", "num_area": 62.6578, "mod_fiscal": 3.481, "des_condic": "Aguardando analise", "ind_status": "AT", "dat_atuali": "04/04/2025"}, "geometry": {"type": "Polygon", "coordinates": [[[-53.1764293194444, -26.410838418687], [-53.1719343444444, -26.4109353909092], [-53.1687787666667, -26.4131423853536], [-53.1682902805556, -26.4133308631314], [-53.1672925166667, -26.4146714270203], [-53.1670821388889, -26.4146742909092], [-53.1675433166667, -26.4151906103536], [-53.1701356194444, -26.4163629436869], [-53.1725894472222, -26.4231261297979], [-53.1731606027778, -26.4227148353534], [-53.1740758583333, -26.4215188075757], [-53.1745197777778, -26.4182110603535], [-53.1759129027778, -26.4142643992425], [-53.1759995611111, -26.4126810659092], [-53.1764293194444, -26.410838418687]]]}}, {"type": "Feature", "properties": {"cod_imovel": "SC-4203501-90B8217DCB594803A78C629FC67C0FC0", "municipio": "Campo Ere", "num_area": 12.1222, "mod_fiscal": 0.6735, "des_condic": "Aguardando analise", "ind_status": "AT", "dat_atuali": "20/03/2025"}, "geometry": {"type": "Polygon", "coordinates": [[[-53.05615530096684, -26.41607141464472], [-53.05581092834473, -26.41687380023486], [-53.05542469024658, -26.417335009199647], [-53.05465221405029, -26.417450311152678], [-53.05943727493286, -26.420736368355694], [-53.060810565948486, -26.41919904330816], [-53.05615530096684, -26.41607141464472]]]}}, {"type": "Feature", "properties": {"cod_imovel": "SC-4203501-28A7E6AE789F45CFADF07C5DAFB66FAE", "municipio": "Campo Ere", "num_area": 2.3817, "mod_fiscal": 0.1323, "des_condic": "Aguardando analise", "ind_status": "AT", "dat_atuali": "18/03/2022"}, "geometry": {"type": "Polygon", "coordinates": [[[-53.0570425722222, -26.42955982702], [-53.0592511333333, -26.4310880270199], [-53.0597741416667, -26.43046877702], [-53.0575356194444, -26.4289396631311], [-53.0570425722222, -26.42955982702]]]}}, {"type": "Feature", "properties": {"cod_imovel": "SC-4203501-01D8462682134954B01F8EE6E78FFEA7", "municipio": "Campo Ere", "num_area": 21.78, "mod_fiscal": 1.21, "des_condic": "Aguardando analise", "ind_status": "AT", "dat_atuali": "31/10/2024"}, "geometry": {"type": "Polygon", "coordinates": [[[-53.118323998713, -26.4960414673083], [-53.1093851416486, -26.5039967633709], [-53.1110212938283, -26.50550251892], [-53.1170055147162, -26.4996072209949], [-53.1166875598817, -26.499230681963], [-53.1184414290274, -26.4966121060002], [-53.118323998713, -26.4960414673083]]]}}, {"type": "Feature", "properties": {"cod_imovel": "SC-4203501-253C81F143894B6C80CEBF06EE7B6F66", "municipio": "Campo Ere", "num_area": 8.0003, "mod_fiscal": 0.4445, "des_condic": "Aguardando analise", "ind_status": "AT", "dat_atuali": "09/10/2024"}, "geometry": {"type": "Polygon", "coordinates": [[[-53.23045605481305, -26.47181501816093], [-53.23242512613459, -26.46949968015075], [-53.23210340056382, -26.46916230899938], [-53.23375887373766, -26.46764815693373], [-53.23293606222025, -26.46664963931226], [-53.22931268394216, -26.47089912194803], [-53.23045605481305, -26.47181501816093]]]}}, {"type": "Feature", "properties": {"cod_imovel": "SC-4203501-23BC6FBDB3214B4C957A96F245BDE44B", "municipio": "Campo Ere", "num_area": 5.7605, "mod_fiscal": 0.32, "des_condic": "Cancelado por duplicidade", "ind_status": "CA", "dat_atuali": null}, "geometry": {"type": "Polygon", "coordinates": [[[-53.04396669864902, -26.43253600412873], [-53.04127119115378, -26.43329453529431], [-53.04420232772827, -26.43539757602437], [-53.04444408549512, -26.43441433735756], [-53.04492809221646, -26.4340494020355], [-53.04521936782903, -26.43354013425966], [-53.04482848742511, -26.43306156654666], [-53.04434175405601, -26.43305247844007], [-53.044095039367676, -26.432880515686687], [-53.04396669864902, -26.43253600412873]]]}}, {"type": "Feature", "properties": {"cod_imovel": "SC-4203501-5D3B424FD4AC48F7BFA44309FC523251", "municipio": "Campo Ere", "num_area": 2.5942, "mod_fiscal": 0.1441, "des_condic": "Cancelado por duplicidade", "ind_status": "CA", "dat_atuali": null}, "geometry": {"type": "Polygon", "coordinates": [[[-53.0602463555556, -26.4299033381311], [-53.0590734833333, -26.4313073131311], [-53.0600256861111, -26.432099738131], [-53.0612805583333, -26.4306089714644], [-53.0602463555556, -26.4299033381311]]]}}, {"type": "Feature", "properties": {"cod_imovel": "SC-4203501-A538D074D7CE43069E781F973218D6C0", "municipio": "Campo Ere", "num_area": 2.5942, "mod_fiscal": 0.1441, "des_condic": "Cancelado por duplicidade", "ind_status": "CA", "dat_atuali": null}, "geometry": {"type": "Polygon", "coordinates": [[[-53.0602463555556, -26.4299033381311], [-53.0590734833333, -26.4313073131311], [-53.0600256861111, -26.432099738131], [-53.0612805583333, -26.4306089714644], [-53.0602463555556, -26.4299033381311]]]}}, {"type": "Feature", "properties": {"cod_imovel": "SC-4203501-BF11524208A7498B8B82BC77D75181A1", "municipio": "Campo Ere", "num_area": 9.4361, "mod_fiscal": 0.5242, "des_condic": "Aguardando analise", "ind_status": "AT", "dat_atuali": "28/09/2024"}, "geometry": {"type": "Polygon", "coordinates": [[[-53.22931232626672, -26.47089030143791], [-53.23296775358109, -26.46658233465144], [-53.23244926484058, -26.46599762340458], [-53.22769589240296, -26.46942652691872], [-53.22931232626672, -26.47089030143791]]]}}, {"type": "Feature", "properties": {"cod_imovel": "SC-4203501-9F62981ECC7A4E5B943608157827450A", "municipio": "Campo Ere", "num_area": 81.8781, "mod_fiscal": 4.5488, "des_condic": "Aguardando analise", "ind_status": "AT", "dat_atuali": "05/02/2024"}, "geometry": {"type": "Polygon", "coordinates": [[[-53.1850416333333, -26.3803255325765], [-53.1779669305556, -26.3856435103542], [-53.1805360166667, -26.3914064964652], [-53.1909231583333, -26.3865791631319], [-53.1850416333333, -26.3803255325765]]]}}, {"type": "Feature", "properties": {"cod_imovel": "SC-4203501-2654020106C24132966980E1E62BA39B", "municipio": "Campo Ere", "num_area": 86.4649, "mod_fiscal": 4.8036, "des_condic": "Aguardando analise", "ind_status": "AT", "dat_atuali": "08/08/2024"}, "geometry": {"type": "Polygon", "coordinates": [[[-53.14207077026367, -26.496443454404957], [-53.14104080200195, -26.49511838440292], [-53.13462495803833, -26.502511695746488], [-53.13095569610596, -26.506313784935102], [-53.131513595581055, -26.508118773130192], [-53.132758140563965, -26.509770120466218], [-53.132243156433105, -26.510826202246957], [-53.144474029541016, -26.50049538527792], [-53.14207077026367, -26.496443454404957]]]}}, {"type": "Feature", "properties": {"cod_imovel": "SC-4203501-769E2A72AC5C4AE4AF037C3F12D11D12", "municipio": "Campo Ere", "num_area": 47.4527, "mod_fiscal": 2.6363, "des_condic": "Aguardando analise", "ind_status": "AT", "dat_atuali": "25/09/2024"}, "geometry": {"type": "Polygon", "coordinates": [[[-53.083781003952026, -26.441248087832083], [-53.075573444366455, -26.442516139889555], [-53.07467222213745, -26.446358636651524], [-53.076823353767395, -26.448188580677183], [-53.080819845199585, -26.447809145853668], [-53.083035349845886, -26.443702524441946], [-53.083781003952026, -26.441248087832083]]]}}, {"type": "Feature", "properties": {"cod_imovel": "SC-4203501-BC8F5B2466C94D3798892E3EF45F6224", "municipio": "Campo Ere", "num_area": 12.1234, "mod_fiscal": 0.6735, "des_condic": "Aguardando analise", "ind_status": "AT", "dat_atuali": "18/09/2024"}, "geometry": {"type": "Polygon", "coordinates": [[[-53.07979868579605, -26.48584717557589], [-53.0801523791734, -26.48800702980017], [-53.08175325393677, -26.491008649850357], [-53.08366298675537, -26.488262343468296], [-53.08271799908022, -26.48655463805388], [-53.07979868579605, -26.48584717557589]]]}}, {"type": "Feature", "properties": {"cod_imovel": "SC-4203501-3B7627FEFB2145E38A6691903D2B9379", "municipio": "Campo Ere", "num_area": 124.6824, "mod_fiscal": 6.9268, "des_condic": "Aguardando analise", "ind_status": "AT", "dat_atuali": "09/09/2024"}, "geometry": {"type": "Polygon", "coordinates": [[[-53.0032678229642, -26.38208054904218], [-52.99955459539109, -26.3814879521904], [-52.99732596634219, -26.3815490419318], [-52.99526663000264, -26.38114948427492], [-52.99447545474262, -26.38138754557441], [-52.99435157047633, -26.38100702797213], [-52.99471347883068, -26.38100507070917], [-52.99443266623577, -26.38020173988208], [-52.99453155927754, -26.37991448853699], [-52.99534839381404, -26.37934438936251], [-52.99600262730918, -26.37818648492991], [-52.99184921292449, -26.37501499821253], [-52.99141162860447, -26.37651463937912], [-52.9904657531638, -26.37857290552306], [-52.98936031368335, -26.38358687562746], [-52.98864511935087, -26.3849000272106], [-52.98674806828597, -26.38695864452158], [-52.98659732808535, -26.38734655685491], [-52.99001874464584, -26.38940557534855], [-52.98964652356854, -26.38980048962227], [-52.9952571082361, -26.38996300533899], [-52.99666035082684, -26.38875262420459], [-52.99768350429545, -26.38832482342718], [-52.99882555165829, -26.38474904342955], [-52.99927873353952, -26.38431464368719], [-53.00089111928242, -26.38379655934821], [-53.00289698374509, -26.38273593837068], [-53.0032678229642, -26.38208054904218]]]}}, {"type": "Feature", "properties": {"cod_imovel": "SC-4203501-5BB17072482E45279601CD85A3BFA9BC", "municipio": "Campo Ere", "num_area": 8.3573, "mod_fiscal": 0.4643, "des_condic": "Aguardando analise", "ind_status": "AT", "dat_atuali": "04/09/2024"}, "geometry": {"type": "Polygon", "coordinates": [[[-53.0921215134355, -26.4965696014089], [-53.0909378818112, -26.4977053154015], [-53.0917608758798, -26.4986171096419], [-53.0932468685832, -26.4995475115572], [-53.0942409172964, -26.5005031711313], [-53.0957425677106, -26.4996186334726], [-53.0921215134355, -26.4965696014089]]]}}, {"type": "Feature", "properties": {"cod_imovel": "SC-4203501-6EF2D6683D8C42FFA863B11E017F4461", "municipio": "Campo Ere", "num_area": 126.1743, "mod_fiscal": 7.0097, "des_condic": "Aguardando analise", "ind_status": "AT", "dat_atuali": "18/02/2025"}, "geometry": {"type": "Polygon", "coordinates": [[[-53.02442541, -26.37447416], [-53.024724, -26.3756606], [-53.02411042, -26.37727928], [-53.02451596, -26.37851375], [-53.02405468, -26.38111896], [-53.02254543, -26.38311689], [-53.02043971, -26.38442365], [-53.02944072, -26.3883013], [-53.02888237, -26.39140322], [-53.03484944, -26.39222344], [-53.0341396, -26.38643376], [-53.03432004, -26.38477053], [-53.03416965, -26.38351417], [-53.03464949, -26.38227524], [-53.02895093, -26.38242336], [-53.02927352, -26.38152469], [-53.02969224, -26.38128971], [-53.02992602, -26.38012396], [-53.03065924, -26.37990268], [-53.02778064, -26.37822676], [-53.02820061, -26.37690176], [-53.02796086, -26.37617559], [-53.02712212, -26.3751299], [-53.02442541, -26.37447416]]]}}, {"type": "Feature", "properties": {"cod_imovel": "SC-4203501-21044CAC7B6A4FCCBC7874248C0851F8", "municipio": "Campo Ere", "num_area": 44.6916, "mod_fiscal": 2.4703, "des_condic": "Aguardando analise", "ind_status": "AT", "dat_atuali": "04/02/2025"}, "geometry": {"type": "Polygon", "coordinates": [[[-53.02881651210101, -26.41858036740202], [-53.02957962554931, -26.41868281954237], [-53.02977668361024, -26.4193611965707], [-53.02937548856945, -26.42044185772441], [-53.0299206415465, -26.42155081826038], [-53.029655096, -26.42172840937924], [-53.0287297828606, -26.42161260068325], [-53.02865327466234, -26.42180149718003], [-53.02887073158616, -26.42337693942427], [-53.0292148128577, -26.42385869485207], [-53.02967480887681, -26.42376227746025], [-53.03556832983297, -26.41776374567574], [-53.02789619120067, -26.41177167769587], [-53.02797658680455, -26.41128464491057], [-53.02720868958264, -26.41197801981738], [-53.02598488788087, -26.41220554274668], [-53.02596624834528, -26.41249546632242], [-53.02656055033762, -26.41359106598398], [-53.02733613089501, -26.41398423275233], [-53.02829928909639, -26.41339521647419], [-53.02903564375951, -26.41422782352555], [-53.02896604531636, -26.41503802793212], [-53.02949929239275, -26.41571447779841], [-53.02997408692063, -26.41694219022129], [-53.02995403942485, -26.41727019591793], [-53.0286518991785, -26.4183630131847], [-53.02881651210101, -26.41858036740202]]]}}, {"type": "Feature", "properties": {"cod_imovel": "SC-4203501-C7431DF558DB40A4B90CD1F24DE2182F", "municipio": "Campo Ere", "num_area": 10.7377, "mod_fiscal": 0.5965, "des_condic": "Aguardando analise", "ind_status": "AT", "dat_atuali": "04/02/2025"}, "geometry": {"type": "Polygon", "coordinates": [[[-53.03225495527141, -26.41133424364801], [-53.03002793380166, -26.41341098410201], [-53.03258783055889, -26.41539632330761], [-53.03281934390536, -26.4148030368852], [-53.03321820051301, -26.41493199537004], [-53.03481197307793, -26.41337021023425], [-53.03225495527141, -26.41133424364801]]]}}, {"type": "Feature", "properties": {"cod_imovel": "SC-4203501-9E0A6B1A754642EDB9DE96514F272C05", "municipio": "Campo Ere", "num_area": 104.8244, "mod_fiscal": 5.8236, "des_condic": "Aguardando analise", "ind_status": "AT", "dat_atuali": "04/02/2025"}, "geometry": {"type": "Polygon", "coordinates": [[[-53.004062810567, -26.363411246585], [-53.004462299456, -26.357214423251], [-53.002704347789, -26.357329732696], [-53.002097265011, -26.357159325751], [-53.001434980567, -26.356447944085], [-53.000720319178, -26.355306657696], [-53.000218441956, -26.354053089363], [-52.999578077789, -26.353198960196], [-52.997232269178, -26.351645904363], [-52.994908080011, -26.350666022974], [-52.993716521678, -26.350574844085], [-52.993486020011, -26.350821576585], [-52.992897623622, -26.353357159918], [-52.993295402233, -26.353814932696], [-52.9993596089, -26.357848807418], [-52.998637964733, -26.360407931307], [-52.9948400889, -26.362768229085], [-52.998267528344, -26.363575922418], [-52.997084800567, -26.366145446029], [-52.997885991122, -26.369012224084], [-52.999040664456, -26.368561770473], [-52.998965649456, -26.366799489085], [-53.002968701123, -26.366696240196], [-53.004062810567, -26.363411246585]]]}}, {"type": "Feature", "properties": {"cod_imovel": "SC-4203501-DCBB028AB45447829C2FA05C8E8E3DCB", "municipio": "Campo Ere", "num_area": 443.3909, "mod_fiscal": 0.8797, "des_condic": "Aguardando analise", "ind_status": "AT", "dat_atuali": "03/02/2025"}, "geometry": {"type": "Polygon", "coordinates": [[[-53.24061373967754, -26.398130143353807], [-53.231412689086206, -26.40805323226656], [-53.226823463477544, -26.40361109171853], [-53.22165290226571, -26.409211878743204], [-53.22166485757315, -26.409830552160823], [-53.22123123908792, -26.410738908401978], [-53.22212875189264, -26.413116643944136], [-53.22231364673091, -26.414918812162153], [-53.22197158913734, -26.41537538944385], [-53.2220389868411, -26.41627686285454], [-53.22343153277447, -26.418331007968018], [-53.22321736942272, -26.42022963117795], [-53.22416338296825, -26.42251633944558], [-53.22402259557864, -26.423014915837552], [-53.22524935470493, -26.424259348763755], [-53.22557597958552, -26.42560804114288], [-53.22796736234991, -26.42746606976015], [-53.22782658728052, -26.42796464892635], [-53.22874214802465, -26.42862356119068], [-53.244484122014725, -26.411082533481288], [-53.24253132261138, -26.409648666499198], [-53.24912085975415, -26.40263625525843], [-53.24680457354306, -26.402185759499787], [-53.248031316513504, -26.40001714679283], [-53.24585168624623, -26.40234612192849], [-53.24061373967754, -26.398130143353807]]]}}, {"type": "Feature", "properties": {"cod_imovel": "SC-4203501-36818B40F9B14665B4801FE21962B83C", "municipio": "Campo Ere", "num_area": 10.4013, "mod_fiscal": 0.5779, "des_condic": "Aguardando analise", "ind_status": "AT", "dat_atuali": "31/01/2025"}, "geometry": {"type": "Polygon", "coordinates": [[[-53.2238707027778, -26.4426121770197], [-53.2250325194444, -26.4436365020197], [-53.2277776277778, -26.4406384020198], [-53.2257186972222, -26.4388206964642], [-53.2250821611111, -26.4395393464642], [-53.2239912305556, -26.4418815353531], [-53.2238707027778, -26.4426121770197]]]}}, {"type": "Feature", "properties": {"cod_imovel": "SC-4203501-8F0AB4769F3B4FE68C87FA8CC1E9BEDF", "municipio": "Campo Ere", "num_area": 4.1048, "mod_fiscal": 0.228, "des_condic": "Aguardando analise", "ind_status": "AT", "dat_atuali": "29/01/2025"}, "geometry": {"type": "Polygon", "coordinates": [[[-53.018792625, -26.4076796547982], [-53.01845835, -26.4069553770204], [-53.0170578888889, -26.4056334103538], [-53.0155384916667, -26.4061732936871], [-53.016544875, -26.4074409797982], [-53.0184890361111, -26.4077952659093], [-53.018792625, -26.4076796547982]]]}}, {"type": "Feature", "properties": {"cod_imovel": "SC-4203501-880B4F0638DC40D58610F7500E6F4D35", "municipio": "Campo Ere", "num_area": 11.63, "mod_fiscal": 0.6458, "des_condic": "Aguardando analise", "ind_status": "AT", "dat_atuali": "09/01/2025"}, "geometry": {"type": "Polygon", "coordinates": [[[-53.02586166133129, -26.40530275178529], [-53.02337420780774, -26.40766048349709], [-53.02419903224517, -26.40736625449483], [-53.02548597756519, -26.40740001219393], [-53.02607317486295, -26.4068845367964], [-53.02713113589001, -26.4071764156587], [-53.0272166513879, -26.40739298057073], [-53.02702319875437, -26.40755102267553], [-53.02717721679095, -26.40775114615189], [-53.02641728223383, -26.40797662538522], [-53.02643969380968, -26.40844690078412], [-53.02684197010934, -26.40884652605038], [-53.02648693602659, -26.40918973169284], [-53.02651904581663, -26.4094561096248], [-53.02691254292843, -26.40960214963544], [-53.02720173271198, -26.41027194241001], [-53.02806083117055, -26.41077420879329], [-53.02978147672849, -26.40927540530695], [-53.02586166133129, -26.40530275178529]]]}}, {"type": "Feature", "properties": {"cod_imovel": "SC-4203501-C6BFC80B1E124150B5184A2D0AFBAD6D", "municipio": "Campo Ere", "num_area": 66.1419, "mod_fiscal": 3.6746, "des_condic": "Aguardando analise", "ind_status": "AT", "dat_atuali": "07/01/2025"}, "geometry": {"type": "Polygon", "coordinates": [[[-53.1730287, -26.4043238686871], [-53.1727082361111, -26.4048797936871], [-53.1722350111111, -26.4047854186871], [-53.1720914166667, -26.4042015186871], [-53.1713593305556, -26.4043991020205], [-53.1661642277778, -26.4067583686871], [-53.1689833944444, -26.412935893687], [-53.1719343444444, -26.4109353909092], [-53.1764293194444, -26.410838418687], [-53.1771704138889, -26.4086669742426], [-53.1771450333333, -26.4082098659093], [-53.1768189638889, -26.4074784381315], [-53.1759699416667, -26.4060898270204], [-53.1745000333333, -26.4045371659094], [-53.1730287, -26.4043238686871]]]}}, {"type": "Feature", "properties": {"cod_imovel": "SC-4203501-D4C412E7E8AD47E383C047A56A358FB7", "municipio": "Campo Ere", "num_area": 54.2633, "mod_fiscal": 3.0146, "des_condic": "Aguardando analise", "ind_status": "AT", "dat_atuali": "13/12/2024"}, "geometry": {"type": "Polygon", "coordinates": [[[-53.2251489294445, -26.3915668927777], [-53.2237826338889, -26.3922195441666], [-53.2372615736111, -26.4019781205556], [-53.2405419380555, -26.3985219338889], [-53.2251489294445, -26.3915668927777]]]}}, {"type": "Feature", "properties": {"cod_imovel": "SC-4203501-DA18FD6D1543410382A69F0139E2D2B8", "municipio": "Campo Ere", "num_area": 138.584, "mod_fiscal": 7.6991, "des_condic": "Aguardando analise", "ind_status": "AT", "dat_atuali": "13/12/2024"}, "geometry": {"type": "Polygon", "coordinates": [[[-53.2359016369445, -26.3897511397222], [-53.2293625594445, -26.390652015], [-53.22773349, -26.3907066352777], [-53.2251489294445, -26.3915668927777], [-53.2405419380555, -26.3985219338889], [-53.2409112247223, -26.3981323083334], [-53.244928505, -26.400800045], [-53.2489544725, -26.3938169552778], [-53.2464937936111, -26.3928143919445], [-53.2443090238889, -26.3921583533333], [-53.2409206944445, -26.3904979566667], [-53.2397104638889, -26.3901137558334], [-53.2359016369445, -26.3897511397222]]]}}, {"type": "Feature", "properties": {"cod_imovel": "SC-4203501-8B194DDFDDF946E2864A9C3C48CFF6F9", "municipio": "Campo Ere", "num_area": 4.0418, "mod_fiscal": 0.2245, "des_condic": "Aguardando analise", "ind_status": "AT", "dat_atuali": "11/12/2024"}, "geometry": {"type": "Polygon", "coordinates": [[[-53.07748854160309, -26.401494307955428], [-53.07808399200439, -26.40071110495063], [-53.07617962360382, -26.399682842629797], [-53.07568609714508, -26.400629420895605], [-53.07443618774414, -26.400307489057052], [-53.07428598403931, -26.400461247659123], [-53.07703793048858, -26.40211413969478], [-53.07717204093933, -26.40191233437767], [-53.07666778564453, -26.401624040455392], [-53.076812624931335, -26.401417429368106], [-53.07748854160309, -26.401494307955428]]]}}, {"type": "Feature", "properties": {"cod_imovel": "SC-4203501-B11907FFE31643D6AE350D2792450B3B", "municipio": "Campo Ere", "num_area": 0.2505, "mod_fiscal": 0.0139, "des_condic": "Aguardando analise", "ind_status": "AT", "dat_atuali": "11/12/2024"}, "geometry": {"type": "Polygon", "coordinates": [[[-53.076807260513306, -26.401417429368106], [-53.07668387889861, -26.401600015929365], [-53.07716131210327, -26.40190752948487], [-53.07748854160309, -26.401460673579773], [-53.076807260513306, -26.401417429368106]]]}}, {"type": "Feature", "properties": {"cod_imovel": "SC-4203501-E33AB82AB0014659B73764ACA4F4E955", "municipio": "Campo Ere", "num_area": 12.1114, "mod_fiscal": 0.6729, "des_condic": "Aguardando analise", "ind_status": "AT", "dat_atuali": "07/11/2024"}, "geometry": {"type": "Polygon", "coordinates": [[[-53.05477023124695, -26.42070754369957], [-53.05637955665588, -26.42217759197478], [-53.05915832519531, -26.423705269344133], [-53.06028485298157, -26.42289819702939], [-53.058589696884155, -26.421620320977993], [-53.05946946144104, -26.420870883322287], [-53.057066202163696, -26.419218259997734], [-53.05618643760681, -26.420063791169103], [-53.05679798126221, -26.420275172993286], [-53.0559504032135, -26.420448121470333], [-53.055360317230225, -26.420303997757483], [-53.05477023124695, -26.42070754369957]]]}}, {"type": "Feature", "properties": {"cod_imovel": "SC-4203501-4942814B5973438CB3EE9C7F7F8D2EAD", "municipio": "Campo Ere", "num_area": 89.8331, "mod_fiscal": 4.9907, "des_condic": "Aguardando analise", "ind_status": "AT", "dat_atuali": "23/08/2024"}, "geometry": {"type": "Polygon", "coordinates": [[[-52.9982676283333, -26.3635759219444], [-52.9955684866667, -26.3642428669445], [-52.9914073983333, -26.3636391952777], [-52.9915623797223, -26.3658239677777], [-52.9912237483334, -26.3719986313889], [-52.9921421122222, -26.3747383516666], [-52.9934937352778, -26.3734511902778], [-52.9951248463889, -26.3722428008333], [-52.9984740702778, -26.3745386975], [-52.9984745880556, -26.3740389180555], [-52.9987548586111, -26.3732528075], [-52.9991324094444, -26.3729956180555], [-52.999106865, -26.3728097675], [-53.0001234988889, -26.3720514583333], [-53.0005789913889, -26.3712062125], [-53.0013351352778, -26.3708466958333], [-53.0015015652778, -26.3703870194444], [-53.0017490733333, -26.3704166838889], [-53.0025648822222, -26.3698336544444], [-53.0027332180555, -26.3690780766667], [-53.0024451402778, -26.3682700344444], [-53.0030176591667, -26.36721699], [-53.0028132377778, -26.3668848038889], [-53.0029687997222, -26.3666961494444], [-52.9989657494445, -26.3667994886111], [-52.9990406627778, -26.3685616811111], [-52.9978859927778, -26.3690123152778], [-52.9970848991666, -26.3661453552778], [-52.9982676283333, -26.3635759219444]]]}}, {"type": "Feature", "properties": {"cod_imovel": "SC-4203501-5C0098235CC0410EBCC24FC0ACF317A4", "municipio": "Campo Ere", "num_area": 202.0053, "mod_fiscal": 10.6141, "des_condic": "Aguardando analise", "ind_status": "AT", "dat_atuali": "21/05/2024"}, "geometry": {"type": "Polygon", "coordinates": [[[-53.048804005556, -26.462606121667], [-53.046288623889, -26.466437649167], [-53.048419350556, -26.467536292222], [-53.04775327, -26.468671026944], [-53.048783811944, -26.468686848056002], [-53.049287875278, -26.468850805556002], [-53.04967773555601, -26.469185294444], [-53.050204135833, -26.469240628056], [-53.051145955833, -26.4690329725], [-53.051678961389, -26.469215293889], [-53.052682235278, -26.469954957222], [-53.049416191667, -26.475673000278], [-53.065644803611, -26.481329702222], [-53.065816185833, -26.478155135833], [-53.066308013056, -26.476975316667], [-53.066948937222, -26.476331476389003], [-53.067632296389, -26.475943845], [-53.069777063056, -26.475453658889], [-53.070849123056, -26.474833607500003], [-53.056027611111, -26.4675216475], [-53.048804005556, -26.462606121667]]]}}, {"type": "Feature", "properties": {"cod_imovel": "SC-4203501-5844F3A98CAD4742BC33CE8592211A1A", "municipio": "Campo Ere", "num_area": 6.2248, "mod_fiscal": 0.3458, "des_condic": "Aguardando analise", "ind_status": "AT", "dat_atuali": "24/02/2022"}, "geometry": {"type": "Polygon", "coordinates": [[[-53.0593276861111, -26.3956757936873], [-53.0611074972222, -26.3972374381317], [-53.0615294416667, -26.3987295603539], [-53.0626145305556, -26.3985868409095], [-53.06235355, -26.3968285436873], [-53.0620335027778, -26.3958954297984], [-53.0620948, -26.3950858436873], [-53.0593276861111, -26.3956757936873]]]}}, {"type": "Feature", "properties": {"cod_imovel": "SC-4203501-83F383AC4BE64F4C8600024D3D0ED4F3", "municipio": "Campo Ere", "num_area": 1.9975, "mod_fiscal": 0.111, "des_condic": "Aguardando analise", "ind_status": "AT", "dat_atuali": "26/01/2022"}, "geometry": {"type": "Polygon", "coordinates": [[[-53.06502876212502, -26.39998624675417], [-53.06731722178475, -26.39870234757268], [-53.06703342265979, -26.39817037353305], [-53.06449718721711, -26.39937502879773], [-53.06502876212502, -26.39998624675417]]]}}, {"type": "Feature", "properties": {"cod_imovel": "SC-4203501-3220AB8F721B4C768EE61AC6102CF38E", "municipio": "Campo Ere", "num_area": 4.7848, "mod_fiscal": 0.2658, "des_condic": "Aguardando analise", "ind_status": "AT", "dat_atuali": "02/09/2024"}, "geometry": {"type": "Polygon", "coordinates": [[[-53.0415415763855, -26.433303231950617], [-53.044084310531616, -26.435147793867714], [-53.04447054862976, -26.434187088219772], [-53.04517865180969, -26.433649089558834], [-53.043869733810425, -26.43270758585914], [-53.0415415763855, -26.433303231950617]]]}}, {"type": "Feature", "properties": {"cod_imovel": "SC-4203501-DDB24672CDF340A983F97916EB8F0DE0", "municipio": "Campo Ere", "num_area": 9.1655, "mod_fiscal": 0.5092, "des_condic": "Aguardando analise", "ind_status": "AT", "dat_atuali": "31/08/2024"}, "geometry": {"type": "Polygon", "coordinates": [[[-53.04552165118865, -26.43752788274304], [-53.04614517533059, -26.43671991400101], [-53.04131851969976, -26.43336080453044], [-53.03939535470298, -26.4331703241376], [-53.03881944544256, -26.4333398165969], [-53.04552165118865, -26.43752788274304]]]}}, {"type": "Feature", "properties": {"cod_imovel": "SC-4203501-99DDD3A7831F4ACD8AE13E0A977885D0", "municipio": "Campo Ere", "num_area": 12.6457, "mod_fiscal": 0.7025, "des_condic": "Aguardando analise", "ind_status": "AT", "dat_atuali": "30/08/2024"}, "geometry": {"type": "Polygon", "coordinates": [[[-53.1578863194444, -26.4312074770199], [-53.1565324888889, -26.4348401242421], [-53.1556536166667, -26.4383006131309], [-53.1580296638889, -26.4374655881309], [-53.1579012416667, -26.4355026492421], [-53.1576189055556, -26.4350824936865], [-53.1578273416667, -26.4346026770199], [-53.1583351861111, -26.4344844992421], [-53.1585279583333, -26.4336426297977], [-53.1599386083333, -26.4316471297977], [-53.1578863194444, -26.4312074770199]]]}}, {"type": "Feature", "properties": {"cod_imovel": "SC-4203501-BC25086204A04632873351E2A1476D3E", "municipio": "Campo Ere", "num_area": 60.079, "mod_fiscal": 3.3377, "des_condic": "Aguardando analise", "ind_status": "AT", "dat_atuali": "30/08/2024"}, "geometry": {"type": "Polygon", "coordinates": [[[-53.1531099833333, -26.4299271492422], [-53.1490254416667, -26.4383163270198], [-53.1507365194444, -26.4381938714642], [-53.1509105777778, -26.4382957047976], [-53.1508794194444, -26.4389261020198], [-53.1505781888889, -26.4393453936864], [-53.1506732305556, -26.439764674242], [-53.1512691361111, -26.4406266659086], [-53.1521721888889, -26.440450474242], [-53.1528802166667, -26.4398238020198], [-53.1539199638889, -26.4405143353531], [-53.1543736805556, -26.441232424242], [-53.1548376888889, -26.4414807547975], [-53.1544917666667, -26.4392535797976], [-53.1553705722222, -26.4394150547976], [-53.1565324888889, -26.4348401242421], [-53.1578863194444, -26.4312074770199], [-53.1557195777778, -26.4307432742422], [-53.1531099833333, -26.4299271492422]]]}}, {"type": "Feature", "properties": {"cod_imovel": "SC-4203501-5183F09492FB47C88BA7378F95F3934F", "municipio": "Campo Ere", "num_area": 14.9224, "mod_fiscal": 0.829, "des_condic": "Aguardando analise", "ind_status": "AT", "dat_atuali": "29/08/2024"}, "geometry": {"type": "Polygon", "coordinates": [[[-53.045328855514526, -26.43944205020192], [-53.0455219745636, -26.437535112724095], [-53.03881645202637, -26.433351267791615], [-53.03853390523299, -26.43444586446462], [-53.03857160406415, -26.43496170006973], [-53.03876665027351, -26.43522701632063], [-53.0399215221405, -26.43576744476196], [-53.039846420288086, -26.436002815158712], [-53.045328855514526, -26.43944205020192]]]}}, {"type": "Feature", "properties": {"cod_imovel": "SC-4203501-00248B2DA2D6400FBEEB9E6F9E5E9163", "municipio": "Campo Ere", "num_area": 12.521, "mod_fiscal": 0.6956, "des_condic": "Aguardando analise", "ind_status": "AT", "dat_atuali": "20/08/2024"}, "geometry": {"type": "Polygon", "coordinates": [[[-53.14000210268868, -26.3643561950919], [-53.13844426325338, -26.36411936959889], [-53.13712133089676, -26.3642378494609], [-53.13684232525115, -26.36410571304252], [-53.13482423562538, -26.36543544479307], [-53.1351906925138, -26.36569278003179], [-53.13611666529872, -26.3681908622678], [-53.13636053987214, -26.36851704235611], [-53.13647779566625, -26.36860126004845], [-53.14000210268868, -26.3643561950919]]]}}, {"type": "Feature", "properties": {"cod_imovel": "SC-4203501-67A403E71F9F434381BA61C9BE4AF30E", "municipio": "Campo Ere", "num_area": 3.4245, "mod_fiscal": 0.1902, "des_condic": "Aguardando analise", "ind_status": "AT", "dat_atuali": "16/08/2024"}, "geometry": {"type": "Polygon", "coordinates": [[[-53.06569755077362, -26.399668427672342], [-53.06503236293792, -26.40000958118265], [-53.06766629219055, -26.40328652550953], [-53.068326115608215, -26.402916552583683], [-53.06569755077362, -26.399668427672342]]]}}, {"type": "Feature", "properties": {"cod_imovel": "SC-4203501-328CBAA62CDD47CF83BE96EEFB9BBEE6", "municipio": "Campo Ere", "num_area": 6.4966, "mod_fiscal": 0.3609, "des_condic": "Aguardando analise", "ind_status": "AT", "dat_atuali": "07/08/2024"}, "geometry": {"type": "Polygon", "coordinates": [[[-53.0509157305556, -26.3919114659096], [-53.0498470166667, -26.3937898881318], [-53.0522416527778, -26.3947277659096], [-53.0528703111111, -26.3938126325762], [-53.0528759694444, -26.3934533770207], [-53.0531996888889, -26.3930483436874], [-53.0532241138889, -26.3925059464652], [-53.0509157305556, -26.3919114659096]]]}}, {"type": "Feature", "properties": {"cod_imovel": "SC-4203501-CBAF07C12EBF4021850B4A3ED4B6B051", "municipio": "Campo Ere", "num_area": 18.4503, "mod_fiscal": 1.025, "des_condic": "Aguardando analise", "ind_status": "AT", "dat_atuali": "29/07/2024"}, "geometry": {"type": "Polygon", "coordinates": [[[-53.06725859642029, -26.398539250411087], [-53.06565999984741, -26.399471423073333], [-53.068320751190186, -26.40275799239523], [-53.072311878204346, -26.40032670889352], [-53.0700159072876, -26.397828103317927], [-53.067816495895386, -26.39923117310727], [-53.06725859642029, -26.398539250411087]]]}}, {"type": "Feature", "properties": {"cod_imovel": "SC-4203501-B2A4AEF9336A40A7AA6C5CFC4100519F", "municipio": "Campo Ere", "num_area": 0.15, "mod_fiscal": 0.0083, "des_condic": "Aguardando analise", "ind_status": "AT", "dat_atuali": "17/07/2024"}, "geometry": {"type": "Polygon", "coordinates": [[[-53.09316689877958, -26.39252885555397], [-53.09263031611004, -26.39253713670019], [-53.09263229370117, -26.39272501391097], [-53.09316395448857, -26.39285849639586], [-53.09316689877958, -26.39252885555397]]]}}, {"type": "Feature", "properties": {"cod_imovel": "SC-4203501-750576F938904D0C8D0B1B944AF05184", "municipio": "Campo Ere", "num_area": 16.9076, "mod_fiscal": 0.9393, "des_condic": "Aguardando analise", "ind_status": "AT", "dat_atuali": "11/07/2024"}, "geometry": {"type": "Polygon", "coordinates": [[[-53.0086480861111, -26.4135156381314], [-53.0039092277778, -26.4153929992425], [-53.0054991722222, -26.4185135492424], [-53.0088887694444, -26.4172006825758], [-53.0086480861111, -26.4135156381314]]]}}, {"type": "Feature", "properties": {"cod_imovel": "SC-4203501-965BA5A071D740328540C77624768F0F", "municipio": "Campo Ere", "num_area": 0.3746, "mod_fiscal": 0.0208, "des_condic": "Aguardando analise", "ind_status": "AT", "dat_atuali": "24/06/2024"}, "geometry": {"type": "Polygon", "coordinates": [[[-53.15854722481097, -26.40655311785686], [-53.15758363940717, -26.40687985496809], [-53.15788932972727, -26.40720611108027], [-53.15798784856359, -26.40691186355958], [-53.15835568704838, -26.40705132930961], [-53.15854722481097, -26.40655311785686]]]}}, {"type": "Feature", "properties": {"cod_imovel": "SC-4203501-CFB3D4CC844D41C38C4F5255F3E37210", "municipio": "Campo Ere", "num_area": 14.347, "mod_fiscal": 0.7963, "des_condic": "Aguardando analise", "ind_status": "AT", "dat_atuali": "30/05/2024"}, "geometry": {"type": "Polygon", "coordinates": [[[-53.13215732574463, -26.36572582291156], [-53.12933831341942, -26.36611722994797], [-53.12985319053572, -26.3669331537489], [-53.1301682061807, -26.36684765125006], [-53.13140630722046, -26.368821101961796], [-53.13545151632397, -26.36661575777834], [-53.13516417945747, -26.36569130341268], [-53.132758140563965, -26.364245442761714], [-53.13258598683931, -26.36517544058715], [-53.13215732574463, -26.36572582291156]]]}}, {"type": "Feature", "properties": {"cod_imovel": "SC-4203501-0CE9ADA9E2CA42A79F2687C81230583D", "municipio": "Campo Ere", "num_area": 2.2009, "mod_fiscal": 0.1223, "des_condic": "Aguardando analise", "ind_status": "AT", "dat_atuali": "16/05/2024"}, "geometry": {"type": "Polygon", "coordinates": [[[-53.05689673510678, -26.39842721777729], [-53.0578775735193, -26.39852953355452], [-53.05778386256819, -26.39595193821371], [-53.05714666843414, -26.396055021554094], [-53.05689673510678, -26.39842721777729]]]}}, {"type": "Feature", "properties": {"cod_imovel": "SC-4203501-1DE6C218452B4AA492162A9BBB38A6D8", "municipio": "Campo Ere", "num_area": 2.2, "mod_fiscal": 0.1222, "des_condic": "Aguardando analise", "ind_status": "AT", "dat_atuali": "21/03/2024"}, "geometry": {"type": "Polygon", "coordinates": [[[-53.0629661027778, -26.3945856714651], [-53.0638769305556, -26.3944328047985], [-53.0623553166667, -26.3924602992429], [-53.0614854333333, -26.3926256631318], [-53.0629661027778, -26.3945856714651]]]}}, {"type": "Feature", "properties": {"cod_imovel": "SC-4203501-4303695AF9D44B589B38682C2D97C8F6", "municipio": "Campo Ere", "num_area": 8.7608, "mod_fiscal": 0.4867, "des_condic": "Cancelado por decisao administrativa", "ind_status": "CA", "dat_atuali": "29/12/2020"}, "geometry": {"type": "Polygon", "coordinates": [[[-53.0174538664046, -26.3744654043929], [-53.0188216441605, -26.3761548488891], [-53.0209599774627, -26.3750395711892], [-53.0212187278619, -26.3752134263855], [-53.0233100400766, -26.373736400065], [-53.0221619389945, -26.3729199259663], [-53.0200499186252, -26.3740869310693], [-53.0196419794317, -26.3736508485697], [-53.0184600473489, -26.3743277084714], [-53.0174538664046, -26.3744654043929]]]}}, {"type": "Feature", "properties": {"cod_imovel": "SC-4203501-785F3A260AD94185A10DFEA00662273B", "municipio": "Campo Ere", "num_area": 1.884, "mod_fiscal": 0.1047, "des_condic": "Cancelado por decisao administrativa", "ind_status": "CA", "dat_atuali": "29/12/2020"}, "geometry": {"type": "Polygon", "coordinates": [[[-53.0213576851071, -26.3723479648672], [-53.0196419794317, -26.3736508485697], [-53.0200499186252, -26.3740869310693], [-53.0221619389945, -26.3729199259663], [-53.0213576851071, -26.3723479648672]]]}}, {"type": "Feature", "properties": {"cod_imovel": "SC-4203501-0A5E738AAA764C8491B5489320CB1B9E", "municipio": "Campo Ere", "num_area": 3.6, "mod_fiscal": 0.2, "des_condic": "Cancelado por decisao administrativa", "ind_status": "CA", "dat_atuali": "29/12/2020"}, "geometry": {"type": "Polygon", "coordinates": [[[-53.0233100400766, -26.373736400065], [-53.0212187278619, -26.3752134263855], [-53.0223699774408, -26.3759867934627], [-53.0227727552129, -26.3755992934805], [-53.023845532975, -26.3750590157382], [-53.0242849774133, -26.3745226268637], [-53.0233100400766, -26.373736400065]]]}}, {"type": "Feature", "properties": {"cod_imovel": "SC-4203501-3BF7FD368C4F4F479DD50AFA60B200A9", "municipio": "Campo Ere", "num_area": 129.677, "mod_fiscal": 7.2043, "des_condic": "Aguardando analise", "ind_status": "AT", "dat_atuali": "05/12/2023"}, "geometry": {"type": "Polygon", "coordinates": [[[-53.0049525307024, -26.362752493193], [-53.004041695237, -26.3634922927975], [-53.0028199315819, -26.3668818787626], [-53.0030243529289, -26.3672140651333], [-53.0024518340169, -26.3682671093034], [-53.0027400154571, -26.3690753307444], [-53.0025716779135, -26.3698308181836], [-53.0017557673193, -26.3704137589797], [-53.0015083594819, -26.3703840930427], [-53.0013420296582, -26.3708437680148], [-53.0005857840911, -26.3712031959933], [-53.0001302944926, -26.3720486221627], [-52.9991136593657, -26.3728068413453], [-53.0037469147383, -26.3752134710651], [-53.0072819222146, -26.3742775826391], [-53.00986973352, -26.3748233537773], [-53.01543361, -26.37483806], [-53.0151636602471, -26.3738127393757], [-53.0147731103542, -26.3731973397072], [-53.0148490513377, -26.3728673636411], [-53.0145901814356, -26.3722120198428], [-53.0147412415747, -26.3716837685894], [-53.0128847693578, -26.3708612631458], [-53.0113891899046, -26.365736018629], [-53.0106174948175, -26.365494220745], [-53.009732311433, -26.3647561367212], [-53.0079239790863, -26.3641075375673], [-53.0049525307024, -26.362752493193]]]}}, {"type": "Feature", "properties": {"cod_imovel": "SC-4203501-F47672BE92DE4E0BAA99E546AEA3BB3A", "municipio": "Campo Ere", "num_area": 650.837, "mod_fiscal": 36.1576, "des_condic": "Aguardando analise", "ind_status": "AT", "dat_atuali": "04/12/2023"}, "geometry": {"type": "Polygon", "coordinates": [[[-53.15412963790017, -26.37463856871754], [-53.15147828604119, -26.37451275979943], [-53.1256105106144, -26.37491584371234], [-53.14116856701901, -26.38736711174593], [-53.14114715024233, -26.38766522077526], [-53.14144903096037, -26.38769535167248], [-53.14185808024805, -26.38815458502602], [-53.14207772253756, -26.38807796421239], [-53.14264331603856, -26.38869511750702], [-53.14275601860253, -26.38970537176359], [-53.14403977473386, -26.39063450417483], [-53.14458904065207, -26.3917404084499], [-53.14576465865414, -26.39344156231079], [-53.14620444210234, -26.39469228156817], [-53.14643844176549, -26.39474444887567], [-53.14656892105923, -26.39543867346676], [-53.14633940324231, -26.39575668358674], [-53.14652988464532, -26.39599323587127], [-53.14653303991535, -26.39644704514954], [-53.1463368069224, -26.39684165169821], [-53.14656179654096, -26.3969401373003], [-53.14648392064722, -26.39755999536222], [-53.14749703053102, -26.39841381764789], [-53.1476271466677, -26.39948130448763], [-53.14756039041222, -26.40079619383023], [-53.14816667030254, -26.40230408505099], [-53.14809544139976, -26.40242691786889], [-53.14854214113367, -26.40307089158134], [-53.14854836876588, -26.40407625581765], [-53.1488611479503, -26.40398792614357], [-53.14921462079209, -26.40440487190011], [-53.14914609801986, -26.40519669689037], [-53.14954904370658, -26.40563938782334], [-53.1504351786946, -26.40728045398802], [-53.15031379271643, -26.40810682020911], [-53.15049198499381, -26.40840816375179], [-53.15018672891984, -26.40901784947367], [-53.15103997235159, -26.40872946867596], [-53.15360246440523, -26.4085244230767], [-53.15615597368808, -26.40717019239979], [-53.15841734156826, -26.40643728124939], [-53.15802709474297, -26.40582201218946], [-53.15885241479413, -26.40532876014488], [-53.16082947909816, -26.40567317599485], [-53.16165613031455, -26.40609782981556], [-53.16318288073702, -26.40725212879827], [-53.16471853867359, -26.40738139250718], [-53.17080451903004, -26.40451974795612], [-53.172030170042, -26.40412942624179], [-53.17025284006452, -26.40352343039325], [-53.16528338312637, -26.40056912803533], [-53.16443809763663, -26.40034200861511], [-53.16061653812702, -26.4000856785672], [-53.16099110892752, -26.39977499541751], [-53.16155433525682, -26.39973926365017], [-53.16057008497161, -26.39924628218658], [-53.16102149687549, -26.39928068165735], [-53.16037298350464, -26.39837840244899], [-53.15969590894643, -26.39808821526483], [-53.15878525634716, -26.39739625293087], [-53.15948133666501, -26.39662264284822], [-53.15969176812445, -26.39605811827379], [-53.15910931184197, -26.39558040289151], [-53.15827414720446, -26.39545035023448], [-53.15751030122941, -26.39500410171752], [-53.15732132649936, -26.39447776154178], [-53.15776623182252, -26.39400814380137], [-53.15791098465311, -26.39340039642473], [-53.15785005025952, -26.39303971921853], [-53.15717560659002, -26.39260277844643], [-53.15707385785508, -26.39218388816996], [-53.15724524571512, -26.39208046214449], [-53.1570110001487, -26.39190015448976], [-53.15717110246976, -26.39169964023248], [-53.15716567152599, -26.39129969509165], [-53.15675918371229, -26.39000722045197], [-53.15689374417051, -26.38964302650871], [-53.1575961772403, -26.3894455350355], [-53.15722186879004, -26.38918048755185], [-53.15771524073874, -26.38923866253301], [-53.15761964162202, -26.38871114834707], [-53.15700477073525, -26.38843164987715], [-53.15739075662963, -26.38835686626423], [-53.15735712093081, -26.38826118896832], [-53.15682695026451, -26.38784306261765], [-53.15785854916255, -26.38738984387651], [-53.15755938287082, -26.38623203669914], [-53.157337780956, -26.38589944089538], [-53.15707351165455, -26.38586556344602], [-53.1574803497788, -26.38507794915949], [-53.15726283027554, -26.38453029555068], [-53.15740188133717, -26.38430293204126], [-53.15671108598032, -26.38339879390256], [-53.15670245652152, -26.38251041918474], [-53.15629847778423, -26.38245819384373], [-53.15644413538903, -26.3821506304913], [-53.15605323613731, -26.38171271966451], [-53.15612126848009, -26.38127911195505], [-53.1558802520897, -26.38090878120263], [-53.15594343608993, -26.38064358098102], [-53.1557117882794, -26.38058771923557], [-53.15597184326596, -26.38039749720986], [-53.15575527092858, -26.37997761791796], [-53.15477317227334, -26.37870454358173], [-53.15489082959875, -26.37833792529022], [-53.15467810287374, -26.37838075029861], [-53.15380830789826, -26.37745239379871], [-53.1537370013318, -26.37687098816578], [-53.15396126528742, -26.37648443531777], [-53.1539701130871, -26.3759480700263], [-53.15371377585042, -26.37542975734435], [-53.15393627606989, -26.37533069340042], [-53.1538585982073, -26.37522195888989], [-53.15412963790017, -26.37463856871754]]]}}, {"type": "Feature", "properties": {"cod_imovel": "SC-4203501-55813E5636984F2AA8B67B62313E7F0C", "municipio": "Campo Ere", "num_area": 95.1162, "mod_fiscal": 5.2842, "des_condic": "Aguardando analise", "ind_status": "AT", "dat_atuali": "25/11/2023"}, "geometry": {"type": "Polygon", "coordinates": [[[-53.20825194, -26.40913056], [-53.20336056, -26.41170139], [-53.20376764, -26.4116402], [-53.20438298, -26.41180026], [-53.20430795, -26.41197126], [-53.20445789, -26.41217304], [-53.2051087, -26.41273138], [-53.20535463, -26.41329831], [-53.20528797, -26.41350313], [-53.20545655, -26.41350158], [-53.20567138, -26.41378536], [-53.20592901, -26.41391181], [-53.20651976, -26.41369591], [-53.20694467, -26.41376398], [-53.20756399, -26.41436454], [-53.20785155, -26.41441678], [-53.208114, -26.4147148], [-53.2080332, -26.41494808], [-53.20868466, -26.41552397], [-53.20924426, -26.41635965], [-53.2089566, -26.41671002], [-53.20887713, -26.41734853], [-53.20971559, -26.41787689], [-53.2098779, -26.41831573], [-53.21114409, -26.41835737], [-53.21155715, -26.41894939], [-53.21204035, -26.41898452], [-53.21249311, -26.41936776], [-53.21266001, -26.41932476], [-53.21341951, -26.42040685], [-53.21400006, -26.42047143], [-53.21417295, -26.42008649], [-53.21442765, -26.42009684], [-53.21488509, -26.42047452], [-53.21529377, -26.42057821], [-53.21513163, -26.42066321], [-53.21540708, -26.42110182], [-53.216557, -26.42143346], [-53.21692873, -26.42127822], [-53.21722758, -26.42204288], [-53.2177986, -26.42251176], [-53.22181417, -26.42043583], [-53.20825194, -26.40913056]]]}}, {"type": "Feature", "properties": {"cod_imovel": "SC-4203501-3B8E782C0F424325AE1AD33E993C59F7", "municipio": "Campo Ere", "num_area": 18.9787, "mod_fiscal": 1.0544, "des_condic": "Aguardando analise", "ind_status": "AT", "dat_atuali": "14/08/2023"}, "geometry": {"type": "Polygon", "coordinates": [[[-53.05212957635089, -26.42072392029147], [-53.04632561664426, -26.41621938491793], [-53.04468333603671, -26.41792417957396], [-53.05004417896271, -26.42210072716983], [-53.05047333240509, -26.421802875566666], [-53.05171313196819, -26.42180293822968], [-53.05221909871919, -26.42157183907243], [-53.05225107700701, -26.42145723208899], [-53.0513048171997, -26.421365704884845], [-53.05114924907684, -26.421231190495472], [-53.05212957635089, -26.42072392029147]]]}}, {"type": "Feature", "properties": {"cod_imovel": "SC-4203501-EB4BC47036DE45B9BEDA7F08F8707A94", "municipio": "Campo Ere", "num_area": 16.5883, "mod_fiscal": 0.9216, "des_condic": "Aguardando analise", "ind_status": "AT", "dat_atuali": "06/08/2023"}, "geometry": {"type": "Polygon", "coordinates": [[[-53.1505584350442, -26.35616869156899], [-53.15059590322225, -26.35574194712948], [-53.15103785229774, -26.35537549516834], [-53.15166234970093, -26.35527143398953], [-53.15210223197937, -26.354949375737412], [-53.15227389335632, -26.35380534066511], [-53.1518375234874, -26.35286778700824], [-53.1511365256984, -26.35231144722484], [-53.15038238546557, -26.35252987448402], [-53.14984417780027, -26.35211778539804], [-53.1467123624185, -26.35267410342588], [-53.14751672751804, -26.35369960997756], [-53.14816608221032, -26.35400206707317], [-53.14853187658311, -26.35506921399795], [-53.14842824335424, -26.35657352591737], [-53.1505584350442, -26.35616869156899]]]}}, {"type": "Feature", "properties": {"cod_imovel": "SC-4203501-9AD8361133D54037A7FD008F8267996E", "municipio": "Campo Ere", "num_area": 76.2205, "mod_fiscal": 4.2345, "des_condic": "Aguardando analise", "ind_status": "AT", "dat_atuali": "22/06/2023"}, "geometry": {"type": "Polygon", "coordinates": [[[-53.2381832916667, -26.4380769186865], [-53.2374000055556, -26.4382187159087], [-53.2304809833333, -26.4430166659086], [-53.2310161138889, -26.4464117742419], [-53.2365682472222, -26.4503903770196], [-53.2411830555556, -26.4435810936864], [-53.2402615, -26.4434626186864], [-53.2394242805556, -26.4437924547975], [-53.2382692222222, -26.444579985353], [-53.2374126111111, -26.4447620492419], [-53.2372998583333, -26.4446295492419], [-53.2376576305556, -26.4431019659086], [-53.2382395055556, -26.4417782770197], [-53.2388059555556, -26.4412361881309], [-53.2403825583333, -26.4408375909086], [-53.2404265027778, -26.4405487381309], [-53.2383711666667, -26.4389649353531], [-53.2381832916667, -26.4380769186865]]]}}, {"type": "Feature", "properties": {"cod_imovel": "SC-4203501-07147888E8CE4CE3947B19E713341197", "municipio": "Campo Ere", "num_area": 28.9844, "mod_fiscal": 1.6102, "des_condic": "Aguardando analise", "ind_status": "AT", "dat_atuali": "21/06/2023"}, "geometry": {"type": "Polygon", "coordinates": [[[-53.22229805981011, -26.400629439931585], [-53.22457876482157, -26.406183364584926], [-53.22682346376656, -26.40361109208193], [-53.22272332981898, -26.393377780257907], [-53.22229805981011, -26.400629439931585]]]}}, {"type": "Feature", "properties": {"cod_imovel": "SC-4203501-D64C5FF5CA484EF0A6C0281DD48465B4", "municipio": "Campo Ere", "num_area": 29.0136, "mod_fiscal": 1.6119, "des_condic": "Aguardando analise", "ind_status": "AT", "dat_atuali": "08/05/2023"}, "geometry": {"type": "Polygon", "coordinates": [[[-53.22326660156249, -26.48255826676534], [-53.227214813232415, -26.489164982873184], [-53.228416442871094, -26.487206054315365], [-53.22906017303467, -26.483672216434556], [-53.2261848449707, -26.48397951099616], [-53.22708606719971, -26.47890904573109], [-53.22609901428223, -26.478601737621606], [-53.22326660156249, -26.48255826676534]]]}}, {"type": "Feature", "properties": {"cod_imovel": "SC-4203501-95F029171E5B415497B65C80D020F8DE", "municipio": "Campo Ere", "num_area": 4.1382, "mod_fiscal": 0.2299, "des_condic": "Aguardando analise", "ind_status": "AT", "dat_atuali": "06/05/2023"}, "geometry": {"type": "Polygon", "coordinates": [[[-53.0476691666667, -26.3935327325762], [-53.0466321611111, -26.3950088047984], [-53.0477968944444, -26.396071835354], [-53.0496210361111, -26.3940954492429], [-53.0476691666667, -26.3935327325762]]]}}, {"type": "Feature", "properties": {"cod_imovel": "SC-4203501-85EFE64F1C324577BA2514707E0F5FA5", "municipio": "Campo Ere", "num_area": 83.6697, "mod_fiscal": 4.6483, "des_condic": "Aguardando analise", "ind_status": "AT", "dat_atuali": "06/05/2023"}, "geometry": {"type": "Polygon", "coordinates": [[[-53.0455021611111, -26.3853947020209], [-53.0460566444444, -26.3926913159096], [-53.0490469666667, -26.393517885354], [-53.0492245361111, -26.3930020325763], [-53.04769195, -26.3917581936874], [-53.0488482638889, -26.391384024243], [-53.05295125, -26.3924266631318], [-53.0540419611111, -26.3830878547987], [-53.0521665527778, -26.3832195075765], [-53.046535075, -26.3814881020209], [-53.0455021611111, -26.3853947020209]]]}}, {"type": "Feature", "properties": {"cod_imovel": "SC-4203501-8598120AB6ED48FA81E702A784398B54", "municipio": "Campo Ere", "num_area": 0.6427, "mod_fiscal": 0.0357, "des_condic": "Aguardando analise", "ind_status": "AT", "dat_atuali": "05/02/2016"}, "geometry": {"type": "Polygon", "coordinates": [[[-53.07055354314269, -26.39727409506051], [-53.07009409245665, -26.39687897132032], [-53.06942838175899, -26.39723219496561], [-53.06971481163977, -26.39787292476363], [-53.07055354314269, -26.39727409506051]]]}}, {"type": "Feature", "properties": {"cod_imovel": "SC-4203501-29ACCB8E1F074C5D8AA64DF5239FE915", "municipio": "Campo Ere", "num_area": 8.9723, "mod_fiscal": 0.4985, "des_condic": "Aguardando analise", "ind_status": "AT", "dat_atuali": "25/09/2014"}, "geometry": {"type": "Polygon", "coordinates": [[[-53.04469585418701, -26.417873083994223], [-53.04392337799072, -26.418718625028006], [-53.048880100250244, -26.422600347486156], [-53.04965394118221, -26.42298828362129], [-53.05020345676606, -26.4230457991228], [-53.05027484893799, -26.422773292475902], [-53.04995867336972, -26.42241263827981], [-53.049888610839844, -26.421966213637855], [-53.04469585418701, -26.417873083994223]]]}}, {"type": "Feature", "properties": {"cod_imovel": "SC-4203501-866035A22C044C69A54BAFE4ED142FBE", "municipio": "Campo Ere", "num_area": 61.6199, "mod_fiscal": 3.4233, "des_condic": "Aguardando analise", "ind_status": "AT", "dat_atuali": "08/03/2016"}, "geometry": {"type": "Polygon", "coordinates": [[[-53.1949570805556, -26.3951468964651], [-53.196064725, -26.3945980242429], [-53.1987517638889, -26.3943161297985], [-53.2014706777778, -26.3816068575765], [-53.195061125, -26.3846027075764], [-53.1949570805556, -26.3951468964651]]]}}, {"type": "Feature", "properties": {"cod_imovel": "SC-4203501-7C7C525007C34582BCD370C8A84127DF", "municipio": "Campo Ere", "num_area": 8.6426, "mod_fiscal": 0.4801, "des_condic": "Aguardando analise", "ind_status": "AT", "dat_atuali": "09/03/2016"}, "geometry": {"type": "Polygon", "coordinates": [[[-53.04880858904409, -26.42250397685256], [-53.04394512721294, -26.41867251236288], [-53.04314037957717, -26.41957445828759], [-53.04878362859988, -26.42401457315937], [-53.04899184581768, -26.42374192851658], [-53.04836993696804, -26.42283922206106], [-53.04841155358704, -26.42256744862957], [-53.04880858904409, -26.42250397685256]]]}}, {"type": "Feature", "properties": {"cod_imovel": "SC-4203501-0E59282B2B5B45CCB45B455A890006F6", "municipio": "Campo Ere", "num_area": 14.8188, "mod_fiscal": 0.8233, "des_condic": "Aguardando analise", "ind_status": "AT", "dat_atuali": "15/10/2014"}, "geometry": {"type": "Polygon", "coordinates": [[[-53.16234827041626, -26.36480299075789], [-53.16522182598462, -26.36625529943253], [-53.16540594048429, -26.365416956335], [-53.16651706758211, -26.3657869974991], [-53.16410397176091, -26.36006762178299], [-53.16317479835195, -26.36080967196295], [-53.16234827041626, -26.36480299075789]]]}}, {"type": "Feature", "properties": {"cod_imovel": "SC-4203501-728528BDBE86457BB4878D3EC8874F22", "municipio": "Campo Ere", "num_area": 14.6378, "mod_fiscal": 0.8132, "des_condic": "Aguardando analise", "ind_status": "AT", "dat_atuali": "26/02/2016"}, "geometry": {"type": "Polygon", "coordinates": [[[-53.21129322052002, -26.48912657283011], [-53.21335970488421, -26.48625061824177], [-53.21300983428955, -26.485112652595273], [-53.21298837661743, -26.483864275631785], [-53.2081437166691, -26.48751019683548], [-53.20976972579956, -26.488550420644028], [-53.21129322052002, -26.48912657283011]]]}}, {"type": "Feature", "properties": {"cod_imovel": "SC-4203501-73C20852438240E9B7175E2BA74830E5", "municipio": "Campo Ere", "num_area": 48.3965, "mod_fiscal": 2.6887, "des_condic": "Aguardando analise", "ind_status": "AT", "dat_atuali": "23/04/2016"}, "geometry": {"type": "Polygon", "coordinates": [[[-53.22319031356662, -26.4824480222952], [-53.22734435454947, -26.47704224755572], [-53.22540995654649, -26.47237218716598], [-53.2193094923211, -26.47436890079188], [-53.22319031356662, -26.4824480222952]]]}}, {"type": "Feature", "properties": {"cod_imovel": "SC-4203501-AEEE495057D149739908FFC6772822B7", "municipio": "Campo Ere", "num_area": 57.3207, "mod_fiscal": 3.1845, "des_condic": "Aguardando analise", "ind_status": "AT", "dat_atuali": "11/04/2016"}, "geometry": {"type": "Polygon", "coordinates": [[[-53.2136679777778, -26.4136393659092], [-53.22181423611109, -26.4204358742424], [-53.22336440555561, -26.4196354409091], [-53.2232712, -26.4194323075757], [-53.2234935166667, -26.4194262964646], [-53.2235168861111, -26.419153804798], [-53.2237253333333, -26.4190827742424], [-53.2234673416667, -26.4185368909091], [-53.2235803833333, -26.4180070325758], [-53.222112925, -26.4163235909091], [-53.22201525, -26.4152555131314], [-53.2223068166667, -26.4147522381314], [-53.2223540388889, -26.4141114825758], [-53.222131125, -26.4129930409092], [-53.221601825, -26.4121240159092], [-53.2212840388889, -26.410977343687], [-53.2216872944444, -26.4094966214648], [-53.2215955333333, -26.4091857659093], [-53.2136679777778, -26.4136393659092]]]}}, {"type": "Feature", "properties": {"cod_imovel": "SC-4203501-EA942053D07E4EFE84DFD7B25048FAB3", "municipio": "Campo Ere", "num_area": 24.2711, "mod_fiscal": 1.3484, "des_condic": "Aguardando analise", "ind_status": "AT", "dat_atuali": "20/05/2015"}, "geometry": {"type": "Polygon", "coordinates": [[[-53.23551893234253, -26.495713707598025], [-53.23056221008301, -26.502722926224358], [-53.232858180999756, -26.503951895848076], [-53.237428665161126, -26.497230807605497], [-53.23746211192044, -26.49688939530219], [-53.23705660721811, -26.49615647422723], [-53.23619952748344, -26.49567088956383], [-53.23579824668403, -26.49584204096904], [-53.23551893234253, -26.495713707598025]]]}}, {"type": "Feature", "properties": {"cod_imovel": "SC-4203501-FB0B6FB0839444EBAD764AE33DE9556F", "municipio": "Campo Ere", "num_area": 11.685, "mod_fiscal": 0.6492, "des_condic": "Aguardando analise", "ind_status": "AT", "dat_atuali": "19/02/2015"}, "geometry": {"type": "Polygon", "coordinates": [[[-53.04457180695763, -26.4342233555277], [-53.04426670074463, -26.435320720033832], [-53.049137592315674, -26.438644694793357], [-53.05025339126587, -26.437415027443826], [-53.045125007629395, -26.433802803718233], [-53.04457180695763, -26.4342233555277]]]}}, {"type": "Feature", "properties": {"cod_imovel": "SC-4203501-4668BC5A4E674D9C9919571BD1F45EE1", "municipio": "Campo Ere", "num_area": 7.0354, "mod_fiscal": 0.3702, "des_condic": "Aguardando analise", "ind_status": "AT", "dat_atuali": "21/11/2014"}, "geometry": {"type": "Polygon", "coordinates": [[[-53.03369606384537, -26.42670054168186], [-53.03446054458618, -26.425271357837833], [-53.03214629040915, -26.4247793752038], [-53.03204851074678, -26.42565735926661], [-53.02779604082479, -26.42569858975255], [-53.02745069661653, -26.42614709487085], [-53.03369606384537, -26.42670054168186]]]}}, {"type": "Feature", "properties": {"cod_imovel": "SC-4203501-0AD4335CEB0E4FFAB6AE28DF2584F5AD", "municipio": "Campo Ere", "num_area": 6.7043, "mod_fiscal": 0.3725, "des_condic": "Aguardando analise", "ind_status": "AT", "dat_atuali": "29/04/2016"}, "geometry": {"type": "Polygon", "coordinates": [[[-53.2212116527778, -26.4086289436871], [-53.213125825, -26.4131886353536], [-53.2136680583333, -26.4136394464647], [-53.2213608388889, -26.4093177770204], [-53.2212116527778, -26.4086289436871]]]}}, {"type": "Feature", "properties": {"cod_imovel": "SC-4203501-02F4D252B9884CE482BFA9882B324BF1", "municipio": "Campo Ere", "num_area": 129.273, "mod_fiscal": 7.1818, "des_condic": "Aguardando analise", "ind_status": "AT", "dat_atuali": "26/05/2015"}, "geometry": {"type": "Polygon", "coordinates": [[[-53.11288460580696, -26.42003750165704], [-53.10237396958452, -26.42707243000585], [-53.11016398549787, -26.43107657737642], [-53.11306910662196, -26.43374990485019], [-53.12075415272555, -26.42665419502904], [-53.1189812978569, -26.42555350862409], [-53.11859139404284, -26.42551416076254], [-53.11675412139507, -26.42385889868908], [-53.11519702672575, -26.42335871109266], [-53.11535151306948, -26.4229723019011], [-53.11510045517717, -26.42276804890629], [-53.11499215799289, -26.42217557561824], [-53.11456670569745, -26.4216241706278], [-53.1141728703594, -26.42160211674065], [-53.11357201256743, -26.42126735642171], [-53.11323745940269, -26.42076619958587], [-53.112686160867, -26.42064018127881], [-53.11288460580696, -26.42003750165704]]]}}, {"type": "Feature", "properties": {"cod_imovel": "SC-4203501-1151638078F345C7B76A7FBEAD2FA171", "municipio": "Campo Ere", "num_area": 51.9335, "mod_fiscal": 2.8852, "des_condic": "Aguardando analise", "ind_status": "AT", "dat_atuali": "31/03/2016"}, "geometry": {"type": "Polygon", "coordinates": [[[-53.1190056916667, -26.464984354797], [-53.1154056111111, -26.4710744520191], [-53.1204103916667, -26.474952240908], [-53.1240781527778, -26.4688121020192], [-53.1233501472222, -26.4683354186859], [-53.1231426888889, -26.4677326742414], [-53.1224136333333, -26.4673079881303], [-53.1224062666667, -26.4671294825748], [-53.1219117027778, -26.4667185020192], [-53.1216010416667, -26.4667238686859], [-53.121607325, -26.4661600936859], [-53.1214461222222, -26.4661555853526], [-53.1210511222222, -26.4655699853526], [-53.1204474388889, -26.4654676492415], [-53.1200380638889, -26.4649744464637], [-53.1190056916667, -26.464984354797]]]}}, {"type": "Feature", "properties": {"cod_imovel": "SC-4203501-0E46C592D4F84949AA8F069BD3730CA4", "municipio": "Campo Ere", "num_area": 39.3942, "mod_fiscal": 2.1882, "des_condic": "Aguardando analise", "ind_status": "AT", "dat_atuali": "31/03/2016"}, "geometry": {"type": "Polygon", "coordinates": [[[-53.004158275, -26.3633530742435], [-53.0047836277778, -26.3628573464657], [-53.0051019138889, -26.3628274631324], [-53.0078635444444, -26.3641483853546], [-53.0095954861111, -26.3647510325768], [-53.0106172416667, -26.3655594714657], [-53.0113956777778, -26.3657808214657], [-53.0123767444444, -26.3637607409102], [-53.0130465527778, -26.3627847575769], [-53.01220615, -26.3626272797991], [-53.01112495, -26.3628766881324], [-53.010465, -26.3624066381324], [-53.0104375416667, -26.3613755409102], [-53.0097416416667, -26.3606580659102], [-53.0098284777778, -26.360500993688], [-53.0062886583333, -26.358128132577], [-53.0044735972222, -26.3571700297992], [-53.004158275, -26.3633530742435]]]}}, {"type": "Feature", "properties": {"cod_imovel": "SC-4203501-4CCAC145DFD049D193739849815E7FD4", "municipio": "Campo Ere", "num_area": 48.1111, "mod_fiscal": 2.6728, "des_condic": "Aguardando analise", "ind_status": "AT", "dat_atuali": "31/03/2016"}, "geometry": {"type": "Polygon", "coordinates": [[[-53.1187633388889, -26.4499407825751], [-53.1100129472222, -26.4595485464638], [-53.1113379805556, -26.4628903492415], [-53.1204179222222, -26.4529524742417], [-53.1204398944444, -26.4525122075751], [-53.1198021444444, -26.4521106797973], [-53.1199443027778, -26.451975496464], [-53.1197555111111, -26.4517280909084], [-53.1198701361111, -26.4514100103529], [-53.1196303583333, -26.4513395853529], [-53.1196631083333, -26.4510085020195], [-53.1192873916667, -26.4507600825751], [-53.1192540916667, -26.4504675603529], [-53.1188705361111, -26.4502525853529], [-53.1187633388889, -26.4499407825751]]]}}, {"type": "Feature", "properties": {"cod_imovel": "SC-4203501-A8D71A1989ED4081B3BDB386B5A3F910", "municipio": "Campo Ere", "num_area": 19.2332, "mod_fiscal": 1.0685, "des_condic": "Aguardando analise", "ind_status": "AT", "dat_atuali": "31/03/2016"}, "geometry": {"type": "Polygon", "coordinates": [[[-53.0699643, -26.4080772770204], [-53.0755141361111, -26.4117482714648], [-53.0771330222222, -26.4097950714648], [-53.0708414194444, -26.4058134436871], [-53.0699643, -26.4080772770204]]]}}, {"type": "Feature", "properties": {"cod_imovel": "SC-4203501-61D75F5C3D0548C4BF9DDFA95AD16704", "municipio": "Campo Ere", "num_area": 2.8921, "mod_fiscal": 0.1607, "des_condic": "Aguardando analise", "ind_status": "AT", "dat_atuali": "21/02/2015"}, "geometry": {"type": "Polygon", "coordinates": [[[-53.04018974304199, -26.426385861846548], [-53.040640354156494, -26.426750955644557], [-53.040640354156494, -26.427116048286372], [-53.04132699966431, -26.427865445349884], [-53.04270029067993, -26.4265780166212], [-53.04072618484497, -26.425732533217097], [-53.04018974304199, -26.426385861846548]]]}}, {"type": "Feature", "properties": {"cod_imovel": "SC-4203501-7AEF50B43974426AB89AD9F82F228082", "municipio": "Campo Ere", "num_area": 4.6695, "mod_fiscal": 0.2594, "des_condic": "Aguardando analise", "ind_status": "AT", "dat_atuali": "04/04/2016"}, "geometry": {"type": "Polygon", "coordinates": [[[-53.11538355852194, -26.43587544115003], [-53.1150947905268, -26.43569603471217], [-53.11391426366073, -26.43688637226692], [-53.10864136497547, -26.44134650396842], [-53.10903504768536, -26.44190468587985], [-53.11538355852194, -26.43587544115003]]]}}, {"type": "Feature", "properties": {"cod_imovel": "SC-4203501-6D5B8D3A688D47D196899BEA35281762", "municipio": "Campo Ere", "num_area": 15.7077, "mod_fiscal": 0.8726, "des_condic": "Aguardando analise", "ind_status": "AT", "dat_atuali": "15/02/2022"}, "geometry": {"type": "Polygon", "coordinates": [[[-53.15037488937378, -26.35209407380317], [-53.15067529678345, -26.35034432532755], [-53.15056800842285, -26.349729022869994], [-53.15018177032471, -26.348459951214803], [-53.1496238708496, -26.347844638734106], [-53.14940929412842, -26.347710038692686], [-53.14691311826455, -26.34925549577552], [-53.14725142109436, -26.35019220870369], [-53.14648510577309, -26.3519456683146], [-53.14672883559606, -26.35263217985629], [-53.15037488937378, -26.35209407380317]]]}}, {"type": "Feature", "properties": {"cod_imovel": "SC-4203501-832F2152D1304857AAB404A9D9D4164A", "municipio": "Campo Ere", "num_area": 1.5242, "mod_fiscal": 0.0847, "des_condic": "Aguardando analise", "ind_status": "AT", "dat_atuali": "28/04/2016"}, "geometry": {"type": "Polygon", "coordinates": [[[-53.093753125, -26.4030422936872], [-53.0931404166667, -26.4038533770205], [-53.0942873277778, -26.4045667547983], [-53.0949139166667, -26.4037537047983], [-53.093753125, -26.4030422936872]]]}}, {"type": "Feature", "properties": {"cod_imovel": "SC-4203501-E0D1C32801C34542868AFF88C476C53E", "municipio": "Campo Ere", "num_area": 57.5392, "mod_fiscal": 3.1966, "des_condic": "Aguardando analise", "ind_status": "AT", "dat_atuali": "13/04/2016"}, "geometry": {"type": "Polygon", "coordinates": [[[-53.0942921194444, -26.4484663297974], [-53.0947358444444, -26.4488385825751], [-53.0948698916667, -26.4495715297974], [-53.0951150555556, -26.4498358770196], [-53.0946642805556, -26.4507646631307], [-53.0948878472222, -26.4510078853529], [-53.0947313083333, -26.4514194297973], [-53.0950407166667, -26.4516775270195], [-53.0949608833333, -26.4519518603529], [-53.0952087, -26.4521020575751], [-53.0951610805556, -26.4526225770195], [-53.0955376888889, -26.4532690825751], [-53.095359475, -26.4538376659084], [-53.0956153861111, -26.454246832575], [-53.1051360027778, -26.4493009992418], [-53.1035506444444, -26.4464770381307], [-53.1026126361111, -26.4451559797974], [-53.0942921194444, -26.4484663297974]]]}}, {"type": "Feature", "properties": {"cod_imovel": "SC-4203501-257D8899C8ED434B98574544CB940985", "municipio": "Campo Ere", "num_area": 37.7389, "mod_fiscal": 2.0966, "des_condic": "Aguardando analise", "ind_status": "AT", "dat_atuali": "13/04/2016"}, "geometry": {"type": "Polygon", "coordinates": [[[-53.1858540361111, -26.4948680409076], [-53.1813116638889, -26.498570896463], [-53.1860579027778, -26.502639196463], [-53.1901274583333, -26.4985281547964], [-53.1858540361111, -26.4948680409076]]]}}, {"type": "Feature", "properties": {"cod_imovel": "SC-4203501-671292CF350848BE97DFC3EC90629DD3", "municipio": "Campo Ere", "num_area": 12.5741, "mod_fiscal": 0.6986, "des_condic": "Aguardando analise", "ind_status": "AT", "dat_atuali": "06/08/2019"}, "geometry": {"type": "Polygon", "coordinates": [[[-53.21696124511674, -26.43664363735023], [-53.21753740310669, -26.43708839484838], [-53.22818233300848, -26.42775412860134], [-53.22777248548101, -26.42694738174638], [-53.21696124511674, -26.43664363735023]]]}}, {"type": "Feature", "properties": {"cod_imovel": "SC-4203501-67038475132E4F4399DE5D3D037440CC", "municipio": "Campo Ere", "num_area": 55.5, "mod_fiscal": 3.0833, "des_condic": "Aguardando analise", "ind_status": "AT", "dat_atuali": "13/04/2016"}, "geometry": {"type": "Polygon", "coordinates": [[[-53.1128270888889, -26.4453048297974], [-53.1052756888889, -26.4492284325751], [-53.1073797083333, -26.4530947353528], [-53.1086040972222, -26.456007357575], [-53.1106238083333, -26.4523511409084], [-53.1144925055556, -26.4502791686862], [-53.1157858388889, -26.4486308325751], [-53.1154784805556, -26.4484275353529], [-53.1156161722222, -26.4482816186863], [-53.1152249027778, -26.4477225770196], [-53.1146953861111, -26.4475376131307], [-53.1143951444444, -26.4470622742418], [-53.1137224666667, -26.4467169020196], [-53.1135981166667, -26.446140060353], [-53.1128905777778, -26.445698760353], [-53.1128270888889, -26.4453048297974]]]}}, {"type": "Feature", "properties": {"cod_imovel": "SC-4203501-F3A9494A2364424CA7DFDB2BFC0A5469", "municipio": "Campo Ere", "num_area": 35.6659, "mod_fiscal": 1.9814, "des_condic": "Aguardando analise", "ind_status": "AT", "dat_atuali": "13/04/2016"}, "geometry": {"type": "Polygon", "coordinates": [[[-53.1803349138889, -26.5084088409073], [-53.1860579027778, -26.502639196463], [-53.1813116638889, -26.498570896463], [-53.1802712138889, -26.4993185909075], [-53.1801068666667, -26.5004892520186], [-53.1801655583333, -26.5020349436852], [-53.1798909194444, -26.5047817492407], [-53.1802464416667, -26.5068119186851], [-53.1799243527778, -26.5071702631295], [-53.1798670666667, -26.5076218770184], [-53.1803349138889, -26.5084088409073]]]}}, {"type": "Feature", "properties": {"cod_imovel": "SC-4203501-421EB484C2584B2B848611CA45B547CE", "municipio": "Campo Ere", "num_area": 265.8038, "mod_fiscal": 14.7669, "des_condic": "Aguardando analise", "ind_status": "AT", "dat_atuali": "11/04/2016"}, "geometry": {"type": "Polygon", "coordinates": [[[-53.206578525, -26.3984329797984], [-53.2083390388889, -26.4021586686872], [-53.2115154166667, -26.4039449631316], [-53.2139155805556, -26.4105913714648], [-53.2157679166667, -26.4096480770204], [-53.2164172916667, -26.4107073409092], [-53.22125659444441, -26.4079781492426], [-53.221181125, -26.407592582576], [-53.22092974722221, -26.40734068535381], [-53.2206923305556, -26.4058056436871], [-53.21982473055559, -26.4051650214649], [-53.2196802027778, -26.403956332576], [-53.2198674972222, -26.4038022964649], [-53.2198761361111, -26.4033237881316], [-53.21971303333329, -26.4028403492427], [-53.2203297472222, -26.4017815909094], [-53.22024448055561, -26.4009381186872], [-53.2199886722222, -26.4003544297983], [-53.2222981222222, -26.4006294186872], [-53.2227234388889, -26.3933777159096], [-53.2191385944444, -26.3906560936874], [-53.2187364555556, -26.3900280075763], [-53.2180685416667, -26.389676599243], [-53.2174630333333, -26.3887027103541], [-53.216416125, -26.3876016797986], [-53.2155173194444, -26.387004799243], [-53.2154705416667, -26.3862289075764], [-53.21494893611111, -26.3855233464653], [-53.2154878888889, -26.3851549936875], [-53.21562837777779, -26.3848573409098], [-53.2105075055556, -26.3857398075764], [-53.21109080833331, -26.3881556353541], [-53.21209963611111, -26.3878840909097], [-53.2127164083333, -26.3882473520208], [-53.2116197388889, -26.3910625686874], [-53.2105708527778, -26.3918986186874], [-53.2098017138889, -26.3929166047985], [-53.2100564861111, -26.3930845464651], [-53.2109205777778, -26.3959082075762], [-53.20874478055559, -26.3959049909095], [-53.20911645277781, -26.3972103242428], [-53.2070644666667, -26.3973093242428], [-53.2061391805556, -26.3970725520206], [-53.206578525, -26.3984329797984]]]}}, {"type": "Feature", "properties": {"cod_imovel": "SC-4203501-219751B8EE014390820649C0BFF3BA1C", "municipio": "Campo Ere", "num_area": 2.0075, "mod_fiscal": 0.1115, "des_condic": "Aguardando analise", "ind_status": "AT", "dat_atuali": "19/12/2017"}, "geometry": {"type": "Polygon", "coordinates": [[[-53.06593974367655, -26.39759432418114], [-53.06405067443848, -26.398865992201145], [-53.064587116241455, -26.399346493153384], [-53.066604137420654, -26.398231727881427], [-53.06593974367655, -26.39759432418114]]]}}, {"type": "Feature", "properties": {"cod_imovel": "SC-4203501-15B184915F854C3D9DBE0DDC900A7B78", "municipio": "Campo Ere", "num_area": 23.6329, "mod_fiscal": 1.3129, "des_condic": "Aguardando analise", "ind_status": "AT", "dat_atuali": "03/05/2016"}, "geometry": {"type": "Polygon", "coordinates": [[[-53.21692380058288, -26.46786821960751], [-53.21604678534247, -26.46546791927804], [-53.20823873325278, -26.46799775730944], [-53.20901882172391, -26.47049661012224], [-53.21692380058288, -26.46786821960751]]]}}, {"type": "Feature", "properties": {"cod_imovel": "SC-4203501-912C249F794548CE89ED922D736872A0", "municipio": "Campo Ere", "num_area": 109.8748, "mod_fiscal": 6.1042, "des_condic": "Aguardando analise", "ind_status": "AT", "dat_atuali": "12/04/2016"}, "geometry": {"type": "Polygon", "coordinates": [[[-53.0808091833333, -26.4486339409085], [-53.079091425, -26.4520547297973], [-53.0782979138889, -26.4549021409084], [-53.0956304194444, -26.4558720270194], [-53.0955006, -26.4557154603528], [-53.0955364083333, -26.4552005742417], [-53.0952183027778, -26.4549062686861], [-53.0956192722222, -26.4543418436861], [-53.0954951083333, -26.4538662909084], [-53.095359475, -26.4538376659084], [-53.0955376888889, -26.4532690825751], [-53.0951610805556, -26.4526225770195], [-53.0952277472222, -26.4521853992417], [-53.0949608833333, -26.4519518603529], [-53.0950407166667, -26.4516775270195], [-53.0947313083333, -26.4514194297973], [-53.0948878472222, -26.4510078853529], [-53.0946642805556, -26.4507646631307], [-53.0948630388889, -26.4502094881307], [-53.0950593666667, -26.4501178686862], [-53.0950715555556, -26.4497680825751], [-53.0808091833333, -26.4486339409085]]]}}, {"type": "Feature", "properties": {"cod_imovel": "SC-4203501-C6C7C84E56EB4FDF951B142250F19431", "municipio": "Campo Ere", "num_area": 36.5171, "mod_fiscal": 2.0287, "des_condic": "Aguardando analise", "ind_status": "AT", "dat_atuali": "01/05/2016"}, "geometry": {"type": "Polygon", "coordinates": [[[-53.18989358772376, -26.46694889496537], [-53.19156886179654, -26.46740820959169], [-53.1921656173618, -26.46902090940564], [-53.19126104778107, -26.47021275172555], [-53.19535333344677, -26.46980980486119], [-53.19985461135662, -26.46832904486406], [-53.20005795509231, -26.4673752777986], [-53.19878200249565, -26.46457049886695], [-53.19669244120451, -26.46547055957812], [-53.19403484747786, -26.46608987711908], [-53.19161291921712, -26.46610278336415], [-53.18911466226184, -26.46653057093184], [-53.18989358772376, -26.46694889496537]]]}}, {"type": "Feature", "properties": {"cod_imovel": "SC-4203501-B26E367DC2CC42A58460B3313E06ECD1", "municipio": "Campo Ere", "num_area": 32.8046, "mod_fiscal": 1.8225, "des_condic": "Aguardando analise", "ind_status": "AT", "dat_atuali": "12/07/2016"}, "geometry": {"type": "Polygon", "coordinates": [[[-53.193441075, -26.4882888575744], [-53.1897078555556, -26.4915010909076], [-53.194206475, -26.4953600909076], [-53.1981923166667, -26.4923135409076], [-53.193441075, -26.4882888575744]]]}}, {"type": "Feature", "properties": {"cod_imovel": "SC-4203501-CB06B31F4B324DA49E825A414FCEF503", "municipio": "Campo Ere", "num_area": 4.3474, "mod_fiscal": 0.2415, "des_condic": "Aguardando analise", "ind_status": "AT", "dat_atuali": "28/12/2017"}, "geometry": {"type": "Polygon", "coordinates": [[[-53.0199430666667, -26.3870937575764], [-53.0198020833333, -26.3891109103541], [-53.0199032722222, -26.3900125186874], [-53.02034805, -26.3903862770208], [-53.020914325, -26.3903892270208], [-53.0212432444444, -26.3870791603542], [-53.0199430666667, -26.3870937575764]]]}}, {"type": "Feature", "properties": {"cod_imovel": "SC-4203501-A5A4B896661541AAA51E88FFCD19107B", "municipio": "Campo Ere", "num_area": 101.5558, "mod_fiscal": 5.642, "des_condic": "Aguardando analise", "ind_status": "AT", "dat_atuali": "12/07/2016"}, "geometry": {"type": "Polygon", "coordinates": [[[-53.206548775, -26.4782409603523], [-53.2060738638889, -26.4784946631301], [-53.2060536444444, -26.4791361686857], [-53.2063945222222, -26.4801715242412], [-53.2061447305556, -26.4813299436856], [-53.2050943611111, -26.4818621103523], [-53.2044138722222, -26.4818064770189], [-53.2031113194444, -26.4825085742411], [-53.2025480583333, -26.4832502047967], [-53.2027626666667, -26.4841585742411], [-53.2027411, -26.4846171436855], [-53.2025322305556, -26.4848370714633], [-53.2022581194444, -26.4849250186855], [-53.2001826083333, -26.4846028242411], [-53.1992642416667, -26.4842809520189], [-53.1987165388889, -26.4838469325744], [-53.193441075, -26.4882888575744], [-53.1981923166667, -26.4923135409076], [-53.2094580583333, -26.4841227909078], [-53.2090211166667, -26.4834166742411], [-53.2090539555556, -26.4830731714634], [-53.2099030222222, -26.4815847603523], [-53.2107118888889, -26.4811422909078], [-53.2105929416667, -26.479467202019], [-53.2102021, -26.4790503964634], [-53.2090745694444, -26.4785902603523], [-53.206548775, -26.4782409603523]]]}}, {"type": "Feature", "properties": {"cod_imovel": "SC-4203501-79323C7D013946A79889A1CD486CCBF3", "municipio": "Campo Ere", "num_area": 21.7361, "mod_fiscal": 1.2076, "des_condic": "Aguardando analise", "ind_status": "AT", "dat_atuali": "23/03/2015"}, "geometry": {"type": "Polygon", "coordinates": [[[-53.00866016394, -26.41359190925553], [-53.00815742897056, -26.40651342380641], [-53.00599640075206, -26.40664723079425], [-53.00562198357375, -26.41469059857237], [-53.00866016394, -26.41359190925553]]]}}, {"type": "Feature", "properties": {"cod_imovel": "SC-4203501-33C82E0D6C034F0D9101FFADB44EF3F4", "municipio": "Campo Ere", "num_area": 13.9053, "mod_fiscal": 0.7725, "des_condic": "Aguardando analise", "ind_status": "AT", "dat_atuali": "25/03/2015"}, "geometry": {"type": "Polygon", "coordinates": [[[-52.99510717391968, -26.400192169971078], [-52.999012470245354, -26.407630015049346], [-52.99977093512167, -26.40753025220628], [-53.00066470938072, -26.40718429518764], [-52.99758761668102, -26.40199669216743], [-52.996437549591064, -26.39969245260044], [-52.99510717391968, -26.400192169971078]]]}}, {"type": "Feature", "properties": {"cod_imovel": "SC-4203501-61011388762245BF8B4318D3071F7D9D", "municipio": "Campo Ere", "num_area": 13.5293, "mod_fiscal": 0.7516, "des_condic": "Aguardando analise", "ind_status": "AT", "dat_atuali": "04/05/2016"}, "geometry": {"type": "Polygon", "coordinates": [[[-53.218631744384766, -26.48355698076225], [-53.22049856185913, -26.4846517149869], [-53.22163581848144, -26.484670920757477], [-53.22311639785766, -26.482596679002526], [-53.22180747985839, -26.479427626304084], [-53.218631744384766, -26.48355698076225]]]}}, {"type": "Feature", "properties": {"cod_imovel": "SC-4203501-6BB1C0E0699C4A01BF81703332354307", "municipio": "Campo Ere", "num_area": 24.4333, "mod_fiscal": 1.3574, "des_condic": "Aguardando analise", "ind_status": "AT", "dat_atuali": "05/05/2016"}, "geometry": {"type": "Polygon", "coordinates": [[[-53.18709564699834, -26.451431200437], [-53.19284884511629, -26.45123589123159], [-53.19328241203697, -26.45002966909895], [-53.19316357925089, -26.4477337475891], [-53.18696064118737, -26.44770811396249], [-53.18709564699834, -26.451431200437]]]}}, {"type": "Feature", "properties": {"cod_imovel": "SC-4203501-C5A949F3BEC84E2E9B34D6363A573B56", "municipio": "Campo Ere", "num_area": 21.6797, "mod_fiscal": 1.2044, "des_condic": "Aguardando analise", "ind_status": "AT", "dat_atuali": "21/04/2016"}, "geometry": {"type": "Polygon", "coordinates": [[[-53.0497230666667, -26.4423192020197], [-53.0568472666667, -26.4469812381307], [-53.0578608472222, -26.4466740242419], [-53.0582407138889, -26.4467372381307], [-53.0591345333333, -26.4474279047974], [-53.0593727444444, -26.4473905992418], [-53.06015, -26.4465356909085], [-53.0549539972222, -26.4434464464641], [-53.0511450361111, -26.440846699242], [-53.0497230666667, -26.4423192020197]]]}}, {"type": "Feature", "properties": {"cod_imovel": "SC-4203501-D720D6119E1B4CC094EA9B7B6971AB86", "municipio": "Campo Ere", "num_area": 15.7081, "mod_fiscal": 0.8591, "des_condic": "Aguardando analise", "ind_status": "AT", "dat_atuali": "25/03/2015"}, "geometry": {"type": "Polygon", "coordinates": [[[-53.04722785949707, -26.451497775703], [-53.046090602874756, -26.453284413314865], [-53.05163647506254, -26.45626426987744], [-53.05349349975586, -26.454840494455823], [-53.04722785949707, -26.451497775703]]]}}, {"type": "Feature", "properties": {"cod_imovel": "SC-4203501-BA8D4F1359EC4F7EBDC8661B4EB788F1", "municipio": "Campo Ere", "num_area": 13.1061, "mod_fiscal": 0.7281, "des_condic": "Aguardando analise", "ind_status": "AT", "dat_atuali": "03/05/2016"}, "geometry": {"type": "Polygon", "coordinates": [[[-53.161983489990234, -26.375338219745032], [-53.16226243972778, -26.3735888230357], [-53.16164016723633, -26.372858297889547], [-53.16153287887573, -26.37118576240186], [-53.158957958221436, -26.370589795631723], [-53.159708976745605, -26.37299286865821], [-53.15857172012329, -26.375530459526498], [-53.161983489990234, -26.375338219745032]]]}}, {"type": "Feature", "properties": {"cod_imovel": "SC-4203501-6F2841DD96314019AD180EBC1CC9F8B9", "municipio": "Campo Ere", "num_area": 48.4047, "mod_fiscal": 2.5035, "des_condic": "Aguardando analise", "ind_status": "AT", "dat_atuali": "09/08/2022"}, "geometry": {"type": "Polygon", "coordinates": [[[-53.03508281707764, -26.432573084702756], [-53.035898208618164, -26.428230534462212], [-53.02564144134521, -26.427308201843992], [-53.02508354187012, -26.431497069801345], [-53.03508281707764, -26.432573084702756]]]}}, {"type": "Feature", "properties": {"cod_imovel": "SC-4203501-A0B650F39BCA4618BCC19619C20B11C2", "municipio": "Campo Ere", "num_area": 7.26, "mod_fiscal": 0.4033, "des_condic": "Aguardando analise", "ind_status": "AT", "dat_atuali": "02/05/2016"}, "geometry": {"type": "Polygon", "coordinates": [[[-53.1585784041085, -26.4903144568304], [-53.1578818787445, -26.4945502009587], [-53.1590357927324, -26.4953610154943], [-53.1600534264191, -26.4895374574561], [-53.1585784041085, -26.4903144568304]]]}}, {"type": "Feature", "properties": {"cod_imovel": "SC-4203501-69B44BCF4E93482EA7B8612BA604DBE3", "municipio": "Campo Ere", "num_area": 6.9253, "mod_fiscal": 0.3847, "des_condic": "Aguardando analise", "ind_status": "AT", "dat_atuali": "02/05/2016"}, "geometry": {"type": "Polygon", "coordinates": [[[-53.154433717921, -26.4772775925238], [-53.1562066511959, -26.4830120883763], [-53.1576356916912, -26.4808160843399], [-53.154433717921, -26.4772775925238]]]}}, {"type": "Feature", "properties": {"cod_imovel": "SC-4203501-9825E1ABE8644A24A34EAEF1B1D6AAE4", "municipio": "Campo Ere", "num_area": 31.456, "mod_fiscal": 1.7476, "des_condic": "Aguardando analise", "ind_status": "AT", "dat_atuali": "28/08/2019"}, "geometry": {"type": "Polygon", "coordinates": [[[-53.01437288776921, -26.40588617123864], [-53.01415216927808, -26.39891468277462], [-53.01192020573625, -26.39890115873959], [-53.01202902276371, -26.39820397301785], [-53.01012894693754, -26.39827960869284], [-53.01057185002233, -26.40592721579524], [-53.01124723956598, -26.40562186485992], [-53.01299644609211, -26.40609767180775], [-53.01437288776921, -26.40588617123864]]]}}, {"type": "Feature", "properties": {"cod_imovel": "SC-4203501-6CDCC6149DDB4EB9826F104657E72678", "municipio": "Campo Ere", "num_area": 50.1266, "mod_fiscal": 2.7848, "des_condic": "Aguardando analise", "ind_status": "AT", "dat_atuali": "26/09/2019"}, "geometry": {"type": "Polygon", "coordinates": [[[-53.23350710253746, -26.49295652831357], [-53.23280184245967, -26.4907258260589], [-53.23223505132965, -26.49001213908747], [-53.23189237208008, -26.48989824256288], [-53.23142572536823, -26.48902332714798], [-53.22984737913365, -26.49131065436971], [-53.22532653808594, -26.49657788094297], [-53.225884437561035, -26.497192400257436], [-53.2259155940236, -26.50004617104283], [-53.22669982910156, -26.50091785325834], [-53.22711137748783, -26.50086808688738], [-53.22757826479892, -26.50030262892106], [-53.22799851347569, -26.50009935271498], [-53.22880268096924, -26.499957696511107], [-53.23350710253746, -26.49295652831357]]]}}, {"type": "Feature", "properties": {"cod_imovel": "SC-4203501-95BAFB5D14AA4E23AB2D53E7008F07AE", "municipio": "Campo Ere", "num_area": 46.2439, "mod_fiscal": 2.3333, "des_condic": "Aguardando analise", "ind_status": "AT", "dat_atuali": "14/09/2018"}, "geometry": {"type": "Polygon", "coordinates": [[[-52.99798250198364, -26.43053633372244], [-53.00225257873535, -26.425847826773662], [-52.99918413162231, -26.42113991278474], [-52.99729585647583, -26.42242740223703], [-52.9964804649353, -26.423272909878055], [-52.9940128326416, -26.424656454462614], [-52.99341201782226, -26.42523292647297], [-52.99798250198364, -26.43053633372244]]]}}, {"type": "Feature", "properties": {"cod_imovel": "SC-4203501-C311E0D55E194A97B4ACE369B3AD350C", "municipio": "Campo Ere", "num_area": 12.1205, "mod_fiscal": 0.6734, "des_condic": "Aguardando analise", "ind_status": "AT", "dat_atuali": "12/08/2019"}, "geometry": {"type": "Polygon", "coordinates": [[[-52.99763556726485, -26.40205739742563], [-53.0006854754383, -26.40715446654155], [-53.001952171325684, -26.407187985975966], [-52.99764110700095, -26.39919942978656], [-52.99651420501677, -26.39968943680599], [-52.99763556726485, -26.40205739742563]]]}}, {"type": "Feature", "properties": {"cod_imovel": "SC-4203501-BE9DA5ACF4264B4D88F3DA2BEA15F1C5", "municipio": "Campo Ere", "num_area": 35.6694, "mod_fiscal": 1.9816, "des_condic": "Aguardando analise", "ind_status": "AT", "dat_atuali": "17/08/2022"}, "geometry": {"type": "Polygon", "coordinates": [[[-53.1428003, -26.49789294], [-53.14045262, -26.50129865], [-53.13838507, -26.50342659], [-53.13623464, -26.50147674], [-53.13333766, -26.50507046], [-53.13482269, -26.50816846], [-53.14424121, -26.50025698], [-53.1428003, -26.49789294]]]}}, {"type": "Feature", "properties": {"cod_imovel": "SC-4203501-4ADF7C22329541A68B06211AFFBA47A5", "municipio": "Campo Ere", "num_area": 12.6451, "mod_fiscal": 0.7025, "des_condic": "Aguardando analise", "ind_status": "AT", "dat_atuali": "18/04/2016"}, "geometry": {"type": "Polygon", "coordinates": [[[-53.16879207947819, -26.37149908517769], [-53.16691722311325, -26.37142272710553], [-53.16619694502077, -26.37308287097793], [-53.16642633015064, -26.37357605207708], [-53.16698031881691, -26.37398027654263], [-53.16709286424165, -26.37440350068933], [-53.16618450009962, -26.37489453539412], [-53.16555089987391, -26.3745945325376], [-53.16480419966847, -26.37460018323559], [-53.16427250310952, -26.37478838638903], [-53.16380336997657, -26.37496642889544], [-53.16326614104704, -26.3758413152895], [-53.16344955949941, -26.37589815882229], [-53.16375481810032, -26.37563494339354], [-53.16480465121428, -26.37576472647528], [-53.16777352763693, -26.37571971166925], [-53.16913210244464, -26.37256422901879], [-53.16879207947819, -26.37149908517769]]]}}, {"type": "Feature", "properties": {"cod_imovel": "SC-4203501-3B2135FEAC7D45B7ABE50F4CDD3E01B9", "municipio": "Campo Ere", "num_area": 24.2237, "mod_fiscal": 1.3458, "des_condic": "Aguardando analise", "ind_status": "AT", "dat_atuali": "28/08/2014"}, "geometry": {"type": "Polygon", "coordinates": [[[-53.05799961090088, -26.414548510282433], [-53.062098026275635, -26.417142839021782], [-53.065123558044434, -26.413529980085478], [-53.06143283843994, -26.41101244233394], [-53.06012984483759, -26.41205145929292], [-53.05957686340769, -26.41346114818581], [-53.05799961090088, -26.414548510282433]]]}}, {"type": "Feature", "properties": {"cod_imovel": "SC-4203501-D106CA7C151443DFBC1E6B7762B693F7", "municipio": "Campo Ere", "num_area": 13.584, "mod_fiscal": 0.7547, "des_condic": "Aguardando analise", "ind_status": "AT", "dat_atuali": "24/03/2015"}, "geometry": {"type": "Polygon", "coordinates": [[[-53.13917398452759, -26.371243436442334], [-53.1369423866272, -26.369090252744563], [-53.1333589553833, -26.371108863636476], [-53.1353759765625, -26.373300458398113], [-53.13917398452759, -26.371243436442334]]]}}, {"type": "Feature", "properties": {"cod_imovel": "SC-4203501-07D54EE1D0924144AD178B717B56324A", "municipio": "Campo Ere", "num_area": 13.3482, "mod_fiscal": 0.7416, "des_condic": "Aguardando analise", "ind_status": "AT", "dat_atuali": "03/05/2016"}, "geometry": {"type": "Polygon", "coordinates": [[[-53.13507556915283, -26.373338907058045], [-53.13917398452759, -26.371243436442334], [-53.13685655593872, -26.369032577629596], [-53.1334662437439, -26.370955065952185], [-53.13372338944477, -26.37136709855994], [-53.13458204269409, -26.371877848987793], [-53.134775161743164, -26.372935195490825], [-53.13507556915283, -26.373338907058045]]]}}, {"type": "Feature", "properties": {"cod_imovel": "SC-4203501-D296D4F1C5434C6D8AF8F0EF9DFE5DC9", "municipio": "Campo Ere", "num_area": 171.6887, "mod_fiscal": 9.5383, "des_condic": "Aguardando analise", "ind_status": "AT", "dat_atuali": "12/07/2016"}, "geometry": {"type": "Polygon", "coordinates": [[[-53.1942064555556, -26.4953600992409], [-53.1901274388889, -26.4985281659075], [-53.1965210944444, -26.5040141714629], [-53.2122524833333, -26.4896419603521], [-53.2101696833333, -26.4888870547966], [-53.2086696166667, -26.4880514186855], [-53.2077014611111, -26.4872576020188], [-53.2076658805556, -26.4865644047966], [-53.2079247944444, -26.4862523686855], [-53.2098037694444, -26.4854210714633], [-53.2099332805556, -26.4852161242411], [-53.2097009888889, -26.4843810492411], [-53.2094580388889, -26.4841227992411], [-53.1942064555556, -26.4953600992409]]]}}, {"type": "Feature", "properties": {"cod_imovel": "SC-4203501-2DDFE8C0FCC9499F983CCCA7FF33D312", "municipio": "Campo Ere", "num_area": 19.7532, "mod_fiscal": 1.0974, "des_condic": "Aguardando analise", "ind_status": "AT", "dat_atuali": "10/09/2015"}, "geometry": {"type": "Polygon", "coordinates": [[[-53.00447892982582, -26.40682505695655], [-53.00113677978515, -26.397482138283053], [-52.99866914749145, -26.398558470541982], [-53.00331126276198, -26.40674668502356], [-53.00380073156993, -26.40659932886196], [-53.00413487271497, -26.40682941624096], [-53.00447892982582, -26.40682505695655]]]}}, {"type": "Feature", "properties": {"cod_imovel": "SC-4203501-80849B50A6754962BA4FEAF94342FC94", "municipio": "Campo Ere", "num_area": 12.8081, "mod_fiscal": 0.7116, "des_condic": "Aguardando analise", "ind_status": "AT", "dat_atuali": "21/03/2023"}, "geometry": {"type": "Polygon", "coordinates": [[[-52.999892234802246, -26.390985491209115], [-53.00409793853759, -26.395444767601415], [-53.00504207611084, -26.395925282794803], [-53.005943298339844, -26.395329443657396], [-53.001437187194824, -26.389870645200663], [-52.999892234802246, -26.390985491209115]]]}}, {"type": "Feature", "properties": {"cod_imovel": "SC-4203501-11E7E6F2C9E245DB85F5C3A62FBE72BF", "municipio": "Campo Ere", "num_area": 2.25, "mod_fiscal": 0.125, "des_condic": "Aguardando analise", "ind_status": "AT", "dat_atuali": "26/04/2016"}, "geometry": {"type": "Polygon", "coordinates": [[[-53.0910461333333, -26.4132461631314], [-53.089553725, -26.4134059825759], [-53.0897137888889, -26.4147525686869], [-53.0912072611111, -26.4145925047981], [-53.0910461333333, -26.4132461631314]]]}}, {"type": "Feature", "properties": {"cod_imovel": "SC-4203501-80B293EA37C647D2BFFE95ADDC73B06D", "municipio": "Campo Ere", "num_area": 24.2, "mod_fiscal": 1.3444, "des_condic": "Aguardando analise", "ind_status": "AT", "dat_atuali": "27/11/2014"}, "geometry": {"type": "Polygon", "coordinates": [[[-53.2121861166667, -26.456352057575], [-53.2112983166667, -26.4543201714639], [-53.2013078444444, -26.4561012603528], [-53.2021965527778, -26.4581354381305], [-53.2121861166667, -26.456352057575]]]}}, {"type": "Feature", "properties": {"cod_imovel": "SC-4203501-4A77FC00B2A44EBBAD036D8ED77E9925", "municipio": "Campo Ere", "num_area": 20.7, "mod_fiscal": 1.15, "des_condic": "Aguardando analise", "ind_status": "AT", "dat_atuali": "02/05/2016"}, "geometry": {"type": "Polygon", "coordinates": [[[-53.1585784041085, -26.4903144568304], [-53.1574925290599, -26.4909002119463], [-53.1516662945989, -26.4940428301844], [-53.152588701061, -26.494584471472], [-53.1527653301566, -26.4953184552561], [-53.1531089408081, -26.4956770227309], [-53.1535297940133, -26.4958350733992], [-53.1547544453632, -26.4954109349177], [-53.1563771325046, -26.4952452115537], [-53.1578818787445, -26.4945502009587], [-53.1585784041085, -26.4903144568304]]]}}, {"type": "Feature", "properties": {"cod_imovel": "SC-4203501-A7492073550A439282EACE177EEA555A", "municipio": "Campo Ere", "num_area": 4.8722, "mod_fiscal": 0.2707, "des_condic": "Aguardando analise", "ind_status": "AT", "dat_atuali": "12/07/2016"}, "geometry": {"type": "Polygon", "coordinates": [[[-53.0100640333333, -26.3983156131317], [-53.0119858194444, -26.3982194186873], [-53.0119842333333, -26.3960360131318], [-53.0098736027778, -26.3961373936873], [-53.0100640333333, -26.3983156131317]]]}}, {"type": "Feature", "properties": {"cod_imovel": "SC-4203501-B75E90A8B8A54DB7AA7B915D904BD55E", "municipio": "Campo Ere", "num_area": 11.4711, "mod_fiscal": 0.6373, "des_condic": "Aguardando analise", "ind_status": "AT", "dat_atuali": "12/07/2016"}, "geometry": {"type": "Polygon", "coordinates": [[[-53.0096482527778, -26.3915947409096], [-53.0098736027778, -26.3961373936873], [-53.0119842333333, -26.3960360131318], [-53.0119692333333, -26.3913967353541], [-53.0096482527778, -26.3915947409096]]]}}, {"type": "Feature", "properties": {"cod_imovel": "SC-4203501-0FCC425162E24524841C1A42A06D21BB", "municipio": "Campo Ere", "num_area": 22.0866, "mod_fiscal": 1.227, "des_condic": "Aguardando analise", "ind_status": "AT", "dat_atuali": "28/04/2015"}, "geometry": {"type": "Polygon", "coordinates": [[[-53.05422306060791, -26.437511095678047], [-53.05233450143258, -26.4392413677086], [-53.051111698150635, -26.440796581078576], [-53.05390119552612, -26.44260259747616], [-53.05643320083618, -26.440623663129944], [-53.05872917175293, -26.442199128183645], [-53.059587478637695, -26.441219268304934], [-53.05422306060791, -26.437511095678047]]]}}, {"type": "Feature", "properties": {"cod_imovel": "SC-4203501-228EAA8AB069440799FCEB94B6A96B27", "municipio": "Campo Ere", "num_area": 13.5, "mod_fiscal": 0.75, "des_condic": "Aguardando analise", "ind_status": "AT", "dat_atuali": "26/04/2016"}, "geometry": {"type": "Polygon", "coordinates": [[[-53.0580470305556, -26.4400722353531], [-53.0563070361111, -26.4419704436864], [-53.0618136916667, -26.4451756242419], [-53.0614727527778, -26.4440252020197], [-53.0609913277778, -26.4435796325753], [-53.0607634055556, -26.4429670770197], [-53.0620124194444, -26.4423803242419], [-53.0580470305556, -26.4400722353531]]]}}, {"type": "Feature", "properties": {"cod_imovel": "SC-4203501-F00DCE8D58DD45DA83DD751C33695E64", "municipio": "Campo Ere", "num_area": 6.8289, "mod_fiscal": 0.348, "des_condic": "Aguardando analise", "ind_status": "AT", "dat_atuali": "18/05/2016"}, "geometry": {"type": "Polygon", "coordinates": [[[-53.0071153179235, -26.41786226089068], [-53.00540685653686, -26.418507240350735], [-53.00761699676514, -26.423023101447587], [-53.008174896240234, -26.422600347486156], [-53.0071153179235, -26.41786226089068]]]}}, {"type": "Feature", "properties": {"cod_imovel": "SC-4203501-3F23DF1C10ED4043AF02BF060C67CB68", "municipio": "Campo Ere", "num_area": 4.9164, "mod_fiscal": 0.2731, "des_condic": "Aguardando analise", "ind_status": "AT", "dat_atuali": "02/10/2018"}, "geometry": {"type": "Polygon", "coordinates": [[[-53.00129324304255, -26.41645337803031], [-53.00208139026346, -26.41797676057818], [-53.00461401671635, -26.41661445244939], [-53.00392118978334, -26.41538760602757], [-53.00129324304255, -26.41645337803031]]]}}, {"type": "Feature", "properties": {"cod_imovel": "SC-4203501-17AA4B397FF24721844BD9041AE73C28", "municipio": "Campo Ere", "num_area": 266.7811, "mod_fiscal": 14.8212, "des_condic": "Aguardando analise", "ind_status": "AT", "dat_atuali": "05/05/2016"}, "geometry": {"type": "Polygon", "coordinates": [[[-53.1947768777778, -26.4180559131313], [-53.1946937916667, -26.4295295825755], [-53.2038013055556, -26.42927750202], [-53.2045926055556, -26.4259346603534], [-53.2051771805556, -26.4264309936867], [-53.2064813361111, -26.4282545242422], [-53.2076362111111, -26.42921762702], [-53.2105443805556, -26.4291881686866], [-53.2139136555556, -26.4205349770202], [-53.2135303111111, -26.4204548297979], [-53.213355625, -26.4205841242424], [-53.2130318666667, -26.4201578214646], [-53.2130225222222, -26.4198616047979], [-53.2128440444444, -26.4199882659091], [-53.2126160416667, -26.4194079075757], [-53.211837675, -26.4189837270202], [-53.2114583583333, -26.4190337659091], [-53.2110837694444, -26.4184474770202], [-53.2098561777778, -26.4183963409091], [-53.2096033861111, -26.4179159103535], [-53.2089870333333, -26.4174067631313], [-53.20876965, -26.4173880992424], [-53.2088244027778, -26.4167734020202], [-53.209149775, -26.4163046186869], [-53.2079897416667, -26.4150409909092], [-53.2080240944444, -26.4147360103536], [-53.207491175, -26.4144104492425], [-53.2071549055556, -26.4139748742425], [-53.1953870027778, -26.4146068659092], [-53.1947768777778, -26.4180559131313]]]}}, {"type": "Feature", "properties": {"cod_imovel": "SC-4203501-848B1F429543492EB683CBAA83B56881", "municipio": "Campo Ere", "num_area": 12.1526, "mod_fiscal": 0.6751, "des_condic": "Aguardando analise", "ind_status": "AT", "dat_atuali": "13/04/2016"}, "geometry": {"type": "Polygon", "coordinates": [[[-53.101165875, -26.4262156131312], [-53.0980319888889, -26.4289218881311], [-53.0985079916667, -26.4293398436866], [-53.0985452166667, -26.4297428325755], [-53.0990597833333, -26.43009457702], [-53.0996276305556, -26.4308651575755], [-53.1032929666667, -26.4276772742422], [-53.1022577555556, -26.4271790909089], [-53.101165875, -26.4262156131312]]]}}, {"type": "Feature", "properties": {"cod_imovel": "SC-4203501-B0CF7528FD8B48D9B61E8FC097B947EF", "municipio": "Campo Ere", "num_area": 54.45, "mod_fiscal": 3.0107, "des_condic": "Aguardando analise", "ind_status": "AT", "dat_atuali": "10/05/2019"}, "geometry": {"type": "Polygon", "coordinates": [[[-53.0604471277778, -26.4955587547964], [-53.0539897916667, -26.5015160825741], [-53.0550455027778, -26.5020625381296], [-53.0528579777778, -26.5046082853518], [-53.0554401194444, -26.5068239797962], [-53.0636005666667, -26.4982645659075], [-53.0604471277778, -26.4955587547964]]]}}, {"type": "Feature", "properties": {"cod_imovel": "SC-4203501-F013FA95341744C48FA4BD5D6EF6AA5E", "municipio": "Campo Ere", "num_area": 12.101, "mod_fiscal": 0.6723, "des_condic": "Aguardando analise", "ind_status": "AT", "dat_atuali": "19/04/2016"}, "geometry": {"type": "Polygon", "coordinates": [[[-53.06173324584961, -26.410743389248392], [-53.06177616119385, -26.41020528119491], [-53.06203365325928, -26.409897789751763], [-53.06353569030762, -26.409129057558424], [-53.059587478637695, -26.406169390794695], [-53.0579137802124, -26.40793751253642], [-53.06173324584961, -26.410743389248392]]]}}, {"type": "Feature", "properties": {"cod_imovel": "SC-4203501-280912E7A56943CF993A73CA13497AEF", "municipio": "Campo Ere", "num_area": 33.6101, "mod_fiscal": 1.8672, "des_condic": "Aguardando analise", "ind_status": "AT", "dat_atuali": "06/04/2015"}, "geometry": {"type": "Polygon", "coordinates": [[[-53.23668460829997, -26.45483535553823], [-53.23868082253875, -26.45193275554756], [-53.23139662111957, -26.44788375659161], [-53.22984427477129, -26.44354620023178], [-53.22881978376338, -26.44678139198359], [-53.23451851382537, -26.45379140880947], [-53.23668460829997, -26.45483535553823]]]}}, {"type": "Feature", "properties": {"cod_imovel": "SC-4203501-A3753223CE7D4E93A82F81748FA615EC", "municipio": "Campo Ere", "num_area": 18.8593, "mod_fiscal": 1.0477, "des_condic": "Aguardando analise", "ind_status": "AT", "dat_atuali": "01/04/2015"}, "geometry": {"type": "Polygon", "coordinates": [[[-53.14440965652466, -26.364899119450968], [-53.145954608917236, -26.36591807868296], [-53.147521018981934, -26.366206461740486], [-53.14831563111829, -26.36673852431621], [-53.14982040860877, -26.36651339728858], [-53.15030886517709, -26.36615573042295], [-53.150739669799805, -26.36507215089706], [-53.1506879805045, -26.36484529707481], [-53.15026760101318, -26.364764539258285], [-53.14968824386597, -26.365456664294427], [-53.14947622441191, -26.36517941652125], [-53.149495124816895, -26.364764539258285], [-53.14988136291504, -26.36388015123722], [-53.14988136291504, -26.362784269738164], [-53.149752616882324, -26.362380521304118], [-53.14917325973511, -26.361669151584866], [-53.14440965652466, -26.364899119450968]]]}}, {"type": "Feature", "properties": {"cod_imovel": "SC-4203501-0AB49A0D703643C7950ED2C578E0C160", "municipio": "Campo Ere", "num_area": 21.5938, "mod_fiscal": 1.1997, "des_condic": "Aguardando analise", "ind_status": "AT", "dat_atuali": "10/07/2024"}, "geometry": {"type": "Polygon", "coordinates": [[[-53.0545392, -26.43101573], [-53.05120084, -26.43506197], [-53.05420972, -26.43709111], [-53.05406556, -26.43726056], [-53.05417194, -26.43733083], [-53.05481167, -26.43665833], [-53.05584583, -26.435925], [-53.05645333, -26.43570639], [-53.05576361, -26.43523444], [-53.05720661, -26.43351918], [-53.05659006, -26.43314333], [-53.0571393, -26.43267123], [-53.0545392, -26.43101573]]]}}, {"type": "Feature", "properties": {"cod_imovel": "SC-4203501-1A773C6DDCAA415E8763E31906F1C32C", "municipio": "Campo Ere", "num_area": 18.0, "mod_fiscal": 1.0, "des_condic": "Aguardando analise", "ind_status": "AT", "dat_atuali": "05/06/2024"}, "geometry": {"type": "Polygon", "coordinates": [[[-53.1187635722222, -26.4378619075754], [-53.1169175361111, -26.4367232770198], [-53.1122564833333, -26.4416705464642], [-53.1143890527778, -26.4431935214641], [-53.1187635722222, -26.4378619075754]]]}}, {"type": "Feature", "properties": {"cod_imovel": "SC-4203501-89469B886AA440C6A50A97B8E61AE9FB", "municipio": "Campo Ere", "num_area": 19.1683, "mod_fiscal": 1.0649, "des_condic": "Aguardando analise", "ind_status": "AT", "dat_atuali": "05/06/2024"}, "geometry": {"type": "Polygon", "coordinates": [[[-53.14697019621907, -26.35681892229967], [-53.1486982883518, -26.35932663632366], [-53.14924739590065, -26.35958948692518], [-53.15079435290314, -26.3608465498415], [-53.15122235842456, -26.36087373617693], [-53.15226268668411, -26.3599637461064], [-53.15249315371283, -26.3594877555521], [-53.15245468611515, -26.35874298392493], [-53.15267910292682, -26.35776797326429], [-53.1524814855638, -26.35692276967813], [-53.15216351253802, -26.35646553564588], [-53.15184771132006, -26.35629620175824], [-53.15140151649374, -26.35648310849492], [-53.15106428917316, -26.3564161352111], [-53.15071200725444, -26.3561328924531], [-53.14697019621907, -26.35681892229967]]]}}, {"type": "Feature", "properties": {"cod_imovel": "SC-4203501-CB8C0A63623D4E1ABCD038B4EC4A05AA", "municipio": "Campo Ere", "num_area": 20.7794, "mod_fiscal": 1.1544, "des_condic": "Aguardando analise", "ind_status": "AT", "dat_atuali": "31/05/2024"}, "geometry": {"type": "Polygon", "coordinates": [[[-53.13780069351196, -26.357597917706908], [-53.1363308429718, -26.35829969906085], [-53.135268688201904, -26.359943581175102], [-53.13626855946613, -26.36033348397516], [-53.13707113265991, -26.36209212870223], [-53.13792943954467, -26.362841947970786], [-53.13858334001522, -26.3631243363512], [-53.13943147659301, -26.36318801676221], [-53.14061164855957, -26.363014982495997], [-53.14085841178894, -26.363163984240728], [-53.14170598983765, -26.362380521304118], [-53.13780069351196, -26.357597917706908]]]}}, {"type": "Feature", "properties": {"cod_imovel": "SC-4203501-84F0D15F38764C46A6AA92A93AAEB70F", "municipio": "Campo Ere", "num_area": 243.3164, "mod_fiscal": 12.3709, "des_condic": "Aguardando analise", "ind_status": "AT", "dat_atuali": "21/05/2024"}, "geometry": {"type": "Polygon", "coordinates": [[[-53.05913156887568, -26.484020062026428], [-53.054009518970126, -26.49183198666921], [-53.04745426409077, -26.487952816081673], [-53.04330732290708, -26.494102607686578], [-53.04552784642121, -26.49404661797792], [-53.046325487785275, -26.493547744862955], [-53.047242668298736, -26.493511913884], [-53.047510233789104, -26.49270308675115], [-53.04782991615748, -26.492692758091067], [-53.04827377423312, -26.492385838971686], [-53.0490349601295, -26.49158093302776], [-53.05142688120441, -26.49161894930039], [-53.054532268565474, -26.49359269054259], [-53.050463623594474, -26.499676854968552], [-53.05401738260894, -26.501465602471416], [-53.06612302996775, -26.490300900799046], [-53.06500163205081, -26.488740646969557], [-53.06486685045716, -26.487977658893744], [-53.06552967687704, -26.48624529463583], [-53.06502542432109, -26.48315666701194], [-53.06564509098238, -26.4813289024599], [-53.04941647688745, -26.47567219681871], [-53.04820925095682, -26.477798199085818], [-53.05913156887568, -26.484020062026428]]]}}, {"type": "Feature", "properties": {"cod_imovel": "SC-4203501-D409936196C74CE1B46F4DDE421D7DC4", "municipio": "Campo Ere", "num_area": 13.3528, "mod_fiscal": 0.7418, "des_condic": "Aguardando analise", "ind_status": "AT", "dat_atuali": "02/05/2024"}, "geometry": {"type": "Polygon", "coordinates": [[[-53.15951411837749, -26.37308018299121], [-53.15840016599586, -26.37560861856452], [-53.16165084633983, -26.37531823533255], [-53.16194170460204, -26.37379699390565], [-53.16187788696985, -26.37335743791004], [-53.16148206343151, -26.3730875383372], [-53.16134159564094, -26.37117305801509], [-53.15989379398775, -26.37089035446668], [-53.15883874166129, -26.36997285371046], [-53.158721923828125, -26.370128399892536], [-53.15878629684448, -26.37085894229558], [-53.15951411837749, -26.37308018299121]]]}}, {"type": "Feature", "properties": {"cod_imovel": "SC-4203501-B6C6EF4D326D4066A1940D4238A7B136", "municipio": "Campo Ere", "num_area": 31.0128, "mod_fiscal": 1.7229, "des_condic": "Aguardando analise", "ind_status": "AT", "dat_atuali": "29/04/2024"}, "geometry": {"type": "Polygon", "coordinates": [[[-53.02858088, -26.39320229], [-53.02907664, -26.3904404], [-53.01718088, -26.3903817], [-53.01716667, -26.39241722], [-53.02858088, -26.39320229]]]}}, {"type": "Feature", "properties": {"cod_imovel": "SC-4203501-36200EB798B843E99313F0833641344C", "municipio": "Campo Ere", "num_area": 6.4697, "mod_fiscal": 0.3594, "des_condic": "Aguardando analise", "ind_status": "AT", "dat_atuali": "27/04/2024"}, "geometry": {"type": "Polygon", "coordinates": [[[-53.0419921875, -26.424176058918896], [-53.03979277610778, -26.42291741310253], [-53.03821563720703, -26.42452194391213], [-53.04016828536987, -26.425982335777277], [-53.0419921875, -26.424176058918896]]]}}, {"type": "Feature", "properties": {"cod_imovel": "SC-4203501-F0D123C4745A4DB8842E1C20F1104143", "municipio": "Campo Ere", "num_area": 2.0, "mod_fiscal": 0.1111, "des_condic": "Aguardando analise", "ind_status": "AT", "dat_atuali": "21/03/2024"}, "geometry": {"type": "Polygon", "coordinates": [[[-53.060675225, -26.3927796714652], [-53.062143775, -26.3947236631318], [-53.0629661027778, -26.3945856714651], [-53.0614854333333, -26.3926256631318], [-53.060675225, -26.3927796714652]]]}}, {"type": "Feature", "properties": {"cod_imovel": "SC-4203501-1BAE4A87804C463EAC685A5EA2883B34", "municipio": "Campo Ere", "num_area": 23.0, "mod_fiscal": 1.2778, "des_condic": "Aguardando analise", "ind_status": "AT", "dat_atuali": "18/03/2024"}, "geometry": {"type": "Polygon", "coordinates": [[[-53.1834732, -26.4268442575756], [-53.1833939916667, -26.4273183853534], [-53.1836402833333, -26.4280327131311], [-53.1834982388889, -26.4287305214644], [-53.1831322861111, -26.4290221603533], [-53.1830267972222, -26.4294939575755], [-53.1831898361111, -26.4297481909089], [-53.1869020916667, -26.4303271936866], [-53.1888518027778, -26.4255698825756], [-53.1833175416667, -26.4255020936867], [-53.1831296305556, -26.4261608075756], [-53.1832219111111, -26.4266538714645], [-53.1834732, -26.4268442575756]]]}}, {"type": "Feature", "properties": {"cod_imovel": "SC-4203501-8BAA538711574C1F917B939A822D3A87", "municipio": "Campo Ere", "num_area": 10.1932, "mod_fiscal": 0.5663, "des_condic": "Aguardando analise", "ind_status": "AT", "dat_atuali": "09/03/2024"}, "geometry": {"type": "Polygon", "coordinates": [[[-53.21826349014337, -26.47682318743017], [-53.2110720618868, -26.48095625687411], [-53.20966255182421, -26.48219459409151], [-53.20922511765242, -26.48310140316354], [-53.21849004778045, -26.47776528137248], [-53.21826349014337, -26.47682318743017]]]}}, {"type": "Feature", "properties": {"cod_imovel": "SC-4203501-3E00C817929A4B3F94098372E68F022E", "municipio": "Campo Ere", "num_area": 12.5014, "mod_fiscal": 0.6945, "des_condic": "Aguardando analise", "ind_status": "AT", "dat_atuali": "18/01/2024"}, "geometry": {"type": "Polygon", "coordinates": [[[-53.00021409988403, -26.397943424765796], [-53.001887798309326, -26.397155392575808], [-52.99869060516357, -26.391946556715116], [-52.996909618377686, -26.39242708646832], [-53.00021409988403, -26.397943424765796]]]}}, {"type": "Feature", "properties": {"cod_imovel": "SC-4203501-67BFA326FDB540C78F7D9BC6CDE1F07D", "municipio": "Campo Ere", "num_area": 139.96, "mod_fiscal": 7.7753, "des_condic": "Aguardando analise", "ind_status": "AT", "dat_atuali": "03/01/2024"}, "geometry": {"type": "Polygon", "coordinates": [[[-53.0157005557008, -26.362351665943], [-53.0131091668104, -26.3627711103869], [-53.0124000001431, -26.3637763881648], [-53.0115269445867, -26.3656988881647], [-53.0113891668096, -26.3657361103868], [-53.0128847223654, -26.3708613881648], [-53.0147411112553, -26.3716838881648], [-53.0145902779222, -26.3722119437198], [-53.0148491668114, -26.3728674992757], [-53.0147730557004, -26.3731972214978], [-53.0151636112556, -26.3738127770537], [-53.0154336112557, -26.3748380548318], [-53.0167086112564, -26.3745733326089], [-53.0168805557015, -26.3746647214979], [-53.0174416668128, -26.3744502770539], [-53.0188216668135, -26.3761547214979], [-53.0209600001476, -26.3750394437201], [-53.0223700001483, -26.3759866659431], [-53.0241697223712, -26.3747208326092], [-53.0249172223716, -26.3713841659433], [-53.0256252779279, -26.3704822214984], [-53.0241569445932, -26.3686569437203], [-53.0240244445931, -26.3677313881654], [-53.0226183334813, -26.3666447214983], [-53.0208180557034, -26.3648272214983], [-53.0166822223673, -26.3626624992761], [-53.0157005557008, -26.362351665943]]]}}, {"type": "Feature", "properties": {"cod_imovel": "SC-4203501-BFE90BF252834134B05CFB8468B894B9", "municipio": "Campo Ere", "num_area": 97.6456, "mod_fiscal": 5.4248, "des_condic": "Aguardando analise", "ind_status": "AT", "dat_atuali": "27/10/2023"}, "geometry": {"type": "Polygon", "coordinates": [[[-53.1807945416667, -26.3980961297984], [-53.1786579833333, -26.4002816436872], [-53.17699155, -26.4013385409094], [-53.1761118277778, -26.4023162103539], [-53.1756708138889, -26.4026027797983], [-53.1740502583333, -26.4030569797983], [-53.1732220805556, -26.4036829797983], [-53.1732926666667, -26.4040043214649], [-53.1782627194444, -26.4047263853538], [-53.1821557194444, -26.4048381964649], [-53.1817322638889, -26.4037642853538], [-53.1818382972222, -26.4034087742427], [-53.1817337916667, -26.4021038742427], [-53.1820183638889, -26.4014030547983], [-53.1819354388889, -26.4013048686872], [-53.1929240638889, -26.4013059047983], [-53.1922273361111, -26.3995258325761], [-53.1945467222222, -26.3994373992428], [-53.1935964, -26.3968939381317], [-53.1949589111111, -26.3952759409095], [-53.1921223222222, -26.3970367909095], [-53.190185425, -26.3975873075762], [-53.1887291666667, -26.3969724825762], [-53.1825397694444, -26.3953588742429], [-53.1822354777778, -26.3954794381318], [-53.181391225, -26.3972291325762], [-53.1807945416667, -26.3980961297984]]]}}, {"type": "Feature", "properties": {"cod_imovel": "SC-4203501-EAC5750061F44D4C8B56E0D5861E32EB", "municipio": "Campo Ere", "num_area": 67.6103, "mod_fiscal": 3.7561, "des_condic": "Aguardando analise", "ind_status": "AT", "dat_atuali": "27/10/2023"}, "geometry": {"type": "Polygon", "coordinates": [[[-53.1874103472222, -26.3922844075763], [-53.1877797611111, -26.395038910354], [-53.1883073277778, -26.3961541547984], [-53.1883067027778, -26.3967297464651], [-53.18985465, -26.3973883464651], [-53.1904373527778, -26.3974158131317], [-53.1920614111111, -26.3969223270206], [-53.1949573388889, -26.3951515409095], [-53.1950690361111, -26.3897975881319], [-53.1927804611111, -26.3898061409097], [-53.1924316722222, -26.3858615159097], [-53.1895931833333, -26.3871973186875], [-53.1878353333333, -26.3908533270207], [-53.1874103472222, -26.3922844075763]]]}}, {"type": "Feature", "properties": {"cod_imovel": "SC-4203501-BBA05376CA92480192D4AB5CC4A7D1CA", "municipio": "Campo Ere", "num_area": 12.9795, "mod_fiscal": 0.7211, "des_condic": "Aguardando analise", "ind_status": "AT", "dat_atuali": "02/12/2021"}, "geometry": {"type": "Polygon", "coordinates": [[[-53.22145694, -26.48837083], [-53.22414732, -26.48422385], [-53.22308659, -26.48266058], [-53.21877094, -26.48844376], [-53.21956153, -26.48902293], [-53.22020276, -26.48807466], [-53.22109985, -26.48798752], [-53.22145694, -26.48837083]]]}}, {"type": "Feature", "properties": {"cod_imovel": "SC-4203501-C8199B96D97A46EEA9CEF5E5ED3036CF", "municipio": "Campo Ere", "num_area": 48.8862, "mod_fiscal": 2.7159, "des_condic": "Aguardando analise", "ind_status": "AT", "dat_atuali": "23/05/2020"}, "geometry": {"type": "Polygon", "coordinates": [[[-53.18564312020408, -26.38093544388114], [-53.19313246766284, -26.3753703887933], [-53.19074547929684, -26.37199424472993], [-53.19309504626861, -26.37180241685372], [-53.19239156852503, -26.36929248140959], [-53.19220101270601, -26.36913988321478], [-53.19065910730442, -26.37045475130212], [-53.19061759389648, -26.37099426509408], [-53.19017569317698, -26.37105459028541], [-53.18938701097264, -26.37221418910181], [-53.18925418518241, -26.37274471372371], [-53.18796724046466, -26.37340833096313], [-53.18753772563797, -26.37386188328501], [-53.187300999532, -26.37450474730468], [-53.18682131951891, -26.37491119398802], [-53.18598063264004, -26.3752466782868], [-53.18571258857498, -26.37558583734849], [-53.18540099258975, -26.3755535725356], [-53.18455122880229, -26.37488241690626], [-53.18503295226027, -26.38030612949226], [-53.18564312020408, -26.38093544388114]]]}}, {"type": "Feature", "properties": {"cod_imovel": "SC-4203501-D3C29EA95B6148529B913DE2937DE47C", "municipio": "Campo Ere", "num_area": 12.705, "mod_fiscal": 0.7058, "des_condic": "Aguardando analise", "ind_status": "AT", "dat_atuali": "11/10/2023"}, "geometry": {"type": "Polygon", "coordinates": [[[-53.0051252416667, -26.3957675547984], [-53.0013802027778, -26.3895373075763], [-53.0010646527778, -26.3895976381319], [-53.0006929083333, -26.3903670159096], [-52.9999786416667, -26.3907678297985], [-53.0038403972222, -26.3963952464651], [-53.0051252416667, -26.3957675547984]]]}}, {"type": "Feature", "properties": {"cod_imovel": "SC-4203501-8A4E85CAFACD4100BD69AD071E50B44E", "municipio": "Campo Ere", "num_area": 7.2202, "mod_fiscal": 0.4011, "des_condic": "Aguardando analise", "ind_status": "AT", "dat_atuali": "30/08/2023"}, "geometry": {"type": "Polygon", "coordinates": [[[-53.239595890045166, -26.499247175353386], [-53.23801875114441, -26.5013115152058], [-53.23873221874237, -26.501858799087163], [-53.23927938938141, -26.502674919331664], [-53.24200987815856, -26.499852078779163], [-53.239595890045166, -26.499247175353386]]]}}, {"type": "Feature", "properties": {"cod_imovel": "SC-4203501-613E78DC32D94ECC9ECF9AEF72927063", "municipio": "Campo Ere", "num_area": 42.467, "mod_fiscal": 2.3593, "des_condic": "Aguardando analise", "ind_status": "AT", "dat_atuali": "04/08/2023"}, "geometry": {"type": "Polygon", "coordinates": [[[-53.0284176333333, -26.3941930881318], [-53.0276679111111, -26.3943268575762], [-53.0235807666667, -26.3967512436873], [-53.0229680111111, -26.3972984881317], [-53.0214132611111, -26.3998415575761], [-53.0212733333333, -26.4006824047983], [-53.0219373222222, -26.4011996103539], [-53.0224895388889, -26.4013458936872], [-53.0225401138889, -26.4017786936872], [-53.0228103666667, -26.402135946465], [-53.0237654416667, -26.401841421465], [-53.0240803777778, -26.4022606242427], [-53.0251977444444, -26.4025781603538], [-53.0258918694444, -26.402434871465], [-53.0263801416667, -26.4027716797983], [-53.0269134861111, -26.4028857103538], [-53.02756465, -26.4018683853539], [-53.0281841472222, -26.3995732909095], [-53.0284853111111, -26.3993002909095], [-53.0284383527778, -26.3990690547984], [-53.0276840111111, -26.3984163103539], [-53.0284176333333, -26.3941930881318]]]}}, {"type": "Feature", "properties": {"cod_imovel": "SC-4203501-B92FBAC899F54FFC9FF3B1E448EBCFB8", "municipio": "Campo Ere", "num_area": 6.349, "mod_fiscal": 0.3527, "des_condic": "Aguardando analise", "ind_status": "AT", "dat_atuali": "02/08/2023"}, "geometry": {"type": "Polygon", "coordinates": [[[-53.08173179626465, -26.484450054202256], [-53.07986497879028, -26.48129065574098], [-53.07840049266815, -26.48275032782294], [-53.07925343513488, -26.484421245489873], [-53.08173179626465, -26.484450054202256]]]}}, {"type": "Feature", "properties": {"cod_imovel": "SC-4203501-B1FB870DC892418C97A4919354AB5FD8", "municipio": "Campo Ere", "num_area": 8.3647, "mod_fiscal": 0.4647, "des_condic": "Aguardando analise", "ind_status": "AT", "dat_atuali": "02/08/2023"}, "geometry": {"type": "Polygon", "coordinates": [[[-53.08277785778045, -26.49213211991652], [-53.08587849140167, -26.488992137578254], [-53.084070682525635, -26.48783022635135], [-53.0817586183548, -26.4910326557358], [-53.08277785778045, -26.49213211991652]]]}}, {"type": "Feature", "properties": {"cod_imovel": "SC-4203501-24660FF03B2447C083D00EAA45E2D3F1", "municipio": "Campo Ere", "num_area": 4.8209, "mod_fiscal": 0.2678, "des_condic": "Aguardando analise", "ind_status": "AT", "dat_atuali": "02/08/2023"}, "geometry": {"type": "Polygon", "coordinates": [[[-53.0817586183548, -26.48446926000651], [-53.07919979095459, -26.484421245489873], [-53.07975769042969, -26.485780048566358], [-53.08061063289642, -26.485957700078558], [-53.081039786338806, -26.486351413262554], [-53.082541823387146, -26.486202570631956], [-53.0817586183548, -26.48446926000651]]]}}, {"type": "Feature", "properties": {"cod_imovel": "SC-4203501-8C9B2B47A8EC4DE294410698FCFFAA1B", "municipio": "Campo Ere", "num_area": 11.8601, "mod_fiscal": 0.6589, "des_condic": "Aguardando analise", "ind_status": "AT", "dat_atuali": "16/04/2015"}, "geometry": {"type": "Polygon", "coordinates": [[[-53.07252645492554, -26.49333239631743], [-53.07950019836426, -26.484978212650354], [-53.07917833328247, -26.484056334508264], [-53.07168960571288, -26.492641038640855], [-53.07252645492554, -26.49333239631743]]]}}, {"type": "Feature", "properties": {"cod_imovel": "SC-4203501-816BEE1F595D4D86A0531C678D3CAAB5", "municipio": "Campo Ere", "num_area": 24.6165, "mod_fiscal": 1.3676, "des_condic": "Aguardando analise", "ind_status": "AT", "dat_atuali": "17/04/2015"}, "geometry": {"type": "Polygon", "coordinates": [[[-53.14339410181108, -26.36423566585802], [-53.14430205270007, -26.3649025874992], [-53.14644813537598, -26.36343795468952], [-53.1474219455521, -26.35986057572909], [-53.14796167566981, -26.35937392267153], [-53.14732771383564, -26.35858160648201], [-53.146340847015374, -26.358208371591484], [-53.1409977779618, -26.36295006280964], [-53.14129746981646, -26.36323294313615], [-53.14339410181108, -26.36423566585802]]]}}, {"type": "Feature", "properties": {"cod_imovel": "SC-4203501-A168EB84D6C54A65A733BDCE8C189865", "municipio": "Campo Ere", "num_area": 29.1157, "mod_fiscal": 1.6175, "des_condic": "Aguardando analise", "ind_status": "AT", "dat_atuali": "03/03/2016"}, "geometry": {"type": "Polygon", "coordinates": [[[-53.230175971984856, -26.47598958554275], [-53.229918479919434, -26.477756636087122], [-53.229618072509766, -26.47852491046595], [-53.229875564575195, -26.479446832947072], [-53.22944641113281, -26.480407161007275], [-53.22983264923096, -26.481559544095468], [-53.22893142700195, -26.48543914894998], [-53.22845935821533, -26.486860357575928], [-53.23000431060791, -26.485170269666398], [-53.2348108291626, -26.47817918763048], [-53.230175971984856, -26.47598958554275]]]}}, {"type": "Feature", "properties": {"cod_imovel": "SC-4203501-EDB185D70F9C4931A354BDBECED9D075", "municipio": "Campo Ere", "num_area": 3.5453, "mod_fiscal": 0.191, "des_condic": "Aguardando analise", "ind_status": "AT", "dat_atuali": "18/12/2017"}, "geometry": {"type": "Polygon", "coordinates": [[[-53.0673821166667, -26.3869803075764], [-53.068668925, -26.3886781631319], [-53.0709564361111, -26.3884781353541], [-53.0707486444444, -26.3874023103541], [-53.0692813083333, -26.3875939547986], [-53.0673821166667, -26.3869803075764]]]}}, {"type": "Feature", "properties": {"cod_imovel": "SC-4203501-B886F33615AE40FA89DC5B73196A8B48", "municipio": "Campo Ere", "num_area": 2.4006, "mod_fiscal": 0.1334, "des_condic": "Aguardando analise", "ind_status": "AT", "dat_atuali": "27/04/2015"}, "geometry": {"type": "Polygon", "coordinates": [[[-53.07986497879028, -26.40378622731873], [-53.07907104492187, -26.404843281708384], [-53.07874917984008, -26.404689528944377], [-53.07889938354492, -26.40449733770128], [-53.07857751846313, -26.404324365308838], [-53.077805042266846, -26.405208443701863], [-53.079049587249756, -26.406130953064622], [-53.07971477508545, -26.405323757775527], [-53.07939291000366, -26.405093129512974], [-53.08018684387207, -26.403997638971262], [-53.07986497879028, -26.40378622731873]]]}}, {"type": "Feature", "properties": {"cod_imovel": "SC-4203501-0019248EA8D44BDF89BFB59B53ADE837", "municipio": "Campo Ere", "num_area": 9.0181, "mod_fiscal": 0.501, "des_condic": "Aguardando analise", "ind_status": "AT", "dat_atuali": "10/08/2017"}, "geometry": {"type": "Polygon", "coordinates": [[[-53.0113434694444, -26.4056669964649], [-53.0110917027778, -26.4058977853538], [-53.01060341111109, -26.405884432576], [-53.0112815, -26.4110402742426], [-53.0132460055556, -26.410031993687], [-53.0119144638889, -26.4059451047982], [-53.0113434694444, -26.4056669964649]]]}}, {"type": "Feature", "properties": {"cod_imovel": "SC-4203501-027F3135A1954DE9B50DF5CD3C6AD229", "municipio": "Campo Ere", "num_area": 39.05, "mod_fiscal": 2.1694, "des_condic": "Aguardando analise", "ind_status": "AT", "dat_atuali": "31/03/2016"}, "geometry": {"type": "Polygon", "coordinates": [[[-53.1363041388889, -26.490758324241], [-53.1375491972222, -26.4892212186855], [-53.1377106027778, -26.4880803159077], [-53.1400377083333, -26.4876586936855], [-53.140493, -26.4861887075744], [-53.1392462472222, -26.4851584047966], [-53.1387819861111, -26.4840572464633], [-53.1355114111111, -26.4889990297966], [-53.1294760472222, -26.4831992714634], [-53.1289508805556, -26.4758606464635], [-53.1280897888889, -26.4780349909079], [-53.1280780888889, -26.4795049659079], [-53.1269409388889, -26.4808746297967], [-53.12701255, -26.4810890270189], [-53.1298070666667, -26.4860339047966], [-53.1363041388889, -26.490758324241]]]}}, {"type": "Feature", "properties": {"cod_imovel": "SC-4203501-07DFA7ED4DB14C9EAED61F90055164D1", "municipio": "Campo Ere", "num_area": 216.6384, "mod_fiscal": 12.0355, "des_condic": "Aguardando analise", "ind_status": "AT", "dat_atuali": "13/07/2015"}, "geometry": {"type": "Polygon", "coordinates": [[[-53.16962691, -26.43226091], [-53.16727739, -26.43284732], [-53.16735785, -26.43357298], [-53.16665538, -26.43434086], [-53.16567634, -26.43449818], [-53.16405695, -26.43539817], [-53.16265716, -26.43479752], [-53.16130587, -26.43528321], [-53.16078436, -26.43574086], [-53.16056328, -26.43650916], [-53.16065074, -26.43723673], [-53.16126361, -26.43804026], [-53.1631874, -26.43811566], [-53.16482607, -26.43882], [-53.16571667, -26.43877611], [-53.16616317, -26.43850629], [-53.16637099, -26.43734736], [-53.16672279, -26.43650179], [-53.16727927, -26.43612858], [-53.16938143, -26.43540189], [-53.17043397, -26.43568634], [-53.17108269, -26.43629861], [-53.17123791, -26.43760236], [-53.17056947, -26.44048845], [-53.17126028, -26.44137264], [-53.17127877, -26.44186358], [-53.17092649, -26.44191912], [-53.16998402, -26.44162244], [-53.16939138, -26.44171268], [-53.16906034, -26.44205076], [-53.16928422, -26.4424943], [-53.17029843, -26.4429493], [-53.17064319, -26.44333131], [-53.17081084, -26.44390063], [-53.17045851, -26.44444932], [-53.16966079, -26.44504833], [-53.1685232, -26.44487324], [-53.16752352, -26.44429518], [-53.16525249, -26.44412951], [-53.16474679, -26.44430335], [-53.16471201, -26.44468938], [-53.16516638, -26.44532784], [-53.16665005, -26.44687382], [-53.16690902, -26.44779595], [-53.16677908, -26.44961077], [-53.16711907, -26.44994358], [-53.16758836, -26.44996526], [-53.1679566, -26.44958331], [-53.16798485, -26.44905441], [-53.16826893, -26.44865596], [-53.16914589, -26.44816921], [-53.16968636, -26.44819761], [-53.17070318, -26.44880743], [-53.17184716, -26.44884723], [-53.17313088, -26.44813431], [-53.17359194, -26.44823911], [-53.17375261, -26.4484907], [-53.17317639, -26.44970797], [-53.17341692, -26.45004613], [-53.17396886, -26.45025606], [-53.176428, -26.45041167], [-53.17705162, -26.45073433], [-53.17692457, -26.4511665], [-53.17637811, -26.45150294], [-53.17541004, -26.45166794], [-53.1739525, -26.4524522], [-53.17384738, -26.4530339], [-53.17455337, -26.45449179], [-53.17647761, -26.45511382], [-53.17735274, -26.45658539], [-53.17711003, -26.45728613], [-53.17718893, -26.45762939], [-53.17747109, -26.45769955], [-53.17901023, -26.45683304], [-53.18011968, -26.45754403], [-53.18090308, -26.45772365], [-53.18059188, -26.45642597], [-53.18092761, -26.4556154], [-53.18181269, -26.4553649], [-53.18365722, -26.45365444], [-53.18334112, -26.45303505], [-53.18267012, -26.45257693], [-53.18296492, -26.45155272], [-53.18373569, -26.45060461], [-53.18063808, -26.44991839], [-53.17788313, -26.44516838], [-53.17442986, -26.44373401], [-53.17559311, -26.44226809], [-53.17593047, -26.44099795], [-53.17598729, -26.43950204], [-53.17579677, -26.43789648], [-53.1749992, -26.43568616], [-53.1746632, -26.43505], [-53.1736876, -26.43414132], [-53.17243749, -26.4325435], [-53.16962691, -26.43226091]]]}}, {"type": "Feature", "properties": {"cod_imovel": "SC-4203501-08B32421807842569817A0D7733E1315", "municipio": "Campo Ere", "num_area": 117.2034, "mod_fiscal": 6.5113, "des_condic": "Aguardando analise", "ind_status": "AT", "dat_atuali": "14/10/2014"}, "geometry": {"type": "Polygon", "coordinates": [[[-53.0782979138889, -26.4549021409084], [-53.0778401111111, -26.4598547214638], [-53.0774447111111, -26.4610055353527], [-53.079806325, -26.4615336742416], [-53.0828865055556, -26.4570225631305], [-53.0846981555556, -26.456676332575], [-53.0850781388889, -26.456389257575], [-53.0856458777778, -26.456877882575], [-53.0859894277778, -26.4574102547972], [-53.0859619527778, -26.4577991631305], [-53.0863147916667, -26.4580806659083], [-53.0869870944444, -26.4590982770194], [-53.0887330861111, -26.4603674325749], [-53.0889943472222, -26.4609594464638], [-53.0891768027778, -26.4611411603527], [-53.0894156027778, -26.4611211603527], [-53.0893379833333, -26.4613090909082], [-53.0897465083333, -26.4619262159082], [-53.0902108833333, -26.4619905659082], [-53.0906580638889, -26.4626566464638], [-53.0913062722222, -26.4628352409082], [-53.0919061083333, -26.4635041159082], [-53.09322405, -26.4642072103526], [-53.0939396555556, -26.4650076881304], [-53.0960828722222, -26.4651734242415], [-53.0963725666667, -26.4654702909081], [-53.0967316416667, -26.4655024131304], [-53.0972151, -26.4652926686859], [-53.0978917972222, -26.465251029797], [-53.0980034388889, -26.4650486131304], [-53.0978174944444, -26.4646519547971], [-53.0976124722222, -26.4645938547971], [-53.0977157972222, -26.4645312242415], [-53.0975346472222, -26.4642820992415], [-53.0976915055556, -26.4641831214637], [-53.0975819166667, -26.4637942297971], [-53.0972623666667, -26.4635490575749], [-53.0974979416667, -26.4634407103526], [-53.0972979611111, -26.4633148881304], [-53.0972888305556, -26.4630569909082], [-53.0975407944444, -26.4629365964638], [-53.0973562916667, -26.4626838825749], [-53.0976431388889, -26.4626320047971], [-53.0976408138889, -26.4622433770193], [-53.0971608805556, -26.4612965464638], [-53.0973782027778, -26.4612083075749], [-53.0972951083333, -26.4609596797971], [-53.097457375, -26.4607007714638], [-53.0972805388889, -26.4606444214638], [-53.0971250388889, -26.4602515659083], [-53.0971207361111, -26.4595223770194], [-53.0968607805556, -26.4593828409083], [-53.0969012833333, -26.459230243686], [-53.0965592777778, -26.4592507714638], [-53.0963018166667, -26.4587950770194], [-53.0965132611111, -26.4582769353527], [-53.0961969611111, -26.4579993381305], [-53.0963081444444, -26.4578936297972], [-53.0961883777778, -26.457858157575], [-53.0961133055556, -26.4571902464639], [-53.0957680416667, -26.4569127742417], [-53.0958490888889, -26.4567736381305], [-53.0956227694444, -26.456534757575], [-53.0957048027778, -26.4563106464639], [-53.0955401888889, -26.4561286242417], [-53.0955628055556, -26.4558676492417], [-53.0782979138889, -26.4549021409084]]]}}, {"type": "Feature", "properties": {"cod_imovel": "SC-4203501-111C2050D2144308987F323FBC9C9956", "municipio": "Campo Ere", "num_area": 9.716, "mod_fiscal": 0.5398, "des_condic": "Aguardando analise", "ind_status": "AT", "dat_atuali": "12/04/2016"}, "geometry": {"type": "Polygon", "coordinates": [[[-53.2167649269104, -26.492506607498697], [-53.21296691894531, -26.49097024042324], [-53.21256995201111, -26.49183444942967], [-53.212645053863525, -26.493063535492848], [-53.21361064910889, -26.49381250336866], [-53.21457624435424, -26.494215791742036], [-53.2158637046814, -26.494234995914994], [-53.21633577346802, -26.493562847952273], [-53.2167649269104, -26.492506607498697]]]}}, {"type": "Feature", "properties": {"cod_imovel": "SC-4203501-193FEBC6CB3441DEBC8E11DCB573E1F3", "municipio": "Campo Ere", "num_area": 72.0419, "mod_fiscal": 4.0023, "des_condic": "Aguardando analise", "ind_status": "AT", "dat_atuali": "14/10/2015"}, "geometry": {"type": "Polygon", "coordinates": [[[-53.1240781527778, -26.4688121020192], [-53.1204103916667, -26.474952240908], [-53.1263872527778, -26.4795590853523], [-53.1266325472222, -26.4798132797968], [-53.1269408277778, -26.4808747214634], [-53.1280780611111, -26.479505002019], [-53.1280897194444, -26.478035002019], [-53.1288802, -26.4757883770191], [-53.1293873388889, -26.4748526047968], [-53.130001, -26.4741337047969], [-53.1302825527778, -26.4733492686858], [-53.1312246472222, -26.472486990908], [-53.1309342444444, -26.4722851770191], [-53.1308026916667, -26.4723957520191], [-53.1307667722222, -26.4721580436858], [-53.1298750527778, -26.471733515908], [-53.1292379972222, -26.471096440908], [-53.1291879722222, -26.4708021992414], [-53.1284305805556, -26.4702252214636], [-53.1264508083333, -26.4700888797969], [-53.1264002222222, -26.4699059020192], [-53.1258967416667, -26.4696801103525], [-53.1248234055556, -26.469402354797], [-53.1242242416667, -26.4690674881303], [-53.1240781527778, -26.4688121020192]]]}}, {"type": "Feature", "properties": {"cod_imovel": "SC-4203501-1A1EC90E15D944E6A0758BFDC6B99DDA", "municipio": "Campo Ere", "num_area": 382.8707, "mod_fiscal": 21.2706, "des_condic": "Aguardando analise", "ind_status": "AT", "dat_atuali": "20/09/2017"}, "geometry": {"type": "Polygon", "coordinates": [[[-53.2399561555556, -26.3726426242433], [-53.2314635388889, -26.3902197131319], [-53.2356385138889, -26.3896140186874], [-53.2390363444444, -26.389862624243], [-53.2409729416667, -26.3903710214652], [-53.2443662944444, -26.3920260686874], [-53.2483298527778, -26.3933845270207], [-53.2496873138889, -26.3940333159096], [-53.2501335194444, -26.3933848992429], [-53.2553911416667, -26.393331635354], [-53.2563363555556, -26.3928572075763], [-53.257889775, -26.39438807146511], [-53.25864824444441, -26.3938508797985], [-53.2592928888889, -26.3937543659096], [-53.2600130916667, -26.392956010354], [-53.2618249666667, -26.3915220297985], [-53.26138417777781, -26.390656274243], [-53.261564175, -26.3902301797985], [-53.26186511944441, -26.390019449243], [-53.2631191, -26.3898485270208], [-53.2634341833333, -26.3891658325763], [-53.2607874944444, -26.3887749214652], [-53.25943001388891, -26.3895065520208], [-53.25825586666669, -26.3883510159097], [-53.2576290305556, -26.3874772797986], [-53.25732759722219, -26.3872906686875], [-53.25623833611111, -26.3870962936875], [-53.2553755361111, -26.3865926242431], [-53.2556260722222, -26.3856420936875], [-53.2560032527778, -26.385088963132], [-53.2557096166667, -26.3846921464653], [-53.2558243833333, -26.3835647159098], [-53.2566938027778, -26.3828524159098], [-53.25705849444441, -26.3819865520209], [-53.2570550527778, -26.3815930659098], [-53.2557737722222, -26.3810820881321], [-53.25546355555561, -26.3804103659098], [-53.2550655916667, -26.3801654797987], [-53.2546358055556, -26.3806748075765], [-53.2538853111111, -26.3808640186876], [-53.25309196388889, -26.3818428797987], [-53.2526950222222, -26.3818085520209], [-53.25239782777779, -26.3816518075765], [-53.2523838583333, -26.3811683242432], [-53.2521209694444, -26.3810003631321], [-53.2522298666667, -26.3800324464654], [-53.2519923277778, -26.3792625575765], [-53.25194250833329, -26.3776705603543], [-53.25080199722219, -26.3769652547988], [-53.2497667694444, -26.3774580881321], [-53.24889226388891, -26.3784994297988], [-53.2482809805556, -26.3782913492432], [-53.24726060555561, -26.3769298742432], [-53.2467651027778, -26.37545320757661], [-53.2461877361111, -26.3756295159099], [-53.24547744722219, -26.3761162797988], [-53.2429281361111, -26.3750648631322], [-53.242532575, -26.3749653492433], [-53.2423595583333, -26.3751433909099], [-53.2418742, -26.3751501853544], [-53.2414865694444, -26.3748132992433], [-53.2413814416667, -26.3736182964655], [-53.2412029527778, -26.3733254103544], [-53.2405249583333, -26.37272051591], [-53.2399561555556, -26.3726426242433]]]}}, {"type": "Feature", "properties": {"cod_imovel": "SC-4203501-1F1A6DADC3334B47AE60E3631676A6B4", "municipio": "Campo Ere", "num_area": 60.8528, "mod_fiscal": 3.3807, "des_condic": "Aguardando analise", "ind_status": "AT", "dat_atuali": "21/12/2017"}, "geometry": {"type": "Polygon", "coordinates": [[[-53.078402311944, -26.466601637778], [-53.078260165, -26.4644994825], [-53.078527865833, -26.464317786944], [-53.079037551944, -26.464533878056002], [-53.0801626925, -26.464437279722], [-53.080902734167, -26.464913033611], [-53.081777315833, -26.465997588333], [-53.081155628333, -26.467689882778], [-53.081538883889, -26.467908005556], [-53.083439838611, -26.467797846389], [-53.084138529167, -26.469649739167004], [-53.084911453056, -26.470254471667], [-53.085350413889, -26.470437903889], [-53.085827670833, -26.469362956667], [-53.086377706389, -26.468912590833], [-53.086593811111, -26.468359193611], [-53.086006826111, -26.468857356389], [-53.08172644472201, -26.463731094722], [-53.07687199638901, -26.462356510278], [-53.074877198333, -26.465713988056], [-53.073236048889, -26.469816212222], [-53.081134741111, -26.469907763056], [-53.081199221111, -26.473490263611], [-53.081367090833, -26.473541024167], [-53.081947081111, -26.4735243175], [-53.082227383056, -26.473158660278], [-53.082696130556, -26.473208681667], [-53.083413293333, -26.472542566667], [-53.083783484444, -26.472527753889], [-53.082743808333, -26.470515397778], [-53.078402311944, -26.466601637778]]]}}, {"type": "Feature", "properties": {"cod_imovel": "SC-4203501-1F4E39E256434EF080185E1DE3D6C059", "municipio": "Campo Ere", "num_area": 53.8511, "mod_fiscal": 2.9917, "des_condic": "Aguardando analise", "ind_status": "AT", "dat_atuali": "12/05/2015"}, "geometry": {"type": "Polygon", "coordinates": [[[-53.0982356722222, -26.4128163964648], [-53.0954665416667, -26.4139979964647], [-53.0915966666667, -26.4144717492425], [-53.0916743388889, -26.4151065964647], [-53.0937934138889, -26.4174611909091], [-53.0939248611111, -26.4178647603535], [-53.0937564611111, -26.4179763742424], [-53.0943167444444, -26.4194788853535], [-53.0944740194444, -26.4206057436868], [-53.103967425, -26.4144293825758], [-53.1036456527778, -26.4140866409092], [-53.10344645, -26.4141508992425], [-53.1033669722222, -26.4138983575758], [-53.1032252333333, -26.4140742686869], [-53.103044325, -26.4136083909092], [-53.102331425, -26.4135271659092], [-53.1016734555556, -26.4129352603536], [-53.1010274805556, -26.4127901381314], [-53.1006433388889, -26.4123972714648], [-53.1008332083333, -26.412213968687], [-53.1006678666667, -26.4120105409092], [-53.1003847361111, -26.4119923270203], [-53.1001697833333, -26.4116581325759], [-53.0982356722222, -26.4128163964648]]]}}, {"type": "Feature", "properties": {"cod_imovel": "SC-4203501-2641A4A2E3774D45BE2F692182F8A82D", "municipio": "Campo Ere", "num_area": 2.6064, "mod_fiscal": 0.1448, "des_condic": "Aguardando analise", "ind_status": "AT", "dat_atuali": "04/02/2016"}, "geometry": {"type": "Polygon", "coordinates": [[[-53.0465249482161, -26.42759042642897], [-53.04441902675917, -26.4274908789949], [-53.04402904043298, -26.42878296727141], [-53.04554544449086, -26.42888504692157], [-53.04571116683085, -26.42816964930027], [-53.04649653723606, -26.42802882544967], [-53.0465249482161, -26.42759042642897]]]}}, {"type": "Feature", "properties": {"cod_imovel": "SC-4203501-26EE2C3478014C12B5B6BF76C94B58B5", "municipio": "Campo Ere", "num_area": 64.3026, "mod_fiscal": 3.5724, "des_condic": "Aguardando analise", "ind_status": "AT", "dat_atuali": "10/04/2015"}, "geometry": {"type": "Polygon", "coordinates": [[[-53.0710745277778, -26.4088130909093], [-53.06661205, -26.4141708825758], [-53.0683920277778, -26.4155169131314], [-53.0638331027778, -26.4209406214646], [-53.0662901666667, -26.4226643464646], [-53.0754611611111, -26.4117190131314], [-53.0710745277778, -26.4088130909093]]]}}, {"type": "Feature", "properties": {"cod_imovel": "SC-4203501-287BCD2050554E29974B22DB3F03F75F", "municipio": "Campo Ere", "num_area": 15.3791, "mod_fiscal": 0.8544, "des_condic": "Aguardando analise", "ind_status": "AT", "dat_atuali": "16/04/2015"}, "geometry": {"type": "Polygon", "coordinates": [[[-53.07833000503836, -26.48274809473576], [-53.07126045227051, -26.490278868540567], [-53.07211875915527, -26.49139274341583], [-53.07897495015712, -26.4840237980591], [-53.07833000503836, -26.48274809473576]]]}}, {"type": "Feature", "properties": {"cod_imovel": "SC-4203501-2AF37BC634494A43882696499C00DA61", "municipio": "Campo Ere", "num_area": 17.9242, "mod_fiscal": 0.9958, "des_condic": "Aguardando analise", "ind_status": "AT", "dat_atuali": "29/04/2015"}, "geometry": {"type": "Polygon", "coordinates": [[[-53.06347131729125, -26.40436280364067], [-53.06673288345337, -26.40201804196873], [-53.06402893437079, -26.39882619340051], [-53.06202337183712, -26.40017998077222], [-53.06266809057946, -26.40097279182174], [-53.0609393119812, -26.402229456860418], [-53.06347131729125, -26.40436280364067]]]}}, {"type": "Feature", "properties": {"cod_imovel": "SC-4203501-2EACECDA41D649CFA3F4C712D5180D8A", "municipio": "Campo Ere", "num_area": 19.6674, "mod_fiscal": 1.0926, "des_condic": "Aguardando analise", "ind_status": "AT", "dat_atuali": "29/02/2016"}, "geometry": {"type": "Polygon", "coordinates": [[[-53.219640254974365, -26.489107367803758], [-53.21436166763306, -26.485266298054146], [-53.213245868682854, -26.486687508816445], [-53.21597099304199, -26.488608035992566], [-53.21539163589477, -26.489376237880766], [-53.21951150894165, -26.49219933572621], [-53.2197904586792, -26.492160926696904], [-53.22006940841675, -26.491335129462815], [-53.21994066238403, -26.490490121501384], [-53.21959733963013, -26.489779541817335], [-53.219640254974365, -26.489107367803758]]]}}, {"type": "Feature", "properties": {"cod_imovel": "SC-4203501-30699FACFB9A48348FA907816EAC182A", "municipio": "Campo Ere", "num_area": 645.4068, "mod_fiscal": 35.8559, "des_condic": "Aguardando analise", "ind_status": "AT", "dat_atuali": "12/05/2015"}, "geometry": {"type": "Polygon", "coordinates": [[[-53.18233719, -26.37223022], [-53.19059097, -26.37084227], [-53.19064726, -26.37039641], [-53.1915527, -26.36961834], [-53.1913551, -26.36940131], [-53.19138142, -26.36919534], [-53.19080616, -26.36904903], [-53.19099864, -26.36868999], [-53.19035094, -26.3685186], [-53.1904772, -26.36840703], [-53.19019076, -26.36829323], [-53.19040057, -26.36820686], [-53.18989706, -26.36760235], [-53.1887152, -26.36714866], [-53.18832958, -26.36709943], [-53.18806357, -26.36728114], [-53.18776782, -26.36700125], [-53.1873085, -26.36688312], [-53.187052, -26.36698497], [-53.18683794, -26.36686066], [-53.18677251, -26.36702371], [-53.18599633, -26.36646948], [-53.18588983, -26.36620625], [-53.18528928, -26.36605176], [-53.18532769, -26.36591168], [-53.18498234, -26.36564121], [-53.18448176, -26.36545553], [-53.18429968, -26.36508552], [-53.18380711, -26.3647138], [-53.18365129, -26.36484352], [-53.18337009, -26.36477997], [-53.18288206, -26.36453303], [-53.18281717, -26.36426474], [-53.18257783, -26.36439082], [-53.1818896, -26.36393485], [-53.18133156, -26.36398969], [-53.18125415, -26.36365052], [-53.180931, -26.36336138], [-53.18066787, -26.36333859], [-53.18004723, -26.36364472], [-53.17966483, -26.36356201], [-53.1797364, -26.36387422], [-53.1795434, -26.36407014], [-53.17913404, -26.36390765], [-53.17906255, -26.36366206], [-53.17881508, -26.3635252], [-53.17806046, -26.36332291], [-53.17632423, -26.36169701], [-53.17584501, -26.36158535], [-53.17562354, -26.36168087], [-53.17453826, -26.3611332], [-53.17393508, -26.36101117], [-53.17249525, -26.36109676], [-53.1709346, -26.36075238], [-53.16997866, -26.36012263], [-53.16971585, -26.36016483], [-53.16953642, -26.35951804], [-53.16885199, -26.35832217], [-53.16740315, -26.35772277], [-53.166555, -26.35766103], [-53.16581111, -26.35800698], [-53.16527114, -26.35853574], [-53.16370043, -26.35913282], [-53.16928648, -26.37243689], [-53.16783006, -26.37586784], [-53.1658391, -26.38300606], [-53.16565159, -26.38507578], [-53.16593097, -26.38699973], [-53.16586751, -26.38895573], [-53.16549003, -26.3899887], [-53.16550411, -26.39121815], [-53.16529792, -26.39231414], [-53.16553733, -26.39354653], [-53.16548037, -26.39450428], [-53.16525883, -26.39677663], [-53.16482995, -26.39784838], [-53.16446648, -26.40009766], [-53.16561999, -26.40046777], [-53.17076173, -26.40354839], [-53.1718663, -26.40385843], [-53.17206491, -26.40378228], [-53.17200628, -26.40302535], [-53.17283669, -26.40170535], [-53.17428073, -26.40206767], [-53.17403334, -26.40293974], [-53.17559135, -26.40251735], [-53.17621996, -26.40205313], [-53.17684604, -26.40130338], [-53.17843612, -26.40033325], [-53.1807686, -26.39797466], [-53.18223571, -26.39531452], [-53.17796793, -26.38564309], [-53.1799735, -26.3840964], [-53.17959083, -26.38150149], [-53.17806828, -26.37937649], [-53.17549358, -26.37991935], [-53.17332449, -26.37418841], [-53.17503306, -26.37395823], [-53.17422825, -26.37333784], [-53.17812481, -26.37283819], [-53.17761169, -26.37084639], [-53.18209733, -26.37004773], [-53.18233719, -26.37223022]]]}}, {"type": "Feature", "properties": {"cod_imovel": "SC-4203501-31D69AA488CC457883780D66C045E8ED", "municipio": "Campo Ere", "num_area": 82.4462, "mod_fiscal": 4.5803, "des_condic": "Aguardando analise", "ind_status": "AT", "dat_atuali": "31/03/2016"}, "geometry": {"type": "Polygon", "coordinates": [[[-53.1129013972222, -26.4339093103532], [-53.11006545, -26.4312612520199], [-53.1032728444444, -26.4276954131311], [-53.0996276305556, -26.4308651575755], [-53.0997999722222, -26.4312601964644], [-53.0996068833333, -26.4313504992422], [-53.0996094527778, -26.4315255325755], [-53.1009488055556, -26.4320319436866], [-53.1015377611111, -26.432446413131], [-53.1020022972222, -26.4334673103532], [-53.1026306277778, -26.4336423436866], [-53.1026968722222, -26.4340768464643], [-53.1033223361111, -26.4348786909088], [-53.1034367333333, -26.4353272964643], [-53.1039731583333, -26.4357415520199], [-53.1042521527778, -26.4363064297976], [-53.1045598805556, -26.4365626992421], [-53.1046756555556, -26.437097874242], [-53.1054236, -26.4380242186865], [-53.1058024916667, -26.438058599242], [-53.1059451166667, -26.4379279825754], [-53.1062004888889, -26.4380426881309], [-53.1068735555556, -26.4384564270198], [-53.1072522527778, -26.4391152075753], [-53.1129013972222, -26.4339093103532]]]}}, {"type": "Feature", "properties": {"cod_imovel": "SC-4203501-32977C99E4F941148B929739A0412822", "municipio": "Campo Ere", "num_area": 14.6047, "mod_fiscal": 0.8114, "des_condic": "Aguardando analise", "ind_status": "AT", "dat_atuali": "02/07/2015"}, "geometry": {"type": "Polygon", "coordinates": [[[-53.01334755, -26.3796172853543], [-53.0135513888889, -26.3808181131321], [-53.0128945972222, -26.3810334270209], [-53.0126410861111, -26.3814132214654], [-53.0131065416667, -26.3814662020209], [-53.0141143416667, -26.3821751020209], [-53.0155911888889, -26.3827592992431], [-53.0159093083333, -26.3830258603542], [-53.0169826333333, -26.383166288132], [-53.0169922472222, -26.3789617186877], [-53.0164681416667, -26.3784594797988], [-53.01334755, -26.3796172853543]]]}}, {"type": "Feature", "properties": {"cod_imovel": "SC-4203501-35A4F19804394C96AD3A55D6F3027D1D", "municipio": "Campo Ere", "num_area": 12.3234, "mod_fiscal": 0.6846, "des_condic": "Aguardando analise", "ind_status": "AT", "dat_atuali": "04/09/2014"}, "geometry": {"type": "Polygon", "coordinates": [[[-53.06568952094466, -26.40614377528141], [-53.0604029919658, -26.40199310673918], [-53.05984290080537, -26.4025212098907], [-53.06360304365459, -26.40759743067237], [-53.06430019482401, -26.40735202702136], [-53.06474714098411, -26.40740794966826], [-53.06493936534951, -26.40699922270726], [-53.06551704363249, -26.40676556875287], [-53.06544629386112, -26.40645901295269], [-53.06568952094466, -26.40614377528141]]]}}, {"type": "Feature", "properties": {"cod_imovel": "SC-4203501-38301E639CF4487B8DDC42145CDF2983", "municipio": "Campo Ere", "num_area": 23.7325, "mod_fiscal": 1.3185, "des_condic": "Aguardando analise", "ind_status": "AT", "dat_atuali": "21/06/2017"}, "geometry": {"type": "Polygon", "coordinates": [[[-53.1460394388889, -26.4096082131315], [-53.1472303777778, -26.4102234075759], [-53.1511487111111, -26.4130106492425], [-53.1519662444444, -26.4133257992425], [-53.1524967583333, -26.4134526797981], [-53.1533227055556, -26.4124155464648], [-53.1531297833333, -26.4121976881314], [-53.1531100666667, -26.4109838270203], [-53.1526739055556, -26.410786968687], [-53.1524551916667, -26.4108809297981], [-53.1525610833333, -26.411012018687], [-53.1523465194444, -26.4112528464648], [-53.1518429222222, -26.4113123659092], [-53.1511797861111, -26.410725418687], [-53.1514393222222, -26.4102586797981], [-53.1513531333333, -26.4096979770204], [-53.1507564305556, -26.4093399797982], [-53.1503077861111, -26.4094542297982], [-53.150122675, -26.4091533603537], [-53.1500869694444, -26.4087677214648], [-53.1502545611111, -26.4088557270204], [-53.1504447416667, -26.4083502381315], [-53.1501251611111, -26.4081220242426], [-53.150245475, -26.4079831186871], [-53.1501552472222, -26.4075560270204], [-53.1503661166667, -26.4075046881315], [-53.1503626583333, -26.4072669103538], [-53.1495396055556, -26.4058691047982], [-53.1460394388889, -26.4096082131315]]]}}, {"type": "Feature", "properties": {"cod_imovel": "SC-4203501-3BCF5C938C6D47418CC2FF987EED223C", "municipio": "Campo Ere", "num_area": 7.2062, "mod_fiscal": 0.4003, "des_condic": "Aguardando analise", "ind_status": "AT", "dat_atuali": "01/05/2016"}, "geometry": {"type": "Polygon", "coordinates": [[[-53.22951078414917, -26.483441744974478], [-53.22948932647705, -26.48148271891547], [-53.226120471954346, -26.481386687368314], [-53.22609901428223, -26.48217414368792], [-53.22650671005249, -26.48219334987226], [-53.22648525238037, -26.48357618671566], [-53.22951078414917, -26.483441744974478]]]}}, {"type": "Feature", "properties": {"cod_imovel": "SC-4203501-444C342E2224473E97AFEF3C96D27BC7", "municipio": "Campo Ere", "num_area": 35.574, "mod_fiscal": 1.9763, "des_condic": "Aguardando analise", "ind_status": "AT", "dat_atuali": "16/04/2015"}, "geometry": {"type": "Polygon", "coordinates": [[[-53.110013008117676, -26.459450981779213], [-53.116021156311035, -26.453053880987063], [-53.11434745788574, -26.4519204236626], [-53.114604949951165, -26.450018495629287], [-53.11087131500244, -26.451862789941266], [-53.10857907241787, -26.45604972191904], [-53.110013008117676, -26.459450981779213]]]}}, {"type": "Feature", "properties": {"cod_imovel": "SC-4203501-45121A34E8D54D4CA77FEB7B3136062C", "municipio": "Campo Ere", "num_area": 153.2204, "mod_fiscal": 8.5122, "des_condic": "Aguardando analise", "ind_status": "AT", "dat_atuali": "31/03/2016"}, "geometry": {"type": "Polygon", "coordinates": [[[-53.1416384555556, -26.4833631492411], [-53.1412560444444, -26.4831579742411], [-53.1406037166667, -26.4822869047967], [-53.1399816277778, -26.4809923575745], [-53.1403081083333, -26.479469302019], [-53.1410928194444, -26.4793110936857], [-53.1414144194444, -26.4789087075745], [-53.1411290444444, -26.4782893409079], [-53.1403854583333, -26.4786843797968], [-53.1400405055556, -26.4786845992412], [-53.1394226111111, -26.4779114547968], [-53.138189925, -26.4775574464635], [-53.1380261305556, -26.4772797409079], [-53.1380719722222, -26.4768345686857], [-53.1375335277778, -26.4765956436857], [-53.1386224555556, -26.4757520159079], [-53.1387366277778, -26.4746452103524], [-53.1384299305556, -26.4744380853524], [-53.1382956305556, -26.4739540686858], [-53.1384454277778, -26.473916190908], [-53.1383199166667, -26.473815715908], [-53.1386976638889, -26.4737067131302], [-53.1386332222222, -26.4734779631302], [-53.1389544472222, -26.4733516770191], [-53.1394701694444, -26.4727368520191], [-53.1394711694444, -26.4723270103525], [-53.1391813805556, -26.472109290908], [-53.1386858777778, -26.4720887186858], [-53.1382419972222, -26.4722892603525], [-53.1379810527778, -26.4726183297969], [-53.1376313694444, -26.472604765908], [-53.1373712444444, -26.4725587881302], [-53.1372253861111, -26.4720805992413], [-53.1355378694444, -26.4717776714636], [-53.1345668583333, -26.472597490908], [-53.1340007055556, -26.4726097270191], [-53.1330221916667, -26.4723215297969], [-53.1314056972222, -26.4726559075747], [-53.1312606583333, -26.4725331603525], [-53.1303952333333, -26.4733112047969], [-53.1300429388889, -26.4741934492413], [-53.1292886305556, -26.4751081353524], [-53.1289508805556, -26.4758606464635], [-53.1294760472222, -26.4831992714634], [-53.1355114111111, -26.4889990297966], [-53.1387819972222, -26.4840572464633], [-53.1416384555556, -26.4833631492411]]]}}, {"type": "Feature", "properties": {"cod_imovel": "SC-4203501-463E2CA2C6E24F1F9A9BE297042580D0", "municipio": "Campo Ere", "num_area": 32.3075, "mod_fiscal": 1.7949, "des_condic": "Aguardando analise", "ind_status": "AT", "dat_atuali": "26/08/2015"}, "geometry": {"type": "Polygon", "coordinates": [[[-53.2277776277778, -26.4406384020198], [-53.2240670083333, -26.4446909381308], [-53.2218083305556, -26.4471394547974], [-53.2248589861111, -26.4487133492418], [-53.2275500972222, -26.4458642047974], [-53.2283901722222, -26.4466063992419], [-53.2298566388889, -26.4424679297975], [-53.2277776277778, -26.4406384020198]]]}}, {"type": "Feature", "properties": {"cod_imovel": "SC-4203501-479402EC9945439183C2786F72011129", "municipio": "Campo Ere", "num_area": 267.781, "mod_fiscal": 14.8767, "des_condic": "Aguardando analise", "ind_status": "AT", "dat_atuali": "09/03/2016"}, "geometry": {"type": "Polygon", "coordinates": [[[-53.17566259639, -26.4151309458896], [-53.1746395932937, -26.4180667324966], [-53.1742590357783, -26.420092824629], [-53.174154412885, -26.421593887925], [-53.1731291564916, -26.4228373945191], [-53.1711331421875, -26.4242254605292], [-53.1735822706455, -26.4248026157745], [-53.1740582482729, -26.4258260544172], [-53.1747097112273, -26.426630100908], [-53.1764945262058, -26.4369255331454], [-53.1765563464078, -26.4377408804175], [-53.1758338023265, -26.43796228824821], [-53.17604142240099, -26.4388098597295], [-53.1758417432621, -26.4415850909272], [-53.17557811204861, -26.4423901319161], [-53.1744571334455, -26.4437492208166], [-53.1778989689294, -26.445181580247], [-53.1806350313747, -26.449919748611], [-53.1837478097118, -26.4505879114599], [-53.1832864486471, -26.4487800992213], [-53.1825516100303, -26.4486284766671], [-53.1820693753921, -26.4481752498137], [-53.1823535236263, -26.4463726126977], [-53.1827013378497, -26.4458476728434], [-53.1835920758187, -26.445360381156], [-53.1834844508543, -26.4450477592547], [-53.18178387296611, -26.4449514540292], [-53.18140431943181, -26.4443903200835], [-53.1815048241961, -26.4435214766218], [-53.18114680787269, -26.4428005071717], [-53.1813188809287, -26.4421658874934], [-53.1810832590145, -26.4415922175597], [-53.1811149294093, -26.440806471518], [-53.1808677800487, -26.439155725676], [-53.18160708135111, -26.4381016436872], [-53.1816908902018, -26.4371315639095], [-53.1812760148082, -26.4367351507073], [-53.1812902228135, -26.4364499452771], [-53.18156365671081, -26.4363624208195], [-53.1818085758585, -26.4358645449673], [-53.1814463705789, -26.4350586361228], [-53.18141201871511, -26.4335670293884], [-53.1821050517315, -26.4329695527907], [-53.1820992421368, -26.4322110799419], [-53.1819425559947, -26.4322347352881], [-53.1821426243807, -26.4320094078606], [-53.1821124651062, -26.4317777403159], [-53.1824943685921, -26.431373775181], [-53.1826954258257, -26.4302046280749], [-53.18299124646181, -26.4301358996592], [-53.1831769218761, -26.4288669682058], [-53.1834986919566, -26.4287243527779], [-53.18366644526571, -26.4280565384138], [-53.1834402713606, -26.4278286042722], [-53.1834751078284, -26.4268330862727], [-53.1832045126319, -26.4266357663898], [-53.1832900313372, -26.4264840220303], [-53.1831399847874, -26.4262438492388], [-53.1831682727697, -26.4257860625068], [-53.18336502860599, -26.425603454428], [-53.1830727429702, -26.4241175283488], [-53.18332320833729, -26.4235709969924], [-53.1832153673963, -26.42326056052371], [-53.1835991138156, -26.42301198627471], [-53.183599987754, -26.4226987827079], [-53.183380094355, -26.4224434041882], [-53.1836519203131, -26.4214833577447], [-53.1831622899206, -26.4211272752112], [-53.1829787666066, -26.4207680019321], [-53.1830711684289, -26.4203968331273], [-53.18285186245039, -26.4201786072661], [-53.1834240671402, -26.4196543349662], [-53.18330362452, -26.4190531216608], [-53.1835287854049, -26.4185679500963], [-53.1832256979424, -26.4183488644416], [-53.1833178684314, -26.417922483751], [-53.18320719345591, -26.4179091360144], [-53.1833853303619, -26.4175189282436], [-53.18310945113539, -26.4172759110617], [-53.183413662198, -26.4170934494068], [-53.1830515536153, -26.4163773043706], [-53.1829307847831, -26.4155551627345], [-53.1830458904779, -26.4155618943426], [-53.1830267394055, -26.415062610944], [-53.1828630138024, -26.4148477524191], [-53.1832967230142, -26.4143234399127], [-53.1832732759881, -26.4141056976171], [-53.18308805840991, -26.4138587330736], [-53.17566259639, -26.4151309458896]]]}}, {"type": "Feature", "properties": {"cod_imovel": "SC-4203501-4859869652C54964A7D57443F489F61F", "municipio": "Campo Ere", "num_area": 50.0941, "mod_fiscal": 2.783, "des_condic": "Aguardando analise", "ind_status": "AT", "dat_atuali": "19/04/2016"}, "geometry": {"type": "Polygon", "coordinates": [[[-53.06379695, -26.4257891631312], [-53.0613725833333, -26.4285551742422], [-53.0715030555556, -26.4354686547976], [-53.0722127861111, -26.4352693659087], [-53.0726143611111, -26.4347900075754], [-53.0727111388889, -26.4346075742421], [-53.0724921861111, -26.4342401992421], [-53.0726529333333, -26.4338838686866], [-53.0734750111111, -26.4330162159088], [-53.0743686111111, -26.4330036075755], [-53.06379695, -26.4257891631312]]]}}, {"type": "Feature", "properties": {"cod_imovel": "SC-4203501-48702F5F76F74E01A739D7E141485AD6", "municipio": "Campo Ere", "num_area": 43.541, "mod_fiscal": 2.4189, "des_condic": "Aguardando analise", "ind_status": "AT", "dat_atuali": "21/06/2017"}, "geometry": {"type": "Polygon", "coordinates": [[[-53.1442823138889, -26.4141897242425], [-53.1441655916667, -26.4143170186869], [-53.1442854027778, -26.4145582964647], [-53.1450083277778, -26.414595954798], [-53.1463740583333, -26.4154728270203], [-53.1466232277778, -26.4158670992425], [-53.1463220694444, -26.4165340020202], [-53.1466411388889, -26.4175097409091], [-53.1462388805556, -26.4180948825758], [-53.1465969527778, -26.4182965409091], [-53.1469649138889, -26.4182884075758], [-53.1469952972222, -26.4181472159091], [-53.1481300861111, -26.4180321325758], [-53.1480444861111, -26.419028504798], [-53.1524300777778, -26.413537693687], [-53.151079825, -26.413122643687], [-53.1475731611111, -26.4106116353537], [-53.1459828833333, -26.4096680075759], [-53.1430278222222, -26.4128156825759], [-53.1437632777778, -26.4126827492425], [-53.1448397666667, -26.4132780631314], [-53.1447261722222, -26.4133967825759], [-53.1448086527778, -26.4137833797981], [-53.1445161861111, -26.4136980464647], [-53.1445482972222, -26.4139379297981], [-53.1441054194444, -26.4140584659092], [-53.1442823138889, -26.4141897242425]]]}}, {"type": "Feature", "properties": {"cod_imovel": "SC-4203501-5599E6022BC84CA29CA2A7F2B147BA70", "municipio": "Campo Ere", "num_area": 129.6483, "mod_fiscal": 7.2027, "des_condic": "Aguardando analise", "ind_status": "AT", "dat_atuali": "18/05/2015"}, "geometry": {"type": "Polygon", "coordinates": [[[-53.13423705814394, -26.44732992671751], [-53.12986674177097, -26.44560093837785], [-53.12854021689153, -26.45855024958282], [-53.12909647156451, -26.45889437066304], [-53.12915144537253, -26.45939370549526], [-53.12946817123986, -26.45959321361121], [-53.12967633708741, -26.46040794635499], [-53.13066665766573, -26.46082077204722], [-53.1317449105923, -26.46219879945004], [-53.13193201287322, -26.46286512293403], [-53.13175199098187, -26.46329377995261], [-53.13187717372639, -26.46357655008803], [-53.13226677514003, -26.46388372308307], [-53.13306414764096, -26.46408498538368], [-53.13334035794992, -26.4645032239802], [-53.13331899152671, -26.46486031002421], [-53.13476129909682, -26.4651992337548], [-53.13772306339188, -26.44850333172529], [-53.13423705814394, -26.44732992671751]]]}}, {"type": "Feature", "properties": {"cod_imovel": "SC-4203501-5B8767B88EEB4BBBB5E62F3DC1F82990", "municipio": "Campo Ere", "num_area": 12.1741, "mod_fiscal": 0.6763, "des_condic": "Aguardando analise", "ind_status": "AT", "dat_atuali": "04/05/2015"}, "geometry": {"type": "Polygon", "coordinates": [[[-53.21704387664795, -26.48205890651451], [-53.21873903274536, -26.483192067038175], [-53.22178602218627, -26.479734932207027], [-53.22082042694091, -26.477526152772874], [-53.21704387664795, -26.48205890651451]]]}}, {"type": "Feature", "properties": {"cod_imovel": "SC-4203501-6A21C53254E24F96BBEE1A14C21691DB", "municipio": "Campo Ere", "num_area": 42.9734, "mod_fiscal": 2.3874, "des_condic": "Aguardando analise", "ind_status": "AT", "dat_atuali": "21/06/2017"}, "geometry": {"type": "Polygon", "coordinates": [[[-53.1423574972222, -26.404143532576], [-53.1446698722222, -26.4088146353537], [-53.1460394388889, -26.4096082131315], [-53.1495396055556, -26.4058691047982], [-53.1495375194444, -26.4056818853538], [-53.148992475, -26.4051036186871], [-53.1489484555556, -26.404766032576], [-53.1491605277778, -26.4044104353538], [-53.1488280166667, -26.4040597659094], [-53.1485305055556, -26.404170557576], [-53.148353775, -26.4029010492427], [-53.1479949305556, -26.4024035409094], [-53.1480797916667, -26.4022034436872], [-53.1477527027778, -26.401766721465], [-53.1476394527778, -26.4012732020205], [-53.1474123444444, -26.4011772325761], [-53.1475769944444, -26.3995254131317], [-53.1434570055556, -26.4027128242427], [-53.1423574972222, -26.404143532576]]]}}, {"type": "Feature", "properties": {"cod_imovel": "SC-4203501-704F3591A43F4F29B46BA14DF8BA14AE", "municipio": "Campo Ere", "num_area": 6.0766, "mod_fiscal": 0.341, "des_condic": "Aguardando analise", "ind_status": "AT", "dat_atuali": "18/05/2016"}, "geometry": {"type": "Polygon", "coordinates": [[[-53.00570726394653, -26.41900687623625], [-53.0045392405379, -26.41674689013579], [-53.001952171325684, -26.41779621632012], [-53.00261482918237, -26.4190540626775], [-53.00570726394653, -26.41900687623625]]]}}, {"type": "Feature", "properties": {"cod_imovel": "SC-4203501-707D57E50BDB4F398F7275B0584491ED", "municipio": "Campo Ere", "num_area": 6.0506, "mod_fiscal": 0.3361, "des_condic": "Aguardando analise", "ind_status": "AT", "dat_atuali": "17/04/2015"}, "geometry": {"type": "Polygon", "coordinates": [[[-53.04684162139892, -26.43216958029191], [-53.05124286985735, -26.43508892983668], [-53.052098751068115, -26.434110231421982], [-53.04928779602051, -26.432284867410576], [-53.04684162139892, -26.43216958029191]]]}}, {"type": "Feature", "properties": {"cod_imovel": "SC-4203501-7156896970C741DC8D27ADB602AE2688", "municipio": "Campo Ere", "num_area": 4.999999999999999, "mod_fiscal": 0.2778, "des_condic": "Aguardando analise", "ind_status": "AT", "dat_atuali": "11/11/2015"}, "geometry": {"type": "Polygon", "coordinates": [[[-53.08027267456055, -26.495444852343358], [-53.07947874069214, -26.49471509919631], [-53.07799816131592, -26.49797974832727], [-53.07977914810181, -26.49892071821344], [-53.07973623275756, -26.49728841860352], [-53.08027267456055, -26.495444852343358]]]}}, {"type": "Feature", "properties": {"cod_imovel": "SC-4203501-850C8693FFA1401EBC7590650D1013D2", "municipio": "Campo Ere", "num_area": 48.4, "mod_fiscal": 2.6889, "des_condic": "Aguardando analise", "ind_status": "AT", "dat_atuali": "19/12/2017"}, "geometry": {"type": "Polygon", "coordinates": [[[-53.2233707361111, -26.4194878075757], [-53.2234375583333, -26.4203829797979], [-53.2238312944444, -26.4219415353535], [-53.2342942083333, -26.416498954798], [-53.2373429222222, -26.4190020853535], [-53.23970685, -26.4163638131313], [-53.2358823361111, -26.4135465520203], [-53.2235418083333, -26.4193572881313], [-53.2233707361111, -26.4194878075757]]]}}, {"type": "Feature", "properties": {"cod_imovel": "SC-4203501-82B9C49D489E4C93AC76B375117210DE", "municipio": "Campo Ere", "num_area": 20.0267, "mod_fiscal": 1.1126, "des_condic": "Aguardando analise", "ind_status": "AT", "dat_atuali": "27/09/2014"}, "geometry": {"type": "Polygon", "coordinates": [[[-53.10020103021152, -26.42554477480764], [-53.09769835124514, -26.42428494818893], [-53.09621927517502, -26.42561010360034], [-53.100528717041016, -26.430113607310886], [-53.10321092605591, -26.427711723272463], [-53.10248462487279, -26.42736181571022], [-53.10020103021152, -26.42554477480764]]]}}, {"type": "Feature", "properties": {"cod_imovel": "SC-4203501-8B9068EC6798484293F130647014B7E4", "municipio": "Campo Ere", "num_area": 4.843, "mod_fiscal": 0.2691, "des_condic": "Aguardando analise", "ind_status": "AT", "dat_atuali": "01/05/2016"}, "geometry": {"type": "Polygon", "coordinates": [[[-53.225154876708984, -26.48390268743274], [-53.226227760314934, -26.48365301049719], [-53.22644233703613, -26.48242382383419], [-53.22594881057739, -26.48225096840604], [-53.22603464126587, -26.481886050537902], [-53.224403858184814, -26.481444306306237], [-53.22401762008667, -26.48242382383419], [-53.22399616241455, -26.483307303076128], [-53.225154876708984, -26.48390268743274]]]}}, {"type": "Feature", "properties": {"cod_imovel": "SC-4203501-8C1EA4A5C46747C18BEFF470F4A584F5", "municipio": "Campo Ere", "num_area": 70.7497, "mod_fiscal": 3.9305, "des_condic": "Aguardando analise", "ind_status": "AT", "dat_atuali": "21/06/2017"}, "geometry": {"type": "Polygon", "coordinates": [[[-53.1536831805556, -26.4226635492423], [-53.1506056638889, -26.4291461575755], [-53.1557195777778, -26.4307432742422], [-53.1599386083333, -26.4316471297977], [-53.1629878194444, -26.4301792909089], [-53.1625253833333, -26.4296322353533], [-53.1623648944444, -26.4285467603533], [-53.1630433805556, -26.4279300659089], [-53.1633725666667, -26.4263362047978], [-53.1632816055556, -26.4258106603534], [-53.1619367083333, -26.42601250202], [-53.160270475, -26.4259481103534], [-53.1600669, -26.4262147575756], [-53.15968585, -26.4263554464645], [-53.1591520583333, -26.4261918825756], [-53.1584909666667, -26.4253775659089], [-53.1575276583333, -26.4246824047978], [-53.1557945777778, -26.424541315909], [-53.1541739611111, -26.4248613047978], [-53.1539202333333, -26.4244060047979], [-53.1540233305556, -26.4234973047979], [-53.1538902611111, -26.4227623797979], [-53.1536831805556, -26.4226635492423]]]}}, {"type": "Feature", "properties": {"cod_imovel": "SC-4203501-91DC8C08AE774F8B8B7C34A53EA50E0A", "municipio": "Campo Ere", "num_area": 34.8013, "mod_fiscal": 1.9334, "des_condic": "Aguardando analise", "ind_status": "AT", "dat_atuali": "01/05/2016"}, "geometry": {"type": "Polygon", "coordinates": [[[-53.23114191848941, -26.49401926042273], [-53.22594881057739, -26.49957363156596], [-53.225884437561035, -26.50003450934611], [-53.226227760314934, -26.500552994639445], [-53.22678565979004, -26.500821837944617], [-53.22783708572388, -26.500418572750984], [-53.22837352752685, -26.50001530614218], [-53.22884559631348, -26.50003450934611], [-53.229188919067376, -26.500456979020875], [-53.22867393493652, -26.501090680620855], [-53.230111598968506, -26.502300464880296], [-53.23320150375366, -26.498114173068412], [-53.234145641326904, -26.497384436869382], [-53.23114191848941, -26.49401926042273]]]}}, {"type": "Feature", "properties": {"cod_imovel": "SC-4203501-95D44815E4434712934D80C0D3A35A10", "municipio": "Campo Ere", "num_area": 9.68, "mod_fiscal": 0.5378, "des_condic": "Aguardando analise", "ind_status": "AT", "dat_atuali": "03/07/2015"}, "geometry": {"type": "Polygon", "coordinates": [[[-53.0061151305556, -26.3874020186875], [-53.0064594555556, -26.395168835354], [-53.0075504194444, -26.3946452659096], [-53.0071411833333, -26.3866191714653], [-53.0068000666667, -26.3866137131319], [-53.0063342888889, -26.387452749243], [-53.0061151305556, -26.3874020186875]]]}}, {"type": "Feature", "properties": {"cod_imovel": "SC-4203501-9698082DD1854FB6B4F2556064C674AE", "municipio": "Campo Ere", "num_area": 15.0, "mod_fiscal": 0.8333, "des_condic": "Aguardando analise", "ind_status": "AT", "dat_atuali": "26/04/2016"}, "geometry": {"type": "Polygon", "coordinates": [[[-53.0956150944444, -26.42609310202], [-53.0958819333333, -26.4261985714645], [-53.0964424277778, -26.4269137103534], [-53.0969451027778, -26.42833797702], [-53.0980319888889, -26.4289218881311], [-53.101165875, -26.4262156131312], [-53.0991387138889, -26.4249089020201], [-53.0977280777778, -26.4242684825756], [-53.0956150944444, -26.42609310202]]]}}, {"type": "Feature", "properties": {"cod_imovel": "SC-4203501-96CCCA149ADC495B994AEC5D920EDAD6", "municipio": "Campo Ere", "num_area": 11.6646, "mod_fiscal": 0.648, "des_condic": "Aguardando analise", "ind_status": "AT", "dat_atuali": "31/03/2016"}, "geometry": {"type": "Polygon", "coordinates": [[[-53.1157859583333, -26.4486308020196], [-53.114492475, -26.4502792770196], [-53.1140865305556, -26.4518273409084], [-53.1158612805556, -26.4530684297973], [-53.1185503138889, -26.4500744603529], [-53.1180887944444, -26.4500653659085], [-53.1173529944444, -26.4494028436862], [-53.1167243666667, -26.449215746464], [-53.1166718222222, -26.448924321464], [-53.1157859583333, -26.4486308020196]]]}}, {"type": "Feature", "properties": {"cod_imovel": "SC-4203501-972096AA6B8E47588D1F73249A9CD0DF", "municipio": "Campo Ere", "num_area": 37.555, "mod_fiscal": 2.0864, "des_condic": "Aguardando analise", "ind_status": "AT", "dat_atuali": "01/06/2015"}, "geometry": {"type": "Polygon", "coordinates": [[[-53.22185039520264, -26.43537836203154], [-53.22907689863365, -26.42876660580485], [-53.22803218284303, -26.4277589076116], [-53.21779459336851, -26.43731909256748], [-53.22132431861449, -26.4405133417346], [-53.22453538751782, -26.43775584432914], [-53.22185039520264, -26.43537836203154]]]}}, {"type": "Feature", "properties": {"cod_imovel": "SC-4203501-9866A319FB364CBDA60059B335C23805", "municipio": "Campo Ere", "num_area": 164.4554, "mod_fiscal": 9.1364, "des_condic": "Aguardando analise", "ind_status": "AT", "dat_atuali": "27/04/2016"}, "geometry": {"type": "Polygon", "coordinates": [[[-53.0980953166667, -26.4700811214636], [-53.0982299888889, -26.4714274381303], [-53.0984532722222, -26.4714046992414], [-53.0984525166667, -26.4715680270191], [-53.0982095638889, -26.4715784853525], [-53.0982495027778, -26.471797065908], [-53.0981127222222, -26.4717860436858], [-53.0980739361111, -26.4720201075747], [-53.0979404722222, -26.4719485270191], [-53.0977297444444, -26.4721067742413], [-53.0979380305556, -26.4721157797969], [-53.0978466472222, -26.4723156325747], [-53.0976622333333, -26.4723960353525], [-53.0975363444444, -26.472074315908], [-53.0972388444444, -26.4721632575747], [-53.0971292361111, -26.4722691131302], [-53.0973821111111, -26.4722493520191], [-53.097369325, -26.4725744325747], [-53.09696495, -26.472805615908], [-53.0969304472222, -26.4740252547969], [-53.0971983138889, -26.4746243825746], [-53.0969723444444, -26.4747814186857], [-53.0970547055556, -26.475289215908], [-53.0964212361111, -26.4765863575746], [-53.0966991944444, -26.4769941825746], [-53.0965411305556, -26.4785460659079], [-53.0970479722222, -26.479055677019], [-53.0987739138889, -26.4798188103523], [-53.0984624555556, -26.4801563603523], [-53.0981919972222, -26.4800878436856], [-53.0983338861111, -26.4802970464634], [-53.0979311138889, -26.4806011659078], [-53.0977876388889, -26.4809689825745], [-53.0979128527778, -26.4821240853523], [-53.0981754611111, -26.4822327659078], [-53.0981499861111, -26.4825637186856], [-53.0986887583333, -26.4825658159078], [-53.1000527861111, -26.4819014159078], [-53.1005857611111, -26.4824197270189], [-53.1016186611111, -26.4829344909078], [-53.1021263277778, -26.48350578813], [-53.1020879611111, -26.4841221686856], [-53.1026099888889, -26.4856796103522], [-53.1030095611111, -26.4861099714633], [-53.1031434805556, -26.4860289797966], [-53.1034721055556, -26.4862421492411], [-53.1036422333333, -26.4861557742411], [-53.1034349888889, -26.4859849797966], [-53.1033557527778, -26.4855078742411], [-53.1035095916667, -26.4844748603522], [-53.1052375833333, -26.4837499797967], [-53.1064132083333, -26.4754136214635], [-53.1066787638889, -26.4746327575746], [-53.107348825, -26.4742590992413], [-53.108328675, -26.4729832103524], [-53.1095431777778, -26.4697815575747], [-53.1105038333333, -26.4684731659081], [-53.1110705027778, -26.4679994131303], [-53.1129786722222, -26.4673426353526], [-53.1125937472222, -26.4663905325748], [-53.0983089805556, -26.4696699436858], [-53.0980912333333, -26.4698814714636], [-53.0982833138889, -26.4699769103525], [-53.0980953166667, -26.4700811214636]]]}}, {"type": "Feature", "properties": {"cod_imovel": "SC-4203501-A57AE43F440143D38770FFA0296A1EB1", "municipio": "Campo Ere", "num_area": 8.4642, "mod_fiscal": 0.4702, "des_condic": "Aguardando analise", "ind_status": "AT", "dat_atuali": "15/04/2015"}, "geometry": {"type": "Polygon", "coordinates": [[[-53.0378589439035, -26.42833732399369], [-53.04068326950073, -26.428518761892054], [-53.04117679595947, -26.427807799594873], [-53.0405330657959, -26.426962325209686], [-53.0409836769104, -26.42636664635146], [-53.03866573824394, -26.42530302688267], [-53.038108348846436, -26.425905473508717], [-53.0378589439035, -26.42833732399369]]]}}, {"type": "Feature", "properties": {"cod_imovel": "SC-4203501-A7E89382E65C40288D44D27990D35A81", "municipio": "Campo Ere", "num_area": 18.2652, "mod_fiscal": 1.0147, "des_condic": "Aguardando analise", "ind_status": "AT", "dat_atuali": "17/04/2015"}, "geometry": {"type": "Polygon", "coordinates": [[[-53.05201434914207, -26.43411950962752], [-53.052978515625, -26.432976587700995], [-53.04581165313721, -26.428422686162186], [-53.0450443877516, -26.43004968078064], [-53.04492095194716, -26.43100525045475], [-53.04701328277587, -26.432342510926667], [-53.04949969163671, -26.43237278246639], [-53.05201434914207, -26.43411950962752]]]}}, {"type": "Feature", "properties": {"cod_imovel": "SC-4203501-AC130074344543C782AC08F1FF04D6D9", "municipio": "Campo Ere", "num_area": 66.6585, "mod_fiscal": 3.7033, "des_condic": "Aguardando analise", "ind_status": "AT", "dat_atuali": "19/04/2016"}, "geometry": {"type": "Polygon", "coordinates": [[[-53.06700020166667, -26.498219164722222], [-53.06667905638889, -26.49891410111111], [-53.065130860833335, -26.50104393638889], [-53.06475629472222, -26.506278058888892], [-53.06440946555556, -26.507161511944446], [-53.063573329444445, -26.508339684444444], [-53.066939580833335, -26.508973116111115], [-53.06790735166667, -26.508431636388888], [-53.06904762916667, -26.500993686388888], [-53.070217321111116, -26.502278504444444], [-53.070855118611114, -26.502546758333335], [-53.07127324777778, -26.50294899], [-53.07192702277778, -26.504167723888887], [-53.07312148416667, -26.503746569444445], [-53.07341041972222, -26.5038197375], [-53.074013057500004, -26.50347450027778], [-53.07493879194445, -26.503443526944448], [-53.075860068611114, -26.503143223333335], [-53.07633638027778, -26.502799739444445], [-53.07646373833334, -26.50251207222222], [-53.076847891944446, -26.502392933055557], [-53.07698758, -26.50198809138889], [-53.07765709472223, -26.5017442475], [-53.07758107888889, -26.501453299444446], [-53.06700020166667, -26.498219164722222]]]}}, {"type": "Feature", "properties": {"cod_imovel": "SC-4203501-AF6D2ABED1214F3B9EB7C408AFBB8542", "municipio": "Campo Ere", "num_area": 13.9271, "mod_fiscal": 0.7737, "des_condic": "Aguardando analise", "ind_status": "AT", "dat_atuali": "18/04/2016"}, "geometry": {"type": "Polygon", "coordinates": [[[-53.15944593119187, -26.39269231753514], [-53.16103541200013, -26.39184294949368], [-53.16325559094263, -26.38992840030787], [-53.15969142580438, -26.38874926422482], [-53.15861023592408, -26.3885528461146], [-53.15791782162417, -26.38876534818306], [-53.1579983081776, -26.389353805601], [-53.1576778978196, -26.38955748444977], [-53.15754152543319, -26.38997683739203], [-53.15757234479238, -26.39074526810688], [-53.15829437343407, -26.3909115815059], [-53.15858434635683, -26.39133276633898], [-53.15930604681688, -26.39110632922168], [-53.16020218322944, -26.39135218839127], [-53.16015667465893, -26.39148403433314], [-53.15966264282095, -26.39159964986261], [-53.15880171790217, -26.39164445348353], [-53.1589471840994, -26.3921506459493], [-53.15944593119187, -26.39269231753514]]]}}, {"type": "Feature", "properties": {"cod_imovel": "SC-4203501-B003CA9CF15A4AFEA1F5FDE621CE798D", "municipio": "Campo Ere", "num_area": 7.2702, "mod_fiscal": 0.4039, "des_condic": "Aguardando analise", "ind_status": "AT", "dat_atuali": "31/03/2015"}, "geometry": {"type": "Polygon", "coordinates": [[[-53.23253631591797, -26.49657788094297], [-53.23309567275297, -26.49773742242424], [-53.23321767198411, -26.49773402806194], [-53.23345127736461, -26.49749654388424], [-53.2335395200458, -26.49670799982349], [-53.23382377624512, -26.496942752182214], [-53.23523998260498, -26.49517599645979], [-53.23432089122264, -26.49368754723904], [-53.23450789041081, -26.49298312549858], [-53.23404300326388, -26.49263607739112], [-53.23366648561556, -26.49280353063922], [-53.23253631591797, -26.49657788094297]]]}}, {"type": "Feature", "properties": {"cod_imovel": "SC-4203501-B6F3297BBEBD45FD9C0FE50D7039DD15", "municipio": "Campo Ere", "num_area": 3.4592, "mod_fiscal": 0.1922, "des_condic": "Aguardando analise", "ind_status": "AT", "dat_atuali": "04/04/2016"}, "geometry": {"type": "Polygon", "coordinates": [[[-53.16479444503784, -26.366206461740486], [-53.16232644680144, -26.36480305567122], [-53.16157579421997, -26.365572018064224], [-53.16417217254639, -26.367110057328503], [-53.16479444503784, -26.366206461740486]]]}}, {"type": "Feature", "properties": {"cod_imovel": "SC-4203501-B9CF6266B1074253968476884CA9012A", "municipio": "Campo Ere", "num_area": 47.3784, "mod_fiscal": 2.6321, "des_condic": "Aguardando analise", "ind_status": "AT", "dat_atuali": "31/08/2015"}, "geometry": {"type": "Polygon", "coordinates": [[[-53.1239380722222, -26.420574865909], [-53.1242440111111, -26.4250174020201], [-53.1338211111111, -26.4294726492422], [-53.1338817222222, -26.42886542702], [-53.1335356944444, -26.4272816159089], [-53.1319833444444, -26.4257342575756], [-53.1319801027778, -26.4251717992423], [-53.1316297444444, -26.4250320131312], [-53.1314807583333, -26.4245419714645], [-53.1310675388889, -26.4242642353534], [-53.1309438527778, -26.4237411381312], [-53.1310718055556, -26.423497165909], [-53.130844875, -26.4233553464645], [-53.1305649055556, -26.4226633603534], [-53.1299065666667, -26.4218131297979], [-53.1239380722222, -26.420574865909]]]}}, {"type": "Feature", "properties": {"cod_imovel": "SC-4203501-BA95190F8BAF40E1A415F594ADB40E7F", "municipio": "Campo Ere", "num_area": 60.4692, "mod_fiscal": 3.3594, "des_condic": "Aguardando analise", "ind_status": "AT", "dat_atuali": "19/10/2016"}, "geometry": {"type": "Polygon", "coordinates": [[[-53.234853744506836, -26.397943424765796], [-53.23451042175293, -26.397405257023376], [-53.21309565661219, -26.4127303640609], [-53.20988082322344, -26.41589731760378], [-53.21030616760254, -26.416623977942198], [-53.211164474487305, -26.416854583154624], [-53.235626220703125, -26.398327828759957], [-53.234853744506836, -26.397943424765796]]]}}, {"type": "Feature", "properties": {"cod_imovel": "SC-4203501-BE86AB37A8334409A6166306576DC9DE", "municipio": "Campo Ere", "num_area": 69.0653, "mod_fiscal": 3.837, "des_condic": "Aguardando analise", "ind_status": "AT", "dat_atuali": "22/04/2015"}, "geometry": {"type": "Polygon", "coordinates": [[[-53.10224290654617, -26.42712308560977], [-53.11273106061783, -26.4199692343842], [-53.11195313988955, -26.41957989459351], [-53.10958289787502, -26.41935467249083], [-53.10953299476815, -26.41905620612511], [-53.10880327524968, -26.4188094619308], [-53.10820592291658, -26.41889461145934], [-53.10704500250677, -26.41853661119922], [-53.10606058017041, -26.41796427378829], [-53.10571471432762, -26.41734890549674], [-53.09776294824512, -26.42422105912497], [-53.10025053378625, -26.42552902561159], [-53.10224290654617, -26.42712308560977]]]}}, {"type": "Feature", "properties": {"cod_imovel": "SC-4203501-C11B78427CD84EB9ACA379A7D665403F", "municipio": "Campo Ere", "num_area": 65.071, "mod_fiscal": 3.6151, "des_condic": "Aguardando analise", "ind_status": "AT", "dat_atuali": "16/12/2015"}, "geometry": {"type": "Polygon", "coordinates": [[[-53.1422838333333, -26.3883464659097], [-53.1350345, -26.3964611909095], [-53.1473637, -26.398258421465], [-53.1467928083333, -26.3981355436873], [-53.1462714277778, -26.3974651992428], [-53.14651695, -26.3969406547984], [-53.1463527611111, -26.3966665131317], [-53.1464475083333, -26.3960138909095], [-53.1462794916667, -26.395668210354], [-53.1465261527778, -26.3953574770207], [-53.14643535, -26.3947614075762], [-53.1459999361111, -26.3944222186873], [-53.1459956916667, -26.3940778492429], [-53.1456721416667, -26.3934079186874], [-53.1450802, -26.3927912492429], [-53.1449748722222, -26.3923706131318], [-53.1446707472222, -26.3921395075763], [-53.1445679916667, -26.3917948131318], [-53.1443548138889, -26.3918169797985], [-53.1438884916667, -26.390642049243], [-53.1435136777778, -26.3904800075763], [-53.143283075, -26.3901365214652], [-53.142847025, -26.3900777103541], [-53.1427050444444, -26.389728374243], [-53.1428485277778, -26.3895068853541], [-53.1426369694444, -26.3894911381319], [-53.1426114666667, -26.3887985659097], [-53.1422838333333, -26.3883464659097]]]}}, {"type": "Feature", "properties": {"cod_imovel": "SC-4203501-C4A8E8CD81234098B59488A28E5231D4", "municipio": "Campo Ere", "num_area": 75.4561, "mod_fiscal": 4.192, "des_condic": "Aguardando analise", "ind_status": "AT", "dat_atuali": "27/02/2015"}, "geometry": {"type": "Polygon", "coordinates": [[[-53.21507332396612, -26.43805533206427], [-53.20992896270643, -26.44122332854412], [-53.20953684910631, -26.45031051152309], [-53.21659251688269, -26.44951138948162], [-53.21674636430465, -26.44542764286121], [-53.21600668301307, -26.44157296358921], [-53.21507332396612, -26.43805533206427]]]}}, {"type": "Feature", "properties": {"cod_imovel": "SC-4203501-C8F73781DC674415A6CBB14DFB7E60AB", "municipio": "Campo Ere", "num_area": 205.0, "mod_fiscal": 11.2198, "des_condic": "Aguardando analise", "ind_status": "AT", "dat_atuali": "04/05/2017"}, "geometry": {"type": "Polygon", "coordinates": [[[-53.0469274520874, -26.45184357869441], [-53.05302143096924, -26.454936548158138], [-53.05361638543901, -26.45538727450711], [-53.05453560734483, -26.45429979611933], [-53.06260946921184, -26.45360017672946], [-53.05854380909702, -26.45204358799613], [-53.05932644840391, -26.45089976742812], [-53.05570275476675, -26.44812365943419], [-53.05765628814697, -26.446291394060076], [-53.05018901824951, -26.44198778656175], [-53.05148858091275, -26.44019579231147], [-53.04612883621121, -26.43679946477937], [-53.04413701662926, -26.44103794107208], [-53.04495334625244, -26.441949360770653], [-53.04405212402343, -26.442525746291285], [-53.04392337799072, -26.44298685263153], [-53.04422990525372, -26.44380189073737], [-53.04024055516435, -26.45029520390283], [-53.045897483825684, -26.453284413314865], [-53.0469274520874, -26.45184357869441]]]}}, {"type": "Feature", "properties": {"cod_imovel": "SC-4203501-D03F6CB27476419B92524B194F334DC3", "municipio": "Campo Ere", "num_area": 237.4824, "mod_fiscal": 13.1935, "des_condic": "Aguardando analise", "ind_status": "AT", "dat_atuali": "13/04/2016"}, "geometry": {"type": "Polygon", "coordinates": [[[-53.0963854805556, -26.4578878214639], [-53.0963011027778, -26.4581552881305], [-53.0965573305556, -26.4582204464638], [-53.0963435472222, -26.4588236797972], [-53.0965795694444, -26.4592234881305], [-53.0968549722222, -26.4591563742416], [-53.0969126111111, -26.4593866270194], [-53.09713265, -26.4594899159083], [-53.0971598472222, -26.4602733297971], [-53.0973171944444, -26.4606408159082], [-53.0975028527778, -26.4606534214638], [-53.0973145611111, -26.4609307742416], [-53.0974523138889, -26.4609276492416], [-53.0974730666667, -26.4611099770193], [-53.0972154805556, -26.4613170464638], [-53.0976698638889, -26.4622454409082], [-53.0976781, -26.4626311659082], [-53.0976388638889, -26.4627485075749], [-53.0974197888889, -26.4626639409082], [-53.0975851583333, -26.4629438797971], [-53.0973128555556, -26.4630811492415], [-53.0973383055556, -26.4633046297971], [-53.0975317694444, -26.4634813075749], [-53.0972985805556, -26.4635841325749], [-53.0976322666667, -26.4637350297971], [-53.0977404583333, -26.4642211853526], [-53.0976003333333, -26.4643153853526], [-53.0977596194444, -26.4645119159082], [-53.0976596916667, -26.4645981075748], [-53.0978340638889, -26.4646140381304], [-53.0980615388889, -26.4650336909082], [-53.0978960722222, -26.465412054797], [-53.0979956861111, -26.4658331353526], [-53.0982500388889, -26.4659996020192], [-53.0980853444444, -26.466132504797], [-53.0984769083333, -26.4662644992415], [-53.0983152527778, -26.466524754797], [-53.0984975833333, -26.4665947853526], [-53.0983783361111, -26.4667366881303], [-53.098559675, -26.4667588520192], [-53.0985253805556, -26.4673353603526], [-53.0983494555556, -26.4673005603526], [-53.0983616416667, -26.4679318409081], [-53.0981576361111, -26.4680544186859], [-53.0980393916667, -26.4686237325748], [-53.0978885888889, -26.4686266075748], [-53.0981207333333, -26.4690333909081], [-53.0979408694444, -26.4690878409081], [-53.098105925, -26.4691712659081], [-53.0980751222222, -26.4696855909081], [-53.1125937472222, -26.4663905325748], [-53.1076638666667, -26.4540507020195], [-53.1051360027778, -26.4493009992418], [-53.095615375, -26.454246832575], [-53.0952183027778, -26.4549062686861], [-53.0955364083333, -26.4552005742417], [-53.0955752083333, -26.456106132575], [-53.0957459638889, -26.4562967742417], [-53.0956659194444, -26.4565487547972], [-53.09615345, -26.4571689881305], [-53.0962340305556, -26.4578513770194], [-53.0963854805556, -26.4578878214639]]]}}, {"type": "Feature", "properties": {"cod_imovel": "SC-4203501-D24DD381F898479A81066257EC156A54", "municipio": "Campo Ere", "num_area": 107.1152, "mod_fiscal": 5.9508, "des_condic": "Aguardando analise", "ind_status": "AT", "dat_atuali": "31/01/2019"}, "geometry": {"type": "Polygon", "coordinates": [[[-53.06950925, -26.48719023], [-53.07023523, -26.48794042], [-53.07053606, -26.48870423], [-53.07142386, -26.48968921], [-53.07124837, -26.48973613], [-53.07124163, -26.48992545], [-53.07146239, -26.49008585], [-53.07835652, -26.48282133], [-53.07378883, -26.47413477], [-53.07175476, -26.47541803], [-53.07148402, -26.47473319], [-53.07004094, -26.47558773], [-53.06917875, -26.47592171], [-53.06814601, -26.47607534], [-53.06950925, -26.48719023]]]}}, {"type": "Feature", "properties": {"cod_imovel": "SC-4203501-D613D887BB134992B6C4448759778CA0", "municipio": "Campo Ere", "num_area": 12.1, "mod_fiscal": 0.6722, "des_condic": "Aguardando analise", "ind_status": "AT", "dat_atuali": "28/04/2016"}, "geometry": {"type": "Polygon", "coordinates": [[[-53.034139875, -26.3864492464653], [-53.0346101305556, -26.390409499243], [-53.0363980194444, -26.3905693270208], [-53.0374113222222, -26.3893302325763], [-53.0382762583333, -26.3889528325763], [-53.0382771388889, -26.3879810103541], [-53.034139875, -26.3864492464653]]]}}, {"type": "Feature", "properties": {"cod_imovel": "SC-4203501-D895DF0389CD44A4A720EB74C0936D4B", "municipio": "Campo Ere", "num_area": 14.9574, "mod_fiscal": 0.8309, "des_condic": "Aguardando analise", "ind_status": "AT", "dat_atuali": "07/04/2015"}, "geometry": {"type": "Polygon", "coordinates": [[[-53.13268660961764, -26.36423063627835], [-53.13482170475704, -26.36543587891627], [-53.1368350982666, -26.36411086180804], [-53.136534690856934, -26.362130581090714], [-53.13592024306391, -26.36020698755144], [-53.13521569762987, -26.35995140345838], [-53.13311902750783, -26.36315745499059], [-53.13268660961764, -26.36423063627835]]]}}, {"type": "Feature", "properties": {"cod_imovel": "SC-4203501-DB174B70668640A18760F39C4CDC136A", "municipio": "Campo Ere", "num_area": 87.1201, "mod_fiscal": 4.84, "des_condic": "Aguardando analise", "ind_status": "AT", "dat_atuali": "13/01/2016"}, "geometry": {"type": "Polygon", "coordinates": [[[-53.20314347, -26.45994564], [-53.19299158, -26.46038038], [-53.19277209, -26.459879], [-53.19073247, -26.46041602], [-53.18963204, -26.46040298], [-53.18915073, -26.46023915], [-53.18835825, -26.46045133], [-53.18716632, -26.45996169], [-53.1864323, -26.45904186], [-53.18602822, -26.45894669], [-53.18210585, -26.46031234], [-53.18362861, -26.46346751], [-53.18395291, -26.46335369], [-53.18519999, -26.46165309], [-53.18571127, -26.4614047], [-53.1864453, -26.4617941], [-53.18745942, -26.46319217], [-53.18777042, -26.46383714], [-53.18763384, -26.46479751], [-53.19211858, -26.4636984], [-53.19189593, -26.46594168], [-53.18741411, -26.46664202], [-53.18751623, -26.46746379], [-53.18776664, -26.46782389], [-53.18951276, -26.46694703], [-53.19099777, -26.46654825], [-53.19570199, -26.46598045], [-53.19536132, -26.46238369], [-53.19960173, -26.46197395], [-53.19958391, -26.46229292], [-53.19924185, -26.46267982], [-53.20308775, -26.4622469], [-53.20362041, -26.46472084], [-53.2057457, -26.46454452], [-53.20572207, -26.46205313], [-53.20348284, -26.46222158], [-53.20307605, -26.46117689], [-53.20314347, -26.45994564]]]}}, {"type": "Feature", "properties": {"cod_imovel": "SC-4203501-E3522EEEED1A49B2B9EC7401512926F2", "municipio": "Campo Ere", "num_area": 50.6948, "mod_fiscal": 2.8164, "des_condic": "Aguardando analise", "ind_status": "AT", "dat_atuali": "18/07/2016"}, "geometry": {"type": "Polygon", "coordinates": [[[-53.017453875, -26.37446536591], [-53.016297925, -26.3747706047988], [-53.0157969527778, -26.3747059131322], [-53.0154335083333, -26.3748380186877], [-53.0153845111111, -26.3750587797988], [-53.0148777138889, -26.3753509742433], [-53.0146805194444, -26.3760175575766], [-53.01441555, -26.3763643547988], [-53.014130125, -26.3764112909099], [-53.0138778, -26.3771858325766], [-53.0133890138889, -26.3778967631321], [-53.0134655666667, -26.3784863464654], [-53.0132352305556, -26.3792043825765], [-53.0133423527778, -26.3796191825765], [-53.0164681416667, -26.3784594797988], [-53.0176992, -26.379611677021], [-53.0190946361111, -26.3790284603543], [-53.020984175, -26.3789491325765], [-53.0214623194444, -26.3814486797987], [-53.0239677694444, -26.3809918603543], [-53.02439575, -26.3785282936877], [-53.0240063416667, -26.3771537686877], [-53.0246034833333, -26.375656727021], [-53.0242848694444, -26.3745224825766], [-53.0238454416667, -26.3750587825766], [-53.022772675, -26.3755992492433], [-53.0223700444444, -26.3759867297988], [-53.0209601166667, -26.3750393325766], [-53.0188215666667, -26.3761547964655], [-53.017453875, -26.37446536591]]]}}, {"type": "Feature", "properties": {"cod_imovel": "SC-4203501-E9810E5F397B41509706946040412726", "municipio": "Campo Ere", "num_area": 3.0149, "mod_fiscal": 0.1675, "des_condic": "Aguardando analise", "ind_status": "AT", "dat_atuali": "16/12/2015"}, "geometry": {"type": "Polygon", "coordinates": [[[-53.058578968048096, -26.42404154780797], [-53.06027412414551, -26.42308074959496], [-53.05926561355591, -26.422312105260158], [-53.05722713470459, -26.422811724660626], [-53.058578968048096, -26.42404154780797]]]}}, {"type": "Feature", "properties": {"cod_imovel": "SC-4203501-E9F19FF998F94B4EA44A879127B2864F", "municipio": "Campo Ere", "num_area": 12.1, "mod_fiscal": 0.6722, "des_condic": "Aguardando analise", "ind_status": "AT", "dat_atuali": "06/07/2015"}, "geometry": {"type": "Polygon", "coordinates": [[[-53.0169922472222, -26.3789617186877], [-53.0169853166667, -26.3819930464654], [-53.0214623194444, -26.3814486797987], [-53.0210276333333, -26.3791867409099], [-53.0197992805556, -26.3789074353543], [-53.0188754472222, -26.3790749409099], [-53.0177549361111, -26.3796358936876], [-53.0169922472222, -26.3789617186877]]]}}, {"type": "Feature", "properties": {"cod_imovel": "SC-4203501-EB73DE410E1348D88A88E6B6D27BCD0D", "municipio": "Campo Ere", "num_area": 13.7755, "mod_fiscal": 0.7653, "des_condic": "Aguardando analise", "ind_status": "AT", "dat_atuali": "20/04/2015"}, "geometry": {"type": "Polygon", "coordinates": [[[-53.159322738647454, -26.372089319062347], [-53.15372228622436, -26.371454907677787], [-53.15365174978751, -26.37165414896393], [-53.15444330972368, -26.37243743176546], [-53.15501039739656, -26.37218274541739], [-53.15593107765267, -26.3723472638004], [-53.15607196858269, -26.37289026601862], [-53.15544205819722, -26.37312438700277], [-53.1552165940081, -26.37353622467035], [-53.15496691865846, -26.37365176992366], [-53.15465531024851, -26.37350381679623], [-53.15467467714655, -26.3732498122141], [-53.15435333129442, -26.37299205879479], [-53.15387294351158, -26.37290972558259], [-53.15391888168098, -26.37344069026269], [-53.15419356508548, -26.37377104694441], [-53.15476692455987, -26.37397276433349], [-53.155481815338135, -26.373954083876924], [-53.15679225901357, -26.37452004239061], [-53.15835091271175, -26.37559502080005], [-53.15944785699669, -26.37326705856738], [-53.159322738647454, -26.372089319062347]]]}}, {"type": "Feature", "properties": {"cod_imovel": "SC-4203501-F14335A90B8E42E5A2CF5D37DA770A7E", "municipio": "Campo Ere", "num_area": 194.0403, "mod_fiscal": 10.78, "des_condic": "Aguardando analise", "ind_status": "AT", "dat_atuali": "02/05/2016"}, "geometry": {"type": "Polygon", "coordinates": [[[-53.1400780831277, -26.4809409105357], [-53.1406208153377, -26.4821028113025], [-53.1412198312435, -26.4829051699008], [-53.1421456279883, -26.483499225482], [-53.1421898895256, -26.4837241850047], [-53.1420121352134, -26.4839134845503], [-53.1415082778389, -26.4840188785166], [-53.1411165464735, -26.484369411416], [-53.1417554314724, -26.4846605641733], [-53.1429020812742, -26.4845147623479], [-53.143706045022, -26.4846879938072], [-53.1436714130062, -26.4850057918419], [-53.1430494374804, -26.4854498837883], [-53.1429382920457, -26.4857238931833], [-53.143080949615, -26.4862317782287], [-53.1433228671431, -26.4864574437415], [-53.1439012357887, -26.4861042742237], [-53.1460677692449, -26.4857936609835], [-53.1463717881149, -26.4858261154167], [-53.1467515161151, -26.486180524741], [-53.1468423894619, -26.4866337949069], [-53.1465274992255, -26.4873642683351], [-53.146445480874, -26.4885039833797], [-53.1460420657358, -26.4893571073632], [-53.1458061192725, -26.4894883996706], [-53.1460976629098, -26.4905291595902], [-53.1466982837137, -26.4910258591284], [-53.1470134713398, -26.4910488652119], [-53.1477301205668, -26.4906681211496], [-53.1482267574551, -26.4910507547374], [-53.1493433446018, -26.4908028273179], [-53.150400974148, -26.490794299714], [-53.1506557970828, -26.4901036717898], [-53.151135758216, -26.4901382764754], [-53.1521899319826, -26.4892351363534], [-53.152652987438, -26.4894269902798], [-53.15251039441, -26.4908687841934], [-53.1522938293, -26.4911983645338], [-53.1527122106719, -26.4916196432867], [-53.1527641526627, -26.4922106506751], [-53.1520626674756, -26.4929204615193], [-53.1519713630478, -26.4930768185078], [-53.1522542631032, -26.4934719103852], [-53.1520991124301, -26.493662978977], [-53.1515445945114, -26.4938218447985], [-53.1516662945989, -26.4940428301844], [-53.1574925290598, -26.4909002119463], [-53.1568949769129, -26.4893212306286], [-53.1574849433667, -26.4879930379553], [-53.1572045484505, -26.4872939591787], [-53.1573916978506, -26.4856899301375], [-53.1568898430247, -26.485248125309], [-53.1544337179294, -26.4772775925509], [-53.1413633747047, -26.4785455932256], [-53.1415385418636, -26.4790330381071], [-53.1411407896429, -26.4794072245948], [-53.1404480570927, -26.4795077588085], [-53.140189109343, -26.4800786830792], [-53.1402306186803, -26.4807462775816], [-53.1400780831277, -26.4809409105357]]]}}, {"type": "Feature", "properties": {"cod_imovel": "SC-4203501-F1C03780DCD84213B53E466549415DB1", "municipio": "Campo Ere", "num_area": 14.9407, "mod_fiscal": 0.83, "des_condic": "Aguardando analise", "ind_status": "AT", "dat_atuali": "21/04/2015"}, "geometry": {"type": "Polygon", "coordinates": [[[-53.17358770687122, -26.44896362847858], [-53.1732412142482, -26.44979921155337], [-53.17350046910015, -26.45000349375678], [-53.17661910063234, -26.45043397433039], [-53.1770743034477, -26.45087300460963], [-53.17660266508518, -26.45130313700847], [-53.17513702154223, -26.45179983933502], [-53.1802809665521, -26.45306129996962], [-53.18118801619271, -26.45080697936147], [-53.17358770687122, -26.44896362847858]]]}}, {"type": "Feature", "properties": {"cod_imovel": "SC-4203501-F24146260E2A4E7AA6CFD5C3E84FCB23", "municipio": "Campo Ere", "num_area": 23.9448, "mod_fiscal": 1.3303, "des_condic": "Aguardando analise", "ind_status": "AT", "dat_atuali": "12/07/2016"}, "geometry": {"type": "Polygon", "coordinates": [[[-53.0119988055556, -26.3894117325763], [-53.0119903444444, -26.3989484270206], [-53.0141566916667, -26.3989072603539], [-53.0143326111111, -26.3962851214651], [-53.0143712138889, -26.3903549964652], [-53.0135600027778, -26.3899487214652], [-53.0132268416667, -26.3894793270208], [-53.0124353138889, -26.3893030214652], [-53.0119988055556, -26.3894117325763]]]}}, {"type": "Feature", "properties": {"cod_imovel": "SC-4203501-F6D87256E9F74F128B664AA529EDF74F", "municipio": "Campo Ere", "num_area": 12.9757, "mod_fiscal": 0.7209, "des_condic": "Aguardando analise", "ind_status": "AT", "dat_atuali": "12/07/2016"}, "geometry": {"type": "Polygon", "coordinates": [[[-53.0077853888889, -26.3991234075761], [-53.010095375, -26.3989189909095], [-53.0096703361111, -26.393668260354], [-53.0075416527778, -26.3939572297985], [-53.0077853888889, -26.3991234075761]]]}}, {"type": "Feature", "properties": {"cod_imovel": "SC-4203501-F8B46D5E185D48DABFE0C1E2F6F60F91", "municipio": "Campo Ere", "num_area": 72.545, "mod_fiscal": 4.03, "des_condic": "Aguardando analise", "ind_status": "AT", "dat_atuali": "28/04/2016"}, "geometry": {"type": "Polygon", "coordinates": [[[-53.0341696555556, -26.383472763132], [-53.034139875, -26.3864492464653], [-53.0389961305556, -26.3882471936875], [-53.0397516972222, -26.3854099020209], [-53.0425718305556, -26.3825810714654], [-53.0409614277778, -26.3808553270209], [-53.043166425, -26.3790614853543], [-53.04164725, -26.377365052021], [-53.0405772166667, -26.3767319186877], [-53.0397465611111, -26.3766553242433], [-53.0377239055556, -26.3769444825766], [-53.0368630888889, -26.3769149631321], [-53.0358754138889, -26.3800189131321], [-53.0346005388889, -26.3822801992431], [-53.0341696555556, -26.383472763132]]]}}, {"type": "Feature", "properties": {"cod_imovel": "SC-4203501-FAA4F2B8928F44C0BB5EB6CEBAFEBF8F", "municipio": "Campo Ere", "num_area": 67.2218, "mod_fiscal": 3.7345, "des_condic": "Aguardando analise", "ind_status": "AT", "dat_atuali": "21/06/2017"}, "geometry": {"type": "Polygon", "coordinates": [[[-53.1552485888889, -26.4113951992426], [-53.1547974638889, -26.4118587325759], [-53.1540541166667, -26.4122594797981], [-53.1535541888889, -26.4124924853536], [-53.1533227055556, -26.4124155464648], [-53.1507796222222, -26.4156101409091], [-53.16157085, -26.4210695242424], [-53.1621100361111, -26.4196064159091], [-53.1629361555556, -26.4189699909091], [-53.1626301222222, -26.4168374270202], [-53.1608955555556, -26.4167621131313], [-53.1598943777778, -26.4161831075758], [-53.1596310388889, -26.4156605409091], [-53.1599240194444, -26.4146242631314], [-53.1607754472222, -26.4140039242425], [-53.1610679944444, -26.4135924464647], [-53.1611283, -26.4120846103537], [-53.1606263277778, -26.411830693687], [-53.1596582, -26.4118681464648], [-53.1587818972222, -26.4126674520203], [-53.1579198527778, -26.4130098770203], [-53.1569098083333, -26.412196843687], [-53.1567995361111, -26.4119351159092], [-53.1559902777778, -26.4119276464648], [-53.1552485888889, -26.4113951992426]]]}}, {"type": "Feature", "properties": {"cod_imovel": "SC-4203501-FD0CD92751094CB9B670780235496FFC", "municipio": "Campo Ere", "num_area": 18.7, "mod_fiscal": 1.0389, "des_condic": "Aguardando analise", "ind_status": "AT", "dat_atuali": "09/10/2015"}, "geometry": {"type": "Polygon", "coordinates": [[[-53.0345137666667, -26.4188339520202], [-53.0389611194444, -26.4237332297979], [-53.0405541055556, -26.4221024186868], [-53.0406071694444, -26.4216319464646], [-53.041430625, -26.4212050547979], [-53.0355997694444, -26.4177356770202], [-53.0345137666667, -26.4188339520202]]]}}, {"type": "Feature", "properties": {"cod_imovel": "SC-4203501-B90CF328FBF94E30A76BA20FEF514B61", "municipio": "Campo Ere", "num_area": 24.2264, "mod_fiscal": 1.3459, "des_condic": "Aguardando analise", "ind_status": "AT", "dat_atuali": "28/04/2015"}, "geometry": {"type": "Polygon", "coordinates": [[[-53.190200328826904, -26.37118576240186], [-53.180029392242425, -26.372569931429005], [-53.18028688430786, -26.37401175653579], [-53.18410634994507, -26.374357791884496], [-53.18492345286609, -26.37524781618581], [-53.185694217681885, -26.375549683487062], [-53.18883917732236, -26.37280665259361], [-53.190200328826904, -26.37118576240186]]]}}, {"type": "Feature", "properties": {"cod_imovel": "SC-4203501-0F69DC17DCDB4E7AAD753A0D9D5E2378", "municipio": "Campo Ere", "num_area": 16.3893, "mod_fiscal": 0.9105, "des_condic": "Aguardando analise", "ind_status": "AT", "dat_atuali": "28/04/2015"}, "geometry": {"type": "Polygon", "coordinates": [[[-53.07501554489136, -26.49018284433914], [-53.07744026184081, -26.49056694066362], [-53.07801961898804, -26.491335129462815], [-53.08057308197021, -26.488723266603007], [-53.080101013183594, -26.48789744467621], [-53.079800605773926, -26.485880877836692], [-53.07950019836426, -26.485247092383005], [-53.07501554489136, -26.49018284433914]]]}}, {"type": "Feature", "properties": {"cod_imovel": "SC-4203501-5681DAAB5F024B7D9B27E58812A7D723", "municipio": "Campo Ere", "num_area": 7.9182, "mod_fiscal": 0.4399, "des_condic": "Aguardando analise", "ind_status": "AT", "dat_atuali": "25/02/2015"}, "geometry": {"type": "Polygon", "coordinates": [[[-53.19468104069683, -26.46975726049255], [-53.19214559777071, -26.47057691553562], [-53.193955421447754, -26.473319751170138], [-53.19580078125, -26.472378571764978], [-53.19468104069683, -26.46975726049255]]]}}, {"type": "Feature", "properties": {"cod_imovel": "SC-4203501-173177E2D5CC4FF293978C18D1187D85", "municipio": "Campo Ere", "num_area": 17.9993, "mod_fiscal": 1.0, "des_condic": "Aguardando analise", "ind_status": "AT", "dat_atuali": "25/04/2015"}, "geometry": {"type": "Polygon", "coordinates": [[[-53.04721279742352, -26.41527527090755], [-53.05111061740724, -26.41818531268088], [-53.05147598582443, -26.41785150724245], [-53.05177809293009, -26.41818450949282], [-53.05253901140168, -26.41816101790413], [-53.05344243519707, -26.41786873130084], [-53.05358118726866, -26.4176009644696], [-53.05443731451385, -26.41731062130415], [-53.05083840931819, -26.4145899143808], [-53.04928904215422, -26.41319693879133], [-53.04721279742352, -26.41527527090755]]]}}, {"type": "Feature", "properties": {"cod_imovel": "SC-4203501-652A07DCDAEC4756AC63E3FBA05AF8CE", "municipio": "Campo Ere", "num_area": 6.3334, "mod_fiscal": 0.3519, "des_condic": "Aguardando analise", "ind_status": "AT", "dat_atuali": "02/05/2016"}, "geometry": {"type": "Polygon", "coordinates": [[[-53.1572045484505, -26.4872939591787], [-53.1574849433667, -26.4879930379554], [-53.1568949769129, -26.4893212306287], [-53.1574925290599, -26.4909002119463], [-53.1585784041134, -26.4903144568277], [-53.158655781228, -26.4879437326703], [-53.1571084525784, -26.4850088014088], [-53.1568022425611, -26.4849614210945], [-53.1568898430247, -26.485248125309], [-53.1573916978506, -26.4856899301375], [-53.1572045484505, -26.4872939591787]]]}}, {"type": "Feature", "properties": {"cod_imovel": "SC-4203501-8510354352954F15B486552D61FDE9E2", "municipio": "Campo Ere", "num_area": 47.6817, "mod_fiscal": 2.649, "des_condic": "Aguardando analise", "ind_status": "AT", "dat_atuali": "30/04/2016"}, "geometry": {"type": "Polygon", "coordinates": [[[-53.19193080981508, -26.41474012649288], [-53.19041080936628, -26.4125249701369], [-53.18805691098665, -26.41083028169505], [-53.18521202802778, -26.4081116695853], [-53.18351832364444, -26.40538547299391], [-53.18224058696086, -26.40501681151493], [-53.18232593447488, -26.40541096400852], [-53.18292719835632, -26.40620238442744], [-53.18333624718827, -26.40712521406048], [-53.18315618851933, -26.4080544605786], [-53.18335484580296, -26.41047817110237], [-53.18301037948194, -26.4121828828575], [-53.18314994523848, -26.41513651981401], [-53.19193080981508, -26.41474012649288]]]}}, {"type": "Feature", "properties": {"cod_imovel": "SC-4203501-5FCB9C88B7CF413284F36224B88AEF9C", "municipio": "Campo Ere", "num_area": 22.0955, "mod_fiscal": 1.2275, "des_condic": "Aguardando analise", "ind_status": "AT", "dat_atuali": "27/09/2019"}, "geometry": {"type": "Polygon", "coordinates": [[[-53.2486957000526, -26.3993013032689], [-53.251094727511, -26.3947883285437], [-53.24897444, -26.393794169248], [-53.24493528, -26.4007972192479], [-53.2469303455722, -26.4020542101849], [-53.2486957000526, -26.3993013032689]]]}}, {"type": "Feature", "properties": {"cod_imovel": "SC-4203501-F8C7A96915DC404F9177C725F8D66F6A", "municipio": "Campo Ere", "num_area": 34.8845, "mod_fiscal": 1.938, "des_condic": "Aguardando analise", "ind_status": "AT", "dat_atuali": "27/09/2019"}, "geometry": {"type": "Polygon", "coordinates": [[[-53.20804722, -26.3814952792483], [-53.20784472, -26.3830958292483], [-53.2077, -26.3835230592482], [-53.20685528, -26.3846252792482], [-53.20668, -26.3856924992482], [-53.2105075, -26.3857397192482], [-53.21562833, -26.3848572192482], [-53.21599194, -26.3840783292482], [-53.21569056, -26.3830694392483], [-53.21590417, -26.3821374992483], [-53.21204972, -26.3815924992483], [-53.20804722, -26.3814952792483]]]}}, {"type": "Feature", "properties": {"cod_imovel": "SC-4203501-D30FB3A933E44F29B3811A2D66CF63BA", "municipio": "Campo Ere", "num_area": 21.6979, "mod_fiscal": 1.2054, "des_condic": "Aguardando analise", "ind_status": "AT", "dat_atuali": "30/04/2015"}, "geometry": {"type": "Polygon", "coordinates": [[[-53.06033849716186, -26.429883028614793], [-53.06192636489868, -26.427980736773417], [-53.05551052093506, -26.42352271776732], [-53.053858280181885, -26.425482730115647], [-53.06033849716186, -26.429883028614793]]]}}, {"type": "Feature", "properties": {"cod_imovel": "SC-4203501-29C62D0A44F94DD9969B4F8EB3EFF232", "municipio": "Campo Ere", "num_area": 263.6296, "mod_fiscal": 14.6461, "des_condic": "Aguardando analise", "ind_status": "AT", "dat_atuali": "30/04/2015"}, "geometry": {"type": "Polygon", "coordinates": [[[-53.12455577506633, -26.47829648484539], [-53.11825992950313, -26.4734185743514], [-53.11488739720922, -26.48007988165997], [-53.11430253553882, -26.49724602375468], [-53.11488953186409, -26.49666480754426], [-53.11461174387856, -26.49569517812104], [-53.11513653552821, -26.49507167952331], [-53.1161938474269, -26.4954063393741], [-53.11773514565283, -26.49484672641275], [-53.11819137353466, -26.49517587025256], [-53.11851734936155, -26.49579056522433], [-53.11856851593235, -26.49665474382446], [-53.11680899852772, -26.49918371290407], [-53.11684986155766, -26.49935683747312], [-53.11743494594003, -26.49965834410127], [-53.11724485279785, -26.50012349633881], [-53.11639827900439, -26.50115394179067], [-53.11657697302853, -26.50215870626477], [-53.11702255263764, -26.50287915869828], [-53.11747813860365, -26.50299976995202], [-53.11784806622361, -26.50342449983144], [-53.12026232023775, -26.50412472211396], [-53.12050591220802, -26.50409715754734], [-53.12074157464673, -26.50349748948791], [-53.12111768544929, -26.5033497172502], [-53.12251020490547, -26.50313990306944], [-53.12377871849152, -26.5035309652902], [-53.12339260214392, -26.50436621859063], [-53.12377592632953, -26.50552369658283], [-53.12340511790844, -26.50615973201615], [-53.12388847495068, -26.50691238185133], [-53.12378140260852, -26.50825795655352], [-53.12427129567899, -26.50883323361494], [-53.1245748747109, -26.50840527503193], [-53.12554000058039, -26.50835813623284], [-53.12791053768144, -26.50216009259296], [-53.1260495402972, -26.50158424463392], [-53.12718909132157, -26.49845077456673], [-53.12260089272373, -26.49671134343069], [-53.12529412595972, -26.48958698406876], [-53.11866074006927, -26.48444366516505], [-53.12455577506633, -26.47829648484539]]]}}, {"type": "Feature", "properties": {"cod_imovel": "SC-4203501-B8E1FCA5E7174095A054581A67445009", "municipio": "Campo Ere", "num_area": 14.9694, "mod_fiscal": 0.8316, "des_condic": "Aguardando analise", "ind_status": "AT", "dat_atuali": "05/05/2015"}, "geometry": {"type": "Polygon", "coordinates": [[[-53.15756320953369, -26.37731827417522], [-53.15835085170398, -26.37562588208113], [-53.15678056339277, -26.37449841397607], [-53.15606553342884, -26.37431850030574], [-53.15548860879907, -26.37395450673634], [-53.1548134210502, -26.37397634010096], [-53.15450052552185, -26.37451565094122], [-53.15590466928463, -26.37527574637331], [-53.15555173117524, -26.37578324866635], [-53.15545820255591, -26.37646015724831], [-53.15508055372482, -26.37706865355112], [-53.15532565922993, -26.37750574661185], [-53.15598420510219, -26.3777503014953], [-53.1560494811843, -26.37847111462631], [-53.15636943796943, -26.37922537279655], [-53.15693760218102, -26.379628585713], [-53.15774983305914, -26.38081039907534], [-53.15774977388811, -26.38105472169894], [-53.1581703039644, -26.38116142786452], [-53.15870664959301, -26.3805784044782], [-53.15868352091034, -26.38026778204495], [-53.15809854777898, -26.37907631464091], [-53.15756320953369, -26.37731827417522]]]}}, {"type": "Feature", "properties": {"cod_imovel": "SC-4203501-BA3CA6B413FA4842B347F89E5EE59B1A", "municipio": "Campo Ere", "num_area": 83.6264, "mod_fiscal": 4.6459, "des_condic": "Aguardando analise", "ind_status": "AT", "dat_atuali": "11/05/2015"}, "geometry": {"type": "Polygon", "coordinates": [[[-53.12551983671313, -26.42847998906383], [-53.11645928134792, -26.43637856663317], [-53.11976873612853, -26.43845954230064], [-53.12118973024877, -26.4407653317764], [-53.13076358916632, -26.4321734036538], [-53.13045475164432, -26.43204585476146], [-53.13057728676928, -26.43165593307847], [-53.13031504421383, -26.43087331593719], [-53.1299664359284, -26.43117111709596], [-53.12978697372258, -26.43104527461528], [-53.12943128477677, -26.43124207610035], [-53.12931956358344, -26.43143238068342], [-53.12864210069421, -26.43153804750315], [-53.12831785235331, -26.43140775484399], [-53.12769150623325, -26.43035778539786], [-53.12782269085104, -26.43005272854724], [-53.12763233922938, -26.43004426353984], [-53.12551983671313, -26.42847998906383]]]}}, {"type": "Feature", "properties": {"cod_imovel": "SC-4203501-B71307373ADB4BA09EF1D19C1D967AD1", "municipio": "Campo Ere", "num_area": 28.3829, "mod_fiscal": 1.5768, "des_condic": "Aguardando analise", "ind_status": "AT", "dat_atuali": "30/04/2016"}, "geometry": {"type": "Polygon", "coordinates": [[[-53.22500467300415, -26.490106024920248], [-53.22131395339965, -26.494542262246036], [-53.22127103805542, -26.49561768793641], [-53.22058439254761, -26.497173196578593], [-53.22071313858032, -26.49765328758704], [-53.22094917297363, -26.497730101962286], [-53.221464157104485, -26.49757647316046], [-53.223867416381836, -26.495905746680638], [-53.224897384643555, -26.496059377715696], [-53.22818040847778, -26.492045699531985], [-53.22500467300415, -26.490106024920248]]]}}, {"type": "Feature", "properties": {"cod_imovel": "SC-4203501-6516309542C74B198F12B74E783C2D9A", "municipio": "Campo Ere", "num_area": 12.1001, "mod_fiscal": 0.6722, "des_condic": "Aguardando analise", "ind_status": "AT", "dat_atuali": "22/10/2014"}, "geometry": {"type": "Polygon", "coordinates": [[[-53.03619861602783, -26.37962509090877], [-53.02997589111328, -26.37714526106341], [-53.02946090698242, -26.378625475979444], [-53.03557634353638, -26.381239835215542], [-53.03619861602783, -26.37962509090877]]]}}, {"type": "Feature", "properties": {"cod_imovel": "SC-4203501-BB420C078E074253A315579065F19E34", "municipio": "Campo Ere", "num_area": 122.8588, "mod_fiscal": 6.8255, "des_condic": "Aguardando analise", "ind_status": "AT", "dat_atuali": "12/05/2015"}, "geometry": {"type": "Polygon", "coordinates": [[[-53.19384159, -26.37481559], [-53.20033772, -26.38210596], [-53.20283887, -26.3810627], [-53.20301879, -26.38064332], [-53.20333298, -26.38066194], [-53.20401126, -26.38001889], [-53.20433923, -26.37932439], [-53.20455008, -26.37928168], [-53.20443133, -26.3785364], [-53.20566266, -26.37722617], [-53.20567978, -26.37700005], [-53.20661509, -26.3756653], [-53.2065409, -26.37530531], [-53.20704499, -26.37502688], [-53.20716048, -26.37463391], [-53.20813467, -26.3735219], [-53.20850518, -26.37255638], [-53.20966219, -26.37212696], [-53.21041524, -26.37142056], [-53.2095057, -26.37098165], [-53.2092541, -26.37107053], [-53.20918034, -26.37089356], [-53.20895266, -26.37109484], [-53.20885665, -26.37093121], [-53.2082263, -26.37117907], [-53.20794863, -26.37162481], [-53.20775925, -26.37166522], [-53.20756962, -26.37136037], [-53.20741367, -26.37138926], [-53.20720511, -26.37064893], [-53.20695973, -26.37050583], [-53.20673453, -26.37003479], [-53.20625386, -26.36989857], [-53.20552706, -26.36998972], [-53.20506123, -26.36969175], [-53.20487686, -26.36973882], [-53.20449044, -26.36953773], [-53.20427274, -26.36909972], [-53.20435897, -26.36894423], [-53.20398107, -26.36912327], [-53.20367911, -26.3690564], [-53.20316975, -26.36935205], [-53.20323377, -26.3695012], [-53.20292037, -26.36953052], [-53.20241696, -26.36912085], [-53.20222742, -26.36912998], [-53.19885993, -26.37102822], [-53.19384159, -26.37481559]]]}}, {"type": "Feature", "properties": {"cod_imovel": "SC-4203501-E8BAE9423D0F44C1B293D665DE166072", "municipio": "Campo Ere", "num_area": 4.9528, "mod_fiscal": 0.2752, "des_condic": "Aguardando analise", "ind_status": "AT", "dat_atuali": "11/05/2015"}, "geometry": {"type": "Polygon", "coordinates": [[[-53.12334460058599, -26.42840766563216], [-53.12272540553103, -26.42936097297136], [-53.12273383310234, -26.42975824204865], [-53.12225554042917, -26.43027002032177], [-53.12228588988795, -26.43046673738188], [-53.1215342512274, -26.43195463583067], [-53.12551983671313, -26.42847998906383], [-53.12416136782887, -26.42808582295418], [-53.12374973839815, -26.42808444822161], [-53.12334460058599, -26.42840766563216]]]}}, {"type": "Feature", "properties": {"cod_imovel": "SC-4203501-D5A1CD032412437DAB0AC9D3C37DEB2E", "municipio": "Campo Ere", "num_area": 4.03, "mod_fiscal": 0.2239, "des_condic": "Aguardando analise", "ind_status": "AT", "dat_atuali": "18/05/2015"}, "geometry": {"type": "Polygon", "coordinates": [[[-53.05870771408081, -26.39905819282207], [-53.06070627047882, -26.40085757927477], [-53.0609528730338, -26.40081864363786], [-53.06153772948641, -26.40026517171973], [-53.06171474731083, -26.39945278638923], [-53.05928707122803, -26.398462369855483], [-53.05870771408081, -26.39905819282207]]]}}, {"type": "Feature", "properties": {"cod_imovel": "SC-4203501-924EB4FE94504C1AB5F89007DC403601", "municipio": "Campo Ere", "num_area": 12.0548, "mod_fiscal": 0.6697, "des_condic": "Aguardando analise", "ind_status": "AT", "dat_atuali": "26/12/2017"}, "geometry": {"type": "Polygon", "coordinates": [[[-53.09441328048706, -26.500418572750995], [-53.09797525405883, -26.504547173283957], [-53.09988498687744, -26.50299176445277], [-53.09593677520752, -26.499592834843718], [-53.09441328048706, -26.500418572750995]]]}}, {"type": "Feature", "properties": {"cod_imovel": "SC-4203501-6D09CE9637C74BE49A580521378CAFBC", "municipio": "Campo Ere", "num_area": 103.7488, "mod_fiscal": 5.7638, "des_condic": "Aguardando analise", "ind_status": "AT", "dat_atuali": "29/04/2016"}, "geometry": {"type": "Polygon", "coordinates": [[[-53.13984914655697, -26.4490310346727], [-53.14342260360718, -26.449787956763615], [-53.147993087768555, -26.43695389880469], [-53.14430236816406, -26.43922109684617], [-53.142499923706055, -26.44012412093164], [-53.14043998718262, -26.44196857366781], [-53.12876923972594, -26.44489541324745], [-53.129775524139404, -26.445426842958835], [-53.1359338760376, -26.447809145853668], [-53.13984914655697, -26.4490310346727]]]}}, {"type": "Feature", "properties": {"cod_imovel": "SC-4203501-194432BAF28644C2B69D4609570DADB4", "municipio": "Campo Ere", "num_area": 11.4772, "mod_fiscal": 0.6376, "des_condic": "Aguardando analise", "ind_status": "AT", "dat_atuali": "29/04/2016"}, "geometry": {"type": "Polygon", "coordinates": [[[-53.1935963805556, -26.3968939381317], [-53.195247475, -26.401311946465], [-53.1972458305556, -26.4013032159094], [-53.1949588916667, -26.3952759409095], [-53.1935963805556, -26.3968939381317]]]}}, {"type": "Feature", "properties": {"cod_imovel": "SC-4203501-9BFCE1BCFB0A4E209F2DC97B9A47E203", "municipio": "Campo Ere", "num_area": 18.3434, "mod_fiscal": 1.0191, "des_condic": "Aguardando analise", "ind_status": "AT", "dat_atuali": "29/04/2016"}, "geometry": {"type": "Polygon", "coordinates": [[[-53.05561411712255, -26.40678381652564], [-53.05130541645188, -26.41116586843414], [-53.05323202397795, -26.41285092692507], [-53.05780813794681, -26.40845174925418], [-53.05561411712255, -26.40678381652564]]]}}, {"type": "Feature", "properties": {"cod_imovel": "SC-4203501-021EE337114D420CBB4318DC0D11D49B", "municipio": "Campo Ere", "num_area": 14.4047, "mod_fiscal": 0.8003, "des_condic": "Aguardando analise", "ind_status": "AT", "dat_atuali": "28/04/2016"}, "geometry": {"type": "Polygon", "coordinates": [[[-53.0462639638889, -26.3813945714654], [-53.0411414583333, -26.3865574381319], [-53.0428926444444, -26.3880027520208], [-53.0455021611111, -26.3853947020209], [-53.046535075, -26.3814881020209], [-53.0462639638889, -26.3813945714654]]]}}, {"type": "Feature", "properties": {"cod_imovel": "SC-4203501-7CC58AA64FBD4954B1F1C8610ABF55EB", "municipio": "Campo Ere", "num_area": 3.7613, "mod_fiscal": 0.209, "des_condic": "Aguardando analise", "ind_status": "AT", "dat_atuali": "04/04/2016"}, "geometry": {"type": "Polygon", "coordinates": [[[-53.138594627380364, -26.369359402900553], [-53.13790234784226, -26.36998562538386], [-53.13983780098204, -26.37191658673333], [-53.14004274570385, -26.37245132348143], [-53.140976428985596, -26.37174327692069], [-53.140869140625, -26.37132033511818], [-53.140225410461426, -26.37070514427869], [-53.13956735303296, -26.37039453130269], [-53.138594627380364, -26.369359402900553]]]}}, {"type": "Feature", "properties": {"cod_imovel": "SC-4203501-EB29A0F5D2064D218C4294FB575BF791", "municipio": "Campo Ere", "num_area": 1.4887, "mod_fiscal": 0.0827, "des_condic": "Aguardando analise", "ind_status": "AT", "dat_atuali": "28/04/2016"}, "geometry": {"type": "Polygon", "coordinates": [[[-53.0935273027778, -26.4017367770205], [-53.0943575527778, -26.4022421547983], [-53.0949930888889, -26.4014012020205], [-53.0946185083333, -26.4002928742428], [-53.0935273027778, -26.4017367770205]]]}}, {"type": "Feature", "properties": {"cod_imovel": "SC-4203501-37A6E18520F845B39A5EA6C5CB8BB7C8", "municipio": "Campo Ere", "num_area": 53.7831, "mod_fiscal": 2.988, "des_condic": "Aguardando analise", "ind_status": "AT", "dat_atuali": "29/04/2016"}, "geometry": {"type": "Polygon", "coordinates": [[[-53.12441110610962, -26.46901715389844], [-53.13039779663086, -26.460853301719755], [-53.129990100860596, -26.460373057088113], [-53.12938928604125, -26.46008490934745], [-53.12915325164795, -26.45916283173056], [-53.1277585029602, -26.45785654246424], [-53.12366008758545, -26.460046489594205], [-53.12209367752075, -26.46675054242311], [-53.12335968017578, -26.467960688002865], [-53.123531341552734, -26.46832565004515], [-53.12441110610962, -26.46901715389844]]]}}, {"type": "Feature", "properties": {"cod_imovel": "SC-4203501-4616235EB71047FB8281DDDBB576A9C7", "municipio": "Campo Ere", "num_area": 2.7546, "mod_fiscal": 0.153, "des_condic": "Aguardando analise", "ind_status": "AT", "dat_atuali": "28/04/2016"}, "geometry": {"type": "Polygon", "coordinates": [[[-53.0949930888889, -26.4014012020205], [-53.093753125, -26.4030422936872], [-53.0949139166667, -26.4037537047983], [-53.0955879916667, -26.4029304797983], [-53.0956988694444, -26.4022902436872], [-53.0949930888889, -26.4014012020205]]]}}, {"type": "Feature", "properties": {"cod_imovel": "SC-4203501-48044743AD504011A2F14873B1535D4E", "municipio": "Campo Ere", "num_area": 104.6716, "mod_fiscal": 5.8151, "des_condic": "Aguardando analise", "ind_status": "AT", "dat_atuali": "12/04/2016"}, "geometry": {"type": "Polygon", "coordinates": [[[-53.0891402972222, -26.4333629186866], [-53.0871945277778, -26.4360122825754], [-53.0845916694444, -26.4376568325754], [-53.0841381416667, -26.4381828131309], [-53.0893982361111, -26.4412598631309], [-53.0975749972222, -26.4408546464642], [-53.0993099333333, -26.4394896186864], [-53.0969430611111, -26.4364142492421], [-53.0953105638889, -26.4347250686865], [-53.0931495916667, -26.4320415409088], [-53.0929904138889, -26.4311805770199], [-53.0929863916667, -26.4296196325755], [-53.0927882888889, -26.4287723159089], [-53.0915172583333, -26.4252306020201], [-53.0913129555556, -26.4273625492422], [-53.0906472888889, -26.4292700075755], [-53.0909489305556, -26.4307241409088], [-53.0908805777778, -26.4314004964644], [-53.0904698944444, -26.432085613131], [-53.0891402972222, -26.4333629186866]]]}}, {"type": "Feature", "properties": {"cod_imovel": "SC-4203501-968E24B48B4D4228BA7CA0B36064AEA6", "municipio": "Campo Ere", "num_area": 162.916, "mod_fiscal": 9.0509, "des_condic": "Aguardando analise", "ind_status": "AT", "dat_atuali": "27/04/2016"}, "geometry": {"type": "Polygon", "coordinates": [[[-53.0596904916667, -26.4539565297973], [-53.0555580361111, -26.4608829159082], [-53.0581824, -26.4623367075749], [-53.0769941472222, -26.461072668686], [-53.0773803, -26.4600805714638], [-53.07790085, -26.4548804436861], [-53.0596904916667, -26.4539565297973]]]}}, {"type": "Feature", "properties": {"cod_imovel": "SC-4203501-024EC5E4F7E8483789062112B532D192", "municipio": "Campo Ere", "num_area": 16.9627, "mod_fiscal": 0.9424, "des_condic": "Aguardando analise", "ind_status": "AT", "dat_atuali": "18/12/2017"}, "geometry": {"type": "Polygon", "coordinates": [[[-53.22604752233615, -26.48377364389821], [-53.23044443533873, -26.48352074205364], [-53.23026313782483, -26.48306105640224], [-53.22945136628879, -26.48224818838556], [-53.229604981294, -26.48191016986633], [-53.2294618009979, -26.48128380702916], [-53.22962830255108, -26.48086168345619], [-53.22935447924708, -26.48052379354376], [-53.22972417547402, -26.47972495989161], [-53.22948925306457, -26.4793695717585], [-53.22957376131746, -26.47898949367731], [-53.22693365044352, -26.47887869926455], [-53.22638261750908, -26.48066577061631], [-53.22639095285843, -26.48188864791341], [-53.22604752233615, -26.48377364389821]]]}}, {"type": "Feature", "properties": {"cod_imovel": "SC-4203501-CDE8C652D4EA4524BE52A2CDD5817FB5", "municipio": "Campo Ere", "num_area": 35.0497, "mod_fiscal": 1.9472, "des_condic": "Aguardando analise", "ind_status": "AT", "dat_atuali": "26/04/2016"}, "geometry": {"type": "Polygon", "coordinates": [[[-53.0557646805556, -26.4352340159087], [-53.060566125, -26.4384957075754], [-53.0624202361111, -26.4357224464643], [-53.06432385, -26.4370610047976], [-53.0654344944444, -26.4357809547976], [-53.0601849222222, -26.4322139659088], [-53.0590734833333, -26.4313073131311], [-53.0557646805556, -26.4352340159087]]]}}, {"type": "Feature", "properties": {"cod_imovel": "SC-4203501-F2DFB7A92C3A4D6A97531182CFEFA943", "municipio": "Campo Ere", "num_area": 98.2048, "mod_fiscal": 5.4558, "des_condic": "Aguardando analise", "ind_status": "AT", "dat_atuali": "29/04/2016"}, "geometry": {"type": "Polygon", "coordinates": [[[-53.1765203305556, -26.4927282492409], [-53.1797480638889, -26.4957784159075], [-53.1805784888889, -26.494907185352], [-53.1798330805556, -26.4903594214632], [-53.1800255833333, -26.4901855853521], [-53.1822010111111, -26.4918218909076], [-53.1826741305556, -26.4926666464632], [-53.1911228361111, -26.4836528742411], [-53.1861205583333, -26.4787524992412], [-53.1765203305556, -26.4927282492409]]]}}, {"type": "Feature", "properties": {"cod_imovel": "SC-4203501-0D9D03976C1D4B98B83C1998ABC52242", "municipio": "Campo Ere", "num_area": 4.9919, "mod_fiscal": 0.2773, "des_condic": "Aguardando analise", "ind_status": "AT", "dat_atuali": "11/09/2017"}, "geometry": {"type": "Polygon", "coordinates": [[[-53.23184816809037, -26.49803700053828], [-53.23073807398136, -26.5000720456615], [-53.22930883385362, -26.50178093560512], [-53.23019706890351, -26.50243231939561], [-53.23252456972888, -26.49918872314559], [-53.23204330559263, -26.49870150446965], [-53.23224377954136, -26.49816264864945], [-53.23184816809037, -26.49803700053828]]]}}, {"type": "Feature", "properties": {"cod_imovel": "SC-4203501-5815D1B75B654B91AEB1BC823AC734B2", "municipio": "Campo Ere", "num_area": 107.5855, "mod_fiscal": 5.977, "des_condic": "Aguardando analise", "ind_status": "AT", "dat_atuali": "29/04/2016"}, "geometry": {"type": "Polygon", "coordinates": [[[-53.1964679388889, -26.3946536659096], [-53.1991449, -26.4012862909094], [-53.19724585, -26.4013032159094], [-53.1985491, -26.405219107576], [-53.1991026444444, -26.405643357576], [-53.1990557944444, -26.4058607770204], [-53.1996142472222, -26.4061736770204], [-53.1997161805556, -26.4065643047982], [-53.2000933916667, -26.4067214964649], [-53.200092325, -26.406916207576], [-53.2004399555556, -26.4072487464649], [-53.2002213333333, -26.4073682409093], [-53.2002342472222, -26.4078586103537], [-53.2007917777778, -26.4083740936871], [-53.200770225, -26.4096079047981], [-53.2014540861111, -26.4100780547981], [-53.2013016333333, -26.4104124520204], [-53.2017879833333, -26.410817218687], [-53.2016907166667, -26.4109679047981], [-53.20219465, -26.4111115797981], [-53.2026981222222, -26.411693093687], [-53.2033604166667, -26.411701418687], [-53.2082519777778, -26.4091305103537], [-53.2051614638889, -26.4043750436871], [-53.2010891277778, -26.3943854881318], [-53.2000694305556, -26.3943402742429], [-53.1964679388889, -26.3946536659096]]]}}, {"type": "Feature", "properties": {"cod_imovel": "SC-4203501-E0B44FD2A4064AC1BC622BE74BABB6F6", "municipio": "Campo Ere", "num_area": 3.5861, "mod_fiscal": 0.1992, "des_condic": "Aguardando analise", "ind_status": "AT", "dat_atuali": "09/10/2015"}, "geometry": {"type": "Polygon", "coordinates": [[[-53.0355997694444, -26.4177356770202], [-53.0390381027778, -26.4196690909091], [-53.036814125, -26.4165317131313], [-53.0355997694444, -26.4177356770202]]]}}, {"type": "Feature", "properties": {"cod_imovel": "SC-4203501-0D81CAB124BE4F2EA8E5C8206F21B374", "municipio": "Campo Ere", "num_area": 12.9131, "mod_fiscal": 0.7174, "des_condic": "Aguardando analise", "ind_status": "AT", "dat_atuali": "29/04/2016"}, "geometry": {"type": "Polygon", "coordinates": [[[-53.1949588916667, -26.3952759409095], [-53.1972458305556, -26.4013032159094], [-53.1991448805556, -26.4012862936872], [-53.1964679194444, -26.3946536659096], [-53.1957449388889, -26.3948411381318], [-53.1949588916667, -26.3952759409095]]]}}, {"type": "Feature", "properties": {"cod_imovel": "SC-4203501-D6766D72D8FB4C15B9BA42FEE72F15A2", "municipio": "Campo Ere", "num_area": 20.3177, "mod_fiscal": 1.1288, "des_condic": "Aguardando analise", "ind_status": "AT", "dat_atuali": "19/04/2016"}, "geometry": {"type": "Polygon", "coordinates": [[[-53.16541782392782, -26.39358060155156], [-53.16518459353007, -26.39239552861424], [-53.16541435897857, -26.39105239599167], [-53.16535139402813, -26.39053165041752], [-53.1632499239668, -26.38993735020091], [-53.16104951313486, -26.39182392945808], [-53.15942930321069, -26.39271886134025], [-53.15877849608172, -26.3936946195516], [-53.15897690926667, -26.39453319611265], [-53.16541782392782, -26.39358060155156]]]}}, {"type": "Feature", "properties": {"cod_imovel": "SC-4203501-5DC07BA95A4043A4ADB84B75B53EAD3E", "municipio": "Campo Ere", "num_area": 13.0407, "mod_fiscal": 0.7245, "des_condic": "Aguardando analise", "ind_status": "AT", "dat_atuali": "18/04/2016"}, "geometry": {"type": "Polygon", "coordinates": [[[-53.15426771853402, -26.3466984352935], [-53.15366222808708, -26.3459187023549], [-53.15223508341512, -26.34565152541766], [-53.15159797668456, -26.34492185975816], [-53.15067529678345, -26.344498819842105], [-53.14992427825928, -26.344421903327557], [-53.1492022131108, -26.34451430169201], [-53.14854783994579, -26.34667333957481], [-53.15036121539013, -26.34795723810816], [-53.15426771853402, -26.3466984352935]]]}}, {"type": "Feature", "properties": {"cod_imovel": "SC-4203501-223CF57E030E4562ABACD7BC53AA6E4B", "municipio": "Campo Ere", "num_area": 25.9494, "mod_fiscal": 1.4416, "des_condic": "Aguardando analise", "ind_status": "AT", "dat_atuali": "18/04/2016"}, "geometry": {"type": "Polygon", "coordinates": [[[-53.16777065392706, -26.37573151458135], [-53.1648713519274, -26.37575916576118], [-53.16538040196672, -26.37676961424435], [-53.16618547810041, -26.37760298875211], [-53.16561336585958, -26.37965628534511], [-53.16545654069054, -26.37972807215701], [-53.16482115198598, -26.37859396688827], [-53.16449906147111, -26.37843992256986], [-53.16409475123112, -26.3784878002833], [-53.16372193880846, -26.37928318552183], [-53.16252418656924, -26.38023046067156], [-53.16269947561698, -26.38092740885289], [-53.16193144556057, -26.38098847124672], [-53.16172785647258, -26.3806202406555], [-53.16099454309314, -26.38041304408376], [-53.16011657364546, -26.38138635159686], [-53.16152547511111, -26.38225450721105], [-53.16517724086104, -26.38378537017713], [-53.16558302221812, -26.384320022707], [-53.16581190489782, -26.38261774821789], [-53.16777065392706, -26.37573151458135]]]}}, {"type": "Feature", "properties": {"cod_imovel": "SC-4203501-755B3CF93C324F1A848EBEAADFAB328C", "municipio": "Campo Ere", "num_area": 47.8133, "mod_fiscal": 2.6563, "des_condic": "Aguardando analise", "ind_status": "AT", "dat_atuali": "21/04/2016"}, "geometry": {"type": "Polygon", "coordinates": [[[-53.0853206305556, -26.4070735520204], [-53.0854569805556, -26.4068816631315], [-53.0841668027778, -26.4061110742427], [-53.0861397555556, -26.4034154881316], [-53.0854982305556, -26.4030045353538], [-53.0851709333333, -26.4034573353538], [-53.0847681361111, -26.4032006131316], [-53.082958675, -26.4056595659093], [-53.0814819277778, -26.4047323909094], [-53.0780054972222, -26.4089293186871], [-53.0908119777778, -26.4115262492426], [-53.0898314694444, -26.4076924353537], [-53.0889237416667, -26.4081442742426], [-53.0883353805556, -26.4089519409093], [-53.0853206305556, -26.4070735520204]]]}}, {"type": "Feature", "properties": {"cod_imovel": "SC-4203501-27B3C2BD18D64D1DB9ED189102768D9B", "municipio": "Campo Ere", "num_area": 24.2, "mod_fiscal": 1.3444, "des_condic": "Aguardando analise", "ind_status": "AT", "dat_atuali": "19/04/2016"}, "geometry": {"type": "Polygon", "coordinates": [[[-53.0374113222222, -26.3893302325763], [-53.0363980194444, -26.3905693270208], [-53.0346101305556, -26.390409499243], [-53.034865475, -26.3926853686874], [-53.0354594972222, -26.3954486186873], [-53.0416667083333, -26.3892358381319], [-53.0382771388889, -26.3879810103541], [-53.0382762583333, -26.3889528325763], [-53.0374113222222, -26.3893302325763]]]}}, {"type": "Feature", "properties": {"cod_imovel": "SC-4203501-3B7F539B53394463894F5963AC258470", "municipio": "Campo Ere", "num_area": 23.9159, "mod_fiscal": 1.3287, "des_condic": "Aguardando analise", "ind_status": "AT", "dat_atuali": "19/04/2016"}, "geometry": {"type": "Polygon", "coordinates": [[[-53.0613725833333, -26.4285551742422], [-53.0602463944444, -26.42990330202], [-53.0668210277778, -26.4343952825754], [-53.0690772361111, -26.4365009464643], [-53.0693338333333, -26.436217163131], [-53.0700104916667, -26.4363680659087], [-53.0703857027778, -26.4360598686865], [-53.0709655222222, -26.4359118214643], [-53.0710340027778, -26.4356924520199], [-53.0715030555556, -26.4354686547976], [-53.0613725833333, -26.4285551742422]]]}}, {"type": "Feature", "properties": {"cod_imovel": "SC-4203501-C1EF9543C25B47ADBB3EAA101CEBEAC5", "municipio": "Campo Ere", "num_area": 8.501, "mod_fiscal": 0.4723, "des_condic": "Aguardando analise", "ind_status": "AT", "dat_atuali": "20/04/2016"}, "geometry": {"type": "Polygon", "coordinates": [[[-53.0397516972222, -26.3854099020209], [-53.0389961305556, -26.3882471936875], [-53.0416667083333, -26.3892358381319], [-53.0428926444444, -26.3880027520208], [-53.0397516972222, -26.3854099020209]]]}}, {"type": "Feature", "properties": {"cod_imovel": "SC-4203501-5082F1A4629F4D41B5455915933EBA05", "municipio": "Campo Ere", "num_area": 2.5942, "mod_fiscal": 0.1441, "des_condic": "Aguardando analise", "ind_status": "AT", "dat_atuali": "19/04/2016"}, "geometry": {"type": "Polygon", "coordinates": [[[-53.0602463555556, -26.4299033381311], [-53.0590734833333, -26.4313073131311], [-53.0600256861111, -26.432099738131], [-53.0612805583333, -26.4306089714644], [-53.0602463555556, -26.4299033381311]]]}}, {"type": "Feature", "properties": {"cod_imovel": "SC-4203501-6A5B21DB8C80464FB78AAA49FE6C25BD", "municipio": "Campo Ere", "num_area": 115.6302, "mod_fiscal": 6.4239, "des_condic": "Aguardando analise", "ind_status": "AT", "dat_atuali": "08/07/2015"}, "geometry": {"type": "Polygon", "coordinates": [[[-53.0830542027778, -26.4445420381308], [-53.0808022805556, -26.4486320186863], [-53.09497635, -26.4497608492418], [-53.0942815638889, -26.4469442186863], [-53.0934293055556, -26.445752610353], [-53.0935810805556, -26.4446241936863], [-53.0942061805556, -26.4433757742419], [-53.0953430444444, -26.4429665631308], [-53.0975750027778, -26.4408548547975], [-53.0893999138889, -26.4412600353531], [-53.0841385888889, -26.4381820381309], [-53.0839913, -26.4388633325753], [-53.0842849027778, -26.4400567936864], [-53.0842712138889, -26.4408368659086], [-53.0835644583333, -26.4433464131308], [-53.0830542027778, -26.4445420381308]]]}}, {"type": "Feature", "properties": {"cod_imovel": "SC-4203501-A833E107051D42AE8C64D7B3A41DFDCF", "municipio": "Campo Ere", "num_area": 14.0298, "mod_fiscal": 0.7794, "des_condic": "Aguardando analise", "ind_status": "AT", "dat_atuali": "03/07/2015"}, "geometry": {"type": "Polygon", "coordinates": [[[-53.0121020194444, -26.3824849575765], [-53.0119988055556, -26.3894117325763], [-53.0120448194444, -26.3893060575763], [-53.0130501638889, -26.3893882881319], [-53.0138071194444, -26.390125374243], [-53.0143602277778, -26.3903144075763], [-53.0144824416667, -26.3866175603542], [-53.0133508944444, -26.3863784131319], [-53.0137058055556, -26.3848285853542], [-53.0124502111111, -26.3820558409098], [-53.0121020194444, -26.3824849575765]]]}}, {"type": "Feature", "properties": {"cod_imovel": "SC-4203501-9B54D4178F3E4D5C985762B579578970", "municipio": "Campo Ere", "num_area": 5.3834, "mod_fiscal": 0.2991, "des_condic": "Aguardando analise", "ind_status": "AT", "dat_atuali": "07/07/2015"}, "geometry": {"type": "Polygon", "coordinates": [[[-53.25298547744751, -26.395636973918776], [-53.25105428695678, -26.39475282220926], [-53.249874114990234, -26.396674882502698], [-53.251869678497314, -26.39759746007656], [-53.25298547744751, -26.395636973918776]]]}}, {"type": "Feature", "properties": {"cod_imovel": "SC-4203501-CA9D6A81CBAB4BD9BF547D1BB1912CB4", "municipio": "Campo Ere", "num_area": 7.7956, "mod_fiscal": 0.4331, "des_condic": "Aguardando analise", "ind_status": "AT", "dat_atuali": "02/07/2015"}, "geometry": {"type": "Polygon", "coordinates": [[[-53.0095164444444, -26.3786595714654], [-53.0124502111111, -26.3820558409098], [-53.0128945972222, -26.3810334270209], [-53.0135513888889, -26.3808181131321], [-53.01334755, -26.3796172853543], [-53.0099992222222, -26.377959352021], [-53.0095164444444, -26.3786595714654]]]}}, {"type": "Feature", "properties": {"cod_imovel": "SC-4203501-6CDF630B77254658866F463BA83188C5", "municipio": "Campo Ere", "num_area": 0.75, "mod_fiscal": 0.0416, "des_condic": "Aguardando analise", "ind_status": "AT", "dat_atuali": "30/06/2015"}, "geometry": {"type": "Polygon", "coordinates": [[[-53.09316526640178, -26.39259573227293], [-53.09316747919887, -26.39194121183589], [-53.09213779116215, -26.3915790137423], [-53.09201753055412, -26.39212340702341], [-53.09316526640178, -26.39259573227293]]]}}, {"type": "Feature", "properties": {"cod_imovel": "SC-4203501-52AD9231B37745AD9377B7E2C8CEA713", "municipio": "Campo Ere", "num_area": 33.6475, "mod_fiscal": 1.8693, "des_condic": "Aguardando analise", "ind_status": "AT", "dat_atuali": "08/07/2015"}, "geometry": {"type": "Polygon", "coordinates": [[[-53.0982917972222, -26.4084341297982], [-53.0922955416667, -26.4095870325759], [-53.0945137555556, -26.4125132075759], [-53.0914132444444, -26.4129255964647], [-53.0915966666667, -26.4144717492425], [-53.0954665416667, -26.4139979964647], [-53.0982356722222, -26.4128163964648], [-53.1002594166667, -26.4116200992426], [-53.1001846638889, -26.4112943242426], [-53.0999159833333, -26.4112630242426], [-53.0989790222222, -26.4102625159092], [-53.0991464861111, -26.4099317409093], [-53.0988549, -26.4095823409093], [-53.0989334972222, -26.4094436909093], [-53.0987205611111, -26.409227518687], [-53.098694175, -26.4088007492426], [-53.0982917972222, -26.4084341297982]]]}}, {"type": "Feature", "properties": {"cod_imovel": "SC-4203501-C09CE6A303A5421B8C5C3AC5FAC00A73", "municipio": "Campo Ere", "num_area": 12.1, "mod_fiscal": 0.6722, "des_condic": "Aguardando analise", "ind_status": "AT", "dat_atuali": "03/07/2015"}, "geometry": {"type": "Polygon", "coordinates": [[[-53.0028969555556, -26.3827358492431], [-53.0008910916667, -26.3837963603542], [-53.0036563111111, -26.3883941853541], [-53.00432275, -26.3881038186875], [-53.0047319305556, -26.387735799243], [-53.0032680111111, -26.3820802297987], [-53.0028969555556, -26.3827358492431]]]}}, {"type": "Feature", "properties": {"cod_imovel": "SC-4203501-7BA6794D15A9486D9A0D256EBE62DA36", "municipio": "Campo Ere", "num_area": 0.4999, "mod_fiscal": 0.0278, "des_condic": "Aguardando analise", "ind_status": "AT", "dat_atuali": "02/08/2021"}, "geometry": {"type": "Polygon", "coordinates": [[[-53.07804774765913, -26.40698729366649], [-53.07896221523064, -26.40758821296144], [-53.07923195345661, -26.40724977377585], [-53.07833369414184, -26.40668771414932], [-53.07804774765913, -26.40698729366649]]]}}, {"type": "Feature", "properties": {"cod_imovel": "SC-4203501-329798A0E15A4D169A3AB04843FDE40B", "municipio": "Campo Ere", "num_area": 110.5082, "mod_fiscal": 6.1393, "des_condic": "Aguardando analise", "ind_status": "AT", "dat_atuali": "25/03/2021"}, "geometry": {"type": "Polygon", "coordinates": [[[-53.0994790604899, -26.4394156154968], [-53.1003619177314, -26.4392678944415], [-53.101136324838, -26.4396020026051], [-53.1025526601227, -26.4396211513053], [-53.1037648822626, -26.4394176169612], [-53.1064236538468, -26.438632468862], [-53.1062547796099, -26.4380844314809], [-53.1059892030171, -26.4379514069995], [-53.1054572913369, -26.438073419973], [-53.1047376011225, -26.4372815275157], [-53.1045189717541, -26.4365631295062], [-53.1039756032449, -26.4359813925115], [-53.1039282672982, -26.4357442176434], [-53.103426273127, -26.4353743708128], [-53.1032923508686, -26.4348662223974], [-53.1030901742116, -26.4347368401709], [-53.1028631445271, -26.4341579639528], [-53.1026733220092, -26.4341084456643], [-53.1025517428955, -26.4335816274576], [-53.102154086102, -26.4335719781665], [-53.1018308684786, -26.433327636207], [-53.1018053893921, -26.4329114684718], [-53.1015462441606, -26.4324787626084], [-53.1006430681342, -26.4319124666031], [-53.0994785692305, -26.4315507384522], [-53.0992998422742, -26.4308611754699], [-53.0993835279526, -26.4305483089804], [-53.0985183062267, -26.429747836375], [-53.0984217708569, -26.4292481846108], [-53.096943781624, -26.4283650536513], [-53.0966379376426, -26.4273148567603], [-53.0956211199375, -26.426090567309], [-53.0976821689823, -26.4243087956142], [-53.0952337942943, -26.4225318702968], [-53.0935001702592, -26.4227062793995], [-53.0929555920707, -26.4223405113754], [-53.091698062838, -26.4244401170237], [-53.0915540891644, -26.4249160654439], [-53.0930330365833, -26.428984937069], [-53.0932910132128, -26.4319443969504], [-53.0953294888063, -26.4345027646555], [-53.0969767181848, -26.4361891826339], [-53.0994790604899, -26.4394156154968]]]}}, {"type": "Feature", "properties": {"cod_imovel": "SC-4203501-0C72864A0FB04FDA92DBBE42500545C7", "municipio": "Campo Ere", "num_area": 12.6682, "mod_fiscal": 0.7038, "des_condic": "Aguardando analise", "ind_status": "AT", "dat_atuali": "20/10/2021"}, "geometry": {"type": "Polygon", "coordinates": [[[-53.00027820679379, -26.39130537753263], [-52.9989705610021, -26.39202163211593], [-53.00156922073472, -26.39727854779063], [-53.00253993533203, -26.39667283065839], [-53.00371614900712, -26.39625346625854], [-53.00027820679379, -26.39130537753263]]]}}, {"type": "Feature", "properties": {"cod_imovel": "SC-4203501-059B4B020C2349E5ADB86929F153E7C1", "municipio": "Campo Ere", "num_area": 19.0752, "mod_fiscal": 1.0597, "des_condic": "Aguardando analise", "ind_status": "AT", "dat_atuali": "15/08/2021"}, "geometry": {"type": "Polygon", "coordinates": [[[-53.08048780897571, -26.50167681791838], [-53.08336448012768, -26.49798862158471], [-53.0827160899086, -26.49799177474841], [-53.080356206201, -26.4954809155295], [-53.07977914810181, -26.496731511079624], [-53.07962760634203, -26.4985019265147], [-53.07793632719993, -26.49813168257569], [-53.07719189315147, -26.49986515721168], [-53.08048780897571, -26.50167681791838]]]}}, {"type": "Feature", "properties": {"cod_imovel": "SC-4203501-03E0BA03731840C68E9C0A03CC7F0817", "municipio": "Campo Ere", "num_area": 24.477, "mod_fiscal": 1.3598, "des_condic": "Aguardando analise", "ind_status": "AT", "dat_atuali": "25/03/2021"}, "geometry": {"type": "Polygon", "coordinates": [[[-53.1747511419533, -26.426788046954], [-53.1725808627789, -26.4302247951013], [-53.1716868927527, -26.4323597979831], [-53.1723850698394, -26.4325119132586], [-53.1735076995325, -26.4339620060387], [-53.1746579163224, -26.4351232180038], [-53.1751258511578, -26.435975309816], [-53.1758011438888, -26.4378693783211], [-53.1765397638592, -26.4376536138927], [-53.1764944973732, -26.4369254159624], [-53.1747511419533, -26.426788046954]]]}}, {"type": "Feature", "properties": {"cod_imovel": "SC-4203501-AB1EB75883B14401921B3CAC742CAD3A", "municipio": "Campo Ere", "num_area": 15.3363, "mod_fiscal": 0.852, "des_condic": "Aguardando analise", "ind_status": "AT", "dat_atuali": "10/06/2021"}, "geometry": {"type": "Polygon", "coordinates": [[[-53.08913469314575, -26.490566940663633], [-53.08773994445801, -26.490278868540567], [-53.086066246032715, -26.48922259791374], [-53.08293342590332, -26.492026494993276], [-53.08417797088622, -26.493313191993664], [-53.08570146560669, -26.49333239631743], [-53.08613061904907, -26.493486030791992], [-53.08913469314575, -26.490566940663633]]]}}, {"type": "Feature", "properties": {"cod_imovel": "SC-4203501-48172307E83A4738AF96FA910592CA5D", "municipio": "Campo Ere", "num_area": 1.5191, "mod_fiscal": 0.0844, "des_condic": "Aguardando analise", "ind_status": "AT", "dat_atuali": "05/10/2021"}, "geometry": {"type": "Polygon", "coordinates": [[[-53.0852702027778, -26.3889311909097], [-53.0846400777778, -26.3902038047985], [-53.0867627222222, -26.3896583464652], [-53.0861870611111, -26.3891663547986], [-53.0852702027778, -26.3889311909097]]]}}, {"type": "Feature", "properties": {"cod_imovel": "SC-4203501-C28BAD3DB166418BA9719E50D73E5B9C", "municipio": "Campo Ere", "num_area": 13.2845, "mod_fiscal": 0.738, "des_condic": "Aguardando analise", "ind_status": "AT", "dat_atuali": "20/04/2023"}, "geometry": {"type": "Polygon", "coordinates": [[[-53.15900087356567, -26.36318801676221], [-53.1622182884711, -26.36482900483676], [-53.16312716425009, -26.36082233556044], [-53.15887159198007, -26.36092719327062], [-53.15900087356567, -26.36318801676221]]]}}, {"type": "Feature", "properties": {"cod_imovel": "SC-4203501-0CC16879D15E4986ACAD061A38B0525A", "municipio": "Campo Ere", "num_area": 16.8765, "mod_fiscal": 0.9376, "des_condic": "Aguardando analise", "ind_status": "AT", "dat_atuali": "16/08/2021"}, "geometry": {"type": "Polygon", "coordinates": [[[-53.092031478881836, -26.498805497824986], [-53.08613061904907, -26.500284150705287], [-53.087139129638665, -26.501205898718126], [-53.08617353439331, -26.50352943902259], [-53.08810472488403, -26.50310698064383], [-53.09312582015991, -26.49963124138957], [-53.092031478881836, -26.498805497824986]]]}}, {"type": "Feature", "properties": {"cod_imovel": "SC-4203501-6347B8900A144E399DFF46D713D846F8", "municipio": "Campo Ere", "num_area": 2.6875, "mod_fiscal": 0.1493, "des_condic": "Aguardando analise", "ind_status": "AT", "dat_atuali": "09/08/2021"}, "geometry": {"type": "Polygon", "coordinates": [[[-53.0548882484436, -26.396155929377187], [-53.052635192871094, -26.39507957471681], [-53.052334785461426, -26.395329443657396], [-53.05493116378784, -26.397328375712505], [-53.05581092834473, -26.396271252495584], [-53.0548882484436, -26.396155929377187]]]}}, {"type": "Feature", "properties": {"cod_imovel": "SC-4203501-F919941815764E0ABA6A1179016BC2C8", "municipio": "Campo Ere", "num_area": 14.7357, "mod_fiscal": 0.8186, "des_condic": "Aguardando analise", "ind_status": "AT", "dat_atuali": "26/07/2021"}, "geometry": {"type": "Polygon", "coordinates": [[[-53.2280752805556, -26.4698652797969], [-53.2258101194444, -26.4736366714635], [-53.2272676138889, -26.4765246464635], [-53.2300415833333, -26.4716313520191], [-53.2280752805556, -26.4698652797969]]]}}, {"type": "Feature", "properties": {"cod_imovel": "SC-4203501-A7E188655EEC4AC986A7E43D3492772C", "municipio": "Campo Ere", "num_area": 12.1467, "mod_fiscal": 0.6748, "des_condic": "Aguardando analise", "ind_status": "AT", "dat_atuali": "01/06/2021"}, "geometry": {"type": "Polygon", "coordinates": [[[-53.235368728637695, -26.50481600724406], [-53.23981046676636, -26.499170361992128], [-53.23854446411133, -26.498383022079015], [-53.23423147201538, -26.503548641639263], [-53.235368728637695, -26.50481600724406]]]}}, {"type": "Feature", "properties": {"cod_imovel": "SC-4203501-99F01284E357475C9333ADCEF4466EA9", "municipio": "Campo Ere", "num_area": 2.5583, "mod_fiscal": 0.1421, "des_condic": "Aguardando analise", "ind_status": "AT", "dat_atuali": "06/05/2021"}, "geometry": {"type": "Polygon", "coordinates": [[[-53.0150941361111, -26.4082337270204], [-53.0162017916667, -26.4095348631315], [-53.017521225, -26.4087244436871], [-53.0168246305556, -26.4078007992426], [-53.0150941361111, -26.4082337270204]]]}}, {"type": "Feature", "properties": {"cod_imovel": "SC-4203501-31318E684FF94DFDA4353F760F6F58D5", "municipio": "Campo Ere", "num_area": 20.2811, "mod_fiscal": 1.1267, "des_condic": "Aguardando analise", "ind_status": "AT", "dat_atuali": "17/06/2021"}, "geometry": {"type": "Polygon", "coordinates": [[[-53.16081172619756, -26.36935859653487], [-53.163442611694336, -26.367571465117116], [-53.16337823867798, -26.366437167668508], [-53.161983489990234, -26.365591243681337], [-53.16215515136719, -26.36512982798819], [-53.15904378890991, -26.36355331047373], [-53.1589150428772, -26.36518750505056], [-53.15902233123779, -26.369378627887723], [-53.16048145294189, -26.3700515004236], [-53.16063994836444, -26.36926147105711], [-53.16081172619756, -26.36935859653487]]]}}, {"type": "Feature", "properties": {"cod_imovel": "SC-4203501-B45FE27E3A414B61B113247F0DBF917D", "municipio": "Campo Ere", "num_area": 13.1465, "mod_fiscal": 0.7304, "des_condic": "Aguardando analise", "ind_status": "AT", "dat_atuali": "12/05/2021"}, "geometry": {"type": "Polygon", "coordinates": [[[-53.1587768272025, -26.3529549632986], [-53.1563472744419, -26.356698077256], [-53.1604408625729, -26.3575702381648], [-53.1607674752262, -26.3571021211247], [-53.1608260820654, -26.3567357040726], [-53.1601081354942, -26.3550200489858], [-53.1600872180256, -26.3540670910366], [-53.1598369038599, -26.3531149756946], [-53.1587768272025, -26.3529549632986]]]}}, {"type": "Feature", "properties": {"cod_imovel": "SC-4203501-FF6B8C76D9B94D8D996C0FF982BD0562", "municipio": "Campo Ere", "num_area": 12.8972, "mod_fiscal": 0.7165, "des_condic": "Aguardando analise", "ind_status": "AT", "dat_atuali": "24/03/2021"}, "geometry": {"type": "Polygon", "coordinates": [[[-53.1567877379422, -26.3482248774937], [-53.15489402966, -26.3502583137708], [-53.1564931788439, -26.3504367749018], [-53.1569008488167, -26.3502178137644], [-53.1570697756562, -26.3498413422417], [-53.1574582039359, -26.3498758352028], [-53.1574616847867, -26.3512022627936], [-53.1560095496376, -26.3527933092752], [-53.1598369038599, -26.3531149756946], [-53.1586451805823, -26.349151341239], [-53.1580235410326, -26.3486850651421], [-53.1567877379422, -26.3482248774937]]]}}, {"type": "Feature", "properties": {"cod_imovel": "SC-4203501-E1A70C131AC34FCFBFE85798832EA114", "municipio": "Campo Ere", "num_area": 2.0, "mod_fiscal": 0.1111, "des_condic": "Aguardando analise", "ind_status": "AT", "dat_atuali": "04/10/2021"}, "geometry": {"type": "Polygon", "coordinates": [[[-53.0852888666667, -26.3888934881319], [-53.0836486833333, -26.3886046353541], [-53.0839825, -26.3903370186874], [-53.0846400777778, -26.3902038047985], [-53.0852888666667, -26.3888934881319]]]}}, {"type": "Feature", "properties": {"cod_imovel": "SC-4203501-859D3E13A9F04A8A97C35991E01C5582", "municipio": "Campo Ere", "num_area": 37.8, "mod_fiscal": 2.1, "des_condic": "Aguardando analise", "ind_status": "AT", "dat_atuali": "18/07/2022"}, "geometry": {"type": "Polygon", "coordinates": [[[-53.1304994305556, -26.3960390131318], [-53.122535275, -26.3975191047984], [-53.1230131555556, -26.3978979936873], [-53.1232471333333, -26.3978493464651], [-53.1231223833333, -26.3980298409095], [-53.1232567638889, -26.3980667297984], [-53.1235828305556, -26.3979790603539], [-53.1241392361111, -26.3981373131317], [-53.1242895777778, -26.3979911020206], [-53.1246594166667, -26.3982535353539], [-53.1244778416667, -26.3984119686873], [-53.1247684166667, -26.3984000686873], [-53.1249441194444, -26.3986220159095], [-53.1251836472222, -26.3985338436873], [-53.1255822555556, -26.3988394992428], [-53.1253846611111, -26.3990129742428], [-53.1257761027778, -26.3989373797984], [-53.1260525888889, -26.3990809103539], [-53.1260871527778, -26.3989003909095], [-53.1263163944444, -26.3988852603539], [-53.1265917527778, -26.3992149409095], [-53.1272885833333, -26.3995477936872], [-53.1274443222222, -26.3999643631317], [-53.1273483472222, -26.4000915520206], [-53.1280728111111, -26.4003792770206], [-53.1280733083333, -26.400564221465], [-53.1285714861111, -26.400986921465], [-53.1290319305556, -26.4008050436872], [-53.1297525305556, -26.4011090103539], [-53.1298264472222, -26.4015648186872], [-53.1295750722222, -26.4019215159094], [-53.1299086777778, -26.4019941492427], [-53.1296649138889, -26.4021584797983], [-53.1297800055556, -26.4023710242427], [-53.1347798638889, -26.396745560354], [-53.1304994305556, -26.3960390131318]]]}}, {"type": "Feature", "properties": {"cod_imovel": "SC-4203501-514AF47EB296487A9A3934C8FD517D97", "municipio": "Campo Ere", "num_area": 3.4008, "mod_fiscal": 0.1889, "des_condic": "Aguardando analise", "ind_status": "AT", "dat_atuali": "26/08/2021"}, "geometry": {"type": "Polygon", "coordinates": [[[-53.07896990264992, -26.40328567909242], [-53.077826499938965, -26.402575407665957], [-53.07735083944291, -26.40324311419506], [-53.07728058428145, -26.40400890179978], [-53.07705891794004, -26.40444607494389], [-53.07712259601745, -26.40493006215437], [-53.07771942790458, -26.40561565848301], [-53.07896990264992, -26.40328567909242]]]}}, {"type": "Feature", "properties": {"cod_imovel": "SC-4203501-62900F5C843D4ADEA27C0C9293C806DD", "municipio": "Campo Ere", "num_area": 14.3827, "mod_fiscal": 0.799, "des_condic": "Aguardando analise", "ind_status": "AT", "dat_atuali": "02/12/2021"}, "geometry": {"type": "Polygon", "coordinates": [[[-53.21628509, -26.48662263], [-53.21877094, -26.48844376], [-53.22156248, -26.48470304], [-53.21878882, -26.48350501], [-53.21628509, -26.48662263]]]}}, {"type": "Feature", "properties": {"cod_imovel": "SC-4203501-AA1A5546DBB44E30AC76F7D39AE74A40", "municipio": "Campo Ere", "num_area": 16.4088, "mod_fiscal": 0.9116, "des_condic": "Aguardando analise", "ind_status": "AT", "dat_atuali": "24/06/2021"}, "geometry": {"type": "Polygon", "coordinates": [[[-53.1692188028708, -26.4301828166408], [-53.1646327047347, -26.4313091410686], [-53.1646342155237, -26.4316367402803], [-53.1647959955118, -26.4319360087501], [-53.1660534365805, -26.4328111002419], [-53.1669041947843, -26.4328455851042], [-53.1671074031356, -26.4330064948496], [-53.1696661764989, -26.4322685604532], [-53.1716868927527, -26.4323597979831], [-53.1725808627789, -26.4302247951013], [-53.1692188028708, -26.4301828166408]]]}}, {"type": "Feature", "properties": {"cod_imovel": "SC-4203501-D0154831ACFE4971A7D29B45DCDB7917", "municipio": "Campo Ere", "num_area": 36.3, "mod_fiscal": 2.0167, "des_condic": "Aguardando analise", "ind_status": "AT", "dat_atuali": "11/03/2021"}, "geometry": {"type": "Polygon", "coordinates": [[[-53.0992784217569, -26.5025940456126], [-53.101109626514, -26.5041352566092], [-53.1080919210257, -26.4974366296545], [-53.1082802943009, -26.4970945734003], [-53.1090386253216, -26.4966086252284], [-53.1098033261849, -26.494987455572], [-53.1107951441919, -26.493846867655], [-53.1105963828201, -26.4930871131737], [-53.1102344900895, -26.4924850950323], [-53.1102265527848, -26.4921356480021], [-53.0992784217569, -26.5025940456126]]]}}, {"type": "Feature", "properties": {"cod_imovel": "SC-4203501-6735B6BC89B845B4BAA18EC4C2C576DA", "municipio": "Campo Ere", "num_area": 55.5075, "mod_fiscal": 3.0837, "des_condic": "Aguardando analise", "ind_status": "AT", "dat_atuali": "19/08/2022"}, "geometry": {"type": "Polygon", "coordinates": [[[-53.1443620277778, -26.4949791131298], [-53.1425124527778, -26.4970687381297], [-53.1444025361111, -26.5003163992408], [-53.1526040666667, -26.4953772270187], [-53.1524820944444, -26.4946289131298], [-53.15141075, -26.4939604881298], [-53.1514430138889, -26.4937605159076], [-53.1521195583333, -26.4934694409076], [-53.1518445166667, -26.493080535352], [-53.1526555833333, -26.4921640631298], [-53.1526107944444, -26.4916675047965], [-53.15217745, -26.4912128909076], [-53.1524052416667, -26.4908285020188], [-53.15255025, -26.4894791047966], [-53.1522176972222, -26.4893368186855], [-53.151163175, -26.4902412770188], [-53.1507503083333, -26.490205524241], [-53.1504513944444, -26.4908920881299], [-53.149511675, -26.4909331797965], [-53.1478638361111, -26.4929894325743], [-53.1468932111111, -26.4934832631298], [-53.1457653194444, -26.4938035214631], [-53.1455779861111, -26.4941514159076], [-53.1443620277778, -26.4949791131298]]]}}, {"type": "Feature", "properties": {"cod_imovel": "SC-4203501-B67CE70C7B9D4161A560DB66A54D0F0E", "municipio": "Campo Ere", "num_area": 107.7715, "mod_fiscal": 5.9873, "des_condic": "Aguardando analise", "ind_status": "AT", "dat_atuali": "21/06/2023"}, "geometry": {"type": "Polygon", "coordinates": [[[-53.23726836665662, -26.40197527351889], [-53.22378942658395, -26.392216697804546], [-53.22204860965875, -26.39284527983484], [-53.22272332981898, -26.393377780257907], [-53.22682346376656, -26.40361109208193], [-53.23141268929789, -26.40805323267965], [-53.23726836665662, -26.40197527351889]]]}}, {"type": "Feature", "properties": {"cod_imovel": "SC-4203501-1922CA7C79E54736A9440B044952D0F5", "municipio": "Campo Ere", "num_area": 5.864, "mod_fiscal": 0.3258, "des_condic": "Aguardando analise", "ind_status": "AT", "dat_atuali": "30/08/2023"}, "geometry": {"type": "Polygon", "coordinates": [[[-53.09244183663458, -26.42008152782665], [-53.09190554257649, -26.42002225834496], [-53.09083904788647, -26.42230665897853], [-53.09079621627857, -26.42341925421482], [-53.09146824449874, -26.42431737886765], [-53.09269464733759, -26.42229765103822], [-53.0928358426677, -26.42171062339488], [-53.09244183663458, -26.42008152782665]]]}}, {"type": "Feature", "properties": {"cod_imovel": "SC-4203501-C74483E8BD7741EFA34CC92C398EBAAF", "municipio": "Campo Ere", "num_area": 21.8652, "mod_fiscal": 1.2147, "des_condic": "Aguardando analise", "ind_status": "AT", "dat_atuali": "25/10/2023"}, "geometry": {"type": "Polygon", "coordinates": [[[-53.0499558333333, -26.4223588325757], [-53.0501818972222, -26.4225363242423], [-53.0502038805556, -26.423049090909], [-53.0486793805556, -26.4225256075757], [-53.0485055833333, -26.4226366797979], [-53.0484693972222, -26.4230003603534], [-53.0490353, -26.423938390909], [-53.048089025, -26.4243471936867], [-53.0512421638889, -26.4265873131311], [-53.0520393361111, -26.4251715075756], [-53.0526761083333, -26.4256199020201], [-53.0531596222222, -26.4250461797978], [-53.0538521083333, -26.4255433909089], [-53.0554017777778, -26.4236946186868], [-53.0522252194444, -26.4216522853535], [-53.0517620416667, -26.421849840909], [-53.0505364, -26.4218257353535], [-53.0499558333333, -26.4223588325757]]]}}, {"type": "Feature", "properties": {"cod_imovel": "SC-4203501-235A0984966C4C34AAA87999A6EBA608", "municipio": "Campo Ere", "num_area": 14.2864, "mod_fiscal": 0.7937, "des_condic": "Aguardando analise", "ind_status": "AT", "dat_atuali": "24/10/2023"}, "geometry": {"type": "Polygon", "coordinates": [[[-53.15887212753296, -26.367263860129356], [-53.15874310119516, -26.36502294450421], [-53.15416411920796, -26.36442936434008], [-53.15356332899243, -26.36543518516343], [-53.15310795762591, -26.36562551432903], [-53.15262794494629, -26.365456664294427], [-53.15241336822509, -26.365668146117795], [-53.15255696671822, -26.36620853505686], [-53.15354082109487, -26.36727119297509], [-53.15463677001061, -26.36690549871707], [-53.15531015396118, -26.366994705093564], [-53.15696052709174, -26.36674637148438], [-53.15887212753296, -26.367263860129356]]]}}, {"type": "Feature", "properties": {"cod_imovel": "SC-4203501-C4098E211F87499F9628826DA431FCBB", "municipio": "Campo Ere", "num_area": 15.2436, "mod_fiscal": 0.8469, "des_condic": "Aguardando analise", "ind_status": "AT", "dat_atuali": "03/07/2015"}, "geometry": {"type": "Polygon", "coordinates": [[[-53.2520011833333, -26.3938056992429], [-53.2538139611111, -26.3946299297984], [-53.2532117694444, -26.3955836797984], [-53.2559335777778, -26.3965996270206], [-53.2579805722222, -26.3943713686873], [-53.2563368861111, -26.3929251659096], [-53.2554300166667, -26.3933153825763], [-53.2501737388889, -26.3933469020207], [-53.2497586972222, -26.3940030075762], [-53.2509495222222, -26.3945481242429], [-53.2514286527778, -26.3937907409096], [-53.2520011833333, -26.3938056992429]]]}}, {"type": "Feature", "properties": {"cod_imovel": "SC-4203501-D6A4AF5506734AE5ADCF17D0A5CFB0CB", "municipio": "Campo Ere", "num_area": 12.1, "mod_fiscal": 0.6722, "des_condic": "Aguardando analise", "ind_status": "AT", "dat_atuali": "03/07/2015"}, "geometry": {"type": "Polygon", "coordinates": [[[-53.0050089666667, -26.3802204797987], [-53.0059945722222, -26.3872941686875], [-53.0063342888889, -26.387452749243], [-53.0068000666667, -26.3866137131319], [-53.0071411833333, -26.3866191714653], [-53.0067051861111, -26.3792933186876], [-53.0050089666667, -26.3802204797987]]]}}, {"type": "Feature", "properties": {"cod_imovel": "SC-4203501-A749662410D74303B93E248D96EA5C59", "municipio": "Campo Ere", "num_area": 14.8568, "mod_fiscal": 0.8254, "des_condic": "Aguardando analise", "ind_status": "AT", "dat_atuali": "03/07/2015"}, "geometry": {"type": "Polygon", "coordinates": [[[-52.9988233111111, -26.3847478659098], [-52.9976860638889, -26.3883277020208], [-52.999368375, -26.3916640047985], [-52.9997580444444, -26.3914608353541], [-53.0001835555556, -26.3920123881318], [-53.0003139194444, -26.3916726659096], [-53.0000294666667, -26.3912169770207], [-52.9999795361111, -26.3907615270207], [-53.0006929083333, -26.3903670159096], [-53.0010646527778, -26.3895976381319], [-53.00168535, -26.3895781603541], [-52.9988233111111, -26.3847478659098]]]}}, {"type": "Feature", "properties": {"cod_imovel": "SC-4203501-90A320113DF64B8A8524E641C171A5E0", "municipio": "Campo Ere", "num_area": 19.425, "mod_fiscal": 1.0792, "des_condic": "Aguardando analise", "ind_status": "AT", "dat_atuali": "03/07/2015"}, "geometry": {"type": "Polygon", "coordinates": [[[-53.0025317277778, -26.3896453020208], [-53.0059810555556, -26.3953835131318], [-53.0064594555556, -26.395168835354], [-53.0061151305556, -26.3874020186875], [-53.0058383333333, -26.3871544075764], [-53.0055393194444, -26.3872146409097], [-53.0051332972222, -26.3877200020208], [-53.0047506833333, -26.3877201103541], [-53.00432275, -26.3881038186875], [-53.0028628055556, -26.3888826909097], [-53.0028596805556, -26.3893966936874], [-53.0025317277778, -26.3896453020208]]]}}, {"type": "Feature", "properties": {"cod_imovel": "SC-4203501-17AA8C1802CE46C1B0EE125ED8A7581A", "municipio": "Campo Ere", "num_area": 12.1, "mod_fiscal": 0.6722, "des_condic": "Aguardando analise", "ind_status": "AT", "dat_atuali": "03/07/2015"}, "geometry": {"type": "Polygon", "coordinates": [[[-53.0032680111111, -26.3820802297987], [-53.0047319305556, -26.387735799243], [-53.0049084444444, -26.3876442381319], [-53.005041575, -26.3877656325764], [-53.0055393194444, -26.3872146409097], [-53.0058383333333, -26.3871544075764], [-53.0059945722222, -26.3872941686875], [-53.0050089666667, -26.3802204797987], [-53.0032680111111, -26.3820802297987]]]}}, {"type": "Feature", "properties": {"cod_imovel": "SC-4203501-02C13A5B650C401589D8CF6B7BB89066", "municipio": "Campo Ere", "num_area": 21.3477, "mod_fiscal": 1.186, "des_condic": "Aguardando analise", "ind_status": "AT", "dat_atuali": "03/07/2015"}, "geometry": {"type": "Polygon", "coordinates": [[[-53.0071411833333, -26.3866191714653], [-53.0075416527778, -26.3939572297985], [-53.0096703361111, -26.393668260354], [-53.0095740166667, -26.3846213103542], [-53.0084026944444, -26.3850299547986], [-53.0082930138889, -26.3853765214653], [-53.0083873583333, -26.3861162214653], [-53.0073844, -26.3860236103542], [-53.0071411833333, -26.3866191714653]]]}}, {"type": "Feature", "properties": {"cod_imovel": "SC-4203501-A60F2F91753B4F98A8CAFD0EC09E64E5", "municipio": "Campo Ere", "num_area": 12.18, "mod_fiscal": 0.6767, "des_condic": "Aguardando analise", "ind_status": "AT", "dat_atuali": "17/07/2015"}, "geometry": {"type": "Polygon", "coordinates": [[[-53.21052074432373, -26.431708430664056], [-53.21019887924194, -26.43706918113747], [-53.21444749832153, -26.434763512569557], [-53.21052074432373, -26.431708430664056]]]}}, {"type": "Feature", "properties": {"cod_imovel": "SC-4203501-88314D724EE4498987FE31DB3B3F158F", "municipio": "Campo Ere", "num_area": 41.9465, "mod_fiscal": 2.3304, "des_condic": "Aguardando analise", "ind_status": "AT", "dat_atuali": "27/09/2019"}, "geometry": {"type": "Polygon", "coordinates": [[[-53.20668, -26.3856924992482], [-53.20650333, -26.3866497192482], [-53.20605528, -26.3874147192482], [-53.2084575, -26.395947219248], [-53.21031972, -26.393942219248], [-53.21005639, -26.3930844392481], [-53.20980167, -26.3929166692481], [-53.21057083, -26.3918986092481], [-53.21161972, -26.3910624992481], [-53.21271056, -26.3882438892482], [-53.21209972, -26.3878841692482], [-53.21109083, -26.3881555592482], [-53.2105075, -26.3857397192482], [-53.20668, -26.3856924992482]]]}}, {"type": "Feature", "properties": {"cod_imovel": "SC-4203501-92CB321D392C4153B646011624E96109", "municipio": "Campo Ere", "num_area": 7.26, "mod_fiscal": 0.4033, "des_condic": "Aguardando analise", "ind_status": "AT", "dat_atuali": "03/07/2015"}, "geometry": {"type": "Polygon", "coordinates": [[[-53.0051252416667, -26.3957675547984], [-53.0059810555556, -26.3953835131318], [-53.0025317277778, -26.3896453020208], [-53.002164575, -26.389735799243], [-53.0020522111111, -26.389225724243], [-53.0017829222222, -26.3893417575763], [-53.0016747277778, -26.3896038881319], [-53.0013802027778, -26.3895373075763], [-53.0051252416667, -26.3957675547984]]]}}, {"type": "Feature", "properties": {"cod_imovel": "SC-4203501-0E9C2DFF895F417FA31F6879C12CE517", "municipio": "Campo Ere", "num_area": 16.9674, "mod_fiscal": 0.9426, "des_condic": "Aguardando analise", "ind_status": "AT", "dat_atuali": "03/07/2015"}, "geometry": {"type": "Polygon", "coordinates": [[[-53.0120873111111, -26.382500763132], [-53.0114045805556, -26.3828957520209], [-53.0110940083333, -26.3828370353542], [-53.0105554277778, -26.3831013575765], [-53.0100961972222, -26.3831153714653], [-53.0101979888889, -26.3834276214653], [-53.0097826916667, -26.3845299242431], [-53.0095740166667, -26.3846213103542], [-53.0096253694444, -26.3894450909097], [-53.0119988055556, -26.3894117325763], [-53.0120873111111, -26.382500763132]]]}}, {"type": "Feature", "properties": {"cod_imovel": "SC-4203501-1FB960BD83AA419FB120C5DD067C655F", "municipio": "Campo Ere", "num_area": 10.0263, "mod_fiscal": 0.557, "des_condic": "Aguardando analise", "ind_status": "AT", "dat_atuali": "14/04/2015"}, "geometry": {"type": "Polygon", "coordinates": [[[-53.05573720293651, -26.41070434827681], [-53.05413811204883, -26.41213017994163], [-53.05772374640873, -26.41494818528872], [-53.05818036688221, -26.41435719607823], [-53.05923508957433, -26.41373472387598], [-53.05573720293651, -26.41070434827681]]]}}, {"type": "Feature", "properties": {"cod_imovel": "SC-4203501-69F7D76ED4D94EEE8A32D736A9AAA5AE", "municipio": "Campo Ere", "num_area": 7.2499, "mod_fiscal": 0.4028, "des_condic": "Aguardando analise", "ind_status": "AT", "dat_atuali": "16/12/2015"}, "geometry": {"type": "Polygon", "coordinates": [[[-53.056626319885254, -26.41558624878053], [-53.05778503417969, -26.4148944241525], [-53.05448055267334, -26.411858033660604], [-53.05315017700195, -26.41295344957285], [-53.056626319885254, -26.41558624878053]]]}}, {"type": "Feature", "properties": {"cod_imovel": "SC-4203501-EC660B19CF5C41D18C154F03823A7201", "municipio": "Campo Ere", "num_area": 5.3652, "mod_fiscal": 0.2981, "des_condic": "Aguardando analise", "ind_status": "AT", "dat_atuali": "03/07/2015"}, "geometry": {"type": "Polygon", "coordinates": [[[-53.0096253694444, -26.3894450909097], [-53.0096482527778, -26.3915947409096], [-53.0119692333333, -26.3913967353541], [-53.0119988055556, -26.3894117325763], [-53.0096253694444, -26.3894450909097]]]}}, {"type": "Feature", "properties": {"cod_imovel": "SC-4203501-432D22D53C254A1DBDCC10852464D0FE", "municipio": "Campo Ere", "num_area": 165.0172, "mod_fiscal": 9.1676, "des_condic": "Aguardando analise", "ind_status": "AT", "dat_atuali": "30/04/2016"}, "geometry": {"type": "Polygon", "coordinates": [[[-53.19420195517947, -26.40225688245262], [-53.18779087451729, -26.40227729161522], [-53.18771353471203, -26.40135844024854], [-53.18262550762713, -26.40113164669088], [-53.18167075547486, -26.40156113734596], [-53.18177502776395, -26.40217938366889], [-53.18161861405054, -26.40282252279211], [-53.18178265848454, -26.40383129655194], [-53.18232409593957, -26.40485767893133], [-53.18355775145779, -26.40525029992742], [-53.18539044438593, -26.40814367605863], [-53.18812038729545, -26.41075634899251], [-53.19052205196051, -26.41245651247304], [-53.19095769433338, -26.41308708830166], [-53.19711179600859, -26.41267454289968], [-53.20195832998576, -26.41211537143107], [-53.20031411590914, -26.40999643436274], [-53.20000853961724, -26.40716157802435], [-53.19903849887801, -26.40600753297891], [-53.19742000892673, -26.4052500095087], [-53.19703862938427, -26.40450658794524], [-53.19635568490774, -26.40421211436716], [-53.19536867641755, -26.40347528049691], [-53.19420195517947, -26.40225688245262]]]}}, {"type": "Feature", "properties": {"cod_imovel": "SC-4203501-DE7E64C658124E6AAD9EC483A63B3FF4", "municipio": "Campo Ere", "num_area": 27.8446, "mod_fiscal": 1.5469, "des_condic": "Aguardando analise", "ind_status": "AT", "dat_atuali": "03/07/2015"}, "geometry": {"type": "Polygon", "coordinates": [[[-53.2300753055556, -26.4425375742419], [-53.230998825, -26.4401320325753], [-53.2236151416667, -26.4336840159088], [-53.2217734527778, -26.4353160797976], [-53.2300753055556, -26.4425375742419]]]}}, {"type": "Feature", "properties": {"cod_imovel": "SC-4203501-D1526D4B75B140B0BB093C018802648C", "municipio": "Campo Ere", "num_area": 23.2573, "mod_fiscal": 1.2921, "des_condic": "Aguardando analise", "ind_status": "AT", "dat_atuali": "02/07/2015"}, "geometry": {"type": "Polygon", "coordinates": [[[-53.0095164444444, -26.3786595714654], [-53.0069001138889, -26.3822010853543], [-53.0071411833333, -26.3866191714653], [-53.0073844, -26.3860236103542], [-53.0083873583333, -26.3861162214653], [-53.0082930138889, -26.3853765214653], [-53.0084026944444, -26.3850299547986], [-53.0097826916667, -26.3845299242431], [-53.0101979888889, -26.3834276214653], [-53.0100961972222, -26.3831153714653], [-53.0105554277778, -26.3831013575765], [-53.0110940083333, -26.3828370353542], [-53.0114045805556, -26.3828957520209], [-53.0120873111111, -26.382500763132], [-53.0124502111111, -26.3820558409098], [-53.0095164444444, -26.3786595714654]]]}}, {"type": "Feature", "properties": {"cod_imovel": "SC-4203501-559D167A544F4A948E0A314DD1BFFE1A", "municipio": "Campo Ere", "num_area": 38.4084, "mod_fiscal": 2.1338, "des_condic": "Aguardando analise", "ind_status": "AT", "dat_atuali": "25/09/2014"}, "geometry": {"type": "Polygon", "coordinates": [[[-53.037872314453125, -26.428230534462212], [-53.03699254989623, -26.432861301274226], [-53.03900957107544, -26.433226374563407], [-53.03923806109008, -26.43307314261502], [-53.04067086479745, -26.43326536113039], [-53.04143733454605, -26.43325648988229], [-53.04397521239553, -26.43250186877905], [-53.04412947522108, -26.43294712875989], [-53.04439843120441, -26.43304260950851], [-53.04484214659014, -26.43304313183233], [-53.04507514673968, -26.43278052309243], [-53.0448523735136, -26.43072419095685], [-53.045125007629395, -26.429729309227834], [-53.04566144943237, -26.42884541877469], [-53.037872314453125, -26.428230534462212]]]}}, {"type": "Feature", "properties": {"cod_imovel": "SC-4203501-0BDFFC1FE4B24AE4B219039F4BCAC072", "municipio": "Campo Ere", "num_area": 14.52, "mod_fiscal": 0.8067, "des_condic": "Aguardando analise", "ind_status": "AT", "dat_atuali": "03/07/2015"}, "geometry": {"type": "Polygon", "coordinates": [[[-52.9988233111111, -26.3847478659098], [-53.00168535, -26.3895781603541], [-53.0017829222222, -26.3893417575763], [-53.0020522111111, -26.389225724243], [-53.002164575, -26.389735799243], [-53.0027936222222, -26.3895063270208], [-53.0028628055556, -26.3888826909097], [-53.0036563111111, -26.3883941853541], [-53.0008910916667, -26.3837963603542], [-52.9992789277778, -26.3843145603542], [-52.9988233111111, -26.3847478659098]]]}}, {"type": "Feature", "properties": {"cod_imovel": "SC-4203501-8EFA890266C646F5B84FCE97801D5732", "municipio": "Campo Ere", "num_area": 25.6444, "mod_fiscal": 1.4247, "des_condic": "Aguardando analise", "ind_status": "AT", "dat_atuali": "16/07/2015"}, "geometry": {"type": "Polygon", "coordinates": [[[-53.0455021611111, -26.3853947020209], [-53.0428926444444, -26.3880027520208], [-53.0391237166667, -26.3917812214652], [-53.04246585, -26.3917421186874], [-53.0460566444444, -26.3926913159096], [-53.0455021611111, -26.3853947020209]]]}}, {"type": "Feature", "properties": {"cod_imovel": "SC-4203501-9C755C7656994860992B4A8DE4DBB36D", "municipio": "Campo Ere", "num_area": 361.7627, "mod_fiscal": 20.0979, "des_condic": "Aguardando analise", "ind_status": "AT", "dat_atuali": "28/12/2017"}, "geometry": {"type": "Polygon", "coordinates": [[[-53.18162700916666, -26.473238325833332], [-53.175184200277776, -26.480829013888886], [-53.17288929611111, -26.483759926111112], [-53.17435258555555, -26.484245672777778], [-53.17476629638889, -26.48458142777778], [-53.17625930777778, -26.489455974722222], [-53.17700695944444, -26.490660547222223], [-53.17765398, -26.4910911075], [-53.18784219361111, -26.476217118055555], [-53.188038444444445, -26.47580336972222], [-53.1874021175, -26.475230180555553], [-53.18723848166666, -26.474850106666665], [-53.18683996444444, -26.473758739444442], [-53.186896015, -26.473026652777776], [-53.18735164388889, -26.47273203611111], [-53.18867513555555, -26.473195955277777], [-53.189276729722216, -26.473063264166665], [-53.18995002055555, -26.472580915277778], [-53.19048480194444, -26.471272078888887], [-53.19203776166666, -26.4690873225], [-53.191482038611106, -26.46748538611111], [-53.18984889972222, -26.46701902], [-53.18802036138889, -26.467948139166666], [-53.18755320527777, -26.467865586666665], [-53.1872258175, -26.466578363055554], [-53.18707484361111, -26.466522372777778], [-53.187626969444445, -26.464094145277777], [-53.186865338888886, -26.46261239861111], [-53.18582932555555, -26.46163178], [-53.18490034722222, -26.4622451875], [-53.18423564333333, -26.463180450277775], [-53.18377865055555, -26.4635235425], [-53.18348594194444, -26.463528560555556], [-53.182023423333334, -26.460726900555557], [-53.1816901825, -26.45967765583333], [-53.18149147583333, -26.4596953125], [-53.17211087499999, -26.467510213055554], [-53.16672464361111, -26.471784426666666], [-53.16806120305555, -26.47245231611111], [-53.16930776583333, -26.47359818833333], [-53.169966108611106, -26.475814190555553], [-53.175016130555555, -26.475313498333332], [-53.17919996722222, -26.471137935833333], [-53.18162700916666, -26.473238325833332]]]}}, {"type": "Feature", "properties": {"cod_imovel": "SC-4203501-0BAF38F78AE34009AB930FCC6B346A40", "municipio": "Campo Ere", "num_area": 12.0885, "mod_fiscal": 0.6716, "des_condic": "Aguardando analise", "ind_status": "AT", "dat_atuali": "17/12/2015"}, "geometry": {"type": "Polygon", "coordinates": [[[-53.0463695526123, -26.416258852079565], [-53.05198586688991, -26.42079215035885], [-53.05269095335716, -26.42052427743754], [-53.05287655381805, -26.41952360112593], [-53.04739952087402, -26.415221119632832], [-53.0463695526123, -26.416258852079565]]]}}, {"type": "Feature", "properties": {"cod_imovel": "SC-4203501-081593173F1A435B892228547A9A5461", "municipio": "Campo Ere", "num_area": 83.9271, "mod_fiscal": 4.6628, "des_condic": "Aguardando analise", "ind_status": "AT", "dat_atuali": "28/12/2017"}, "geometry": {"type": "Polygon", "coordinates": [[[-53.093221470833335, -26.38373327777778], [-53.09327385388889, -26.395160044166666], [-53.09518325416667, -26.395754770555556], [-53.09662213861111, -26.393937305277777], [-53.09672806555556, -26.3940147275], [-53.09609860166667, -26.394913795], [-53.09744568194445, -26.395120864722223], [-53.097892147222225, -26.395619033333332], [-53.09806319666667, -26.394230622777776], [-53.098471760833334, -26.394304371388888], [-53.09994511944445, -26.391914259444444], [-53.09904041083333, -26.391921191944444], [-53.09773840444445, -26.392451246944443], [-53.09969371388889, -26.3815070325], [-53.099097401111116, -26.381186795], [-53.098462448333336, -26.381118035555556], [-53.0954841525, -26.381304647500002], [-53.09399847138889, -26.382504250833335], [-53.09335859111111, -26.38261822138889], [-53.093221470833335, -26.38373327777778]]]}}, {"type": "Feature", "properties": {"cod_imovel": "SC-4203501-F5D9730C4E7F4C04854CE1999B362B0A", "municipio": "Campo Ere", "num_area": 16.4719, "mod_fiscal": 0.9151, "des_condic": "Aguardando analise", "ind_status": "AT", "dat_atuali": "28/12/2017"}, "geometry": {"type": "Polygon", "coordinates": [[[-53.0263751166667, -26.3904175714652], [-53.0250259527778, -26.3872586575764], [-53.0212432444444, -26.3870791603542], [-53.020914325, -26.3903892270208], [-53.0263751166667, -26.3904175714652]]]}}, {"type": "Feature", "properties": {"cod_imovel": "SC-4203501-75A8A53A135D44D0887CF412341484AD", "municipio": "Campo Ere", "num_area": 173.8479, "mod_fiscal": 9.5953, "des_condic": "Aguardando analise", "ind_status": "AT", "dat_atuali": "07/12/2017"}, "geometry": {"type": "Polygon", "coordinates": [[[-53.0560278975, -26.467520846111], [-53.070849123056, -26.474833607500003], [-53.071684288333, -26.473680931389], [-53.071968794444, -26.4720782025], [-53.065537017778006, -26.469909342222], [-53.065630565833, -26.468690668611], [-53.066106421944006, -26.467784742222], [-53.066108279444, -26.4673829], [-53.065402872778, -26.466253417778], [-53.063782051944, -26.464861474444], [-53.064715305833, -26.463738128611002], [-53.065710830278, -26.461831160833], [-53.058182430833, -26.462336718889], [-53.055558026111, -26.460882926389], [-53.059020828611, -26.455043671944], [-53.057469467222, -26.454256256667], [-53.054475604167, -26.454245045833], [-53.051446820833, -26.456172586111], [-53.050713404167, -26.458398143611], [-53.051020153333, -26.459437541944], [-53.048804292222, -26.462605320278], [-53.0560278975, -26.467520846111]]]}}, {"type": "Feature", "properties": {"cod_imovel": "SC-4203501-8530358D5A9249628D88402C3983B25D", "municipio": "Campo Ere", "num_area": 50.9634, "mod_fiscal": 2.8313, "des_condic": "Aguardando analise", "ind_status": "AT", "dat_atuali": "02/05/2016"}, "geometry": {"type": "Polygon", "coordinates": [[[-53.21305787574549, -26.43357007842254], [-53.21723553364055, -26.42214142754222], [-53.21653186639591, -26.42139499848708], [-53.21466224280299, -26.42052878430635], [-53.21420078530283, -26.42062344863318], [-53.21370838093974, -26.42043081204921], [-53.21321962672829, -26.42007009693132], [-53.21040255365562, -26.43143391548905], [-53.21305787574549, -26.43357007842254]]]}}, {"type": "Feature", "properties": {"cod_imovel": "SC-4203501-3A370C0F4CB943238082D5163263FB88", "municipio": "Campo Ere", "num_area": 6.6112, "mod_fiscal": 0.3673, "des_condic": "Aguardando analise", "ind_status": "AT", "dat_atuali": "30/04/2016"}, "geometry": {"type": "Polygon", "coordinates": [[[-53.1940507952468, -26.40149476001459], [-53.19330196708572, -26.40128569837498], [-53.18772857760656, -26.40134267736495], [-53.18779128475132, -26.40224666694222], [-53.1942083975375, -26.40227575962783], [-53.1940507952468, -26.40149476001459]]]}}, {"type": "Feature", "properties": {"cod_imovel": "SC-4203501-1D69C4FF34D348AFA15C68F090D13EB5", "municipio": "Campo Ere", "num_area": 0.0181, "mod_fiscal": 0.001, "des_condic": "Aguardando analise", "ind_status": "AT", "dat_atuali": "10/12/2014"}, "geometry": {"type": "Polygon", "coordinates": [[[-53.004140853881836, -26.40674595520921], [-53.00448417663574, -26.406822830246806], [-53.00478458404541, -26.40674595520921], [-53.00459331351263, -26.40677193603666], [-53.004140853881836, -26.40674595520921]]]}}, {"type": "Feature", "properties": {"cod_imovel": "SC-4203501-83515961FDD740B1A2F46BB1591CE57C", "municipio": "Campo Ere", "num_area": 12.1008, "mod_fiscal": 0.6723, "des_condic": "Aguardando analise", "ind_status": "AT", "dat_atuali": "11/08/2016"}, "geometry": {"type": "Polygon", "coordinates": [[[-53.06190490722656, -26.410897133945546], [-53.05821418762207, -26.40770688949794], [-53.05664777755737, -26.40945576936644], [-53.0600380897522, -26.412453787464504], [-53.06042432785034, -26.411896469482734], [-53.06190490722656, -26.410897133945546]]]}}, {"type": "Feature", "properties": {"cod_imovel": "SC-4203501-A507E144C1534ECD8DF41823D636C81A", "municipio": "Campo Ere", "num_area": 99.8785, "mod_fiscal": 5.5488, "des_condic": "Aguardando analise", "ind_status": "AT", "dat_atuali": "18/04/2016"}, "geometry": {"type": "Polygon", "coordinates": [[[-53.19540970828168, -26.41457362528193], [-53.19206347321438, -26.41475619393128], [-53.1928498366419, -26.41595262371], [-53.18605654134168, -26.43244815931726], [-53.19467112555509, -26.43226762180938], [-53.19478612438056, -26.41783651388041], [-53.19540970828168, -26.41457362528193]]]}}, {"type": "Feature", "properties": {"cod_imovel": "SC-4203501-D0B6DA768D674B1EBB296562C416A33E", "municipio": "Campo Ere", "num_area": 53.6351, "mod_fiscal": 2.9797, "des_condic": "Aguardando analise", "ind_status": "AT", "dat_atuali": "21/04/2016"}, "geometry": {"type": "Polygon", "coordinates": [[[-53.0758384944444, -26.4114868547981], [-53.0913408555556, -26.4157024686869], [-53.0912072611111, -26.4145925047981], [-53.0897137888889, -26.4147525686869], [-53.0895537027778, -26.4134058214647], [-53.0910461333333, -26.4132461631314], [-53.0908119777778, -26.4115262492426], [-53.0780054972222, -26.4089293186871], [-53.0758384944444, -26.4114868547981]]]}}, {"type": "Feature", "properties": {"cod_imovel": "SC-4203501-7BA6085677104CF59B6A6A9D792CC436", "municipio": "Campo Ere", "num_area": 7.2601, "mod_fiscal": 0.4033, "des_condic": "Aguardando analise", "ind_status": "AT", "dat_atuali": "28/04/2016"}, "geometry": {"type": "Polygon", "coordinates": [[[-53.04482936117173, -26.38032791628478], [-53.04314673817373, -26.37903088080838], [-53.04096306291507, -26.38089242894336], [-53.04257933637908, -26.38256201831035], [-53.04482936117173, -26.38032791628478]]]}}, {"type": "Feature", "properties": {"cod_imovel": "SC-4203501-D9A5D3E9EFFF497CA78C323F218A752A", "municipio": "Campo Ere", "num_area": 10.1213, "mod_fiscal": 0.5623, "des_condic": "Aguardando analise", "ind_status": "AT", "dat_atuali": "26/04/2016"}, "geometry": {"type": "Polygon", "coordinates": [[[-53.0861690888889, -26.4061694464649], [-53.0854608083333, -26.4071609242426], [-53.0883353805556, -26.4089519409093], [-53.0889237416667, -26.4081442742426], [-53.0898314694444, -26.4076924353537], [-53.0891352166667, -26.4060990853538], [-53.0874874722222, -26.4051147881316], [-53.0868720305556, -26.4057775103538], [-53.086771425, -26.4057171242427], [-53.0865705777778, -26.4060067742427], [-53.0861690888889, -26.4061694464649]]]}}, {"type": "Feature", "properties": {"cod_imovel": "SC-4203501-F03E9FA6F4D747F88641E4EC68A129EF", "municipio": "Campo Ere", "num_area": 13.6611, "mod_fiscal": 0.759, "des_condic": "Aguardando analise", "ind_status": "AT", "dat_atuali": "26/04/2016"}, "geometry": {"type": "Polygon", "coordinates": [[[-53.0549539972222, -26.4434464464641], [-53.06015, -26.4465356909085], [-53.0604914083333, -26.445977685353], [-53.0614573, -26.4457064631308], [-53.0617694055556, -26.4454200131308], [-53.0618136916667, -26.4451756242419], [-53.0563070361111, -26.4419704436864], [-53.0549539972222, -26.4434464464641]]]}}, {"type": "Feature", "properties": {"cod_imovel": "SC-4203501-7C5671EE5DF245069AAA150F382DB449", "municipio": "Campo Ere", "num_area": 1.4904, "mod_fiscal": 0.0828, "des_condic": "Aguardando analise", "ind_status": "AT", "dat_atuali": "25/04/2016"}, "geometry": {"type": "Polygon", "coordinates": [[[-53.0551551, -26.38313032], [-53.0555685, -26.38417507], [-53.057828, -26.38340657], [-53.05565955, -26.38316689], [-53.0551551, -26.38313032]]]}}, {"type": "Feature", "properties": {"cod_imovel": "SC-4203501-72CA35A8DE5946EDA850FB28E8364954", "municipio": "Campo Ere", "num_area": 50.7761, "mod_fiscal": 2.8209, "des_condic": "Aguardando analise", "ind_status": "AT", "dat_atuali": "04/05/2016"}, "geometry": {"type": "Polygon", "coordinates": [[[-53.23139972744506, -26.45036884282069], [-53.2294942933744, -26.44803266496621], [-53.22740050647853, -26.44610536862572], [-53.22166686764089, -26.45223507255797], [-53.22599671344102, -26.45569064059169], [-53.23139972744506, -26.45036884282069]]]}}, {"type": "Feature", "properties": {"cod_imovel": "SC-4203501-09FEF31DE9AB4A54B784567BBB37BF06", "municipio": "Campo Ere", "num_area": 25.4018, "mod_fiscal": 1.4112, "des_condic": "Aguardando analise", "ind_status": "AT", "dat_atuali": "04/05/2016"}, "geometry": {"type": "Polygon", "coordinates": [[[-53.21606713779188, -26.46551764998477], [-53.21435892729375, -26.46140543855266], [-53.20989875051917, -26.46198968914711], [-53.21027408172225, -26.46296331882665], [-53.21026082652946, -26.46364489099245], [-53.21111836815608, -26.4666651616433], [-53.21132837623478, -26.4669765630269], [-53.21606713779188, -26.46551764998477]]]}}, {"type": "Feature", "properties": {"cod_imovel": "SC-4203501-32E5881F375B43029B3E715C58884350", "municipio": "Campo Ere", "num_area": 53.3594, "mod_fiscal": 2.9644, "des_condic": "Aguardando analise", "ind_status": "AT", "dat_atuali": "21/06/2017"}, "geometry": {"type": "Polygon", "coordinates": [[[-53.1448619666667, -26.4135759520203], [-53.1368404388889, -26.4147472686869], [-53.1365194333333, -26.4178445436869], [-53.1354384083333, -26.4176130159091], [-53.1357446805556, -26.4201052325757], [-53.1370307138889, -26.4224692714646], [-53.1382181694444, -26.4230884520201], [-53.1400225722222, -26.4184673520202], [-53.1463476, -26.416634054798], [-53.1466232277778, -26.4158670992425], [-53.1463740583333, -26.4154728270203], [-53.1450083277778, -26.414595954798], [-53.1442854027778, -26.4145582964647], [-53.1441655916667, -26.4143170186869], [-53.1442823138889, -26.4141897242425], [-53.1441054194444, -26.4140584659092], [-53.1445482972222, -26.4139379297981], [-53.1445161861111, -26.4136980464647], [-53.1448086527778, -26.4137833797981], [-53.1448619666667, -26.4135759520203]]]}}, {"type": "Feature", "properties": {"cod_imovel": "SC-4203501-02E0FB147C744B77BA6100089ADBAD2D", "municipio": "Campo Ere", "num_area": 157.7381, "mod_fiscal": 8.7632, "des_condic": "Aguardando analise", "ind_status": "AT", "dat_atuali": "21/06/2017"}, "geometry": {"type": "Polygon", "coordinates": [[[-53.1297800055556, -26.4023710242427], [-53.1284443638889, -26.4032877686872], [-53.1277976333333, -26.4043329131316], [-53.1274903472222, -26.4044403964649], [-53.1244483138889, -26.407093882576], [-53.1242482111111, -26.4074087520204], [-53.1233017638889, -26.4112549047981], [-53.1368083833333, -26.4140539381314], [-53.136963275, -26.4116347964648], [-53.1374639111111, -26.4105142853537], [-53.1375529666667, -26.4096922714648], [-53.1361476916667, -26.4072557936871], [-53.1361245166667, -26.4068438159093], [-53.1366719277778, -26.4059791964649], [-53.1366115083333, -26.4054128714649], [-53.1370737638889, -26.4042119492427], [-53.1371927944444, -26.4035650159094], [-53.1370129944444, -26.4022201020205], [-53.1370946055556, -26.4016206325761], [-53.1369667444444, -26.4010539547983], [-53.1365639055556, -26.4004786547983], [-53.1361235138889, -26.3993611575761], [-53.1355412638889, -26.3971251992428], [-53.1346930027778, -26.3968429964651], [-53.1297800055556, -26.4023710242427]]]}}, {"type": "Feature", "properties": {"cod_imovel": "SC-4203501-76FA4AF1899E4CAF8EADF3120BA05688", "municipio": "Campo Ere", "num_area": 37.2092, "mod_fiscal": 2.0672, "des_condic": "Aguardando analise", "ind_status": "AT", "dat_atuali": "21/06/2017"}, "geometry": {"type": "Polygon", "coordinates": [[[-53.1278610916667, -26.415989179798], [-53.1353237944444, -26.4175878853535], [-53.1352046611111, -26.4169517520202], [-53.1353159277778, -26.4162951520202], [-53.1357925055556, -26.415696029798], [-53.1366805777778, -26.4152949603536], [-53.1368083833333, -26.4140539381314], [-53.1262868027778, -26.411920243687], [-53.1278610916667, -26.415989179798]]]}}, {"type": "Feature", "properties": {"cod_imovel": "SC-4203501-FED38360F9564A57B2E5AE86E51550AA", "municipio": "Campo Ere", "num_area": 78.9592, "mod_fiscal": 4.3866, "des_condic": "Aguardando analise", "ind_status": "AT", "dat_atuali": "21/06/2017"}, "geometry": {"type": "Polygon", "coordinates": [[[-53.1289832222222, -26.4205858631313], [-53.1308041972222, -26.4228326603534], [-53.1309109777778, -26.4233424992423], [-53.1311036611111, -26.4235024853534], [-53.1310283194444, -26.4240922964645], [-53.1318676805556, -26.4246815575756], [-53.1320551, -26.4257604353534], [-53.1335469388889, -26.4271001964645], [-53.1335003277778, -26.4274296742422], [-53.133710125, -26.4277281381311], [-53.1338625416667, -26.4286747159089], [-53.1393414694444, -26.4239385797979], [-53.1367268916667, -26.4223317881312], [-53.1356080166667, -26.4201358325757], [-53.1353237944444, -26.4175878853535], [-53.1278610916667, -26.415989179798], [-53.1270313166667, -26.4184426881313], [-53.1272958777778, -26.4185083825757], [-53.1276057722222, -26.4189494520202], [-53.1281221, -26.4202222492424], [-53.1286059305556, -26.4205820686868], [-53.1289832222222, -26.4205858631313]]]}}, {"type": "Feature", "properties": {"cod_imovel": "SC-4203501-6B90CB018B9E44688B53677C2F3B4F16", "municipio": "Campo Ere", "num_area": 2.5671, "mod_fiscal": 0.1426, "des_condic": "Aguardando analise", "ind_status": "AT", "dat_atuali": "21/06/2017"}, "geometry": {"type": "Polygon", "coordinates": [[[-53.1353865833333, -26.4165149242425], [-53.1354384083333, -26.4176130159091], [-53.1365194333333, -26.4178445436869], [-53.1367008027778, -26.4154716575758], [-53.1358699305556, -26.4158038659091], [-53.1353865833333, -26.4165149242425]]]}}, {"type": "Feature", "properties": {"cod_imovel": "SC-4203501-B8A5C439DB5F4A69AE5A935DBEB9DDC9", "municipio": "Campo Ere", "num_area": 226.5065, "mod_fiscal": 12.5837, "des_condic": "Aguardando analise", "ind_status": "AT", "dat_atuali": "21/06/2017"}, "geometry": {"type": "Polygon", "coordinates": [[[-53.1463476, -26.416634054798], [-53.1400225722222, -26.4184673520202], [-53.1382181694444, -26.4230884520201], [-53.1394658055556, -26.423878115909], [-53.1396683472222, -26.424887240909], [-53.1402655333333, -26.42583565202], [-53.1406235388889, -26.4274076131311], [-53.1397669194444, -26.4286743075755], [-53.1388533555556, -26.4294872992422], [-53.1380247305556, -26.4305356436866], [-53.1375888861111, -26.4314225020199], [-53.1363579527778, -26.4324962797977], [-53.1360886305556, -26.4329713575755], [-53.1365240777778, -26.4337354436866], [-53.1376929583333, -26.4341640825754], [-53.1388208, -26.4338927520199], [-53.1394812527778, -26.4334769075755], [-53.1403735611111, -26.4335319936866], [-53.1401082111111, -26.4342310020199], [-53.1403915111111, -26.4355871964643], [-53.1406082083333, -26.4356918603532], [-53.1418178527778, -26.4356032436865], [-53.1431154027778, -26.4367036075754], [-53.1444992027778, -26.4370219936865], [-53.1445555638889, -26.437408999242], [-53.1434767083333, -26.4384770159087], [-53.1435596388889, -26.439366224242], [-53.1445464583333, -26.4389934047976], [-53.145175325, -26.4385136547976], [-53.1506056638889, -26.4291461575755], [-53.1535776444444, -26.4226800964646], [-53.1525774388889, -26.4232698381312], [-53.1521565, -26.4223650297979], [-53.1514152805556, -26.4218332436868], [-53.1512274972222, -26.4209885353535], [-53.1508094333333, -26.4211853631313], [-53.1503637222222, -26.4219391770201], [-53.1493104055556, -26.4215754353535], [-53.1490229138889, -26.4213024075757], [-53.1486284194444, -26.4199944714646], [-53.1480620805556, -26.419099504798], [-53.1481300861111, -26.4180321325758], [-53.1469952972222, -26.4181472159091], [-53.1469649138889, -26.4182884075758], [-53.1465969527778, -26.4182965409091], [-53.1462388805556, -26.4180948825758], [-53.1466411388889, -26.4175097409091], [-53.1463476, -26.416634054798]]]}}, {"type": "Feature", "properties": {"cod_imovel": "SC-4203501-0FAAAB682F10436981D8AEF6C7A34037", "municipio": "Campo Ere", "num_area": 31.2738, "mod_fiscal": 1.7374, "des_condic": "Aguardando analise", "ind_status": "AT", "dat_atuali": "21/06/2017"}, "geometry": {"type": "Polygon", "coordinates": [[[-53.1371027194444, -26.4116566103537], [-53.1368404388889, -26.4147472686869], [-53.1448619666667, -26.4135759520203], [-53.1447261722222, -26.4133967825759], [-53.1448397666667, -26.4132780631314], [-53.1446319388889, -26.4130621520203], [-53.1437632777778, -26.4126827492425], [-53.1430376777778, -26.4128243992425], [-53.14261345, -26.4124267825759], [-53.1426873944444, -26.4115738575759], [-53.1419059611111, -26.4105227492426], [-53.1412725916667, -26.4105421825759], [-53.1405837805556, -26.4101173575759], [-53.1405358416667, -26.4095588742426], [-53.1409176916667, -26.4092610714648], [-53.1411164111111, -26.4088493770204], [-53.1372581333333, -26.4086909381315], [-53.1372328861111, -26.4089937520204], [-53.1375790527778, -26.4094381297982], [-53.1377041, -26.4099273742426], [-53.1374954, -26.410871143687], [-53.1371027194444, -26.4116566103537]]]}}, {"type": "Feature", "properties": {"cod_imovel": "SC-4203501-5D04B5248A8B46268D2ECB9C923F9D8A", "municipio": "Campo Ere", "num_area": 18.3382, "mod_fiscal": 1.0188, "des_condic": "Aguardando analise", "ind_status": "AT", "dat_atuali": "21/06/2017"}, "geometry": {"type": "Polygon", "coordinates": [[[-53.1362580444444, -26.399322721465], [-53.1371013888889, -26.4010162186872], [-53.1372366305556, -26.4016156047983], [-53.1371541555556, -26.402221421465], [-53.1373339777778, -26.4035750742427], [-53.1367562333333, -26.405413832576], [-53.1368070388889, -26.4060198131316], [-53.1363096833333, -26.4066896020204], [-53.1362863583333, -26.4072236464649], [-53.1372328861111, -26.4089937520204], [-53.1375654555556, -26.404910432576], [-53.1390179472222, -26.4015708686872], [-53.138850825, -26.4012611659094], [-53.1395482, -26.3997835103539], [-53.1381299861111, -26.3979818853539], [-53.1373535694444, -26.3975514742428], [-53.1354048194444, -26.3969256159095], [-53.1357716472222, -26.3972291270206], [-53.1362580444444, -26.399322721465]]]}}, {"type": "Feature", "properties": {"cod_imovel": "SC-4203501-06F64C0713714459A32AE409E2F48B84", "municipio": "Campo Ere", "num_area": 24.18, "mod_fiscal": 1.3433, "des_condic": "Aguardando analise", "ind_status": "AT", "dat_atuali": "21/06/2017"}, "geometry": {"type": "Polygon", "coordinates": [[[-53.1407287972222, -26.4068934853538], [-53.1411860083333, -26.4082667936871], [-53.1410106777778, -26.4084063270204], [-53.1411710222222, -26.4086732381315], [-53.1409176916667, -26.4092610714648], [-53.1405358416667, -26.4095588742426], [-53.1405837805556, -26.4101173575759], [-53.1412725916667, -26.4105421825759], [-53.1419059611111, -26.4105227492426], [-53.1426873944444, -26.4115738575759], [-53.14261345, -26.4124267825759], [-53.1430278222222, -26.4128156825759], [-53.1459828833333, -26.4096680075759], [-53.1445494444444, -26.4088833186871], [-53.1422673388889, -26.404258182576], [-53.1402918972222, -26.4068269353538], [-53.1407287972222, -26.4068934853538]]]}}, {"type": "Feature", "properties": {"cod_imovel": "SC-4203501-FAB8895B03EF42708C9C1C3ED3E74989", "municipio": "Campo Ere", "num_area": 2.4249, "mod_fiscal": 0.1347, "des_condic": "Aguardando analise", "ind_status": "AT", "dat_atuali": "19/03/2020"}, "geometry": {"type": "Polygon", "coordinates": [[[-53.08065891265869, -26.39990387175205], [-53.08007955551147, -26.39967323265837], [-53.0779767036438, -26.4024024323928], [-53.07851314544678, -26.402767602109826], [-53.08065891265869, -26.39990387175205]]]}}, {"type": "Feature", "properties": {"cod_imovel": "SC-4203501-06552FBA7CB1488CB0CF6575F4CB3193", "municipio": "Campo Ere", "num_area": 119.5835, "mod_fiscal": 6.6435, "des_condic": "Aguardando analise", "ind_status": "AT", "dat_atuali": "06/08/2015"}, "geometry": {"type": "Polygon", "coordinates": [[[-53.19489052121566, -26.48703378033216], [-53.19891980390801, -26.48391939287392], [-53.1984087307637, -26.48344734736833], [-53.19812532537367, -26.48266411863241], [-53.19851876941977, -26.48227026502484], [-53.19954287913996, -26.48217068766026], [-53.19999877776583, -26.48265522027086], [-53.20061995196051, -26.4828763213505], [-53.20113984889847, -26.4827455569577], [-53.20138745130305, -26.48227530682975], [-53.20073206168136, -26.47956390718524], [-53.20099511740133, -26.47926591563523], [-53.20119282237845, -26.47813755686743], [-53.20096043747545, -26.47778316982016], [-53.20074351087349, -26.4776711605635], [-53.19854565542453, -26.47822591280767], [-53.19799056681752, -26.47795537547117], [-53.19781395987413, -26.47767607641877], [-53.19885074515207, -26.47489836089145], [-53.19864946130254, -26.47458465665301], [-53.19795574156535, -26.47414603613181], [-53.19653614849951, -26.47411231489684], [-53.19539741135507, -26.47459889383417], [-53.19293500864758, -26.47727279431815], [-53.19246771122605, -26.47728445537507], [-53.19152339339193, -26.47600494544879], [-53.19079471074283, -26.47571614730429], [-53.19017991263645, -26.47572618612186], [-53.18937831913395, -26.47602745324525], [-53.18820254682368, -26.47578954212447], [-53.1861868736767, -26.47881056671893], [-53.19489052121566, -26.48703378033216]]]}}, {"type": "Feature", "properties": {"cod_imovel": "SC-4203501-D303D5FAB35440B9963DD2A04EE368BB", "municipio": "Campo Ere", "num_area": 51.8535, "mod_fiscal": 2.8808, "des_condic": "Aguardando analise", "ind_status": "AT", "dat_atuali": "03/05/2016"}, "geometry": {"type": "Polygon", "coordinates": [[[-53.21216918634966, -26.45627291788728], [-53.20396655962432, -26.45784087394497], [-53.20396508524534, -26.45949851488179], [-53.20322374488746, -26.45949031262806], [-53.20305050124108, -26.46157371409656], [-53.20357295935884, -26.46214321076829], [-53.20659564984463, -26.46193022234136], [-53.20960500112118, -26.46149967540779], [-53.20990556009409, -26.46194771663582], [-53.21431357144378, -26.46141514174074], [-53.21216918634966, -26.45627291788728]]]}}, {"type": "Feature", "properties": {"cod_imovel": "SC-4203501-13AAA38D26DA42ECB0FAF028CC887352", "municipio": "Campo Ere", "num_area": 103.2904, "mod_fiscal": 5.7384, "des_condic": "Aguardando analise", "ind_status": "AT", "dat_atuali": "03/05/2016"}, "geometry": {"type": "Polygon", "coordinates": [[[-53.19456010630615, -26.43309506329361], [-53.19369247133123, -26.43606324871969], [-53.19195432570889, -26.43800566679981], [-53.19082160013037, -26.44008815679186], [-53.19009869233231, -26.44075091330597], [-53.19078055687216, -26.44147589788005], [-53.19206815607178, -26.44343665545964], [-53.19302265508485, -26.44625050347601], [-53.1933554358167, -26.44998753497094], [-53.19287150552921, -26.45123926950459], [-53.19941625603352, -26.45103344969703], [-53.19615090872711, -26.43326135468107], [-53.19456010630615, -26.43309506329361]]]}}, {"type": "Feature", "properties": {"cod_imovel": "SC-4203501-ED345304E0FB4501BE56150A5BC93FF3", "municipio": "Campo Ere", "num_area": 174.9426, "mod_fiscal": 9.719, "des_condic": "Aguardando analise", "ind_status": "AT", "dat_atuali": "04/05/2016"}, "geometry": {"type": "Polygon", "coordinates": [[[-53.20926888179042, -26.47652826175346], [-53.20963366428007, -26.47569473203976], [-53.20450246355234, -26.46920263296257], [-53.20836779197188, -26.46809537543024], [-53.2077648449386, -26.46581312683526], [-53.20561486049233, -26.46623419047397], [-53.20564742856314, -26.46453424579431], [-53.20345330831908, -26.4647342746862], [-53.20329559238255, -26.46227115393243], [-53.19923883009561, -26.46253178251967], [-53.19929856868557, -26.46202374867843], [-53.19531533678817, -26.46244679097901], [-53.19569427104674, -26.46543511346501], [-53.19904910777245, -26.46497351965145], [-53.19941798050436, -26.46569289331178], [-53.19923665297811, -26.46618951603366], [-53.19930608761252, -26.46643394125689], [-53.19956561320243, -26.46650301924462], [-53.19967500497843, -26.46700686167449], [-53.1998991013343, -26.46722513415585], [-53.19943133389953, -26.46899430926491], [-53.1994273717805, -26.46968010159499], [-53.19981108893585, -26.47026931444199], [-53.2002411894747, -26.47263710714501], [-53.20073222907934, -26.47278084147445], [-53.20106545405859, -26.47264874818585], [-53.20012876769981, -26.47399295699551], [-53.19882549353694, -26.47485717599533], [-53.19851970164172, -26.47528375627222], [-53.19794659316242, -26.4766928736214], [-53.198020890027, -26.47710250890756], [-53.19782300377369, -26.47769414973554], [-53.19854137528081, -26.47821958220994], [-53.20074265678412, -26.47767311340354], [-53.20097834281184, -26.47778406719], [-53.20122100425972, -26.47812812471758], [-53.20101423340692, -26.4792668962635], [-53.20074184308921, -26.47953796047927], [-53.20140478304545, -26.482254508382], [-53.20116250036643, -26.48274038490273], [-53.20058019144821, -26.48282403774042], [-53.19995670173023, -26.48260355396619], [-53.19953294884889, -26.48211659488559], [-53.1985049399384, -26.48225204387824], [-53.19813746552222, -26.4826562921405], [-53.19841061403024, -26.48343909825675], [-53.19894514553222, -26.48393596816835], [-53.20007293564537, -26.48451749360908], [-53.2023351400889, -26.48479716497459], [-53.20260508521817, -26.48448631725388], [-53.20242182807802, -26.48349731608381], [-53.20283779330421, -26.48264277014929], [-53.20376831674854, -26.48193902548448], [-53.205694435276, -26.48151189303033], [-53.20607242243883, -26.48118612397503], [-53.20627067470382, -26.48054665032915], [-53.20599177251952, -26.47891064879294], [-53.20607284762815, -26.47839615319405], [-53.20684754919898, -26.47806720703208], [-53.20907997094071, -26.47843500426882], [-53.2099338518053, -26.47872849410532], [-53.2098512481948, -26.47835925610204], [-53.21006514189951, -26.47821438038957], [-53.21031585301014, -26.47730511914979], [-53.20931921801301, -26.47701631021484], [-53.20926888179042, -26.47652826175346]]]}}, {"type": "Feature", "properties": {"cod_imovel": "SC-4203501-9A617EDF780C4638B1040DDE9B5FE264", "municipio": "Campo Ere", "num_area": 28.9495, "mod_fiscal": 1.6083, "des_condic": "Aguardando analise", "ind_status": "AT", "dat_atuali": "04/05/2016"}, "geometry": {"type": "Polygon", "coordinates": [[[-53.20450274139257, -26.46921236180791], [-53.2096419400059, -26.47571409810626], [-53.2094330483766, -26.47481356801012], [-53.20952954865889, -26.47441796283992], [-53.21014658862577, -26.47397367998198], [-53.21067717630893, -26.47404212970155], [-53.21098614788274, -26.47385490891083], [-53.21102302452714, -26.47373051201408], [-53.2105415719184, -26.47320891393848], [-53.2114052957828, -26.47247741303414], [-53.21182740003278, -26.47268189857831], [-53.21205882323538, -26.47259301726328], [-53.21251162991801, -26.471996179162], [-53.212049063408, -26.47138313498731], [-53.21193328436362, -26.47072528712724], [-53.21215219167746, -26.46955100042897], [-53.2088539048532, -26.47045798113799], [-53.20833650484334, -26.46811208051456], [-53.20450274139257, -26.46921236180791]]]}}, {"type": "Feature", "properties": {"cod_imovel": "SC-4203501-2E58903A0E8344909B7825B969785A17", "municipio": "Campo Ere", "num_area": 22.4975, "mod_fiscal": 1.2499, "des_condic": "Aguardando analise", "ind_status": "AT", "dat_atuali": "03/05/2016"}, "geometry": {"type": "Polygon", "coordinates": [[[-53.20799197616342, -26.38108564589749], [-53.20422437957335, -26.38031821265921], [-53.20334316972004, -26.38587619124231], [-53.20633713478137, -26.38670953087641], [-53.20694521791911, -26.38426203470469], [-53.20770305552299, -26.38335634556767], [-53.20799197616342, -26.38108564589749]]]}}, {"type": "Feature", "properties": {"cod_imovel": "SC-4203501-D823957DDA6F4B589F155F5F742372FC", "municipio": "Campo Ere", "num_area": 289.451, "mod_fiscal": 16.0805, "des_condic": "Aguardando analise", "ind_status": "AT", "dat_atuali": "04/05/2016"}, "geometry": {"type": "Polygon", "coordinates": [[[-53.24541399423314, -26.45672801608757], [-53.24369299682481, -26.45543971530481], [-53.22543324658688, -26.46090914189248], [-53.21834855807117, -26.46275357058411], [-53.21890048100554, -26.46114327069575], [-53.2193999743904, -26.4605096428416], [-53.22054847970678, -26.45999761102919], [-53.22141013986789, -26.4577011001132], [-53.22127727645628, -26.45714713926332], [-53.22254042700901, -26.45561955010516], [-53.22338163038593, -26.45359283286444], [-53.22167956182095, -26.45224245431632], [-53.21396240123588, -26.46057761677405], [-53.21525818582624, -26.46346130757867], [-53.21947353426414, -26.47458671806541], [-53.22686384267972, -26.47184740970967], [-53.22807921326456, -26.46983817192906], [-53.22769883441238, -26.46947272805942], [-53.24541399423314, -26.45672801608757]]]}}, {"type": "Feature", "properties": {"cod_imovel": "SC-4203501-DDB40651E90C46F19AF9FF88CEE78E78", "municipio": "Campo Ere", "num_area": 67.2278, "mod_fiscal": 3.7349, "des_condic": "Aguardando analise", "ind_status": "AT", "dat_atuali": "13/04/2016"}, "geometry": {"type": "Polygon", "coordinates": [[[-53.1838427555556, -26.5048692353518], [-53.1838675972222, -26.505288982574], [-53.1841300333333, -26.5057630409073], [-53.1836441805556, -26.5062737547962], [-53.1835496333333, -26.5076949547962], [-53.1841332361111, -26.5102789631295], [-53.1845084166667, -26.5107511742406], [-53.1846012222222, -26.5112516659072], [-53.1943400361111, -26.5021166825741], [-53.1901274583333, -26.4985281547964], [-53.1838427555556, -26.5048692353518]]]}}, {"type": "Feature", "properties": {"cod_imovel": "SC-4203501-428DE9C6A3924C49830137294CC9611D", "municipio": "Campo Ere", "num_area": 6.0, "mod_fiscal": 0.3333, "des_condic": "Aguardando analise", "ind_status": "AT", "dat_atuali": "14/04/2016"}, "geometry": {"type": "Polygon", "coordinates": [[[-53.1143890527778, -26.4431935214641], [-53.1122564833333, -26.4416705464642], [-53.1108803361111, -26.4431310881308], [-53.1112506333333, -26.4435734131308], [-53.1117474, -26.4436434464641], [-53.1127305805556, -26.444454110353], [-53.1129081305556, -26.4449983159086], [-53.1143890527778, -26.4431935214641]]]}}, {"type": "Feature", "properties": {"cod_imovel": "SC-4203501-A701AB9CC8E4432A98AA607285254916", "municipio": "Campo Ere", "num_area": 13.3715, "mod_fiscal": 0.7429, "des_condic": "Aguardando analise", "ind_status": "AT", "dat_atuali": "25/09/2015"}, "geometry": {"type": "Polygon", "coordinates": [[[-53.04104804992676, -26.423541933736384], [-53.04617456583578, -26.42657671402577], [-53.04705829110623, -26.42642056026085], [-53.04742334176122, -26.42606089091392], [-53.04758804510665, -26.42607586903835], [-53.04766708618729, -26.4265463469699], [-53.048107624053955, -26.42588625793356], [-53.043386936187744, -26.42229288908615], [-53.04104804992676, -26.423541933736384]]]}}, {"type": "Feature", "properties": {"cod_imovel": "SC-4203501-69B9A75A86364A75882DD12730B3F631", "municipio": "Campo Ere", "num_area": 27.0037, "mod_fiscal": 1.5002, "des_condic": "Aguardando analise", "ind_status": "AT", "dat_atuali": "14/09/2015"}, "geometry": {"type": "Polygon", "coordinates": [[[-53.25514168520696, -26.39644649067345], [-53.25450743325547, -26.39616728619907], [-53.25398547074066, -26.3968983979167], [-53.25205256493948, -26.39781855493909], [-53.24988683089854, -26.39713105870814], [-53.24869804628224, -26.39931644512194], [-53.24928265384752, -26.40248883801994], [-53.25146686665295, -26.40341718561142], [-53.25363782370508, -26.40042252134928], [-53.25395498522682, -26.39743966802758], [-53.25464772901896, -26.39754871094663], [-53.25514168520696, -26.39644649067345]]]}}, {"type": "Feature", "properties": {"cod_imovel": "SC-4203501-03952B23638840F6B3B170CDA288AB6C", "municipio": "Campo Ere", "num_area": 11.9163, "mod_fiscal": 0.662, "des_condic": "Aguardando analise", "ind_status": "AT", "dat_atuali": "09/10/2015"}, "geometry": {"type": "Polygon", "coordinates": [[[-53.0329843166667, -26.420380615909], [-53.0381868833333, -26.4245258297979], [-53.0389611194444, -26.4237332297979], [-53.0345137666667, -26.4188339520202], [-53.0329843166667, -26.420380615909]]]}}, {"type": "Feature", "properties": {"cod_imovel": "SC-4203501-73336047563049BA9BC3088798FFB98E", "municipio": "Campo Ere", "num_area": 131.6492, "mod_fiscal": 7.3138, "des_condic": "Aguardando analise", "ind_status": "AT", "dat_atuali": "05/10/2015"}, "geometry": {"type": "Polygon", "coordinates": [[[-53.2166947916667, -26.4454283214641], [-53.2165633, -26.4502132381307], [-53.2094809333333, -26.4503159520196], [-53.2139912083333, -26.4605097603527], [-53.2248589861111, -26.4487133492418], [-53.2218083305556, -26.4471394547974], [-53.2240670083333, -26.4446909381308], [-53.2203604611111, -26.4415882409086], [-53.2166947916667, -26.4454283214641]]]}}, {"type": "Feature", "properties": {"cod_imovel": "SC-4203501-274C7F517E2843BD925BD5F8407E69DD", "municipio": "Campo Ere", "num_area": 12.4071, "mod_fiscal": 0.6893, "des_condic": "Aguardando analise", "ind_status": "AT", "dat_atuali": "09/10/2015"}, "geometry": {"type": "Polygon", "coordinates": [[[-53.0327905805556, -26.4148001325758], [-53.0325878388889, -26.415395879798], [-53.0355997694444, -26.4177356770202], [-53.0377712555556, -26.4155827436869], [-53.0348138527778, -26.4133783964647], [-53.0332582694444, -26.4149438353536], [-53.0327905805556, -26.4148001325758]]]}}, {"type": "Feature", "properties": {"cod_imovel": "SC-4203501-6F42FD8EE13D4C2FB258D3D9B3E504C1", "municipio": "Campo Ere", "num_area": 26.9553, "mod_fiscal": 1.4975, "des_condic": "Aguardando analise", "ind_status": "AT", "dat_atuali": "14/11/2017"}, "geometry": {"type": "Polygon", "coordinates": [[[-53.179199976666666, -26.47113789972222], [-53.17057366583333, -26.479764419444443], [-53.17150687861111, -26.480632205277775], [-53.171912565, -26.481581124166667], [-53.18052351527778, -26.472275228888886], [-53.179199976666666, -26.47113789972222]]]}}, {"type": "Feature", "properties": {"cod_imovel": "SC-4203501-1A0CEC795E524D85B101DF66595E48C1", "municipio": "Campo Ere", "num_area": 3.6011, "mod_fiscal": 0.2001, "des_condic": "Aguardando analise", "ind_status": "AT", "dat_atuali": "16/12/2015"}, "geometry": {"type": "Polygon", "coordinates": [[[-53.05289016254135, -26.41952716679334], [-53.05320739669053, -26.4193790630373], [-53.05402278591152, -26.41950733870865], [-53.05411197884766, -26.41918762305819], [-53.05370357949233, -26.41859533042126], [-53.05409431457519, -26.417834650163577], [-53.05450738056463, -26.41779813641717], [-53.05455161736377, -26.41727064261634], [-53.053922653198235, -26.41741187718113], [-53.05318519024528, -26.4179664916282], [-53.05256742865182, -26.41812674515475], [-53.05199146270752, -26.418026819188732], [-53.05146941605322, -26.41843196561406], [-53.05289016254135, -26.41952716679334]]]}}, {"type": "Feature", "properties": {"cod_imovel": "SC-4203501-EBECB06FC34645ADA76018FBD32E7F95", "municipio": "Campo Ere", "num_area": 26.4401, "mod_fiscal": 1.4689, "des_condic": "Aguardando analise", "ind_status": "AT", "dat_atuali": "16/12/2015"}, "geometry": {"type": "Polygon", "coordinates": [[[-53.1412275861111, -26.3977309297984], [-53.140523225, -26.4002924103539], [-53.1390604777778, -26.3989121242428], [-53.1394962055556, -26.3974780853539], [-53.1359449777778, -26.3969596992428], [-53.1374648194444, -26.3975207853539], [-53.1382864083333, -26.3980257492428], [-53.1395562472222, -26.3997645436872], [-53.1434548583333, -26.4027159520205], [-53.1475803944444, -26.3995261547984], [-53.1474985666667, -26.3986433742428], [-53.1412275861111, -26.3977309297984]]]}}, {"type": "Feature", "properties": {"cod_imovel": "SC-4203501-F6698CB28A86430F815AE6CB99350A41", "municipio": "Campo Ere", "num_area": 27.1372, "mod_fiscal": 1.5076, "des_condic": "Aguardando analise", "ind_status": "AT", "dat_atuali": "02/08/2018"}, "geometry": {"type": "Polygon", "coordinates": [[[-53.23229429140441, -26.43780574130706], [-53.23346549143626, -26.43589083480746], [-53.23286353796432, -26.4355508037449], [-53.23183212699334, -26.43456668612843], [-53.23079488403814, -26.43410568361124], [-53.2301388509503, -26.43350801956827], [-53.23059068078983, -26.43223522800115], [-53.230681714369, -26.43131698751766], [-53.2289921156472, -26.42889114519572], [-53.2256043410764, -26.43183959850077], [-53.23229429140441, -26.43780574130706]]]}}, {"type": "Feature", "properties": {"cod_imovel": "SC-4203501-EE786B30B8D84CAE932882F9A21B81C1", "municipio": "Campo Ere", "num_area": 88.6303, "mod_fiscal": 4.9239, "des_condic": "Aguardando analise", "ind_status": "AT", "dat_atuali": "13/04/2016"}, "geometry": {"type": "Polygon", "coordinates": [[[-53.1095272027778, -26.4422804409086], [-53.1088303555556, -26.4417897547975], [-53.1087320805556, -26.4414331409086], [-53.1081591944444, -26.4409812631309], [-53.1078410944444, -26.440393049242], [-53.1079556305556, -26.440098424242], [-53.1077169777778, -26.4395208047976], [-53.1072450194444, -26.4392190186864], [-53.1069098722222, -26.4386020520198], [-53.1025535361111, -26.4396260797976], [-53.1011361027778, -26.4396028603531], [-53.1003507722222, -26.4392732381309], [-53.099666075, -26.4393556353531], [-53.0967100944444, -26.4414779714642], [-53.0953367472222, -26.4429603464642], [-53.0941246888889, -26.4434051659086], [-53.0940599805556, -26.4439905159086], [-53.0936340583333, -26.4446535186863], [-53.0938129083333, -26.444996235353], [-53.0936714055556, -26.4455915464641], [-53.0934824138889, -26.4457298825752], [-53.0934848972222, -26.4462546686863], [-53.0944394388889, -26.4473713909085], [-53.0944239722222, -26.4477340047974], [-53.0941908416667, -26.4480473186863], [-53.0942921194444, -26.4484663297974], [-53.1095272027778, -26.4422804409086]]]}}, {"type": "Feature", "properties": {"cod_imovel": "SC-4203501-A6D2929B59AC48B6A5FBD3B49A362319", "municipio": "Campo Ere", "num_area": 16.6055, "mod_fiscal": 0.9225, "des_condic": "Aguardando analise", "ind_status": "AT", "dat_atuali": "07/04/2015"}, "geometry": {"type": "Polygon", "coordinates": [[[-53.14340652289491, -26.37464651148907], [-53.14286641278122, -26.37391620547274], [-53.14004127250495, -26.3725740763955], [-53.13937345577479, -26.37135189601153], [-53.13581448801038, -26.37315677173531], [-53.13569519997039, -26.37396147961899], [-53.13572758703948, -26.3742282895676], [-53.13631689463701, -26.37474761249818], [-53.14340652289491, -26.37464651148907]]]}}, {"type": "Feature", "properties": {"cod_imovel": "SC-4203501-2EBE9FD2B0004D6B8B6EAC8436E882C2", "municipio": "Campo Ere", "num_area": 12.1549, "mod_fiscal": 0.6753, "des_condic": "Aguardando analise", "ind_status": "AT", "dat_atuali": "07/04/2015"}, "geometry": {"type": "Polygon", "coordinates": [[[-53.13041925430298, -26.374838394816383], [-53.12741518020629, -26.371512581583925], [-53.1273078918457, -26.37224311523716], [-53.12692165374755, -26.372704502533473], [-53.124518394470215, -26.374030980749016], [-53.123230934143066, -26.374492360906917], [-53.122286796569824, -26.374646153883493], [-53.12196493148804, -26.374896067033877], [-53.13041925430298, -26.374838394816383]]]}}, {"type": "Feature", "properties": {"cod_imovel": "SC-4203501-D1C97D151C10423D8E934D935EDFB523", "municipio": "Campo Ere", "num_area": 33.448, "mod_fiscal": 1.8582, "des_condic": "Aguardando analise", "ind_status": "AT", "dat_atuali": "14/11/2017"}, "geometry": {"type": "Polygon", "coordinates": [[[-53.12426833972222, -26.443175728055557], [-53.12865425527778, -26.444908971388887], [-53.13021741361111, -26.444532589166666], [-53.13265541777778, -26.435648928333332], [-53.12426833972222, -26.443175728055557]]]}}, {"type": "Feature", "properties": {"cod_imovel": "SC-4203501-F8698E2173584D3EB2691D0253406718", "municipio": "Campo Ere", "num_area": 14.656, "mod_fiscal": 0.8142, "des_condic": "Aguardando analise", "ind_status": "AT", "dat_atuali": "13/04/2015"}, "geometry": {"type": "Polygon", "coordinates": [[[-53.05731229787192, -26.42466656747161], [-53.05888658447549, -26.42381743562808], [-53.05609174289792, -26.4218992979279], [-53.05323212848619, -26.41944183061309], [-53.05288750106433, -26.41962688252313], [-53.05231058030605, -26.42067180172152], [-53.05147955374691, -26.42112911017388], [-53.05144620232734, -26.42133739370438], [-53.05231114954888, -26.42141530149202], [-53.05244537054706, -26.42177233032345], [-53.05731229787192, -26.42466656747161]]]}}, {"type": "Feature", "properties": {"cod_imovel": "SC-4203501-DA49ACFD1215460D9C0AE02DF1BEFB0D", "municipio": "Campo Ere", "num_area": 48.7121, "mod_fiscal": 2.7062, "des_condic": "Aguardando analise", "ind_status": "AT", "dat_atuali": "06/12/2017"}, "geometry": {"type": "Polygon", "coordinates": [[[-53.1098642361111, -26.4775782909079], [-53.1091035111111, -26.4793227742412], [-53.1088280861111, -26.4794401047968], [-53.1084515361111, -26.4799347075745], [-53.1074740166667, -26.4821904964634], [-53.1070661611111, -26.4824310409078], [-53.1066019194444, -26.4832179353522], [-53.1075501444444, -26.4838061020189], [-53.1084122361111, -26.4835866659078], [-53.1105678638889, -26.4837716047967], [-53.1113185361111, -26.4834427297967], [-53.1147650055556, -26.4834231159078], [-53.1148634055556, -26.4800654353523], [-53.1107281194444, -26.4735273270191], [-53.1108568388889, -26.4744381492413], [-53.1103555472222, -26.4753938686857], [-53.1103505305556, -26.4758475020191], [-53.1097371861111, -26.4766560242413], [-53.1098642361111, -26.4775782909079]]]}}, {"type": "Feature", "properties": {"cod_imovel": "SC-4203501-86BDA2C965CD46168C36AB541D3CC6CD", "municipio": "Campo Ere", "num_area": 48.2135, "mod_fiscal": 2.6785, "des_condic": "Aguardando analise", "ind_status": "AT", "dat_atuali": "06/12/2017"}, "geometry": {"type": "Polygon", "coordinates": [[[-53.1110019472222, -26.4705262631303], [-53.1108116305556, -26.4709328436858], [-53.1108463055556, -26.4717287464636], [-53.1106930055556, -26.4721575242413], [-53.1107281194444, -26.4735273270191], [-53.1148634055556, -26.4800654353523], [-53.1181983555556, -26.4734101103524], [-53.1143324361111, -26.4704102492414], [-53.1136212083333, -26.4689466936859], [-53.1110019472222, -26.4705262631303]]]}}, {"type": "Feature", "properties": {"cod_imovel": "SC-4203501-002C3D4345364E34A7C99051A030243E", "municipio": "Campo Ere", "num_area": 3.6174, "mod_fiscal": 0.201, "des_condic": "Aguardando analise", "ind_status": "AT", "dat_atuali": "13/04/2016"}, "geometry": {"type": "Polygon", "coordinates": [[[-53.1797240027778, -26.4957646214631], [-53.1821033861111, -26.4980080936853], [-53.1827366222222, -26.4974535325742], [-53.1805379777778, -26.4949571547965], [-53.1797240027778, -26.4957646214631]]]}}, {"type": "Feature", "properties": {"cod_imovel": "SC-4203501-F2E7328FF55841BA92A6E5E642AB2D1D", "municipio": "Campo Ere", "num_area": 7.4723, "mod_fiscal": 0.4151, "des_condic": "Aguardando analise", "ind_status": "AT", "dat_atuali": "16/04/2015"}, "geometry": {"type": "Polygon", "coordinates": [[[-53.0834650133893, -26.40172965465763], [-53.08138687651918, -26.40472237281155], [-53.08294785756037, -26.40565112167137], [-53.08510151907202, -26.40268965776157], [-53.0834650133893, -26.40172965465763]]]}}, {"type": "Feature", "properties": {"cod_imovel": "SC-4203501-8C9CBA57CDBB42A2AF31A0C72356E609", "municipio": "Campo Ere", "num_area": 2.0396, "mod_fiscal": 0.1133, "des_condic": "Aguardando analise", "ind_status": "AT", "dat_atuali": "17/04/2015"}, "geometry": {"type": "Polygon", "coordinates": [[[-53.07958602905273, -26.406899705233183], [-53.08074474334717, -26.40545829071583], [-53.079843521118164, -26.404939377081856], [-53.07874917984008, -26.40632314158692], [-53.07958602905273, -26.406899705233183]]]}}, {"type": "Feature", "properties": {"cod_imovel": "SC-4203501-B742EE7214A34B409B03FA8EC4F17E70", "municipio": "Campo Ere", "num_area": 18.0969, "mod_fiscal": 1.0054, "des_condic": "Aguardando analise", "ind_status": "AT", "dat_atuali": "20/04/2015"}, "geometry": {"type": "Polygon", "coordinates": [[[-53.15927861529781, -26.37203058230382], [-53.15871487071457, -26.37077496714787], [-53.15891913284354, -26.36939375542998], [-53.15890491299774, -26.3679109054335], [-53.15473218450065, -26.3690228812646], [-53.15537471523585, -26.36938453466598], [-53.15525849171958, -26.36960176069599], [-53.15373107830591, -26.36950909262999], [-53.15301885302901, -26.36975892880426], [-53.153014183044434, -26.370224524156768], [-53.15367937088013, -26.371454907677787], [-53.15927861529781, -26.37203058230382]]]}}, {"type": "Feature", "properties": {"cod_imovel": "SC-4203501-8DAC507AAD46458DA48B03BD9AF4A624", "municipio": "Campo Ere", "num_area": 114.8902, "mod_fiscal": 6.3828, "des_condic": "Aguardando analise", "ind_status": "AT", "dat_atuali": "30/04/2016"}, "geometry": {"type": "Polygon", "coordinates": [[[-53.22757290982772, -26.42708873116717], [-53.22705091900478, -26.42689975165402], [-53.22597643201275, -26.42549887675691], [-53.2242072054778, -26.42496041613466], [-53.22165565090008, -26.42485841322242], [-53.2209671673655, -26.42465051482397], [-53.22017812849443, -26.42386517256445], [-53.21873198370309, -26.42340508971967], [-53.21724706413018, -26.42212597594541], [-53.21307054422821, -26.43358815242745], [-53.21688541759469, -26.436691634918], [-53.22757290982772, -26.42708873116717]]]}}, {"type": "Feature", "properties": {"cod_imovel": "SC-4203501-BAFB6B315286431094E6EF230F916BA5", "municipio": "Campo Ere", "num_area": 6.735, "mod_fiscal": 0.3742, "des_condic": "Aguardando analise", "ind_status": "AT", "dat_atuali": "28/04/2015"}, "geometry": {"type": "Polygon", "coordinates": [[[-53.1700722057028, -26.47672491560304], [-53.16797281094534, -26.47703112386709], [-53.16772619586754, -26.47601250142856], [-53.16649669071078, -26.4761624867857], [-53.16703818881545, -26.47880884042293], [-53.16761938930353, -26.47922549090293], [-53.16801166956258, -26.47901022537258], [-53.17015619943535, -26.47725039349693], [-53.1700722057028, -26.47672491560304]]]}}, {"type": "Feature", "properties": {"cod_imovel": "SC-4203501-A7F6F06D17BA42339607D855F0FD00BF", "municipio": "Campo Ere", "num_area": 14.238, "mod_fiscal": 0.791, "des_condic": "Aguardando analise", "ind_status": "AT", "dat_atuali": "05/05/2015"}, "geometry": {"type": "Polygon", "coordinates": [[[-53.15471815390632, -26.36900491027964], [-53.15897941589355, -26.36791751974983], [-53.158957958221436, -26.367359986775973], [-53.15700140889922, -26.36676120907025], [-53.15608206362285, -26.3668059399247], [-53.15531623140797, -26.36706586387675], [-53.15463176227559, -26.36691361854087], [-53.15352619515301, -26.36728572625266], [-53.15304646697624, -26.36687768561988], [-53.15241570535445, -26.36598245727094], [-53.15210718088481, -26.36591978366863], [-53.15182037389539, -26.3674281800841], [-53.15183796130478, -26.36816833238125], [-53.15232942886497, -26.36904114372188], [-53.1527484725673, -26.36926171708648], [-53.15471815390632, -26.36900491027964]]]}}, {"type": "Feature", "properties": {"cod_imovel": "SC-4203501-789F0FA27FD04CB5A79A773686735BF2", "municipio": "Campo Ere", "num_area": 326.3927, "mod_fiscal": 18.1329, "des_condic": "Aguardando analise", "ind_status": "AT", "dat_atuali": "28/12/2017"}, "geometry": {"type": "Polygon", "coordinates": [[[-53.10064380194444, -26.382156692777777], [-53.10082169277778, -26.3974960125], [-53.10275018944444, -26.397994265277777], [-53.112028879166665, -26.399229793333333], [-53.11298893222222, -26.3992282675], [-53.11506275277778, -26.398818660277776], [-53.11392662083333, -26.39439767388889], [-53.119750965, -26.39300789972222], [-53.119101576944445, -26.392202120555556], [-53.11917322777778, -26.39174264861111], [-53.11900013861111, -26.391357580555557], [-53.11894323638889, -26.390086534444443], [-53.118690291944446, -26.389782227777776], [-53.11874751777778, -26.389405905555556], [-53.11845698611111, -26.388652029444444], [-53.11897878, -26.385838861666667], [-53.11953008194445, -26.385075251944443], [-53.12085751861111, -26.382114712777778], [-53.12043072388889, -26.37972042277778], [-53.110257652777776, -26.38223801527778], [-53.10869728777778, -26.37729288111111], [-53.108255488055555, -26.37816732527778], [-53.10862861138889, -26.380355509444446], [-53.10830660944445, -26.380818310833334], [-53.10713617277778, -26.38146069472222], [-53.10644917583333, -26.382527012222223], [-53.106187992500004, -26.38264395361111], [-53.10540769027778, -26.382506455555557], [-53.104621998333336, -26.38257734638889], [-53.1034443125, -26.38346169361111], [-53.102655534166665, -26.38357154], [-53.101269789444444, -26.38312661666667], [-53.10064380194444, -26.382156692777777]]]}}, {"type": "Feature", "properties": {"cod_imovel": "SC-4203501-B13F36D6FB794E5BBFC1172168644E97", "municipio": "Campo Ere", "num_area": 40.8413, "mod_fiscal": 2.269, "des_condic": "Aguardando analise", "ind_status": "AT", "dat_atuali": "13/10/2014"}, "geometry": {"type": "Polygon", "coordinates": [[[-53.0037485166667, -26.3752110270211], [-53.0000152222222, -26.3819470047987], [-53.0032999888889, -26.3820470103543], [-53.0050160888889, -26.3802256325765], [-53.0067046166667, -26.3792927742432], [-53.0099687722222, -26.3748589936877], [-53.0072787861111, -26.3742892242433], [-53.0037485166667, -26.3752110270211]]]}}, {"type": "Feature", "properties": {"cod_imovel": "SC-4203501-AF44648D86FB4EEC9AB5D188C4918BB5", "municipio": "Campo Ere", "num_area": 7.3505, "mod_fiscal": 0.4084, "des_condic": "Aguardando analise", "ind_status": "AT", "dat_atuali": "13/10/2014"}, "geometry": {"type": "Polygon", "coordinates": [[[-53.0082423027778, -26.3772041409099], [-53.0067046166667, -26.3792927742432], [-53.0068899361111, -26.3822493797987], [-53.0095156472222, -26.3786355909099], [-53.0082423027778, -26.3772041409099]]]}}, {"type": "Feature", "properties": {"cod_imovel": "SC-4203501-A035E0946CC3434A820A6000831146E1", "municipio": "Campo Ere", "num_area": 9.6579, "mod_fiscal": 0.5366, "des_condic": "Aguardando analise", "ind_status": "AT", "dat_atuali": "25/09/2014"}, "geometry": {"type": "Polygon", "coordinates": [[[-53.18211257510476, -26.37001393742529], [-53.17777633666992, -26.37087816703329], [-53.17824840545654, -26.372781400237102], [-53.18236827850342, -26.3721085435954], [-53.18211257510476, -26.37001393742529]]]}}, {"type": "Feature", "properties": {"cod_imovel": "SC-4203501-BA7A742444D349EC98E2AF712C69A0D4", "municipio": "Campo Ere", "num_area": 8.47, "mod_fiscal": 0.4706, "des_condic": "Aguardando analise", "ind_status": "AT", "dat_atuali": "20/02/2015"}, "geometry": {"type": "Polygon", "coordinates": [[[-53.04270029067993, -26.4265780166212], [-53.04061889648437, -26.428480331609713], [-53.045618534088135, -26.428922279083135], [-53.04581165313721, -26.428365040685815], [-53.046326637268066, -26.42828818000583], [-53.046584129333496, -26.427961521544177], [-53.04270029067993, -26.4265780166212]]]}}, {"type": "Feature", "properties": {"cod_imovel": "SC-4203501-C1E652CECDCD4404A33AE4377A6E08F9", "municipio": "Campo Ere", "num_area": 13.7438, "mod_fiscal": 0.7605, "des_condic": "Aguardando analise", "ind_status": "AT", "dat_atuali": "24/04/2019"}, "geometry": {"type": "Polygon", "coordinates": [[[-53.15484735500219, -26.35033602402016], [-53.15691346823725, -26.3481268811015], [-53.15534834516636, -26.34731497667198], [-53.15450810740827, -26.34666606424285], [-53.15099224757395, -26.34774027851746], [-53.1512067321944, -26.34880506167405], [-53.15158230788705, -26.34924364493165], [-53.15256799573511, -26.34996684367212], [-53.15339535294729, -26.3502774897565], [-53.15372356542846, -26.35014621392178], [-53.15384895885111, -26.34987816449581], [-53.15384050663429, -26.34901211525914], [-53.15418618770795, -26.34833725882245], [-53.15459725926499, -26.34905889975802], [-53.15484735500219, -26.35033602402016]]]}}, {"type": "Feature", "properties": {"cod_imovel": "SC-4203501-35AB6394F0FE4B2F9C147024E48FE4CB", "municipio": "Campo Ere", "num_area": 54.6045, "mod_fiscal": 3.0336, "des_condic": "Aguardando analise", "ind_status": "AT", "dat_atuali": "28/12/2017"}, "geometry": {"type": "Polygon", "coordinates": [[[-53.10869728777778, -26.37729288111111], [-53.110257652777776, -26.38223801527778], [-53.12043072388889, -26.37972042277778], [-53.11971183805556, -26.37571845361111], [-53.11874434166667, -26.3760589025], [-53.11763843166667, -26.377032445833333], [-53.117056177777776, -26.376960095555557], [-53.115979906944446, -26.376380314166667], [-53.11510371805556, -26.376399424444443], [-53.113398548611116, -26.376928783611113], [-53.111379246666665, -26.37635036027778], [-53.10971664777778, -26.376341342777778], [-53.10869728777778, -26.37729288111111]]]}}, {"type": "Feature", "properties": {"cod_imovel": "SC-4203501-9ACC9BB7FB344FFD9C6F4B4A6B4DBDA2", "municipio": "Campo Ere", "num_area": 7.2112, "mod_fiscal": 0.4006, "des_condic": "Aguardando analise", "ind_status": "AT", "dat_atuali": "19/11/2014"}, "geometry": {"type": "Polygon", "coordinates": [[[-53.12721524727265, -26.49845730390084], [-53.1260804283204, -26.50157591934487], [-53.12793888086019, -26.50215480414902], [-53.12911404280607, -26.49903755858323], [-53.12721524727265, -26.49845730390084]]]}}, {"type": "Feature", "properties": {"cod_imovel": "SC-4203501-A60CA2850578430A9FEB2C837C3651D8", "municipio": "Campo Ere", "num_area": 0.25, "mod_fiscal": 0.0139, "des_condic": "Aguardando analise", "ind_status": "AT", "dat_atuali": "01/03/2016"}, "geometry": {"type": "Polygon", "coordinates": [[[-53.09315853926416, -26.39379356637051], [-53.09314047702767, -26.39327556767216], [-53.09270294397408, -26.39340523345736], [-53.09275196356829, -26.3939391020823], [-53.09315853926416, -26.39379356637051]]]}}, {"type": "Feature", "properties": {"cod_imovel": "SC-4203501-13150BAD463D4F13BF69F7F857BC841C", "municipio": "Campo Ere", "num_area": 105.4464, "mod_fiscal": 5.8581, "des_condic": "Aguardando analise", "ind_status": "AT", "dat_atuali": "23/06/2022"}, "geometry": {"type": "Polygon", "coordinates": [[[-53.2250339583333, -26.4964576659075], [-53.2114256527778, -26.5085705547962], [-53.2139314333333, -26.5125165714628], [-53.2271377027778, -26.5026123825741], [-53.2286663611111, -26.5008799297963], [-53.2288806972222, -26.5001328603519], [-53.2285865527778, -26.4999841909075], [-53.2276176833333, -26.5003683159075], [-53.2271856027778, -26.5009640131297], [-53.2268036666667, -26.5011184575741], [-53.2262317833333, -26.5006575381297], [-53.2259287694444, -26.500281371463], [-53.225832675, -26.4998327075741], [-53.2257460111111, -26.4972709659075], [-53.2253963361111, -26.496630810352], [-53.2250339583333, -26.4964576659075]]]}}, {"type": "Feature", "properties": {"cod_imovel": "SC-4203501-AAA33BAFCA3B4CCABF0DE6E9EE0D22E5", "municipio": "Campo Ere", "num_area": 4.4543, "mod_fiscal": 0.2475, "des_condic": "Aguardando analise", "ind_status": "AT", "dat_atuali": "25/11/2014"}, "geometry": {"type": "Polygon", "coordinates": [[[-53.19052212705514, -26.47148621733528], [-53.19003636373625, -26.47264914774142], [-53.18973768101323, -26.4729028373716], [-53.188719749450684, -26.47324292048688], [-53.18947076797485, -26.4744529977884], [-53.19175818124181, -26.47378372037919], [-53.19052212705514, -26.47148621733528]]]}}, {"type": "Feature", "properties": {"cod_imovel": "SC-4203501-0F87AA796F244588A1C34FF0DD186404", "municipio": "Campo Ere", "num_area": 17.8258, "mod_fiscal": 0.9903, "des_condic": "Aguardando analise", "ind_status": "AT", "dat_atuali": "27/11/2014"}, "geometry": {"type": "Polygon", "coordinates": [[[-53.1654167175293, -26.38395024813055], [-53.16185474395752, -26.38721803728883], [-53.16258430480957, -26.38794847163344], [-53.16176891326904, -26.38933243982699], [-53.16528797149658, -26.390485733984665], [-53.16572269421292, -26.38916608999067], [-53.16586440469659, -26.38782103025827], [-53.1654167175293, -26.38395024813055]]]}}, {"type": "Feature", "properties": {"cod_imovel": "SC-4203501-35734EB576D740288026FCCBD8872905", "municipio": "Campo Ere", "num_area": 73.2471, "mod_fiscal": 4.0693, "des_condic": "Aguardando analise", "ind_status": "AT", "dat_atuali": "25/04/2015"}, "geometry": {"type": "Polygon", "coordinates": [[[-53.1413999222578, -26.49540876289323], [-53.14063193737943, -26.49483832278068], [-53.13859704679522, -26.49396928541785], [-53.1368113788117, -26.4912100437252], [-53.13612478297728, -26.49072853254328], [-53.13515902171204, -26.49235163023715], [-53.13571021349834, -26.49269938554036], [-53.13447776368194, -26.49611371800901], [-53.13169559160989, -26.50106589919457], [-53.13070283051521, -26.50383892411471], [-53.13032835110316, -26.50401666998481], [-53.12990884112895, -26.50512857183714], [-53.13066718673077, -26.50536681121957], [-53.13112663987879, -26.50765343076701], [-53.1413999222578, -26.49540876289323]]]}}, {"type": "Feature", "properties": {"cod_imovel": "SC-4203501-EDE29DDD110B47B3B38B862D41F6EDB8", "municipio": "Campo Ere", "num_area": 17.3993, "mod_fiscal": 0.9666, "des_condic": "Aguardando analise", "ind_status": "AT", "dat_atuali": "07/10/2014"}, "geometry": {"type": "Polygon", "coordinates": [[[-53.06402921676636, -26.407533921916574], [-53.060102462768555, -26.40228711540001], [-53.05774936969646, -26.4046260598416], [-53.06318100195463, -26.40893955203819], [-53.06291567933998, -26.40848325316], [-53.06284849049094, -26.40796890763887], [-53.06402921676636, -26.407533921916574]]]}}, {"type": "Feature", "properties": {"cod_imovel": "SC-4203501-B1D5D963A12249CF920CEF93C15A8C6B", "municipio": "Campo Ere", "num_area": 11.5998, "mod_fiscal": 0.6444, "des_condic": "Aguardando analise", "ind_status": "AT", "dat_atuali": "18/03/2022"}, "geometry": {"type": "Polygon", "coordinates": [[[-53.0512421555556, -26.4265873131311], [-53.0565359111111, -26.4301971547977], [-53.0575356194444, -26.4289396631311], [-53.0520393361111, -26.4251715075756], [-53.0512421555556, -26.4265873131311]]]}}, {"type": "Feature", "properties": {"cod_imovel": "SC-4203501-A3A514E5601D4D6ABDC34406C10B78C3", "municipio": "Campo Ere", "num_area": 8.1306, "mod_fiscal": 0.4517, "des_condic": "Aguardando analise", "ind_status": "AT", "dat_atuali": "19/01/2015"}, "geometry": {"type": "Polygon", "coordinates": [[[-53.01542645496927, -26.40593454793721], [-53.01426658409978, -26.40577646790353], [-53.01320987390186, -26.40589090736103], [-53.0165433883667, -26.409820916762914], [-53.01770210266113, -26.408571723515387], [-53.01542645496927, -26.40593454793721]]]}}, {"type": "Feature", "properties": {"cod_imovel": "SC-4203501-972D920568A34C55B89F9BDCE637A413", "municipio": "Campo Ere", "num_area": 2.9995, "mod_fiscal": 0.1666, "des_condic": "Aguardando analise", "ind_status": "AT", "dat_atuali": "13/03/2015"}, "geometry": {"type": "Polygon", "coordinates": [[[-53.0491173546701, -26.4371216351774], [-53.05221739902283, -26.43938691896376], [-53.05265544544758, -26.43887908028693], [-53.04979191636839, -26.43664822920974], [-53.0491173546701, -26.4371216351774]]]}}, {"type": "Feature", "properties": {"cod_imovel": "SC-4203501-CD93C3B8CC66448395037B9C6878C9E1", "municipio": "Campo Ere", "num_area": 2.4256, "mod_fiscal": 0.1348, "des_condic": "Aguardando analise", "ind_status": "AT", "dat_atuali": "10/03/2015"}, "geometry": {"type": "Polygon", "coordinates": [[[-53.08037245901868, -26.40407790051198], [-53.08244850395563, -26.40114301348564], [-53.08194732554874, -26.40083829494863], [-53.07981608192109, -26.40377224481501], [-53.08037245901868, -26.40407790051198]]]}}, {"type": "Feature", "properties": {"cod_imovel": "SC-4203501-CAF726F8590B4D74B9B31EE1EA4917F3", "municipio": "Campo Ere", "num_area": 412.8762, "mod_fiscal": 22.9376, "des_condic": "Aguardando analise", "ind_status": "AT", "dat_atuali": "05/03/2016"}, "geometry": {"type": "Polygon", "coordinates": [[[-53.04312279274937, -26.41952084402689], [-53.0544059902757, -26.40797075631618], [-53.04753375471016, -26.40212796044275], [-53.05061300083683, -26.39868527486686], [-53.04515380494671, -26.39375708114845], [-53.04593581804498, -26.39289853138708], [-53.04275292621087, -26.39201548487235], [-53.04187303105467, -26.39190904261739], [-53.03886339513387, -26.39203322734445], [-53.03544610592542, -26.39546497491722], [-53.03482712843528, -26.3922512467713], [-53.02894415006391, -26.39136062319633], [-53.02760225880828, -26.39851941509263], [-53.02846470549536, -26.39897745906244], [-53.02847538589688, -26.39928312674697], [-53.0281165229969, -26.39976991663555], [-53.02767521007363, -26.40155888419722], [-53.02708890244107, -26.40264811424266], [-53.02669678617647, -26.40295083207327], [-53.02668003170368, -26.40348604620675], [-53.02683412054623, -26.4036764065124], [-53.02726828142281, -26.40376911438992], [-53.02898849755165, -26.40189857979994], [-53.03211460609235, -26.40428129833267], [-53.03522401443207, -26.40379397997691], [-53.03628403602263, -26.40380142218884], [-53.04326548329262, -26.41011705780162], [-53.03790046964539, -26.4154051287885], [-53.04312279274937, -26.41952084402689]]]}}, {"type": "Feature", "properties": {"cod_imovel": "SC-4203501-191F6741D34D4A1FA1DD4B1EDFCFB025", "municipio": "Campo Ere", "num_area": 73.0332, "mod_fiscal": 4.0574, "des_condic": "Aguardando analise", "ind_status": "AT", "dat_atuali": "20/03/2015"}, "geometry": {"type": "Polygon", "coordinates": [[[-53.12914901549276, -26.48522009800528], [-53.1271470985196, -26.48995915478283], [-53.12530541026683, -26.48957811274268], [-53.12250286189839, -26.49666720672757], [-53.1290981693211, -26.49905121400778], [-53.12714376664198, -26.50423533886333], [-53.13025293736081, -26.50403546069219], [-53.13049392595662, -26.49944380807046], [-53.1323105530911, -26.49673723357325], [-53.12915358161233, -26.49542989988048], [-53.12814197023228, -26.49052182153623], [-53.13023562841709, -26.48654653352094], [-53.12969915009268, -26.48615586291987], [-53.12914901549276, -26.48522009800528]]]}}, {"type": "Feature", "properties": {"cod_imovel": "SC-4203501-4D7EDD100D2C4216BF28B5A54EE0DD33", "municipio": "Campo Ere", "num_area": 97.8977, "mod_fiscal": 5.4388, "des_condic": "Aguardando analise", "ind_status": "AT", "dat_atuali": "12/12/2018"}, "geometry": {"type": "Polygon", "coordinates": [[[-53.1784220263077, -26.494496750715], [-53.1660344257245, -26.5088528265793], [-53.166159691228, -26.5092070969112], [-53.1655025091241, -26.5099077315893], [-53.1657230127194, -26.51056033198971], [-53.1672724533314, -26.5115859573702], [-53.16837227558269, -26.5114127609], [-53.1688039579899, -26.5115811300002], [-53.1690536428253, -26.5119761980911], [-53.1801911435634, -26.4993890597189], [-53.1821032298983, -26.4980054373216], [-53.1784220263077, -26.494496750715]]]}}, {"type": "Feature", "properties": {"cod_imovel": "SC-4203501-85202D0CBC7E4558B5EFFAEFEEA5E6EC", "municipio": "Campo Ere", "num_area": 7.6793, "mod_fiscal": 0.4266, "des_condic": "Aguardando analise", "ind_status": "AT", "dat_atuali": "24/11/2016"}, "geometry": {"type": "Polygon", "coordinates": [[[-53.19468104069683, -26.46975726049255], [-53.19214559777071, -26.47057691553562], [-53.19400494400218, -26.4733059398965], [-53.19573261790252, -26.4723097325371], [-53.19468104069683, -26.46975726049255]]]}}, {"type": "Feature", "properties": {"cod_imovel": "SC-4203501-F4F07C7704974CD19018526BA4DA3CCE", "municipio": "Campo Ere", "num_area": 70.336, "mod_fiscal": 3.9076, "des_condic": "Aguardando analise", "ind_status": "AT", "dat_atuali": "23/03/2015"}, "geometry": {"type": "Polygon", "coordinates": [[[-53.13022128816899, -26.48653534211788], [-53.12816430766909, -26.490524215336], [-53.12914391547626, -26.49540700645803], [-53.13228666706409, -26.49670586221459], [-53.13049491994073, -26.49946090885332], [-53.13022913193953, -26.50401704890055], [-53.13064565354827, -26.50381640529644], [-53.13172670381452, -26.50103527356248], [-53.13448125890086, -26.49608335126294], [-53.13567161852735, -26.49270323188095], [-53.13513748968713, -26.49233220519825], [-53.13613557149228, -26.49073397188984], [-53.13022128816899, -26.48653534211788]]]}}, {"type": "Feature", "properties": {"cod_imovel": "SC-4203501-28297F4381984097836126DCC5BCA498", "municipio": "Campo Ere", "num_area": 14.8295, "mod_fiscal": 0.8238, "des_condic": "Aguardando analise", "ind_status": "AT", "dat_atuali": "23/03/2015"}, "geometry": {"type": "Polygon", "coordinates": [[[-53.13318078905285, -26.37286276101366], [-53.12750883395811, -26.37066915983827], [-53.12732705653203, -26.37093600963282], [-53.12726872797368, -26.37144772960135], [-53.13057698447578, -26.37484312589469], [-53.13453912734985, -26.374761498481604], [-53.13408785904895, -26.37426942708877], [-53.1334937144178, -26.37409745148775], [-53.13312582460168, -26.37375946667454], [-53.13318078905285, -26.37286276101366]]]}}, {"type": "Feature", "properties": {"cod_imovel": "SC-4203501-C13B51338FEC41EEA68678CFDD8085B2", "municipio": "Campo Ere", "num_area": 71.6125, "mod_fiscal": 3.9785, "des_condic": "Aguardando analise", "ind_status": "AT", "dat_atuali": "19/11/2014"}, "geometry": {"type": "Polygon", "coordinates": [[[-53.05439735089001, -26.38955681429934], [-53.05522791135152, -26.38320180783138], [-53.05396091224077, -26.38304809798573], [-53.05230271815331, -26.38320954698973], [-53.04668932127741, -26.38154795217784], [-53.04646171118365, -26.38241619941157], [-53.0473799722532, -26.38387288121033], [-53.04728012562154, -26.38454358258803], [-53.04808620820229, -26.38691029246008], [-53.04846850479095, -26.38718520749633], [-53.04784187621068, -26.38779039808566], [-53.04788016996164, -26.38823818050492], [-53.04881893175028, -26.38820096781337], [-53.04893241844784, -26.38877802647045], [-53.04846518337796, -26.39001272944367], [-53.04858704313667, -26.39177459214229], [-53.04908435269491, -26.39267043625024], [-53.04885264961163, -26.39355252194541], [-53.04974832201342, -26.39384472041505], [-53.0507101641713, -26.39213760744328], [-53.05105015255455, -26.3919059866275], [-53.05305937804473, -26.39238050607292], [-53.05333559330982, -26.39133557937542], [-53.0537507969614, -26.39117263522315], [-53.05452291430087, -26.39037063556187], [-53.05439735089001, -26.38955681429934]]]}}, {"type": "Feature", "properties": {"cod_imovel": "SC-4203501-5BC4FB0ADD294D97BDA8AE9820CC0EB9", "municipio": "Campo Ere", "num_area": 20.4454, "mod_fiscal": 1.1359, "des_condic": "Aguardando analise", "ind_status": "AT", "dat_atuali": "09/06/2015"}, "geometry": {"type": "Polygon", "coordinates": [[[-53.06641683980548, -26.44000318313391], [-53.06830536730065, -26.43985094288048], [-53.06250848675997, -26.43573166842647], [-53.06060356568929, -26.43850946641475], [-53.06435852822014, -26.44126576119402], [-53.06492180314888, -26.44075516676068], [-53.06518864391226, -26.44011825428834], [-53.06542487405987, -26.44034897556918], [-53.06578123345329, -26.43985491133845], [-53.06641683980548, -26.44000318313391]]]}}, {"type": "Feature", "properties": {"cod_imovel": "SC-4203501-69F50A8ED4E8414EA35B98B1615D75CF", "municipio": "Campo Ere", "num_area": 12.143, "mod_fiscal": 0.6746, "des_condic": "Aguardando analise", "ind_status": "AT", "dat_atuali": "29/04/2015"}, "geometry": {"type": "Polygon", "coordinates": [[[-53.0542122438658, -26.40441226586114], [-53.05422306060791, -26.40378622731873], [-53.04847240447998, -26.403305744849877], [-53.05340766906738, -26.40707267376528], [-53.05471658706665, -26.4054775096945], [-53.0542122438658, -26.40441226586114]]]}}, {"type": "Feature", "properties": {"cod_imovel": "SC-4203501-73B98F0576E64D0F87DB46F7234EAECE", "municipio": "Campo Ere", "num_area": 31.5483, "mod_fiscal": 1.7527, "des_condic": "Aguardando analise", "ind_status": "AT", "dat_atuali": "18/05/2016"}, "geometry": {"type": "Polygon", "coordinates": [[[-53.01173686981201, -26.40559282349928], [-53.01403284072876, -26.40580423184209], [-53.01420450210571, -26.39888521227764], [-53.01225185394287, -26.398846772121445], [-53.011994361877434, -26.39821250769612], [-53.01027774810791, -26.39836626908896], [-53.00999879837036, -26.405881107507096], [-53.01173686981201, -26.40559282349928]]]}}, {"type": "Feature", "properties": {"cod_imovel": "SC-4203501-09BBED66E13F484DB4104554CEFFB8CB", "municipio": "Campo Ere", "num_area": 332.3275, "mod_fiscal": 18.4626, "des_condic": "Aguardando analise", "ind_status": "AT", "dat_atuali": "05/05/2016"}, "geometry": {"type": "Polygon", "coordinates": [[[-53.213181495666504, -26.490317278198678], [-53.21249485015869, -26.48981795164226], [-53.19659471511841, -26.503971098394157], [-53.20676565170288, -26.512592717338702], [-53.22519779205322, -26.496347435352966], [-53.22408199310303, -26.495924950571254], [-53.222451210021966, -26.49696195589955], [-53.22172164916992, -26.497077178136266], [-53.221163749694824, -26.496885141010914], [-53.2222580909729, -26.488953727477448], [-53.22152853012085, -26.4882815486358], [-53.22052001953125, -26.48812790720594], [-53.21959733963013, -26.488896112302147], [-53.22000503540039, -26.491219901470178], [-53.219876289367676, -26.492141722177443], [-53.21933984756469, -26.492333767227734], [-53.217194080352776, -26.49229535824334], [-53.21695804595947, -26.49277546962583], [-53.21558475494385, -26.494350220885394], [-53.21498394012451, -26.4944654457403], [-53.21322441101074, -26.493697277859244], [-53.21253776550293, -26.4926986519394], [-53.21236610412598, -26.491968881357874], [-53.213181495666504, -26.490317278198678]]]}}, {"type": "Feature", "properties": {"cod_imovel": "SC-4203501-C2C7956232EE46F3B38919DF0EC661A2", "municipio": "Campo Ere", "num_area": 10.1211, "mod_fiscal": 0.551, "des_condic": "Aguardando analise", "ind_status": "AT", "dat_atuali": "27/08/2014"}, "geometry": {"type": "Polygon", "coordinates": [[[-53.0333662033081, -26.37887538052266], [-53.035898208618164, -26.37979810030695], [-53.036842346191406, -26.376837681558264], [-53.03624153137207, -26.37645320602536], [-53.03649902343749, -26.37547278762565], [-53.03551197052001, -26.375030635429425], [-53.03446054458618, -26.37406942916588], [-53.034396171569824, -26.374415464341865], [-53.03457219654626, -26.37488831867295], [-53.03531885147095, -26.375953385919907], [-53.0333662033081, -26.37887538052266]]]}}, {"type": "Feature", "properties": {"cod_imovel": "SC-4203501-3D483663F44948E8A58D8E3459A7B042", "municipio": "Campo Ere", "num_area": 2.4615, "mod_fiscal": 0.1367, "des_condic": "Aguardando analise", "ind_status": "AT", "dat_atuali": "06/10/2014"}, "geometry": {"type": "Polygon", "coordinates": [[[-53.042635917663574, -26.426750955644557], [-53.04231405258179, -26.427730938543345], [-53.04347276687622, -26.428710913111587], [-53.04394483566284, -26.42874934331706], [-53.04430961608887, -26.427654077440586], [-53.042635917663574, -26.426750955644557]]]}}, {"type": "Feature", "properties": {"cod_imovel": "SC-4203501-2DC4B458CDD64051AA055575A3590E6F", "municipio": "Campo Ere", "num_area": 22.5623, "mod_fiscal": 1.2535, "des_condic": "Aguardando analise", "ind_status": "AT", "dat_atuali": "01/05/2019"}, "geometry": {"type": "Polygon", "coordinates": [[[-53.23069095611572, -26.442890788962846], [-53.236613273620605, -26.438817615711955], [-53.23719263076782, -26.438433346651525], [-53.23358774185181, -26.435858710891228], [-53.230884075164795, -26.44035467913843], [-53.230133056640625, -26.44244889505514], [-53.23069095611572, -26.442890788962846]]]}}, {"type": "Feature", "properties": {"cod_imovel": "SC-4203501-CD9D779E72744DEDB0921E522BC4C481", "municipio": "Campo Ere", "num_area": 14.1434, "mod_fiscal": 0.7857, "des_condic": "Aguardando analise", "ind_status": "AT", "dat_atuali": "21/11/2017"}, "geometry": {"type": "Polygon", "coordinates": [[[-53.0612808027778, -26.4306086714644], [-53.0600256861111, -26.432099738131], [-53.0654344944444, -26.4357809547976], [-53.0668187944444, -26.4343937547977], [-53.0612808027778, -26.4306086714644]]]}}, {"type": "Feature", "properties": {"cod_imovel": "SC-4203501-7C06327F4B31451CA6DC795D3E312175", "municipio": "Campo Ere", "num_area": 16.4601, "mod_fiscal": 0.9145, "des_condic": "Aguardando analise", "ind_status": "AT", "dat_atuali": "08/09/2014"}, "geometry": {"type": "Polygon", "coordinates": [[[-53.0701930027778, -26.4053821492427], [-53.0771695, -26.4098187464648], [-53.0781852277778, -26.4086146686871], [-53.0719405277778, -26.4039738853538], [-53.0701930027778, -26.4053821492427]]]}}, {"type": "Feature", "properties": {"cod_imovel": "SC-4203501-FD8154599BF341DAAAA63B4E0FB2DF98", "municipio": "Campo Ere", "num_area": 12.7165, "mod_fiscal": 0.7065, "des_condic": "Aguardando analise", "ind_status": "AT", "dat_atuali": "21/08/2019"}, "geometry": {"type": "Polygon", "coordinates": [[[-53.04307189741581, -26.44069933400716], [-53.044841722417, -26.43912690521471], [-53.03977186439133, -26.43595416731643], [-53.03933272074662, -26.43718156351775], [-53.03932377450435, -26.43805882019515], [-53.04307189741581, -26.44069933400716]]]}}, {"type": "Feature", "properties": {"cod_imovel": "SC-4203501-927A451882CC4E20AA9A10B87B2FEA07", "municipio": "Campo Ere", "num_area": 6.05, "mod_fiscal": 0.3361, "des_condic": "Aguardando analise", "ind_status": "AT", "dat_atuali": "08/07/2019"}, "geometry": {"type": "Polygon", "coordinates": [[[-53.0132468944444, -26.4100017103537], [-53.00859535, -26.4122254047981], [-53.0086480861111, -26.4135156381314], [-53.01354985, -26.4109249853537], [-53.0132468944444, -26.4100017103537]]]}}, {"type": "Feature", "properties": {"cod_imovel": "SC-4203501-B224A3EBCDC54944BBDCCABFAC2FBFD5", "municipio": "Campo Ere", "num_area": 12.0957, "mod_fiscal": 0.672, "des_condic": "Aguardando analise", "ind_status": "AT", "dat_atuali": "09/03/2016"}, "geometry": {"type": "Polygon", "coordinates": [[[-53.19513559341431, -26.389697650889826], [-53.195178508758545, -26.384526923523918], [-53.19273233413696, -26.385564931976226], [-53.192903995513916, -26.38971687249272], [-53.19513559341431, -26.389697650889826]]]}}, {"type": "Feature", "properties": {"cod_imovel": "SC-4203501-897CF97EEA0E4F089F4AFFF141FD13F2", "municipio": "Campo Ere", "num_area": 23.6361, "mod_fiscal": 1.3131, "des_condic": "Aguardando analise", "ind_status": "AT", "dat_atuali": "21/12/2017"}, "geometry": {"type": "Polygon", "coordinates": [[[-53.06950354324422, -26.487179588644747], [-53.061852040084894, -26.494234849931875], [-53.06336245654532, -26.495584683992515], [-53.070795350295505, -26.488937828226394], [-53.070524945424125, -26.48870009926932], [-53.07023727748307, -26.487942266560598], [-53.06950354324422, -26.487179588644747]]]}}, {"type": "Feature", "properties": {"cod_imovel": "SC-4203501-2C974DF9678D421280B3C3D120880E74", "municipio": "Campo Ere", "num_area": 12.0668, "mod_fiscal": 0.6704, "des_condic": "Aguardando analise", "ind_status": "AT", "dat_atuali": "27/03/2018"}, "geometry": {"type": "Polygon", "coordinates": [[[-53.0972893027778, -26.4046604547982], [-53.0947557944444, -26.4077355770204], [-53.0935733583333, -26.4083919131315], [-53.0922925361111, -26.4095959575759], [-53.0982791055556, -26.4084355881315], [-53.0980367916667, -26.4078310020204], [-53.0981459555556, -26.4076084881315], [-53.0980443527778, -26.4069331714649], [-53.0977144305556, -26.4064840214649], [-53.0973201944444, -26.4053992242427], [-53.0975307333333, -26.4050323659094], [-53.0974530472222, -26.4047204853538], [-53.0972893027778, -26.4046604547982]]]}}, {"type": "Feature", "properties": {"cod_imovel": "SC-4203501-C4AA8F0D93FC4AFC9E909D90B2ED111F", "municipio": "Campo Ere", "num_area": 168.117, "mod_fiscal": 9.3398, "des_condic": "Aguardando analise", "ind_status": "AT", "dat_atuali": "27/03/2018"}, "geometry": {"type": "Polygon", "coordinates": [[[-53.18597664353749, -26.43246930437771], [-53.18493907831478, -26.4401036582837], [-53.18068744698777, -26.44040431638951], [-53.18094857196325, -26.44069897675107], [-53.18103862146201, -26.44141905808802], [-53.18133069610516, -26.44205035745642], [-53.18124993890569, -26.44300725050986], [-53.18141566641848, -26.44315138949083], [-53.18123687767146, -26.4441667241779], [-53.18148340334879, -26.44469292343816], [-53.18272948560843, -26.4455204974052], [-53.18366583399478, -26.44567034955269], [-53.18311574897422, -26.44601054575617], [-53.18214239802893, -26.44743377122849], [-53.18222628513804, -26.44833034512179], [-53.18322277368065, -26.44859388055538], [-53.18381101670091, -26.44989985812139], [-53.18368209081412, -26.45092818610196], [-53.18308217417877, -26.45155622493853], [-53.18706085387952, -26.45131479066137], [-53.18721299784282, -26.44778274269783], [-53.19329495518402, -26.4478099793498], [-53.19320444910649, -26.44668797857361], [-53.19246454000484, -26.44409364162242], [-53.19181990996175, -26.44286178508957], [-53.1901149250188, -26.44068158965309], [-53.19076611264244, -26.4401934851707], [-53.19213950148264, -26.43781044672672], [-53.19366731547171, -26.43607900751648], [-53.19455339687853, -26.43308736180999], [-53.19458711701954, -26.43225080725976], [-53.18597664353749, -26.43246930437771]]]}}, {"type": "Feature", "properties": {"cod_imovel": "SC-4203501-9618B3F9E6D14D89B2CFFDB5D1936037", "municipio": "Campo Ere", "num_area": 56.7409, "mod_fiscal": 3.1523, "des_condic": "Aguardando analise", "ind_status": "AT", "dat_atuali": "28/12/2017"}, "geometry": {"type": "Polygon", "coordinates": [[[-53.15966875611111, -26.46714706861111], [-53.1582574475, -26.46670224944444], [-53.15754307111111, -26.466262048055555], [-53.155217845, -26.464493441666665], [-53.15321860583333, -26.462510398055556], [-53.15342063222222, -26.473791090277775], [-53.159993326944445, -26.472674895], [-53.15966875611111, -26.46714706861111]]]}}, {"type": "Feature", "properties": {"cod_imovel": "SC-4203501-2A84A622F9494DE3AD1048577D0833FD", "municipio": "Campo Ere", "num_area": 399.243, "mod_fiscal": 22.1802, "des_condic": "Aguardando analise", "ind_status": "AT", "dat_atuali": "28/12/2017"}, "geometry": {"type": "Polygon", "coordinates": [[[-53.16397288555555, -26.441692780277776], [-53.148491979166664, -26.457843518055554], [-53.14941037472222, -26.458675109722222], [-53.15748511388889, -26.455401672222223], [-53.16831473027778, -26.461590156666666], [-53.163652839166666, -26.468738477777777], [-53.16538764805556, -26.47102284722222], [-53.16672464361111, -26.471784426666666], [-53.17211087499999, -26.467510213055554], [-53.18149147583333, -26.4596953125], [-53.1816901825, -26.45967765583333], [-53.18165387055555, -26.459182450277776], [-53.18136466138888, -26.458122784166665], [-53.18017383611111, -26.457680498333332], [-53.17906435138889, -26.456999323888887], [-53.17839426277777, -26.45721839333333], [-53.1779926675, -26.457633095277778], [-53.17703136861111, -26.457765895], [-53.17690706944444, -26.45750136222222], [-53.17713842444444, -26.456730411666666], [-53.1766343125, -26.455490795277775], [-53.17640607, -26.45524391111111], [-53.17437544833333, -26.454534854722223], [-53.17409050861111, -26.45414108472222], [-53.17362836472222, -26.452757945277778], [-53.174504683888884, -26.452031874166664], [-53.175466936666666, -26.45152543], [-53.17617366583333, -26.451507353055554], [-53.17682431888888, -26.450858805], [-53.176069227777774, -26.450485561111112], [-53.17384867472222, -26.450346629444443], [-53.173196068888885, -26.45015511472222], [-53.172905962777776, -26.44974697972222], [-53.17340458, -26.44877025111111], [-53.17323876222222, -26.448317264444444], [-53.171710436388885, -26.44883952138889], [-53.17036574527778, -26.448905538333335], [-53.169492246666664, -26.44848793722222], [-53.16807942305555, -26.44879720777778], [-53.16770655833333, -26.449938168333333], [-53.16701824333333, -26.45012009527778], [-53.16661471444444, -26.44966131972222], [-53.166777341666666, -26.448745485], [-53.16633448611111, -26.446661924444445], [-53.1646138475, -26.445243495833335], [-53.16440190777778, -26.44424127888889], [-53.164624563055554, -26.444170485555556], [-53.164578650555555, -26.443259255833333], [-53.1654416075, -26.443234264166666], [-53.16566837138889, -26.44302414527778], [-53.165761948055554, -26.442618750555557], [-53.16532170972222, -26.44207162611111], [-53.16397288555555, -26.441692780277776]]]}}, {"type": "Feature", "properties": {"cod_imovel": "SC-4203501-8529B408FAC44816B31B6F32C06921DA", "municipio": "Campo Ere", "num_area": 25.8, "mod_fiscal": 1.4333, "des_condic": "Aguardando analise", "ind_status": "AT", "dat_atuali": "28/12/2017"}, "geometry": {"type": "Polygon", "coordinates": [[[-53.0144824416667, -26.3866175603542], [-53.0200885055556, -26.3860030659097], [-53.0201106972222, -26.3847848520209], [-53.020342775, -26.3843745853542], [-53.0181883416667, -26.3833540603542], [-53.0159093083333, -26.3830258603542], [-53.0155911888889, -26.3827592992431], [-53.0141143416667, -26.3821751020209], [-53.0131065416667, -26.3814662020209], [-53.0126410861111, -26.3814132214654], [-53.0124502111111, -26.3820558409098], [-53.0137058055556, -26.3848285853542], [-53.0133508944444, -26.3863784131319], [-53.0144824416667, -26.3866175603542]]]}}, {"type": "Feature", "properties": {"cod_imovel": "SC-4203501-99C53C48C15D47E7A3BE1E3D905F84A6", "municipio": "Campo Ere", "num_area": 4.7251, "mod_fiscal": 0.2625, "des_condic": "Aguardando analise", "ind_status": "AT", "dat_atuali": "28/12/2017"}, "geometry": {"type": "Polygon", "coordinates": [[[-53.0250259527778, -26.3872586575764], [-53.0263751166667, -26.3904175714652], [-53.0278982166667, -26.3904254409096], [-53.02662385, -26.3877164575764], [-53.0250259527778, -26.3872586575764]]]}}, {"type": "Feature", "properties": {"cod_imovel": "SC-4203501-2FE64464C5B54F3B93CE761E17ADF913", "municipio": "Campo Ere", "num_area": 6.4512, "mod_fiscal": 0.3584, "des_condic": "Aguardando analise", "ind_status": "AT", "dat_atuali": "15/02/2016"}, "geometry": {"type": "Polygon", "coordinates": [[[-53.0127339638889, -26.4084389464648], [-53.0135499027778, -26.4109216381315], [-53.0162017916667, -26.4095348631315], [-53.0149539305556, -26.4080682714648], [-53.0130779805556, -26.4082618436871], [-53.0127339638889, -26.4084389464648]]]}}, {"type": "Feature", "properties": {"cod_imovel": "SC-4203501-C96D5033CB174677AFBE4E5F8B354368", "municipio": "Campo Ere", "num_area": 24.5986, "mod_fiscal": 1.3666, "des_condic": "Aguardando analise", "ind_status": "AT", "dat_atuali": "18/02/2016"}, "geometry": {"type": "Polygon", "coordinates": [[[-53.035125732421875, -26.439490083484056], [-53.03700838977316, -26.44019527458653], [-53.03727149963379, -26.44010490772691], [-53.03858041763306, -26.438414133164873], [-53.03905248641968, -26.43756873658014], [-53.03956747055054, -26.43587792480397], [-53.03877353668213, -26.435436004000415], [-53.03857420771951, -26.43513128245397], [-53.03858041763306, -26.43353380380475], [-53.035383224487305, -26.43345694657129], [-53.035125732421875, -26.439490083484056]]]}}, {"type": "Feature", "properties": {"cod_imovel": "SC-4203501-BD2CFF3EBA914DED9EFE5E7D60BF97D2", "municipio": "Campo Ere", "num_area": 151.1048, "mod_fiscal": 8.3947, "des_condic": "Aguardando analise", "ind_status": "AT", "dat_atuali": "13/01/2016"}, "geometry": {"type": "Polygon", "coordinates": [[[-53.1926746, -26.4593955], [-53.19299158, -26.46038038], [-53.20411358, -26.45991043], [-53.20347014, -26.4582404], [-53.20299391, -26.45584877], [-53.21129146, -26.45430876], [-53.21048521, -26.45251133], [-53.21034518, -26.4525018], [-53.20945828, -26.45031899], [-53.19574012, -26.45118143], [-53.19117346, -26.45126793], [-53.1926746, -26.4593955]]]}}, {"type": "Feature", "properties": {"cod_imovel": "SC-4203501-6F9547C0AF794767BC6490EE7DB02BD2", "municipio": "Campo Ere", "num_area": 101.4426, "mod_fiscal": 5.6357, "des_condic": "Aguardando analise", "ind_status": "AT", "dat_atuali": "27/01/2016"}, "geometry": {"type": "Polygon", "coordinates": [[[-53.09925367, -26.39720005], [-53.09279552, -26.39517674], [-53.09130531, -26.39716395], [-53.09392641, -26.39844816], [-53.09532166, -26.39951324], [-53.09682047, -26.40138939], [-53.09661486, -26.40295831], [-53.09707075, -26.40458272], [-53.09837723, -26.40756035], [-53.09939957, -26.4106636], [-53.10046452, -26.41206257], [-53.10382462, -26.41436767], [-53.10473493, -26.4157857], [-53.1060109, -26.41463918], [-53.09925367, -26.39720005]]]}}, {"type": "Feature", "properties": {"cod_imovel": "SC-4203501-64043D3D97F84A7A9C30BF9E56784B37", "municipio": "Campo Ere", "num_area": 66.5435, "mod_fiscal": 3.6969, "des_condic": "Aguardando analise", "ind_status": "AT", "dat_atuali": "27/01/2016"}, "geometry": {"type": "Polygon", "coordinates": [[[-53.12728761, -26.40472118], [-53.11999169, -26.4061015], [-53.1197939, -26.42026341], [-53.12396462, -26.4209703], [-53.12330057, -26.41125466], [-53.12424837, -26.40740896], [-53.12444846, -26.40709388], [-53.12728761, -26.40472118]]]}}, {"type": "Feature", "properties": {"cod_imovel": "SC-4203501-08F0DB3FA46243E8911C726758CB0AE1", "municipio": "Campo Ere", "num_area": 29.0, "mod_fiscal": 1.6111, "des_condic": "Aguardando analise", "ind_status": "AT", "dat_atuali": "17/02/2016"}, "geometry": {"type": "Polygon", "coordinates": [[[-53.2152258972222, -26.4380910631309], [-53.2166947916667, -26.4454283214641], [-53.2212961833333, -26.440584199242], [-53.2171534222222, -26.4369524353532], [-53.2152258972222, -26.4380910631309]]]}}, {"type": "Feature", "properties": {"cod_imovel": "SC-4203501-BC70086907E5444FBC2B99C37938695D", "municipio": "Campo Ere", "num_area": 22.0335, "mod_fiscal": 1.2241, "des_condic": "Aguardando analise", "ind_status": "AT", "dat_atuali": "08/02/2016"}, "geometry": {"type": "Polygon", "coordinates": [[[-53.0141901527778, -26.3989069520206], [-53.0143662777778, -26.4058333020204], [-53.0154219555556, -26.406242132576], [-53.0171418222222, -26.4037460853538], [-53.0171265694444, -26.3979596075762], [-53.0141901527778, -26.3989069520206]]]}}, {"type": "Feature", "properties": {"cod_imovel": "SC-4203501-361686CE81BE43A68D4349DC7B80F3CC", "municipio": "Campo Ere", "num_area": 36.0653, "mod_fiscal": 1.9927, "des_condic": "Aguardando analise", "ind_status": "AT", "dat_atuali": "08/02/2016"}, "geometry": {"type": "Polygon", "coordinates": [[[-53.0210060222222, -26.4039389409094], [-53.0205791055556, -26.4058121409093], [-53.0199711277778, -26.4069144020204], [-53.0209780083333, -26.4100690909093], [-53.0273238722222, -26.4039223047983], [-53.0266772138889, -26.403581282576], [-53.0266265472222, -26.4031544797983], [-53.0268537305556, -26.4029018186872], [-53.0263575972222, -26.4028052686872], [-53.0258765555556, -26.4024745686872], [-53.0251343444444, -26.4026232936872], [-53.0245559805556, -26.4024547631316], [-53.0240153916667, -26.4022728881316], [-53.0236357638889, -26.4018756770205], [-53.0228083027778, -26.4021660297983], [-53.0225449083333, -26.4019082297983], [-53.02244585, -26.4013619992428], [-53.0219252416667, -26.4012131575761], [-53.0212583333333, -26.4007080159094], [-53.0210060222222, -26.4039389409094]]]}}, {"type": "Feature", "properties": {"cod_imovel": "SC-4203501-F2F8119918BA4937A3144B3F4E06B2F2", "municipio": "Campo Ere", "num_area": 17.9567, "mod_fiscal": 0.9323, "des_condic": "Aguardando analise", "ind_status": "AT", "dat_atuali": "04/02/2016"}, "geometry": {"type": "Polygon", "coordinates": [[[-53.03848247921202, -26.44407699324685], [-53.04014589532119, -26.44213960455306], [-53.0369731745249, -26.44026350362546], [-53.03615390883047, -26.44007210309677], [-53.03409073825962, -26.4400900631924], [-53.03407050012759, -26.44023206778447], [-53.03486643355139, -26.44112933253945], [-53.03421680257248, -26.4421632967298], [-53.0340790603217, -26.44322007773638], [-53.03848247921202, -26.44407699324685]]]}}, {"type": "Feature", "properties": {"cod_imovel": "SC-4203501-1A54CA0B2E194A01852C797D6ACD8ED3", "municipio": "Campo Ere", "num_area": 9.7157, "mod_fiscal": 0.5398, "des_condic": "Aguardando analise", "ind_status": "AT", "dat_atuali": "08/02/2016"}, "geometry": {"type": "Polygon", "coordinates": [[[-53.019940225, -26.4004084992428], [-53.01845835, -26.4069553770204], [-53.018792625, -26.4076796464649], [-53.0197836055556, -26.4065065242427], [-53.020318425, -26.4053077270205], [-53.0206067361111, -26.4039061214649], [-53.0208416611111, -26.4005900492428], [-53.019940225, -26.4004084992428]]]}}, {"type": "Feature", "properties": {"cod_imovel": "SC-4203501-82BBA267454543A4833B08854117ABE0", "municipio": "Campo Ere", "num_area": 25.2, "mod_fiscal": 1.4, "des_condic": "Aguardando analise", "ind_status": "AT", "dat_atuali": "08/02/2016"}, "geometry": {"type": "Polygon", "coordinates": [[[-53.0143712138889, -26.3903549964652], [-53.0143326111111, -26.3962851214651], [-53.0141566916667, -26.3989072603539], [-53.0171265694444, -26.3979596075762], [-53.0171799055556, -26.3903811409096], [-53.0143712138889, -26.3903549964652]]]}}, {"type": "Feature", "properties": {"cod_imovel": "SC-4203501-591E436002C449A8A144986E188FC5A6", "municipio": "Campo Ere", "num_area": 48.5361, "mod_fiscal": 2.6965, "des_condic": "Aguardando analise", "ind_status": "AT", "dat_atuali": "17/03/2016"}, "geometry": {"type": "Polygon", "coordinates": [[[-53.21871757507324, -26.47295480496774], [-53.21687221527099, -26.46799910511445], [-53.21219444274902, -26.469689445327514], [-53.211915493011475, -26.470995600303766], [-53.21210861206054, -26.471994414693153], [-53.21202278137207, -26.472378571764978], [-53.211443424224846, -26.472532234234563], [-53.210885524749756, -26.472916389510686], [-53.21054220199585, -26.473262128162517], [-53.2107138633728, -26.473684696214917], [-53.209898471832275, -26.47418409282132], [-53.209426403045654, -26.474683487259934], [-53.20912599563598, -26.47648897214383], [-53.20961952209472, -26.47725725498923], [-53.21871757507324, -26.47295480496774]]]}}, {"type": "Feature", "properties": {"cod_imovel": "SC-4203501-9AE37BD2120E49FA84C9E7DDDAE82306", "municipio": "Campo Ere", "num_area": 4.4554, "mod_fiscal": 0.2475, "des_condic": "Aguardando analise", "ind_status": "AT", "dat_atuali": "17/08/2015"}, "geometry": {"type": "Polygon", "coordinates": [[[-53.228631019592285, -26.475374952903863], [-53.22788000106811, -26.475106050091757], [-53.22609901428223, -26.4785825308375], [-53.22781562805176, -26.47890904573109], [-53.227901458740234, -26.47779504992793], [-53.228116035461426, -26.477238047980627], [-53.22798728942871, -26.476239279114267], [-53.228631019592285, -26.475374952903863]]]}}, {"type": "Feature", "properties": {"cod_imovel": "SC-4203501-8A819ABAF0294EA9AD2740C49512EAE9", "municipio": "Campo Ere", "num_area": 89.9, "mod_fiscal": 4.9944, "des_condic": "Aguardando analise", "ind_status": "AT", "dat_atuali": "20/12/2017"}, "geometry": {"type": "Polygon", "coordinates": [[[-53.11295014638889, -26.44568974611111], [-53.113293616111115, -26.445776004166667], [-53.113653830833336, -26.446109404444446], [-53.11358303972222, -26.44627932], [-53.11382572638889, -26.446754264722223], [-53.11442802472222, -26.447048257777777], [-53.11475260666667, -26.447499848611113], [-53.11552239861111, -26.447988935277778], [-53.11556934777778, -26.448508716944445], [-53.11633150888889, -26.448828321666667], [-53.116539083611116, -26.4487825825], [-53.11676175694444, -26.44918141666667], [-53.117403251666666, -26.44938075972222], [-53.11762540416667, -26.449746512222223], [-53.1179253425, -26.449797644444445], [-53.118073012222226, -26.450021635], [-53.11837277888889, -26.450073752777776], [-53.11872870888889, -26.449913568055557], [-53.11898640722222, -26.450231469722222], [-53.12625613083333, -26.444060622777776], [-53.12235495444445, -26.442433946944444], [-53.12163657222222, -26.44134178722222], [-53.12108553555556, -26.440870767222222], [-53.11990757361111, -26.43881189861111], [-53.11889600055556, -26.437976075277778], [-53.11533531194445, -26.441849990555557], [-53.11295246, -26.444970554166666], [-53.11295014638889, -26.44568974611111]]]}}, {"type": "Feature", "properties": {"cod_imovel": "SC-4203501-9D9550D66685487D93DA9A1C19E68DD4", "municipio": "Campo Ere", "num_area": 10.2131, "mod_fiscal": 0.5674, "des_condic": "Aguardando analise", "ind_status": "AT", "dat_atuali": "20/12/2017"}, "geometry": {"type": "Polygon", "coordinates": [[[-53.072461971111, -26.471569691389], [-53.072177847778, -26.473452638333], [-53.071493839444, -26.474733743333], [-53.071757847222, -26.475402325278], [-53.07697641194401, -26.472049683611], [-53.07605444944401, -26.471137196111], [-53.074397236944, -26.472282284444], [-53.072461971111, -26.471569691389]]]}}, {"type": "Feature", "properties": {"cod_imovel": "SC-4203501-310132850B1B4F11B88C0E7B6550E277", "municipio": "Campo Ere", "num_area": 20.8475, "mod_fiscal": 1.1582, "des_condic": "Aguardando analise", "ind_status": "AT", "dat_atuali": "21/12/2017"}, "geometry": {"type": "Polygon", "coordinates": [[[-53.07141558738256, -26.48968525045802], [-53.070795350099836, -26.488937828197987], [-53.063362456729074, -26.49558468424908], [-53.064852394294675, -26.49691616842955], [-53.06631093191652, -26.49531121529748], [-53.07167506406591, -26.491139184716207], [-53.07133934566692, -26.490648681021735], [-53.07136331193319, -26.49003791791057], [-53.07123949075773, -26.48993514699231], [-53.07126083038291, -26.48972196788372], [-53.07141558738256, -26.48968525045802]]]}}, {"type": "Feature", "properties": {"cod_imovel": "SC-4203501-22B47C9F38204405B95B505B778B44EE", "municipio": "Campo Ere", "num_area": 6.9179, "mod_fiscal": 0.3843, "des_condic": "Aguardando analise", "ind_status": "AT", "dat_atuali": "21/12/2017"}, "geometry": {"type": "Polygon", "coordinates": [[[-53.19324731826782, -26.40111471943277], [-53.19348335266113, -26.401537552138283], [-53.19429874420166, -26.401902724591856], [-53.1952428817749, -26.402729163246665], [-53.19629430770874, -26.40320964811607], [-53.198161125183105, -26.403517157382623], [-53.197388648986816, -26.401326135979172], [-53.19324731826782, -26.40111471943277]]]}}, {"type": "Feature", "properties": {"cod_imovel": "SC-4203501-FBDEAEEE72284B928ED852A11D4681A3", "municipio": "Campo Ere", "num_area": 2.9056, "mod_fiscal": 0.1614, "des_condic": "Aguardando analise", "ind_status": "AT", "dat_atuali": "15/08/2014"}, "geometry": {"type": "Polygon", "coordinates": [[[-53.042099475860596, -26.424329785710658], [-53.04074764251709, -26.425617239545215], [-53.042335510253906, -26.42630899984701], [-53.043344020843506, -26.425117632301472], [-53.042099475860596, -26.424329785710658]]]}}, {"type": "Feature", "properties": {"cod_imovel": "SC-4203501-C28C34B6149A458A9E27572895BD3170", "municipio": "Campo Ere", "num_area": 142.1904, "mod_fiscal": 7.8995, "des_condic": "Aguardando analise", "ind_status": "AT", "dat_atuali": "31/10/2017"}, "geometry": {"type": "Polygon", "coordinates": [[[-53.1718594546388, -26.4883671388065], [-53.1626655417711, -26.5042457853722], [-53.1631676919834, -26.5048498115674], [-53.1643727460491, -26.50495156495], [-53.1666696412816, -26.506427804742], [-53.1666319431292, -26.5068537359503], [-53.1654252764385, -26.5070756110138], [-53.1651247967394, -26.5073686230421], [-53.1660344520411, -26.5088528231732], [-53.1784220528026, -26.4944967473285], [-53.1718594546388, -26.4883671388065]]]}}, {"type": "Feature", "properties": {"cod_imovel": "SC-4203501-2EC8F7DFF59B49A28F175A494F9C1C80", "municipio": "Campo Ere", "num_area": 14.3447, "mod_fiscal": 0.7969, "des_condic": "Aguardando analise", "ind_status": "AT", "dat_atuali": "26/12/2017"}, "geometry": {"type": "Polygon", "coordinates": [[[-53.09645175933838, -26.505737718903184], [-53.09788942337036, -26.504758400019853], [-53.09602260589599, -26.502358073336865], [-53.093318939208984, -26.499688851184285], [-53.09175252914428, -26.5007258225507], [-53.09645175933838, -26.505737718903184]]]}}, {"type": "Feature", "properties": {"cod_imovel": "SC-4203501-7E2EA315918A4622AF53D19FD4DD31A5", "municipio": "Campo Ere", "num_area": 5.8325, "mod_fiscal": 0.324, "des_condic": "Aguardando analise", "ind_status": "AT", "dat_atuali": "06/10/2014"}, "geometry": {"type": "Polygon", "coordinates": [[[-53.042593002319336, -26.426520370222434], [-53.04448127746582, -26.427538785690356], [-53.04651591214447, -26.42759750260968], [-53.04621934890747, -26.427000755998083], [-53.04626225184428, -26.42666952534416], [-53.0435008409051, -26.42508255027529], [-53.042593002319336, -26.426520370222434]]]}}, {"type": "Feature", "properties": {"cod_imovel": "SC-4203501-77CDF643B31D4C90AEF81B8FFBA0AE3A", "municipio": "Campo Ere", "num_area": 7.9676, "mod_fiscal": 0.4426, "des_condic": "Aguardando analise", "ind_status": "AT", "dat_atuali": "14/10/2014"}, "geometry": {"type": "Polygon", "coordinates": [[[-53.05568218231201, -26.4068612677464], [-53.058085441589355, -26.40839875723049], [-53.05950164794921, -26.40586188859565], [-53.0579137802124, -26.404670309834465], [-53.05568218231201, -26.4068612677464]]]}}, {"type": "Feature", "properties": {"cod_imovel": "SC-4203501-7DB3BD72A3634B7D8FF54306938B9AAB", "municipio": "Campo Ere", "num_area": 16.6966, "mod_fiscal": 0.9276, "des_condic": "Aguardando analise", "ind_status": "AT", "dat_atuali": "01/10/2014"}, "geometry": {"type": "Polygon", "coordinates": [[[-53.079328536987305, -26.494619078700474], [-53.07771921157837, -26.493697277859244], [-53.07443618774414, -26.49715399289655], [-53.07558676261474, -26.49895605500685], [-53.07692527770996, -26.499957696511107], [-53.079328536987305, -26.494619078700474]]]}}, {"type": "Feature", "properties": {"cod_imovel": "SC-4203501-997D39CB607F4C4E92A716FB434FFB23", "municipio": "Campo Ere", "num_area": 12.1457, "mod_fiscal": 0.6283, "des_condic": "Aguardando analise", "ind_status": "AT", "dat_atuali": "25/09/2014"}, "geometry": {"type": "Polygon", "coordinates": [[[-53.03845167160034, -26.4441780354683], [-53.0424427986145, -26.446252969704467], [-53.04394483566284, -26.444120397872673], [-53.04016828536987, -26.442275979586398], [-53.03845167160034, -26.4441780354683]]]}}, {"type": "Feature", "properties": {"cod_imovel": "SC-4203501-6B831F29005446EA88E0EFD92E81EE63", "municipio": "Campo Ere", "num_area": 35.1003, "mod_fiscal": 1.95, "des_condic": "Aguardando analise", "ind_status": "AT", "dat_atuali": "28/12/2017"}, "geometry": {"type": "Polygon", "coordinates": [[[-53.09994511944445, -26.391914259444444], [-53.098471760833334, -26.394304371388888], [-53.09806314916667, -26.394230614166666], [-53.09775640916667, -26.396558514444443], [-53.10082169305556, -26.39749601861111], [-53.10064380194444, -26.382156692777777], [-53.09969367027778, -26.381506834722224], [-53.097738390833335, -26.3924512525], [-53.09904041083333, -26.391921191944444], [-53.09994511944445, -26.391914259444444]]]}}, {"type": "Feature", "properties": {"cod_imovel": "SC-4203501-5ED4E03636874E5DBBAC87F0A9AEAC12", "municipio": "Campo Ere", "num_area": 208.1959, "mod_fiscal": 11.5664, "des_condic": "Aguardando analise", "ind_status": "AT", "dat_atuali": "28/12/2017"}, "geometry": {"type": "Polygon", "coordinates": [[[-53.16397288555555, -26.441692780277776], [-53.163935527777774, -26.441195956666668], [-53.16327352388889, -26.441157876944445], [-53.163058667777776, -26.440921415555557], [-53.1624642225, -26.441199190833334], [-53.16161796777778, -26.44217175861111], [-53.160492043055555, -26.44273410527778], [-53.15971851416666, -26.4429309125], [-53.157666445, -26.442695129444445], [-53.157410838055554, -26.442498805833335], [-53.15731084527778, -26.44164678222222], [-53.157635524166665, -26.44050332277778], [-53.15753362611111, -26.440189242777777], [-53.15617019277778, -26.441182405555555], [-53.15520069972222, -26.441488916111112], [-53.15441119, -26.441495138055554], [-53.15374180333333, -26.44049970777778], [-53.15302437888889, -26.439907170833333], [-53.1521649125, -26.440561287222224], [-53.15101002111111, -26.44072119138889], [-53.15058334194444, -26.440106574166666], [-53.15083453305555, -26.438635797222222], [-53.15075263083333, -26.438269062777778], [-53.14893294, -26.438443558055557], [-53.148647116666666, -26.437168588888888], [-53.14827816555555, -26.436908246944444], [-53.147857136944445, -26.436975046944443], [-53.14337348611111, -26.44978723638889], [-53.14536118555556, -26.450163179444445], [-53.14610497638889, -26.450786314444443], [-53.14641933861111, -26.451815094444445], [-53.14637800333333, -26.45534367111111], [-53.146565754444445, -26.455919109444444], [-53.147122993055554, -26.456645222777777], [-53.148491979166664, -26.457843518055554], [-53.16397288555555, -26.441692780277776]]]}}, {"type": "Feature", "properties": {"cod_imovel": "SC-4203501-83CBB883ED964E8489C6EE9535F65873", "municipio": "Campo Ere", "num_area": 22.3013, "mod_fiscal": 1.239, "des_condic": "Aguardando analise", "ind_status": "AT", "dat_atuali": "28/12/2017"}, "geometry": {"type": "Polygon", "coordinates": [[[-53.0201106972222, -26.3847848520209], [-53.0200885055556, -26.3860030659097], [-53.0144824416667, -26.3866175603542], [-53.01442215, -26.3871555909097], [-53.0212432444444, -26.3870791603542], [-53.0250259527778, -26.3872586575764], [-53.02662385, -26.3877164575764], [-53.0278982166667, -26.3904254409096], [-53.0290710305556, -26.3904314853541], [-53.0294398861111, -26.3883078881319], [-53.020342775, -26.3843745853542], [-53.0201106972222, -26.3847848520209]]]}}, {"type": "Feature", "properties": {"cod_imovel": "SC-4203501-86DDE462ACA24CB38540BEFBEEF104AC", "municipio": "Campo Ere", "num_area": 36.0726, "mod_fiscal": 2.004, "des_condic": "Aguardando analise", "ind_status": "AT", "dat_atuali": "19/04/2016"}, "geometry": {"type": "Polygon", "coordinates": [[[-53.005385398864746, -26.40159521102355], [-53.00448417663574, -26.397443697659607], [-53.0002254101711, -26.39797769171534], [-52.99886607987516, -26.39892764303241], [-53.00015211672982, -26.40118312511961], [-53.00276756286621, -26.401902724591856], [-53.00409793853759, -26.406822830246792], [-53.00598621368408, -26.406938142707165], [-53.005385398864746, -26.40159521102355]]]}}, {"type": "Feature", "properties": {"cod_imovel": "SC-4203501-94AFC0C1E9174CA196322062702F974F", "municipio": "Campo Ere", "num_area": 19.7558, "mod_fiscal": 1.0975, "des_condic": "Aguardando analise", "ind_status": "AT", "dat_atuali": "28/12/2017"}, "geometry": {"type": "Polygon", "coordinates": [[[-53.01442215, -26.3871555909097], [-53.0143712138889, -26.3903549964652], [-53.02034805, -26.3903862770208], [-53.0198530388889, -26.3898176797985], [-53.0199430666667, -26.3870937575764], [-53.01442215, -26.3871555909097]]]}}, {"type": "Feature", "properties": {"cod_imovel": "SC-4203501-F9DA1C6B6D834A9AA6D863E5DB7254EB", "municipio": "Campo Ere", "num_area": 7.2183, "mod_fiscal": 0.401, "des_condic": "Aguardando analise", "ind_status": "AT", "dat_atuali": "08/10/2014"}, "geometry": {"type": "Polygon", "coordinates": [[[-53.065574169158936, -26.40286369921174], [-53.06349277496338, -26.404285926964185], [-53.06572437286377, -26.406169390794695], [-53.06638956069946, -26.40595798312088], [-53.06738504179243, -26.40519383176238], [-53.065574169158936, -26.40286369921174]]]}}, {"type": "Feature", "properties": {"cod_imovel": "SC-4203501-CE9DFE3033CC43D2AAD964813D6B4777", "municipio": "Campo Ere", "num_area": 17.3528, "mod_fiscal": 0.964, "des_condic": "Aguardando analise", "ind_status": "AT", "dat_atuali": "01/10/2014"}, "geometry": {"type": "Polygon", "coordinates": [[[-53.003990650177, -26.41493285896292], [-53.00407648086548, -26.413472327163877], [-52.99470873276979, -26.41195699981432], [-52.99448490142822, -26.41224239130561], [-52.99407720565795, -26.41356841535053], [-53.003990650177, -26.41493285896292]]]}}, {"type": "Feature", "properties": {"cod_imovel": "SC-4203501-F687C68B3E98469A8E6AD918A90F68F8", "municipio": "Campo Ere", "num_area": 100.0016, "mod_fiscal": 5.5503, "des_condic": "Aguardando analise", "ind_status": "AT", "dat_atuali": "16/12/2015"}, "geometry": {"type": "Polygon", "coordinates": [[[-53.06348134454834, -26.39218546243354], [-53.06326828658595, -26.39051494323829], [-53.06610909348364, -26.38990705165277], [-53.06474204379077, -26.38503328825102], [-53.06440437614898, -26.38488015722576], [-53.06390109661519, -26.3851631942851], [-53.06452734725922, -26.3873865289386], [-53.06274892330482, -26.38773509207225], [-53.06147967016546, -26.38406659421814], [-53.06052060467022, -26.38350316172384], [-53.05989785645972, -26.38365766998963], [-53.05920888019374, -26.38455417553205], [-53.05784372723567, -26.38334954822997], [-53.055546892334, -26.38416645558773], [-53.05510995681556, -26.38298136818083], [-53.05361606213025, -26.382234940246], [-53.05370327122785, -26.38303259412906], [-53.05348706580853, -26.38383344614936], [-53.0537862466781, -26.38513735426737], [-53.05300804152434, -26.39245333325802], [-53.05343539588203, -26.39258214196657], [-53.0532962486467, -26.39347128572666], [-53.05538433238596, -26.39411877638103], [-53.06149021711882, -26.39032866927928], [-53.06348134454834, -26.39218546243354]]]}}, {"type": "Feature", "properties": {"cod_imovel": "SC-4203501-DAF79B75C1CF4B05B1BD84AF9456C6CD", "municipio": "Campo Ere", "num_area": 11.1863, "mod_fiscal": 0.6215, "des_condic": "Aguardando analise", "ind_status": "AT", "dat_atuali": "15/10/2014"}, "geometry": {"type": "Polygon", "coordinates": [[[-53.081324100494385, -26.490317278198678], [-53.077826499938965, -26.493601256513156], [-53.07937145233154, -26.494619078700474], [-53.08310508728027, -26.492545016412496], [-53.082075119018555, -26.49146956197493], [-53.081324100494385, -26.490317278198678]]]}}, {"type": "Feature", "properties": {"cod_imovel": "SC-4203501-692304B342B64346ABC6BF2FB13B047A", "municipio": "Campo Ere", "num_area": 9.6516, "mod_fiscal": 0.5362, "des_condic": "Aguardando analise", "ind_status": "AT", "dat_atuali": "29/10/2014"}, "geometry": {"type": "Polygon", "coordinates": [[[-53.037850856781006, -26.428249749646618], [-53.03598403930664, -26.428115243288488], [-53.035125732421875, -26.432688371417836], [-53.03699254989623, -26.432880515686687], [-53.037850856781006, -26.428249749646618]]]}}, {"type": "Feature", "properties": {"cod_imovel": "SC-4203501-38785D81A53E425F8747771AD306ED2F", "municipio": "Campo Ere", "num_area": 35.0206, "mod_fiscal": 1.9585, "des_condic": "Aguardando analise", "ind_status": "AT", "dat_atuali": "31/10/2014"}, "geometry": {"type": "Polygon", "coordinates": [[[-53.2465354944444, -26.4436336075752], [-53.2462578027778, -26.4434929214641], [-53.2459486166667, -26.4435709575753], [-53.2445807194444, -26.4452128520197], [-53.2440433972222, -26.4453351270197], [-53.2435140777778, -26.4447406186863], [-53.24026107788086, -26.449826379939935], [-53.2366976416667, -26.4549042297972], [-53.240132331848145, -26.456531027911435], [-53.2436251305556, -26.4554453853528], [-53.2401373833333, -26.4528655575751], [-53.2465354944444, -26.4436336075752]]]}}, {"type": "Feature", "properties": {"cod_imovel": "SC-4203501-0D630DB867E6444ABF3F185027BCC31F", "municipio": "Campo Ere", "num_area": 7.2311, "mod_fiscal": 0.4017, "des_condic": "Aguardando analise", "ind_status": "AT", "dat_atuali": "30/10/2014"}, "geometry": {"type": "Polygon", "coordinates": [[[-53.02982568740845, -26.42350350179505], [-53.03019051034322, -26.42334196523353], [-53.03034067153931, -26.423445853859032], [-53.03042233013865, -26.42394229964249], [-53.03096294403076, -26.42442586485143], [-53.034181594848626, -26.421255210933648], [-53.03287267684936, -26.420352039015118], [-53.02982568740845, -26.42350350179505]]]}}, {"type": "Feature", "properties": {"cod_imovel": "SC-4203501-C2D713F6F5EF4BFAA92036CEE903811E", "municipio": "Campo Ere", "num_area": 16.5308, "mod_fiscal": 0.9184, "des_condic": "Aguardando analise", "ind_status": "AT", "dat_atuali": "20/11/2014"}, "geometry": {"type": "Polygon", "coordinates": [[[-53.0619173895725, -26.4278819341015], [-53.0638121543363, -26.42562164492711], [-53.06023416537637, -26.42304345425266], [-53.05730253735935, -26.42467696747121], [-53.0619173895725, -26.4278819341015]]]}}, {"type": "Feature", "properties": {"cod_imovel": "SC-4203501-60F22492C87E4F579CC55EBAD93E5C7C", "municipio": "Campo Ere", "num_area": 6.9043, "mod_fiscal": 0.3836, "des_condic": "Aguardando analise", "ind_status": "AT", "dat_atuali": "20/11/2014"}, "geometry": {"type": "Polygon", "coordinates": [[[-53.06381576102417, -26.42561811627293], [-53.0648398859258, -26.42445830118949], [-53.06164080986904, -26.42227978136518], [-53.06018829345703, -26.423061533549042], [-53.06381576102417, -26.42561811627293]]]}}, {"type": "Feature", "properties": {"cod_imovel": "SC-4203501-D5C956EE76BE45CCBE6DD7139358B5B3", "municipio": "Campo Ere", "num_area": 12.1142, "mod_fiscal": 0.673, "des_condic": "Aguardando analise", "ind_status": "AT", "dat_atuali": "01/12/2014"}, "geometry": {"type": "Polygon", "coordinates": [[[-53.05471658706665, -26.402171798291995], [-53.05424451828002, -26.404420461114423], [-53.05476201252463, -26.40543048409569], [-53.053429126739495, -26.407111111181646], [-53.05442971335105, -26.40798982230612], [-53.05773553903063, -26.40460551048142], [-53.05471658706665, -26.402171798291995]]]}}, {"type": "Feature", "properties": {"cod_imovel": "SC-4203501-E1990271D9894B65A137C66C389FE61F", "municipio": "Campo Ere", "num_area": 13.0425, "mod_fiscal": 0.7246, "des_condic": "Aguardando analise", "ind_status": "AT", "dat_atuali": "04/05/2015"}, "geometry": {"type": "Polygon", "coordinates": [[[-53.21650743484497, -26.482097318918484], [-53.21410417556763, -26.48515106397923], [-53.21655035018921, -26.486725919674342], [-53.21918964385986, -26.483633804556618], [-53.21650743484497, -26.482097318918484]]]}}, {"type": "Feature", "properties": {"cod_imovel": "SC-4203501-104656102FA84EA3B5A42E0C1C153E7F", "municipio": "Campo Ere", "num_area": 8.4782, "mod_fiscal": 0.471, "des_condic": "Aguardando analise", "ind_status": "AT", "dat_atuali": "17/12/2014"}, "geometry": {"type": "Polygon", "coordinates": [[[-53.042850494384766, -26.44231440526854], [-53.04349422454834, -26.44095028570395], [-53.03920269012451, -26.438049076309614], [-53.03890622201581, -26.43868635218668], [-53.03828001022339, -26.43914424340572], [-53.042850494384766, -26.44231440526854]]]}}, {"type": "Feature", "properties": {"cod_imovel": "SC-4203501-B7EE7FC5B5444E1382C7BC3BD4E527E1", "municipio": "Campo Ere", "num_area": 7.415, "mod_fiscal": 0.4119, "des_condic": "Aguardando analise", "ind_status": "AT", "dat_atuali": "10/12/2014"}, "geometry": {"type": "Polygon", "coordinates": [[[-53.19099426269531, -26.475739891429253], [-53.18855093692586, -26.47319842724053], [-53.18743993863104, -26.47277538401889], [-53.18725502019233, -26.47294210650251], [-53.1871259007523, -26.47376214729362], [-53.18727197116687, -26.47432949189676], [-53.18750712931263, -26.47502430390028], [-53.18821765221046, -26.47578739244771], [-53.18881996764662, -26.47600072232963], [-53.18938998152178, -26.47600252511266], [-53.19099426269531, -26.475739891429253]]]}}, {"type": "Feature", "properties": {"cod_imovel": "SC-4203501-246A1F7450DA49B89504529A2806C558", "municipio": "Campo Ere", "num_area": 5.9779, "mod_fiscal": 0.3321, "des_condic": "Aguardando analise", "ind_status": "AT", "dat_atuali": "10/12/2014"}, "geometry": {"type": "Polygon", "coordinates": [[[-53.18981465278509, -26.47443019697341], [-53.191530704498284, -26.47608562159594], [-53.192410469055176, -26.47721884096882], [-53.19279670715332, -26.477238047980627], [-53.193418979644775, -26.47677707881216], [-53.19180060301265, -26.47378610296612], [-53.18981465278509, -26.47443019697341]]]}}, {"type": "Feature", "properties": {"cod_imovel": "SC-4203501-B3F5DFE0F7F0434893E761FAB518429B", "municipio": "Campo Ere", "num_area": 24.8334, "mod_fiscal": 1.3796, "des_condic": "Aguardando analise", "ind_status": "AT", "dat_atuali": "12/12/2014"}, "geometry": {"type": "Polygon", "coordinates": [[[-53.0045485496521, -26.4068612677464], [-53.00398570119314, -26.40682544940882], [-53.00377980422904, -26.40664275379678], [-53.00250109308493, -26.40710318111049], [-53.00166643730539, -26.40722655882236], [-53.00088304253369, -26.40713075072231], [-53.00042769227395, -26.40720642518638], [-52.99986498026774, -26.40754343485505], [-52.99845657453146, -26.40773286621954], [-52.99746751785278, -26.407533921916574], [-52.99703836441039, -26.410051535575775], [-53.00422668457031, -26.410743389248392], [-53.0045485496521, -26.4068612677464]]]}}, {"type": "Feature", "properties": {"cod_imovel": "SC-4203501-8ADEA666479D4C4886148884844A4EE8", "municipio": "Campo Ere", "num_area": 24.5993, "mod_fiscal": 1.3666, "des_condic": "Aguardando analise", "ind_status": "AT", "dat_atuali": "29/12/2014"}, "geometry": {"type": "Polygon", "coordinates": [[[-53.23211138315406, -26.47677843852619], [-53.23476995765811, -26.4780459286586], [-53.23574072501791, -26.47675307161041], [-53.23076135718416, -26.47208539839593], [-53.23004662980799, -26.47425467165645], [-53.22921284580907, -26.47410006389285], [-53.22809209769731, -26.47883232343051], [-53.22952932242467, -26.47909726744634], [-53.23004001038015, -26.47818628090413], [-53.23005320868004, -26.47707730900941], [-53.23029150267404, -26.47665067688677], [-53.23011061863449, -26.47605320288897], [-53.23025013483368, -26.47552517357538], [-53.23211138315406, -26.47677843852619]]]}}, {"type": "Feature", "properties": {"cod_imovel": "SC-4203501-F323F69ECC214B03B704A991BF47E2D4", "municipio": "Campo Ere", "num_area": 12.132, "mod_fiscal": 0.674, "des_condic": "Aguardando analise", "ind_status": "AT", "dat_atuali": "27/01/2015"}, "geometry": {"type": "Polygon", "coordinates": [[[-53.18826226952718, -26.48677102873129], [-53.18462133407593, -26.49070137407402], [-53.18608045578003, -26.49183444942966], [-53.19010244552658, -26.48804504970424], [-53.18826226952718, -26.48677102873129]]]}}, {"type": "Feature", "properties": {"cod_imovel": "SC-4203501-7AFE647D89FF4EB4A8ABD76C6D356F99", "municipio": "Campo Ere", "num_area": 46.9049, "mod_fiscal": 2.6058, "des_condic": "Aguardando analise", "ind_status": "AT", "dat_atuali": "19/02/2015"}, "geometry": {"type": "Polygon", "coordinates": [[[-53.003883361816406, -26.375222875722628], [-53.000450134277344, -26.373454252961036], [-52.99976348876953, -26.372493033584657], [-52.99946308135986, -26.37253148251323], [-52.999205589294434, -26.373069766169948], [-52.99937725067139, -26.373146663630507], [-52.999205589294434, -26.373223561039893], [-52.99881935119629, -26.374838394816383], [-52.99731731414795, -26.376260967779135], [-52.99723148345947, -26.377183708443983], [-52.996888160705566, -26.377798864793082], [-52.9963731765747, -26.378106441739384], [-52.99585819244385, -26.378952274119506], [-52.9951286315918, -26.379721207273075], [-52.99499988555908, -26.380951489673308], [-52.994742393493645, -26.381259058226114], [-52.99504280090332, -26.38133595023636], [-52.995214462280266, -26.38106682797658], [-52.99551486968994, -26.38106682797658], [-52.9965877532959, -26.38141284219542], [-52.99770355224609, -26.381528180038046], [-52.99924850463867, -26.38141284219542], [-52.99997806549072, -26.38156662596], [-52.999935150146484, -26.381720409519843], [-53.00014972686767, -26.38179730122299], [-53.003883361816406, -26.375222875722628]]]}}, {"type": "Feature", "properties": {"cod_imovel": "SC-4203501-54ACB28BC4214FFA9B41723B4ED776D6", "municipio": "Campo Ere", "num_area": 33.6202, "mod_fiscal": 1.8678, "des_condic": "Aguardando analise", "ind_status": "AT", "dat_atuali": "27/01/2015"}, "geometry": {"type": "Polygon", "coordinates": [[[-53.19020265228837, -26.48801167921786], [-53.18609289401262, -26.491916683063], [-53.18767756547224, -26.49329146564158], [-53.19478712392309, -26.48712859407935], [-53.19095466550866, -26.48384409902608], [-53.18837642669678, -26.486706714246996], [-53.19020265228837, -26.48801167921786]]]}}, {"type": "Feature", "properties": {"cod_imovel": "SC-4203501-6C354E51F6E645879AF64DB50A54E872", "municipio": "Campo Ere", "num_area": 21.7056, "mod_fiscal": 1.2059, "des_condic": "Aguardando analise", "ind_status": "AT", "dat_atuali": "27/01/2015"}, "geometry": {"type": "Polygon", "coordinates": [[[-53.18412780761719, -26.49114308274425], [-53.18065166473389, -26.49502236424397], [-53.1827974319458, -26.49740364051293], [-53.187196254730225, -26.49375489062839], [-53.18412780761719, -26.49114308274425]]]}}, {"type": "Feature", "properties": {"cod_imovel": "SC-4203501-028EEE28E00C4B659539246F91C86E02", "municipio": "Campo Ere", "num_area": 10.3294, "mod_fiscal": 0.5739, "des_condic": "Aguardando analise", "ind_status": "AT", "dat_atuali": "21/01/2015"}, "geometry": {"type": "Polygon", "coordinates": [[[-53.00806760787964, -26.404804843536574], [-53.00867775561792, -26.41344283640517], [-53.00976276397705, -26.412838143124564], [-53.009140491485596, -26.404612652485554], [-53.00806760787964, -26.404804843536574]]]}}, {"type": "Feature", "properties": {"cod_imovel": "SC-4203501-ABBD648984C34A4B92B758E6EA54730D", "municipio": "Campo Ere", "num_area": 5.7705, "mod_fiscal": 0.3206, "des_condic": "Aguardando analise", "ind_status": "AT", "dat_atuali": "27/01/2015"}, "geometry": {"type": "Polygon", "coordinates": [[[-53.17005201456129, -26.47891828964707], [-53.17056655883789, -26.479773345387184], [-53.17335605621338, -26.477122805861693], [-53.17015886306762, -26.476757871723393], [-53.1702199221446, -26.47815230260568], [-53.17005201456129, -26.47891828964707]]]}}, {"type": "Feature", "properties": {"cod_imovel": "SC-4203501-1F85B966A14F437283CCBBBF80C2EF94", "municipio": "Campo Ere", "num_area": 48.0312, "mod_fiscal": 2.6684, "des_condic": "Aguardando analise", "ind_status": "AT", "dat_atuali": "22/01/2015"}, "geometry": {"type": "Polygon", "coordinates": [[[-53.06679725646973, -26.414241030415948], [-53.07134628295898, -26.40889843690162], [-53.06671142578125, -26.405823450763155], [-53.065767288208, -26.406092515321756], [-53.06550979614258, -26.406669080120395], [-53.065123558044434, -26.407015017616725], [-53.0634069442749, -26.40770688949794], [-53.06293487548828, -26.40816813511394], [-53.063106536865234, -26.408744689540992], [-53.06362152099609, -26.409167494289736], [-53.062334060668945, -26.409628734066732], [-53.06181907653808, -26.410089971999767], [-53.061861991882324, -26.41085869779046], [-53.06679725646973, -26.414241030415948]]]}}, {"type": "Feature", "properties": {"cod_imovel": "SC-4203501-3A3097E73FD6432190B033D2370BFA43", "municipio": "Campo Ere", "num_area": 8.5021, "mod_fiscal": 0.4723, "des_condic": "Aguardando analise", "ind_status": "AT", "dat_atuali": "27/01/2015"}, "geometry": {"type": "Polygon", "coordinates": [[[-53.16801309585571, -26.477103598830638], [-53.17011594772339, -26.476738664631412], [-53.17357063293457, -26.476911528343777], [-53.17505121231079, -26.475317330925623], [-53.16775560379028, -26.47597037832249], [-53.16801309585571, -26.477103598830638]]]}}, {"type": "Feature", "properties": {"cod_imovel": "SC-4203501-10FAC170687449CD88D7593B33E67D6F", "municipio": "Campo Ere", "num_area": 5.7003, "mod_fiscal": 0.3167, "des_condic": "Aguardando analise", "ind_status": "AT", "dat_atuali": "27/01/2015"}, "geometry": {"type": "Polygon", "coordinates": [[[-53.169708251953125, -26.480733670721204], [-53.17060947418213, -26.479869378281393], [-53.17000883190699, -26.47892098998813], [-53.17023880318751, -26.47774893700499], [-53.17015886306762, -26.47719963395381], [-53.16749811172485, -26.47915873296549], [-53.169708251953125, -26.480733670721204]]]}}, {"type": "Feature", "properties": {"cod_imovel": "SC-4203501-8A76A22E29E24BCA80A47B773192546A", "municipio": "Campo Ere", "num_area": 13.4829, "mod_fiscal": 0.7491, "des_condic": "Aguardando analise", "ind_status": "AT", "dat_atuali": "04/02/2015"}, "geometry": {"type": "Polygon", "coordinates": [[[-52.99979865773803, -26.40084791131021], [-52.99873209174105, -26.39871620416957], [-52.99755334854126, -26.39923117310727], [-53.00182342529297, -26.40720720466654], [-53.00329912665722, -26.40673647593253], [-52.99979865773803, -26.40084791131021]]]}}, {"type": "Feature", "properties": {"cod_imovel": "SC-4203501-9FCD0CDA5DC7400BA313BDC03734A4FD", "municipio": "Campo Ere", "num_area": 4.8509, "mod_fiscal": 0.2695, "des_condic": "Aguardando analise", "ind_status": "AT", "dat_atuali": "18/02/2015"}, "geometry": {"type": "Polygon", "coordinates": [[[-53.01484121780599, -26.40795789162592], [-53.01309985131169, -26.4057615095266], [-53.01178356408271, -26.40568068728788], [-53.01265619838194, -26.40833019543813], [-53.01484121780599, -26.40795789162592]]]}}, {"type": "Feature", "properties": {"cod_imovel": "SC-4203501-8E744DD3E2994F93AF953FD33F40D1C9", "municipio": "Campo Ere", "num_area": 2.4195, "mod_fiscal": 0.1344, "des_condic": "Aguardando analise", "ind_status": "AT", "dat_atuali": "04/02/2015"}, "geometry": {"type": "Polygon", "coordinates": [[[-53.1842356213099, -26.49107426425563], [-53.18715093458967, -26.49368145755125], [-53.18762540817261, -26.49333239631743], [-53.18459968767507, -26.49069003623549], [-53.1842356213099, -26.49107426425563]]]}}, {"type": "Feature", "properties": {"cod_imovel": "SC-4203501-4460139FD92F4128932587C11F67B848", "municipio": "Campo Ere", "num_area": 33.4382, "mod_fiscal": 1.8577, "des_condic": "Aguardando analise", "ind_status": "AT", "dat_atuali": "09/12/2016"}, "geometry": {"type": "Polygon", "coordinates": [[[-53.19967945608202, -26.46822319472141], [-53.1999529311291, -26.46722935065503], [-53.19969454494625, -26.46698057733951], [-53.19956277534658, -26.46651494990176], [-53.19929852868095, -26.46643361919109], [-53.19897447052116, -26.46496634029915], [-53.19567808830442, -26.46541787985682], [-53.19557894401532, -26.46595947276858], [-53.18965393802125, -26.46690098224873], [-53.19135553175662, -26.46727800804057], [-53.19177380729256, -26.46759254945927], [-53.19222195084757, -26.46911861719178], [-53.19076759108273, -26.47102881268301], [-53.19967945608202, -26.46822319472141]]]}}, {"type": "Feature", "properties": {"cod_imovel": "SC-4203501-312556D7ADA74BDE91B925A6B8C47CDD", "municipio": "Campo Ere", "num_area": 48.403, "mod_fiscal": 2.5483, "des_condic": "Aguardando analise", "ind_status": "AT", "dat_atuali": "25/04/2016"}, "geometry": {"type": "Polygon", "coordinates": [[[-53.04568290710449, -26.502991764452755], [-53.05400848388672, -26.506755433603427], [-53.05521011352539, -26.507139474543607], [-53.056325912475586, -26.505756921150777], [-53.05409431457519, -26.504451161002894], [-53.055124282836914, -26.502146842188278], [-53.049888610839844, -26.498805497824986], [-53.04628372192383, -26.501455537532554], [-53.04568290710449, -26.502991764452755]]]}}, {"type": "Feature", "properties": {"cod_imovel": "SC-4203501-E6F0B573FE4E4E0D9EA2C64C3F3A68C9", "municipio": "Campo Ere", "num_area": 3.6503, "mod_fiscal": 0.2028, "des_condic": "Aguardando analise", "ind_status": "AT", "dat_atuali": "25/02/2015"}, "geometry": {"type": "Polygon", "coordinates": [[[-53.19133758544922, -26.472858766301023], [-53.19307207387455, -26.47203026532672], [-53.19213151931763, -26.470592230496422], [-53.19083453802109, -26.47100793262212], [-53.19057133127239, -26.47147596060164], [-53.19133758544922, -26.472858766301023]]]}}, {"type": "Feature", "properties": {"cod_imovel": "SC-4203501-06C7BA87E9184DB09A0CD19BD636295E", "municipio": "Campo Ere", "num_area": 7.9708, "mod_fiscal": 0.4428, "des_condic": "Aguardando analise", "ind_status": "AT", "dat_atuali": "02/03/2015"}, "geometry": {"type": "Polygon", "coordinates": [[[-53.1939913937595, -26.47331603271206], [-53.19308666622995, -26.47204685997485], [-53.19131008518555, -26.47285113598321], [-53.19338152735733, -26.47671925483413], [-53.19466352462768, -26.475374952903863], [-53.193418979644775, -26.473627073390062], [-53.1939913937595, -26.47331603271206]]]}}, {"type": "Feature", "properties": {"cod_imovel": "SC-4203501-07F57D3026B742DC82E13A9928439F7C", "municipio": "Campo Ere", "num_area": 5.2306, "mod_fiscal": 0.2906, "des_condic": "Aguardando analise", "ind_status": "AT", "dat_atuali": "02/03/2015"}, "geometry": {"type": "Polygon", "coordinates": [[[-53.19652316834205, -26.47413245245195], [-53.19574881730704, -26.47228872426928], [-53.19343504332582, -26.47367405706527], [-53.19466619991896, -26.47540377242866], [-53.19536847139788, -26.47461070595379], [-53.19652316834205, -26.47413245245195]]]}}, {"type": "Feature", "properties": {"cod_imovel": "SC-4203501-28676EB3000A4975B2D84458F8522E55", "municipio": "Campo Ere", "num_area": 125.2301, "mod_fiscal": 6.9456, "des_condic": "Aguardando analise", "ind_status": "AT", "dat_atuali": "07/05/2019"}, "geometry": {"type": "Polygon", "coordinates": [[[-53.05368253, -26.50921266], [-53.04809871, -26.50636272], [-53.0465096, -26.50890429], [-53.05209687, -26.51229118], [-53.05371821, -26.51239898], [-53.05619643, -26.51176397], [-53.05924049, -26.51040221], [-53.06113385, -26.50879873], [-53.06298912, -26.50842764], [-53.06422961, -26.50657258], [-53.06441253, -26.50558562], [-53.06465589, -26.50100009], [-53.06639116, -26.49849332], [-53.06652983, -26.49777307], [-53.0659329, -26.49581713], [-53.06484503, -26.49692362], [-53.06184504, -26.49423913], [-53.06049362, -26.495506], [-53.06357165, -26.49819931], [-53.05716369, -26.50502969], [-53.05368253, -26.50921266]]]}}, {"type": "Feature", "properties": {"cod_imovel": "SC-4203501-145E4AFF87464DE4B9F2C1BF98FF1455", "municipio": "Campo Ere", "num_area": 45.7688, "mod_fiscal": 2.5427, "des_condic": "Aguardando analise", "ind_status": "AT", "dat_atuali": "08/03/2019"}, "geometry": {"type": "Polygon", "coordinates": [[[-53.1868036968361, -26.43047248883068], [-53.18298295837346, -26.42974685793131], [-53.18280169136803, -26.43054913797296], [-53.18218207691501, -26.43171254267464], [-53.18208851715306, -26.43275961769885], [-53.18124865899415, -26.43406197397759], [-53.18126506004597, -26.43478253798839], [-53.18169196630288, -26.4360554593863], [-53.18116012018151, -26.43677486831882], [-53.18141864794848, -26.43708765795617], [-53.18148115229319, -26.43767833186896], [-53.18129202465438, -26.43821452958792], [-53.18065255257591, -26.43909332442488], [-53.18067059977504, -26.44033990442722], [-53.18492357861366, -26.44008244152672], [-53.18588973702866, -26.43262847054531], [-53.1868036968361, -26.43047248883068]]]}}, {"type": "Feature", "properties": {"cod_imovel": "SC-4203501-68CE2D610ED345DF8291225E9A0CE911", "municipio": "Campo Ere", "num_area": 14.1928, "mod_fiscal": 0.7885, "des_condic": "Aguardando analise", "ind_status": "AT", "dat_atuali": "16/03/2022"}, "geometry": {"type": "Polygon", "coordinates": [[[-53.08319091796874, -26.498325411629686], [-53.083362579345696, -26.49801815541221], [-53.08394193649292, -26.493582052234323], [-53.08316946029663, -26.49260262975913], [-53.079543113708496, -26.49473430328586], [-53.08319091796874, -26.498325411629686]]]}}, {"type": "Feature", "properties": {"cod_imovel": "SC-4203501-29BD31F1A3674135B9F661321B6BFBB5", "municipio": "Campo Ere", "num_area": 90.9898, "mod_fiscal": 5.055, "des_condic": "Aguardando analise", "ind_status": "AT", "dat_atuali": "17/06/2022"}, "geometry": {"type": "Polygon", "coordinates": [[[-53.1830559972222, -26.4151377075758], [-53.1831489305556, -26.4181260964646], [-53.1835224222222, -26.4184886186869], [-53.1832693388889, -26.4190580492424], [-53.183434475, -26.4196909547979], [-53.1828409194444, -26.4201752047979], [-53.1830485555556, -26.4204100520202], [-53.1829901361111, -26.4207718214646], [-53.1831350333333, -26.4210933381313], [-53.1836338, -26.4214923297979], [-53.1836654277778, -26.4217376797979], [-53.1834734222222, -26.421833490909], [-53.1835787888889, -26.4220046631312], [-53.1831743361111, -26.4234087603534], [-53.1830678611111, -26.4243413492423], [-53.1832205388889, -26.4246451297978], [-53.1832120305556, -26.4254868270201], [-53.1888518027778, -26.4255698825756], [-53.1928183555556, -26.4158902909091], [-53.1920429111111, -26.4147805964647], [-53.1830559972222, -26.4151377075758]]]}}, {"type": "Feature", "properties": {"cod_imovel": "SC-4203501-25769B3CBCE945B3AAF1FBAF7365532A", "municipio": "Campo Ere", "num_area": 96.9748, "mod_fiscal": 5.3875, "des_condic": "Aguardando analise", "ind_status": "AT", "dat_atuali": "06/04/2018"}, "geometry": {"type": "Polygon", "coordinates": [[[-53.16894497749328, -26.41293616463967], [-53.16611131046238, -26.40674101783764], [-53.16481857110265, -26.40738089749351], [-53.16395222096259, -26.40743512843378], [-53.16321343971826, -26.40728362559393], [-53.16158625769705, -26.4060225746921], [-53.16022702019878, -26.40544067187425], [-53.15849121639475, -26.40520743393241], [-53.15751442192062, -26.40588253660671], [-53.15746220121536, -26.40608835818709], [-53.15768432447358, -26.40625647284208], [-53.15861553112652, -26.4064311447184], [-53.15857540510543, -26.40673421350204], [-53.15793589407494, -26.40798605378218], [-53.15750175295304, -26.40827657493381], [-53.1569955191689, -26.40801893287097], [-53.15672840463069, -26.40809824059497], [-53.15656652593272, -26.4083672173159], [-53.15652392664258, -26.40905361020194], [-53.15592042760031, -26.40998024094243], [-53.15640166263039, -26.41026443303092], [-53.15749437763257, -26.4101017791482], [-53.15781515708284, -26.41029641965827], [-53.15775085092292, -26.41074504246991], [-53.15724278216487, -26.41108443147561], [-53.15691665567855, -26.41200034478203], [-53.15793049557031, -26.41298037940636], [-53.15885728451765, -26.4125515328433], [-53.15955358893649, -26.41186744564944], [-53.16029602176375, -26.41177440503526], [-53.16112005956584, -26.41200504482501], [-53.16124580231006, -26.41282452538986], [-53.16108276525057, -26.41382517687031], [-53.16007734777209, -26.41452566015699], [-53.15974318213171, -26.41499584840882], [-53.15979109267349, -26.41604705328299], [-53.16005562551943, -26.41635819954637], [-53.16138704099045, -26.41682325356137], [-53.16254401977974, -26.41670701450172], [-53.16273682055471, -26.41690652528632], [-53.16268741749488, -26.41744752448856], [-53.16296340902354, -26.4169709711461], [-53.16375423057482, -26.41647861221655], [-53.1638081990127, -26.41617983553357], [-53.16430370836883, -26.41605241761518], [-53.16482374652542, -26.41561743362864], [-53.1653290671562, -26.41552516174361], [-53.16637984034827, -26.41490748344477], [-53.16722034146184, -26.41466264147459], [-53.16831785475159, -26.41330327013827], [-53.16894497749328, -26.41293616463967]]]}}, {"type": "Feature", "properties": {"cod_imovel": "SC-4203501-FB4B38C8716241CAB60926BFE2BA48EC", "municipio": "Campo Ere", "num_area": 2.0, "mod_fiscal": 0.1111, "des_condic": "Aguardando analise", "ind_status": "AT", "dat_atuali": "24/09/2019"}, "geometry": {"type": "Polygon", "coordinates": [[[-53.0924427888889, -26.3999513186872], [-53.093219975, -26.4005306131317], [-53.0941532305556, -26.3992454492428], [-53.0940687666667, -26.3987821603539], [-53.0936041027778, -26.3983749547984], [-53.0924427888889, -26.3999513186872]]]}}, {"type": "Feature", "properties": {"cod_imovel": "SC-4203501-F411D7C350604823866D1489D38F1B5D", "municipio": "Campo Ere", "num_area": 9.5877, "mod_fiscal": 0.5326, "des_condic": "Aguardando analise", "ind_status": "AT", "dat_atuali": "29/04/2015"}, "geometry": {"type": "Polygon", "coordinates": [[[-53.04840803146362, -26.40328652550953], [-53.05422306060791, -26.403978419746124], [-53.05471658706665, -26.402383212902013], [-53.047871589660645, -26.40221023734081], [-53.04775547924541, -26.40277631068806], [-53.04840803146362, -26.40328652550953]]]}}, {"type": "Feature", "properties": {"cod_imovel": "SC-4203501-0BA45AFB8C904E75A60DD7F4A181C6C2", "municipio": "Campo Ere", "num_area": 9.7446, "mod_fiscal": 0.5414, "des_condic": "Aguardando analise", "ind_status": "AT", "dat_atuali": "26/01/2017"}, "geometry": {"type": "Polygon", "coordinates": [[[-53.03571581840515, -26.42258113136018], [-53.03422451019287, -26.42137050896728], [-53.0312418937683, -26.42457959131014], [-53.03306579589844, -26.425828611188912], [-53.03571581840515, -26.42258113136018]]]}}, {"type": "Feature", "properties": {"cod_imovel": "SC-4203501-A7B96A03E6D14C7AA51B12E1E3C2A720", "municipio": "Campo Ere", "num_area": 2.012, "mod_fiscal": 0.1118, "des_condic": "Aguardando analise", "ind_status": "AT", "dat_atuali": "24/09/2019"}, "geometry": {"type": "Polygon", "coordinates": [[[-53.0916128083333, -26.3994566659095], [-53.0910382944444, -26.4002159409094], [-53.0927036916667, -26.401237896465], [-53.093219975, -26.4005306131317], [-53.0916128083333, -26.3994566659095]]]}}, {"type": "Feature", "properties": {"cod_imovel": "SC-4203501-85BE08636EA8468CB8BEB21E950A8B94", "municipio": "Campo Ere", "num_area": 4.1518, "mod_fiscal": 0.2307, "des_condic": "Aguardando analise", "ind_status": "AT", "dat_atuali": "18/02/2022"}, "geometry": {"type": "Polygon", "coordinates": [[[-53.23009014129639, -26.47154302849482], [-53.22844057492028, -26.474479403664052], [-53.229989000820034, -26.47500909829562], [-53.23002597271958, -26.47408900331372], [-53.230784833431244, -26.47198721173581], [-53.23009014129639, -26.47154302849482]]]}}, {"type": "Feature", "properties": {"cod_imovel": "SC-4203501-F15A9A2D93D8443A9C531608CD0842A3", "municipio": "Campo Ere", "num_area": 13.9044, "mod_fiscal": 0.7725, "des_condic": "Aguardando analise", "ind_status": "AT", "dat_atuali": "03/06/2015"}, "geometry": {"type": "Polygon", "coordinates": [[[-53.077118396759026, -26.409878571509353], [-53.07808399200439, -26.408687034227945], [-53.0745005607605, -26.406054077566075], [-53.073856830596924, -26.40590032641535], [-53.07419482848586, -26.40561616283189], [-53.07286091483562, -26.40469838405301], [-53.07134628295898, -26.405842669681], [-53.07239770889282, -26.40755314054953], [-53.073556423187256, -26.40770688949794], [-53.07381391525268, -26.407879856820017], [-53.07407637298117, -26.40777643563882], [-53.077118396759026, -26.409878571509353]]]}}, {"type": "Feature", "properties": {"cod_imovel": "SC-4203501-AEC16E0C35F1467DB9BF49B7A3883FE4", "municipio": "Campo Ere", "num_area": 6.9783, "mod_fiscal": 0.3877, "des_condic": "Aguardando analise", "ind_status": "AT", "dat_atuali": "18/03/2022"}, "geometry": {"type": "Polygon", "coordinates": [[[-53.0526761083333, -26.4256199020201], [-53.0597741416667, -26.43046877702], [-53.0602584527778, -26.4299020186866], [-53.0531596222222, -26.4250461797978], [-53.0526761083333, -26.4256199020201]]]}}, {"type": "Feature", "properties": {"cod_imovel": "SC-4203501-72A580A97FA448E192B00278DD0689BC", "municipio": "Campo Ere", "num_area": 8.0903, "mod_fiscal": 0.4495, "des_condic": "Aguardando analise", "ind_status": "AT", "dat_atuali": "06/03/2018"}, "geometry": {"type": "Polygon", "coordinates": [[[-53.002166748046875, -26.41064729870865], [-52.99879789352417, -26.41035902660916], [-52.99851705507885, -26.41257573656048], [-53.00175905227661, -26.413145626730557], [-53.00160884857178, -26.41101244233393], [-53.002166748046875, -26.41064729870865]]]}}, {"type": "Feature", "properties": {"cod_imovel": "SC-4203501-5F41931DA02F429BA694717E36F4CF39", "municipio": "Campo Ere", "num_area": 6.8873, "mod_fiscal": 0.3826, "des_condic": "Aguardando analise", "ind_status": "AT", "dat_atuali": "06/03/2018"}, "geometry": {"type": "Polygon", "coordinates": [[[-53.00145864486694, -26.41308797361686], [-53.00401210784912, -26.413337803568083], [-53.00424814224243, -26.410877915869605], [-53.00229549407958, -26.41068573493415], [-53.001694679260254, -26.410974006217266], [-53.00145864486694, -26.41308797361686]]]}}, {"type": "Feature", "properties": {"cod_imovel": "SC-4203501-6FC680D353704854A1A626E0FA544B34", "municipio": "Campo Ere", "num_area": 14.5167, "mod_fiscal": 0.8065, "des_condic": "Aguardando analise", "ind_status": "AT", "dat_atuali": "06/03/2018"}, "geometry": {"type": "Polygon", "coordinates": [[[-53.00562143325806, -26.414779119644404], [-53.00596475601196, -26.40661142377018], [-53.00489843089873, -26.406514423915], [-53.004634380340576, -26.40659220498036], [-53.003904819488525, -26.415413293012545], [-53.00562143325806, -26.414779119644404]]]}}, {"type": "Feature", "properties": {"cod_imovel": "SC-4203501-EDCF0EDD726846E2A31A3BE2041F6AD5", "municipio": "Campo Ere", "num_area": 58.3634, "mod_fiscal": 3.2424, "des_condic": "Aguardando analise", "ind_status": "AT", "dat_atuali": "17/07/2019"}, "geometry": {"type": "Polygon", "coordinates": [[[-53.22687757305173, -26.370684863950526], [-53.22557231221746, -26.37122354172794], [-53.22479578610629, -26.37215850256263], [-53.224233055551174, -26.372460957006854], [-53.223628286384034, -26.372427132562848], [-53.22175057888364, -26.373538930340683], [-53.22047227416135, -26.373935441452993], [-53.21815997496534, -26.373629438153866], [-53.215900798167176, -26.381954793925424], [-53.2156905602715, -26.383069463403647], [-53.21599194027159, -26.384078353404366], [-53.21562833027153, -26.384857243404927], [-53.221060247684704, -26.383372779155422], [-53.22077305846221, -26.38298499967947], [-53.22118086865725, -26.38247081880398], [-53.22109776771148, -26.382249185190748], [-53.22050806854553, -26.382442813991304], [-53.21883831812826, -26.382219439463043], [-53.218563580363245, -26.381748610046287], [-53.21801251366922, -26.38171446383511], [-53.21785917173052, -26.38136142596901], [-53.21881190808453, -26.381487810420438], [-53.21970499937074, -26.3809630390879], [-53.22014559148451, -26.380376421354654], [-53.22020057901881, -26.38006085759212], [-53.21969804381516, -26.379671723215985], [-53.21895083228273, -26.379901723386176], [-53.21881774491744, -26.379753877560994], [-53.21924392349259, -26.379162792888575], [-53.21931528465624, -26.378623871011502], [-53.219906380870654, -26.37830504590024], [-53.220289406048884, -26.377763364331212], [-53.220420838914265, -26.377971432962998], [-53.22033246184691, -26.378463868371284], [-53.21989690938676, -26.378737231856395], [-53.22039225999394, -26.379437216706677], [-53.22149308545901, -26.3788989228768], [-53.22224028650685, -26.37821358634042], [-53.22226642064581, -26.377820040682888], [-53.221900812166666, -26.377396928258854], [-53.22201307721339, -26.376980294375215], [-53.22175665166704, -26.376728048844633], [-53.221866155541086, -26.376601709999203], [-53.222600033338885, -26.376906648834265], [-53.22319249274592, -26.376591941349808], [-53.22314639725804, -26.375885258609575], [-53.223720579620085, -26.37555305340912], [-53.22438225222477, -26.374181131901658], [-53.22402947033795, -26.373914774235086], [-53.224049674643055, -26.373494425302535], [-53.22476972336714, -26.373261393397172], [-53.226025521079606, -26.371852791822267], [-53.22718653835965, -26.370916050706594], [-53.22709596107416, -26.370142643450116], [-53.22687757305173, -26.370684863950526]]]}}, {"type": "Feature", "properties": {"cod_imovel": "SC-4203501-6FC442217A7E41FA9E274344C251A606", "municipio": "Campo Ere", "num_area": 3.0526, "mod_fiscal": 0.1696, "des_condic": "Aguardando analise", "ind_status": "AT", "dat_atuali": "27/09/2019"}, "geometry": {"type": "Polygon", "coordinates": [[[-53.20911444, -26.397098329248], [-53.20874472, -26.395904999248], [-53.21092056, -26.395908329248], [-53.21031972, -26.393942219248], [-53.2084575, -26.395947219248], [-53.2087855628345, -26.397114035368], [-53.20911444, -26.397098329248]]]}}, {"type": "Feature", "properties": {"cod_imovel": "SC-4203501-A6C2C83EDEC845B09C06B392D03A656D", "municipio": "Campo Ere", "num_area": 18.6495, "mod_fiscal": 1.0361, "des_condic": "Aguardando analise", "ind_status": "AT", "dat_atuali": "13/08/2019"}, "geometry": {"type": "Polygon", "coordinates": [[[-53.1153990277778, -26.435865963131], [-53.1091237944444, -26.4418525631308], [-53.1092986583333, -26.4421240270197], [-53.1108803361111, -26.4431310881308], [-53.1169175361111, -26.4367232770198], [-53.1153990277778, -26.435865963131]]]}}, {"type": "Feature", "properties": {"cod_imovel": "SC-4203501-A8939A212C8045DC86B3153959CF36EE", "municipio": "Campo Ere", "num_area": 2.8105, "mod_fiscal": 0.1561, "des_condic": "Aguardando analise", "ind_status": "AT", "dat_atuali": "27/12/2018"}, "geometry": {"type": "Polygon", "coordinates": [[[-53.0915672444444, -26.3914881520207], [-53.091550425, -26.3941889325762], [-53.0919837666667, -26.3943058964651], [-53.0926738333333, -26.3940542131318], [-53.0926381027778, -26.3923227297985], [-53.092067525, -26.3920962547985], [-53.0920959861111, -26.3916483159096], [-53.0915672444444, -26.3914881520207]]]}}, {"type": "Feature", "properties": {"cod_imovel": "SC-4203501-7DF922E390C245E28D562B6186CF81DA", "municipio": "Campo Ere", "num_area": 6.5909, "mod_fiscal": 0.3662, "des_condic": "Aguardando analise", "ind_status": "AT", "dat_atuali": "05/05/2016"}, "geometry": {"type": "Polygon", "coordinates": [[[-53.0880788333333, -26.390501974243], [-53.0890863166667, -26.3918293547985], [-53.0895607916667, -26.3930056881318], [-53.09072515, -26.3938338242429], [-53.091550425, -26.3941889325762], [-53.0915671611111, -26.3915041825763], [-53.0892446194444, -26.3909449686874], [-53.0880788333333, -26.390501974243]]]}}, {"type": "Feature", "properties": {"cod_imovel": "SC-4203501-6CE52242D4E143C78EEB6D00521C8EAD", "municipio": "Campo Ere", "num_area": 12.1, "mod_fiscal": 0.6722, "des_condic": "Aguardando analise", "ind_status": "AT", "dat_atuali": "24/02/2022"}, "geometry": {"type": "Polygon", "coordinates": [[[-53.2160216138889, -26.4360614436865], [-53.2101351888889, -26.4392624047976], [-53.2100596666667, -26.4411426353531], [-53.2171534222222, -26.4369524353532], [-53.2160216138889, -26.4360614436865]]]}}, {"type": "Feature", "properties": {"cod_imovel": "SC-4203501-01DA9633EA88469E8A977563A0D890B4", "municipio": "Campo Ere", "num_area": 12.1, "mod_fiscal": 0.6722, "des_condic": "Aguardando analise", "ind_status": "AT", "dat_atuali": "24/02/2022"}, "geometry": {"type": "Polygon", "coordinates": [[[-53.2143578194444, -26.4347526075754], [-53.2102229027778, -26.4370707603532], [-53.2101351888889, -26.4392624047976], [-53.2160216138889, -26.4360614436865], [-53.2143578194444, -26.4347526075754]]]}}, {"type": "Feature", "properties": {"cod_imovel": "SC-4203501-CA30DB5AF91949508DBB7C34714298C2", "municipio": "Campo Ere", "num_area": 8.9867, "mod_fiscal": 0.4993, "des_condic": "Aguardando analise", "ind_status": "AT", "dat_atuali": "24/02/2022"}, "geometry": {"type": "Polygon", "coordinates": [[[-53.0611074972222, -26.3972374381317], [-53.0593276861111, -26.3956757936873], [-53.0577842944444, -26.3960145214651], [-53.0578401166667, -26.3977717214651], [-53.0617374388889, -26.3994650520206], [-53.0611074972222, -26.3972374381317]]]}}, {"type": "Feature", "properties": {"cod_imovel": "SC-4203501-EF4078C2C384414C8CA46A4BC6E75B19", "municipio": "Campo Ere", "num_area": 6.6082, "mod_fiscal": 0.3671, "des_condic": "Aguardando analise", "ind_status": "AT", "dat_atuali": "24/02/2022"}, "geometry": {"type": "Polygon", "coordinates": [[[-53.0620335027778, -26.3958954297984], [-53.06235355, -26.3968285436873], [-53.0626145305556, -26.3985868409095], [-53.0615294416667, -26.3987295603539], [-53.0617374388889, -26.3994650520206], [-53.0616656555556, -26.4003988047983], [-53.0637668666667, -26.3989848270206], [-53.0632452833333, -26.3955260214651], [-53.062491475, -26.3956181075762], [-53.0628095277778, -26.3949570381318], [-53.0620948, -26.3950858436873], [-53.0620335027778, -26.3958954297984]]]}}, {"type": "Feature", "properties": {"cod_imovel": "SC-4203501-8280DE55AADB4357A27620589279DE44", "municipio": "Campo Ere", "num_area": 3.3257, "mod_fiscal": 0.1848, "des_condic": "Aguardando analise", "ind_status": "AT", "dat_atuali": "26/07/2022"}, "geometry": {"type": "Polygon", "coordinates": [[[-53.0602307620937, -26.42304793243945], [-53.06160782699067, -26.42225642776621], [-53.05944380894854, -26.42080096910638], [-53.05896526505773, -26.4220398125628], [-53.0602307620937, -26.42304793243945]]]}}, {"type": "Feature", "properties": {"cod_imovel": "SC-4203501-BCF0421B1E0F43B4BEC20C5C3A5795B2", "municipio": "Campo Ere", "num_area": 40.1903, "mod_fiscal": 2.2328, "des_condic": "Aguardando analise", "ind_status": "AT", "dat_atuali": "02/04/2019"}, "geometry": {"type": "Polygon", "coordinates": [[[-53.1233017638889, -26.4112549047981], [-53.1239380722222, -26.420574865909], [-53.1299065666667, -26.4218131297979], [-53.1294491777778, -26.4210576464646], [-53.1282043944444, -26.4203330492424], [-53.1275907694444, -26.4190217103535], [-53.1270391055556, -26.4184525464646], [-53.1278610916667, -26.415989179798], [-53.1262868027778, -26.411920243687], [-53.1233017638889, -26.4112549047981]]]}}, {"type": "Feature", "properties": {"cod_imovel": "SC-4203501-63C5608BFA644E45AB9F805696E72072", "municipio": "Campo Ere", "num_area": 45.6035, "mod_fiscal": 2.5335, "des_condic": "Aguardando analise", "ind_status": "AT", "dat_atuali": "27/07/2022"}, "geometry": {"type": "Polygon", "coordinates": [[[-53.1805364583333, -26.3914064797985], [-53.1822357027778, -26.3953145159095], [-53.1827070722222, -26.3952332686873], [-53.1881708305556, -26.396696960354], [-53.1881740027778, -26.3961947159095], [-53.1876424277778, -26.3950708686873], [-53.1872996666667, -26.3919423686874], [-53.1881327861111, -26.3898353103541], [-53.1893794388889, -26.3872966631319], [-53.1805364583333, -26.3914064797985]]]}}, {"type": "Feature", "properties": {"cod_imovel": "SC-4203501-75AF1CE987014F57B3FFB467E927C74A", "municipio": "Campo Ere", "num_area": 374.8178, "mod_fiscal": 20.8232, "des_condic": "Aguardando analise", "ind_status": "AT", "dat_atuali": "29/07/2022"}, "geometry": {"type": "Polygon", "coordinates": [[[-53.0769692527778, -26.472055290908], [-53.0739136361111, -26.4740470964635], [-53.0784435194444, -26.4827469464634], [-53.0798800972222, -26.4812130770189], [-53.0817535027778, -26.4844985409078], [-53.0832285694444, -26.4874929936855], [-53.08472095, -26.4882027797966], [-53.0859603888889, -26.4895520409077], [-53.0882086027778, -26.4903786464632], [-53.08869765, -26.4903838547965], [-53.0889372972222, -26.4901383770188], [-53.0911261416667, -26.4896597103521], [-53.0917607972222, -26.4897283353521], [-53.0935118777778, -26.4903563964632], [-53.0943730888889, -26.4901681464632], [-53.0946430944444, -26.4903375825743], [-53.0952189055556, -26.4902905270188], [-53.0953721027778, -26.490097899241], [-53.0957198555556, -26.4901004381299], [-53.0962261305556, -26.4897870075743], [-53.0967401944444, -26.4901257825743], [-53.0983735055556, -26.4900853825743], [-53.0987268138889, -26.4899295325743], [-53.0995221194444, -26.4900799131299], [-53.1000079694444, -26.4893365381299], [-53.1007170388889, -26.4888280797966], [-53.1021415194444, -26.4884391186855], [-53.1023552333333, -26.4882177131299], [-53.102972625, -26.4882545103521], [-53.1032376861111, -26.4884941520188], [-53.1030486111111, -26.4887371881299], [-53.1034111194444, -26.4886612936855], [-53.1050100861111, -26.4872127853522], [-53.1050157333333, -26.4859813103522], [-53.1048040722222, -26.4858114409077], [-53.1034996916667, -26.4862770853522], [-53.1031646388889, -26.4860915047966], [-53.1029935638889, -26.4861980547966], [-53.1026159694444, -26.4858165575744], [-53.1021436972222, -26.48474576313], [-53.1020543, -26.4834895742411], [-53.1015133611111, -26.4829244714634], [-53.1005772138889, -26.4825034659078], [-53.1000749166667, -26.4819983936856], [-53.098664675, -26.4826192047967], [-53.0981050916667, -26.4826050409078], [-53.0980921138889, -26.4822060825745], [-53.09786795, -26.4821291214634], [-53.0977679, -26.4808422353523], [-53.0982384916667, -26.4802437186856], [-53.0981020694444, -26.4802008492412], [-53.098140825, -26.4800302547967], [-53.0983821694444, -26.4801119992412], [-53.0986797972222, -26.4798866297967], [-53.0982397083333, -26.4795609686856], [-53.0970312027778, -26.4790926742412], [-53.0965149555556, -26.478570377019], [-53.0966283416667, -26.4770373659079], [-53.096370775, -26.4765999603524], [-53.0969405694444, -26.4754281353524], [-53.0969330694444, -26.4747542242413], [-53.0971457555556, -26.4746367797969], [-53.0968849111111, -26.4740017270191], [-53.0969795472222, -26.4726299714636], [-53.0906443138889, -26.4748276131302], [-53.0903040611111, -26.4746165770191], [-53.0899856861111, -26.4748041714635], [-53.0897412916667, -26.4744368686857], [-53.0890114305556, -26.4742135964635], [-53.0888229222222, -26.4743063964635], [-53.0874043972222, -26.4736961020191], [-53.0870554361111, -26.4738861131302], [-53.0869603861111, -26.4737901770191], [-53.0869134166667, -26.4739304742413], [-53.0862640361111, -26.4735177547969], [-53.0859856277778, -26.4735962131302], [-53.0858003722222, -26.4734081103524], [-53.0856314138889, -26.4735140936858], [-53.085582475, -26.4733533742413], [-53.0851108111111, -26.4731487686858], [-53.0849531972222, -26.4726685853524], [-53.0841832944444, -26.4723587325747], [-53.0834303305556, -26.4725574297969], [-53.0826550944444, -26.4732690686858], [-53.0822442555556, -26.4731827214635], [-53.081959225, -26.4735651992413], [-53.0815126527778, -26.473594715908], [-53.0808493916667, -26.473497315908], [-53.0806606388889, -26.4731885464635], [-53.0788492305556, -26.4727020186858], [-53.0784307611111, -26.4727593853524], [-53.0781976583333, -26.4724945992413], [-53.077432025, -26.4723779575747], [-53.0769692527778, -26.472055290908]]]}}, {"type": "Feature", "properties": {"cod_imovel": "SC-4203501-ABB22D84C4584C2CB06F97FECEB074EE", "municipio": "Campo Ere", "num_area": 48.4507, "mod_fiscal": 2.6917, "des_condic": "Aguardando analise", "ind_status": "AT", "dat_atuali": "29/07/2022"}, "geometry": {"type": "Polygon", "coordinates": [[[-53.0960489444444, -26.465219229797], [-53.0944698305556, -26.465056204797], [-53.0906443138889, -26.4748276131302], [-53.0969809194444, -26.4726250047969], [-53.0972675027778, -26.4726379270191], [-53.0973189916667, -26.4722604325747], [-53.0970979916667, -26.4723445381302], [-53.0971014333333, -26.4722368214636], [-53.0975669972222, -26.4720414742414], [-53.0976054222222, -26.4722749603525], [-53.0978273305556, -26.4722824575747], [-53.0978824583333, -26.4721525464636], [-53.0976747722222, -26.4720738520191], [-53.0980768333333, -26.4719503770191], [-53.0981691527778, -26.4715218103525], [-53.098427675, -26.4715106381302], [-53.0981860444444, -26.471402640908], [-53.0980481138889, -26.4700778242414], [-53.0982172722222, -26.4699861492414], [-53.0980454944444, -26.4698345242414], [-53.0982126861111, -26.4697094909081], [-53.0980133111111, -26.4696901825747], [-53.0980537083333, -26.4692266020192], [-53.0979040611111, -26.469083254797], [-53.098061625, -26.4690305492414], [-53.0978580361111, -26.4686334270192], [-53.09827, -26.467948179797], [-53.0985270166667, -26.4667922659081], [-53.0983068277778, -26.4667579381303], [-53.0984363333333, -26.4666043131303], [-53.0982615666667, -26.4665498686859], [-53.0984368055556, -26.4662816770192], [-53.098026975, -26.4661372075748], [-53.0981848361111, -26.4660276992415], [-53.0979476861111, -26.4658631631304], [-53.0978804805556, -26.4652965492415], [-53.0963623694444, -26.4655122936859], [-53.0960489444444, -26.465219229797]]]}}, {"type": "Feature", "properties": {"cod_imovel": "SC-4203501-EEF49FA3991A46308D33F187A58B931E", "municipio": "Campo Ere", "num_area": 19.9857, "mod_fiscal": 1.1103, "des_condic": "Aguardando analise", "ind_status": "AT", "dat_atuali": "19/07/2019"}, "geometry": {"type": "Polygon", "coordinates": [[[-53.23190905471167, -26.50667006863348], [-53.232107162475586, -26.507792341195557], [-53.239102363586426, -26.498613463587528], [-53.23770761489868, -26.497480455055026], [-53.23202133178711, -26.505372875588968], [-53.23190905471167, -26.50667006863348]]]}}, {"type": "Feature", "properties": {"cod_imovel": "SC-4203501-C602DC44C4544A458A0930F74E566B5F", "municipio": "Campo Ere", "num_area": 12.153, "mod_fiscal": 0.6752, "des_condic": "Aguardando analise", "ind_status": "AT", "dat_atuali": "28/08/2014"}, "geometry": {"type": "Polygon", "coordinates": [[[-53.06070595004329, -26.41917373600364], [-53.06218385696411, -26.417584829952183], [-53.057827949523926, -26.414817554493247], [-53.05635622352857, -26.41560423617245], [-53.05614777010385, -26.41599901283127], [-53.06070595004329, -26.41917373600364]]]}}, {"type": "Feature", "properties": {"cod_imovel": "SC-4203501-46B629093164450E8650E09A21552E2A", "municipio": "Campo Ere", "num_area": 9.3924, "mod_fiscal": 0.5218, "des_condic": "Aguardando analise", "ind_status": "AT", "dat_atuali": "30/04/2015"}, "geometry": {"type": "Polygon", "coordinates": [[[-53.07031816712294, -26.40829434878635], [-53.07111794633705, -26.40592178346325], [-53.06844978836035, -26.40418213363873], [-53.06844511715919, -26.404900858521], [-53.06756909734279, -26.40515140579907], [-53.06671769339562, -26.40582732031675], [-53.07031816712294, -26.40829434878635]]]}}, {"type": "Feature", "properties": {"cod_imovel": "SC-4203501-C5BE4D77BE9C405188CCAACDF9FF8914", "municipio": "Campo Ere", "num_area": 3.0005, "mod_fiscal": 0.1667, "des_condic": "Aguardando analise", "ind_status": "AT", "dat_atuali": "08/06/2017"}, "geometry": {"type": "Polygon", "coordinates": [[[-53.06216239929199, -26.400096070644747], [-53.060166835784905, -26.4014798932242], [-53.06096076965332, -26.402248676376804], [-53.06299924850464, -26.400922522236346], [-53.06216239929199, -26.400096070644747]]]}}, {"type": "Feature", "properties": {"cod_imovel": "SC-4203501-7E5801E0534544CFAB00F78336AAE745", "municipio": "Campo Ere", "num_area": 12.5205, "mod_fiscal": 0.6956, "des_condic": "Aguardando analise", "ind_status": "AT", "dat_atuali": "25/09/2019"}, "geometry": {"type": "Polygon", "coordinates": [[[-52.99510933193045, -26.39264141616634], [-52.998454570770264, -26.398750671674975], [-53.00017118453979, -26.398001085446527], [-52.99676499486354, -26.39251889908859], [-52.99510933193045, -26.39264141616634]]]}}, {"type": "Feature", "properties": {"cod_imovel": "SC-4203501-7C30A77BDE2B4EFF892CF19ECA0AAACF", "municipio": "Campo Ere", "num_area": 13.1553, "mod_fiscal": 0.7309, "des_condic": "Aguardando analise", "ind_status": "AT", "dat_atuali": "09/06/2021"}, "geometry": {"type": "Polygon", "coordinates": [[[-53.13685120940105, -26.3689921982795], [-53.13616205522946, -26.36839034849496], [-53.13541745484297, -26.36664171853497], [-53.131277561187744, -26.368859552111985], [-53.13278064871977, -26.37030020507416], [-53.13318729400634, -26.371070414234598], [-53.13685120940105, -26.3689921982795]]]}}, {"type": "Feature", "properties": {"cod_imovel": "SC-4203501-A27D23E6E72847378B904ECD9B4A41A9", "municipio": "Campo Ere", "num_area": 4.3013, "mod_fiscal": 0.239, "des_condic": "Aguardando analise", "ind_status": "AT", "dat_atuali": "06/12/2017"}, "geometry": {"type": "Polygon", "coordinates": [[[-53.0489300166667, -26.3936397409096], [-53.04981955, -26.3938973575762], [-53.0509157305556, -26.3919114659096], [-53.0488482638889, -26.391384024243], [-53.04769195, -26.3917581936874], [-53.0492245361111, -26.3930020325763], [-53.0489300166667, -26.3936397409096]]]}}, {"type": "Feature", "properties": {"cod_imovel": "SC-4203501-36F1CEF8E83843E397587E70859AE644", "municipio": "Campo Ere", "num_area": 4.3728, "mod_fiscal": 0.2424, "des_condic": "Aguardando analise", "ind_status": "AT", "dat_atuali": "27/08/2018"}, "geometry": {"type": "Polygon", "coordinates": [[[-53.08811552764919, -26.39046472201772], [-53.08917759734882, -26.39199789300982], [-53.08921005139563, -26.39251645027451], [-53.08954447637731, -26.39294616309405], [-53.09073268913854, -26.39386067614786], [-53.09072293597017, -26.39130771080061], [-53.08811552764919, -26.39046472201772]]]}}, {"type": "Feature", "properties": {"cod_imovel": "SC-4203501-7C27616A9D584FA08381615E4F21C0E1", "municipio": "Campo Ere", "num_area": 4.8235, "mod_fiscal": 0.268, "des_condic": "Aguardando analise", "ind_status": "AT", "dat_atuali": "29/04/2015"}, "geometry": {"type": "Polygon", "coordinates": [[[-53.05148848743946, -26.44030944495832], [-53.05216173732255, -26.43945628241976], [-53.04884778088468, -26.43726775642027], [-53.04803455129409, -26.43800737709342], [-53.05148848743946, -26.44030944495832]]]}}, {"type": "Feature", "properties": {"cod_imovel": "SC-4203501-C6F0D753E2DE4071A24EEB6124148519", "municipio": "Campo Ere", "num_area": 72.0478, "mod_fiscal": 4.0027, "des_condic": "Aguardando analise", "ind_status": "AT", "dat_atuali": "08/03/2018"}, "geometry": {"type": "Polygon", "coordinates": [[[-53.12453833, -26.47831972], [-53.11868083, -26.48443833], [-53.1252775, -26.48954028], [-53.12726667, -26.48958278], [-53.12913861, -26.48519306], [-53.12677306, -26.48098333], [-53.12644333, -26.47981861], [-53.12453833, -26.47831972]]]}}, {"type": "Feature", "properties": {"cod_imovel": "SC-4203501-EA907DD239924D65A4DEB8BDD93FF0EE", "municipio": "Campo Ere", "num_area": 14.8984, "mod_fiscal": 0.8277, "des_condic": "Aguardando analise", "ind_status": "AT", "dat_atuali": "23/05/2020"}, "geometry": {"type": "Polygon", "coordinates": [[[-53.16340475407079, -26.36648608925153], [-53.16346762880054, -26.36759413599149], [-53.16088039710737, -26.36921879008779], [-53.16120063141992, -26.36936931242641], [-53.16179920932669, -26.37051381616678], [-53.16182751855762, -26.37124110013948], [-53.16239228210404, -26.3723541014025], [-53.16241216191999, -26.3728493282683], [-53.16614373933685, -26.36691152481956], [-53.16513132094249, -26.36644360702558], [-53.16481289334054, -26.36709838016184], [-53.16340475407079, -26.36648608925153]]]}}, {"type": "Feature", "properties": {"cod_imovel": "SC-4203501-4AD6BE74F0644C3FA46552E6FE657534", "municipio": "Campo Ere", "num_area": 9.4493, "mod_fiscal": 0.525, "des_condic": "Aguardando analise", "ind_status": "AT", "dat_atuali": "15/12/2015"}, "geometry": {"type": "Polygon", "coordinates": [[[-53.008153438568115, -26.404689528944377], [-53.01053524017334, -26.4044012419597], [-53.01025629043579, -26.40088408275865], [-53.00780960431894, -26.40120535812799], [-53.008153438568115, -26.404689528944377]]]}}, {"type": "Feature", "properties": {"cod_imovel": "SC-4203501-99D4B7F07E2B4223992EBEA1DA02BE3A", "municipio": "Campo Ere", "num_area": 97.9015, "mod_fiscal": 5.439, "des_condic": "Aguardando analise", "ind_status": "AT", "dat_atuali": "12/12/2018"}, "geometry": {"type": "Polygon", "coordinates": [[[-53.1801911843095, -26.4993890460445], [-53.1690315125365, -26.512146183118], [-53.1684850750418, -26.5124148574022], [-53.1683800546811, -26.5126439768142], [-53.1686171048652, -26.5136450303827], [-53.1699758848713, -26.5137570860378], [-53.1714397672283, -26.5133937825978], [-53.1717003339409, -26.5136325306048], [-53.1716247747901, -26.5141576444173], [-53.1717551544163, -26.5143376328739], [-53.1742982154239, -26.5148826932179], [-53.17476030801, -26.5151656866809], [-53.1808259426754, -26.510563610033], [-53.1805134553087, -26.5088264618799], [-53.1797812422128, -26.5076072132107], [-53.1798480149594, -26.5071197840959], [-53.1801067279899, -26.5069308513468], [-53.1801870327455, -26.5066249506976], [-53.1798057549505, -26.5047614202813], [-53.1801911843095, -26.4993890460445]]]}}, {"type": "Feature", "properties": {"cod_imovel": "SC-4203501-1889FC8245A34D8F8B8249B0E34CED1E", "municipio": "Campo Ere", "num_area": 12.704, "mod_fiscal": 0.7058, "des_condic": "Aguardando analise", "ind_status": "AT", "dat_atuali": "15/08/2021"}, "geometry": {"type": "Polygon", "coordinates": [[[-53.09151649475098, -26.498383022079015], [-53.090550899505615, -26.497077178136266], [-53.08400630950927, -26.499035938486365], [-53.085165023803704, -26.500168931683834], [-53.092052936553955, -26.498767091003167], [-53.09151649475098, -26.498383022079015]]]}}, {"type": "Feature", "properties": {"cod_imovel": "SC-4203501-DF84D2494CFD46DFBF16841192BB2713", "municipio": "Campo Ere", "num_area": 16.7461, "mod_fiscal": 0.9303, "des_condic": "Aguardando analise", "ind_status": "AT", "dat_atuali": "17/09/2019"}, "geometry": {"type": "Polygon", "coordinates": [[[-53.08440351072218, -26.50195402280641], [-53.08676457325864, -26.50001205599728], [-53.08338929663213, -26.49795802662213], [-53.080714790462, -26.50138289704153], [-53.08351634049046, -26.50312404692891], [-53.08440351072218, -26.50195402280641]]]}}, {"type": "Feature", "properties": {"cod_imovel": "SC-4203501-924BC2E08F10421197794D9D21DF389D", "municipio": "Campo Ere", "num_area": 21.7735, "mod_fiscal": 1.2096, "des_condic": "Aguardando analise", "ind_status": "AT", "dat_atuali": "28/12/2017"}, "geometry": {"type": "Polygon", "coordinates": [[[-53.16077880361111, -26.47667727861111], [-53.16136553055556, -26.480357208055555], [-53.16426755861111, -26.479280840555553], [-53.16514849666667, -26.480474448055553], [-53.16701587527778, -26.478813945277775], [-53.16648575777778, -26.476127765], [-53.16077880361111, -26.47667727861111]]]}}, {"type": "Feature", "properties": {"cod_imovel": "SC-4203501-AA11E6AD36C2461799EFEEE619778827", "municipio": "Campo Ere", "num_area": 450.1278, "mod_fiscal": 25.0071, "des_condic": "Aguardando analise", "ind_status": "AT", "dat_atuali": "28/12/2017"}, "geometry": {"type": "Polygon", "coordinates": [[[-53.15710099, -26.485011466944446], [-53.158648908888885, -26.48794648388889], [-53.15857153722222, -26.490317082500002], [-53.160046155, -26.489540065833335], [-53.159032448333335, -26.49536358611111], [-53.159776045, -26.4958434], [-53.15990803416666, -26.49623436527778], [-53.15968536027778, -26.496974746666666], [-53.159891985277774, -26.498497804722223], [-53.159548727499995, -26.50001537888889], [-53.15960640111111, -26.500567669166667], [-53.16020907583333, -26.50141071638889], [-53.16072132111111, -26.502700891666667], [-53.161991637777774, -26.502834260833332], [-53.16266448444444, -26.5042356225], [-53.171849000555554, -26.488365899444446], [-53.176513021944444, -26.492731174722223], [-53.17752525583333, -26.491280545555558], [-53.176702274166665, -26.490442726666668], [-53.176165185555554, -26.489487381944446], [-53.174683198888886, -26.484632795833335], [-53.174313023888885, -26.484329394166668], [-53.17318431555555, -26.484002916944444], [-53.17249050527778, -26.483580401111112], [-53.17216119083333, -26.48303868722222], [-53.1715492, -26.480844062499997], [-53.170470584166665, -26.47986142083333], [-53.16959301861111, -26.480722079444444], [-53.16701585472222, -26.478813909444444], [-53.16514848722222, -26.480474484166663], [-53.164267547499996, -26.479280795555553], [-53.161365535, -26.48035718361111], [-53.160778844166664, -26.476677310555555], [-53.16981996083333, -26.475828596666666], [-53.16939353972222, -26.47393118333333], [-53.16891796472222, -26.473293730277778], [-53.16769855166667, -26.472338598888886], [-53.165555185277775, -26.471304785], [-53.16378309722222, -26.46897396083333], [-53.16151361527778, -26.467550652777778], [-53.15966875611111, -26.46714706861111], [-53.159993326944445, -26.472674895], [-53.156103709444444, -26.473245076666664], [-53.13817811333333, -26.47689194138889], [-53.13821093166666, -26.47747882583333], [-53.13944432361111, -26.47777885111111], [-53.139922363888886, -26.47839435], [-53.14033189805556, -26.478624585277775], [-53.14111198972222, -26.478215043611108], [-53.14137934611111, -26.478544432222222], [-53.154542353055554, -26.477268885277777], [-53.157628895, -26.480818782222222], [-53.156200505, -26.483015215], [-53.15679530805556, -26.484964010833334], [-53.15710099, -26.485011466944446]]]}}, {"type": "Feature", "properties": {"cod_imovel": "SC-4203501-CDEDE253A1F849F79DAC9B20594E3F96", "municipio": "Campo Ere", "num_area": 61.8297, "mod_fiscal": 3.435, "des_condic": "Aguardando analise", "ind_status": "AT", "dat_atuali": "23/05/2020"}, "geometry": {"type": "Polygon", "coordinates": [[[-53.18481752245365, -26.37793793415761], [-53.18455503252885, -26.37488715234718], [-53.18425153677116, -26.37480284315018], [-53.184028476118, -26.37445814492235], [-53.18338820325841, -26.37447993080047], [-53.18256807275521, -26.37425918579888], [-53.18173263907551, -26.37436862367519], [-53.18022772707227, -26.37398653066208], [-53.17993887740281, -26.37259824614984], [-53.17421392210381, -26.37332927603896], [-53.17500658778247, -26.37395001505568], [-53.17339034026409, -26.37417661284279], [-53.17546905778669, -26.37989349162601], [-53.18481752245365, -26.37793793415761]]]}}, {"type": "Feature", "properties": {"cod_imovel": "SC-4203501-201267DF7D1D467D9EDDEB870193364D", "municipio": "Campo Ere", "num_area": 302.0227, "mod_fiscal": 16.779, "des_condic": "Aguardando analise", "ind_status": "AT", "dat_atuali": "28/12/2017"}, "geometry": {"type": "Polygon", "coordinates": [[[-53.14206366083333, -26.449740368055554], [-53.140971915277774, -26.45228440861111], [-53.14023604055556, -26.45314563611111], [-53.14040344694445, -26.453989084444444], [-53.141249807777776, -26.455039958055554], [-53.14137009583333, -26.45592662083333], [-53.14124165416666, -26.45621943722222], [-53.14142333277778, -26.45716691333333], [-53.14134136222222, -26.457727720833333], [-53.14089161111111, -26.459113192777778], [-53.14103592361111, -26.45931473388889], [-53.140931181666666, -26.46031948361111], [-53.14113078111111, -26.461032119166667], [-53.14081299805556, -26.461882117777776], [-53.14029131861111, -26.462286065555556], [-53.13976407333333, -26.464915321388887], [-53.139600655833334, -26.46497688722222], [-53.139238963333334, -26.465942525], [-53.13874380666667, -26.46624733222222], [-53.138910392777774, -26.466747374166665], [-53.13882519222222, -26.467291621944444], [-53.138563904444446, -26.467478301666667], [-53.13825298527778, -26.468088476388886], [-53.1375976275, -26.46867321222222], [-53.13779533305556, -26.468925491944443], [-53.13746252888889, -26.46916044361111], [-53.13764689888889, -26.469846776944443], [-53.13793211916666, -26.46992906], [-53.13820387444444, -26.469809193333333], [-53.13842283305556, -26.47023444222222], [-53.1386183425, -26.470210484166664], [-53.13885805611111, -26.47049444388889], [-53.13845488472222, -26.470904733888887], [-53.13771150361111, -26.47110107], [-53.137686235277776, -26.471329070277775], [-53.13733254388889, -26.471530308888887], [-53.137553358055555, -26.47179009472222], [-53.13820319138889, -26.471713755], [-53.13858451833333, -26.471987380555554], [-53.13910459361111, -26.471987440277776], [-53.13966774083333, -26.4724833425], [-53.13835084555556, -26.474031084166665], [-53.138459665, -26.474367727777775], [-53.13873879055556, -26.474504794166666], [-53.138784718888886, -26.475193108888888], [-53.138618656388886, -26.475594973055554], [-53.138737713055555, -26.47568795638889], [-53.13814090416667, -26.47607849361111], [-53.138001072222224, -26.47638050361111], [-53.137562994166665, -26.476580119166666], [-53.13817811333333, -26.47689194138889], [-53.15342063222222, -26.473791090277775], [-53.15321860583333, -26.462510398055556], [-53.15103749527778, -26.46067600388889], [-53.14933610055556, -26.45873597583333], [-53.14704759611111, -26.456705021666664], [-53.14647420638889, -26.455956857777778], [-53.14625206388889, -26.455013878888888], [-53.14631920888889, -26.45182246583333], [-53.14587448555555, -26.450625153333334], [-53.145472554166666, -26.450313224444443], [-53.14473397138889, -26.450073589722223], [-53.14206366083333, -26.449740368055554]]]}}, {"type": "Feature", "properties": {"cod_imovel": "SC-4203501-8E1449466C1C46699B500E7477D4514B", "municipio": "Campo Ere", "num_area": 304.4918, "mod_fiscal": 16.9162, "des_condic": "Aguardando analise", "ind_status": "AT", "dat_atuali": "26/09/2019"}, "geometry": {"type": "Polygon", "coordinates": [[[-53.2314553720209, -26.3902029143452], [-53.239956085271, -26.3726426361049], [-53.2393199741254, -26.3723843030935], [-53.2390569189653, -26.3719773582313], [-53.238024696359, -26.371138469414], [-53.2371946963841, -26.3713884698421], [-53.2368985853833, -26.3717148581985], [-53.2362971962544, -26.3719573581575], [-53.2348813632028, -26.3701334691899], [-53.2343627523442, -26.3711479140558], [-53.233934418289, -26.3713365250184], [-53.2333219182524, -26.3706043022959], [-53.2335791404737, -26.3705020805883], [-53.2332177517173, -26.3700470799769], [-53.2333316403955, -26.3699098579407], [-53.233088029414, -26.3697476355356], [-53.2330652522328, -26.3694615250983], [-53.2332319184982, -26.3692387473967], [-53.2330933070863, -26.3689912472311], [-53.2342663635422, -26.367836247023], [-53.2340021962251, -26.3675756913214], [-53.2340085849799, -26.367358191315], [-53.2329449737669, -26.3682179133386], [-53.2326360852867, -26.3683368023378], [-53.2318058078003, -26.3679970800279], [-53.2315366406169, -26.3680806913808], [-53.2312519183481, -26.3685381917422], [-53.2305880295428, -26.3690406910735], [-53.2296694184587, -26.369104858144], [-53.2286441405042, -26.3695573582501], [-53.2283552521302, -26.3699920799948], [-53.2271238933894, -26.3700923695922], [-53.2271864866905, -26.3709161796658], [-53.226025530325, -26.3718529134104], [-53.2247696967452, -26.3732615245078], [-53.2240496965785, -26.3734945799913], [-53.2240294187715, -26.3739148578636], [-53.2243821962316, -26.3741812463028], [-53.2237205300953, -26.3755531911442], [-53.2231463630954, -26.3758854132259], [-53.2231924742979, -26.3765920794798], [-53.2225999741072, -26.3769068020091], [-53.2218660851304, -26.3766018019391], [-53.2217566413416, -26.3767281912903], [-53.2220130303567, -26.3769804130329], [-53.2219008080212, -26.3773970796418], [-53.2222663633008, -26.377820135149], [-53.2222402524599, -26.3782137463282], [-53.2214930302669, -26.3788990244927], [-53.2203921965457, -26.3794373572054], [-53.2198969188129, -26.3787373576612], [-53.2203324748408, -26.3784640239251], [-53.2204208075916, -26.3779715242263], [-53.220289419062, -26.3777634684377], [-53.2199063635453, -26.3783051351164], [-53.2193152525377, -26.3786240245077], [-53.2192438636903, -26.3791629134179], [-53.2188177517518, -26.3797540241125], [-53.2189508077527, -26.3799018018388], [-53.2196980302919, -26.3796718015344], [-53.2202005300464, -26.3800609689767], [-53.2201455303195, -26.3803765239009], [-53.2197049742214, -26.3809631906933], [-53.2188119190815, -26.3814879126856], [-53.217859141586, -26.3813615243124], [-53.2180124748338, -26.3817145794692], [-53.218563586009, -26.3817487466786], [-53.2188383078105, -26.382219579967], [-53.2205080303602, -26.382442913494], [-53.2210977519002, -26.3822493024256], [-53.2211808073689, -26.3824709683375], [-53.2207730299782, -26.3829851351464], [-53.221060252236, -26.3833729132218], [-53.2220771962032, -26.3834031909744], [-53.2233179827111, -26.3829909130461], [-53.2240496180546, -26.384146236114], [-53.2239347098524, -26.3849039233775], [-53.2235924738622, -26.385020690976], [-53.2230410857265, -26.3857773576544], [-53.222333585051, -26.3858304129867], [-53.2217019191368, -26.3862554133029], [-53.2220274746748, -26.387311802334], [-53.2227713632314, -26.3881415240989], [-53.2232669191128, -26.3884565245768], [-53.2231494184697, -26.3895170799077], [-53.222442751966, -26.3900618024326], [-53.2204319190868, -26.3902418016388], [-53.2206774745315, -26.3907479134117], [-53.2207288632809, -26.3916879129764], [-53.220978585037, -26.3918151357235], [-53.2213627520284, -26.3916951349398], [-53.222096363058, -26.3909595796877], [-53.2236669189779, -26.3904193017168], [-53.2239621960945, -26.3905684689418], [-53.2241827521906, -26.3909251356574], [-53.2245927521966, -26.3909451356658], [-53.2253440060344, -26.3913224172954], [-53.227708559621, -26.3905617034022], [-53.2293502735855, -26.3905058392016], [-53.2314553720209, -26.3902029143452]]]}}, {"type": "Feature", "properties": {"cod_imovel": "SC-4203501-D7D323D0FDF544D6BC556CE711A987F7", "municipio": "Campo Ere", "num_area": 55.6456, "mod_fiscal": 3.0914, "des_condic": "Aguardando analise", "ind_status": "AT", "dat_atuali": "21/12/2017"}, "geometry": {"type": "Polygon", "coordinates": [[[-53.076994148056, -26.461072698611], [-53.065710830278, -26.461831160833], [-53.064715305833, -26.463738128611002], [-53.063782052222, -26.464861473889], [-53.072825679444, -26.467982993611], [-53.073627091111, -26.465763043333], [-53.0740977025, -26.465116260278], [-53.074363977222, -26.464268266389], [-53.074682028056, -26.463833436111], [-53.074434950833, -26.463300115], [-53.074406411111, -26.462316715833], [-53.076471718333, -26.462286697222], [-53.076994148056, -26.461072698611]]]}}, {"type": "Feature", "properties": {"cod_imovel": "SC-4203501-A3D131452F714231B1D8BC8904C33270", "municipio": "Campo Ere", "num_area": 62.1911, "mod_fiscal": 3.4551, "des_condic": "Aguardando analise", "ind_status": "AT", "dat_atuali": "27/09/2019"}, "geometry": {"type": "Polygon", "coordinates": [[[-53.2117976525042, -26.3749281483114], [-53.2133523880788, -26.3718256397684], [-53.213029163801, -26.3718240151669], [-53.2123627121033, -26.370658878875], [-53.2120794130913, -26.3705700398444], [-53.2116914728824, -26.3707687448996], [-53.2111624460139, -26.371375316652], [-53.210434678718, -26.3714694482728], [-53.2097791207451, -26.3721260255568], [-53.2084098070817, -26.3727301368578], [-53.2081885294107, -26.3734369888202], [-53.2065849837807, -26.3753125414667], [-53.2064468749902, -26.3760235159394], [-53.205716146861, -26.3770552218982], [-53.2056595352481, -26.3774155733875], [-53.2047087080924, -26.3782526101143], [-53.2044697506743, -26.3794865427397], [-53.2038521580631, -26.3802438734607], [-53.2080798989721, -26.3811031361787], [-53.20804722, -26.3814952792483], [-53.21204972, -26.3815924992483], [-53.2117416294287, -26.3777401954576], [-53.2117976525042, -26.3749281483114]]]}}, {"type": "Feature", "properties": {"cod_imovel": "SC-4203501-2038EF6E193943B8B2B04E7C7E6273CE", "municipio": "Campo Ere", "num_area": 8.2388, "mod_fiscal": 0.4577, "des_condic": "Aguardando analise", "ind_status": "AT", "dat_atuali": "21/12/2017"}, "geometry": {"type": "Polygon", "coordinates": [[[-53.07206169888901, -26.471532767778], [-53.073482879444, -26.468339304722], [-53.074509076667, -26.465569903611], [-53.076471718333, -26.462286697222], [-53.074406411111, -26.462316715833], [-53.074434950833, -26.463300115], [-53.074682028056, -26.463833436111], [-53.074363977222, -26.464268266389], [-53.0740977025, -26.465116260278], [-53.073627091111, -26.465763043333], [-53.072502869167, -26.468767439444], [-53.071839467778, -26.4714964575], [-53.07206169888901, -26.471532767778]]]}}, {"type": "Feature", "properties": {"cod_imovel": "SC-4203501-FE33B931AD204E57981BB35FB748E1A3", "municipio": "Campo Ere", "num_area": 44.1535, "mod_fiscal": 2.453, "des_condic": "Aguardando analise", "ind_status": "AT", "dat_atuali": "10/07/2020"}, "geometry": {"type": "Polygon", "coordinates": [[[-53.19175802149076, -26.45416652413232], [-53.18424623137668, -26.45449016883126], [-53.18597795148498, -26.45884309654181], [-53.18654140290364, -26.45899779398711], [-53.18709448200486, -26.45978441089593], [-53.1877749925842, -26.46025133094627], [-53.18836667492043, -26.46035441039394], [-53.18919444514317, -26.46016823961509], [-53.18954810561317, -26.46030428238998], [-53.19073613858134, -26.46028940028163], [-53.19281416719431, -26.45967506004004], [-53.19175802149076, -26.45416652413232]]]}}, {"type": "Feature", "properties": {"cod_imovel": "SC-4203501-2A5FC88377E24E1B879B971C8AD46816", "municipio": "Campo Ere", "num_area": 3.433, "mod_fiscal": 0.1907, "des_condic": "Aguardando analise", "ind_status": "AT", "dat_atuali": "19/06/2020"}, "geometry": {"type": "Polygon", "coordinates": [[[-53.17197302482449, -26.403042597624], [-53.17207115842522, -26.40382761400959], [-53.17254721303318, -26.40389728068411], [-53.17403261788926, -26.40294053672306], [-53.17427665838484, -26.4020709426328], [-53.1728366033047, -26.40170592165958], [-53.17197302482449, -26.403042597624]]]}}, {"type": "Feature", "properties": {"cod_imovel": "SC-4203501-B88E1F0994D949BE9DC19D1A413F6602", "municipio": "Campo Ere", "num_area": 99.7169, "mod_fiscal": 5.5398, "des_condic": "Aguardando analise", "ind_status": "AT", "dat_atuali": "21/12/2017"}, "geometry": {"type": "Polygon", "coordinates": [[[-53.077149377222, -26.461710887778], [-53.07687199638901, -26.462356510278], [-53.08172644472201, -26.463731094722], [-53.086006826111, -26.468857356389], [-53.086593811111, -26.468359193611], [-53.086377706389, -26.468912591389], [-53.085827670556, -26.469362957222], [-53.085350413889, -26.470437903889], [-53.084911453056, -26.470254471667], [-53.084138529167, -26.469649739167004], [-53.083439838611, -26.467797846389], [-53.081538883889, -26.467908005556], [-53.081155628333, -26.467689882778], [-53.081777315833, -26.465997588333], [-53.080902734167, -26.464913033611], [-53.0801626925, -26.464437279722], [-53.079811241667, -26.464379003889004], [-53.079037551944, -26.464533878056002], [-53.078527864722005, -26.4643177875], [-53.078260165, -26.4644994825], [-53.078402315833, -26.466601645], [-53.082743808333, -26.470515397778], [-53.083783484444, -26.472527753889], [-53.084019983889, -26.472336456944003], [-53.084810830278, -26.472560807778], [-53.085117791667, -26.472848261944], [-53.085164282778, -26.473182295], [-53.085705773611, -26.473472000833], [-53.0858673375, -26.473382615278002], [-53.085973608889, -26.473557056667], [-53.086309708056, -26.4735097425], [-53.086941619722, -26.473891447778], [-53.08694161694401, -26.473754859444], [-53.087404054444, -26.4736510775], [-53.088829614722, -26.474266391389], [-53.089004287778, -26.474176995278], [-53.089732838333006, -26.474410703611003], [-53.09000025527801, -26.474766345556], [-53.0902998775, -26.474596436667], [-53.09067291138901, -26.474732378056], [-53.094469862778, -26.465056201389], [-53.093914065, -26.465030767222], [-53.09313275, -26.466356333333], [-53.092083969444, -26.467140254722], [-53.084433903056, -26.463962080833], [-53.077149377222, -26.461710887778]]]}}, {"type": "Feature", "properties": {"cod_imovel": "SC-4203501-CECAA69984EC4782AD479CA7AA291887", "municipio": "Campo Ere", "num_area": 131.6724, "mod_fiscal": 7.3151, "des_condic": "Aguardando analise", "ind_status": "AT", "dat_atuali": "28/12/2017"}, "geometry": {"type": "Polygon", "coordinates": [[[-53.12854938833333, -26.40105211611111], [-53.12800597583333, -26.400412852777777], [-53.12723631722222, -26.40013750611111], [-53.12736457166667, -26.399967551388887], [-53.12722260611111, -26.399600273333334], [-53.126542111666666, -26.399256563055555], [-53.1262812725, -26.398944266111112], [-53.1261316225, -26.398954144444446], [-53.12609039833333, -26.3991694125], [-53.125771405, -26.399003814166665], [-53.12525803055556, -26.399045406666666], [-53.125486241944444, -26.398845050277778], [-53.12516573111111, -26.398599271944445], [-53.124845319722226, -26.39871722222222], [-53.12489736138889, -26.398554015555554], [-53.12474610416667, -26.398459165555554], [-53.12433899333333, -26.39845463472222], [-53.124561397777775, -26.398260584722223], [-53.124289178055555, -26.39806741888889], [-53.1241459575, -26.398206698888888], [-53.12358607861111, -26.39803782222222], [-53.123245751666666, -26.398125025555554], [-53.12257534166667, -26.397653661666666], [-53.11516728055555, -26.399167049722223], [-53.115072519444446, -26.398816638333333], [-53.12240498055556, -26.39727553333333], [-53.122315755833334, -26.397088249444444], [-53.12207814083333, -26.397088074444444], [-53.122075511944445, -26.396842996388887], [-53.1217934325, -26.396744866944445], [-53.12109684861111, -26.395804441944446], [-53.12091549722222, -26.395813476111112], [-53.12077291166667, -26.395081899444445], [-53.120477352222224, -26.395109558055555], [-53.120058990555556, -26.393789455833332], [-53.120166428055555, -26.39350343111111], [-53.119750965, -26.39300789972222], [-53.11392662083333, -26.39439767388889], [-53.116029232222225, -26.402560860833333], [-53.1168826175, -26.406698645555554], [-53.12728079777778, -26.404723736944444], [-53.1274291925, -26.404440708055553], [-53.12794914, -26.404120317777778], [-53.12837010388889, -26.40329815138889], [-53.129100853611114, -26.402813793055554], [-53.12932867833334, -26.402478296666665], [-53.12963185472222, -26.402396839444442], [-53.12958853333333, -26.402140599166664], [-53.1297635825, -26.402022591666665], [-53.129467258333335, -26.40195807583333], [-53.12975992388889, -26.401552098333333], [-53.129702100555555, -26.401163235833334], [-53.129023876944444, -26.40086932583333], [-53.12854938833333, -26.40105211611111]]]}}, {"type": "Feature", "properties": {"cod_imovel": "SC-4203501-D7E8C71FDD7C415B8B04FE1596DABD08", "municipio": "Campo Ere", "num_area": 158.3714, "mod_fiscal": 8.7984, "des_condic": "Aguardando analise", "ind_status": "AT", "dat_atuali": "28/12/2017"}, "geometry": {"type": "Polygon", "coordinates": [[[-53.13266199833333, -26.43564333], [-53.130216761111114, -26.444533104166666], [-53.140696212222224, -26.441953492222222], [-53.14133290361111, -26.440769690833335], [-53.14296498638889, -26.439411561944446], [-53.14333210611111, -26.439389502222223], [-53.14341262333333, -26.438417424444445], [-53.144533465277775, -26.437279624722223], [-53.14427991527778, -26.437029606666666], [-53.143318415833335, -26.43683753], [-53.14251142972222, -26.436337671944443], [-53.141980277222224, -26.4357977525], [-53.141319617777775, -26.435657127777777], [-53.14060498111111, -26.43574902], [-53.140292618888886, -26.43558169138889], [-53.14004214222222, -26.434291783888888], [-53.14034404583333, -26.43369321361111], [-53.14028286666667, -26.43354859388889], [-53.13975660333333, -26.433466843333335], [-53.138005819722224, -26.434196045], [-53.1370494275, -26.434144826111112], [-53.136987463055554, -26.43453772138889], [-53.13682370638889, -26.43468631111111], [-53.136486062222225, -26.434646340555556], [-53.13647102472222, -26.434787110555554], [-53.135941905277775, -26.434642589166668], [-53.135520175833335, -26.43401301888889], [-53.13467760722222, -26.433562906666666], [-53.1344787025, -26.433705078333332], [-53.13416791833333, -26.433487160277778], [-53.13418215055555, -26.433750303055557], [-53.1337596325, -26.433706286666666], [-53.13377878833333, -26.433908587222223], [-53.13359503611111, -26.43397219], [-53.132566275, -26.43392589361111], [-53.13246926805556, -26.43347432361111], [-53.13198551083333, -26.4331501125], [-53.131868955555554, -26.432536476944446], [-53.13159855833334, -26.43257886916667], [-53.13165653805556, -26.4324500225], [-53.130756865, -26.432176067222223], [-53.12118294361111, -26.44076804166667], [-53.121714035277776, -26.441283727222224], [-53.12242797583333, -26.442370924444443], [-53.12426928833333, -26.443175524444445], [-53.13266199833333, -26.43564333]]]}}, {"type": "Feature", "properties": {"cod_imovel": "SC-4203501-6AC9903C9C31495B8B464AC208162EEF", "municipio": "Campo Ere", "num_area": 72.4608, "mod_fiscal": 4.0256, "des_condic": "Aguardando analise", "ind_status": "AT", "dat_atuali": "15/07/2019"}, "geometry": {"type": "Polygon", "coordinates": [[[-53.01716666, -26.39241761], [-53.01704215, -26.40562018], [-53.01838382, -26.40719886], [-53.01994028, -26.40040861], [-53.0205525, -26.40047194], [-53.02085833, -26.40066722], [-53.02111206, -26.39956762], [-53.02259891, -26.39714919], [-53.0230546, -26.39665684], [-53.02752473, -26.39398526], [-53.02847695, -26.39382975], [-53.02858199, -26.39320108], [-53.01716666, -26.39241761]]]}}, {"type": "Feature", "properties": {"cod_imovel": "SC-4203501-490A8744D4994AE08EC23F8D69EBF16A", "municipio": "Campo Ere", "num_area": 2.8385, "mod_fiscal": 0.1577, "des_condic": "Aguardando analise", "ind_status": "AT", "dat_atuali": "25/04/2019"}, "geometry": {"type": "Polygon", "coordinates": [[[-53.06663399824307, -26.39420658740157], [-53.06497984183988, -26.3944947456038], [-53.06535161870447, -26.39577215736303], [-53.06651541757559, -26.39591665254618], [-53.06705315526834, -26.39580603293132], [-53.06663399824307, -26.39420658740157]]]}}, {"type": "Feature", "properties": {"cod_imovel": "SC-4203501-1B13E7E2585F40A3B718973BF954C17A", "municipio": "Campo Ere", "num_area": 13.5262, "mod_fiscal": 0.7515, "des_condic": "Aguardando analise", "ind_status": "AT", "dat_atuali": "13/10/2020"}, "geometry": {"type": "Polygon", "coordinates": [[[-53.221421241760254, -26.485112652595273], [-53.223159313201904, -26.482577472885538], [-53.221657276153564, -26.47937000635588], [-53.2187819480896, -26.483691422368715], [-53.221421241760254, -26.485112652595273]]]}}, {"type": "Feature", "properties": {"cod_imovel": "SC-4203501-06D3F2B390A846169812A43F88B15162", "municipio": "Campo Ere", "num_area": 16.6873, "mod_fiscal": 0.9271, "des_condic": "Aguardando analise", "ind_status": "AT", "dat_atuali": "29/12/2020"}, "geometry": {"type": "Polygon", "coordinates": [[[-52.9982738382561, -26.3635741345441], [-52.9970915770458, -26.3661427540357], [-52.9978928063116, -26.3690094802589], [-52.9990474315615, -26.3685590966289], [-52.9989724239122, -26.366796801553], [-53.0014146724217, -26.3667313436966], [-53.0013100887149, -26.3635317239912], [-52.9982738382561, -26.3635741345441]]]}}, {"type": "Feature", "properties": {"cod_imovel": "SC-4203501-01583F6E4BDF4DFBAA446A8D77554378", "municipio": "Campo Ere", "num_area": 6.8158, "mod_fiscal": 0.3787, "des_condic": "Aguardando analise", "ind_status": "AT", "dat_atuali": "31/12/2020"}, "geometry": {"type": "Polygon", "coordinates": [[[-53.0779441972832, -26.4914094229851], [-53.0739004351317, -26.4963443441216], [-53.0742437637445, -26.4968026492219], [-53.0745378456642, -26.496693624144], [-53.0744921207468, -26.4969894359122], [-53.0780260796609, -26.4932805278545], [-53.0779441972832, -26.4914094229851]]]}}, {"type": "Feature", "properties": {"cod_imovel": "SC-4203501-19C4E097766C4A8E9FA8E83FBFC9DB65", "municipio": "Campo Ere", "num_area": 24.7712, "mod_fiscal": 1.3762, "des_condic": "Aguardando analise", "ind_status": "AT", "dat_atuali": "25/08/2020"}, "geometry": {"type": "Polygon", "coordinates": [[[-53.23865312474085, -26.45182681853054], [-53.2437307802404, -26.44443102697397], [-53.24269595496627, -26.44387536335555], [-53.24123440855006, -26.44344144737907], [-53.23648885941382, -26.45070237558335], [-53.23865312474085, -26.45182681853054]]]}}, {"type": "Feature", "properties": {"cod_imovel": "SC-4203501-15A1F458D50A42ACA791370C4A1EBBD7", "municipio": "Campo Ere", "num_area": 47.8992, "mod_fiscal": 2.6611, "des_condic": "Aguardando analise", "ind_status": "AT", "dat_atuali": "23/05/2020"}, "geometry": {"type": "Polygon", "coordinates": [[[-53.20029994857834, -26.38208638113692], [-53.19389564088288, -26.37479539342871], [-53.18994432329212, -26.37777093903085], [-53.19612890328726, -26.3840897367635], [-53.20029994857834, -26.38208638113692]]]}}, {"type": "Feature", "properties": {"cod_imovel": "SC-4203501-8892F65BCA0B4704B33B846AEF5C0AED", "municipio": "Campo Ere", "num_area": 24.4443, "mod_fiscal": 1.358, "des_condic": "Aguardando analise", "ind_status": "AT", "dat_atuali": "23/05/2020"}, "geometry": {"type": "Polygon", "coordinates": [[[-53.18503126769182, -26.38030732865133], [-53.18481836872392, -26.37793715411983], [-53.17815819144246, -26.37933362436893], [-53.17968051249922, -26.38173330434157], [-53.17995987169375, -26.38410838537583], [-53.18503126769182, -26.38030732865133]]]}}, {"type": "Feature", "properties": {"cod_imovel": "SC-4203501-4197317326EB4F5AAB7E69B4485BE33C", "municipio": "Campo Ere", "num_area": 16.0363, "mod_fiscal": 0.8909, "des_condic": "Aguardando analise", "ind_status": "AT", "dat_atuali": "31/12/2020"}, "geometry": {"type": "Polygon", "coordinates": [[[-53.0749898727651, -26.4904453717841], [-53.0728706906523, -26.4929480288156], [-53.0729158871976, -26.4932800182625], [-53.0735579286646, -26.4937718229592], [-53.0736702534827, -26.4940615133378], [-53.0733852059498, -26.4948123756555], [-53.073827477735, -26.4953749148686], [-53.0737499507443, -26.495723466266], [-53.0739054008878, -26.495780488013], [-53.0739004351317, -26.4963443441216], [-53.0779441972832, -26.4914094229851], [-53.0773527200017, -26.4906209077367], [-53.0749898727651, -26.4904453717841]]]}}, {"type": "Feature", "properties": {"cod_imovel": "SC-4203501-61F40D7E68A646F0AD11C5079116430D", "municipio": "Campo Ere", "num_area": 50.82, "mod_fiscal": 2.8233, "des_condic": "Aguardando analise", "ind_status": "AT", "dat_atuali": "23/09/2020"}, "geometry": {"type": "Polygon", "coordinates": [[[-53.1326361111111, -26.4333290686866], [-53.1332095, -26.4341565714643], [-53.1334193444444, -26.4341493686865], [-53.1333881222222, -26.4340016992421], [-53.1347222888889, -26.433427263131], [-53.1347187138889, -26.4324164075755], [-53.1350444138889, -26.431437263131], [-53.1344614916667, -26.4297799881311], [-53.1242440111111, -26.4250174020201], [-53.1209494555556, -26.4268233797978], [-53.1227062944444, -26.4279976047978], [-53.1246266861111, -26.42810887702], [-53.1269193444444, -26.4292318214644], [-53.1276727138889, -26.4297926992422], [-53.1277699888889, -26.4305499297977], [-53.1283723638889, -26.4314109047977], [-53.1292895361111, -26.4314927047977], [-53.1299469277778, -26.4310802686866], [-53.1304724583333, -26.4310724353533], [-53.1307415083333, -26.4322038714644], [-53.1318054972222, -26.432667113131], [-53.1326361111111, -26.4333290686866]]]}}, {"type": "Feature", "properties": {"cod_imovel": "SC-4203501-659CB4FE14934C43A52AD705C88950C6", "municipio": "Campo Ere", "num_area": 23.8357, "mod_fiscal": 1.3242, "des_condic": "Aguardando analise", "ind_status": "AT", "dat_atuali": "29/12/2020"}, "geometry": {"type": "Polygon", "coordinates": [[[-52.9986447734592, -26.3604052106398], [-52.994846863564, -26.3627654890875], [-52.9982779641017, -26.3635740769577], [-53.0013100887149, -26.3635317239912], [-53.0014146724217, -26.3667313436966], [-53.0029754909934, -26.3666935288648], [-53.0040416940277, -26.3634924296424], [-52.9986447734592, -26.3604052106398]]]}}, {"type": "Feature", "properties": {"cod_imovel": "SC-4203501-78B233201A2A41A2B306197AE1FBC627", "municipio": "Campo Ere", "num_area": 50.9733, "mod_fiscal": 2.8319, "des_condic": "Aguardando analise", "ind_status": "AT", "dat_atuali": "04/09/2020"}, "geometry": {"type": "Polygon", "coordinates": [[[-53.1151632305556, -26.3991688409095], [-53.1128282027778, -26.3996082353539], [-53.1109696583333, -26.3994504436872], [-53.1162585583333, -26.4161811686869], [-53.1168911666667, -26.406698582576], [-53.1151632305556, -26.3991688409095]]]}}, {"type": "Feature", "properties": {"cod_imovel": "SC-4203501-A50E9290900542FF90B54DB9E780445A", "municipio": "Campo Ere", "num_area": 51.4788, "mod_fiscal": 2.8599, "des_condic": "Aguardando analise", "ind_status": "AT", "dat_atuali": "20/11/2020"}, "geometry": {"type": "Polygon", "coordinates": [[[-53.0944691218358, -26.4206099984175], [-53.0945819942397, -26.4216435303245], [-53.0947551932477, -26.4219542576697], [-53.0977996715535, -26.424206060312], [-53.1058785023648, -26.4171636439374], [-53.1054621750817, -26.4169241209945], [-53.1053204113504, -26.4162145215779], [-53.104711321943, -26.4156588544158], [-53.1041564548151, -26.415434145234], [-53.1041263851346, -26.4152299594828], [-53.1043996816197, -26.4149605715782], [-53.1041734172049, -26.4148623201308], [-53.1039737673691, -26.4144245753387], [-53.0944691218358, -26.4206099984175]]]}}, {"type": "Feature", "properties": {"cod_imovel": "SC-4203501-B7733509845242BEB9F030F95ED36E6B", "municipio": "Campo Ere", "num_area": 35.9176, "mod_fiscal": 1.9954, "des_condic": "Aguardando analise", "ind_status": "AT", "dat_atuali": "11/11/2020"}, "geometry": {"type": "Polygon", "coordinates": [[[-53.1168911666667, -26.406698582576], [-53.1157562583333, -26.4235554797979], [-53.1167884666667, -26.4238267214645], [-53.1170137583333, -26.4240251075756], [-53.1172175861111, -26.4219728297979], [-53.1180875138889, -26.4223385825757], [-53.1185591555556, -26.4063778686871], [-53.1168911666667, -26.406698582576]]]}}, {"type": "Feature", "properties": {"cod_imovel": "SC-4203501-88526C605F15434B8A55B79FECCE5E7D", "municipio": "Campo Ere", "num_area": 12.1392, "mod_fiscal": 0.6744, "des_condic": "Aguardando analise", "ind_status": "AT", "dat_atuali": "17/09/2020"}, "geometry": {"type": "Polygon", "coordinates": [[[-53.1872214877, -26.4654808023], [-53.18731796748399, -26.46689800586532], [-53.19204280941187, -26.46586564897496], [-53.19218373961719, -26.4633877059282], [-53.18755845220814, -26.46469547109943], [-53.1872214877, -26.4654808023]]]}}, {"type": "Feature", "properties": {"cod_imovel": "SC-4203501-8C6A9456F43642F1ACFC8079986F6FF9", "municipio": "Campo Ere", "num_area": 14.9398, "mod_fiscal": 0.8298, "des_condic": "Aguardando analise", "ind_status": "AT", "dat_atuali": "27/10/2020"}, "geometry": {"type": "Polygon", "coordinates": [[[-53.14411191602876, -26.34673598077915], [-53.14686506077424, -26.34928393896439], [-53.14919965031118, -26.34781893915776], [-53.14782535722275, -26.34688513102659], [-53.14640564925541, -26.34688424263818], [-53.14637650177319, -26.34669486032206], [-53.14748757047495, -26.34560268432113], [-53.14869066791442, -26.34612725541314], [-53.14919471740723, -26.344844943524837], [-53.148980140686035, -26.344652652717823], [-53.14863681793212, -26.34492185975816], [-53.14792451543534, -26.34478463483276], [-53.14650294559588, -26.34521200122819], [-53.14439521069408, -26.34483938385903], [-53.14411130856438, -26.34508685040651], [-53.14396571734923, -26.34599303677032], [-53.14411191602876, -26.34673598077915]]]}}, {"type": "Feature", "properties": {"cod_imovel": "SC-4203501-9B53BDCD175145C1837375B107D982C9", "municipio": "Campo Ere", "num_area": 7.2486, "mod_fiscal": 0.4027, "des_condic": "Aguardando analise", "ind_status": "AT", "dat_atuali": "10/11/2020"}, "geometry": {"type": "Polygon", "coordinates": [[[-53.18060449816226, -26.4949282225444], [-53.18266722171952, -26.49270142792894], [-53.18219084362533, -26.49180305177864], [-53.17979784055881, -26.49008392734075], [-53.18060449816226, -26.4949282225444]]]}}, {"type": "Feature", "properties": {"cod_imovel": "SC-4203501-9B91E9A12E6C413FB4AD5AA572E6047B", "municipio": "Campo Ere", "num_area": 26.2148, "mod_fiscal": 1.4564, "des_condic": "Aguardando analise", "ind_status": "AT", "dat_atuali": "23/09/2020"}, "geometry": {"type": "Polygon", "coordinates": [[[-53.1197951305556, -26.4202624686868], [-53.1197144277778, -26.4260070159089], [-53.1208860361111, -26.4266446936867], [-53.1209494555556, -26.4268233797978], [-53.1242440111111, -26.4250174020201], [-53.12396495, -26.4209692520201], [-53.1197951305556, -26.4202624686868]]]}}, {"type": "Feature", "properties": {"cod_imovel": "SC-4203501-A65E5654645F41079A38E7A78297FA62", "municipio": "Campo Ere", "num_area": 145.2951, "mod_fiscal": 8.072, "des_condic": "Aguardando analise", "ind_status": "AT", "dat_atuali": "04/09/2020"}, "geometry": {"type": "Polygon", "coordinates": [[[-53.1055217666667, -26.3987253159095], [-53.1100960805556, -26.4193577075757], [-53.1102866444444, -26.4195976659091], [-53.1104931888889, -26.4194038686868], [-53.1106072527778, -26.4195261075757], [-53.1111816083333, -26.4192697825757], [-53.1112471555556, -26.4194145159091], [-53.1114028472222, -26.419328079798], [-53.1119881972222, -26.4194837520202], [-53.1120884222222, -26.4196452020202], [-53.112348525, -26.4194692492424], [-53.1130291111111, -26.4195956575757], [-53.1130975388889, -26.4198290242424], [-53.1128428916667, -26.4207049936868], [-53.1132035888889, -26.4206500020202], [-53.1142097694444, -26.4215458353535], [-53.1147851305556, -26.4216158992424], [-53.1149575611111, -26.4220978797979], [-53.1151489611111, -26.4221032686868], [-53.1152445388889, -26.4227516436868], [-53.1155509194444, -26.4230228131312], [-53.1152903833333, -26.4233498131312], [-53.1157562583333, -26.4235554797979], [-53.1162585583333, -26.4161811686869], [-53.1109696583333, -26.3994504436872], [-53.1055217666667, -26.3987253159095]]]}}, {"type": "Feature", "properties": {"cod_imovel": "SC-4203501-AE43B2F2612842C498A3201967E99017", "municipio": "Campo Ere", "num_area": 6.9245, "mod_fiscal": 0.3847, "des_condic": "Aguardando analise", "ind_status": "AT", "dat_atuali": "31/12/2020"}, "geometry": {"type": "Polygon", "coordinates": [[[-53.0779441972832, -26.4914094229851], [-53.0780260796609, -26.4932805278545], [-53.0812336527926, -26.4903056016852], [-53.0804002516319, -26.4886674506028], [-53.0779441972832, -26.4914094229851]]]}}, {"type": "Feature", "properties": {"cod_imovel": "SC-4203501-B683B82C91C44C2785B582D44497EDF5", "municipio": "Campo Ere", "num_area": 95.9777, "mod_fiscal": 5.3321, "des_condic": "Aguardando analise", "ind_status": "AT", "dat_atuali": "04/09/2020"}, "geometry": {"type": "Polygon", "coordinates": [[[-53.0994086083333, -26.3973377742428], [-53.1060211138889, -26.4146191631314], [-53.1048447194444, -26.4157730575758], [-53.10540365, -26.416242129798], [-53.1053299083333, -26.4165231909091], [-53.1054977194444, -26.4168841381313], [-53.1058110416667, -26.4169768742424], [-53.1059524444444, -26.4177197742424], [-53.1068946138889, -26.4181029464646], [-53.1069027305556, -26.4185295325757], [-53.107093575, -26.4187197770202], [-53.1075486277778, -26.4186143020202], [-53.1077599638889, -26.4186699520202], [-53.1077658611111, -26.4188712881313], [-53.1084486, -26.418462479798], [-53.10863375, -26.4186028770202], [-53.10865415, -26.4188700575757], [-53.1088136222222, -26.4189203159091], [-53.1088797555556, -26.418721129798], [-53.1094963444444, -26.4190570186868], [-53.1094589083333, -26.4193237270202], [-53.1098045416667, -26.4192051825757], [-53.1100960805556, -26.4193577075757], [-53.1055217666667, -26.3987253159095], [-53.1019388694444, -26.3982040186873], [-53.0994086083333, -26.3973377742428]]]}}, {"type": "Feature", "properties": {"cod_imovel": "SC-4203501-B6DF69A2917044C1A84C37E576616669", "municipio": "Campo Ere", "num_area": 22.0246, "mod_fiscal": 1.2236, "des_condic": "Aguardando analise", "ind_status": "AT", "dat_atuali": "23/05/2020"}, "geometry": {"type": "Polygon", "coordinates": [[[-53.1687755715552, -26.37150126281798], [-53.16705800444936, -26.36733454155424], [-53.16613410671516, -26.36688314480044], [-53.16245357682431, -26.37285146461329], [-53.16398669244801, -26.3740213265819], [-53.16464548553393, -26.37400731050431], [-53.16481646785374, -26.37367820452388], [-53.1647781744289, -26.37326067448912], [-53.16605285226481, -26.37186577772631], [-53.16624766957247, -26.37135590565471], [-53.1687755715552, -26.37150126281798]]]}}, {"type": "Feature", "properties": {"cod_imovel": "SC-4203501-CAA1B6BA29954B13BA945F3D71B0A5EE", "municipio": "Campo Ere", "num_area": 24.4178, "mod_fiscal": 1.3565, "des_condic": "Aguardando analise", "ind_status": "AT", "dat_atuali": "15/08/2021"}, "geometry": {"type": "Polygon", "coordinates": [[[-53.084092140197754, -26.493582052234323], [-53.08344841003418, -26.49784532342891], [-53.08400630950927, -26.497499658682532], [-53.08490753173828, -26.49855585325372], [-53.09048652648926, -26.49715399289655], [-53.08939218521118, -26.495809727179452], [-53.08842658996582, -26.49500316020257], [-53.08718204498291, -26.49427340425128], [-53.08546543121338, -26.493562847952273], [-53.084092140197754, -26.493582052234323]]]}}, {"type": "Feature", "properties": {"cod_imovel": "SC-4203501-EDF0580371504BB5B0809481EF603F61", "municipio": "Campo Ere", "num_area": 35.919, "mod_fiscal": 1.9955, "des_condic": "Aguardando analise", "ind_status": "AT", "dat_atuali": "12/11/2020"}, "geometry": {"type": "Polygon", "coordinates": [[[-53.1172175861111, -26.4219728297979], [-53.1170137583333, -26.4240251075756], [-53.1187590611111, -26.4255251909089], [-53.1189680222222, -26.4254874270201], [-53.1197144277778, -26.4260070159089], [-53.1199898444444, -26.4061027659093], [-53.1185591555556, -26.4063778686871], [-53.1180875138889, -26.4223385825757], [-53.1172175861111, -26.4219728297979]]]}}, {"type": "Feature", "properties": {"cod_imovel": "SC-4203501-D7631FF63E164704B49489469EBA9706", "municipio": "Campo Ere", "num_area": 32.9639, "mod_fiscal": 1.8313, "des_condic": "Aguardando analise", "ind_status": "AT", "dat_atuali": "21/12/2017"}, "geometry": {"type": "Polygon", "coordinates": [[[-53.065994151667, -26.468043148889], [-53.065630565833, -26.468690668611], [-53.065537017778006, -26.469909342222], [-53.071968794444, -26.4720782025], [-53.072061698611, -26.471532767778], [-53.071839467778, -26.4714964575], [-53.072825679444, -26.467982993611], [-53.063782052222, -26.464861473889], [-53.065402872778, -26.466253417778], [-53.066108279444, -26.4673829], [-53.065994151667, -26.468043148889]]]}}, {"type": "Feature", "properties": {"cod_imovel": "SC-4203501-BFE0F77EA1384DD6998520EA8CEF5AEB", "municipio": "Campo Ere", "num_area": 22.6813, "mod_fiscal": 1.2601, "des_condic": "Aguardando analise", "ind_status": "AT", "dat_atuali": "29/05/2018"}, "geometry": {"type": "Polygon", "coordinates": [[[-53.05278539657592, -26.438875255960482], [-53.0535364151001, -26.438049076309614], [-53.0519700050354, -26.43706918113747], [-53.052828311920166, -26.436070063755203], [-53.04506063461304, -26.431151205735432], [-53.04538249969482, -26.432496226828643], [-53.04497480392456, -26.433706732392633], [-53.05278539657592, -26.438875255960482]]]}}, {"type": "Feature", "properties": {"cod_imovel": "SC-4203501-1E86341586DA40068A0F7A89790D4663", "municipio": "Campo Ere", "num_area": 13.5064, "mod_fiscal": 0.7503, "des_condic": "Aguardando analise", "ind_status": "AT", "dat_atuali": "04/06/2020"}, "geometry": {"type": "Polygon", "coordinates": [[[-53.1286408833333, -26.369302054799], [-53.1275961583333, -26.3706785103545], [-53.1331802416667, -26.3729059742433], [-53.1300283222222, -26.3679071409101], [-53.1298824722222, -26.3669827603546], [-53.1293571666667, -26.3661492381324], [-53.1291520833333, -26.3662191770212], [-53.1293340555556, -26.3674272714657], [-53.1286408833333, -26.369302054799]]]}}, {"type": "Feature", "properties": {"cod_imovel": "SC-4203501-DF0FF357A1594FA1A4AA23BE10F9DDDA", "municipio": "Campo Ere", "num_area": 13.4447, "mod_fiscal": 0.7469, "des_condic": "Aguardando analise", "ind_status": "AT", "dat_atuali": "10/07/2020"}, "geometry": {"type": "Polygon", "coordinates": [[[-53.19174912208774, -26.45416836530863], [-53.19118790605224, -26.45129607065135], [-53.18717636509833, -26.4514249677264], [-53.18745284350322, -26.45437498212165], [-53.19174912208774, -26.45416836530863]]]}}, {"type": "Feature", "properties": {"cod_imovel": "SC-4203501-5E16A400CC2D40BE827BBE9D5A6BF984", "municipio": "Campo Ere", "num_area": 25.2564, "mod_fiscal": 1.4031, "des_condic": "Aguardando analise", "ind_status": "AT", "dat_atuali": "17/01/2019"}, "geometry": {"type": "Polygon", "coordinates": [[[-53.15887212753296, -26.365014473777148], [-53.1588638505045, -26.36390140206386], [-53.15904825490389, -26.36314623571247], [-53.15889022285432, -26.36087620242444], [-53.15716593122872, -26.36012843270631], [-53.15628470733023, -26.35997101447376], [-53.15375232390699, -26.36023216804653], [-53.15283950701281, -26.36063163302018], [-53.15236614147911, -26.36112329853488], [-53.15234669624956, -26.36203486227775], [-53.152992725372314, -26.362534330397633], [-53.15395006937636, -26.3629683489065], [-53.15426080919262, -26.36292108395084], [-53.15544360431099, -26.36186647621338], [-53.15551823696477, -26.36199356788496], [-53.15510874726793, -26.36279588797934], [-53.15563644314624, -26.36382973664845], [-53.15493128039614, -26.36455039365431], [-53.15887212753296, -26.365014473777148]]]}}, {"type": "Feature", "properties": {"cod_imovel": "SC-4203501-9B85A0F130FC4E2E96EBE77C31ABC4C8", "municipio": "Campo Ere", "num_area": 77.0354, "mod_fiscal": 4.2797, "des_condic": "Aguardando analise", "ind_status": "AT", "dat_atuali": "21/12/2017"}, "geometry": {"type": "Polygon", "coordinates": [[[-53.084944254167, -26.456480372778], [-53.084698377778, -26.456676494167], [-53.082886953611, -26.457022424444], [-53.079806908611, -26.461533739444], [-53.077447440278, -26.461008430556], [-53.077160645556, -26.461682924722], [-53.084433903056, -26.463962080833], [-53.092083969444, -26.467140254722], [-53.09313275, -26.466356333333], [-53.0935758725, -26.465694323889], [-53.093914065, -26.465030767222], [-53.09369845583301, -26.464631073333], [-53.09193844, -26.463549999167], [-53.091305819167, -26.462893848611], [-53.089542284444, -26.461846028333], [-53.089360577222, -26.461130373611], [-53.089158375278, -26.461154071944], [-53.08889792, -26.460923370556], [-53.088810955833, -26.460513772222], [-53.088242907778, -26.459984875], [-53.087778561944, -26.45964093], [-53.087491658889, -26.459644462222], [-53.086950980833, -26.459120608611002], [-53.0862585925, -26.458061149167005], [-53.085912546667, -26.457855321389], [-53.085588660278, -26.456867718333], [-53.084944254167, -26.456480372778]]]}}, {"type": "Feature", "properties": {"cod_imovel": "SC-4203501-8122059EE6714B5DAA7A1BAD912B891A", "municipio": "Campo Ere", "num_area": 144.2453, "mod_fiscal": 8.0136, "des_condic": "Aguardando analise", "ind_status": "AT", "dat_atuali": "28/12/2017"}, "geometry": {"type": "Polygon", "coordinates": [[[-53.15416408722222, -26.463214920555554], [-53.1552869175, -26.4644278675], [-53.15830691666667, -26.466623341666665], [-53.16185770805556, -26.467579287777777], [-53.163652839166666, -26.468738477777777], [-53.16831473027778, -26.461590156666666], [-53.15748511388889, -26.455401672222223], [-53.14941037472222, -26.458675109722222], [-53.15111258666666, -26.460615936666667], [-53.15416408722222, -26.463214920555554]]]}}, {"type": "Feature", "properties": {"cod_imovel": "SC-4203501-B8F6D5CD5B244AF9AB44A5EFE8A3409E", "municipio": "Campo Ere", "num_area": 72.9134, "mod_fiscal": 4.0507, "des_condic": "Aguardando analise", "ind_status": "AT", "dat_atuali": "28/12/2017"}, "geometry": {"type": "Polygon", "coordinates": [[[-53.11512230555556, -26.435652938055554], [-53.116408738333334, -26.436418094444445], [-53.121524003611114, -26.431956305], [-53.12223086972222, -26.43049820027778], [-53.122185865, -26.430264384722225], [-53.12264420388889, -26.429894109722223], [-53.12288089055556, -26.42904730027778], [-53.12340835111111, -26.428372277500003], [-53.1232849625, -26.42817020527778], [-53.121974719722225, -26.42777801861111], [-53.12138170055555, -26.42734494888889], [-53.12121503027778, -26.427503682222223], [-53.120758071944444, -26.42664636527778], [-53.107245946666666, -26.439118043055554], [-53.10763782805556, -26.439389438888888], [-53.10790955555556, -26.439896134444446], [-53.107924905833336, -26.440485441666667], [-53.10816743527778, -26.440941654166668], [-53.108609612500004, -26.441326839444443], [-53.11330948472222, -26.437393772500002], [-53.11512230555556, -26.435652938055554]]]}}, {"type": "Feature", "properties": {"cod_imovel": "SC-4203501-C8673D8F36814E54A6EAC08D14C3FE6F", "municipio": "Campo Ere", "num_area": 25.6947, "mod_fiscal": 1.4275, "des_condic": "Aguardando analise", "ind_status": "AT", "dat_atuali": "28/12/2017"}, "geometry": {"type": "Polygon", "coordinates": [[[-53.066310931944, -26.495311215556], [-53.067638303611, -26.49599791], [-53.068329459722, -26.495975751944], [-53.069523444722, -26.496260173889002], [-53.070522668611, -26.496219600278], [-53.072022886667, -26.496637964722005], [-53.074243447222, -26.496719852778003], [-53.07390018, -26.496509671944], [-53.073753861389, -26.495288825], [-53.073339978056, -26.494809695556], [-53.073532503889, -26.493821650556], [-53.072874230278, -26.493310143056], [-53.072838260556, -26.492836890833], [-53.072580322778, -26.4925937225], [-53.072063980556, -26.491467588889], [-53.072113260278, -26.4912755275], [-53.071924936944, -26.491408948056005], [-53.071675064167, -26.491139185], [-53.066310931944, -26.495311215556]]]}}, {"type": "Feature", "properties": {"cod_imovel": "SC-4203501-3F81D356D913447BA472439D6706E04E", "municipio": "Campo Ere", "num_area": 49.4598, "mod_fiscal": 2.7478, "des_condic": "Aguardando analise", "ind_status": "AT", "dat_atuali": "23/05/2020"}, "geometry": {"type": "Polygon", "coordinates": [[[-53.19612920228023, -26.38409388502546], [-53.18994578465877, -26.37773758868873], [-53.18565110425504, -26.38092395035672], [-53.19096706952811, -26.38658203533917], [-53.19612920228023, -26.38409388502546]]]}}, {"type": "Feature", "properties": {"cod_imovel": "SC-4203501-10299B7CB65C4252884FC6E15B089E1A", "municipio": "Campo Ere", "num_area": 22.4131, "mod_fiscal": 1.2452, "des_condic": "Aguardando analise", "ind_status": "AT", "dat_atuali": "21/12/2017"}, "geometry": {"type": "Polygon", "coordinates": [[[-53.073236048889, -26.469816212222], [-53.072461963056, -26.471569686944], [-53.074397228611, -26.47228228], [-53.076054441389, -26.471137191667], [-53.077382443056, -26.472328402222], [-53.078292725833, -26.472516817222], [-53.078405456944, -26.472732883056], [-53.078859098611, -26.472688995833], [-53.080671300556, -26.473165364167002], [-53.08068318, -26.473319613056], [-53.081199221111, -26.473490263611], [-53.081134741111, -26.469907763056], [-53.073236048889, -26.469816212222]]]}}, {"type": "Feature", "properties": {"cod_imovel": "SC-4212007-6A40AB2F61E048B592E641306ABC6358", "municipio": "Palma Sola", "num_area": 61.6704, "mod_fiscal": 3.43, "des_condic": "Aguardando analise", "ind_status": "AT", "dat_atuali": "26/05/2026"}, "geometry": {"type": "Polygon", "coordinates": [[[-53.223605584, -26.365625605], [-53.224871719, -26.366265379], [-53.225660939, -26.366467704], [-53.226382551, -26.367040524], [-53.226881872, -26.367205428], [-53.227201981, -26.367596899], [-53.227447587, -26.368466775], [-53.227156669, -26.370154175], [-53.227306396, -26.370162504], [-53.228355284, -26.369991945], [-53.228644172, -26.369557223], [-53.229669435, -26.369104724], [-53.230588061, -26.369040564], [-53.231251933, -26.368538063], [-53.231536672, -26.368080557], [-53.231977125, -26.36796508], [-53.232436007, -26.366806297], [-53.232719032, -26.366505557], [-53.232723822, -26.366268417], [-53.232273147, -26.365896405], [-53.233011222, -26.365593929], [-53.233085288, -26.365372811], [-53.232922787, -26.365117585], [-53.232600824, -26.3650874], [-53.232511449, -26.364808109], [-53.232791125, -26.364023733], [-53.23181948, -26.363262273], [-53.231061132, -26.363095999], [-53.230266952, -26.363507542], [-53.229242202, -26.363197855], [-53.228829662, -26.362876012], [-53.228648088, -26.362411413], [-53.22887047, -26.361885534], [-53.228807197, -26.3615917], [-53.227231461, -26.360765152], [-53.227198884, -26.360594404], [-53.227747872, -26.360125088], [-53.227690357, -26.359429089], [-53.226116643, -26.359276113], [-53.225806282, -26.358451138], [-53.223246814, -26.365606015], [-53.223605584, -26.365625605]]]}}, {"type": "Feature", "properties": {"cod_imovel": "SC-4212007-444A94A4CFA74AF19B3B86BAD32C1DF2", "municipio": "Palma Sola", "num_area": 21.2901, "mod_fiscal": 1.1828, "des_condic": "Aguardando analise", "ind_status": "AT", "dat_atuali": "02/04/2022"}, "geometry": {"type": "Polygon", "coordinates": [[[-53.22168833801092, -26.34554726023095], [-53.21709450407884, -26.34963405304491], [-53.21746021265657, -26.34964977337274], [-53.21897302612494, -26.35133945162908], [-53.21996846915394, -26.3515725404523], [-53.22033546052367, -26.35238843649722], [-53.22105281195689, -26.35333111098593], [-53.22105232772881, -26.35411441933935], [-53.22140246629715, -26.354713840030012], [-53.222424387931824, -26.354456672944522], [-53.22339714714499, -26.35369331025457], [-53.22314399158498, -26.3529972162457], [-53.22265819592399, -26.35245144592616], [-53.22298030914932, -26.35105665342158], [-53.2227087020874, -26.35020972819464], [-53.221410512924194, -26.350940396462164], [-53.21966171264648, -26.349152173843567], [-53.21974754333496, -26.34872914939597], [-53.22126730123441, -26.3469084346116], [-53.22206953220832, -26.34645013510622], [-53.22263301195586, -26.34583198419566], [-53.22168833801092, -26.34554726023095]]]}}, {"type": "Feature", "properties": {"cod_imovel": "SC-4212007-21BE61C92A9D435389237B3AF4F8804D", "municipio": "Palma Sola", "num_area": 40.3796, "mod_fiscal": 2.2433, "des_condic": "Aguardando analise", "ind_status": "AT", "dat_atuali": "02/04/2022"}, "geometry": {"type": "Polygon", "coordinates": [[[-53.21246266162302, -26.34111971061313], [-53.21104021553516, -26.34057196910314], [-53.21088668169247, -26.34268516264467], [-53.21120301692231, -26.34386717659674], [-53.21281450578039, -26.34605787420993], [-53.21337688176856, -26.34645266038001], [-53.21398734443444, -26.34768021565881], [-53.21494135298696, -26.34851441993736], [-53.21702775760419, -26.34968336329445], [-53.22049562453826, -26.345421561085125], [-53.21836371261094, -26.34515655988732], [-53.21598150766871, -26.34427115783468], [-53.21246266162302, -26.34111971061313]]]}}, {"type": "Feature", "properties": {"cod_imovel": "SC-4212007-EDDF39463DC14957B38A456AE4BC59BD", "municipio": "Palma Sola", "num_area": 2.4922, "mod_fiscal": 0.1385, "des_condic": "Aguardando analise", "ind_status": "AT", "dat_atuali": "23/04/2025"}, "geometry": {"type": "Polygon", "coordinates": [[[-53.2260670555556, -26.3459483686883], [-53.2256169777778, -26.3460815547994], [-53.2258021916667, -26.3469038464661], [-53.2272277972222, -26.3464353936883], [-53.2267530277778, -26.345274635355], [-53.2265404861111, -26.3452390409105], [-53.2261006222222, -26.3440141547995], [-53.2259529888889, -26.3441678492439], [-53.2261088138889, -26.344308585355], [-53.2257016277778, -26.3447018436883], [-53.2260670555556, -26.3459483686883]]]}}, {"type": "Feature", "properties": {"cod_imovel": "SC-4212007-8DEA55785D99461B8661A2EDE21C8AC5", "municipio": "Palma Sola", "num_area": 213.6476, "mod_fiscal": 11.8693, "des_condic": "Aguardando analise", "ind_status": "AT", "dat_atuali": "23/04/2025"}, "geometry": {"type": "Polygon", "coordinates": [[[-53.1905558472222, -26.3393400103551], [-53.1877689916667, -26.3415987909106], [-53.1845861194444, -26.3446258770217], [-53.1826757361111, -26.3445484742439], [-53.181791375, -26.3478821159105], [-53.1819404638889, -26.349167221466], [-53.1823106194444, -26.349980171466], [-53.1821029444444, -26.3501584186882], [-53.1821606472222, -26.350323471466], [-53.1829210888889, -26.3507638492438], [-53.1832991083333, -26.3505836159104], [-53.1836560361111, -26.3507443242438], [-53.1839199861111, -26.3511534353549], [-53.18411655, -26.3511483547993], [-53.1847027194444, -26.3517218936882], [-53.1850067277778, -26.3516257659104], [-53.185345725, -26.3519276659104], [-53.1864125444444, -26.3517715770215], [-53.1870404083333, -26.3522957797993], [-53.1870513833333, -26.3524908936882], [-53.1875506305556, -26.3525891436882], [-53.1878228222222, -26.3529066603548], [-53.1898015555556, -26.3531596047993], [-53.1905453638889, -26.3537786353548], [-53.1919949805556, -26.3543785992437], [-53.1926471305556, -26.3550724936881], [-53.1930740944444, -26.3552514992437], [-53.1931727416667, -26.3553895214659], [-53.1929982333333, -26.3559191409103], [-53.2034993111111, -26.352513121466], [-53.1935622388889, -26.3412720186884], [-53.1931320527778, -26.3409437909106], [-53.1913675, -26.3403898603551], [-53.1905558472222, -26.3393400103551]]]}}, {"type": "Feature", "properties": {"cod_imovel": "SC-4212007-1AF159C715774A6B920C19254F05E84E", "municipio": "Palma Sola", "num_area": 7.4761, "mod_fiscal": 0.4153, "des_condic": "Aguardando analise", "ind_status": "AT", "dat_atuali": "22/04/2025"}, "geometry": {"type": "Polygon", "coordinates": [[[-53.2248305611111, -26.3490577797994], [-53.2255577777778, -26.3490541686882], [-53.22651193611111, -26.3472094381327], [-53.2263361083333, -26.3471024964661], [-53.2265247166667, -26.3469263881327], [-53.2267438944444, -26.3467527825772], [-53.2275577833333, -26.3467699992438], [-53.2278692888889, -26.3465896659105], [-53.2264662194444, -26.3436415409106], [-53.2261006222222, -26.3440141547995], [-53.2265404861111, -26.3452390409105], [-53.2267530277778, -26.345274635355], [-53.2272277972222, -26.3464353936883], [-53.2258021916667, -26.3469038464661], [-53.2256169777778, -26.3460815547994], [-53.2260670555556, -26.3459483686883], [-53.2257016277778, -26.3447018436883], [-53.2261088138889, -26.344308585355], [-53.2259529888889, -26.3441678492439], [-53.2247938916667, -26.3452169409105], [-53.2248305611111, -26.3490577797994]]]}}, {"type": "Feature", "properties": {"cod_imovel": "SC-4212007-750D2D780B6141BCA52AC42891F11782", "municipio": "Palma Sola", "num_area": 281.3015, "mod_fiscal": 15.5788, "des_condic": "Aguardando analise", "ind_status": "AT", "dat_atuali": "25/11/2024"}, "geometry": {"type": "Polygon", "coordinates": [[[-53.2038312705555, -26.3285456258334], [-53.2029893205555, -26.3303139558333], [-53.2007046002778, -26.3312820158333], [-53.1996912705556, -26.3302570158333], [-53.1991671005556, -26.3300334058333], [-53.1990621005556, -26.3297553458333], [-53.1984757105555, -26.3298434055555], [-53.1977412702778, -26.3301525655556], [-53.1975154302778, -26.3304192355556], [-53.1969929302777, -26.3317206255555], [-53.1948009902778, -26.3321370155556], [-53.1939476502778, -26.3326995155555], [-53.19306543, -26.3337986752778], [-53.19173488, -26.3342636752778], [-53.19110849, -26.3343011752777], [-53.1905112697222, -26.3369597852778], [-53.1905434897222, -26.3378692352778], [-53.1902823797223, -26.3382803452778], [-53.1907932097222, -26.3398047852778], [-53.1913607097222, -26.3403928452777], [-53.1931251497222, -26.3409467352778], [-53.1935554297222, -26.3412747852777], [-53.2034926491667, -26.3525159058334], [-53.2041840394444, -26.3501578458333], [-53.2057240394444, -26.3487947858333], [-53.2076973797222, -26.3446278461111], [-53.2077676497222, -26.3439334061111], [-53.2083129297222, -26.3432072861111], [-53.20856432, -26.3425322861111], [-53.20957738, -26.3414159061111], [-53.21005377, -26.3393450661111], [-53.20965599, -26.3381964561111], [-53.2078462702778, -26.3370614561111], [-53.2060379302778, -26.3349695161111], [-53.2055026502778, -26.3329500661111], [-53.2055465405555, -26.3320809061111], [-53.2052168205556, -26.3310400661111], [-53.2048751505555, -26.3288886761111], [-53.2038312705555, -26.3285456258334]]]}}, {"type": "Feature", "properties": {"cod_imovel": "SC-4212007-B802411F9FE046BC97A8DFFA8C50F1FF", "municipio": "Palma Sola", "num_area": 350.1722, "mod_fiscal": 19.454, "des_condic": "Aguardando analise", "ind_status": "AT", "dat_atuali": "25/11/2024"}, "geometry": {"type": "Polygon", "coordinates": [[[-53.2035970991666, -26.3525111758333], [-53.2027568188889, -26.3571878455555], [-53.2010184883333, -26.3648156255556], [-53.2000609883333, -26.3661131255556], [-53.2004876483333, -26.3666742355555], [-53.2014857083333, -26.3667764555556], [-53.2013304283333, -26.3678670155555], [-53.2017365383333, -26.3680522855555], [-53.2015770983334, -26.3682161755555], [-53.2015679283333, -26.3685825655556], [-53.2020248783333, -26.3684584055556], [-53.2021520983334, -26.3687542355556], [-53.2020440383333, -26.3688436755556], [-53.2029329280556, -26.3694939555556], [-53.2031254280556, -26.3694970155556], [-53.2031837683334, -26.3692506255556], [-53.2042840383334, -26.3688986755555], [-53.2045257083333, -26.3695014555556], [-53.2048095983333, -26.3696556258333], [-53.2057484883333, -26.3700025658333], [-53.2061254283333, -26.3698650658333], [-53.2066751483333, -26.3699697858334], [-53.2072595983333, -26.3706139558333], [-53.2073459880556, -26.3710620158334], [-53.2078118180556, -26.3716289558333], [-53.2082518180555, -26.3711250658333], [-53.2088240383333, -26.3708961758333], [-53.2089801483334, -26.3710670158333], [-53.2091451483333, -26.3708745158333], [-53.2092815383333, -26.3708695158334], [-53.2092812683333, -26.3710406258334], [-53.2099115383334, -26.3710570158333], [-53.2101987683333, -26.3713520158333], [-53.2104165383333, -26.3713586758334], [-53.2104437683334, -26.3715634058333], [-53.2108779283333, -26.3712864561111], [-53.2111651483334, -26.3714211761111], [-53.2117145983334, -26.3708825661111], [-53.2116412683333, -26.3706342361111], [-53.2118057083333, -26.3705203461111], [-53.2082962686111, -26.3628789558333], [-53.2238437694444, -26.3565003466667], [-53.2242651494444, -26.3559647866667], [-53.2244401494444, -26.3560967366666], [-53.2248865394444, -26.3559034066666], [-53.2251473794444, -26.3553372866667], [-53.2245768194444, -26.3544745166667], [-53.2243215394445, -26.3544072866666], [-53.2238745994445, -26.3536081266667], [-53.2230001494445, -26.3544986766667], [-53.2227095994444, -26.3543186766666], [-53.2224248794445, -26.3545470166667], [-53.2221090394444, -26.3545650666667], [-53.2219707094445, -26.3543850666667], [-53.2213829294445, -26.3547136766667], [-53.2209318194444, -26.3539236766667], [-53.2208473794444, -26.3532303466667], [-53.2202293194445, -26.3528097866667], [-53.2201676494444, -26.3519753466666], [-53.2197462694445, -26.3515809066667], [-53.2188368194445, -26.3513092363889], [-53.2186915394444, -26.3510647863889], [-53.2188739422222, -26.3510297872222], [-53.2187640394445, -26.3508864563889], [-53.2182695994445, -26.3507764563889], [-53.2173893197222, -26.3496447863889], [-53.2159640397222, -26.3492847863889], [-53.2152609897222, -26.3486659063889], [-53.2151987697222, -26.3483934063889], [-53.2147859897222, -26.3480945163889], [-53.2143501497222, -26.3474178463889], [-53.2139357097222, -26.3470700663889], [-53.2134279297222, -26.3469428463889], [-53.2136265397222, -26.3465420163889], [-53.2127932097223, -26.3461070161111], [-53.2124223797222, -26.3449586761111], [-53.2118184897222, -26.3446322861111], [-53.2113165397222, -26.3439603461111], [-53.2111829297222, -26.3439772861111], [-53.2111551497222, -26.3436786761111], [-53.2109532097223, -26.3435875661111], [-53.21108599, -26.3433553461111], [-53.2108646, -26.3430342361111], [-53.2079873797222, -26.3437720161111], [-53.2077907097222, -26.3446617361111], [-53.2058098794444, -26.3488417358334], [-53.2042745994444, -26.3501984058334], [-53.2035970991666, -26.3525111758333]]]}}, {"type": "Feature", "properties": {"cod_imovel": "SC-4212007-F291AED7E6144DE1BD652EC7CD155D15", "municipio": "Palma Sola", "num_area": 62.9277, "mod_fiscal": 3.496, "des_condic": "Aguardando analise", "ind_status": "AT", "dat_atuali": "25/11/2024"}, "geometry": {"type": "Polygon", "coordinates": [[[-53.1936120988889, -26.3562070152778], [-53.1907091025, -26.3686253927778], [-53.1909782080556, -26.368756175], [-53.1909632080556, -26.369046175], [-53.1910490380556, -26.368960065], [-53.1911307080556, -26.369170625], [-53.1914757080555, -26.369221735], [-53.1913923780556, -26.369392565], [-53.1915834880555, -26.369591175], [-53.1921765380555, -26.369103125], [-53.1923793180555, -26.369191175], [-53.1924726480555, -26.368997845], [-53.1928948780555, -26.3689570152778], [-53.1929259880555, -26.3686534052778], [-53.1933393180556, -26.3684556252778], [-53.1936734880556, -26.3686572852778], [-53.1938237680556, -26.3684634052778], [-53.1940807080556, -26.3686420152778], [-53.1940173780556, -26.3684297852778], [-53.1943084880555, -26.3685489552778], [-53.1945212680556, -26.3683825652778], [-53.1945823780555, -26.3685572852778], [-53.1948376480556, -26.3684509052778], [-53.1950034880556, -26.3686006252778], [-53.1957576480555, -26.3685592352778], [-53.1959065380556, -26.3686914552778], [-53.1961676480555, -26.3683361752778], [-53.1966204280556, -26.3684314552778], [-53.1966209880555, -26.3681570152778], [-53.1968993180556, -26.3682414552778], [-53.1971487680556, -26.3680228452777], [-53.1969651480555, -26.3678850652778], [-53.1974076480555, -26.3677236752778], [-53.1974770983333, -26.3674625652778], [-53.1977751483333, -26.3674142352778], [-53.1978995983334, -26.3672017352777], [-53.1984118183333, -26.3671739555556], [-53.1989570983333, -26.3665264555556], [-53.1991257083333, -26.3659767355556], [-53.1998134883333, -26.3658642355555], [-53.1999807083334, -26.3656959055555], [-53.1993957083333, -26.3644642355555], [-53.1984065383333, -26.3643675655555], [-53.1982020983333, -26.3640775655556], [-53.1983918183334, -26.3637725655555], [-53.1979362683333, -26.3633197855556], [-53.1979790383333, -26.3632064555555], [-53.1977043183333, -26.3631309052777], [-53.1975848786111, -26.3628039552778], [-53.1973423786111, -26.3626517352778], [-53.1966184886111, -26.3623967352778], [-53.1967734886111, -26.3621084052778], [-53.1965290386111, -26.3613800652778], [-53.1959284886111, -26.3606734052778], [-53.1958734886111, -26.3603309052778], [-53.1954857086111, -26.3603759052778], [-53.1954407086111, -26.3601186752778], [-53.1950245986111, -26.3600339552778], [-53.1951073786111, -26.3595775652778], [-53.1949384886111, -26.3596772852778], [-53.1945301486111, -26.3590184052778], [-53.1947029286111, -26.3586264552778], [-53.1942868186111, -26.3584920152778], [-53.1943257086111, -26.3582786752777], [-53.1946576486111, -26.3582347852778], [-53.1936015386111, -26.3570736752778], [-53.1937370988889, -26.3563070152777], [-53.1936120988889, -26.3562070152778]]]}}, {"type": "Feature", "properties": {"cod_imovel": "SC-4212007-21A0F776826C43139311F69644BC7637", "municipio": "Palma Sola", "num_area": 79.0017, "mod_fiscal": 4.389, "des_condic": "Aguardando analise", "ind_status": "AT", "dat_atuali": "25/11/2024"}, "geometry": {"type": "Polygon", "coordinates": [[[-53.2034926491667, -26.3525159058334], [-53.1929915388889, -26.3559220152778], [-53.1933684888889, -26.3561050652778], [-53.1933815388889, -26.3562706252778], [-53.1937370988889, -26.3563070152777], [-53.1936015386111, -26.3570736752778], [-53.1946576486111, -26.3582347852778], [-53.1943257086111, -26.3582786752777], [-53.1942868186111, -26.3584920152778], [-53.1947029286111, -26.3586264552778], [-53.1945301486111, -26.3590184052778], [-53.1949384886111, -26.3596772852778], [-53.1951073786111, -26.3595775652778], [-53.1950245986111, -26.3600339552778], [-53.1954407086111, -26.3601186752778], [-53.1954857086111, -26.3603759052778], [-53.1958734886111, -26.3603309052778], [-53.1959284886111, -26.3606734052778], [-53.1965290386111, -26.3613800652778], [-53.1967734886111, -26.3621084052778], [-53.1966184886111, -26.3623967352778], [-53.1973423786111, -26.3626517352778], [-53.1975848786111, -26.3628039552778], [-53.1977043183333, -26.3631309052777], [-53.1979790383333, -26.3632064555555], [-53.1979362683333, -26.3633197855556], [-53.1983918183334, -26.3637725655555], [-53.1982020983333, -26.3640775655556], [-53.1984065383333, -26.3643675655555], [-53.1993957083333, -26.3644642355555], [-53.1999807083334, -26.3656959055555], [-53.1998134883333, -26.3658642355555], [-53.2000157083333, -26.3660231255556], [-53.2009226483333, -26.3647939555556], [-53.2026540388889, -26.3571692355555], [-53.2034926491667, -26.3525159058334]]]}}, {"type": "Feature", "properties": {"cod_imovel": "SC-4212007-08DB9F6348524242B8937D7D5A1CE31A", "municipio": "Palma Sola", "num_area": 88.8337, "mod_fiscal": 4.9317, "des_condic": "Aguardando analise", "ind_status": "AT", "dat_atuali": "05/01/2026"}, "geometry": {"type": "Polygon", "coordinates": [[[-53.2392934679407, -26.3050361904995], [-53.23884760496509, -26.3049237491853], [-53.2386460911389, -26.3050466609759], [-53.2383892688001, -26.3054075297163], [-53.2381161450874, -26.3065616123654], [-53.2382224801443, -26.3070143744292], [-53.2374253934597, -26.30780705037], [-53.2366590925812, -26.3089727076266], [-53.2357024997258, -26.3100126288011], [-53.2341776416224, -26.3101471414415], [-53.23456732264089, -26.31087126226911], [-53.23243926158156, -26.3116494169987], [-53.23096557370653, -26.31288308096301], [-53.23225041110229, -26.31591212943485], [-53.23362470648868, -26.31815108726356], [-53.24425100883581, -26.3121977310931], [-53.2392934679407, -26.3050361904995]]]}}, {"type": "Feature", "properties": {"cod_imovel": "SC-4212007-A1319306FB174FF5BB7A43D08FDC28C0", "municipio": "Palma Sola", "num_area": 11.7666, "mod_fiscal": 0.6537, "des_condic": "Aguardando analise", "ind_status": "AT", "dat_atuali": "27/08/2024"}, "geometry": {"type": "Polygon", "coordinates": [[[-53.21090306943598, -26.33757183832935], [-53.20649885527598, -26.33545437975269], [-53.20792688919625, -26.33699711752178], [-53.20953233313561, -26.33793928564613], [-53.20988906285478, -26.33833609863953], [-53.21019503161872, -26.3392440032917], [-53.20964583958845, -26.34158827280502], [-53.20874867372272, -26.34247002909501], [-53.20802447551295, -26.34371081616241], [-53.20809696724487, -26.34373059707222], [-53.20953074664619, -26.34326713335773], [-53.2101680691236, -26.34323318876592], [-53.21025019270353, -26.34304714981618], [-53.21062104571623, -26.34313728543274], [-53.21115250608863, -26.34289607601854], [-53.21111682532126, -26.34248132839377], [-53.21127257848663, -26.34237994713938], [-53.21107743363972, -26.34217191142525], [-53.2112071582149, -26.34173266428713], [-53.2110714096404, -26.34132789223934], [-53.21122665644405, -26.34093906215979], [-53.21087157690445, -26.3400118494686], [-53.21091538006443, -26.33944103495768], [-53.21077896227209, -26.3393624584898], [-53.2107573081249, -26.33896796124762], [-53.21105900048165, -26.33852763411016], [-53.21102216137723, -26.33800189869983], [-53.21083578431558, -26.33780255566737], [-53.21090306943598, -26.33757183832935]]]}}, {"type": "Feature", "properties": {"cod_imovel": "SC-4212007-3AC7CB28042346A984806FF84F961344", "municipio": "Palma Sola", "num_area": 76.3804, "mod_fiscal": 4.2417, "des_condic": "Aguardando analise", "ind_status": "AT", "dat_atuali": "07/04/2025"}, "geometry": {"type": "Polygon", "coordinates": [[[-53.1602508198834, -26.3505529800785], [-53.1637003981513, -26.35913278957], [-53.1638673382214, -26.3591398336485], [-53.1639553261304, -26.3589313689929], [-53.1644146904936, -26.3589536680154], [-53.1643675216129, -26.3588094318326], [-53.1646978918476, -26.3585760024101], [-53.1654467653272, -26.3583765872869], [-53.1656617908629, -26.357867457026], [-53.1663642481794, -26.357510883852], [-53.1676398611879, -26.3577080086852], [-53.167968528774, -26.3575073603579], [-53.168881204815, -26.3577865048858], [-53.1693120997009, -26.3589887574939], [-53.1692693963586, -26.359357733666], [-53.1696951449233, -26.3595970457282], [-53.17013006103, -26.3602895662997], [-53.172143553122, -26.3610639221012], [-53.1729077500017, -26.3610516938619], [-53.1704888047241, -26.360143511508], [-53.17352111, -26.35420806], [-53.16924083, -26.35139417], [-53.16845472, -26.35296139], [-53.16786583, -26.353155], [-53.166435, -26.3524325], [-53.16525833, -26.35127389], [-53.16107028, -26.35100556], [-53.1602508198834, -26.3505529800785]]]}}, {"type": "Feature", "properties": {"cod_imovel": "SC-4212007-076221B1E78A4F7C904719A97A5C3D80", "municipio": "Palma Sola", "num_area": 4.676, "mod_fiscal": 0.2556, "des_condic": "Aguardando analise", "ind_status": "AT", "dat_atuali": "07/04/2025"}, "geometry": {"type": "Polygon", "coordinates": [[[-53.181939125061035, -26.344479590718255], [-53.18009376525879, -26.34415269512395], [-53.17822694778442, -26.34411423675802], [-53.17713260650635, -26.344325757612456], [-53.17434310913086, -26.345767934949933], [-53.17550182342529, -26.345691019279073], [-53.17807674407959, -26.34501800497791], [-53.181939125061035, -26.344479590718255]]]}}, {"type": "Feature", "properties": {"cod_imovel": "SC-4212007-E929B62F7DC3437DB525249093D25E6C", "municipio": "Palma Sola", "num_area": 89.3181, "mod_fiscal": 4.9621, "des_condic": "Aguardando analise", "ind_status": "AT", "dat_atuali": "04/04/2025"}, "geometry": {"type": "Polygon", "coordinates": [[[-53.17352111, -26.35420806], [-53.1704888047241, -26.360143511508], [-53.1729077500017, -26.3610516938619], [-53.1737398470061, -26.3611023307712], [-53.1741188699671, -26.3609639917165], [-53.1754411902198, -26.3616198202206], [-53.1765346960624, -26.3617194474777], [-53.1768254932758, -26.3622677437026], [-53.1781007106666, -26.3632899725978], [-53.1791303343246, -26.3636577938237], [-53.1791549757689, -26.3639192462359], [-53.1794868768338, -26.3640086897442], [-53.1796983090112, -26.3638395834013], [-53.1795762021285, -26.3635791638114], [-53.1800489198536, -26.3636179955374], [-53.1806571336807, -26.3632800264651], [-53.181001554854, -26.363342650803], [-53.181303470478, -26.3636440124008], [-53.1813242495602, -26.3639502891162], [-53.1816987455309, -26.3638963865825], [-53.1826550462964, -26.3643282061274], [-53.1827966746707, -26.3634782900058], [-53.1821885337977, -26.3626517179189], [-53.1826979315176, -26.361528772492], [-53.1827830728161, -26.360359947076], [-53.1877458513733, -26.3592893285445], [-53.17352111, -26.35420806]]]}}, {"type": "Feature", "properties": {"cod_imovel": "SC-4212007-3B95156435434D87AD2960498A169366", "municipio": "Palma Sola", "num_area": 25.1722, "mod_fiscal": 1.3493, "des_condic": "Aguardando analise", "ind_status": "AT", "dat_atuali": "16/03/2023"}, "geometry": {"type": "Polygon", "coordinates": [[[-53.1911084902777, -26.3343011752777], [-53.1897583686111, -26.3355343580556], [-53.1886885394444, -26.3360554091667], [-53.1867265138889, -26.3379400838889], [-53.1864456352778, -26.3389072577778], [-53.1870911902778, -26.3397478791667], [-53.1868352694444, -26.3403077383334], [-53.1858423941667, -26.3415837175], [-53.1850174002778, -26.3429775130556], [-53.1835891313889, -26.3443684602778], [-53.1824268133333, -26.3440351208333], [-53.1826690394445, -26.3445514547222], [-53.1845793194444, -26.344628675], [-53.1877620997222, -26.341601735], [-53.19051071, -26.3394092352778], [-53.19028238, -26.3382803452778], [-53.19054349, -26.3378692352778], [-53.19051127, -26.3369597852778], [-53.1911084902777, -26.3343011752777]]]}}, {"type": "Feature", "properties": {"cod_imovel": "SC-4212007-F2AD96DA4AFF40D9ADB35995638063D0", "municipio": "Palma Sola", "num_area": 795.2821, "mod_fiscal": 44.1817, "des_condic": "Aguardando analise", "ind_status": "AT", "dat_atuali": "19/04/2023"}, "geometry": {"type": "Polygon", "coordinates": [[[-53.270183801651, -26.314343628618722], [-53.2747827998168, -26.3058496535557], [-53.2751742164083, -26.3047160465054], [-53.2756085487865, -26.3020784974668], [-53.2753748821295, -26.2977092269739], [-53.2747185758726, -26.2975985759993], [-53.2661167485001, -26.2978483913894], [-53.2623014067579, -26.2903474846378], [-53.2617358822369, -26.290542268241], [-53.2612219805224, -26.2902690917666], [-53.2608168904914, -26.2902419489199], [-53.2604439847345, -26.2903265621435], [-53.2600413912175, -26.2906604189609], [-53.2602134767038, -26.2891480435451], [-53.2600177213112, -26.28847646725], [-53.2583563186003, -26.2887223836604], [-53.257455875419, -26.2885463444617], [-53.2567553063663, -26.2887203000288], [-53.2561358542609, -26.2885246942672], [-53.2552778962029, -26.2886766343206], [-53.2543262125776, -26.288226587457], [-53.2535239444066, -26.2885743122946], [-53.2532325387136, -26.2888546885598], [-53.2530579865927, -26.2905324709196], [-53.2533807877589, -26.2929474781501], [-53.2533387232439, -26.2937397515516], [-53.253195582076, -26.2939491840304], [-53.2522350413291, -26.2945836876751], [-53.2515187808414, -26.2953140779034], [-53.2506738391349, -26.2956170362363], [-53.2502981149199, -26.2960555852042], [-53.2471838110612, -26.2977665820428], [-53.2460439466596, -26.2976945164803], [-53.244916272778, -26.2980632290628], [-53.244548706729, -26.2983693240633], [-53.2445836089585, -26.2987606736108], [-53.2443972372704, -26.2989769061967], [-53.2431151169439, -26.2989798878127], [-53.2425122701311, -26.2997992647572], [-53.2413183530139, -26.2998581550991], [-53.2402948086114, -26.3001751399088], [-53.240036947094, -26.3004670992922], [-53.2398643109296, -26.3011684503319], [-53.240006091383, -26.3022951428888], [-53.2478001875816, -26.3140784828928], [-53.2487487384919, -26.3139641471933], [-53.2496245042818, -26.3140893035087], [-53.2497042516922, -26.3142620580278], [-53.2512289664913, -26.3148231336976], [-53.2512040814399, -26.3153850728949], [-53.2519667696831, -26.3156537760761], [-53.2530177480092, -26.3156984509217], [-53.2536170822293, -26.3160642064157], [-53.2535616741027, -26.3162852021287], [-53.2538666324777, -26.3170671333041], [-53.2557803802594, -26.3186933289086], [-53.2558523243585, -26.3189847028039], [-53.2567747026277, -26.3198227004351], [-53.2580479861583, -26.3205766440063], [-53.2585072516916, -26.3212829373629], [-53.259147634027, -26.3217178751076], [-53.2603153515563, -26.3218352912906], [-53.2615679838955, -26.3223385371762], [-53.2634686339031, -26.3240743011801], [-53.2636308643387, -26.3250260579587], [-53.2658313881228, -26.3237511033842], [-53.26873004436492, -26.316488214397182], [-53.270183801651, -26.314343628618722]]]}}, {"type": "Feature", "properties": {"cod_imovel": "SC-4212007-9E6442CE1D3E4526A55043A5A99C4957", "municipio": "Palma Sola", "num_area": 142.9584, "mod_fiscal": 7.9421, "des_condic": "Aguardando analise", "ind_status": "AT", "dat_atuali": "28/07/2022"}, "geometry": {"type": "Polygon", "coordinates": [[[-53.2305070972222, -26.3299071131331], [-53.24030425, -26.3266108464665], [-53.2417712027778, -26.32829639924419], [-53.2505138777778, -26.3238894381332], [-53.2454666055556, -26.32440697146651], [-53.24086238888889, -26.3185283409111], [-53.2353070972222, -26.3205249436888], [-53.2329448416667, -26.3172969464667], [-53.2320061666667, -26.3154687881334], [-53.2309432166667, -26.3162939103556], [-53.233545225, -26.3221300103555], [-53.2287465333333, -26.3237215992443], [-53.2280288972222, -26.3243471075776], [-53.2305070972222, -26.3299071131331]]]}}, {"type": "Feature", "properties": {"cod_imovel": "SC-4212007-F987092BD26241CCB53913B53EB92398", "municipio": "Palma Sola", "num_area": 48.0952, "mod_fiscal": 2.672, "des_condic": "Aguardando analise", "ind_status": "AT", "dat_atuali": "28/07/2022"}, "geometry": {"type": "Polygon", "coordinates": [[[-53.2418795138889, -26.3285792686887], [-53.2373131, -26.3300689603553], [-53.2397971833333, -26.3361489853552], [-53.2475030972222, -26.3346000603552], [-53.2418795138889, -26.3285792686887]]]}}, {"type": "Feature", "properties": {"cod_imovel": "SC-4212007-15AD0BB4D2254643A108899E299D8910", "municipio": "Palma Sola", "num_area": 25.6259, "mod_fiscal": 1.4237, "des_condic": "Aguardando analise", "ind_status": "AT", "dat_atuali": "27/04/2022"}, "geometry": {"type": "Polygon", "coordinates": [[[-53.25204029322652, -26.33660965940576], [-53.24778241902348, -26.33474294965739], [-53.24611876357346, -26.33494637106526], [-53.25001443361347, -26.34210948866458], [-53.25127937909861, -26.34169885480408], [-53.25204029322652, -26.33660965940576]]]}}, {"type": "Feature", "properties": {"cod_imovel": "SC-4212007-CE3F87F792EE4FE78EE0D80B3E17FF0F", "municipio": "Palma Sola", "num_area": 64.3109, "mod_fiscal": 3.5728, "des_condic": "Aguardando analise", "ind_status": "AT", "dat_atuali": "06/07/2023"}, "geometry": {"type": "Polygon", "coordinates": [[[-53.2257440394444, -26.3571122866667], [-53.2254182094444, -26.3573500666666], [-53.2243732094444, -26.3567789566667], [-53.2240462691666, -26.3570284066666], [-53.2237632094445, -26.3565336766667], [-53.2168549558333, -26.3593680938889], [-53.21667597, -26.36399279], [-53.2183005016666, -26.3648030708333], [-53.2194070805556, -26.3651509547222], [-53.22070183, -26.3655015958333], [-53.2224723788889, -26.3656717366667], [-53.2258951491667, -26.3594525666666], [-53.2256040391667, -26.3585953466667], [-53.2260351494445, -26.3572645166667], [-53.2257057094444, -26.3572417366667], [-53.2257440394444, -26.3571122866667]]]}}, {"type": "Feature", "properties": {"cod_imovel": "SC-4212007-75389E1C8D5244C49ED51167912509FB", "municipio": "Palma Sola", "num_area": 14.9479, "mod_fiscal": 0.8304, "des_condic": "Aguardando analise", "ind_status": "AT", "dat_atuali": "04/10/2023"}, "geometry": {"type": "Polygon", "coordinates": [[[-53.23916626599145, -26.31913883594287], [-53.23741803798254, -26.31599266622432], [-53.23362999035538, -26.318155888605], [-53.23535825441982, -26.32050631700877], [-53.23916626599145, -26.31913883594287]]]}}, {"type": "Feature", "properties": {"cod_imovel": "SC-4212007-5ECC356D7C2448899B2B82F175B5F930", "municipio": "Palma Sola", "num_area": 160.1923, "mod_fiscal": 8.8996, "des_condic": "Aguardando analise", "ind_status": "AT", "dat_atuali": "03/10/2023"}, "geometry": {"type": "Polygon", "coordinates": [[[-53.2442510091, -26.3121977303], [-53.2374153464, -26.3160028664], [-53.239158602, -26.3191436871], [-53.2408623892, -26.3185283419], [-53.2454666057, -26.3244069713], [-53.2511215077, -26.3239314304], [-53.25443312700001, -26.3234408369], [-53.2586432543, -26.3220363806], [-53.25914763429999, -26.3217178743], [-53.25850725199999, -26.3212829366], [-53.25804798650001, -26.3205766432], [-53.2567747029, -26.3198226997], [-53.2558523247, -26.318984702], [-53.2557803806, -26.3186933281], [-53.25386663279999, -26.3170671325], [-53.2535616744, -26.3162852014], [-53.2536170825, -26.3160642056], [-53.2530177483, -26.3156984501], [-53.25196677, -26.3156537753], [-53.25120408170001, -26.3153850721], [-53.2512289668, -26.3148231329], [-53.249704252, -26.3142620573], [-53.2496245046, -26.3140893027], [-53.24874873880001, -26.3139641464], [-53.2457262389, -26.3143285879], [-53.2442510091, -26.3121977303]]]}}, {"type": "Feature", "properties": {"cod_imovel": "SC-4212007-E496D2EE382C4346B81071E27C59E85C", "municipio": "Palma Sola", "num_area": 14.9479, "mod_fiscal": 0.8304, "des_condic": "Aguardando analise", "ind_status": "AT", "dat_atuali": "03/10/2023"}, "geometry": {"type": "Polygon", "coordinates": [[[-53.23916626599145, -26.31913883594287], [-53.23741803798254, -26.31599266622432], [-53.23362999035538, -26.318155888605], [-53.23535825441982, -26.32050631700877], [-53.23916626599145, -26.31913883594287]]]}}, {"type": "Feature", "properties": {"cod_imovel": "SC-4212007-BBC755C739CF48B09DA7A3C87CF6C507", "municipio": "Palma Sola", "num_area": 67.3009, "mod_fiscal": 3.7389, "des_condic": "Aguardando analise", "ind_status": "AT", "dat_atuali": "14/09/2023"}, "geometry": {"type": "Polygon", "coordinates": [[[-53.22770323638889, -26.34221710861111], [-53.22645942916667, -26.343644389722222], [-53.22786249888889, -26.346592515833333], [-53.22872090111111, -26.346296128055556], [-53.229051373055555, -26.34633818722222], [-53.22933743527778, -26.34602326583333], [-53.229431044722226, -26.345398975833334], [-53.22998951722222, -26.345065733333332], [-53.2302564425, -26.344045875], [-53.230470628055556, -26.343791186666664], [-53.230485423888894, -26.342484189444445], [-53.23119174361111, -26.34204214277778], [-53.23163512166667, -26.34153243861111], [-53.23175344916667, -26.34069368333333], [-53.23231038777778, -26.340422911666664], [-53.23286232666667, -26.3396988775], [-53.233199642222225, -26.337704002777777], [-53.23345346777778, -26.337537591388887], [-53.23188036277778, -26.333474930833333], [-53.22536981527778, -26.335375396388887], [-53.22770323638889, -26.34221710861111]]]}}, {"type": "Feature", "properties": {"cod_imovel": "SC-4212007-4F8A6286F0BC4D7B92EB03936EC52FFA", "municipio": "Palma Sola", "num_area": 4.7276, "mod_fiscal": 0.2626, "des_condic": "Aguardando analise", "ind_status": "AT", "dat_atuali": "14/09/2023"}, "geometry": {"type": "Polygon", "coordinates": [[[-53.224832864444444, -26.332522359722223], [-53.22428601694445, -26.331015053055555], [-53.221668065833335, -26.331794445555555], [-53.222240391944446, -26.333244454722223], [-53.224832864444444, -26.332522359722223]]]}}, {"type": "Feature", "properties": {"cod_imovel": "SC-4212007-274DD363B8F641C8B690029AE85F71AB", "municipio": "Palma Sola", "num_area": 150.769, "mod_fiscal": 8.3761, "des_condic": "Aguardando analise", "ind_status": "AT", "dat_atuali": "14/09/2023"}, "geometry": {"type": "Polygon", "coordinates": [[[-53.2277032388889, -26.3422171075773], [-53.2253698194444, -26.3353753964663], [-53.2318803666667, -26.3334749325774], [-53.2305003111111, -26.3299099631331], [-53.2278894194444, -26.3240522020221], [-53.2226159611111, -26.3257713686887], [-53.2248328666667, -26.3325223603552], [-53.2222403944444, -26.3332444547997], [-53.2198338222222, -26.3341467492441], [-53.220173525, -26.3355297575774], [-53.2177394444444, -26.3362535603552], [-53.2176444222222, -26.3363971825774], [-53.2204254972222, -26.3443571936883], [-53.22607996388891, -26.3429837714661], [-53.2264129472222, -26.3435341936884], [-53.2277032388889, -26.3422171075773]]]}}, {"type": "Feature", "properties": {"cod_imovel": "SC-4212007-2715DDC11F6D4C9E85CFBE10DB87DDF6", "municipio": "Palma Sola", "num_area": 110.5478, "mod_fiscal": 6.1415, "des_condic": "Aguardando analise", "ind_status": "AT", "dat_atuali": "06/07/2023"}, "geometry": {"type": "Polygon", "coordinates": [[[-53.2266243188889, -26.3672134066667], [-53.2253645988889, -26.3664114566667], [-53.2248232088889, -26.3663106266667], [-53.2239129288889, -26.3657925666667], [-53.22070183, -26.3655015958333], [-53.2183005016666, -26.3648030708333], [-53.21667597, -26.36399279], [-53.2168549558333, -26.3593680938889], [-53.2082965386111, -26.3628792358333], [-53.2118057083333, -26.3705203461111], [-53.2124251483334, -26.3706522861111], [-53.2129004283334, -26.3715609061111], [-53.2266243188889, -26.3672134066667]]]}}, {"type": "Feature", "properties": {"cod_imovel": "SC-4212007-D0220F2A40C6465BB89CF84241D82DB4", "municipio": "Palma Sola", "num_area": 11.2326, "mod_fiscal": 0.6031, "des_condic": "Aguardando analise", "ind_status": "AT", "dat_atuali": "22/12/2016"}, "geometry": {"type": "Polygon", "coordinates": [[[-53.2092850623308, -26.3309487231917], [-53.2087252005258, -26.3246832231335], [-53.207794945984, -26.3255434215315], [-53.206348338963, -26.3264553240652], [-53.2083608317252, -26.3311802853045], [-53.2092850623308, -26.3309487231917]]]}}, {"type": "Feature", "properties": {"cod_imovel": "SC-4212007-79B0D68A12DF4C29AC3E497E7EED42F4", "municipio": "Palma Sola", "num_area": 94.8348, "mod_fiscal": 5.2686, "des_condic": "Aguardando analise", "ind_status": "AT", "dat_atuali": "27/04/2022"}, "geometry": {"type": "Polygon", "coordinates": [[[-53.2544263386111, -26.3234436861111], [-53.2511147191667, -26.3239342794445], [-53.2505070886111, -26.3238922891667], [-53.2437042086111, -26.3273476822222], [-53.2477217041667, -26.3345839416667], [-53.2520453991666, -26.3364749555556], [-53.2527832302778, -26.3317239619445], [-53.2550639841667, -26.3261199986111], [-53.2544263386111, -26.3234436861111]]]}}, {"type": "Feature", "properties": {"cod_imovel": "SC-4212007-666A2472904B4A1792A045D3680BE158", "municipio": "Palma Sola", "num_area": 8.8366, "mod_fiscal": 0.4909, "des_condic": "Cancelado por decisao administrativa", "ind_status": "CA", "dat_atuali": "27/06/2022"}, "geometry": {"type": "Polygon", "coordinates": [[[-53.23018138669071, -26.34302351905469], [-53.23021165985047, -26.34353340107456], [-53.22985855338926, -26.34404543648207], [-53.23826844881795, -26.3461330232077], [-53.23769470204194, -26.3450551776324], [-53.23018138669071, -26.34302351905469]]]}}, {"type": "Feature", "properties": {"cod_imovel": "SC-4212007-B2C8CA118B1A4ED7B629EE04EE6B17C9", "municipio": "Palma Sola", "num_area": 10.0413, "mod_fiscal": 0.5578, "des_condic": "Aguardando analise", "ind_status": "AT", "dat_atuali": "27/04/2022"}, "geometry": {"type": "Polygon", "coordinates": [[[-53.2437042086111, -26.3273476822222], [-53.241764415, -26.3282992483333], [-53.2477217041667, -26.3345839416667], [-53.2437042086111, -26.3273476822222]]]}}, {"type": "Feature", "properties": {"cod_imovel": "SC-4212007-35FD497FC8C042BF86DBC2F3EAB65073", "municipio": "Palma Sola", "num_area": 5.6925, "mod_fiscal": 0.3162, "des_condic": "Cancelado por decisao administrativa", "ind_status": "CA", "dat_atuali": "27/06/2022"}, "geometry": {"type": "Polygon", "coordinates": [[[-53.23538501610367, -26.34088537625146], [-53.23354048730919, -26.33755054774072], [-53.23286001557288, -26.33774494274429], [-53.23307677359716, -26.34104873069672], [-53.23538501610367, -26.34088537625146]]]}}, {"type": "Feature", "properties": {"cod_imovel": "SC-4212007-AD42E84D78B243929D3E5532B639A29B", "municipio": "Palma Sola", "num_area": 3.6546, "mod_fiscal": 0.203, "des_condic": "Aguardando analise", "ind_status": "AT", "dat_atuali": "17/06/2020"}, "geometry": {"type": "Polygon", "coordinates": [[[-53.2368591527778, -26.3432177881328], [-53.2364779388889, -26.3424666686884], [-53.2317060138889, -26.3411791881328], [-53.2313819055556, -26.3417399575773], [-53.2368591527778, -26.3432177881328]]]}}, {"type": "Feature", "properties": {"cod_imovel": "SC-4212007-BAC1D69D7FD9400B97A65F80EB421290", "municipio": "Palma Sola", "num_area": 92.28, "mod_fiscal": 5.1267, "des_condic": "Aguardando analise", "ind_status": "AT", "dat_atuali": "22/11/2016"}, "geometry": {"type": "Polygon", "coordinates": [[[-53.2628842476068, -26.350020336197], [-53.2624473417915, -26.3504009461669], [-53.2612251471982, -26.3490295099869], [-53.2605693660517, -26.3486649804775], [-53.2596120544102, -26.3477144507042], [-53.2595157316068, -26.3458065734786], [-53.2592815348311, -26.3456601831694], [-53.2559157128325, -26.3467408697221], [-53.2554661640073, -26.3464106713751], [-53.2551259656441, -26.3453328749978], [-53.2547766754527, -26.3448411185998], [-53.2541843955199, -26.3446053458796], [-53.2539232740828, -26.3442242392322], [-53.2545476157406, -26.3424606090067], [-53.2538609651076, -26.3416720979592], [-53.2526183476776, -26.3412721591758], [-53.2494011568665, -26.3425222319097], [-53.2565440267057, -26.3558338873197], [-53.2602068830449, -26.3536045321581], [-53.2636292772445, -26.3512147556858], [-53.2628842476068, -26.350020336197]]]}}, {"type": "Feature", "properties": {"cod_imovel": "SC-4212007-570FA6CB0B4A45EAB707099A3D5D975B", "municipio": "Palma Sola", "num_area": 41.0707, "mod_fiscal": 2.2811, "des_condic": "Aguardando analise", "ind_status": "AT", "dat_atuali": "27/09/2019"}, "geometry": {"type": "Polygon", "coordinates": [[[-53.2256535529307, -26.3182800081479], [-53.2280288983622, -26.324347109565], [-53.228746532426, -26.3237215993332], [-53.2335452257815, -26.3221300115742], [-53.2309432171414, -26.316293911247], [-53.2298541069031, -26.3146513728083], [-53.2294678688049, -26.315324563656], [-53.229660987854, -26.316016984447], [-53.2290387153625, -26.3174018136131], [-53.2269787788391, -26.3181903894905], [-53.2256535529307, -26.3182800081479]]]}}, {"type": "Feature", "properties": {"cod_imovel": "SC-4212007-9B786B9ECFBD4E91B3A6A621AD515924", "municipio": "Palma Sola", "num_area": 4.8247, "mod_fiscal": 0.268, "des_condic": "Aguardando analise", "ind_status": "AT", "dat_atuali": "31/05/2017"}, "geometry": {"type": "Polygon", "coordinates": [[[-53.2236580055556, -26.3454098881328], [-53.2252075111111, -26.3448753797994], [-53.2264367805556, -26.3435521159106], [-53.2260748472222, -26.3429739770217], [-53.2237272722222, -26.3436075825772], [-53.2233062277778, -26.344458760355], [-53.2236580055556, -26.3454098881328]]]}}, {"type": "Feature", "properties": {"cod_imovel": "SC-4212007-B42DF21C515541D4BE88ECE5743D3A1B", "municipio": "Palma Sola", "num_area": 28.4625, "mod_fiscal": 1.5812, "des_condic": "Aguardando analise", "ind_status": "AT", "dat_atuali": "30/01/2017"}, "geometry": {"type": "Polygon", "coordinates": [[[-53.24779339972223, -26.314081330833336], [-53.2457441025, -26.3109835025], [-53.239999303333335, -26.302297945555555], [-53.23963782277778, -26.302704223611112], [-53.23978204027778, -26.30286695277778], [-53.23934319916667, -26.303739149444446], [-53.23928668055556, -26.305039038333334], [-53.245719450833334, -26.314331436666667], [-53.24779339972223, -26.314081330833336]]]}}, {"type": "Feature", "properties": {"cod_imovel": "SC-4212007-D6A5DCFFB0044F99AE9E2AA510E50801", "municipio": "Palma Sola", "num_area": 9.233, "mod_fiscal": 0.5129, "des_condic": "Aguardando analise", "ind_status": "AT", "dat_atuali": "27/09/2019"}, "geometry": {"type": "Polygon", "coordinates": [[[-53.2177539130419, -26.3279255524102], [-53.2227636317852, -26.3260814081821], [-53.2222388667289, -26.3247496423681], [-53.2171928379216, -26.3263003309903], [-53.2177539130419, -26.3279255524102]]]}}, {"type": "Feature", "properties": {"cod_imovel": "SC-4212007-5E9F9668AB2F4CEDA4BC879A3500F82A", "municipio": "Palma Sola", "num_area": 209.2524, "mod_fiscal": 11.6075, "des_condic": "Aguardando analise", "ind_status": "AT", "dat_atuali": "04/05/2016"}, "geometry": {"type": "Polygon", "coordinates": [[[-53.2176757610753, -26.33631340745115], [-53.22031670495638, -26.33563149490879], [-53.219277162024184, -26.3325091675969], [-53.22431993449128, -26.330749873239334], [-53.222805720446885, -26.326231698928726], [-53.21774148058506, -26.32793555058457], [-53.21589829874706, -26.32252901583399], [-53.21571873066391, -26.322514307377357], [-53.21512497299126, -26.32412337570823], [-53.21417336233094, -26.324500215764417], [-53.21300394446045, -26.32543931382889], [-53.21242807727483, -26.32613861903847], [-53.21224090999543, -26.32666620931613], [-53.2115309364415, -26.326727304053218], [-53.20998191606208, -26.325053550817895], [-53.20994852693434, -26.324070933569036], [-53.20872520052586, -26.324683223133547], [-53.20932508223849, -26.331100245672513], [-53.20923130953795, -26.331948269540515], [-53.20959050538639, -26.333258192835302], [-53.21064241356169, -26.334060716690697], [-53.21096861836191, -26.335215462144138], [-53.21101803442526, -26.337776782740512], [-53.2108686936182, -26.33922722094543], [-53.211189424069374, -26.34052803456957], [-53.21192750356279, -26.340782824117156], [-53.21290619352698, -26.341414937808747], [-53.21540668676933, -26.3439055784908], [-53.216437567054335, -26.344458623497307], [-53.218371013112026, -26.345120017848654], [-53.22163899534802, -26.34550552362395], [-53.222707559556376, -26.34583764033635], [-53.22368127370779, -26.34543401967125], [-53.22330024502187, -26.344573689238135], [-53.223656996631924, -26.34367829713405], [-53.22038009801781, -26.344344808519054], [-53.2176757610753, -26.33631340745115]]]}}, {"type": "Feature", "properties": {"cod_imovel": "SC-4212007-262C4D7C51E0400D9612FAA05AD787E8", "municipio": "Palma Sola", "num_area": 35.8187, "mod_fiscal": 1.9688, "des_condic": "Aguardando analise", "ind_status": "AT", "dat_atuali": "04/05/2016"}, "geometry": {"type": "Polygon", "coordinates": [[[-53.20636523420699, -26.326506051477647], [-53.20525661492548, -26.327619395376615], [-53.204982027524835, -26.328547369990552], [-53.205325629407426, -26.331028808718152], [-53.20567638141901, -26.33216902174188], [-53.20561284817793, -26.332852414558797], [-53.20614584871139, -26.334884452395798], [-53.20650770245237, -26.33538323204013], [-53.21100400838456, -26.337688045963226], [-53.21104531225881, -26.335876413514917], [-53.21064241356169, -26.334060716690697], [-53.20959050538639, -26.333258192835302], [-53.2092313095379, -26.331948269540508], [-53.2092850623308, -26.330948723191664], [-53.2083608317252, -26.331180285304477], [-53.20636523420699, -26.326506051477647]]]}}, {"type": "Feature", "properties": {"cod_imovel": "SC-4212007-34B7737DD9A4416DA72A1DB5263F15FD", "municipio": "Palma Sola", "num_area": 238.3721, "mod_fiscal": 13.1576, "des_condic": "Aguardando analise", "ind_status": "AT", "dat_atuali": "14/11/2016"}, "geometry": {"type": "Polygon", "coordinates": [[[-53.181824325, -26.3436720270217], [-53.180557125, -26.3440379825772], [-53.177597175, -26.3443907992439], [-53.1713210944444, -26.3468463297994], [-53.1706934944444, -26.3466485909105], [-53.1697332916667, -26.3467367159105], [-53.1694053361111, -26.3469442159105], [-53.1671636194444, -26.3499032131327], [-53.1667525277778, -26.3496633992438], [-53.1656103527778, -26.3496550436882], [-53.1645189388889, -26.3492955409105], [-53.1639147527778, -26.3492622520216], [-53.1633147138889, -26.3494894631327], [-53.162346525, -26.3493884686882], [-53.1613551972222, -26.3502573353549], [-53.1610703277778, -26.3510056270215], [-53.1652583305556, -26.3512739353549], [-53.1664349916667, -26.3524323936882], [-53.1678658305556, -26.3531550436882], [-53.1684548055556, -26.3529614909104], [-53.1692408694444, -26.351394146466], [-53.1735212138889, -26.3542079492437], [-53.1925219027778, -26.3609963409102], [-53.1936188666667, -26.3562040409103], [-53.1933883472222, -26.3562676909103], [-53.1933752666667, -26.356102257577], [-53.1929982333333, -26.3559191409103], [-53.1931304138889, -26.355311332577], [-53.1926471305556, -26.3550724936881], [-53.1919949805556, -26.3543785992437], [-53.1905453638889, -26.3537786353548], [-53.1898015555556, -26.3531596047993], [-53.1878228222222, -26.3529066603548], [-53.1875506305556, -26.3525891436882], [-53.1870513833333, -26.3524908936882], [-53.1870404083333, -26.3522957797993], [-53.1864125444444, -26.3517715770215], [-53.185345725, -26.3519276659104], [-53.1850067277778, -26.3516257659104], [-53.1847027194444, -26.3517218936882], [-53.18411655, -26.3511483547993], [-53.1839199861111, -26.3511534353549], [-53.1836560361111, -26.3507443242438], [-53.1832991083333, -26.3505836159104], [-53.1829210888889, -26.3507638492438], [-53.1821606472222, -26.350323471466], [-53.1821029444444, -26.3501584186882], [-53.1823106194444, -26.349980171466], [-53.1819404638889, -26.349167221466], [-53.181791375, -26.3478821159105], [-53.1826757361111, -26.3445484742439], [-53.1824384611111, -26.3440410686883], [-53.181824325, -26.3436720270217]]]}}, {"type": "Feature", "properties": {"cod_imovel": "SC-4212007-AB971BD408E6443AB7A31F691A936B74", "municipio": "Palma Sola", "num_area": 4.6, "mod_fiscal": 0.2556, "des_condic": "Aguardando analise", "ind_status": "AT", "dat_atuali": "15/01/2015"}, "geometry": {"type": "Polygon", "coordinates": [[[-53.2202410697937, -26.33417232045816], [-53.22242975234985, -26.333095388513], [-53.22163581848144, -26.33151843437436], [-53.21953296661377, -26.332614612088445], [-53.2202410697937, -26.33417232045816]]]}}, {"type": "Feature", "properties": {"cod_imovel": "SC-4212007-B0ED96F39FC145A0BDF8CF1612A1E788", "municipio": "Palma Sola", "num_area": 61.7306, "mod_fiscal": 3.4295, "des_condic": "Aguardando analise", "ind_status": "AT", "dat_atuali": "05/05/2016"}, "geometry": {"type": "Polygon", "coordinates": [[[-53.22676065182836, -26.35769300333238], [-53.22282873807198, -26.36532337520079], [-53.22601129481128, -26.3667114995901], [-53.23063518379998, -26.36925338869676], [-53.23161610130556, -26.36889356224702], [-53.23223843497394, -26.36801476668484], [-53.23307620985562, -26.36486468075783], [-53.23311627938882, -26.36406372268625], [-53.2319512594659, -26.36315173706071], [-53.2313256649297, -26.36306742737261], [-53.23032337879866, -26.36328275358422], [-53.22963791897865, -26.36324834837433], [-53.22885478015913, -26.36239400367187], [-53.22875637309906, -26.36171627024132], [-53.22775236851781, -26.36095574770878], [-53.22676065182836, -26.35769300333238]]]}}, {"type": "Feature", "properties": {"cod_imovel": "SC-4212007-C754C70B8F1945E89132FC88BF208E81", "municipio": "Palma Sola", "num_area": 3.5683, "mod_fiscal": 0.1982, "des_condic": "Aguardando analise", "ind_status": "AT", "dat_atuali": "30/07/2016"}, "geometry": {"type": "Polygon", "coordinates": [[[-53.22747230529785, -26.327345171614194], [-53.22631359100342, -26.32803752054411], [-53.22597026824951, -26.328922182596653], [-53.22601318359375, -26.329729911610876], [-53.22794437408447, -26.329576058899757], [-53.22747230529785, -26.327345171614194]]]}}, {"type": "Feature", "properties": {"cod_imovel": "SC-4212007-BADD4AF3CF95434892E2F9A516A6FB27", "municipio": "Palma Sola", "num_area": 11.5051, "mod_fiscal": 0.6392, "des_condic": "Cancelado por decisao administrativa", "ind_status": "CA", "dat_atuali": "28/06/2022"}, "geometry": {"type": "Polygon", "coordinates": [[[-53.23763397713173, -26.34501317113443], [-53.23659410141109, -26.3431416182148], [-53.23113141211522, -26.34167562350289], [-53.23065262405046, -26.3420304541263], [-53.23019093641387, -26.34271825288599], [-53.23014131836301, -26.34296968834325], [-53.23763397713173, -26.34501317113443]]]}}, {"type": "Feature", "properties": {"cod_imovel": "SC-4212007-3C6A823BA56E4A35A1CF281A0513018D", "municipio": "Palma Sola", "num_area": 53.5063, "mod_fiscal": 2.9726, "des_condic": "Aguardando analise", "ind_status": "AT", "dat_atuali": "08/02/2018"}, "geometry": {"type": "Polygon", "coordinates": [[[-53.22661734388899, -26.367210694167], [-53.212843482778, -26.371465767222], [-53.212854218333, -26.372081700278], [-53.2138659975, -26.371615761944], [-53.21425261333301, -26.371676854722], [-53.214863003611, -26.372288951944], [-53.21496267722199, -26.372698744722], [-53.215855479722, -26.372751982778], [-53.21681516166701, -26.372484743333], [-53.217790342222, -26.373205886667], [-53.218016182222, -26.373588855], [-53.219313279722, -26.373877768889], [-53.220472273889, -26.373935418056], [-53.22175057861101, -26.373538906944], [-53.223628286111, -26.372427109167], [-53.224233055278, -26.372460933611], [-53.224795785833, -26.372158479167], [-53.22557231194401, -26.371223518333], [-53.226877572778, -26.370684840556], [-53.227242638889, -26.369491088611], [-53.227336703889, -26.368558492778], [-53.227168940833, -26.367795203056], [-53.22661734388899, -26.367210694167]]]}}, {"type": "Feature", "properties": {"cod_imovel": "SC-4212007-E7AEC7D681CB4669AF936FB4EE1C583D", "municipio": "Palma Sola", "num_area": 67.2535, "mod_fiscal": 3.7363, "des_condic": "Aguardando analise", "ind_status": "AT", "dat_atuali": "22/08/2014"}, "geometry": {"type": "Polygon", "coordinates": [[[-53.18774585158023, -26.359289327637672], [-53.182783073019564, -26.36035994616924], [-53.182704059920596, -26.361593661119723], [-53.18226691711072, -26.36245629533004], [-53.18225601356163, -26.36277722469144], [-53.182811412753196, -26.363446836465876], [-53.18274187218841, -26.364192854055897], [-53.182893853244714, -26.36452312295038], [-53.183647210374815, -26.36482869581396], [-53.18380701500595, -26.364695570212877], [-53.18431264570956, -26.365077843538234], [-53.18449022079438, -26.365442196929134], [-53.18499015396805, -26.365627800811488], [-53.185345039065986, -26.365905329730623], [-53.18530817580281, -26.366038836597134], [-53.18590211208173, -26.36618825422458], [-53.186005965709555, -26.366457430150067], [-53.18676457066801, -26.367003432065086], [-53.18683032474893, -26.366839970510078], [-53.18705328805372, -26.366969688619562], [-53.18730747530016, -26.36686869156468], [-53.18777583211045, -26.36698906284459], [-53.18806523480847, -26.36726298231224], [-53.18832539052037, -26.3670852667073], [-53.18951714257726, -26.36736036758687], [-53.19042400988198, -26.36821220737414], [-53.19021950164934, -26.368296384649994], [-53.19050561737922, -26.368400852443646], [-53.19038035987426, -26.368511525036784], [-53.19071589466239, -26.368622546680143], [-53.19252190304819, -26.36099634318455], [-53.18774585158023, -26.359289327637672]]]}}, {"type": "Feature", "properties": {"cod_imovel": "SC-4212007-FB8DFE91D1D840188F219337CE53A0A8", "municipio": "Palma Sola", "num_area": 66.4367, "mod_fiscal": 3.6685, "des_condic": "Aguardando analise", "ind_status": "AT", "dat_atuali": "27/09/2019"}, "geometry": {"type": "Polygon", "coordinates": [[[-53.2184339825375, -26.3220953727687], [-53.215898298747, -26.322529014333], [-53.2171928379216, -26.3263003309903], [-53.2222388667289, -26.3247496423681], [-53.2226227472465, -26.3257685201403], [-53.2278962041464, -26.3240493526266], [-53.2256535529307, -26.3182800081479], [-53.2237933503744, -26.3184137524775], [-53.2230727731074, -26.3178794946178], [-53.2220121424238, -26.3183698871532], [-53.2210978490845, -26.3185100082286], [-53.2207974481876, -26.3187157227198], [-53.2208735396291, -26.319717193671], [-53.2207271633563, -26.3199479093143], [-53.2205481901864, -26.3200772601728], [-53.2193295356678, -26.3199545013077], [-53.2190668671017, -26.3211194133238], [-53.2184339825375, -26.3220953727687]]]}}, {"type": "Feature", "properties": {"cod_imovel": "SC-4212007-47C0E7DEF12F4ADB8612497D04933141", "municipio": "Palma Sola", "num_area": 9.3821, "mod_fiscal": 0.5212, "des_condic": "Aguardando analise", "ind_status": "AT", "dat_atuali": "12/09/2022"}, "geometry": {"type": "Polygon", "coordinates": [[[-53.2247983177778, -26.3451951933334], [-53.2227270744445, -26.3459113233333], [-53.2222025877778, -26.3464489044444], [-53.2234696688889, -26.3482785380555], [-53.2225830027778, -26.3491468791667], [-53.222648585, -26.3494675619444], [-53.2224984108333, -26.3496965180556], [-53.2225960980555, -26.3499873288889], [-53.2228281875, -26.3500160147222], [-53.222791965, -26.3503583461111], [-53.2229322169445, -26.3505180725], [-53.2234982202778, -26.3501901616666], [-53.2233692130556, -26.3499392955556], [-53.2236875311111, -26.3496613663889], [-53.2236857897222, -26.3492975963889], [-53.2239790019444, -26.3492528236111], [-53.2242196255556, -26.3489699383333], [-53.2248793944444, -26.3491454063889], [-53.2247983177778, -26.3451951933334]]]}}, {"type": "Feature", "properties": {"cod_imovel": "SC-4212007-12DB548622724C58A208D6EC3B263092", "municipio": "Palma Sola", "num_area": 588.5695, "mod_fiscal": 32.6983, "des_condic": "Aguardando analise", "ind_status": "AT", "dat_atuali": "24/08/2022"}, "geometry": {"type": "Polygon", "coordinates": [[[-53.24919932722222, -26.34237087916667], [-53.24998532329392, -26.34212948815008], [-53.24608202052438, -26.33492452749879], [-53.23320279072225, -26.33769521040273], [-53.23290125343151, -26.33988400571844], [-53.23249690172244, -26.34012474557136], [-53.23566638083334, -26.34095513638889], [-53.23647844967513, -26.343129254146504], [-53.23144291644067, -26.34177659442945], [-53.2307123723316, -26.3426893225202], [-53.23047079686123, -26.34380045397443], [-53.2301548379484, -26.3441563751909], [-53.23836280057897, -26.34605261712729], [-53.25072831861111, -26.36842688194444], [-53.25061672713373, -26.369138856036372], [-53.2499760389328, -26.37015243096609], [-53.24950933456421, -26.371810562973835], [-53.24924111366272, -26.372185441695578], [-53.24851453944444, -26.37429607833333], [-53.24816823005676, -26.37473506535471], [-53.247942924499505, -26.37560735534954], [-53.24775778555556, -26.37586020277778], [-53.24714782444445, -26.37605876888889], [-53.24714304493376, -26.37620034594273], [-53.24721866444444, -26.3766230825], [-53.24840512861112, -26.37832680583334], [-53.24898137944444, -26.37835827305556], [-53.24954780055555, -26.37756183555556], [-53.25064039194444, -26.37688645222222], [-53.25132807793894, -26.37700361874901], [-53.25209994805556, -26.37773784472223], [-53.25231487833334, -26.38006736916667], [-53.25220277138888, -26.38102886638889], [-53.25243363224686, -26.38118386511463], [-53.25238067027778, -26.38140286527778], [-53.25260216781155, -26.38165160244931], [-53.25315644273524, -26.38152690442777], [-53.25380591199343, -26.38077205793121], [-53.25466157888889, -26.38054809277778], [-53.25507300583333, -26.38005831416667], [-53.25555348, -26.37885238527778], [-53.25540642361111, -26.37865822638889], [-53.2555494525, -26.37844911611111], [-53.25466006027778, -26.37816376888889], [-53.25464943277778, -26.37793641305556], [-53.25438360694444, -26.37792607055555], [-53.25429825722222, -26.37702399972222], [-53.25462944, -26.37601942972222], [-53.25504025305555, -26.375947615], [-53.25518262305555, -26.37576143944445], [-53.25536536527778, -26.37505396777778], [-53.25521154, -26.37502687972222], [-53.25539501722221, -26.37436244638889], [-53.25557492416668, -26.37433443083333], [-53.25553593277778, -26.37408604222222], [-53.25647353833334, -26.37362117888889], [-53.25636157638889, -26.37343323611111], [-53.25616492333333, -26.373450145], [-53.25644493111111, -26.37304618805556], [-53.25629297583333, -26.37288315333334], [-53.25648338805556, -26.37242654833333], [-53.25705459527777, -26.3719474225], [-53.25789420083333, -26.37209636111111], [-53.25855817361111, -26.37253912583333], [-53.26008335638889, -26.37204709666667], [-53.26104172055555, -26.37156960305555], [-53.26180158055556, -26.37037106583333], [-53.26206110444444, -26.37024909666667], [-53.26213274444444, -26.36981205166667], [-53.26282346777778, -26.36931883138889], [-53.26369699623592, -26.36935350172582], [-53.25656037694444, -26.35583668694445], [-53.24919932722222, -26.34237087916667]]]}}, {"type": "Feature", "properties": {"cod_imovel": "SC-4212007-E889E22B65034C618A741E009D1F0654", "municipio": "Palma Sola", "num_area": 212.6754, "mod_fiscal": 11.8153, "des_condic": "Aguardando analise", "ind_status": "AT", "dat_atuali": "01/06/2016"}, "geometry": {"type": "Polygon", "coordinates": [[[-53.20353294418223, -26.35251543906932], [-53.19373668538081, -26.34136758469994], [-53.19317170509081, -26.34093442751927], [-53.19152675982404, -26.34035412233189], [-53.19069662591208, -26.33934010092849], [-53.18461780469289, -26.34461632671698], [-53.1827780320932, -26.34453044780208], [-53.18241759176761, -26.3457984353816], [-53.18182470800151, -26.34705180390154], [-53.18172703486854, -26.34975364666893], [-53.18370139744464, -26.35157691051866], [-53.1848550011474, -26.35196751096283], [-53.18799602267248, -26.35223001492646], [-53.19079962662429, -26.3543584120142], [-53.19276477860962, -26.35527815156346], [-53.20353294418223, -26.35251543906932]]]}}, {"type": "Feature", "properties": {"cod_imovel": "SC-4212007-DAACC5419CB447D984D35262F16FFFF4", "municipio": "Palma Sola", "num_area": 7.4612, "mod_fiscal": 0.4145, "des_condic": "Cancelado por decisao administrativa", "ind_status": "CA", "dat_atuali": "11/03/2019"}, "geometry": {"type": "Polygon", "coordinates": [[[-53.24593806502046, -26.33495000747656], [-53.24498539328534, -26.33511401241271], [-53.24881154263208, -26.34170620062055], [-53.24964925956705, -26.34138663866289], [-53.24593806502046, -26.33495000747656]]]}}, {"type": "Feature", "properties": {"cod_imovel": "SC-4212007-29A810F6A79E44D990CAA7858518CE75", "municipio": "Palma Sola", "num_area": 4.7687, "mod_fiscal": 0.2649, "des_condic": "Aguardando analise", "ind_status": "AT", "dat_atuali": "09/08/2019"}, "geometry": {"type": "Polygon", "coordinates": [[[-53.2260870697265, -26.3429811254389], [-53.2237125170695, -26.3436129021284], [-53.2233164066328, -26.344442408063], [-53.2236799675377, -26.3453959961851], [-53.2250516599223, -26.3449754810348], [-53.2264320257341, -26.3435506025261], [-53.2260870697265, -26.3429811254389]]]}}, {"type": "Feature", "properties": {"cod_imovel": "SC-4212007-94304B6E998042939EFB0239E574B3DD", "municipio": "Palma Sola", "num_area": 70.9221, "mod_fiscal": 3.9401, "des_condic": "Aguardando analise", "ind_status": "AT", "dat_atuali": "20/08/2021"}, "geometry": {"type": "Polygon", "coordinates": [[[-53.24183672302819, -26.32855174346539], [-53.24020834226017, -26.32656039676205], [-53.23048100410954, -26.32989316095068], [-53.23352198906573, -26.33750890550775], [-53.23977289640234, -26.33614256631454], [-53.23731691930089, -26.33006633075439], [-53.24183672302819, -26.32855174346539]]]}}, {"type": "Feature", "properties": {"cod_imovel": "SC-4212007-BB95E2C8951C45E88581423156C8AB34", "municipio": "Palma Sola", "num_area": 528.4151, "mod_fiscal": 29.3564, "des_condic": "Aguardando analise", "ind_status": "AT", "dat_atuali": "17/08/2020"}, "geometry": {"type": "Polygon", "coordinates": [[[-53.24714445083333, -26.376055302222223], [-53.24765162972222, -26.375889829166667], [-53.24788575111111, -26.375587689166668], [-53.24809402555556, -26.374752750555555], [-53.24947525861111, -26.371832348333335], [-53.24971148138889, -26.370599770277778], [-53.25057548583333, -26.369025377777778], [-53.25067876361111, -26.368336759722222], [-53.2384198775, -26.346066241666666], [-53.23025303666667, -26.344151235555554], [-53.23001205833334, -26.34508242361111], [-53.22944701861111, -26.345402230555553], [-53.22930054138889, -26.34571949222222], [-53.22935821083333, -26.34604188], [-53.22898258138889, -26.34643969333333], [-53.22871011638889, -26.346335269166666], [-53.227551098333336, -26.34677288472222], [-53.22673696583333, -26.346755491944442], [-53.22632925333333, -26.347105331666665], [-53.22650510222223, -26.347212345277775], [-53.22555090861111, -26.34905687], [-53.22382590416667, -26.34922951472222], [-53.22340726027778, -26.35016625027778], [-53.22293339111111, -26.35049942], [-53.22313046972222, -26.35106161361111], [-53.22297637305556, -26.351494962777778], [-53.223085107500005, -26.351675314444446], [-53.22282607527778, -26.35197518388889], [-53.223030299722225, -26.352868945555556], [-53.22437189666667, -26.35391016361111], [-53.22440560277778, -26.354322136666667], [-53.22524356444445, -26.355209747777778], [-53.22464064027778, -26.356819295833336], [-53.22541556722222, -26.35727052111111], [-53.22584238305556, -26.357063616388892], [-53.22581179888889, -26.357229433333334], [-53.22609180166667, -26.35721876277778], [-53.22583193027778, -26.359101501388892], [-53.22666302138889, -26.359649046388892], [-53.22709170444445, -26.359690754166667], [-53.227114427222226, -26.359449336111112], [-53.22754018916667, -26.359626106666667], [-53.226991821666665, -26.360908551666668], [-53.2273889375, -26.36136762527778], [-53.22805714638889, -26.361199195833336], [-53.228828666944445, -26.361632582222224], [-53.22896198527778, -26.362121931111112], [-53.22863755138889, -26.3621933175], [-53.22859821138889, -26.36236739527778], [-53.22874176527778, -26.36235631555556], [-53.22870042027778, -26.36259820388889], [-53.229011282777776, -26.363140474166666], [-53.23008002694445, -26.363513991388892], [-53.23107671611111, -26.363124456111112], [-53.2318153475, -26.36337259861111], [-53.23280104333333, -26.364121213611114], [-53.232264818611114, -26.364928128333336], [-53.23236989277778, -26.36519282388889], [-53.23291834138889, -26.36532930555556], [-53.23301329583334, -26.365797135833336], [-53.23215770138889, -26.365886562777778], [-53.23211178638889, -26.365989355], [-53.23267002777778, -26.366254655], [-53.232685401944444, -26.366653149444446], [-53.23248463805556, -26.36695627916667], [-53.232550170833335, -26.367097494722223], [-53.232039155555555, -26.36762152611111], [-53.23231838277778, -26.36762141361111], [-53.23224428861111, -26.368082584722224], [-53.23253646194445, -26.36827116888889], [-53.23264199611111, -26.36803315111111], [-53.23291106972223, -26.368124983333335], [-53.23401981361111, -26.36730904166667], [-53.23432153361111, -26.36774909472222], [-53.23389583916667, -26.36836963416667], [-53.23318059638889, -26.368928174444445], [-53.2333178725, -26.36924669861111], [-53.23317432166667, -26.369612745], [-53.23369629277778, -26.370554142777777], [-53.23348211472222, -26.370639253611113], [-53.233962555, -26.37122344888889], [-53.23431197222222, -26.371069530833335], [-53.23481344722222, -26.370044289722223], [-53.236365052222226, -26.371877351944445], [-53.23726737138889, -26.371298813888888], [-53.23777747555555, -26.371242735], [-53.23802815388889, -26.37103972], [-53.23871883472222, -26.371562126666667], [-53.23925786888889, -26.37226334416667], [-53.24069431694445, -26.372765498055557], [-53.24121004888889, -26.373213644722224], [-53.24151902055556, -26.373860965833334], [-53.24158632527778, -26.37473156361111], [-53.24196797527778, -26.375120978333335], [-53.24260234388889, -26.374878550555557], [-53.24549216361111, -26.376037555555556], [-53.24645643888889, -26.37538407222222], [-53.246792606111114, -26.3754208525], [-53.24714445083333, -26.376055302222223]]]}}, {"type": "Feature", "properties": {"cod_imovel": "SC-4212007-E070B88D131144E4B48DBC577726511D", "municipio": "Palma Sola", "num_area": 12.6736, "mod_fiscal": 0.7041, "des_condic": "Aguardando analise", "ind_status": "AT", "dat_atuali": "04/07/2019"}, "geometry": {"type": "Polygon", "coordinates": [[[-53.22208196237044, -26.34640232572799], [-53.22093762255113, -26.34710975579559], [-53.21944151064335, -26.34864447197045], [-53.21855687238233, -26.34912363762492], [-53.22057905362822, -26.35105542069475], [-53.22280463675114, -26.34973492089967], [-53.22270451748929, -26.34922055897102], [-53.22325476926305, -26.34807129878367], [-53.22208196237044, -26.34640232572799]]]}}, {"type": "Feature", "properties": {"cod_imovel": "SC-4215752-79D9398D61E04596B7B72899402DCF18", "municipio": "Sao Bernardino", "num_area": 11.9244, "mod_fiscal": 0.6, "des_condic": "Aguardando analise", "ind_status": "AT", "dat_atuali": "03/07/2026"}, "geometry": {"type": "Polygon", "coordinates": [[[-53.003115126, -26.466039371], [-53.005760874, -26.45990642], [-53.004399907, -26.459457742], [-53.001406564, -26.465446634], [-53.003115126, -26.466039371]]]}}, {"type": "Feature", "properties": {"cod_imovel": "SC-4215752-E093794D45F940D0BD418305F69A4C25", "municipio": "Sao Bernardino", "num_area": 7.682, "mod_fiscal": 0.3941, "des_condic": "Aguardando analise", "ind_status": "AT", "dat_atuali": "28/02/2023"}, "geometry": {"type": "Polygon", "coordinates": [[[-53.02619934082031, -26.42746192445947], [-53.03250789642334, -26.427923091076064], [-53.03276538848877, -26.42669330933226], [-53.02722930908203, -26.426424292827097], [-53.02619934082031, -26.42746192445947]]]}}, {"type": "Feature", "properties": {"cod_imovel": "SC-4215752-D9B81154908A46EF84662472F6226964", "municipio": "Sao Bernardino", "num_area": 8.4528, "mod_fiscal": 0.4226, "des_condic": "Aguardando analise", "ind_status": "AT", "dat_atuali": "30/03/2026"}, "geometry": {"type": "Polygon", "coordinates": [[[-53.03677797317505, -26.460238588232237], [-53.03506824989315, -26.45909833367941], [-53.03402486130525, -26.46002108925847], [-53.03409026925702, -26.46013138989217], [-53.03470226854304, -26.45988661372754], [-53.03505689787527, -26.46000375771715], [-53.03537429143213, -26.46029702600264], [-53.03541688734201, -26.46054081501017], [-53.03340657142704, -26.46169953204648], [-53.03317653396029, -26.46252053969513], [-53.0343969677352, -26.46228272735383], [-53.03452527267221, -26.46253684095305], [-53.03512206969519, -26.46267836108396], [-53.03509118031401, -26.46314463452189], [-53.03561477866516, -26.46346844783747], [-53.03600679311796, -26.46343617186808], [-53.03635664192532, -26.4630807894148], [-53.036348819732666, -26.4613911733286], [-53.03677797317505, -26.460238588232237]]]}}, {"type": "Feature", "properties": {"cod_imovel": "SC-4215752-12A4780B0E5D4B3785A9EF1BA53812BE", "municipio": "Sao Bernardino", "num_area": 5.2091, "mod_fiscal": 0.2605, "des_condic": "Aguardando analise", "ind_status": "AT", "dat_atuali": "26/03/2026"}, "geometry": {"type": "Polygon", "coordinates": [[[-53.04432046196459, -26.45597035798555], [-53.04437290300412, -26.45667757401246], [-53.04515287613068, -26.45760947196172], [-53.04555059454292, -26.45784273587805], [-53.0491172167528, -26.45917198182897], [-53.04948274419749, -26.45897281796326], [-53.04956453079358, -26.45873928879368], [-53.04432046196459, -26.45597035798555]]]}}, {"type": "Feature", "properties": {"cod_imovel": "SC-4215752-EA358C2A46A64045826F40BB64BF63FA", "municipio": "Sao Bernardino", "num_area": 14.9876, "mod_fiscal": 0.7494, "des_condic": "Aguardando analise", "ind_status": "AT", "dat_atuali": "20/01/2026"}, "geometry": {"type": "Polygon", "coordinates": [[[-53.00931442629989, -26.49556566283663], [-53.01023483276367, -26.49402374983593], [-53.009397983551025, -26.492929104844745], [-53.00687395699516, -26.49130488922607], [-53.00622224807739, -26.491008649850357], [-53.00594512422828, -26.49111297851334], [-53.00536196683821, -26.49229470706857], [-53.00424814224243, -26.49277546962583], [-53.00445623889718, -26.49338239360094], [-53.00574714000818, -26.4945252068996], [-53.00648596667018, -26.49413515915253], [-53.00693714394795, -26.49419226578023], [-53.00931442629989, -26.49556566283663]]]}}, {"type": "Feature", "properties": {"cod_imovel": "SC-4215752-95A18E9247F44F47A71ACA287C4900EA", "municipio": "Sao Bernardino", "num_area": 25.4391, "mod_fiscal": 1.272, "des_condic": "Aguardando analise", "ind_status": "AT", "dat_atuali": "05/01/2026"}, "geometry": {"type": "Polygon", "coordinates": [[[-53.006651401519775, -26.4274042785027], [-53.016246515582, -26.42575918135729], [-53.01007997469016, -26.42442534883627], [-53.0070594113823, -26.42355103402953], [-53.00579865607508, -26.42444792694056], [-53.00419553867789, -26.42470233798605], [-53.00391837418, -26.42502277687584], [-53.006651401519775, -26.4274042785027]]]}}, {"type": "Feature", "properties": {"cod_imovel": "SC-4215752-BF17F2DA177342AE8D449392ED84E588", "municipio": "Sao Bernardino", "num_area": 6.9171, "mod_fiscal": 0.3459, "des_condic": "Aguardando analise", "ind_status": "AT", "dat_atuali": "05/12/2025"}, "geometry": {"type": "Polygon", "coordinates": [[[-53.01566806678842, -26.460313657444747], [-53.01557956956609, -26.461533890778018], [-53.01524165289934, -26.46181561855581], [-53.01542992234383, -26.461928176889113], [-53.016448414010966, -26.462155629666892], [-53.01716723901128, -26.46209030188909], [-53.02064180012389, -26.46249102688905], [-53.019504111234475, -26.461152210222487], [-53.01566806678842, -26.460313657444747]]]}}, {"type": "Feature", "properties": {"cod_imovel": "SC-4215752-E26A0BEDF0414D9B8540614D7FD3BF98", "municipio": "Sao Bernardino", "num_area": 12.384, "mod_fiscal": 0.6192, "des_condic": "Aguardando analise", "ind_status": "AT", "dat_atuali": "03/11/2025"}, "geometry": {"type": "Polygon", "coordinates": [[[-53.00582099450206, -26.43251410853296], [-53.00186067413969, -26.42677146317332], [-53.0005620356708, -26.42749787541134], [-53.00434655620896, -26.43345229941368], [-53.00582099450206, -26.43251410853296]]]}}, {"type": "Feature", "properties": {"cod_imovel": "SC-4215752-9D20C504C8DF49EFA0C6ED63F97AED03", "municipio": "Sao Bernardino", "num_area": 10.5294, "mod_fiscal": 0.5265, "des_condic": "Aguardando analise", "ind_status": "AT", "dat_atuali": "08/10/2025"}, "geometry": {"type": "Polygon", "coordinates": [[[-53.0032873027778, -26.4255670936867], [-53.0031370277778, -26.4256324714645], [-53.0095023333333, -26.4343274075754], [-53.0077218638889, -26.4352248297976], [-53.0096947444444, -26.4381266547976], [-53.0099495722222, -26.4361132909087], [-53.0111903111111, -26.4362399964643], [-53.0071863472222, -26.43030875202], [-53.0032873027778, -26.4255670936867]]]}}, {"type": "Feature", "properties": {"cod_imovel": "SC-4215752-FF798381A8AD45C2B1AF780ADAA260E1", "municipio": "Sao Bernardino", "num_area": 10.5975, "mod_fiscal": 0.5299, "des_condic": "Aguardando analise", "ind_status": "AT", "dat_atuali": "01/10/2025"}, "geometry": {"type": "Polygon", "coordinates": [[[-53.01487195073987, -26.50056951156126], [-53.01398291976032, -26.49809497983242], [-53.01037824021475, -26.50155792921812], [-53.01259248140944, -26.50268102435873], [-53.01487195073987, -26.50056951156126]]]}}, {"type": "Feature", "properties": {"cod_imovel": "SC-4215752-3CFA831AC1A34AA5A81BF78EFA5645AC", "municipio": "Sao Bernardino", "num_area": 11.5676, "mod_fiscal": 0.5784, "des_condic": "Aguardando analise", "ind_status": "AT", "dat_atuali": "19/09/2025"}, "geometry": {"type": "Polygon", "coordinates": [[[-53.033387660980225, -26.459431771798396], [-53.02968621253967, -26.461900228072082], [-53.03168603787329, -26.46371477679274], [-53.03236290449923, -26.46298660034367], [-53.03285500001135, -26.46297377805212], [-53.03337032641896, -26.46183294222965], [-53.03375853774136, -26.46147695752983], [-53.0354250822633, -26.46046274896538], [-53.0349326133728, -26.4596622913565], [-53.03437972802032, -26.45998991022342], [-53.03408101475888, -26.46040110409487], [-53.033387660980225, -26.459431771798396]]]}}, {"type": "Feature", "properties": {"cod_imovel": "SC-4215752-CF9DBE07D3C1460099F23F8242CCF108", "municipio": "Sao Bernardino", "num_area": 9.6801, "mod_fiscal": 0.484, "des_condic": "Aguardando analise", "ind_status": "AT", "dat_atuali": "19/08/2025"}, "geometry": {"type": "Polygon", "coordinates": [[[-53.0199563944444, -26.4759734909079], [-53.019000525, -26.4767962075746], [-53.0180694472222, -26.4760988603524], [-53.0177051361111, -26.4760576436857], [-53.0164274805556, -26.4765211603524], [-53.0215448916667, -26.479104202019], [-53.0226921833333, -26.4773930825746], [-53.0199563944444, -26.4759734909079]]]}}, {"type": "Feature", "properties": {"cod_imovel": "SC-4215752-9BE679F4C49948BDAC9AF64A33AB97CA", "municipio": "Sao Bernardino", "num_area": 27.8874, "mod_fiscal": 1.3944, "des_condic": "Aguardando analise", "ind_status": "AT", "dat_atuali": "15/08/2025"}, "geometry": {"type": "Polygon", "coordinates": [[[-53.032593727111816, -26.451420930452798], [-53.02049160003662, -26.45019139947571], [-53.020148277282715, -26.452400703552012], [-53.032143115997314, -26.453380468315242], [-53.03252935409546, -26.45282334819774], [-53.032593727111816, -26.451420930452798]]]}}, {"type": "Feature", "properties": {"cod_imovel": "SC-4215752-A015C927B6BA4E1C8C80A156E83E5B86", "municipio": "Sao Bernardino", "num_area": 41.6724, "mod_fiscal": 2.0836, "des_condic": "Aguardando analise", "ind_status": "AT", "dat_atuali": "13/08/2025"}, "geometry": {"type": "Polygon", "coordinates": [[[-53.0094156055556, -26.4401925464642], [-53.0088018333333, -26.4446052714641], [-53.0174812666667, -26.4456537075752], [-53.0177624138889, -26.4448565575752], [-53.0172796638889, -26.4432152714641], [-53.0174167555556, -26.4425495520197], [-53.0171897694444, -26.441396324242], [-53.0165476194444, -26.4409771353531], [-53.0094156055556, -26.4401925464642]]]}}, {"type": "Feature", "properties": {"cod_imovel": "SC-4215752-3176827B94D8412D9B041C8CE0DFE40E", "municipio": "Sao Bernardino", "num_area": 9.9992, "mod_fiscal": 0.5, "des_condic": "Aguardando analise", "ind_status": "AT", "dat_atuali": "08/08/2025"}, "geometry": {"type": "Polygon", "coordinates": [[[-53.0088952805556, -26.433501938131], [-53.0074219388889, -26.4347850020199], [-53.0070463861111, -26.4376394436865], [-53.0086197166667, -26.4400502770198], [-53.0094155638889, -26.440192499242], [-53.009694725, -26.4381266714642], [-53.0077219416667, -26.4352247186865], [-53.009502225, -26.4343275020199], [-53.0088952805556, -26.433501938131]]]}}, {"type": "Feature", "properties": {"cod_imovel": "SC-4215752-4B472B70CDED4ACB931184E301275999", "municipio": "Sao Bernardino", "num_area": 99.664, "mod_fiscal": 4.9832, "des_condic": "Aguardando analise", "ind_status": "AT", "dat_atuali": "02/08/2025"}, "geometry": {"type": "Polygon", "coordinates": [[[-53.0032377638889, -26.4824446464634], [-53.0226320916667, -26.4944543409076], [-53.023876425, -26.4936774159076], [-53.0279556777778, -26.494633660352], [-53.0290692416667, -26.4929239631298], [-53.0088475527778, -26.4821021575745], [-53.0069707416667, -26.48258308813], [-53.0061580694444, -26.4824065964634], [-53.0047734444444, -26.4815737186856], [-53.0041939388889, -26.4820436297967], [-53.0032377638889, -26.4824446464634]]]}}, {"type": "Feature", "properties": {"cod_imovel": "SC-4215752-6ECD965C7A4E4DAE8F2525E3912D1B7F", "municipio": "Sao Bernardino", "num_area": 10.2749, "mod_fiscal": 0.5137, "des_condic": "Aguardando analise", "ind_status": "AT", "dat_atuali": "01/08/2025"}, "geometry": {"type": "Polygon", "coordinates": [[[-53.0229377746582, -26.43933637691072], [-53.0235493183136, -26.43773205231282], [-53.01785230636597, -26.436992326261755], [-53.01770210266113, -26.438692728407876], [-53.0229377746582, -26.43933637691072]]]}}, {"type": "Feature", "properties": {"cod_imovel": "SC-4215752-79DA900EC3084C4DA837BF231B4FAD4C", "municipio": "Sao Bernardino", "num_area": 16.9533, "mod_fiscal": 0.8477, "des_condic": "Aguardando analise", "ind_status": "AT", "dat_atuali": "01/08/2025"}, "geometry": {"type": "Polygon", "coordinates": [[[-53.02980422973633, -26.43737660012772], [-53.0299973487854, -26.43658883732335], [-53.02814331293496, -26.43664065042865], [-53.02830202027787, -26.43691190040862], [-53.02776517828336, -26.43692673186757], [-53.02479199795503, -26.43531163681461], [-53.02437813389157, -26.4384573242917], [-53.02572656224477, -26.43927461766738], [-53.02669342375136, -26.43930855239367], [-53.02717961723895, -26.43949721741473], [-53.02791627701127, -26.44055187443592], [-53.02821636199951, -26.440469958068835], [-53.02901029586792, -26.438683121686577], [-53.02980422973633, -26.43737660012772]]]}}, {"type": "Feature", "properties": {"cod_imovel": "SC-4215752-7F89B2059BE7493AB5AFA2C84D3E7D88", "municipio": "Sao Bernardino", "num_area": 12.1305, "mod_fiscal": 0.6065, "des_condic": "Aguardando analise", "ind_status": "AT", "dat_atuali": "10/07/2025"}, "geometry": {"type": "Polygon", "coordinates": [[[-53.02894592285156, -26.463523425333154], [-53.02493333816528, -26.463120029334718], [-53.02456855773926, -26.466116651564697], [-53.029375076293945, -26.46588614493237], [-53.02846890396077, -26.46488630666103], [-53.02894592285156, -26.463523425333154]]]}}, {"type": "Feature", "properties": {"cod_imovel": "SC-4215752-0713E790A38D48D4BE770F541616A71D", "municipio": "Sao Bernardino", "num_area": 16.4295, "mod_fiscal": 0.8215, "des_condic": "Aguardando analise", "ind_status": "AT", "dat_atuali": "02/07/2025"}, "geometry": {"type": "Polygon", "coordinates": [[[-53.00991560106633, -26.42123408299646], [-53.01157281644509, -26.4234815031845], [-53.0147262022873, -26.41791881639833], [-53.01784949767343, -26.4132307412772], [-53.00991560106633, -26.42123408299646]]]}}, {"type": "Feature", "properties": {"cod_imovel": "SC-4215752-7D9BFD9FCA7246C086A417FB4F746958", "municipio": "Sao Bernardino", "num_area": 12.6336, "mod_fiscal": 0.6317, "des_condic": "Aguardando analise", "ind_status": "AT", "dat_atuali": "27/06/2025"}, "geometry": {"type": "Polygon", "coordinates": [[[-53.02108001730203, -26.46674382800757], [-53.02443981170654, -26.465770891443068], [-53.02480459213257, -26.463043191841408], [-53.02146429551092, -26.4625995358151], [-53.02108001730203, -26.46674382800757]]]}}, {"type": "Feature", "properties": {"cod_imovel": "SC-4215752-3329D7CE69CE4CC38B6659ECCB66D8B0", "municipio": "Sao Bernardino", "num_area": 11.6078, "mod_fiscal": 0.5804, "des_condic": "Aguardando analise", "ind_status": "AT", "dat_atuali": "27/06/2025"}, "geometry": {"type": "Polygon", "coordinates": [[[-53.021199703216546, -26.46653924585825], [-53.02076731945666, -26.46985360225652], [-53.02117775127945, -26.47002450429173], [-53.02161562306291, -26.46993471042574], [-53.0231212918258, -26.46895012663192], [-53.02410499697429, -26.46886246574333], [-53.02442632491318, -26.46570199504279], [-53.021199703216546, -26.46653924585825]]]}}, {"type": "Feature", "properties": {"cod_imovel": "SC-4215752-4F685201E7224CB19E0190075242D0E3", "municipio": "Sao Bernardino", "num_area": 1.9734, "mod_fiscal": 0.0987, "des_condic": "Aguardando analise", "ind_status": "AT", "dat_atuali": "25/06/2025"}, "geometry": {"type": "Polygon", "coordinates": [[[-53.02148938179016, -26.464339817670716], [-53.021607398986816, -26.462639794159923], [-53.020641803741455, -26.462582165804314], [-53.02081346511841, -26.465252249312957], [-53.02148938179016, -26.464339817670716]]]}}, {"type": "Feature", "properties": {"cod_imovel": "SC-4215752-FCBB14883ACD4A13995596DD577E6AE4", "municipio": "Sao Bernardino", "num_area": 222.1958, "mod_fiscal": 11.1098, "des_condic": "Aguardando analise", "ind_status": "AT", "dat_atuali": "08/05/2025"}, "geometry": {"type": "Polygon", "coordinates": [[[-53.0153960416667, -26.476020827019], [-53.0152265638889, -26.4761569659079], [-53.01526375, -26.4773725603524], [-53.0142811833333, -26.4786947659079], [-53.0136880833333, -26.4789811686857], [-53.0111132777778, -26.4789957186857], [-53.0108882333333, -26.4802282853523], [-53.0109511555556, -26.4805953214634], [-53.011477375, -26.4814283075745], [-53.0114212055556, -26.48172091313], [-53.0088517, -26.4821035909078], [-53.0290694722222, -26.492924085352], [-53.0313908027778, -26.4894396520188], [-53.0375503555556, -26.492742835352], [-53.0391167611111, -26.490298724241], [-53.0251249944444, -26.4810211186856], [-53.0153960416667, -26.476020827019]]]}}, {"type": "Feature", "properties": {"cod_imovel": "SC-4215752-116343D38D2E4954A643C4E8226CE8A3", "municipio": "Sao Bernardino", "num_area": 7.8674, "mod_fiscal": 0.3934, "des_condic": "Aguardando analise", "ind_status": "AT", "dat_atuali": "07/04/2025"}, "geometry": {"type": "Polygon", "coordinates": [[[-53.03411185741424, -26.44044594163451], [-53.03312965992519, -26.44185664731865], [-53.03252309291101, -26.44212482277979], [-53.03184970180615, -26.44217915660407], [-53.03078912083374, -26.44183057444472], [-53.0290646684042, -26.44077953124201], [-53.02808307048866, -26.44229467504841], [-53.03402602672577, -26.443106932104744], [-53.03398070253619, -26.44258242536621], [-53.0342420881095, -26.44180696376141], [-53.034787774086, -26.441185645514146], [-53.03411185741424, -26.44044594163451]]]}}, {"type": "Feature", "properties": {"cod_imovel": "SC-4215752-96E194C8782C492582819030479F3372", "municipio": "Sao Bernardino", "num_area": 7.5088, "mod_fiscal": 0.3754, "des_condic": "Aguardando analise", "ind_status": "AT", "dat_atuali": "02/04/2025"}, "geometry": {"type": "Polygon", "coordinates": [[[-53.04409634717556, -26.46754226454449], [-53.04744243621826, -26.468882695141296], [-53.04849386215209, -26.467480473025887], [-53.04519433384442, -26.46582400223852], [-53.04409634717556, -26.46754226454449]]]}}, {"type": "Feature", "properties": {"cod_imovel": "SC-4215752-65EE4DF7E8524F16BF46D34470056FFC", "municipio": "Sao Bernardino", "num_area": 28.1002, "mod_fiscal": 1.405, "des_condic": "Aguardando analise", "ind_status": "AT", "dat_atuali": "25/03/2025"}, "geometry": {"type": "Polygon", "coordinates": [[[-53.0175018666667, -26.4427484659086], [-53.0173808472222, -26.4432042047975], [-53.0178745166667, -26.4448671770197], [-53.017582525, -26.4456674492419], [-53.0193930083333, -26.4457451242419], [-53.0228439055556, -26.446335585353], [-53.0234291361111, -26.4417946631308], [-53.0169544444444, -26.4410469214642], [-53.0173708833333, -26.4415965770197], [-53.0175018666667, -26.4427484659086]]]}}, {"type": "Feature", "properties": {"cod_imovel": "SC-4215752-F7B19C5CF86B4C75865E6C98E702996D", "municipio": "Sao Bernardino", "num_area": 18.4394, "mod_fiscal": 0.922, "des_condic": "Aguardando analise", "ind_status": "AT", "dat_atuali": "25/03/2025"}, "geometry": {"type": "Polygon", "coordinates": [[[-53.0094156055556, -26.4401925464642], [-53.0146333972222, -26.4407543575753], [-53.0148319138889, -26.4397694020198], [-53.0138532083333, -26.4388742825753], [-53.0134203305556, -26.4380956770198], [-53.0127012222222, -26.437506974242], [-53.0126219194444, -26.437048374242], [-53.0128178722222, -26.4364137797976], [-53.0099495722222, -26.4361132909087], [-53.0094156055556, -26.4401925464642]]]}}, {"type": "Feature", "properties": {"cod_imovel": "SC-4215752-BD7D32FED3544BB9821B64EA6CCB6090", "municipio": "Sao Bernardino", "num_area": 76.8517, "mod_fiscal": 3.8426, "des_condic": "Aguardando analise", "ind_status": "AT", "dat_atuali": "25/03/2025"}, "geometry": {"type": "Polygon", "coordinates": [[[-53.0276844055556, -26.4771814131301], [-53.0251249944444, -26.4810211186856], [-53.0391167611111, -26.490298724241], [-53.04163265, -26.4863728659077], [-53.0394553361111, -26.4853425603522], [-53.0385060861111, -26.4843075409078], [-53.0380286861111, -26.4840529186856], [-53.0374760055556, -26.48415046313], [-53.0360807361111, -26.4848887575744], [-53.0342619416667, -26.4844965853522], [-53.0331719055556, -26.4835931575745], [-53.0336335361111, -26.4803415853523], [-53.0276844055556, -26.4771814131301]]]}}, {"type": "Feature", "properties": {"cod_imovel": "SC-4215752-142FDE8FDA8F4E1B96BA5BACDB7F7F59", "municipio": "Sao Bernardino", "num_area": 5.326, "mod_fiscal": 0.2663, "des_condic": "Aguardando analise", "ind_status": "AT", "dat_atuali": "25/03/2025"}, "geometry": {"type": "Polygon", "coordinates": [[[-53.0127218416667, -26.4373452103532], [-53.0134993833333, -26.4380395770198], [-53.0141869, -26.4391046131309], [-53.0148537083333, -26.4396656575753], [-53.01525695, -26.4366646575754], [-53.0129173277778, -26.4364240325754], [-53.0127218416667, -26.4373452103532]]]}}, {"type": "Feature", "properties": {"cod_imovel": "SC-4215752-FF432DE4789444EAABF9AB966DB31309", "municipio": "Sao Bernardino", "num_area": 8.4731, "mod_fiscal": 0.4237, "des_condic": "Aguardando analise", "ind_status": "AT", "dat_atuali": "10/03/2025"}, "geometry": {"type": "Polygon", "coordinates": [[[-52.98994175390995, -26.43930942351264], [-53.00026774406433, -26.441017531413053], [-53.000396490097046, -26.44014333413315], [-52.99005345613192, -26.43876280263833], [-52.98988085139239, -26.43882791863683], [-52.98994175390995, -26.43930942351264]]]}}, {"type": "Feature", "properties": {"cod_imovel": "SC-4215752-998F781AE7554F4CBD456291729C1CF5", "municipio": "Sao Bernardino", "num_area": 8.3327, "mod_fiscal": 0.4166, "des_condic": "Aguardando analise", "ind_status": "AT", "dat_atuali": "10/02/2025"}, "geometry": {"type": "Polygon", "coordinates": [[[-53.02081346511841, -26.46383077371635], [-53.01852471966696, -26.46355298460009], [-53.01826811481314, -26.46632598567906], [-53.021178245544434, -26.46686579493134], [-53.02081346511841, -26.46383077371635]]]}}, {"type": "Feature", "properties": {"cod_imovel": "SC-4215752-711B5409E6FF4EC18D530C44C50B516B", "municipio": "Sao Bernardino", "num_area": 134.3825, "mod_fiscal": 6.7206, "des_condic": "Aguardando analise", "ind_status": "AT", "dat_atuali": "05/02/2025"}, "geometry": {"type": "Polygon", "coordinates": [[[-53.01481255977075, -26.41796476484242], [-53.01161121468573, -26.42360103872425], [-53.01294560820204, -26.42503340109507], [-53.01952255361929, -26.42621036091139], [-53.02230819537572, -26.42339356739117], [-53.01870371002206, -26.42042108300628], [-53.02052558813558, -26.41880033952002], [-53.02781635565265, -26.42564793107592], [-53.02967480887681, -26.42376227746025], [-53.0292148128577, -26.42385869485207], [-53.02897501770282, -26.4236694864503], [-53.0287297828606, -26.42161260068325], [-53.029655096, -26.42172840937924], [-53.0299206415465, -26.42155081826038], [-53.02937548856945, -26.42044185772441], [-53.01818199899083, -26.4128707403648], [-53.01481255977075, -26.41796476484242]]]}}, {"type": "Feature", "properties": {"cod_imovel": "SC-4215752-C7FFDAA6774B4E28AE4FA34A881DD934", "municipio": "Sao Bernardino", "num_area": 0.8446, "mod_fiscal": 0.0422, "des_condic": "Aguardando analise", "ind_status": "AT", "dat_atuali": "05/02/2025"}, "geometry": {"type": "Polygon", "coordinates": [[[-53.01156855850942, -26.42370187202531], [-53.01120908574011, -26.42468186568131], [-53.01266763879756, -26.42497713154521], [-53.01179494759066, -26.42398333702758], [-53.01156855850942, -26.42370187202531]]]}}, {"type": "Feature", "properties": {"cod_imovel": "SC-4215752-F25B4CD0BBF545D4A97201704D0AE2DE", "municipio": "Sao Bernardino", "num_area": 9.1943, "mod_fiscal": 0.4597, "des_condic": "Aguardando analise", "ind_status": "AT", "dat_atuali": "04/02/2025"}, "geometry": {"type": "Polygon", "coordinates": [[[-53.00692887219943, -26.42381529384494], [-53.01111104908255, -26.42466201878685], [-53.01151436668003, -26.42356229175772], [-53.00983430066435, -26.42128735938561], [-53.00823608966461, -26.42233907067677], [-53.00692887219943, -26.42381529384494]]]}}, {"type": "Feature", "properties": {"cod_imovel": "SC-4203501-1655279BF3D242B29FA7B72EF62DF0CB", "municipio": "Sao Bernardino", "num_area": 6.2886, "mod_fiscal": 0.3218, "des_condic": "Aguardando analise", "ind_status": "AT", "dat_atuali": "04/02/2025"}, "geometry": {"type": "Polygon", "coordinates": [[[-53.03044407611246, -26.42354733781528], [-53.02967483059448, -26.42376228380573], [-53.02781637522356, -26.4256479037206], [-53.03325565734179, -26.42564686456656], [-53.03321979339107, -26.42540777400002], [-53.03074305634351, -26.42441594727944], [-53.03044407611246, -26.42354733781528]]]}}, {"type": "Feature", "properties": {"cod_imovel": "SC-4215752-7CED662166204E209DD2ABA39452CA05", "municipio": "Sao Bernardino", "num_area": 55.0999, "mod_fiscal": 2.7677, "des_condic": "Aguardando analise", "ind_status": "AT", "dat_atuali": "04/02/2025"}, "geometry": {"type": "Polygon", "coordinates": [[[-53.02097803299828, -26.41006929351672], [-53.01818203686975, -26.4128707785153], [-53.02937548841144, -26.42044184870076], [-53.02977668313612, -26.41936116949977], [-53.02957965498245, -26.41868278302095], [-53.02899528130438, -26.41865064214591], [-53.02865192876981, -26.41836298568713], [-53.02995407872113, -26.41727015023051], [-53.02997409757435, -26.41694222617359], [-53.02949931275169, -26.4157144955612], [-53.02896602464175, -26.41503799212194], [-53.02903564391745, -26.41422783254919], [-53.02871601893877, -26.4139663749338], [-53.02849223816047, -26.41347664567937], [-53.02829925824313, -26.41339517178238], [-53.02733615093771, -26.41398423246814], [-53.02097803299828, -26.41006929351672]]]}}, {"type": "Feature", "properties": {"cod_imovel": "SC-4215752-AB414B8D54B644B2908D8062CCEA38DE", "municipio": "Sao Bernardino", "num_area": 8.4054, "mod_fiscal": 0.4203, "des_condic": "Aguardando analise", "ind_status": "AT", "dat_atuali": "25/01/2025"}, "geometry": {"type": "Polygon", "coordinates": [[[-53.00060008473508, -26.43920795062699], [-52.99009002122242, -26.43822361455197], [-52.98980712890624, -26.439297950235357], [-52.99149055524956, -26.43953318673976], [-52.99165927968586, -26.43899168206492], [-53.00053596496582, -26.4398743490203], [-53.00060008473508, -26.43920795062699]]]}}, {"type": "Feature", "properties": {"cod_imovel": "SC-4215752-A3716EE49CFD4EC19DBFB7C42ECCC54B", "municipio": "Sao Bernardino", "num_area": 4.7419, "mod_fiscal": 0.2371, "des_condic": "Aguardando analise", "ind_status": "AT", "dat_atuali": "10/01/2025"}, "geometry": {"type": "Polygon", "coordinates": [[[-53.00664305, -26.4274591409089], [-53.0083172611111, -26.4290572547978], [-53.0102450861111, -26.4275792603533], [-53.0104837083333, -26.4267673409089], [-53.00664305, -26.4274591409089]]]}}, {"type": "Feature", "properties": {"cod_imovel": "SC-4215752-A090DE6BF3F04B86B255D57FD91531F3", "municipio": "Sao Bernardino", "num_area": 1.6399, "mod_fiscal": 0.082, "des_condic": "Aguardando analise", "ind_status": "AT", "dat_atuali": "09/01/2025"}, "geometry": {"type": "Polygon", "coordinates": [[[-53.0083836555556, -26.4291201992422], [-53.0118030694444, -26.4323700853533], [-53.0088745194444, -26.4287125047978], [-53.0083836555556, -26.4291201992422]]]}}, {"type": "Feature", "properties": {"cod_imovel": "SC-4215752-1618CEB3544247DAA463114248ECD0D8", "municipio": "Sao Bernardino", "num_area": 26.5262, "mod_fiscal": 1.3614, "des_condic": "Aguardando analise", "ind_status": "AT", "dat_atuali": "09/01/2025"}, "geometry": {"type": "Polygon", "coordinates": [[[-53.02337420780787, -26.40766048349698], [-53.02097803299823, -26.41006929351672], [-53.02656055002207, -26.41359104793664], [-53.02613487431051, -26.413008050079], [-53.02598492749254, -26.41220551510768], [-53.02720864997127, -26.41197804745672], [-53.02817614169532, -26.41104916394245], [-53.02801510888926, -26.41072573020115], [-53.02720173271198, -26.41027194240996], [-53.02691254292843, -26.40960214963538], [-53.02651904581663, -26.40945610962474], [-53.02648693602661, -26.40918973169279], [-53.02684197010935, -26.40884652605033], [-53.02643969380969, -26.40844690078406], [-53.02641728223385, -26.40797662538516], [-53.02717721679095, -26.40775114615183], [-53.02702319875439, -26.40755102267547], [-53.0272166513879, -26.40739298057068], [-53.02713113589001, -26.40717641565864], [-53.02607317486296, -26.40688453679634], [-53.02548597756519, -26.40740001219387], [-53.02397183103344, -26.40741255107735], [-53.02337420780787, -26.40766048349698]]]}}, {"type": "Feature", "properties": {"cod_imovel": "SC-4215752-03F664873A144DD383F2C4F51C170A6F", "municipio": "Sao Bernardino", "num_area": 19.8204, "mod_fiscal": 0.991, "des_condic": "Aguardando analise", "ind_status": "AT", "dat_atuali": "09/01/2025"}, "geometry": {"type": "Polygon", "coordinates": [[[-53.0104319083333, -26.4274917797978], [-53.0089548388889, -26.4286546547978], [-53.0090567527778, -26.4288453214644], [-53.0122158722222, -26.4327637603532], [-53.0149291583333, -26.4353285353532], [-53.0152833638889, -26.4319546325755], [-53.0126266972222, -26.4316611075755], [-53.0118649138889, -26.4265296575756], [-53.0106074527778, -26.4267410936867], [-53.0104319083333, -26.4274917797978]]]}}, {"type": "Feature", "properties": {"cod_imovel": "SC-4215752-2438FDD7EE134A84876DDB7B3DFB1B34", "municipio": "Sao Bernardino", "num_area": 22.9717, "mod_fiscal": 1.1486, "des_condic": "Aguardando analise", "ind_status": "AT", "dat_atuali": "09/01/2025"}, "geometry": {"type": "Polygon", "coordinates": [[[-53.02052560151445, -26.41880029522947], [-53.01870375243964, -26.42042109442222], [-53.02660919058853, -26.42679167304519], [-53.02781637522356, -26.4256479037206], [-53.02052560151445, -26.41880029522947]]]}}, {"type": "Feature", "properties": {"cod_imovel": "SC-4215752-873A3F0F269143A990946DBB22BAFACD", "municipio": "Sao Bernardino", "num_area": 12.1052, "mod_fiscal": 0.6053, "des_condic": "Aguardando analise", "ind_status": "AT", "dat_atuali": "07/11/2024"}, "geometry": {"type": "Polygon", "coordinates": [[[-53.02907466888428, -26.46250532795193], [-53.028409481048584, -26.462025090212514], [-53.019869327545166, -26.461199076613944], [-53.02087783813476, -26.46250532795193], [-53.02924633026123, -26.46342737879509], [-53.029353618621826, -26.462947144902632], [-53.02907466888428, -26.46250532795193]]]}}, {"type": "Feature", "properties": {"cod_imovel": "SC-4215752-1CE9CE76ADA34DC6B081EFF7B6DC8446", "municipio": "Sao Bernardino", "num_area": 12.627, "mod_fiscal": 0.6314, "des_condic": "Cancelado por duplicidade", "ind_status": "CA", "dat_atuali": null}, "geometry": {"type": "Polygon", "coordinates": [[[-52.99976348876953, -26.495444852343358], [-52.99948453903198, -26.496059377715696], [-52.99961875767235, -26.49653514457219], [-53.00160306193909, -26.49785303377757], [-53.00150156021118, -26.499131955292224], [-53.00540685653686, -26.500994665451547], [-53.00625571663166, -26.49972691436168], [-52.99976348876953, -26.495444852343358]]]}}, {"type": "Feature", "properties": {"cod_imovel": "SC-4215752-CBCE5EACBF4C4672B231D8B429A35444", "municipio": "Sao Bernardino", "num_area": 12.627, "mod_fiscal": 0.6314, "des_condic": "Cancelado por duplicidade", "ind_status": "CA", "dat_atuali": null}, "geometry": {"type": "Polygon", "coordinates": [[[-52.99976348876953, -26.495444852343358], [-52.99948453903198, -26.496059377715696], [-52.99961875767235, -26.49653514457219], [-53.00160306193909, -26.49785303377757], [-53.00150156021118, -26.499131955292224], [-53.00540685653686, -26.500994665451547], [-53.00625571663166, -26.49972691436168], [-52.99976348876953, -26.495444852343358]]]}}, {"type": "Feature", "properties": {"cod_imovel": "SC-4215752-8ECC8C0681884BFEAB9092B90C28F3E3", "municipio": "Sao Bernardino", "num_area": 11.527, "mod_fiscal": 0.5764, "des_condic": "Aguardando analise", "ind_status": "AT", "dat_atuali": "30/09/2024"}, "geometry": {"type": "Polygon", "coordinates": [[[-53.0192888868674, -26.45441117422435], [-53.018882274627686, -26.456204449519113], [-53.02450418472289, -26.456684711540234], [-53.025104999542236, -26.45491733742409], [-53.0192888868674, -26.45441117422435]]]}}, {"type": "Feature", "properties": {"cod_imovel": "SC-4215752-77D7CE22B3BC410F9FFF236F1CED3FEC", "municipio": "Sao Bernardino", "num_area": 23.3865, "mod_fiscal": 1.1693, "des_condic": "Aguardando analise", "ind_status": "AT", "dat_atuali": "09/08/2024"}, "geometry": {"type": "Polygon", "coordinates": [[[-53.00032138824462, -26.441469037300696], [-52.991427183151245, -26.4407389417912], [-52.991411089897156, -26.442242357103996], [-52.99160957336425, -26.44223755389142], [-52.99164175987244, -26.442516139889555], [-52.991416454315186, -26.442525746291285], [-52.9915452003479, -26.44310212892822], [-53.00003170967102, -26.443937878629598], [-53.00032138824462, -26.441469037300696]]]}}, {"type": "Feature", "properties": {"cod_imovel": "SC-4215752-99730A251E7E4A37B2F2F5B6710AD19E", "municipio": "Sao Bernardino", "num_area": 12.1141, "mod_fiscal": 0.6057, "des_condic": "Aguardando analise", "ind_status": "AT", "dat_atuali": "07/08/2024"}, "geometry": {"type": "Polygon", "coordinates": [[[-53.00461292266846, -26.470803519619473], [-53.00175905227661, -26.469343695940267], [-53.00025858686515, -26.47276864996], [-53.00403356552124, -26.473300543504127], [-53.00461292266846, -26.470803519619473]]]}}, {"type": "Feature", "properties": {"cod_imovel": "SC-4215752-ED9A1111FD78487E8B6FAB8105CD6429", "municipio": "Sao Bernardino", "num_area": 21.534, "mod_fiscal": 1.0767, "des_condic": "Aguardando analise", "ind_status": "AT", "dat_atuali": "05/08/2024"}, "geometry": {"type": "Polygon", "coordinates": [[[-53.00823926925659, -26.46628953123598], [-53.01512718200683, -26.46680816869164], [-53.01546583221322, -26.46483251596837], [-53.01476240158081, -26.463907610683915], [-53.00922632217407, -26.463485006727545], [-53.00845384597778, -26.464080493673393], [-53.00823926925659, -26.46628953123598]]]}}, {"type": "Feature", "properties": {"cod_imovel": "SC-4215752-B1EE3B4D095D4A028B2508FF09F3D883", "municipio": "Sao Bernardino", "num_area": 24.2392, "mod_fiscal": 1.212, "des_condic": "Aguardando analise", "ind_status": "AT", "dat_atuali": "01/08/2024"}, "geometry": {"type": "Polygon", "coordinates": [[[-53.00203800201416, -26.47501001322081], [-52.99954891204834, -26.47702677067438], [-53.00365520211189, -26.48094973114688], [-53.00444268973491, -26.48164527152074], [-53.00490312294667, -26.48151287422123], [-53.0057294429793, -26.48208347165796], [-53.00663686312994, -26.48242153020408], [-53.00696404788487, -26.48248015047346], [-53.00777335717933, -26.48225778146398], [-53.00203800201416, -26.47501001322081]]]}}, {"type": "Feature", "properties": {"cod_imovel": "SC-4215752-FA6C28B7F51144B2BFD16D783896218C", "municipio": "Sao Bernardino", "num_area": 25.5815, "mod_fiscal": 1.2791, "des_condic": "Aguardando analise", "ind_status": "AT", "dat_atuali": "01/08/2024"}, "geometry": {"type": "Polygon", "coordinates": [[[-52.994956970214844, -26.472916389510672], [-53.00443664292398, -26.48162853410457], [-53.00559997558594, -26.481175417682344], [-53.002638816833496, -26.478870632262304], [-53.0000638961792, -26.47629690063074], [-53.001651763916016, -26.474875561466813], [-53.00014972686767, -26.473108466667732], [-52.99922704696655, -26.472647480952084], [-52.99822692346036, -26.47238809333237], [-52.99618602164989, -26.47215516918861], [-52.994956970214844, -26.472916389510672]]]}}, {"type": "Feature", "properties": {"cod_imovel": "SC-4215752-C6114B2435154396A21E391764192C04", "municipio": "Sao Bernardino", "num_area": 25.1184, "mod_fiscal": 1.2876, "des_condic": "Aguardando analise", "ind_status": "AT", "dat_atuali": "22/07/2024"}, "geometry": {"type": "Polygon", "coordinates": [[[-53.05166959762573, -26.45616602847089], [-53.0401954210905, -26.4504355603088], [-53.03937100668242, -26.45126907282052], [-53.04558824392952, -26.4545590846517], [-53.04459657895066, -26.45521605950462], [-53.05046988916897, -26.45820522717924], [-53.05166959762573, -26.45616602847089]]]}}, {"type": "Feature", "properties": {"cod_imovel": "SC-4215752-4AE29AA8A90E473793D84B7F620F7619", "municipio": "Sao Bernardino", "num_area": 8.4552, "mod_fiscal": 0.4228, "des_condic": "Aguardando analise", "ind_status": "AT", "dat_atuali": "17/07/2024"}, "geometry": {"type": "Polygon", "coordinates": [[[-53.00227403640747, -26.492391380680253], [-53.00497874831373, -26.49257278367425], [-53.00632953643799, -26.49150797123523], [-53.0064582824707, -26.491085468666114], [-52.99941749960898, -26.49080378361771], [-53.00227403640747, -26.492391380680253]]]}}, {"type": "Feature", "properties": {"cod_imovel": "SC-4215752-26E517AA160043BDAE212133B48B1DEC", "municipio": "Sao Bernardino", "num_area": 1.9923, "mod_fiscal": 0.0996, "des_condic": "Aguardando analise", "ind_status": "AT", "dat_atuali": "15/05/2024"}, "geometry": {"type": "Polygon", "coordinates": [[[-53.02901040574531, -26.46923938465983], [-53.03000807762146, -26.469065174845063], [-53.02969694137573, -26.46867140249121], [-53.026671409606934, -26.46874823622704], [-53.02800964824838, -26.46963814587237], [-53.02901040574531, -26.46923938465983]]]}}, {"type": "Feature", "properties": {"cod_imovel": "SC-4215752-84A74FF550A04C04B6C48866B6C158E7", "municipio": "Sao Bernardino", "num_area": 11.1944, "mod_fiscal": 0.5597, "des_condic": "Aguardando analise", "ind_status": "AT", "dat_atuali": "04/12/2023"}, "geometry": {"type": "Polygon", "coordinates": [[[-52.99876023448353, -26.43080029316085], [-52.99837821512112, -26.43082027753761], [-53.00061674716014, -26.43467546389276], [-53.00113677978515, -26.435320720033832], [-53.002917766571045, -26.43443687245866], [-52.99974189474446, -26.429601470628], [-52.99876023448353, -26.43080029316085]]]}}, {"type": "Feature", "properties": {"cod_imovel": "SC-4215752-BDB63D965EC843498F23A9B376D076D2", "municipio": "Sao Bernardino", "num_area": 2.1689, "mod_fiscal": 0.1084, "des_condic": "Aguardando analise", "ind_status": "AT", "dat_atuali": "08/08/2023"}, "geometry": {"type": "Polygon", "coordinates": [[[-53.0454683303833, -26.462442897159104], [-53.04356932640075, -26.461501628794377], [-53.04256100172498, -26.4618946455096], [-53.04491579532623, -26.46313443635903], [-53.0454683303833, -26.462442897159104]]]}}, {"type": "Feature", "properties": {"cod_imovel": "SC-4215752-E3431680A08D457A9DEB7ACBA06EA754", "municipio": "Sao Bernardino", "num_area": 2.0794, "mod_fiscal": 0.104, "des_condic": "Aguardando analise", "ind_status": "AT", "dat_atuali": "07/08/2023"}, "geometry": {"type": "Polygon", "coordinates": [[[-53.04371416568756, -26.46140558056927], [-53.04553806781769, -26.46242849004828], [-53.04648220539093, -26.461789772988787], [-53.044835329055786, -26.46093494310787], [-53.04371416568756, -26.46140558056927]]]}}, {"type": "Feature", "properties": {"cod_imovel": "SC-4215752-FB7FD231A14E47B3915C268CE27684E5", "municipio": "Sao Bernardino", "num_area": 7.2595, "mod_fiscal": 0.363, "des_condic": "Aguardando analise", "ind_status": "AT", "dat_atuali": "12/07/2023"}, "geometry": {"type": "Polygon", "coordinates": [[[-53.03870916366577, -26.452170169455083], [-53.03806923598538, -26.45316355155863], [-53.03855895996094, -26.45351494518116], [-53.04222822189331, -26.455339972832903], [-53.0430006980896, -26.454859705202697], [-53.044137954711914, -26.454994180341075], [-53.040876388549805, -26.453169147208662], [-53.03870916366577, -26.452170169455083]]]}}, {"type": "Feature", "properties": {"cod_imovel": "SC-4215752-753B22E8DF82435B8A0A82C50F4D2AE4", "municipio": "Sao Bernardino", "num_area": 6.5737, "mod_fiscal": 0.3287, "des_condic": "Aguardando analise", "ind_status": "AT", "dat_atuali": "28/06/2023"}, "geometry": {"type": "Polygon", "coordinates": [[[-52.99714009349313, -26.47961163657911], [-52.99754498318104, -26.47994518947594], [-52.999441623687744, -26.47839046282007], [-53.00032138824462, -26.477910291373387], [-52.99937725067139, -26.476335314959], [-52.998518943786614, -26.475586233243888], [-52.99790002533881, -26.47786915627654], [-52.99714009349313, -26.47961163657911]]]}}, {"type": "Feature", "properties": {"cod_imovel": "SC-4215752-575ADC379F4D4E7ABB0D0E5C3331038E", "municipio": "Sao Bernardino", "num_area": 3.6447, "mod_fiscal": 0.1822, "des_condic": "Aguardando analise", "ind_status": "AT", "dat_atuali": "26/06/2023"}, "geometry": {"type": "Polygon", "coordinates": [[[-52.99961320475808, -26.47891022124952], [-52.9979578232978, -26.48040863736146], [-52.99845689684776, -26.48158929735878], [-53.000911474227905, -26.479278774712196], [-52.99961320475808, -26.47891022124952]]]}}, {"type": "Feature", "properties": {"cod_imovel": "SC-4215752-592EB1BEDC66458A80611540F61EA9E1", "municipio": "Sao Bernardino", "num_area": 2.5631, "mod_fiscal": 0.1282, "des_condic": "Aguardando analise", "ind_status": "AT", "dat_atuali": "26/06/2023"}, "geometry": {"type": "Polygon", "coordinates": [[[-52.99803614616394, -26.4804935901394], [-52.99962182889554, -26.47890848481339], [-53.00086524032426, -26.47936912774707], [-53.00139727280635, -26.47887473096736], [-53.00043461531385, -26.47801054557916], [-52.99775719642639, -26.48000382419859], [-52.99803614616394, -26.4804935901394]]]}}, {"type": "Feature", "properties": {"cod_imovel": "SC-4215752-9FFF96CFA7F64CE188C8CF658A657AE0", "municipio": "Sao Bernardino", "num_area": 40.32, "mod_fiscal": 2.016, "des_condic": "Aguardando analise", "ind_status": "AT", "dat_atuali": "20/06/2023"}, "geometry": {"type": "Polygon", "coordinates": [[[-53.026147425, -26.4714414853525], [-53.0197022888889, -26.4743179881302], [-53.0201827083333, -26.4753939131302], [-53.0199563944444, -26.4759734909079], [-53.0218225277778, -26.4769417381301], [-53.0230311472222, -26.4753636547968], [-53.0273337777778, -26.4777372325746], [-53.0302494555556, -26.4733313075747], [-53.026147425, -26.4714414853525]]]}}, {"type": "Feature", "properties": {"cod_imovel": "SC-4215752-FD0676E8A0084608B3C877582CCA4B49", "municipio": "Sao Bernardino", "num_area": 9.7582, "mod_fiscal": 0.4879, "des_condic": "Aguardando analise", "ind_status": "AT", "dat_atuali": "19/05/2023"}, "geometry": {"type": "Polygon", "coordinates": [[[-53.0437239954061, -26.45952810552691], [-53.04267338521554, -26.45999027375703], [-53.04450615522423, -26.46098923678495], [-53.04487310171158, -26.46085453291464], [-53.046627044677734, -26.461698527405268], [-53.04604768753052, -26.462620584711264], [-53.04892301559448, -26.464061284465156], [-53.04900884628296, -26.46199627588444], [-53.046101331710815, -26.46033463743104], [-53.04547271579817, -26.46048357106912], [-53.0437239954061, -26.45952810552691]]]}}, {"type": "Feature", "properties": {"cod_imovel": "SC-4215752-8A414E89EDAF477A94FC069303A29B0B", "municipio": "Sao Bernardino", "num_area": 12.1481, "mod_fiscal": 0.6074, "des_condic": "Aguardando analise", "ind_status": "AT", "dat_atuali": "06/05/2023"}, "geometry": {"type": "Polygon", "coordinates": [[[-53.04195334095301, -26.45549895187472], [-53.04222822189331, -26.45528234082304], [-53.03823709487915, -26.453303624321347], [-53.03641319274902, -26.45593550191227], [-53.038837909698486, -26.45722260262555], [-53.03942453279655, -26.45647818020713], [-53.04006155276905, -26.45640424773704], [-53.04046862811243, -26.4558334340608], [-53.04195334095301, -26.45549895187472]]]}}, {"type": "Feature", "properties": {"cod_imovel": "SC-4215752-0E02FA9579A347819B827838949E79FE", "municipio": "Sao Bernardino", "num_area": 21.5828, "mod_fiscal": 1.0791, "des_condic": "Aguardando analise", "ind_status": "AT", "dat_atuali": "27/02/2015"}, "geometry": {"type": "Polygon", "coordinates": [[[-53.00778865814209, -26.473684696214903], [-53.00769381962922, -26.46683861281065], [-53.00570632053358, -26.46641286194357], [-53.00406438995447, -26.473248296643], [-53.00778865814209, -26.473684696214903]]]}}, {"type": "Feature", "properties": {"cod_imovel": "SC-4215752-2C46462F8A39481E8794C9778EE0CBFF", "municipio": "Sao Bernardino", "num_area": 5.362, "mod_fiscal": 0.2681, "des_condic": "Aguardando analise", "ind_status": "AT", "dat_atuali": "02/05/2018"}, "geometry": {"type": "Polygon", "coordinates": [[[-53.043601512908936, -26.459278091836573], [-53.03892209738574, -26.45700649674862], [-53.03835245247472, -26.45782379848019], [-53.03945460876054, -26.45825485035573], [-53.04270029067993, -26.459969650049246], [-53.043601512908936, -26.459278091836573]]]}}, {"type": "Feature", "properties": {"cod_imovel": "SC-4215752-4D6BB6D8C31F4D32BD308148BE88302F", "municipio": "Sao Bernardino", "num_area": 25.1154, "mod_fiscal": 1.2558, "des_condic": "Aguardando analise", "ind_status": "AT", "dat_atuali": "16/09/2022"}, "geometry": {"type": "Polygon", "coordinates": [[[-53.01525695, -26.4366646575754], [-53.0146333972222, -26.4407543575753], [-53.0220115416667, -26.4415710881308], [-53.0228370194444, -26.4392805547976], [-53.0174068055556, -26.4386718659087], [-53.0179381444444, -26.4370258103532], [-53.01525695, -26.4366646575754]]]}}, {"type": "Feature", "properties": {"cod_imovel": "SC-4215752-0F0744AE677D4C6E8DD5592F834C3C97", "municipio": "Sao Bernardino", "num_area": 14.4767, "mod_fiscal": 0.7238, "des_condic": "Cancelado por duplicidade", "ind_status": "CA", "dat_atuali": null}, "geometry": {"type": "Polygon", "coordinates": [[[-52.99935579299927, -26.428922279083135], [-53.00602912902832, -26.439912775503444], [-53.00740242004394, -26.44010490772691], [-52.99991919941219, -26.42800170834594], [-52.99935579299927, -26.428922279083135]]]}}, {"type": "Feature", "properties": {"cod_imovel": "SC-4215752-E69CE11C2A9E4EF5B37E16C0B65CC199", "municipio": "Sao Bernardino", "num_area": 8.47, "mod_fiscal": 0.4235, "des_condic": "Aguardando analise", "ind_status": "AT", "dat_atuali": "05/05/2016"}, "geometry": {"type": "Polygon", "coordinates": [[[-53.01250895, -26.4450881270197], [-53.0120376388889, -26.447023585353], [-53.0127274916667, -26.4475698297974], [-53.0136354055556, -26.4477275603529], [-53.0150658916667, -26.4470837075752], [-53.0156916138889, -26.4473309547974], [-53.0159049277778, -26.4454468270197], [-53.01250895, -26.4450881270197]]]}}, {"type": "Feature", "properties": {"cod_imovel": "SC-4215752-9E84C828FEFC4BB4BA01B68E7B7F4EEC", "municipio": "Sao Bernardino", "num_area": 207.3534, "mod_fiscal": 10.3677, "des_condic": "Aguardando analise", "ind_status": "AT", "dat_atuali": "26/04/2022"}, "geometry": {"type": "Polygon", "coordinates": [[[-53.00851821899414, -26.44352480769591], [-53.003196716308594, -26.443832209461952], [-52.999505996704094, -26.44598399885638], [-52.99727858274643, -26.44662191061672], [-52.99400972888803, -26.44613423978632], [-52.99343182897774, -26.44532752720587], [-52.99269825690292, -26.4451361389696], [-52.99173065315013, -26.44587637740627], [-52.99294595608218, -26.44686240568695], [-52.99271342051035, -26.44917806497253], [-52.99281120300293, -26.44998007251706], [-52.99409866333008, -26.44905791397784], [-52.993154525756836, -26.44998007251706], [-52.99480676651001, -26.4500761302736], [-52.99430817746208, -26.454928888156], [-52.99581527709961, -26.454590754454774], [-52.99494859361096, -26.4566555188168], [-52.99642893090113, -26.45577617612867], [-52.99739464119045, -26.45499635048155], [-52.9988738854674, -26.45426102323481], [-53.00373166994959, -26.4591332566934], [-53.00552793095236, -26.45988109123491], [-53.00559997558594, -26.4575107575304], [-53.00756712163034, -26.45969899299382], [-53.00783157348633, -26.45797180387807], [-53.0094083266294, -26.45562368521694], [-53.01078684992376, -26.45555272940966], [-53.01057802188421, -26.45344477780549], [-53.01103527227352, -26.45336706995879], [-53.008689880371094, -26.452746503832074], [-53.01203727722168, -26.45228543656123], [-53.01042239268272, -26.45112797235705], [-53.0096420874008, -26.44993505655608], [-53.00884278613366, -26.44810603265537], [-53.00868794744606, -26.44649797156208], [-53.00697326660156, -26.445215507258265], [-53.00851821899414, -26.44352480769591]]]}}, {"type": "Feature", "properties": {"cod_imovel": "SC-4215752-1B7F57B06C3549D3A50514C21D8FAC35", "municipio": "Sao Bernardino", "num_area": 11.7874, "mod_fiscal": 0.5894, "des_condic": "Aguardando analise", "ind_status": "AT", "dat_atuali": "27/10/2014"}, "geometry": {"type": "Polygon", "coordinates": [[[-53.00796031951904, -26.50132111669987], [-53.010835647583, -26.497864526995425], [-53.008711338043206, -26.49655867716145], [-53.00596475601196, -26.50036096332208], [-53.00796031951904, -26.50132111669987]]]}}, {"type": "Feature", "properties": {"cod_imovel": "SC-4215752-F7B82078CC724D0B95697E5CDE5CB786", "municipio": "Sao Bernardino", "num_area": 7.5163, "mod_fiscal": 0.3758, "des_condic": "Aguardando analise", "ind_status": "AT", "dat_atuali": "25/03/2015"}, "geometry": {"type": "Polygon", "coordinates": [[[-53.03649902343749, -26.471437384660753], [-53.0380654335022, -26.472359363941838], [-53.040146827697754, -26.469305279277567], [-53.0384979143687, -26.46837730525351], [-53.03649902343749, -26.471437384660753]]]}}, {"type": "Feature", "properties": {"cod_imovel": "SC-4215752-F3DA73091D6D4CD789D2A3048792E585", "municipio": "Sao Bernardino", "num_area": 8.8418, "mod_fiscal": 0.4421, "des_condic": "Aguardando analise", "ind_status": "AT", "dat_atuali": "12/09/2014"}, "geometry": {"type": "Polygon", "coordinates": [[[-53.00424814224243, -26.42467567024274], [-53.00288649888051, -26.42153521668635], [-53.00380903697157, -26.42099671888898], [-53.00306797027588, -26.41964102635834], [-53.00085783004761, -26.421332076302203], [-53.002424240112305, -26.42352271776732], [-53.00329325575645, -26.42529996130561], [-53.00424814224243, -26.42467567024274]]]}}, {"type": "Feature", "properties": {"cod_imovel": "SC-4215752-CCEBAAB88945489FA1D243A30B21DB5D", "municipio": "Sao Bernardino", "num_area": 222.5984, "mod_fiscal": 11.1299, "des_condic": "Aguardando analise", "ind_status": "AT", "dat_atuali": "03/05/2022"}, "geometry": {"type": "Polygon", "coordinates": [[[-53.04767464537474, -26.47750729697522], [-53.04134092413811, -26.47408413450656], [-53.03648440574574, -26.48193626796365], [-53.04242949743028, -26.48525637726443], [-53.03761217716192, -26.49277395039832], [-53.0371238728133, -26.49318275083166], [-53.0375047075122, -26.49336874968385], [-53.03824837822723, -26.49306154074505], [-53.03923468180563, -26.49317462062685], [-53.04023369317124, -26.49355846552118], [-53.04059230986495, -26.49337218978189], [-53.04111251299193, -26.49350916112639], [-53.04165951814649, -26.49341450686617], [-53.04332514729811, -26.49406876801629], [-53.04745393231769, -26.48795284891346], [-53.05400266023625, -26.49182545340561], [-53.05913176188315, -26.48401991902877], [-53.05070251387212, -26.47921868656059], [-53.04565594734028, -26.48696838220347], [-53.0426512657337, -26.48531692424955], [-53.04767464537474, -26.47750729697522]]]}}, {"type": "Feature", "properties": {"cod_imovel": "SC-4215752-6817CA6F91074ECCA659C6B7B3B7EDAF", "municipio": "Sao Bernardino", "num_area": 2.1342, "mod_fiscal": 0.1067, "des_condic": "Aguardando analise", "ind_status": "AT", "dat_atuali": "20/05/2015"}, "geometry": {"type": "Polygon", "coordinates": [[[-53.04124449998114, -26.45574259624072], [-53.04047044592659, -26.45585140494947], [-53.04012345382365, -26.45630496543877], [-53.041391372680664, -26.457549178129888], [-53.04216384887695, -26.45731865434063], [-53.04124449998114, -26.45574259624072]]]}}, {"type": "Feature", "properties": {"cod_imovel": "SC-4215752-BCBD4457B28A4EEBBF796EDE2146E7B8", "municipio": "Sao Bernardino", "num_area": 10.0679, "mod_fiscal": 0.5034, "des_condic": "Aguardando analise", "ind_status": "AT", "dat_atuali": "18/06/2015"}, "geometry": {"type": "Polygon", "coordinates": [[[-53.03015208267648, -26.46724162322753], [-53.03262670017959, -26.46350112001074], [-53.02909136825958, -26.46319428403179], [-53.02901349856496, -26.46370644476352], [-53.02873622108088, -26.46421560038892], [-53.028430938720696, -26.4644262588733], [-53.028409481048584, -26.464675977538363], [-53.02867322177577, -26.46521954394796], [-53.0285382270813, -26.465060159042025], [-53.03015208267648, -26.46724162322753]]]}}, {"type": "Feature", "properties": {"cod_imovel": "SC-4215752-0E260EBF3B6A4F8AB840C1B017B05B3B", "municipio": "Sao Bernardino", "num_area": 14.2585, "mod_fiscal": 0.7129, "des_condic": "Aguardando analise", "ind_status": "AT", "dat_atuali": "01/06/2015"}, "geometry": {"type": "Polygon", "coordinates": [[[-53.001394271850586, -26.46344658810912], [-53.00384044647217, -26.459124411669578], [-53.001909255981445, -26.457433916292967], [-52.9996132850647, -26.46016174881549], [-53.00032138824462, -26.46187141371274], [-53.001394271850586, -26.46344658810912]]]}}, {"type": "Feature", "properties": {"cod_imovel": "SC-4215752-54C63CD41E0B45A5B6D1E6E04A745AC3", "municipio": "Sao Bernardino", "num_area": 37.313, "mod_fiscal": 1.8656, "des_condic": "Aguardando analise", "ind_status": "AT", "dat_atuali": "02/05/2015"}, "geometry": {"type": "Polygon", "coordinates": [[[-53.02950382232666, -26.473454204742367], [-53.02529811859131, -26.471456592637807], [-53.01980495452881, -26.47479873182254], [-53.0200324458056, -26.47534673946336], [-53.01977993926255, -26.47592370738505], [-53.02285194396972, -26.477449324898835], [-53.02401065826415, -26.475951171099023], [-53.02662849426269, -26.477449324898835], [-53.02950382232666, -26.473454204742367]]]}}, {"type": "Feature", "properties": {"cod_imovel": "SC-4215752-C0D45F23F71E4BD991E9F257981D6CD1", "municipio": "Sao Bernardino", "num_area": 10.5254, "mod_fiscal": 0.5263, "des_condic": "Aguardando analise", "ind_status": "AT", "dat_atuali": "12/12/2022"}, "geometry": {"type": "Polygon", "coordinates": [[[-53.02893498392304, -26.45798225276107], [-53.032143115997314, -26.45893231117236], [-53.03367754435265, -26.45708895888594], [-53.0298463948365, -26.45537928102138], [-53.02893498392304, -26.45798225276107]]]}}, {"type": "Feature", "properties": {"cod_imovel": "SC-4215752-86AE78CD8A5843DD86D2245C06FA4980", "municipio": "Sao Bernardino", "num_area": 7.3416, "mod_fiscal": 0.3671, "des_condic": "Aguardando analise", "ind_status": "AT", "dat_atuali": "19/11/2018"}, "geometry": {"type": "Polygon", "coordinates": [[[-53.04021120071411, -26.469190029212477], [-53.04301475612414, -26.46477057292919], [-53.04200504092029, -26.46401337720484], [-53.03915977478027, -26.468632985604067], [-53.04021120071411, -26.469190029212477]]]}}, {"type": "Feature", "properties": {"cod_imovel": "SC-4215752-D31D9606387E47D0B7CADF2345E452B0", "municipio": "Sao Bernardino", "num_area": 9.9692, "mod_fiscal": 0.4985, "des_condic": "Aguardando analise", "ind_status": "AT", "dat_atuali": "18/04/2016"}, "geometry": {"type": "Polygon", "coordinates": [[[-52.999634742736816, -26.496443454404957], [-52.99776499967075, -26.49661719794349], [-52.99917692981307, -26.49987113851411], [-53.00037168800402, -26.4998776969486], [-53.00132113884271, -26.49959155460144], [-53.00147640236818, -26.49918343699068], [-53.00155962674347, -26.49764069352426], [-52.999634742736816, -26.496443454404957]]]}}, {"type": "Feature", "properties": {"cod_imovel": "SC-4215752-2BEBA3F0774C4AC8A5F852883DF62F5C", "municipio": "Sao Bernardino", "num_area": 6.1071, "mod_fiscal": 0.3054, "des_condic": "Aguardando analise", "ind_status": "AT", "dat_atuali": "28/04/2015"}, "geometry": {"type": "Polygon", "coordinates": [[[-53.00261541061857, -26.4215554833188], [-53.00418660915744, -26.42471454153899], [-53.00584468226001, -26.42445508386718], [-53.00384454429341, -26.42105698639244], [-53.00261541061857, -26.4215554833188]]]}}, {"type": "Feature", "properties": {"cod_imovel": "SC-4215752-3A1FFE876FC640988DE73DFFB33E925D", "municipio": "Sao Bernardino", "num_area": 7.3178, "mod_fiscal": 0.3659, "des_condic": "Aguardando analise", "ind_status": "AT", "dat_atuali": "25/05/2016"}, "geometry": {"type": "Polygon", "coordinates": [[[-53.0432367324829, -26.461525640838115], [-53.04439559143064, -26.46098018851954], [-53.03840580376262, -26.45787319498096], [-53.03804971646498, -26.4583053496598], [-53.0379581451416, -26.458624949710064], [-53.0432367324829, -26.461525640838115]]]}}, {"type": "Feature", "properties": {"cod_imovel": "SC-4215752-849ED0E696D246F48454F96E13C5D287", "municipio": "Sao Bernardino", "num_area": 11.4701, "mod_fiscal": 0.5735, "des_condic": "Aguardando analise", "ind_status": "AT", "dat_atuali": "26/04/2016"}, "geometry": {"type": "Polygon", "coordinates": [[[-53.00426835577256, -26.4983664501981], [-53.00545824956646, -26.49678215882379], [-53.00298039640037, -26.49521864851853], [-53.00042281132197, -26.49398179539647], [-52.99971974453869, -26.49539594075018], [-53.00426835577256, -26.4983664501981]]]}}, {"type": "Feature", "properties": {"cod_imovel": "SC-4215752-3FF8DDB08FB9487B81C06A6965562B65", "municipio": "Sao Bernardino", "num_area": 12.1053, "mod_fiscal": 0.6053, "des_condic": "Aguardando analise", "ind_status": "AT", "dat_atuali": "27/04/2016"}, "geometry": {"type": "Polygon", "coordinates": [[[-53.01068279297462, -26.49763731726914], [-53.01207584232905, -26.49730874380723], [-53.01272744139471, -26.49693354896845], [-53.0129735134066, -26.49639402926471], [-53.01274418973689, -26.49531122395973], [-53.0130922410156, -26.49482409364152], [-53.01057823886045, -26.49370712447783], [-53.00861420584524, -26.49652838410933], [-53.01068279297462, -26.49763731726914]]]}}, {"type": "Feature", "properties": {"cod_imovel": "SC-4215752-8B4F22A729E24D16B09078A32EFD29B0", "municipio": "Sao Bernardino", "num_area": 135.1505, "mod_fiscal": 6.7575, "des_condic": "Aguardando analise", "ind_status": "AT", "dat_atuali": "25/04/2016"}, "geometry": {"type": "Polygon", "coordinates": [[[-53.05203437805176, -26.49742284415326], [-53.04551124572754, -26.49400454562768], [-53.04366588592529, -26.49400454562768], [-53.04182052612305, -26.493313191993664], [-53.039867877960205, -26.493197965983743], [-53.03748607635497, -26.49273706078904], [-53.03139209747314, -26.489395442862207], [-53.03083419799805, -26.49016363948922], [-53.03821563720703, -26.500226541208995], [-53.03928852081298, -26.50199321929086], [-53.04117679595947, -26.500418572750984], [-53.042378425598145, -26.504182326189117], [-53.04538249969482, -26.502684520711796], [-53.046326637268066, -26.50114828968392], [-53.048644065856934, -26.499919290074363], [-53.05070400238037, -26.499535225000848], [-53.05203437805176, -26.49742284415326]]]}}, {"type": "Feature", "properties": {"cod_imovel": "SC-4215752-5B87FAAD29284943ABD5D98CAF503DF0", "municipio": "Sao Bernardino", "num_area": 23.8425, "mod_fiscal": 1.1921, "des_condic": "Aguardando analise", "ind_status": "AT", "dat_atuali": "28/04/2016"}, "geometry": {"type": "Polygon", "coordinates": [[[-53.02765148502761, -26.444683493422], [-53.02764505162615, -26.44454916987768], [-53.02334547042846, -26.44404354770031], [-53.022916316986084, -26.446195333147035], [-53.03248715434119, -26.44765628586866], [-53.03233623504639, -26.44702145438111], [-53.03248643875122, -26.446406667049956], [-53.03293704986572, -26.44588793768699], [-53.033130168914795, -26.445369205988044], [-53.02765148502761, -26.444683493422]]]}}, {"type": "Feature", "properties": {"cod_imovel": "SC-4215752-079C98F92365406DB2694DDE83AD33E8", "municipio": "Sao Bernardino", "num_area": 6.047, "mod_fiscal": 0.3024, "des_condic": "Aguardando analise", "ind_status": "AT", "dat_atuali": "18/10/2017"}, "geometry": {"type": "Polygon", "coordinates": [[[-53.00646727659527, -26.46017942831689], [-53.00586265734979, -26.45989524215097], [-53.004634380340576, -26.46265900360539], [-53.00358295440674, -26.465636428893017], [-53.0045485496521, -26.465866936025495], [-53.00646727659527, -26.46017942831689]]]}}, {"type": "Feature", "properties": {"cod_imovel": "SC-4215752-C9E5953FD9374406BC983739642EF9E9", "municipio": "Sao Bernardino", "num_area": 8.6883, "mod_fiscal": 0.4344, "des_condic": "Aguardando analise", "ind_status": "AT", "dat_atuali": "28/11/2019"}, "geometry": {"type": "Polygon", "coordinates": [[[-53.02774429321289, -26.460008069828138], [-53.02950382232666, -26.461890623286433], [-53.03070545196533, -26.461160657232544], [-53.03143501281738, -26.46039226691185], [-53.030662536621094, -26.45981597080544], [-53.03117752075195, -26.459009151409717], [-53.03031921386719, -26.458471268671193], [-53.02920341491699, -26.45808706517649], [-53.02890231940451, -26.45906215183201], [-53.02780814075447, -26.45956889304343], [-53.02774429321289, -26.460008069828138]]]}}, {"type": "Feature", "properties": {"cod_imovel": "SC-4215752-2971D4C1CB06485F9AE3BD65485508FC", "municipio": "Sao Bernardino", "num_area": 18.1548, "mod_fiscal": 0.9077, "des_condic": "Aguardando analise", "ind_status": "AT", "dat_atuali": "14/10/2014"}, "geometry": {"type": "Polygon", "coordinates": [[[-53.02218576934998, -26.44152575697014], [-53.02811579936413, -26.44229131159118], [-53.02876593267698, -26.44085764883975], [-53.02788383748619, -26.44046396486463], [-53.02699570372829, -26.43927548322925], [-53.02555720417325, -26.43906366906206], [-53.02319972217759, -26.43825537500528], [-53.02218576934998, -26.44152575697014]]]}}, {"type": "Feature", "properties": {"cod_imovel": "SC-4215752-EDC2010FAE494626968C2E97BBEBDC1D", "municipio": "Sao Bernardino", "num_area": 32.5084, "mod_fiscal": 1.6254, "des_condic": "Aguardando analise", "ind_status": "AT", "dat_atuali": "28/04/2015"}, "geometry": {"type": "Polygon", "coordinates": [[[-53.03574476160097, -26.46487597810507], [-53.0328268755419, -26.46951097989876], [-53.03663163279943, -26.47153773835299], [-53.03850337325384, -26.46842914480185], [-53.03688057691301, -26.46764662556857], [-53.038473129272454, -26.465501966185865], [-53.0398797464916, -26.46276727322516], [-53.03718566894531, -26.462082718847032], [-53.03574476160097, -26.46487597810507]]]}}, {"type": "Feature", "properties": {"cod_imovel": "SC-4215752-72FFC02F64A94208BBADD497D03B0EB6", "municipio": "Sao Bernardino", "num_area": 12.4261, "mod_fiscal": 0.6213, "des_condic": "Aguardando analise", "ind_status": "AT", "dat_atuali": "29/04/2015"}, "geometry": {"type": "Polygon", "coordinates": [[[-53.02542686462402, -26.471130056591974], [-53.022422790527344, -26.469439737540927], [-53.02129311937043, -26.46987230366745], [-53.019676208496094, -26.469766278383595], [-53.0191718112044, -26.46988252711567], [-53.01875418062856, -26.47022367314133], [-53.01810951815244, -26.47152139791204], [-53.0176959503133, -26.47201199429649], [-53.01773464972408, -26.47235905202688], [-53.01798105239868, -26.47262827317384], [-53.01952600479126, -26.472647480952084], [-53.02317380905151, -26.470573022375085], [-53.02542686462402, -26.471130056591974]]]}}, {"type": "Feature", "properties": {"cod_imovel": "SC-4215752-0970748138004AEF8F8CCA7026DBDAD6", "municipio": "Sao Bernardino", "num_area": 20.1983, "mod_fiscal": 1.0099, "des_condic": "Aguardando analise", "ind_status": "AT", "dat_atuali": "07/05/2015"}, "geometry": {"type": "Polygon", "coordinates": [[[-53.03963184356689, -26.46296635429679], [-53.04628575364056, -26.46636251891033], [-53.04806470870972, -26.463619471791056], [-53.04532238619003, -26.4624718400162], [-53.04499626159668, -26.463081610594482], [-53.04246425628662, -26.461756156203265], [-53.0412513470767, -26.46248068657163], [-53.04048645673878, -26.46200330641105], [-53.03963184356689, -26.46296635429679]]]}}, {"type": "Feature", "properties": {"cod_imovel": "SC-4215752-1EE539E4B6AC44B99010C962A73D96E0", "municipio": "Sao Bernardino", "num_area": 7.3318, "mod_fiscal": 0.3666, "des_condic": "Aguardando analise", "ind_status": "AT", "dat_atuali": "05/05/2015"}, "geometry": {"type": "Polygon", "coordinates": [[[-53.04000682066222, -26.46080128446812], [-53.036030069718, -26.45861605686083], [-53.03507573957086, -26.45915051190328], [-53.04122461059492, -26.4624703922718], [-53.04231405258179, -26.461890623286433], [-53.04000682066222, -26.46080128446812]]]}}, {"type": "Feature", "properties": {"cod_imovel": "SC-4215752-738486EB1A8649A6BD539C641FE34E72", "municipio": "Sao Bernardino", "num_area": 2.0341, "mod_fiscal": 0.1017, "des_condic": "Aguardando analise", "ind_status": "AT", "dat_atuali": "05/05/2015"}, "geometry": {"type": "Polygon", "coordinates": [[[-53.045125007629395, -26.46219797602952], [-53.04624080657959, -26.4615448504695], [-53.04477169955747, -26.46082084754129], [-53.04348517052497, -26.46138403550073], [-53.045125007629395, -26.46219797602952]]]}}, {"type": "Feature", "properties": {"cod_imovel": "SC-4215752-43758F618AAE48E696EDAC1564F70E2A", "municipio": "Sao Bernardino", "num_area": 121.0, "mod_fiscal": 6.05, "des_condic": "Aguardando analise", "ind_status": "AT", "dat_atuali": "29/04/2016"}, "geometry": {"type": "Polygon", "coordinates": [[[-53.0059219638889, -26.4903510770188], [-53.0192822083333, -26.4986168325742], [-53.0221470444444, -26.4947571742409], [-53.0226321222222, -26.4944543131298], [-53.0032375722222, -26.4824445297967], [-53.003014475, -26.4827458770189], [-53.0030247138889, -26.4840722436856], [-53.0028417444444, -26.4849715186855], [-53.0031849111111, -26.4864855464633], [-53.0026734888889, -26.487828249241], [-53.0034400388889, -26.4882257853521], [-53.0045370388889, -26.4883280881299], [-53.0055873416667, -26.4895885797966], [-53.0059219638889, -26.4903510770188]]]}}, {"type": "Feature", "properties": {"cod_imovel": "SC-4215752-F204D62273B44BC59774BEC80B811CC7", "municipio": "Sao Bernardino", "num_area": 14.6, "mod_fiscal": 0.73, "des_condic": "Aguardando analise", "ind_status": "AT", "dat_atuali": "05/11/2014"}, "geometry": {"type": "Polygon", "coordinates": [[[-53.00287485122681, -26.48317286102062], [-53.00345070352831, -26.48221262280011], [-53.004763126373284, -26.481597956666203], [-53.00253277006176, -26.47998727503002], [-53.00130273837585, -26.47881154603569], [-52.998390197753906, -26.481770813075823], [-53.00287485122681, -26.48317286102062]]]}}, {"type": "Feature", "properties": {"cod_imovel": "SC-4215752-7A460FEB89D64C4D815C56ACFBF56250", "municipio": "Sao Bernardino", "num_area": 6.0252, "mod_fiscal": 0.3013, "des_condic": "Aguardando analise", "ind_status": "AT", "dat_atuali": "11/06/2015"}, "geometry": {"type": "Polygon", "coordinates": [[[-53.04172108207421, -26.46661738652586], [-53.04405153243972, -26.46753734136679], [-53.04520511892102, -26.46579327050604], [-53.04306014874526, -26.46473920115963], [-53.04172108207421, -26.46661738652586]]]}}, {"type": "Feature", "properties": {"cod_imovel": "SC-4215752-1161541983E04542BE7D061489FB0DDF", "municipio": "Sao Bernardino", "num_area": 4.3956, "mod_fiscal": 0.2198, "des_condic": "Aguardando analise", "ind_status": "AT", "dat_atuali": "23/06/2015"}, "geometry": {"type": "Polygon", "coordinates": [[[-53.0508041972222, -26.4937852409076], [-53.0501127416667, -26.4949397297965], [-53.052706175, -26.4963600047964], [-53.0534180527778, -26.495230660352], [-53.0508041972222, -26.4937852409076]]]}}, {"type": "Feature", "properties": {"cod_imovel": "SC-4215752-927E29AD09624A87B12EFF791BFB62CE", "municipio": "Sao Bernardino", "num_area": 7.246, "mod_fiscal": 0.3623, "des_condic": "Aguardando analise", "ind_status": "AT", "dat_atuali": "22/04/2016"}, "geometry": {"type": "Polygon", "coordinates": [[[-53.00933361053467, -26.456992078182406], [-53.00911903381348, -26.458701790152563], [-53.01276683807373, -26.45902836146104], [-53.012402057647705, -26.45829837725724], [-53.01394701004028, -26.45839442807482], [-53.01326036453247, -26.45747233691809], [-53.00933361053467, -26.456992078182406]]]}}, {"type": "Feature", "properties": {"cod_imovel": "SC-4215752-5158FFC85AE24FD28C9D8FCC3090B284", "municipio": "Sao Bernardino", "num_area": 3.5, "mod_fiscal": 0.175, "des_condic": "Aguardando analise", "ind_status": "AT", "dat_atuali": "31/07/2017"}, "geometry": {"type": "Polygon", "coordinates": [[[-53.019404875, -26.42622532702], [-53.0191206722222, -26.42775447702], [-53.0210919472222, -26.4282366603533], [-53.0213946222222, -26.4267120297978], [-53.019404875, -26.42622532702]]]}}, {"type": "Feature", "properties": {"cod_imovel": "SC-4215752-C11F97DAA8C04D5CA21EF749450088DD", "municipio": "Sao Bernardino", "num_area": 18.0869, "mod_fiscal": 0.9043, "des_condic": "Aguardando analise", "ind_status": "AT", "dat_atuali": "31/07/2017"}, "geometry": {"type": "Polygon", "coordinates": [[[-53.0210919472222, -26.4282366603533], [-53.0191206722222, -26.42775447702], [-53.01874165, -26.4297937492422], [-53.019463475, -26.4310863325755], [-53.0189650777778, -26.4324842325755], [-53.018224475, -26.4325762603532], [-53.01734565025998, -26.43713824917085], [-53.01920833347143, -26.43729352593245], [-53.0210919472222, -26.4282366603533]]]}}, {"type": "Feature", "properties": {"cod_imovel": "SC-4215752-F072AB73106E41109F74664D9E11EA20", "municipio": "Sao Bernardino", "num_area": 2.4478, "mod_fiscal": 0.1224, "des_condic": "Aguardando analise", "ind_status": "AT", "dat_atuali": "27/05/2024"}, "geometry": {"type": "Polygon", "coordinates": [[[-53.039084672927856, -26.461371963671553], [-53.04125918337706, -26.46241384556989], [-53.04233617408678, -26.46194238650523], [-53.04014430216467, -26.46085581735154], [-53.039084672927856, -26.461371963671553]]]}}, {"type": "Feature", "properties": {"cod_imovel": "SC-4215752-94FB9E8518824ADF94EB6E7FFED06152", "municipio": "Sao Bernardino", "num_area": 4.7896, "mod_fiscal": 0.2395, "des_condic": "Aguardando analise", "ind_status": "AT", "dat_atuali": "27/05/2024"}, "geometry": {"type": "Polygon", "coordinates": [[[-53.04018011903742, -26.46082346712916], [-53.03603768348694, -26.458740210354584], [-53.03576531575112, -26.4589663505003], [-53.03497552871704, -26.459143621701678], [-53.0390739440918, -26.461400778155905], [-53.04018011903742, -26.46082346712916]]]}}, {"type": "Feature", "properties": {"cod_imovel": "SC-4215752-B7FFE6A1CB8C469ABE827663894C89C5", "municipio": "Sao Bernardino", "num_area": 6.9163, "mod_fiscal": 0.3511, "des_condic": "Aguardando analise", "ind_status": "AT", "dat_atuali": "23/05/2024"}, "geometry": {"type": "Polygon", "coordinates": [[[-53.0447725021581, -26.4552336155115], [-53.04422288483215, -26.45538582737435], [-53.04414185806717, -26.45577454818357], [-53.0448131774443, -26.45624532752328], [-53.05106451328589, -26.45944739703453], [-53.05137613624959, -26.45876264445624], [-53.0447725021581, -26.4552336155115]]]}}, {"type": "Feature", "properties": {"cod_imovel": "SC-4215752-B67D64BF2E604B2FBBEBBFDC41D24718", "municipio": "Sao Bernardino", "num_area": 22.1666, "mod_fiscal": 1.1083, "des_condic": "Aguardando analise", "ind_status": "AT", "dat_atuali": "15/05/2024"}, "geometry": {"type": "Polygon", "coordinates": [[[-53.01128057746395, -26.48161956537987], [-53.00834097778336, -26.47378366850258], [-53.005385398864746, -26.473377374148903], [-53.00931215286255, -26.481905256770347], [-53.01128057746395, -26.48161956537987]]]}}, {"type": "Feature", "properties": {"cod_imovel": "SC-4215752-ACF62D2347864400BD9EB83189AD8673", "municipio": "Sao Bernardino", "num_area": 12.129, "mod_fiscal": 0.6064, "des_condic": "Aguardando analise", "ind_status": "AT", "dat_atuali": "13/05/2024"}, "geometry": {"type": "Polygon", "coordinates": [[[-53.01947038355097, -26.46113473664399], [-53.01850815443334, -26.45871226920044], [-53.01853012144435, -26.45827293249214], [-53.01820301903615, -26.4580335493276], [-53.01334103904067, -26.45753781185305], [-53.01347525649791, -26.45837593250423], [-53.01506493314326, -26.45854210318372], [-53.01579390666944, -26.46033801705492], [-53.01947038355097, -26.46113473664399]]]}}, {"type": "Feature", "properties": {"cod_imovel": "SC-4215752-471B5930AEE84D2C9DF5B9E4F18E2B4D", "municipio": "Sao Bernardino", "num_area": 9.6654, "mod_fiscal": 0.4833, "des_condic": "Aguardando analise", "ind_status": "AT", "dat_atuali": "08/05/2024"}, "geometry": {"type": "Polygon", "coordinates": [[[-53.02069661515862, -26.44675514184971], [-53.0191788036511, -26.44630806812383], [-53.01822218244631, -26.44922899090283], [-53.02092757387204, -26.45047584822171], [-53.02253295460989, -26.45057619014644], [-53.02250243050926, -26.44927483072255], [-53.01989464131876, -26.44861086991232], [-53.02069661515862, -26.44675514184971]]]}}, {"type": "Feature", "properties": {"cod_imovel": "SC-4215752-46B57A0FC01C4EA689197E17A283899C", "municipio": "Sao Bernardino", "num_area": 5.0291, "mod_fiscal": 0.2515, "des_condic": "Aguardando analise", "ind_status": "AT", "dat_atuali": "29/04/2024"}, "geometry": {"type": "Polygon", "coordinates": [[[-53.00904030903396, -26.45878689973175], [-53.00881836371166, -26.46018387883539], [-53.00931200636546, -26.46025987840942], [-53.00925720327663, -26.46120903539086], [-53.01082150466923, -26.46143292807386], [-53.01050650603173, -26.46050597090913], [-53.01119275450915, -26.46011578961008], [-53.01089856414277, -26.45879047925906], [-53.00904030903396, -26.45878689973175]]]}}, {"type": "Feature", "properties": {"cod_imovel": "SC-4215752-8344B6CE183E4C0A9F23359D6DC6E513", "municipio": "Sao Bernardino", "num_area": 35.2983, "mod_fiscal": 1.7649, "des_condic": "Aguardando analise", "ind_status": "AT", "dat_atuali": "03/05/2022"}, "geometry": {"type": "Polygon", "coordinates": [[[-53.04767464537473, -26.4775072969752], [-53.0426512657337, -26.48531692424954], [-53.04565594734028, -26.48696838220346], [-53.05070251387212, -26.47921868656056], [-53.04767464537473, -26.4775072969752]]]}}, {"type": "Feature", "properties": {"cod_imovel": "SC-4215752-60F399A848A9460DB6E23AE14C6BBAC9", "municipio": "Sao Bernardino", "num_area": 15.3912, "mod_fiscal": 0.7696, "des_condic": "Aguardando analise", "ind_status": "AT", "dat_atuali": "18/10/2023"}, "geometry": {"type": "Polygon", "coordinates": [[[-53.024418354034424, -26.468882695141296], [-53.03130626678467, -26.471955998915423], [-53.03379535675049, -26.468056730757787], [-53.03203582763672, -26.46751889029779], [-53.03197145462036, -26.468152773432557], [-53.03177833557129, -26.468421692495475], [-53.03023338317871, -26.46907477903198], [-53.0289888381958, -26.469132404136655], [-53.02832365036011, -26.46965102878023], [-53.02772283554077, -26.469631820501785], [-53.02654266357422, -26.468997945514186], [-53.024418354034424, -26.468882695141296]]]}}, {"type": "Feature", "properties": {"cod_imovel": "SC-4215752-E5FF0876603B477FAEB362E44148C231", "municipio": "Sao Bernardino", "num_area": 18.4677, "mod_fiscal": 0.9234, "des_condic": "Aguardando analise", "ind_status": "AT", "dat_atuali": "12/09/2023"}, "geometry": {"type": "Polygon", "coordinates": [[[-52.99787466128585, -26.48465959009722], [-52.9972750821338, -26.48595543938525], [-53.0029821869108, -26.48684523816373], [-53.00317375888654, -26.48645598241647], [-53.00283868046949, -26.48528575242087], [-53.0028918663148, -26.48410024736272], [-53.00080989519518, -26.48353922597511], [-52.99896719915281, -26.48257841832806], [-52.99775015023522, -26.48251590680523], [-52.99787466128585, -26.48465959009722]]]}}, {"type": "Feature", "properties": {"cod_imovel": "SC-4215752-C0D690E5C6B1414E90215DFDDCB3DFCA", "municipio": "Sao Bernardino", "num_area": 12.627, "mod_fiscal": 0.6314, "des_condic": "Aguardando analise", "ind_status": "AT", "dat_atuali": "27/10/2014"}, "geometry": {"type": "Polygon", "coordinates": [[[-52.99976348876953, -26.495444852343358], [-52.99948453903198, -26.496059377715696], [-52.99961875767235, -26.49653514457219], [-53.00160306193909, -26.49785303377757], [-53.00150156021118, -26.499131955292224], [-53.00540685653686, -26.500994665451547], [-53.00625571663166, -26.49972691436168], [-52.99976348876953, -26.495444852343358]]]}}, {"type": "Feature", "properties": {"cod_imovel": "SC-4215752-B839090AB1F34F0D87AB6E9907952C49", "municipio": "Sao Bernardino", "num_area": 2.1653, "mod_fiscal": 0.1083, "des_condic": "Aguardando analise", "ind_status": "AT", "dat_atuali": "26/06/2019"}, "geometry": {"type": "Polygon", "coordinates": [[[-53.042421340942376, -26.455205498098366], [-53.043386936187744, -26.456819184547143], [-53.04410502552033, -26.45521275843055], [-53.04395500265701, -26.45497847859711], [-53.0430637368748, -26.45487605412638], [-53.04247982585406, -26.45498404945383], [-53.042421340942376, -26.455205498098366]]]}}, {"type": "Feature", "properties": {"cod_imovel": "SC-4215752-950E87F01A9B41BC8061F83525B3410B", "municipio": "Sao Bernardino", "num_area": 28.5689, "mod_fiscal": 1.4284, "des_condic": "Aguardando analise", "ind_status": "AT", "dat_atuali": "09/06/2015"}, "geometry": {"type": "Polygon", "coordinates": [[[-53.0084753036499, -26.440028054875974], [-53.00057639120266, -26.42748482960804], [-53.00002098083496, -26.42784623010142], [-52.999205589294434, -26.428999139340352], [-53.00230726015204, -26.43361213357638], [-53.00546832008905, -26.43863511546052], [-53.006157875061035, -26.439989628431274], [-53.0084753036499, -26.440028054875974]]]}}, {"type": "Feature", "properties": {"cod_imovel": "SC-4215752-FB6CCF5E4EE0432681711C693B4E547E", "municipio": "Sao Bernardino", "num_area": 10.4199, "mod_fiscal": 0.521, "des_condic": "Aguardando analise", "ind_status": "AT", "dat_atuali": "26/04/2016"}, "geometry": {"type": "Polygon", "coordinates": [[[-53.00434673639708, -26.50243790690429], [-53.005467691712, -26.50112791958487], [-53.00340484382957, -26.50001240827394], [-53.00135929815832, -26.49908890585541], [-53.0012557568141, -26.49950284170325], [-53.00104289129224, -26.49966091934707], [-52.99911891143356, -26.49993370140333], [-53.00288333809449, -26.50213323578346], [-53.00434673639708, -26.50243790690429]]]}}, {"type": "Feature", "properties": {"cod_imovel": "SC-4215752-C834350CFAF1489D89274587C4B76E9B", "municipio": "Sao Bernardino", "num_area": 12.1214, "mod_fiscal": 0.6061, "des_condic": "Aguardando analise", "ind_status": "AT", "dat_atuali": "09/09/2019"}, "geometry": {"type": "Polygon", "coordinates": [[[-53.01516744917332, -26.46717415940179], [-53.00955263302084, -26.46647228923181], [-53.00769921478906, -26.46642465158273], [-53.007423877716064, -26.467749393659872], [-53.01523447036743, -26.46857536024929], [-53.01518574570517, -26.46800288435964], [-53.01546275475648, -26.46743930370302], [-53.01516744917332, -26.46717415940179]]]}}, {"type": "Feature", "properties": {"cod_imovel": "SC-4215752-7D40A1A70E5E4B26BF970494BE6E5151", "municipio": "Sao Bernardino", "num_area": 2.3116, "mod_fiscal": 0.1156, "des_condic": "Aguardando analise", "ind_status": "AT", "dat_atuali": "06/03/2015"}, "geometry": {"type": "Polygon", "coordinates": [[[-53.03905666115674, -26.45701798541273], [-53.04103303958848, -26.45810487241272], [-53.04154532640216, -26.45779886675021], [-53.04015948578186, -26.45633884843414], [-53.03943894950093, -26.45648655334054], [-53.03905666115674, -26.45701798541273]]]}}, {"type": "Feature", "properties": {"cod_imovel": "SC-4215752-A1EAA885F53D4257B91076E6AB471DCD", "municipio": "Sao Bernardino", "num_area": 11.3933, "mod_fiscal": 0.5697, "des_condic": "Aguardando analise", "ind_status": "AT", "dat_atuali": "06/03/2023"}, "geometry": {"type": "Polygon", "coordinates": [[[-53.00336837768555, -26.435205435951918], [-53.001394271850586, -26.43587792480397], [-53.00335181394017, -26.4395984278317], [-53.00607204437255, -26.4398743490203], [-53.00336837768555, -26.435205435951918]]]}}, {"type": "Feature", "properties": {"cod_imovel": "SC-4215752-ADBBA7B9684544A483CAC0F023DF4601", "municipio": "Sao Bernardino", "num_area": 12.2638, "mod_fiscal": 0.6132, "des_condic": "Aguardando analise", "ind_status": "AT", "dat_atuali": "08/09/2015"}, "geometry": {"type": "Polygon", "coordinates": [[[-52.99869060516357, -26.47212886981419], [-53.00012070368324, -26.47271891562791], [-53.003132343292236, -26.46605902494991], [-53.00175905227661, -26.465463548240688], [-52.99869060516357, -26.47212886981419]]]}}, {"type": "Feature", "properties": {"cod_imovel": "SC-4215752-A35D577AC3E948B48CFC47BAEF767E48", "municipio": "Sao Bernardino", "num_area": 15.7418, "mod_fiscal": 0.7871, "des_condic": "Aguardando analise", "ind_status": "AT", "dat_atuali": "04/12/2014"}, "geometry": {"type": "Polygon", "coordinates": [[[-53.02627899669137, -26.45087028064344], [-53.02602194648583, -26.45028863529179], [-53.02619357848418, -26.45003315074186], [-53.02597846576659, -26.44910562157649], [-53.02592141716369, -26.44684460178683], [-53.02294747368037, -26.44614504966225], [-53.0223194280379, -26.45050784651405], [-53.02627899669137, -26.45087028064344]]]}}, {"type": "Feature", "properties": {"cod_imovel": "SC-4215752-5629FA26753140398136326C73553221", "municipio": "Sao Bernardino", "num_area": 7.3962, "mod_fiscal": 0.3698, "des_condic": "Aguardando analise", "ind_status": "AT", "dat_atuali": "17/04/2015"}, "geometry": {"type": "Polygon", "coordinates": [[[-53.04142211985615, -26.45829326407759], [-53.04478168487549, -26.460008069828138], [-53.04525456249053, -26.45762210424128], [-53.04444365748677, -26.4565370770076], [-53.04273441296261, -26.45722847628325], [-53.04291165664546, -26.45759613917172], [-53.0423264104575, -26.45806782757343], [-53.04142211985615, -26.45829326407759]]]}}, {"type": "Feature", "properties": {"cod_imovel": "SC-4215752-32BB7544684D47A889D9DBB002861DB3", "municipio": "Sao Bernardino", "num_area": 11.0889, "mod_fiscal": 0.5544, "des_condic": "Aguardando analise", "ind_status": "AT", "dat_atuali": "29/04/2015"}, "geometry": {"type": "Polygon", "coordinates": [[[-52.99770355224609, -26.45487891594635], [-52.998905181884766, -26.461083818431273], [-53.000428676605225, -26.459988859940296], [-52.99952437313834, -26.45613658741624], [-52.999420166015625, -26.454456278845242], [-52.99881976586902, -26.45431647291156], [-52.99770355224609, -26.45487891594635]]]}}, {"type": "Feature", "properties": {"cod_imovel": "SC-4215752-34298B667EF24CAEB105C1BF5641CB22", "municipio": "Sao Bernardino", "num_area": 12.1568, "mod_fiscal": 0.6078, "des_condic": "Aguardando analise", "ind_status": "AT", "dat_atuali": "26/03/2015"}, "geometry": {"type": "Polygon", "coordinates": [[[-53.00010681152344, -26.46559801099273], [-52.99654483795165, -26.472263324778115], [-52.998411655426025, -26.472532234234563], [-53.00124406814575, -26.466020607190668], [-53.00010681152344, -26.46559801099273]]]}}, {"type": "Feature", "properties": {"cod_imovel": "SC-4215752-0177B2CAB7B444E9A43258801EE0746E", "municipio": "Sao Bernardino", "num_area": 7.5584, "mod_fiscal": 0.3779, "des_condic": "Aguardando analise", "ind_status": "AT", "dat_atuali": "10/06/2015"}, "geometry": {"type": "Polygon", "coordinates": [[[-53.04102659225464, -26.463696308899685], [-53.03984194061211, -26.46305199733242], [-53.037099838256836, -26.467269177801196], [-53.03815126419067, -26.468056730757787], [-53.04102659225464, -26.463696308899685]]]}}, {"type": "Feature", "properties": {"cod_imovel": "SC-4215752-07591FF080424A6EAA1FF86E71EE50C8", "municipio": "Sao Bernardino", "num_area": 5.9229, "mod_fiscal": 0.2961, "des_condic": "Aguardando analise", "ind_status": "AT", "dat_atuali": "29/04/2016"}, "geometry": {"type": "Polygon", "coordinates": [[[-53.00422668457031, -26.459585451555085], [-53.00171764171663, -26.46470262411771], [-53.00252880538508, -26.46518171250218], [-53.00506807154189, -26.45997291980328], [-53.00422668457031, -26.459585451555085]]]}}, {"type": "Feature", "properties": {"cod_imovel": "SC-4215752-08D977B9C7E14258A218532675226B4E", "municipio": "Sao Bernardino", "num_area": 36.6498, "mod_fiscal": 1.8514, "des_condic": "Aguardando analise", "ind_status": "AT", "dat_atuali": "05/05/2015"}, "geometry": {"type": "Polygon", "coordinates": [[[-53.029890060424805, -26.43655040973173], [-53.03179979324341, -26.43605084987449], [-53.03235677344215, -26.43330652216186], [-53.03256051381988, -26.43329817942813], [-53.03283882941837, -26.43300104025493], [-53.03296948612299, -26.43238433901962], [-53.024976253509514, -26.43145864051193], [-53.02457947682698, -26.43286180672313], [-53.02533850744849, -26.43321217313816], [-53.024890422821045, -26.435493645940465], [-53.027637004852295, -26.436992326261755], [-53.02903175354004, -26.437146035961916], [-53.02904648788237, -26.43643304069272], [-53.029890060424805, -26.43655040973173]]]}}, {"type": "Feature", "properties": {"cod_imovel": "SC-4215752-0AF8674D7B934CBD8DA6E992D6F60759", "municipio": "Sao Bernardino", "num_area": 11.7782, "mod_fiscal": 0.5889, "des_condic": "Aguardando analise", "ind_status": "AT", "dat_atuali": "02/05/2015"}, "geometry": {"type": "Polygon", "coordinates": [[[-53.01373243331909, -26.497480455055026], [-53.01308870315552, -26.49655867716145], [-53.01122188568115, -26.497499658682532], [-53.008432388305664, -26.500649010177778], [-53.01040318660803, -26.50156202804186], [-53.01373243331909, -26.497480455055026]]]}}, {"type": "Feature", "properties": {"cod_imovel": "SC-4215752-0E9249C0559C4F1889053EAC450DFA96", "municipio": "Sao Bernardino", "num_area": 24.0079, "mod_fiscal": 1.2004, "des_condic": "Aguardando analise", "ind_status": "AT", "dat_atuali": "09/03/2015"}, "geometry": {"type": "Polygon", "coordinates": [[[-53.01868915557861, -26.462447699528983], [-53.013432025909424, -26.46187141371274], [-53.013968467712395, -26.462313233096587], [-53.01435470581055, -26.463235285478536], [-53.01534175872803, -26.464752813941683], [-53.015449047088616, -26.465329085331557], [-53.01512718200683, -26.46680816869164], [-53.015406131744385, -26.46742284709399], [-53.01519155502319, -26.468114356372265], [-53.01536321640015, -26.468594568704088], [-53.01572799682617, -26.468652194049238], [-53.01658630371094, -26.46822960751466], [-53.01735877990723, -26.46821039899895], [-53.018174171447754, -26.468786653075714], [-53.01868915557861, -26.462447699528983]]]}}, {"type": "Feature", "properties": {"cod_imovel": "SC-4215752-102966CA38CA47D38905B5F494C968F1", "municipio": "Sao Bernardino", "num_area": 24.2453, "mod_fiscal": 1.2123, "des_condic": "Aguardando analise", "ind_status": "AT", "dat_atuali": "09/03/2015"}, "geometry": {"type": "Polygon", "coordinates": [[[-53.02628517150879, -26.45082537802502], [-53.03242206573486, -26.451363296481478], [-53.03261089684971, -26.45112388983364], [-53.03257080641804, -26.4508274491666], [-53.03045417155106, -26.45037251141989], [-53.03026873504791, -26.44998152761447], [-53.03079218797664, -26.44913752896352], [-53.03219843843509, -26.4488940965978], [-53.03277401320839, -26.44862009967512], [-53.03299550478601, -26.4483786106551], [-53.03290755724886, -26.44806784122111], [-53.0325722694397, -26.44769387426733], [-53.025662899017334, -26.446829333692616], [-53.02628517150879, -26.45082537802502]]]}}, {"type": "Feature", "properties": {"cod_imovel": "SC-4215752-13F0D8D007E349D993AB89CC043752C3", "municipio": "Sao Bernardino", "num_area": 7.3445, "mod_fiscal": 0.3672, "des_condic": "Aguardando analise", "ind_status": "AT", "dat_atuali": "03/09/2015"}, "geometry": {"type": "Polygon", "coordinates": [[[-53.04311162873167, -26.46147400003417], [-53.03791713795744, -26.45846087724049], [-53.03759749142144, -26.45883310452131], [-53.03700355530091, -26.4579080709787], [-53.03634828209883, -26.45802334415517], [-53.03603050103624, -26.4586358276832], [-53.04210556659948, -26.46197604666471], [-53.04311162873167, -26.46147400003417]]]}}, {"type": "Feature", "properties": {"cod_imovel": "SC-4215752-14E873AE017B42629063EEE03A179230", "municipio": "Sao Bernardino", "num_area": 50.9755, "mod_fiscal": 2.5488, "des_condic": "Aguardando analise", "ind_status": "AT", "dat_atuali": "31/03/2015"}, "geometry": {"type": "Polygon", "coordinates": [[[-53.03203582763672, -26.479523659486947], [-53.03632736206054, -26.481943669225643], [-53.041133880615234, -26.47410726271528], [-53.04052950891487, -26.47350777987853], [-53.03917203766406, -26.47266875331324], [-53.03714275360107, -26.471725503979723], [-53.03327750309067, -26.47730854384656], [-53.03203582763672, -26.479523659486947]]]}}, {"type": "Feature", "properties": {"cod_imovel": "SC-4215752-255CBF3E45134702AEF7FF982B2ECAB6", "municipio": "Sao Bernardino", "num_area": 6.3693, "mod_fiscal": 0.3185, "des_condic": "Aguardando analise", "ind_status": "AT", "dat_atuali": "22/05/2015"}, "geometry": {"type": "Polygon", "coordinates": [[[-53.03719794120524, -26.46211136909233], [-53.03999662399292, -26.462793469633855], [-53.04049015045166, -26.462044299760546], [-53.03697109222412, -26.460238588232237], [-53.036391735076904, -26.461583269722674], [-53.03643465042114, -26.463273704167488], [-53.0365629065799, -26.46330720090809], [-53.03719794120524, -26.46211136909233]]]}}, {"type": "Feature", "properties": {"cod_imovel": "SC-4215752-404FB22A25224B7CB75715EAD72DC2FC", "municipio": "Sao Bernardino", "num_area": 14.6734, "mod_fiscal": 0.7337, "des_condic": "Aguardando analise", "ind_status": "AT", "dat_atuali": "09/04/2015"}, "geometry": {"type": "Polygon", "coordinates": [[[-53.00220966339111, -26.43952851009535], [-52.99567964793285, -26.43308533778568], [-52.99464214845743, -26.43210048449573], [-52.99367965039167, -26.43354537171825], [-53.00087928771973, -26.439605363279483], [-53.00220966339111, -26.43952851009535]]]}}, {"type": "Feature", "properties": {"cod_imovel": "SC-4215752-4269FF0F927F4EF5ACB21A312EB3FF0C", "municipio": "Sao Bernardino", "num_area": 12.1751, "mod_fiscal": 0.6088, "des_condic": "Aguardando analise", "ind_status": "AT", "dat_atuali": "29/04/2015"}, "geometry": {"type": "Polygon", "coordinates": [[[-53.03504343055389, -26.47041943450832], [-53.03289216832578, -26.47358822923545], [-53.02987039192452, -26.47823949709033], [-53.03092002868652, -26.47883221878068], [-53.03465087961664, -26.47306517064078], [-53.036091327667236, -26.471130056591974], [-53.03540188508305, -26.4708465122191], [-53.03504343055389, -26.47041943450832]]]}}, {"type": "Feature", "properties": {"cod_imovel": "SC-4215752-48F95B153B1D4579BFEE3315DDFB007D", "municipio": "Sao Bernardino", "num_area": 59.4873, "mod_fiscal": 2.9744, "des_condic": "Aguardando analise", "ind_status": "AT", "dat_atuali": "29/04/2015"}, "geometry": {"type": "Polygon", "coordinates": [[[-53.02511996084499, -26.45492574040374], [-53.02485219181317, -26.45707151656174], [-53.01867310382185, -26.45662899984791], [-53.0185794738404, -26.45901939246008], [-53.01948266598357, -26.46117496398891], [-53.02839376252902, -26.46209041946004], [-53.02768407714829, -26.46044653631715], [-53.02771109060636, -26.45981616414201], [-53.02820429930619, -26.45936773500278], [-53.02874252767868, -26.45924770057829], [-53.02899185054421, -26.45884814053395], [-53.02899224813932, -26.45754805453988], [-53.02988724564499, -26.45585513064272], [-53.02985582733708, -26.45531404159259], [-53.02511996084499, -26.45492574040374]]]}}, {"type": "Feature", "properties": {"cod_imovel": "SC-4215752-557B7ACB195349FCB29C6DE4DED9105B", "municipio": "Sao Bernardino", "num_area": 24.0425, "mod_fiscal": 1.2021, "des_condic": "Aguardando analise", "ind_status": "AT", "dat_atuali": "07/05/2015"}, "geometry": {"type": "Polygon", "coordinates": [[[-53.04424524307251, -26.46751889029779], [-53.04171323776245, -26.466654498578073], [-53.04012126770221, -26.46931188005964], [-53.03800106048584, -26.472359363941838], [-53.04130288846999, -26.47407158502325], [-53.043386936187744, -26.470957184192564], [-53.04223671198784, -26.47047687946409], [-53.04424524307251, -26.46751889029779]]]}}, {"type": "Feature", "properties": {"cod_imovel": "SC-4215752-61A868A8564D4624B2C2CF95E8779DBA", "municipio": "Sao Bernardino", "num_area": 12.2036, "mod_fiscal": 0.6102, "des_condic": "Aguardando analise", "ind_status": "AT", "dat_atuali": "10/04/2015"}, "geometry": {"type": "Polygon", "coordinates": [[[-53.0545322684749, -26.493592690580737], [-53.051426880905396, -26.491618949546975], [-53.04903496045581, -26.491580932857463], [-53.04827416184249, -26.492385429319373], [-53.05342985983039, -26.49521363112459], [-53.0545322684749, -26.493592690580737]]]}}, {"type": "Feature", "properties": {"cod_imovel": "SC-4215752-6CDD2A2D2DA341DF89E23795E9FFC0CF", "municipio": "Sao Bernardino", "num_area": 4.9905, "mod_fiscal": 0.2495, "des_condic": "Aguardando analise", "ind_status": "AT", "dat_atuali": "30/04/2015"}, "geometry": {"type": "Polygon", "coordinates": [[[-53.002960681915276, -26.482961594615826], [-52.99847705709956, -26.48162356316178], [-52.99843344877368, -26.48176551708968], [-52.99837956693496, -26.48209899056387], [-52.99907050107668, -26.48222787319811], [-52.99875536786356, -26.48250679999149], [-53.00015384229718, -26.48301175440068], [-53.00085521787861, -26.48352524508637], [-53.00285339355469, -26.48417156968018], [-53.002960681915276, -26.482961594615826]]]}}, {"type": "Feature", "properties": {"cod_imovel": "SC-4215752-6DE00A86DBE14132844C48935403A97D", "municipio": "Sao Bernardino", "num_area": 11.5158, "mod_fiscal": 0.5758, "des_condic": "Aguardando analise", "ind_status": "AT", "dat_atuali": "27/04/2015"}, "geometry": {"type": "Polygon", "coordinates": [[[-53.01280975341796, -26.4615448504695], [-53.01115268469929, -26.46153205860329], [-53.0094838142395, -26.461199076613944], [-53.0085825920105, -26.461333544347863], [-53.00833145660235, -26.46329755052646], [-53.01461219787598, -26.463465797419936], [-53.01424019345675, -26.46316975632541], [-53.013904094696045, -26.462294023593426], [-53.01313903547549, -26.46211236697567], [-53.01280975341796, -26.4615448504695]]]}}, {"type": "Feature", "properties": {"cod_imovel": "SC-4215752-747A6E5BDD054BAB8302637D940D600B", "municipio": "Sao Bernardino", "num_area": 18.1649, "mod_fiscal": 0.9082, "des_condic": "Aguardando analise", "ind_status": "AT", "dat_atuali": "28/04/2015"}, "geometry": {"type": "Polygon", "coordinates": [[[-53.0231614, -26.4384518547976], [-53.0220200027778, -26.4416400159086], [-53.0280455305556, -26.4423590686864], [-53.0289594777778, -26.4409853353531], [-53.0281994305556, -26.4408632853531], [-53.0280661222222, -26.4404653381309], [-53.0277150194444, -26.440317749242], [-53.0272102388889, -26.4395689770198], [-53.0268168277778, -26.4393586853531], [-53.0254644722222, -26.4392684797976], [-53.0245643416667, -26.4387871881309], [-53.0231614, -26.4384518547976]]]}}, {"type": "Feature", "properties": {"cod_imovel": "SC-4215752-79312FF558CB4B45A69FB3C0D053B6A8", "municipio": "Sao Bernardino", "num_area": 5.1427, "mod_fiscal": 0.2571, "des_condic": "Aguardando analise", "ind_status": "AT", "dat_atuali": "29/04/2015"}, "geometry": {"type": "Polygon", "coordinates": [[[-53.043386936187744, -26.456953657397012], [-53.04413041723769, -26.45662193756441], [-53.0439421688614, -26.45586602971022], [-53.04428161114073, -26.45507962312902], [-53.04114217475617, -26.45346607320872], [-53.0413660699702, -26.45487422663658], [-53.04222634973761, -26.45521878501242], [-53.043386936187744, -26.456953657397012]]]}}, {"type": "Feature", "properties": {"cod_imovel": "SC-4215752-7FEC64BA23A34779B93D98772110D104", "municipio": "Sao Bernardino", "num_area": 46.9362, "mod_fiscal": 2.3468, "des_condic": "Aguardando analise", "ind_status": "AT", "dat_atuali": "07/05/2015"}, "geometry": {"type": "Polygon", "coordinates": [[[-53.04924488067627, -26.475835927690895], [-53.05274248123169, -26.4699775690233], [-53.05157867664735, -26.46903492428104], [-53.05018901824951, -26.46922844591367], [-53.04924488067627, -26.468901903544786], [-53.04776430130005, -26.46874823622704], [-53.04355859756469, -26.475106050091757], [-53.048129081726074, -26.477449324898835], [-53.04924488067627, -26.475835927690895]]]}}, {"type": "Feature", "properties": {"cod_imovel": "SC-4215752-9BFD419485964082B61A63B8C3C9D817", "municipio": "Sao Bernardino", "num_area": 6.8282, "mod_fiscal": 0.3414, "des_condic": "Aguardando analise", "ind_status": "AT", "dat_atuali": "31/03/2015"}, "geometry": {"type": "Polygon", "coordinates": [[[-53.027143478393555, -26.470054401886994], [-53.02439188123474, -26.46888474161833], [-53.02296659150201, -26.46896686595643], [-53.02227258682251, -26.469554987355924], [-53.02613922391866, -26.47143382484826], [-53.027143478393555, -26.470054401886994]]]}}, {"type": "Feature", "properties": {"cod_imovel": "SC-4215752-9E8613F89EF148D0A4C4A093C6B62D5B", "municipio": "Sao Bernardino", "num_area": 12.2653, "mod_fiscal": 0.6133, "des_condic": "Aguardando analise", "ind_status": "AT", "dat_atuali": "28/04/2015"}, "geometry": {"type": "Polygon", "coordinates": [[[-53.01815278117118, -26.43225117618603], [-53.01553139217947, -26.43214581245205], [-53.01524997667337, -26.43664357820953], [-53.01738767622783, -26.43696656686815], [-53.01815278117118, -26.43225117618603]]]}}, {"type": "Feature", "properties": {"cod_imovel": "SC-4215752-A0BCA744697845068D8265D5662A7573", "municipio": "Sao Bernardino", "num_area": 14.5862, "mod_fiscal": 0.7293, "des_condic": "Aguardando analise", "ind_status": "AT", "dat_atuali": "09/03/2015"}, "geometry": {"type": "Polygon", "coordinates": [[[-52.99772500991821, -26.488358369273737], [-52.99656629562378, -26.48974113197956], [-53.00534248352051, -26.490797397842357], [-53.00637245178223, -26.489414647840434], [-52.99772500991821, -26.488358369273737]]]}}, {"type": "Feature", "properties": {"cod_imovel": "SC-4215752-A925C41B79CB4F75BA8A8C3AC21CE239", "municipio": "Sao Bernardino", "num_area": 15.7511, "mod_fiscal": 0.7876, "des_condic": "Aguardando analise", "ind_status": "AT", "dat_atuali": "26/08/2014"}, "geometry": {"type": "Polygon", "coordinates": [[[-53.02443981170654, -26.46675054242311], [-53.02433252334594, -26.468690610929983], [-53.02682161331177, -26.468594568704088], [-53.027915954589844, -26.469574195647194], [-53.02855968475342, -26.469535779061438], [-53.02918195724487, -26.46901715389844], [-53.030855655670166, -26.468729027797888], [-53.03199291229248, -26.468018313665432], [-53.03169250488281, -26.467749393659872], [-53.03021192550659, -26.467346012473243], [-53.02967548370361, -26.466731333660512], [-53.02443981170654, -26.46675054242311]]]}}, {"type": "Feature", "properties": {"cod_imovel": "SC-4215752-A9F2DD24A3964B5EB2C47F8C84166A8F", "municipio": "Sao Bernardino", "num_area": 12.2298, "mod_fiscal": 0.6115, "des_condic": "Aguardando analise", "ind_status": "AT", "dat_atuali": "14/07/2016"}, "geometry": {"type": "Polygon", "coordinates": [[[-52.99769704648625, -26.49990465292539], [-52.99551120391009, -26.50440370388383], [-52.99654645747859, -26.50464344967178], [-52.99695407504823, -26.50491405358222], [-53.00034463881219, -26.50093017144178], [-52.99887126400415, -26.50001468621141], [-52.99769704648625, -26.49990465292539]]]}}, {"type": "Feature", "properties": {"cod_imovel": "SC-4215752-A943C3145D41432F955171C2DAE8019C", "municipio": "Sao Bernardino", "num_area": 2.4126, "mod_fiscal": 0.1206, "des_condic": "Aguardando analise", "ind_status": "AT", "dat_atuali": "19/10/2018"}, "geometry": {"type": "Polygon", "coordinates": [[[-53.00582701654039, -26.41924715904638], [-53.00268619823502, -26.41897808916416], [-53.00348584704429, -26.42042023772335], [-53.00582701654039, -26.41924715904638]]]}}, {"type": "Feature", "properties": {"cod_imovel": "SC-4215752-B7142CFF031D4726BDB411EFB9FC42DB", "municipio": "Sao Bernardino", "num_area": 5.9929, "mod_fiscal": 0.2996, "des_condic": "Aguardando analise", "ind_status": "AT", "dat_atuali": "02/05/2016"}, "geometry": {"type": "Polygon", "coordinates": [[[-53.00449020713494, -26.45949760384755], [-53.001480102539055, -26.465040949997295], [-53.00227403640747, -26.465540384118228], [-53.00460430832963, -26.46074043853892], [-53.005211175117, -26.45981367157081], [-53.00449020713494, -26.45949760384755]]]}}, {"type": "Feature", "properties": {"cod_imovel": "SC-4215752-BC9BF585ED8043049D30188BFBC35A69", "municipio": "Sao Bernardino", "num_area": 18.1655, "mod_fiscal": 0.9083, "des_condic": "Aguardando analise", "ind_status": "AT", "dat_atuali": "22/12/2015"}, "geometry": {"type": "Polygon", "coordinates": [[[-52.99321475140974, -26.49279037744248], [-52.99347639083862, -26.49519520047232], [-52.99958573456102, -26.49570548678561], [-53.00091892257281, -26.49340650738635], [-52.99321475140974, -26.49279037744248]]]}}, {"type": "Feature", "properties": {"cod_imovel": "SC-4215752-C3407932570C4162AF86BFC6C336FA89", "municipio": "Sao Bernardino", "num_area": 10.6359, "mod_fiscal": 0.5318, "des_condic": "Aguardando analise", "ind_status": "AT", "dat_atuali": "28/04/2016"}, "geometry": {"type": "Polygon", "coordinates": [[[-53.012123107910156, -26.478774598534216], [-53.01064332041193, -26.47403282620476], [-53.0083680152893, -26.473780734192186], [-53.00922632217407, -26.475643855087448], [-53.01073222752479, -26.47972715764366], [-53.01083909242534, -26.47982607419234], [-53.01092863286944, -26.47889448462733], [-53.01128695941847, -26.47878134250744], [-53.01201208653284, -26.4789468886225], [-53.012123107910156, -26.478774598534216]]]}}, {"type": "Feature", "properties": {"cod_imovel": "SC-4215752-CA5EFAD118ED43609F81FB896C66E214", "municipio": "Sao Bernardino", "num_area": 12.1003, "mod_fiscal": 0.605, "des_condic": "Aguardando analise", "ind_status": "AT", "dat_atuali": "24/11/2015"}, "geometry": {"type": "Polygon", "coordinates": [[[-53.00954818725586, -26.449903226254133], [-53.01027774810791, -26.450786955181982], [-53.010385036468506, -26.4519204236626], [-53.01130771636963, -26.451728311145988], [-53.01656484603882, -26.45218938064745], [-53.016629219055176, -26.45049878345061], [-53.00954818725586, -26.449903226254133]]]}}, {"type": "Feature", "properties": {"cod_imovel": "SC-4215752-D0D033CC3FD64759A711801FE76FD6A0", "municipio": "Sao Bernardino", "num_area": 17.8228, "mod_fiscal": 0.8911, "des_condic": "Aguardando analise", "ind_status": "AT", "dat_atuali": "17/04/2015"}, "geometry": {"type": "Polygon", "coordinates": [[[-53.03012042253882, -26.47353496284932], [-53.031134605407715, -26.47401122501057], [-53.03224642456441, -26.472306085522], [-53.0334551799597, -26.47276826048052], [-53.03495407104492, -26.470515397991836], [-53.03279277178254, -26.46951609552952], [-53.03116424428115, -26.47193420915722], [-53.02709032302341, -26.47007088390845], [-53.026156425476074, -26.471360552720512], [-53.03022347749995, -26.47339147548588], [-53.03012042253882, -26.47353496284932]]]}}, {"type": "Feature", "properties": {"cod_imovel": "SC-4215752-D9209E4CAA8A42A399BC64BBD9E2ED61", "municipio": "Sao Bernardino", "num_area": 2.1005, "mod_fiscal": 0.105, "des_condic": "Aguardando analise", "ind_status": "AT", "dat_atuali": "12/03/2015"}, "geometry": {"type": "Polygon", "coordinates": [[[-53.04267883300781, -26.459912020356864], [-53.04449256087757, -26.46098770845578], [-53.04551124572754, -26.460507525786923], [-53.04363586164816, -26.45944236540045], [-53.04267883300781, -26.459912020356864]]]}}, {"type": "Feature", "properties": {"cod_imovel": "SC-4215752-DA3B223E65EF414A989EBE68A30F5CE8", "municipio": "Sao Bernardino", "num_area": 77.6543, "mod_fiscal": 3.8827, "des_condic": "Aguardando analise", "ind_status": "AT", "dat_atuali": "29/04/2015"}, "geometry": {"type": "Polygon", "coordinates": [[[-53.03118179854265, -26.45369831462533], [-53.03033106360742, -26.45362254145375], [-53.0300517408643, -26.45422876652389], [-53.02984931877933, -26.45529306265811], [-53.03381332638209, -26.4571531257372], [-53.035192767127, -26.45536083152349], [-53.03628067663437, -26.45595991053387], [-53.04072247136207, -26.44899352455994], [-53.03222310301976, -26.44479372791141], [-53.03182380388684, -26.44540110144801], [-53.03210386020133, -26.44677795120117], [-53.0322870504522, -26.44733635877676], [-53.03289600373179, -26.44790581929594], [-53.03297316380395, -26.44843455264695], [-53.03264556579145, -26.44869292049897], [-53.03071776111217, -26.44920894955403], [-53.03038232291184, -26.44980712396555], [-53.03040203090773, -26.45035687234745], [-53.03226689025765, -26.45068499981345], [-53.03267238925454, -26.45104112658909], [-53.032283435361, -26.45169131245367], [-53.03206066848801, -26.45325038218854], [-53.03118179854265, -26.45369831462533]]]}}, {"type": "Feature", "properties": {"cod_imovel": "SC-4215752-E082571A79004978ABE7A5C6182DBC09", "municipio": "Sao Bernardino", "num_area": 15.1343, "mod_fiscal": 0.7567, "des_condic": "Aguardando analise", "ind_status": "AT", "dat_atuali": "05/05/2015"}, "geometry": {"type": "Polygon", "coordinates": [[[-53.0072013777345, -26.49439271838898], [-53.00692076285294, -26.49418707960581], [-53.00643664745559, -26.49415536195717], [-53.00572988394165, -26.49455496543682], [-53.00350509745034, -26.49254372958557], [-53.00232471540127, -26.49242740504279], [-53.00156112944428, -26.49246990118416], [-53.00045396786706, -26.49399151491534], [-53.00262173173364, -26.49508866422791], [-53.00545258579651, -26.49681781428978], [-53.0072013777345, -26.49439271838898]]]}}, {"type": "Feature", "properties": {"cod_imovel": "SC-4215752-E14B1E3E65C94B709027A2C52B3DAC71", "municipio": "Sao Bernardino", "num_area": 12.2523, "mod_fiscal": 0.6126, "des_condic": "Aguardando analise", "ind_status": "AT", "dat_atuali": "15/04/2015"}, "geometry": {"type": "Polygon", "coordinates": [[[-53.01947910310403, -26.50371134861513], [-53.02275842183291, -26.50161162884297], [-53.02300606983887, -26.50107288196476], [-53.02293762391523, -26.50061535496286], [-53.02257299423218, -26.500207338037146], [-53.02097022300212, -26.49971717059684], [-53.01778284262245, -26.50194032519665], [-53.01947910310403, -26.50371134861513]]]}}, {"type": "Feature", "properties": {"cod_imovel": "SC-4215752-E4ED7F8AF0FA47A8B41D58CCC4053CCE", "municipio": "Sao Bernardino", "num_area": 4.7794, "mod_fiscal": 0.239, "des_condic": "Aguardando analise", "ind_status": "AT", "dat_atuali": "23/06/2015"}, "geometry": {"type": "Polygon", "coordinates": [[[-53.0473635222222, -26.4934340909076], [-53.0501127416667, -26.4949397297965], [-53.0508041972222, -26.4937852409076], [-53.048273775, -26.4923858631298], [-53.0478806888889, -26.4927253881298], [-53.0475079277778, -26.4926295853521], [-53.0473347694444, -26.4929850214632], [-53.0473635222222, -26.4934340909076]]]}}, {"type": "Feature", "properties": {"cod_imovel": "SC-4215752-E70E036F7667436AA1E891AED96623F3", "municipio": "Sao Bernardino", "num_area": 21.0696, "mod_fiscal": 1.0535, "des_condic": "Aguardando analise", "ind_status": "AT", "dat_atuali": "05/05/2016"}, "geometry": {"type": "Polygon", "coordinates": [[[-53.0077227416667, -26.4455729214641], [-53.0081924722222, -26.4460562186863], [-53.0085032111111, -26.4467087575752], [-53.0085896861111, -26.4479717131307], [-53.0088777555556, -26.4482477992418], [-53.0155231361111, -26.4488190659085], [-53.0156916138889, -26.4473309547974], [-53.0154852972222, -26.4471596297974], [-53.0146471194444, -26.4471866159085], [-53.0136354055556, -26.4477275603529], [-53.0129933555556, -26.4476973381307], [-53.0120376388889, -26.447023585353], [-53.01250895, -26.4450881270197], [-53.0072185361111, -26.4444154242419], [-53.0077227416667, -26.4455729214641]]]}}, {"type": "Feature", "properties": {"cod_imovel": "SC-4215752-F6B0A9F7189D4D2B9B4163E2E4355F5D", "municipio": "Sao Bernardino", "num_area": 11.6136, "mod_fiscal": 0.5807, "des_condic": "Aguardando analise", "ind_status": "AT", "dat_atuali": "07/05/2015"}, "geometry": {"type": "Polygon", "coordinates": [[[-53.02881717681885, -26.50183959618808], [-53.02356004714966, -26.498959124983916], [-53.02329878222466, -26.49934167567113], [-53.02334859981617, -26.49990198199415], [-53.02288307150112, -26.50144521486713], [-53.02357346188278, -26.50099193755533], [-53.02736425174498, -26.50323655258722], [-53.02881717681885, -26.50183959618808]]]}}, {"type": "Feature", "properties": {"cod_imovel": "SC-4215752-FBBFD9FEF3FB445AA1B2862A56E732A8", "municipio": "Sao Bernardino", "num_area": 6.5132, "mod_fiscal": 0.3257, "des_condic": "Aguardando analise", "ind_status": "AT", "dat_atuali": "24/04/2015"}, "geometry": {"type": "Polygon", "coordinates": [[[-53.004698753356934, -26.46552117515365], [-53.00583600997925, -26.46580930928566], [-53.00729513168335, -26.45977755096244], [-53.00647974014282, -26.46006569947243], [-53.00598621368408, -26.461237495982516], [-53.004698753356934, -26.46552117515365]]]}}, {"type": "Feature", "properties": {"cod_imovel": "SC-4215752-95B01BE8D5294072A31C9C84E7AD7B7E", "municipio": "Sao Bernardino", "num_area": 14.2841, "mod_fiscal": 0.7142, "des_condic": "Aguardando analise", "ind_status": "AT", "dat_atuali": "04/03/2016"}, "geometry": {"type": "Polygon", "coordinates": [[[-53.01791667938232, -26.49771089837329], [-53.01300899838495, -26.49480442411044], [-53.0127193377536, -26.49519275504764], [-53.01262863581322, -26.49565662440054], [-53.01274019628674, -26.49614581581102], [-53.01301450829199, -26.49656758657321], [-53.01355309851077, -26.49692645736498], [-53.01352540292846, -26.49729862878756], [-53.01387282734982, -26.49788819051168], [-53.01414411966235, -26.49890222112969], [-53.01499438161615, -26.50043847046944], [-53.01791667938232, -26.49771089837329]]]}}, {"type": "Feature", "properties": {"cod_imovel": "SC-4215752-3CF26950D6934D778F67119D8F71341D", "municipio": "Sao Bernardino", "num_area": 14.5884, "mod_fiscal": 0.7294, "des_condic": "Aguardando analise", "ind_status": "AT", "dat_atuali": "21/11/2014"}, "geometry": {"type": "Polygon", "coordinates": [[[-53.0261281219195, -26.42736073021421], [-53.02663521472872, -26.42688870676095], [-53.02227258682251, -26.42346506984092], [-53.01959037780762, -26.42630899984701], [-53.02511772382326, -26.42737936279808], [-53.0261281219195, -26.42736073021421]]]}}, {"type": "Feature", "properties": {"cod_imovel": "SC-4215752-25DA8BCBB0DF428DBB7009E0A22AEB85", "municipio": "Sao Bernardino", "num_area": 25.1721, "mod_fiscal": 1.2586, "des_condic": "Aguardando analise", "ind_status": "AT", "dat_atuali": "21/11/2014"}, "geometry": {"type": "Polygon", "coordinates": [[[-53.024632930755615, -26.432726800297225], [-53.025491237640374, -26.427519570387442], [-53.0213713645935, -26.42678938650341], [-53.020362854003906, -26.43203507850771], [-53.024632930755615, -26.432726800297225]]]}}, {"type": "Feature", "properties": {"cod_imovel": "SC-4215752-07C730ED93534E6A936855C9571756A6", "municipio": "Sao Bernardino", "num_area": 13.3651, "mod_fiscal": 0.6683, "des_condic": "Aguardando analise", "ind_status": "AT", "dat_atuali": "01/03/2016"}, "geometry": {"type": "Polygon", "coordinates": [[[-53.01980495452881, -26.45535918349643], [-53.010642528533936, -26.454244959712955], [-53.0105996131897, -26.454456278845242], [-53.010835647583, -26.455551289955572], [-53.0194616317749, -26.456723132415373], [-53.01980495452881, -26.45535918349643]]]}}, {"type": "Feature", "properties": {"cod_imovel": "SC-4215752-1631797A09454E0FB3E6802624BA538B", "municipio": "Sao Bernardino", "num_area": 10.0399, "mod_fiscal": 0.502, "des_condic": "Aguardando analise", "ind_status": "AT", "dat_atuali": "18/12/2014"}, "geometry": {"type": "Polygon", "coordinates": [[[-53.03377389907837, -26.45722260262555], [-53.03757190704346, -26.458817050720164], [-53.03845167160034, -26.458010224323697], [-53.03900957107544, -26.45722260262555], [-53.035383224487305, -26.455378394156767], [-53.03377389907837, -26.45722260262555]]]}}, {"type": "Feature", "properties": {"cod_imovel": "SC-4215752-14A126868A904179861BEFBAADA852DF", "municipio": "Sao Bernardino", "num_area": 13.5064, "mod_fiscal": 0.6753, "des_condic": "Aguardando analise", "ind_status": "AT", "dat_atuali": "23/02/2015"}, "geometry": {"type": "Polygon", "coordinates": [[[-53.0194616317749, -26.498575056701537], [-53.021178245544434, -26.49957363156596], [-53.02094221115112, -26.499804070687084], [-53.023109436035156, -26.500226541208995], [-53.02334191065731, -26.49991105718967], [-53.0234283389879, -26.49861876356332], [-53.02323478917469, -26.49693097270744], [-53.02338841973707, -26.4959663287772], [-53.02254485966525, -26.49558230045518], [-53.021671772003174, -26.495540872149355], [-53.0194616317749, -26.498575056701537]]]}}, {"type": "Feature", "properties": {"cod_imovel": "SC-4215752-98B09727868E4371873F1C18D71B1F81", "municipio": "Sao Bernardino", "num_area": 24.0831, "mod_fiscal": 1.2042, "des_condic": "Aguardando analise", "ind_status": "AT", "dat_atuali": "23/02/2015"}, "geometry": {"type": "Polygon", "coordinates": [[[-53.00931208076116, -26.48181559813634], [-53.00732322252294, -26.47760912021052], [-53.00663006921689, -26.47837103681066], [-53.00322256057393, -26.47318674125606], [-53.00023644653285, -26.47278390104902], [-53.00780296757459, -26.48229841775719], [-53.00931208076116, -26.48181559813634]]]}}, {"type": "Feature", "properties": {"cod_imovel": "SC-4215752-2A471FB2CA2E4F49A6C7E3EDFB02FBCF", "municipio": "Sao Bernardino", "num_area": 7.2954, "mod_fiscal": 0.3648, "des_condic": "Aguardando analise", "ind_status": "AT", "dat_atuali": "21/12/2017"}, "geometry": {"type": "Polygon", "coordinates": [[[-53.00404706128122, -26.47325774677483], [-53.00565880524941, -26.46652241467113], [-53.00479184426956, -26.46633514496481], [-53.00302505493164, -26.473223712808057], [-53.00404706128122, -26.47325774677483]]]}}, {"type": "Feature", "properties": {"cod_imovel": "SC-4215752-B937CC94BD834597A01FF9CDF218F5E9", "municipio": "Sao Bernardino", "num_area": 13.8769, "mod_fiscal": 0.6938, "des_condic": "Aguardando analise", "ind_status": "AT", "dat_atuali": "05/05/2015"}, "geometry": {"type": "Polygon", "coordinates": [[[-53.00588132249567, -26.46593722074528], [-53.002939224243164, -26.466097442696313], [-53.00178050994873, -26.469362904266827], [-53.00459146499633, -26.470784311533414], [-53.00588132249567, -26.46593722074528]]]}}, {"type": "Feature", "properties": {"cod_imovel": "SC-4215752-00806E95A0B74122883BDA6244260C1C", "municipio": "Sao Bernardino", "num_area": 3.0098, "mod_fiscal": 0.1505, "des_condic": "Aguardando analise", "ind_status": "AT", "dat_atuali": "18/05/2015"}, "geometry": {"type": "Polygon", "coordinates": [[[-53.02079449267126, -26.46249478697721], [-53.01871061325073, -26.462313233096587], [-53.01857654730563, -26.4636534029224], [-53.02072763442993, -26.463715518168822], [-53.02079449267126, -26.46249478697721]]]}}, {"type": "Feature", "properties": {"cod_imovel": "SC-4215752-032C26B00019467FB9A09487B6EB4DB1", "municipio": "Sao Bernardino", "num_area": 9.3186, "mod_fiscal": 0.4659, "des_condic": "Aguardando analise", "ind_status": "AT", "dat_atuali": "18/05/2015"}, "geometry": {"type": "Polygon", "coordinates": [[[-53.00656557083129, -26.47840966963625], [-53.00740242004394, -26.477679808367018], [-53.00637245178223, -26.47543257485326], [-53.005750179290764, -26.473358166492513], [-53.00328254699706, -26.473166089752322], [-53.00656557083129, -26.47840966963625]]]}}, {"type": "Feature", "properties": {"cod_imovel": "SC-4215752-D77B94A14FCE402DB6C5C1EABA13AD3C", "municipio": "Sao Bernardino", "num_area": 5.0364, "mod_fiscal": 0.2518, "des_condic": "Aguardando analise", "ind_status": "AT", "dat_atuali": "22/09/2015"}, "geometry": {"type": "Polygon", "coordinates": [[[-53.03067564456423, -26.46362120873879], [-53.03126381838202, -26.46333344319206], [-53.028881549835205, -26.461275915338266], [-53.02775980375596, -26.45970576775841], [-53.02758878709778, -26.46026600117096], [-53.02786612597611, -26.46120673491545], [-53.02823897698477, -26.46191789556738], [-53.02913471378925, -26.46254985172829], [-53.02901183170273, -26.46373699824511], [-53.03067564456423, -26.46362120873879]]]}}, {"type": "Feature", "properties": {"cod_imovel": "SC-4215752-F9D77030B84545C2893CCDEBE01E9E42", "municipio": "Sao Bernardino", "num_area": 31.065, "mod_fiscal": 1.5533, "des_condic": "Aguardando analise", "ind_status": "AT", "dat_atuali": "26/05/2022"}, "geometry": {"type": "Polygon", "coordinates": [[[-53.0345588611111, -26.4626191103526], [-53.0345799277778, -26.4623708797971], [-53.0344158777778, -26.4622886353527], [-53.033996925, -26.4624988853527], [-53.0337579222222, -26.4623332714638], [-53.033250925, -26.4626766409082], [-53.0329919555556, -26.4626826020193], [-53.0329124194444, -26.4630549131304], [-53.0321198194444, -26.4630006214638], [-53.0318554694444, -26.4638095242415], [-53.031626675, -26.4640350131304], [-53.03020355, -26.4645332270193], [-53.0288106388889, -26.4642699492415], [-53.0285853361111, -26.4645884492415], [-53.0285986805556, -26.4650108409082], [-53.0292870361111, -26.4657457909081], [-53.0300597166667, -26.4671112186859], [-53.0308912722222, -26.4675137242414], [-53.0318924055556, -26.4677376881303], [-53.0319270722222, -26.4680086936859], [-53.0317280194444, -26.4683074270192], [-53.0311948416667, -26.4686676436859], [-53.0327777, -26.469516179797], [-53.0366799583333, -26.4634859547971], [-53.0364421388889, -26.463169093686], [-53.0359270888889, -26.4635497381304], [-53.0354512638889, -26.4635314297971], [-53.0353198972222, -26.4632910575749], [-53.0350115055556, -26.4632142297971], [-53.0352608916667, -26.4629165603526], [-53.0349868583333, -26.4625781159082], [-53.0345588611111, -26.4626191103526]]]}}, {"type": "Feature", "properties": {"cod_imovel": "SC-4215752-66F17781DAD3484CB029ABB405236612", "municipio": "Sao Bernardino", "num_area": 10.6562, "mod_fiscal": 0.5328, "des_condic": "Aguardando analise", "ind_status": "AT", "dat_atuali": "01/10/2015"}, "geometry": {"type": "Polygon", "coordinates": [[[-53.02379608154297, -26.493543643667014], [-53.022894859313965, -26.494811119611942], [-53.02222967147827, -26.494638282806054], [-53.02381753921509, -26.497269214940722], [-53.02570581436157, -26.498805497824986], [-53.02712202072143, -26.49822939414996], [-53.02545742518746, -26.49617798109699], [-53.02379608154297, -26.493543643667014]]]}}, {"type": "Feature", "properties": {"cod_imovel": "SC-4215752-C93248AC67874F73B096A23874D3EFDE", "municipio": "Sao Bernardino", "num_area": 27.0676, "mod_fiscal": 1.3662, "des_condic": "Aguardando analise", "ind_status": "AT", "dat_atuali": "17/06/2024"}, "geometry": {"type": "Polygon", "coordinates": [[[-53.00223994622084, -26.42600168223522], [-52.99910677486525, -26.42094981294529], [-52.99627112295997, -26.42343986754669], [-52.99921822559583, -26.4293349954634], [-52.99977154484578, -26.42862819557436], [-52.99979574782074, -26.42813288934688], [-53.00015894568133, -26.42773675355406], [-53.00165841541047, -26.42687964350814], [-53.00223994622084, -26.42600168223522]]]}}, {"type": "Feature", "properties": {"cod_imovel": "SC-4215752-EF09EE2D3B2F45D9B17E009A33D7C4D1", "municipio": "Sao Bernardino", "num_area": 14.1548, "mod_fiscal": 0.7077, "des_condic": "Aguardando analise", "ind_status": "AT", "dat_atuali": "03/06/2024"}, "geometry": {"type": "Polygon", "coordinates": [[[-53.01258516270946, -26.46084900010155], [-53.01325684312151, -26.46214504220671], [-53.01391943214986, -26.46242588943324], [-53.01437753900287, -26.46333629923402], [-53.01540616819838, -26.46243380593602], [-53.01576183510573, -26.46044101716328], [-53.01498286528309, -26.45855353106334], [-53.01254651554411, -26.45817426392034], [-53.01091510425131, -26.45879306415666], [-53.01116167256426, -26.46007368219093], [-53.01268138736, -26.45996481223722], [-53.01396256451941, -26.45968468175009], [-53.01418628793365, -26.46050741212335], [-53.01258516270946, -26.46084900010155]]]}}, {"type": "Feature", "properties": {"cod_imovel": "SC-4215752-2871FFE06E1F4A619545E5DE396BE284", "municipio": "Sao Bernardino", "num_area": 15.0513, "mod_fiscal": 0.7526, "des_condic": "Aguardando analise", "ind_status": "AT", "dat_atuali": "10/08/2021"}, "geometry": {"type": "Polygon", "coordinates": [[[-52.99609422683716, -26.430478689303058], [-53.00186634063721, -26.438414133164873], [-53.002424240112305, -26.439490083484056], [-53.00233840942383, -26.439394016899755], [-53.002424240112305, -26.4395092967913], [-53.00257444381714, -26.439547723396196], [-53.002445697784424, -26.439605363279483], [-53.00325590248036, -26.43961597590124], [-52.99788774908096, -26.42979136744951], [-52.99731731414795, -26.42976773909379], [-52.99676716547617, -26.43023871386962], [-52.99662483864106, -26.4301323487956], [-52.99641390883535, -26.43023802745168], [-52.99609422683716, -26.430478689303058]]]}}, {"type": "Feature", "properties": {"cod_imovel": "SC-4215752-17CF2ABBB6AF4A1882E0E481105ACE37", "municipio": "Sao Bernardino", "num_area": 4.0739, "mod_fiscal": 0.213, "des_condic": "Aguardando analise", "ind_status": "AT", "dat_atuali": "20/07/2021"}, "geometry": {"type": "Polygon", "coordinates": [[[-52.99960375490932, -26.4217605225529], [-53.00119406247801, -26.42106577642853], [-52.99977883602186, -26.41897405074231], [-52.99865727492706, -26.41934280669604], [-52.99960375490932, -26.4217605225529]]]}}, {"type": "Feature", "properties": {"cod_imovel": "SC-4215752-9CF804C41A8D4816A0B909EBAD95722A", "municipio": "Sao Bernardino", "num_area": 12.0434, "mod_fiscal": 0.6022, "des_condic": "Aguardando analise", "ind_status": "AT", "dat_atuali": "14/04/2021"}, "geometry": {"type": "Polygon", "coordinates": [[[-52.98934702778393, -26.44060504696483], [-53.00037098237807, -26.44163352741318], [-53.00036501035233, -26.44101732844812], [-52.9894947248164, -26.43924864272027], [-52.98934702778393, -26.44060504696483]]]}}, {"type": "Feature", "properties": {"cod_imovel": "SC-4215752-09B9EC348A1F446BB1424824C54F2B89", "municipio": "Sao Bernardino", "num_area": 24.2399, "mod_fiscal": 1.212, "des_condic": "Aguardando analise", "ind_status": "AT", "dat_atuali": "14/07/2021"}, "geometry": {"type": "Polygon", "coordinates": [[[-53.01069833536857, -26.47412277418205], [-53.01232684473813, -26.4789061109214], [-53.01340191055735, -26.47890714954056], [-53.01396810100913, -26.47872725704086], [-53.01495370092267, -26.47770473954331], [-53.01512948836278, -26.47734986839236], [-53.01504636670359, -26.47644141597524], [-53.01529493347965, -26.47514779607402], [-53.01587957930596, -26.47599424868136], [-53.01651423324632, -26.47645362635895], [-53.01784446670537, -26.47591335391257], [-53.01876026863306, -26.47658019477495], [-53.01979584125431, -26.47589906289393], [-53.01997418190704, -26.47551949062822], [-53.01982767656434, -26.47493047456915], [-53.01069833536857, -26.47412277418205]]]}}, {"type": "Feature", "properties": {"cod_imovel": "SC-4215752-59F81DA6E9C947C2B8253FE9D6605E05", "municipio": "Sao Bernardino", "num_area": 11.5303, "mod_fiscal": 0.5765, "des_condic": "Aguardando analise", "ind_status": "AT", "dat_atuali": "24/06/2021"}, "geometry": {"type": "Polygon", "coordinates": [[[-53.00199508666992, -26.42653958569188], [-53.00490854437919, -26.43108235843625], [-53.00686597824097, -26.430517118919177], [-53.00295519937196, -26.4253486399601], [-53.00229549407958, -26.425732533217097], [-53.00199508666992, -26.42653958569188]]]}}, {"type": "Feature", "properties": {"cod_imovel": "SC-4215752-C60DD0652707402689B5C3FC2162E5D1", "municipio": "Sao Bernardino", "num_area": 10.502, "mod_fiscal": 0.5251, "des_condic": "Aguardando analise", "ind_status": "AT", "dat_atuali": "23/07/2021"}, "geometry": {"type": "Polygon", "coordinates": [[[-52.997210025787346, -26.487340491655573], [-53.00472021102905, -26.488492805266635], [-53.00392627716064, -26.48780141848582], [-53.00371170043945, -26.487417312922265], [-53.003690242767334, -26.486956384552247], [-52.997424602508545, -26.485919288964045], [-52.997210025787346, -26.487340491655573]]]}}, {"type": "Feature", "properties": {"cod_imovel": "SC-4215752-F7FBDA8428354013ABF95DB9035AEE90", "municipio": "Sao Bernardino", "num_area": 28.7259, "mod_fiscal": 1.4363, "des_condic": "Aguardando analise", "ind_status": "AT", "dat_atuali": "02/08/2019"}, "geometry": {"type": "Polygon", "coordinates": [[[-53.00785303115845, -26.470073610094907], [-53.018174171447754, -26.47139896869705], [-53.01876425743103, -26.470515397991836], [-53.019236326217644, -26.470208067460483], [-53.01872134208679, -26.469747070124384], [-53.01818490028381, -26.469919944341854], [-53.01822781562805, -26.469190029212488], [-53.01798105239868, -26.468882695141307], [-53.00800323486328, -26.467672559257146], [-53.00785303115845, -26.470073610094907]]]}}, {"type": "Feature", "properties": {"cod_imovel": "SC-4215752-69E09F5F737445E7A8A48B443A54E593", "municipio": "Sao Bernardino", "num_area": 14.4767, "mod_fiscal": 0.7238, "des_condic": "Aguardando analise", "ind_status": "AT", "dat_atuali": "08/09/2014"}, "geometry": {"type": "Polygon", "coordinates": [[[-52.99935579299927, -26.428922279083135], [-53.00602912902832, -26.439912775503444], [-53.00740242004394, -26.44010490772691], [-52.99991919941219, -26.42800170834594], [-52.99935579299927, -26.428922279083135]]]}}, {"type": "Feature", "properties": {"cod_imovel": "SC-4215752-5CD55BA99C5441C981B58D8DE8980149", "municipio": "Sao Bernardino", "num_area": 5.039, "mod_fiscal": 0.2519, "des_condic": "Aguardando analise", "ind_status": "AT", "dat_atuali": "21/10/2019"}, "geometry": {"type": "Polygon", "coordinates": [[[-53.03153525982995, -26.4595094264233], [-53.02888644845105, -26.4583962130447], [-53.02893904892571, -26.45883082472046], [-53.027894496917725, -26.4596622913565], [-53.03031921386719, -26.460968560133217], [-53.03153525982995, -26.4595094264233]]]}}, {"type": "Feature", "properties": {"cod_imovel": "SC-4215752-A3133662E79842A1A85BD4240F7EE9A4", "municipio": "Sao Bernardino", "num_area": 13.355, "mod_fiscal": 0.6678, "des_condic": "Aguardando analise", "ind_status": "AT", "dat_atuali": "19/04/2016"}, "geometry": {"type": "Polygon", "coordinates": [[[-53.0178576194444, -26.4522809270195], [-53.0202111861111, -26.4525536603528], [-53.0209073111111, -26.4504540686862], [-53.0166063944444, -26.4489160325751], [-53.0158342472222, -26.451833371464], [-53.0178576194444, -26.4522809270195]]]}}, {"type": "Feature", "properties": {"cod_imovel": "SC-4215752-F4020974EF1640C19E31C2D58B80F0CC", "municipio": "Sao Bernardino", "num_area": 21.3837, "mod_fiscal": 1.0692, "des_condic": "Aguardando analise", "ind_status": "AT", "dat_atuali": "18/05/2016"}, "geometry": {"type": "Polygon", "coordinates": [[[-53.024117946624756, -26.44725199878431], [-53.01931674069025, -26.44559295078678], [-53.01828535287782, -26.44930586825366], [-53.02391365038473, -26.45060854308422], [-53.024117946624756, -26.44725199878431]]]}}, {"type": "Feature", "properties": {"cod_imovel": "SC-4215752-1AC699F092B24D5DAED5FC275BE2F043", "municipio": "Sao Bernardino", "num_area": 34.41, "mod_fiscal": 1.7205, "des_condic": "Aguardando analise", "ind_status": "AT", "dat_atuali": "28/12/2017"}, "geometry": {"type": "Polygon", "coordinates": [[[-53.0032301888889, -26.4255247131312], [-53.0072409972222, -26.4303778631311], [-53.0112076333333, -26.4362450964643], [-53.01525695, -26.4366646575754], [-53.0153751583333, -26.4357447853532], [-53.00664305, -26.4274591409089], [-53.0037534111111, -26.4249804520201], [-53.0032301888889, -26.4255247131312]]]}}, {"type": "Feature", "properties": {"cod_imovel": "SC-4215752-B825ACE568924400BB3EBF75BA3333C2", "municipio": "Sao Bernardino", "num_area": 10.0763, "mod_fiscal": 0.5038, "des_condic": "Aguardando analise", "ind_status": "AT", "dat_atuali": "28/12/2017"}, "geometry": {"type": "Polygon", "coordinates": [[[-53.0048703888889, -26.4310972909088], [-53.0077273222222, -26.4352384909087], [-53.0095178111111, -26.4343127936865], [-53.0067311388889, -26.43055830202], [-53.0058860111111, -26.4310120853533], [-53.0048703888889, -26.4310972909088]]]}}, {"type": "Feature", "properties": {"cod_imovel": "SC-4215752-7E545BC6DAAE4C09AB47691C6138E7D5", "municipio": "Sao Bernardino", "num_area": 85.2711, "mod_fiscal": 4.3504, "des_condic": "Aguardando analise", "ind_status": "AT", "dat_atuali": "08/02/2016"}, "geometry": {"type": "Polygon", "coordinates": [[[-53.0175208, -26.4087249020204], [-53.0086390333333, -26.413516768687], [-53.0088887666667, -26.4172006464647], [-53.0071565, -26.4178716409091], [-53.0082306777778, -26.4223383242423], [-53.0099156805556, -26.4212340020201], [-53.0209780083333, -26.4100690909093], [-53.0199711277778, -26.4069144020204], [-53.0191784972222, -26.4078549686871], [-53.0188045166667, -26.4081456047982], [-53.0186104055556, -26.408124407576], [-53.0182607777778, -26.4090081353537], [-53.0179129138889, -26.4090593575759], [-53.0175208, -26.4087249020204]]]}}, {"type": "Feature", "properties": {"cod_imovel": "SC-4215752-E7F3CC71E76C4C5AAD75BE92909A6825", "municipio": "Sao Bernardino", "num_area": 12.1401, "mod_fiscal": 0.607, "des_condic": "Aguardando analise", "ind_status": "AT", "dat_atuali": "01/09/2014"}, "geometry": {"type": "Polygon", "coordinates": [[[-53.0371463913914, -26.47169869626083], [-53.03600549697875, -26.47116847264547], [-53.03096294403076, -26.478793805286248], [-53.03197145462036, -26.479350799700065], [-53.0371463913914, -26.47169869626083]]]}}, {"type": "Feature", "properties": {"cod_imovel": "SC-4215752-CA21E7F7B18D4FED8D0845A1F1C51261", "municipio": "Sao Bernardino", "num_area": 21.4157, "mod_fiscal": 1.0708, "des_condic": "Aguardando analise", "ind_status": "AT", "dat_atuali": "17/04/2015"}, "geometry": {"type": "Polygon", "coordinates": [[[-53.03114831596547, -26.46852727509499], [-53.03180368188614, -26.4680390375751], [-53.0316011459319, -26.46765859961089], [-53.03051524596653, -26.46735778133348], [-53.0298316666125, -26.46684074611627], [-53.02905321121216, -26.465828518202137], [-53.024482727050774, -26.466212695858577], [-53.02429550999947, -26.46704121628478], [-53.02421335313328, -26.46887871706332], [-53.02625158340246, -26.46899794497069], [-53.02810778677947, -26.46962662745685], [-53.02879093695083, -26.46918059511113], [-53.0298570239392, -26.46908952176858], [-53.03114831596547, -26.46852727509499]]]}}, {"type": "Feature", "properties": {"cod_imovel": "SC-4215752-B9839FBAAFE9433B9663662F9D3F8C45", "municipio": "Sao Bernardino", "num_area": 12.1074, "mod_fiscal": 0.6054, "des_condic": "Aguardando analise", "ind_status": "AT", "dat_atuali": "17/10/2014"}, "geometry": {"type": "Polygon", "coordinates": [[[-53.00956439866107, -26.44977767538964], [-53.01656484603882, -26.4504411490178], [-53.016672134399414, -26.448885008429745], [-53.00900894976353, -26.44823683050219], [-53.00956439866107, -26.44977767538964]]]}}, {"type": "Feature", "properties": {"cod_imovel": "SC-4215752-79750F4339F044E896DE0B9EFFE99061", "municipio": "Sao Bernardino", "num_area": 25.5523, "mod_fiscal": 1.2776, "des_condic": "Aguardando analise", "ind_status": "AT", "dat_atuali": "16/10/2014"}, "geometry": {"type": "Polygon", "coordinates": [[[-53.01099224812926, -26.45150371715686], [-53.01129737806979, -26.45284692060662], [-53.01100975752587, -26.45324725924446], [-53.01067125142058, -26.45328992950138], [-53.01055669784546, -26.45389916393269], [-53.01999807357788, -26.455013391062312], [-53.02047743189793, -26.45249727550021], [-53.01099224812926, -26.45150371715686]]]}}, {"type": "Feature", "properties": {"cod_imovel": "SC-4215752-32752434F5F34832BACFB33B62385EDC", "municipio": "Sao Bernardino", "num_area": 12.0413, "mod_fiscal": 0.6021, "des_condic": "Aguardando analise", "ind_status": "AT", "dat_atuali": "12/09/2014"}, "geometry": {"type": "Polygon", "coordinates": [[[-53.00575930208614, -26.42444496961126], [-53.00682306289673, -26.42409919544615], [-53.00738096237182, -26.42235053759859], [-53.00617086341602, -26.41991978413973], [-53.00529200007031, -26.41955826406051], [-53.00345980117862, -26.4204059408569], [-53.00575930208614, -26.42444496961126]]]}}, {"type": "Feature", "properties": {"cod_imovel": "SC-4215752-A416006FA1FA427794E8F54749481920", "municipio": "Sao Bernardino", "num_area": 13.3014, "mod_fiscal": 0.6651, "des_condic": "Aguardando analise", "ind_status": "AT", "dat_atuali": "01/10/2014"}, "geometry": {"type": "Polygon", "coordinates": [[[-53.00633068455738, -26.49968831420034], [-53.00929006801193, -26.49550404486118], [-53.00726308293671, -26.49433078414293], [-53.00429105758667, -26.49840222555571], [-53.00633068455738, -26.49968831420034]]]}}, {"type": "Feature", "properties": {"cod_imovel": "SC-4215752-1620FB9AE7D843B8888A077A1E8239FF", "municipio": "Sao Bernardino", "num_area": 9.7492, "mod_fiscal": 0.4875, "des_condic": "Aguardando analise", "ind_status": "AT", "dat_atuali": "12/01/2017"}, "geometry": {"type": "Polygon", "coordinates": [[[-53.02085638046265, -26.437434241097076], [-53.02195072174072, -26.432284867410576], [-53.020362854003906, -26.432073507604926], [-53.019118309020996, -26.437261318102482], [-53.02085638046265, -26.437434241097076]]]}}, {"type": "Feature", "properties": {"cod_imovel": "SC-4215752-25255BE5249C403BA9E88EA2DC264E41", "municipio": "Sao Bernardino", "num_area": 6.3477, "mod_fiscal": 0.3174, "des_condic": "Aguardando analise", "ind_status": "AT", "dat_atuali": "30/03/2022"}, "geometry": {"type": "Polygon", "coordinates": [[[-53.00175905227661, -26.492410585158012], [-53.00223112106323, -26.492429789632563], [-52.99903392791748, -26.49093183098328], [-52.99809552816134, -26.49165613352627], [-52.99800395965576, -26.49277546962583], [-53.00096874220529, -26.49339976108763], [-53.00175905227661, -26.492410585158012]]]}}, {"type": "Feature", "properties": {"cod_imovel": "SC-4215752-2F6AA79CB0C541AEAF1FDC908B68F705", "municipio": "Sao Bernardino", "num_area": 40.3047, "mod_fiscal": 2.0152, "des_condic": "Aguardando analise", "ind_status": "AT", "dat_atuali": "06/11/2014"}, "geometry": {"type": "Polygon", "coordinates": [[[-53.01978349685669, -26.47479873182254], [-53.01963610971478, -26.47392027363058], [-53.01996003136292, -26.47287765132613], [-53.0196023185528, -26.47266383725899], [-53.01782881358299, -26.47252236241447], [-53.01770276969391, -26.47196107598891], [-53.01802396774292, -26.471610256338714], [-53.00778865814209, -26.470188859275027], [-53.00787448883056, -26.473684696214903], [-53.01978349685669, -26.47479873182254]]]}}, {"type": "Feature", "properties": {"cod_imovel": "SC-4215752-CC0825F4F40D4C1EBAF8344C0385A563", "municipio": "Sao Bernardino", "num_area": 9.3766, "mod_fiscal": 0.4688, "des_condic": "Aguardando analise", "ind_status": "AT", "dat_atuali": "25/02/2015"}, "geometry": {"type": "Polygon", "coordinates": [[[-53.03867327820844, -26.45219688197993], [-53.04466615163922, -26.45528222307227], [-53.04542254149985, -26.45493596195975], [-53.04564938895226, -26.45441695275321], [-53.03916862956602, -26.45114539122529], [-53.03867327820844, -26.45219688197993]]]}}, {"type": "Feature", "properties": {"cod_imovel": "SC-4215752-1CF0A0EFF9C641A7ACECA6246CBD0A95", "municipio": "Sao Bernardino", "num_area": 12.5512, "mod_fiscal": 0.6276, "des_condic": "Aguardando analise", "ind_status": "AT", "dat_atuali": "10/12/2014"}, "geometry": {"type": "Polygon", "coordinates": [[[-53.01519155502319, -26.500418572750984], [-53.01695000381702, -26.5008896053059], [-53.01691030950644, -26.50110805183287], [-53.01780939102173, -26.501916407765137], [-53.02100658416748, -26.499535225000848], [-53.01793813705444, -26.497787712710025], [-53.01519155502319, -26.500418572750984]]]}}, {"type": "Feature", "properties": {"cod_imovel": "SC-4215752-C4EF5F966DEA492DB17666BB179D0B7A", "municipio": "Sao Bernardino", "num_area": 10.686, "mod_fiscal": 0.5343, "des_condic": "Aguardando analise", "ind_status": "AT", "dat_atuali": "26/04/2016"}, "geometry": {"type": "Polygon", "coordinates": [[[-53.047356720833335, -26.493436949166668], [-53.046016047777776, -26.493585787222223], [-53.045839193611116, -26.493827054722225], [-53.04543950805555, -26.493935230555557], [-53.051905098333336, -26.4975231825], [-53.05269933361111, -26.496362826944445], [-53.047356720833335, -26.493436949166668]]]}}, {"type": "Feature", "properties": {"cod_imovel": "SC-4215752-F07C5BA2CFF142C392C25280AF5D9BF0", "municipio": "Sao Bernardino", "num_area": 10.6863, "mod_fiscal": 0.5343, "des_condic": "Aguardando analise", "ind_status": "AT", "dat_atuali": "12/04/2016"}, "geometry": {"type": "Polygon", "coordinates": [[[-53.0473635222222, -26.4934340909076], [-53.0460681583333, -26.4935696464631], [-53.0458459722222, -26.4938242020187], [-53.0454462611111, -26.4939323742409], [-53.0519118805556, -26.4975203159075], [-53.052706175, -26.4963600047964], [-53.0473635222222, -26.4934340909076]]]}}, {"type": "Feature", "properties": {"cod_imovel": "SC-4215752-E387FD3D8ACD43598DE3AD971389768B", "municipio": "Sao Bernardino", "num_area": 10.622, "mod_fiscal": 0.5311, "des_condic": "Aguardando analise", "ind_status": "AT", "dat_atuali": "23/02/2015"}, "geometry": {"type": "Polygon", "coordinates": [[[-53.02918275384542, -26.501824520071], [-53.02969694137573, -26.501455537532554], [-53.02715095762601, -26.49825250033598], [-53.02567879003622, -26.49879574740336], [-53.02328109741211, -26.497192400257436], [-53.023409843444824, -26.498767091003167], [-53.02918275384542, -26.501824520071]]]}}, {"type": "Feature", "properties": {"cod_imovel": "SC-4215752-1CC5A7E9682249B38F57178D759B66C1", "municipio": "Sao Bernardino", "num_area": 2.3311, "mod_fiscal": 0.1166, "des_condic": "Aguardando analise", "ind_status": "AT", "dat_atuali": "06/03/2015"}, "geometry": {"type": "Polygon", "coordinates": [[[-53.04248440465531, -26.46186248391052], [-53.04492906305006, -26.46312812426546], [-53.04542580905311, -26.4623990128581], [-53.04345304111356, -26.46142466796325], [-53.04248440465531, -26.46186248391052]]]}}, {"type": "Feature", "properties": {"cod_imovel": "SC-4215752-ABA62512968F449EA054C591759ABD5A", "municipio": "Sao Bernardino", "num_area": 14.1362, "mod_fiscal": 0.7068, "des_condic": "Aguardando analise", "ind_status": "AT", "dat_atuali": "08/07/2019"}, "geometry": {"type": "Polygon", "coordinates": [[[-53.0165180666667, -26.4257562631312], [-53.0158032333333, -26.4322825242421], [-53.0179245055556, -26.4322310936866], [-53.0184559055556, -26.4259887853534], [-53.0165180666667, -26.4257562631312]]]}}, {"type": "Feature", "properties": {"cod_imovel": "SC-4215752-8E8A306167FF4C8295EC95A7C50A744E", "municipio": "Sao Bernardino", "num_area": 24.2002, "mod_fiscal": 1.21, "des_condic": "Aguardando analise", "ind_status": "AT", "dat_atuali": "27/02/2015"}, "geometry": {"type": "Polygon", "coordinates": [[[-53.02450418472289, -26.432861301274226], [-53.0204701423645, -26.431977434837858], [-53.019375801086426, -26.437165249660016], [-53.023409843444824, -26.438068289857146], [-53.02450418472289, -26.432861301274226]]]}}, {"type": "Feature", "properties": {"cod_imovel": "SC-4215752-8A0D5AC1EEA549E8A79FD0C18163E5DB", "municipio": "Sao Bernardino", "num_area": 12.9268, "mod_fiscal": 0.6463, "des_condic": "Aguardando analise", "ind_status": "AT", "dat_atuali": "09/07/2019"}, "geometry": {"type": "Polygon", "coordinates": [[[-53.019118309020996, -26.456511817443406], [-53.009634017944336, -26.455512868689375], [-53.0093765258789, -26.456703921979408], [-53.01881790161133, -26.457741280935018], [-53.019118309020996, -26.456511817443406]]]}}, {"type": "Feature", "properties": {"cod_imovel": "SC-4215752-D25F0BE1B9424EB694847DBFA6BB04EC", "municipio": "Sao Bernardino", "num_area": 108.0925, "mod_fiscal": 5.4046, "des_condic": "Aguardando analise", "ind_status": "AT", "dat_atuali": "10/05/2019"}, "geometry": {"type": "Polygon", "coordinates": [[[-53.03954601287842, -26.501762784559663], [-53.03053379058838, -26.490778193095103], [-53.027873039245605, -26.494350220885394], [-53.026885986328125, -26.493927728762568], [-53.02626371383667, -26.493966137201546], [-53.024139404296875, -26.493236374666544], [-53.023881912231445, -26.493505235086868], [-53.03353786468505, -26.505833730109092], [-53.03954601287842, -26.501762784559663]]]}}, {"type": "Feature", "properties": {"cod_imovel": "SC-4215752-1EDCC8DB7CF04D6D9ABA0E913C0BADF2", "municipio": "Sao Bernardino", "num_area": 54.7269, "mod_fiscal": 2.7363, "des_condic": "Aguardando analise", "ind_status": "AT", "dat_atuali": "10/05/2019"}, "geometry": {"type": "Polygon", "coordinates": [[[-53.03315391519299, -26.44517930991965], [-53.04056018742418, -26.4488883627625], [-53.04223147827469, -26.44616245785838], [-53.0381743803526, -26.44402283866789], [-53.03396632277445, -26.44316265653631], [-53.02225112915039, -26.441603528074147], [-53.02328109741211, -26.444062760248205], [-53.03315391519299, -26.44517930991965]]]}}, {"type": "Feature", "properties": {"cod_imovel": "SC-4215752-9E46EEDD92534001ACA3210049C283D9", "municipio": "Sao Bernardino", "num_area": 19.3732, "mod_fiscal": 0.9687, "des_condic": "Aguardando analise", "ind_status": "AT", "dat_atuali": "09/03/2022"}, "geometry": {"type": "Polygon", "coordinates": [[[-53.02523374557495, -26.48096414760826], [-53.027443885803216, -26.477737429161902], [-53.0230327302433, -26.47552554375039], [-53.0227952868598, -26.47611995456702], [-53.02187633246923, -26.47693727630428], [-53.02268314398356, -26.47739315512793], [-53.021671772003174, -26.479062699477943], [-53.023989200592034, -26.480445573962907], [-53.02523374557495, -26.48096414760826]]]}}, {"type": "Feature", "properties": {"cod_imovel": "SC-4215752-09DB4A35853F4B58A792F8167B8FDCEE", "municipio": "Sao Bernardino", "num_area": 11.0874, "mod_fiscal": 0.5544, "des_condic": "Aguardando analise", "ind_status": "AT", "dat_atuali": "13/05/2019"}, "geometry": {"type": "Polygon", "coordinates": [[[-53.02985532670771, -26.4782524467397], [-53.03228107407745, -26.47459187466741], [-53.03025484085082, -26.473588658157468], [-53.02770137786865, -26.477276461994624], [-53.02985532670771, -26.4782524467397]]]}}, {"type": "Feature", "properties": {"cod_imovel": "SC-4215752-BD99D284EE0541CEA56A541FE78DE0BF", "municipio": "Sao Bernardino", "num_area": 28.1795, "mod_fiscal": 1.409, "des_condic": "Aguardando analise", "ind_status": "AT", "dat_atuali": "23/07/2015"}, "geometry": {"type": "Polygon", "coordinates": [[[-52.99929141998291, -26.428922279083135], [-53.004183769226074, -26.436377485410844], [-53.00628662109375, -26.4398743490203], [-53.00877571105957, -26.439989628431274], [-53.00551823064041, -26.43536667397272], [-53.00057356982149, -26.42750477915535], [-53.00008132362557, -26.42786132335671], [-52.99929141998291, -26.428922279083135]]]}}, {"type": "Feature", "properties": {"cod_imovel": "SC-4215752-81060ECEE283441D8C1134079646E413", "municipio": "Sao Bernardino", "num_area": 10.0657, "mod_fiscal": 0.5033, "des_condic": "Aguardando analise", "ind_status": "AT", "dat_atuali": "27/09/2019"}, "geometry": {"type": "Polygon", "coordinates": [[[-53.03452491760253, -26.459988859940296], [-53.03533101544392, -26.4593231540221], [-53.03525031474785, -26.45919036950327], [-53.036670684814446, -26.45852889908481], [-53.03407430648804, -26.457145761195793], [-53.03248643875122, -26.458817050720164], [-53.030383586883545, -26.460238588232237], [-53.0314483631512, -26.46123597797732], [-53.03300445508253, -26.45962177426137], [-53.03452491760253, -26.459988859940296]]]}}, {"type": "Feature", "properties": {"cod_imovel": "SC-4215752-A83A0F91815449A792CA8A5D80FE1E42", "municipio": "Sao Bernardino", "num_area": 7.2564, "mod_fiscal": 0.3628, "des_condic": "Aguardando analise", "ind_status": "AT", "dat_atuali": "15/01/2015"}, "geometry": {"type": "Polygon", "coordinates": [[[-53.02428492863518, -26.43869887285199], [-53.025362491607666, -26.433207160208593], [-53.02431106567383, -26.432765229163813], [-53.023152351379395, -26.43833727918619], [-53.02344670774634, -26.43856325224975], [-53.02428492863518, -26.43869887285199]]]}}, {"type": "Feature", "properties": {"cod_imovel": "SC-4215752-73F0FB1E32A44E81B1B1B3ABD84EDD12", "municipio": "Sao Bernardino", "num_area": 7.362, "mod_fiscal": 0.3681, "des_condic": "Aguardando analise", "ind_status": "AT", "dat_atuali": "23/11/2022"}, "geometry": {"type": "Polygon", "coordinates": [[[-53.049888610839844, -26.458701790152563], [-53.04679870605469, -26.46016174881549], [-53.04900884628296, -26.461986671106807], [-53.050832748413086, -26.460065699472445], [-53.049888610839844, -26.458701790152563]]]}}, {"type": "Feature", "properties": {"cod_imovel": "SC-4215752-38E8928B29D84BCE81CA97733F54BE5C", "municipio": "Sao Bernardino", "num_area": 15.1305, "mod_fiscal": 0.7565, "des_condic": "Aguardando analise", "ind_status": "AT", "dat_atuali": "26/03/2015"}, "geometry": {"type": "Polygon", "coordinates": [[[-53.00019060026716, -26.43639487596188], [-52.99609422683716, -26.430651622474716], [-52.99576432860693, -26.43094341953643], [-52.995171546936035, -26.432457797872374], [-53.00161369267504, -26.43955390341084], [-53.00269147367157, -26.4396319210249], [-53.00019060026716, -26.43639487596188]]]}}, {"type": "Feature", "properties": {"cod_imovel": "SC-4215752-4725577765D24F46A05880451F3F7B11", "municipio": "Sao Bernardino", "num_area": 16.5139, "mod_fiscal": 0.8257, "des_condic": "Aguardando analise", "ind_status": "AT", "dat_atuali": "28/04/2015"}, "geometry": {"type": "Polygon", "coordinates": [[[-53.00750120116522, -26.46786451469584], [-53.0089569339963, -26.45929206918031], [-53.00728262049358, -26.45972752071077], [-53.00554525992774, -26.46715328689685], [-53.00750120116522, -26.46786451469584]]]}}, {"type": "Feature", "properties": {"cod_imovel": "SC-4215752-3EC41D769966491B9EC3878A54DE9A78", "municipio": "Sao Bernardino", "num_area": 10.4563, "mod_fiscal": 0.5228, "des_condic": "Aguardando analise", "ind_status": "AT", "dat_atuali": "09/09/2015"}, "geometry": {"type": "Polygon", "coordinates": [[[-52.99699512577637, -26.48771763761209], [-52.99696899847218, -26.48899707655059], [-53.00010579576748, -26.48946679671919], [-53.00515353137134, -26.48914389312236], [-53.00469580229122, -26.48860912652822], [-53.0034973600598, -26.48834001541514], [-52.99699512577637, -26.48771763761209]]]}}, {"type": "Feature", "properties": {"cod_imovel": "SC-4215752-7E451259232C4544AECB8068D4C94983", "municipio": "Sao Bernardino", "num_area": 5.9906, "mod_fiscal": 0.3293, "des_condic": "Aguardando analise", "ind_status": "AT", "dat_atuali": "10/10/2018"}, "geometry": {"type": "Polygon", "coordinates": [[[-53.06276321411133, -26.48357618671566], [-53.066019856944, -26.481459284722003], [-53.066271112778, -26.477858458056], [-53.066838864444, -26.476919984167], [-53.067544837222, -26.476387581389], [-53.068251425278, -26.476116036667], [-53.070338683056, -26.475614394167], [-53.071228193611, -26.47500976], [-53.071777811667, -26.474371502222], [-53.071416093889, -26.474191504167003], [-53.070849123056, -26.474833607500003], [-53.070100165556, -26.475322074444], [-53.067632296389, -26.475943845], [-53.066611475833, -26.476622495278], [-53.066080151944, -26.477348560556], [-53.065816185833, -26.478155135833], [-53.065733569444, -26.480940091944], [-53.06529521942139, -26.48150192521529], [-53.06353569030762, -26.482462236116273], [-53.06276321411133, -26.48357618671566]]]}}, {"type": "Feature", "properties": {"cod_imovel": "SC-4215752-49BE2C1F1E5B434AB55C2277CAE0F8B7", "municipio": "Sao Bernardino", "num_area": 12.4632, "mod_fiscal": 0.6232, "des_condic": "Aguardando analise", "ind_status": "AT", "dat_atuali": "09/11/2020"}, "geometry": {"type": "Polygon", "coordinates": [[[-53.0002355645688, -26.465501949644693], [-52.99621037934157, -26.47223037396562], [-52.99800395965576, -26.472455403025418], [-52.998905181884766, -26.471034016402147], [-53.001394271850586, -26.46603981607189], [-53.0002355645688, -26.465501949644693]]]}}, {"type": "Feature", "properties": {"cod_imovel": "SC-4215752-6EED7E15B15E484283FC82D8CD721A26", "municipio": "Sao Bernardino", "num_area": 25.1695, "mod_fiscal": 1.2585, "des_condic": "Aguardando analise", "ind_status": "AT", "dat_atuali": "05/08/2020"}, "geometry": {"type": "Polygon", "coordinates": [[[-53.04722785949707, -26.468882695141296], [-53.04437398910522, -26.46771097646493], [-53.0404257774353, -26.47349262001986], [-53.043344020843506, -26.475106050091757], [-53.04722785949707, -26.468882695141296]]]}}, {"type": "Feature", "properties": {"cod_imovel": "SC-4215752-7E66BCAB209747E4AD3B587A3234CC8F", "municipio": "Sao Bernardino", "num_area": 27.0601, "mod_fiscal": 1.353, "des_condic": "Aguardando analise", "ind_status": "AT", "dat_atuali": "24/11/2020"}, "geometry": {"type": "Polygon", "coordinates": [[[-53.0118475361111, -26.4265339186867], [-53.0125954444444, -26.4315945575755], [-53.0152712055556, -26.4319339797977], [-53.0149281, -26.4353229714643], [-53.0153751583333, -26.4357447853532], [-53.0165180666667, -26.4257562631312], [-53.0118475361111, -26.4265339186867]]]}}, {"type": "Feature", "properties": {"cod_imovel": "SC-4215752-C14ABFF23F204A7989A716FB31A39CCD", "municipio": "Sao Bernardino", "num_area": 9.6603, "mod_fiscal": 0.483, "des_condic": "Aguardando analise", "ind_status": "AT", "dat_atuali": "12/05/2020"}, "geometry": {"type": "Polygon", "coordinates": [[[-53.02529811859131, -26.471110848560418], [-53.023254224969, -26.47061136624416], [-53.01981912479331, -26.47269682827017], [-53.01993719038509, -26.47299691873598], [-53.01961403877053, -26.47391871238998], [-53.019719123840325, -26.47479873182254], [-53.02529811859131, -26.471110848560418]]]}}, {"type": "Feature", "properties": {"cod_imovel": "SC-4215752-39D5A8C715D5481E850CCFF0625FBCC9", "municipio": "Sao Bernardino", "num_area": 21.9613, "mod_fiscal": 1.0981, "des_condic": "Aguardando analise", "ind_status": "AT", "dat_atuali": "28/12/2017"}, "geometry": {"type": "Polygon", "coordinates": [[[-53.033240651389, -26.483604137778], [-53.034579212222, -26.484647183333], [-53.036146136111, -26.484897796944], [-53.037540705, -26.484159629722], [-53.038094623889, -26.484061882222], [-53.038573723611, -26.484317446111], [-53.039522804444005, -26.485352380278005], [-53.04170396, -26.486388599722], [-53.042429491389, -26.485256295833], [-53.033698140278005, -26.480380000833], [-53.033240651389, -26.483604137778]]]}}, {"type": "Feature", "properties": {"cod_imovel": "SC-4215752-1864848D352C401CA7C0884C6AD4ABF5", "municipio": "Sao Bernardino", "num_area": 11.7887, "mod_fiscal": 0.5894, "des_condic": "Aguardando analise", "ind_status": "AT", "dat_atuali": "13/01/2020"}, "geometry": {"type": "Polygon", "coordinates": [[[-53.03188511394058, -26.45336426225921], [-53.0253475445207, -26.45285753765895], [-53.02501298689529, -26.4549136005481], [-53.02983271629553, -26.45529441913202], [-53.03002022782064, -26.4542570390412], [-53.03035490482438, -26.45356428695114], [-53.0311751521631, -26.45369661091932], [-53.03188511394058, -26.45336426225921]]]}}, {"type": "Feature", "properties": {"cod_imovel": "SC-4215752-979B079727A94625B0C7EA4D9D8C323E", "municipio": "Sao Bernardino", "num_area": 7.5183, "mod_fiscal": 0.3759, "des_condic": "Aguardando analise", "ind_status": "AT", "dat_atuali": "30/06/2020"}, "geometry": {"type": "Polygon", "coordinates": [[[-53.03822217633027, -26.46807851237562], [-53.04082819030291, -26.46357299031574], [-53.03971767425537, -26.46296635429679], [-53.03697964407124, -26.467641929419198], [-53.03822217633027, -26.46807851237562]]]}}, {"type": "Feature", "properties": {"cod_imovel": "SC-4215752-C10E57E464074565999A0F5E9A486606", "municipio": "Sao Bernardino", "num_area": 3.2073, "mod_fiscal": 0.1604, "des_condic": "Aguardando analise", "ind_status": "AT", "dat_atuali": "13/05/2019"}, "geometry": {"type": "Polygon", "coordinates": [[[-53.03227186203003, -26.472244116935737], [-53.0310728677028, -26.47393068568073], [-53.032357692718506, -26.474568242581903], [-53.03351640701294, -26.4728203508119], [-53.03227186203003, -26.472244116935737]]]}}, {"type": "Feature", "properties": {"cod_imovel": "SC-4215752-A3150E185FF344918BE5A37A295089DA", "municipio": "Sao Bernardino", "num_area": 12.525, "mod_fiscal": 0.6417, "des_condic": "Aguardando analise", "ind_status": "AT", "dat_atuali": "07/03/2018"}, "geometry": {"type": "Polygon", "coordinates": [[[-53.00010362091228, -26.42258185459891], [-53.00214077719067, -26.42558710637874], [-53.00293211619636, -26.4253597057152], [-53.00307971519102, -26.42563439223216], [-53.00347731912136, -26.42513425703645], [-53.00316222348486, -26.42489999751544], [-53.00169745679975, -26.42236809438776], [-53.00124406814575, -26.421255210933648], [-53.00008535385132, -26.419295126724034], [-52.999420166015625, -26.41846880673142], [-52.99834728240966, -26.418853142348183], [-52.99896955490112, -26.420544203845512], [-53.00010362091228, -26.42258185459891]]]}}, {"type": "Feature", "properties": {"cod_imovel": "SC-4215752-25BED509D70F4848B79D0623050E94B5", "municipio": "Sao Bernardino", "num_area": 2.584, "mod_fiscal": 0.1292, "des_condic": "Aguardando analise", "ind_status": "AT", "dat_atuali": "08/07/2019"}, "geometry": {"type": "Polygon", "coordinates": [[[-53.0181359722222, -26.4296593325755], [-53.0179245055556, -26.4322310936866], [-53.0186359833333, -26.4323204047977], [-53.0189301916667, -26.4320828742421], [-53.0193793055556, -26.4310795881311], [-53.0181359722222, -26.4296593325755]]]}}, {"type": "Feature", "properties": {"cod_imovel": "SC-4215752-1B729D8754074980B5C8E3AE50A8CE74", "municipio": "Sao Bernardino", "num_area": 10.6556, "mod_fiscal": 0.5328, "des_condic": "Aguardando analise", "ind_status": "AT", "dat_atuali": "02/08/2019"}, "geometry": {"type": "Polygon", "coordinates": [[[-53.02084565162659, -26.469900736108293], [-53.02125334739685, -26.466731333660512], [-53.01835656166077, -26.46644320183688], [-53.01799178123474, -26.469324487610525], [-53.018141984939575, -26.46993915257221], [-53.01889300346374, -26.469766278383595], [-53.01921486854553, -26.4701120265011], [-53.01983714103699, -26.46984311138838], [-53.02084565162659, -26.469900736108293]]]}}]}