{"type": "FeatureCollection", "features": [{"type": "Feature", "properties": {"cod_imovel": "SC-4210704-AA938A485BBD48C490F12F4B8EE33412", "municipio": "Matos Costa", "num_area": 11.6037, "mod_fiscal": 0.7252, "des_condic": "Aguardando analise", "ind_status": "AT", "dat_atuali": "12/12/2025"}, "geometry": {"type": "Polygon", "coordinates": [[[-51.285149959070864, -26.420913239679617], [-51.28279136255664, -26.423427322539684], [-51.28424748597434, -26.425163571342576], [-51.283454615767724, -26.428175307475428], [-51.28425959934131, -26.428486854784158], [-51.28605955833488, -26.42160501953024], [-51.285149959070864, -26.420913239679617]]]}}, {"type": "Feature", "properties": {"cod_imovel": "SC-4210704-D7B6E6ECD8184AE8898D9E5111D6437F", "municipio": "Matos Costa", "num_area": 31.3311, "mod_fiscal": 1.9582, "des_condic": "Analisado, aguardando atendimento a notificacao", "ind_status": "AT", "dat_atuali": "19/04/2016"}, "geometry": {"type": "Polygon", "coordinates": [[[-51.27284140324634, -26.44378145934035], [-51.268858909606934, -26.45074853232612], [-51.27791404724121, -26.452861770361345], [-51.27742115629777, -26.45217568455358], [-51.2757223083233, -26.45087828701992], [-51.27348133288561, -26.44735977826388], [-51.27303408333753, -26.44604545556062], [-51.27340437638315, -26.4444240586729], [-51.27284140324634, -26.44378145934035]]]}}, {"type": "Feature", "properties": {"cod_imovel": "SC-4210704-C6E8C6F3EA3B4D44BBC1E40C5739A2C4", "municipio": "Matos Costa", "num_area": 32.1376, "mod_fiscal": 2.0086, "des_condic": "Aguardando analise", "ind_status": "AT", "dat_atuali": "29/09/2025"}, "geometry": {"type": "Polygon", "coordinates": [[[-51.274997713889, -26.423286805278], [-51.279630660278, -26.42485822], [-51.2849501175, -26.420140443333], [-51.282297296944, -26.418252699444], [-51.282381633889, -26.417961188333], [-51.281784994444, -26.417678392222], [-51.281883022778, -26.417437183889], [-51.282576643889, -26.417231180556], [-51.282504645, -26.417067755], [-51.281113838611, -26.417451403056], [-51.280706612222, -26.417292134722], [-51.280610068056, -26.417337198333], [-51.280825765833, -26.417594738889], [-51.2812295425, -26.417735854444], [-51.28096105666701, -26.418035507778], [-51.279453745556, -26.418274839722], [-51.2817764275, -26.420102224167], [-51.280081271389, -26.421716402500003], [-51.278321742222, -26.4217932675], [-51.277635096667, -26.421543455833], [-51.277377604722, -26.421159129167], [-51.276991366667, -26.4209285325], [-51.276036087778, -26.420908163333], [-51.27572536388901, -26.421505023333], [-51.2757807125, -26.421714249444], [-51.275607993611004, -26.421950738611], [-51.2753253225, -26.421927546111], [-51.275178193333, -26.422201612222], [-51.275178838056, -26.422521299722], [-51.275489344722, -26.422541970278], [-51.2754811675, -26.422695470556], [-51.274997713889, -26.423286805278]]]}}, {"type": "Feature", "properties": {"cod_imovel": "SC-4210704-02EE15B93A3441B4A742B3EBAABB5794", "municipio": "Matos Costa", "num_area": 7.2027, "mod_fiscal": 0.4502, "des_condic": "Aguardando analise", "ind_status": "AT", "dat_atuali": "08/09/2025"}, "geometry": {"type": "Polygon", "coordinates": [[[-51.25094175338745, -26.413943158513685], [-51.251070499420166, -26.410003490027776], [-51.24922513961792, -26.41116618667252], [-51.24916076660156, -26.414471640392645], [-51.25094175338745, -26.413943158513685]]]}}, {"type": "Feature", "properties": {"cod_imovel": "SC-4210704-F0F479552E0A49BA9F06B1469594733B", "municipio": "Matos Costa", "num_area": 4.6892, "mod_fiscal": 0.2931, "des_condic": "Aguardando analise", "ind_status": "AT", "dat_atuali": "06/03/2025"}, "geometry": {"type": "Polygon", "coordinates": [[[-51.29201683932417, -26.42818578860419], [-51.29230605000235, -26.42720352588908], [-51.29081372728861, -26.42655430989786], [-51.28995662087991, -26.4272748093578], [-51.29120389607088, -26.42780833496221], [-51.2910557426118, -26.42874226057871], [-51.29081266465033, -26.42863636922564], [-51.28964595416995, -26.42941702377827], [-51.29211865839208, -26.42969709943218], [-51.29201683932417, -26.42818578860419]]]}}, {"type": "Feature", "properties": {"cod_imovel": "SC-4210704-1148A669831D4FB080A15CC7FDEC248D", "municipio": "Matos Costa", "num_area": 39.0363, "mod_fiscal": 2.4391, "des_condic": "Aguardando analise", "ind_status": "AT", "dat_atuali": "19/02/2025"}, "geometry": {"type": "Polygon", "coordinates": [[[-51.29571059219002, -26.41720704170522], [-51.29437584744265, -26.41691266033584], [-51.28944990359857, -26.42582794601996], [-51.29123573205187, -26.42672325589491], [-51.29735437340484, -26.41928302335137], [-51.2988594991492, -26.4187721113054], [-51.29985002447838, -26.41815714187411], [-51.30004777624487, -26.41783555261644], [-51.29859853562702, -26.41734144062918], [-51.29814821902349, -26.41704151458872], [-51.29730095824449, -26.41695282036352], [-51.29571059219002, -26.41720704170522]]]}}, {"type": "Feature", "properties": {"cod_imovel": "SC-4210704-84DA017DD0554459B727865FA33FF232", "municipio": "Matos Costa", "num_area": 193.8828, "mod_fiscal": 12.1177, "des_condic": "Aguardando analise", "ind_status": "AT", "dat_atuali": "17/09/2024"}, "geometry": {"type": "Polygon", "coordinates": [[[-51.250913938239, -26.471918795252545], [-51.248817443847656, -26.46822960751466], [-51.240878105163574, -26.468383275524964], [-51.23806323827503, -26.472912275065827], [-51.23804569244385, -26.47883221878068], [-51.23889716785236, -26.4786350890269], [-51.2395704711986, -26.47866212309249], [-51.24141305191621, -26.479606283279104], [-51.241967891678726, -26.479668413163594], [-51.24229691161258, -26.479543207000994], [-51.2435150864126, -26.47739681469213], [-51.24418927272827, -26.477208262119664], [-51.24571306425455, -26.47751493484125], [-51.246111028012464, -26.47769461700619], [-51.24656278611356, -26.478196900089632], [-51.24752998352051, -26.47985017170896], [-51.24813090373858, -26.4804068903488], [-51.24921480592639, -26.4807375031307], [-51.24966180775581, -26.481060518543117], [-51.25003158552236, -26.481592675783467], [-51.25150999071857, -26.482472412876266], [-51.25244006395759, -26.482498148024938], [-51.25314137209716, -26.48403112093492], [-51.25363937883775, -26.48470633443132], [-51.25396302556185, -26.484843029981445], [-51.25597510980447, -26.48460797318077], [-51.256260058365726, -26.484232876731042], [-51.256023568318426, -26.48343701602903], [-51.256127348899966, -26.48310321002707], [-51.257279652335484, -26.482966919213357], [-51.25824717370067, -26.48221901756474], [-51.25874908759426, -26.48003015303561], [-51.25740671678713, -26.479302297350134], [-51.256386385660846, -26.478279318356027], [-51.25498424533863, -26.475573057801896], [-51.25437218002459, -26.475547070764463], [-51.25315405469053, -26.475946520588458], [-51.25182631415762, -26.47582696480557], [-51.250927612518225, -26.47533646383816], [-51.2497491916557, -26.47423696573183], [-51.24949340262638, -26.473677592578902], [-51.24960393457216, -26.473031810632097], [-51.249965825969966, -26.47248943382694], [-51.250913938239, -26.471918795252545]]]}}, {"type": "Feature", "properties": {"cod_imovel": "SC-4210704-DB7A57AAC5B04B558E16C336CD122C25", "municipio": "Matos Costa", "num_area": 9.7101, "mod_fiscal": 0.6069, "des_condic": "Aguardando analise", "ind_status": "AT", "dat_atuali": "05/11/2024"}, "geometry": {"type": "Polygon", "coordinates": [[[-51.2541925907135, -26.421149520968203], [-51.2527871131897, -26.420976573543093], [-51.25065743923187, -26.42109187185534], [-51.24980986118316, -26.42092853254564], [-51.248613595962524, -26.421456982416846], [-51.24855995178223, -26.42203347042346], [-51.24964356422424, -26.423858996763585], [-51.249901056289666, -26.42340742188569], [-51.25187516212463, -26.42246583453704], [-51.25205218791962, -26.422004646091576], [-51.254160404205315, -26.42233132143098], [-51.2541925907135, -26.421149520968203]]]}}, {"type": "Feature", "properties": {"cod_imovel": "SC-4210704-2C0145F274954A539AAA73E693639B8C", "municipio": "Matos Costa", "num_area": 10.014, "mod_fiscal": 0.6259, "des_condic": "Aguardando analise", "ind_status": "AT", "dat_atuali": "05/11/2024"}, "geometry": {"type": "Polygon", "coordinates": [[[-51.2714821100235, -26.418026819188718], [-51.27078205347061, -26.41739266019056], [-51.27050846815109, -26.417383051694085], [-51.2699693441391, -26.417767390929125], [-51.269545555114746, -26.42371487731385], [-51.271347999572754, -26.422561915230993], [-51.2714821100235, -26.418026819188718]]]}}, {"type": "Feature", "properties": {"cod_imovel": "SC-4210704-F51EAE79322F4C5F87D290FA0D583DEF", "municipio": "Matos Costa", "num_area": 5.2865, "mod_fiscal": 0.3304, "des_condic": "Aguardando analise", "ind_status": "AT", "dat_atuali": "18/10/2024"}, "geometry": {"type": "Polygon", "coordinates": [[[-51.28918835374143, -26.416370506122608], [-51.28992019489717, -26.415596825259023], [-51.28860933061501, -26.415160421811386], [-51.28696741979412, -26.41402537901758], [-51.2864211991949, -26.413830250591904], [-51.286411172590185, -26.41483962318493], [-51.28604410646098, -26.415394071467126], [-51.28722423223544, -26.416072009096744], [-51.28918835374143, -26.416370506122608]]]}}, {"type": "Feature", "properties": {"cod_imovel": "SC-4210704-4F742D4762FF4E47994097A138C4670E", "municipio": "Matos Costa", "num_area": 661.5365, "mod_fiscal": 1.1813, "des_condic": "Aguardando analise", "ind_status": "AT", "dat_atuali": "08/08/2024"}, "geometry": {"type": "Polygon", "coordinates": [[[-51.26538676349187, -26.434433294628782], [-51.260653251416095, -26.43425538677048], [-51.260182351699335, -26.434653684542894], [-51.258455827292394, -26.437764037477187], [-51.257932868811245, -26.438028074694728], [-51.25753925332309, -26.438858105191464], [-51.257066996110744, -26.439184893295337], [-51.257046167156034, -26.43988771457647], [-51.25636246284941, -26.440131051940508], [-51.256318270869, -26.44039827970005], [-51.25576646404917, -26.440878251950085], [-51.25522126163141, -26.441057884700175], [-51.25514773805524, -26.441401591652216], [-51.254404805139494, -26.44213509524806], [-51.254006120768715, -26.44354426359062], [-51.253376935047974, -26.444069817278987], [-51.25314231246571, -26.44492963784952], [-51.2522863096374, -26.44600206271998], [-51.25120217739854, -26.44629713582885], [-51.250753866590756, -26.44682349575126], [-51.249648848264115, -26.44745447902653], [-51.24950711269397, -26.44763753358386], [-51.24951823889353, -26.448378802617903], [-51.24815681479135, -26.448858354408475], [-51.247475460983466, -26.448903093049893], [-51.24694835086966, -26.44974432066017], [-51.24628187370846, -26.45024501382043], [-51.24579855755535, -26.449415480465987], [-51.245546167691934, -26.44933058798982], [-51.24545897270527, -26.449497363492796], [-51.24504758568056, -26.44945025966967], [-51.24441209442229, -26.44969226272467], [-51.24384166767888, -26.450130518182497], [-51.243710529559195, -26.449960621872275], [-51.24313987396432, -26.45009020654201], [-51.242976273794895, -26.449817652588184], [-51.24274720391532, -26.44985691731532], [-51.2423209965792, -26.450391816312816], [-51.241581332469714, -26.452898389740092], [-51.241562584943864, -26.456672291934574], [-51.241712396194586, -26.457889595134375], [-51.24145554874993, -26.45929490091524], [-51.24064079356489, -26.458263058308567], [-51.24021912583716, -26.458161681559204], [-51.23981821642837, -26.457835451539108], [-51.23943797504367, -26.457141217178624], [-51.23886839867301, -26.45655521133953], [-51.236866468062, -26.456476671623417], [-51.23636946988942, -26.456181545081808], [-51.23362968648306, -26.455466452348873], [-51.233427272396995, -26.455546654963502], [-51.233134109649036, -26.456246424983856], [-51.23281197193775, -26.456348667379956], [-51.22599689323339, -26.448457117282395], [-51.223517253408176, -26.447952339566058], [-51.22185897021422, -26.447115627023916], [-51.21965264081234, -26.449624599873445], [-51.21564445364407, -26.45027055925636], [-51.216008138258154, -26.45121683577516], [-51.216502838776755, -26.45188751149638], [-51.216568601081406, -26.452461220910475], [-51.215895123341504, -26.453294547567964], [-51.21522252454473, -26.454773127056193], [-51.21507418379774, -26.45571242857039], [-51.21432478512939, -26.456927889360745], [-51.214593945200384, -26.457182019849043], [-51.21583928931507, -26.457006096156633], [-51.218019294526464, -26.4574253368948], [-51.21886750324712, -26.458023130495107], [-51.2196507354592, -26.459418373347564], [-51.221795720668176, -26.460838194296397], [-51.222242054994375, -26.461097208690237], [-51.22335810094871, -26.461118799681838], [-51.22426075828214, -26.461432867157413], [-51.22561825854865, -26.463799622265352], [-51.22564954996526, -26.464716329129647], [-51.22891136422091, -26.464156728983173], [-51.23058685391963, -26.46467775048113], [-51.2313173753392, -26.46446104520874], [-51.231918030785764, -26.46456887623533], [-51.23180451670957, -26.464398478422513], [-51.23285417152795, -26.464204860322578], [-51.23336932994778, -26.4642302342072], [-51.234180811278186, -26.463669662634302], [-51.23541464434949, -26.46340039823411], [-51.236797230468156, -26.462786751880277], [-51.23794357660214, -26.462742379870065], [-51.23877857985164, -26.4624531238482], [-51.23941445043482, -26.46184287804299], [-51.23956424036238, -26.461397044215712], [-51.24005800871759, -26.460965710526292], [-51.24025979375383, -26.460496094940464], [-51.24054869343037, -26.46044737461681], [-51.24127583347809, -26.459711315925784], [-51.24198523421842, -26.459572424782206], [-51.24250880107582, -26.459650355895366], [-51.24302989502683, -26.4594723005732], [-51.24388390010219, -26.459976404687882], [-51.244745862995416, -26.459927531657225], [-51.2462268438288, -26.46036527747951], [-51.24845645445547, -26.46042885659379], [-51.248430579354974, -26.46018557013735], [-51.24866991035922, -26.460119903110193], [-51.25036025056606, -26.460461867455315], [-51.25120786584559, -26.46044117434643], [-51.251835333600226, -26.460674258939036], [-51.25206372553737, -26.461443375757657], [-51.25288823672249, -26.46194747133649], [-51.253212309680336, -26.46170336999942], [-51.25520438865235, -26.461130360858704], [-51.25609810591689, -26.460541003074706], [-51.25692275008734, -26.46057722935878], [-51.25774931838822, -26.460304258689867], [-51.25856392938967, -26.455142301828786], [-51.25837005013937, -26.452932151429962], [-51.263229180862766, -26.453689115110183], [-51.26450714456938, -26.44872388090588], [-51.26471978411469, -26.440013435866835], [-51.26538676349187, -26.434433294628782]]]}}, {"type": "Feature", "properties": {"cod_imovel": "SC-4210704-F6888396B06D4F599A8AA46AAC08C648", "municipio": "Matos Costa", "num_area": 64.2965, "mod_fiscal": 4.0185, "des_condic": "Aguardando analise", "ind_status": "AT", "dat_atuali": "03/09/2021"}, "geometry": {"type": "Polygon", "coordinates": [[[-51.25078422038535, -26.40436077320006], [-51.25089700256768, -26.415787277908], [-51.24868364816063, -26.41659599591614], [-51.24869673323269, -26.41855914734972], [-51.25386856978257, -26.4164449644822], [-51.25311569429127, -26.41507207774093], [-51.2548850622277, -26.41431182099929], [-51.25476596029138, -26.40082382074674], [-51.25415991679634, -26.40137952426675], [-51.25334273050442, -26.40178013276706], [-51.25296232310816, -26.40219555146728], [-51.25294367870825, -26.40341532576765], [-51.25204268401716, -26.40361894816793], [-51.25078422038535, -26.40436077320006]]]}}, {"type": "Feature", "properties": {"cod_imovel": "SC-4210704-92DB027777A9490A811A0C22E9DAA583", "municipio": "Matos Costa", "num_area": 27.8461, "mod_fiscal": 1.7404, "des_condic": "Aguardando analise", "ind_status": "AT", "dat_atuali": "07/10/2021"}, "geometry": {"type": "Polygon", "coordinates": [[[-51.276804, -26.418835], [-51.277646, -26.418687], [-51.278191, -26.418295], [-51.278618, -26.418335], [-51.278805, -26.417941], [-51.27918, -26.418169], [-51.28042291699219, -26.41803061340332], [-51.277115146972655, -26.414916], [-51.27010233544922, -26.416132], [-51.27014734130859, -26.417528606811523], [-51.270711916503906, -26.41732261315918], [-51.27146082397461, -26.417891948730468], [-51.272965971191404, -26.418482709228517], [-51.27440392333985, -26.41861431628418], [-51.276457, -26.418457], [-51.276804, -26.418835]]]}}, {"type": "Feature", "properties": {"cod_imovel": "SC-4210704-D9D76F129FAF46B3AF51B969649DDA6F", "municipio": "Matos Costa", "num_area": 35.5714, "mod_fiscal": 2.2232, "des_condic": "Aguardando analise", "ind_status": "AT", "dat_atuali": "27/06/2023"}, "geometry": {"type": "Polygon", "coordinates": [[[-51.26741172650459, -26.490289966750787], [-51.264733057989446, -26.499000941606738], [-51.266589014631826, -26.499725456740727], [-51.267306540493685, -26.49896052912793], [-51.26801239763689, -26.498678963237733], [-51.26915496272272, -26.497920858059732], [-51.27037854462014, -26.49792006488654], [-51.27219413435355, -26.497611639899123], [-51.2722802404565, -26.4973170668042], [-51.2725374343879, -26.49722815411263], [-51.27290142604068, -26.496326381301436], [-51.27220327954601, -26.49564760086604], [-51.27123950910128, -26.495032369964726], [-51.26940383875732, -26.494543184806304], [-51.2687996658298, -26.494084116547], [-51.26818323189161, -26.492834720125934], [-51.26802495987459, -26.491766726104874], [-51.26741172650459, -26.490289966750787]]]}}, {"type": "Feature", "properties": {"cod_imovel": "SC-4210704-526349275F154113A4C648720272D40A", "municipio": "Matos Costa", "num_area": 3.605, "mod_fiscal": 0.2253, "des_condic": "Aguardando analise", "ind_status": "AT", "dat_atuali": "14/10/2015"}, "geometry": {"type": "Polygon", "coordinates": [[[-51.273601055145264, -26.42062106968801], [-51.27327919006348, -26.421178345513844], [-51.27252817153931, -26.420947748947018], [-51.27224922180175, -26.42206229474813], [-51.27121925354004, -26.422023862313633], [-51.27113342285156, -26.42275407637874], [-51.27237796783447, -26.42279250856986], [-51.27342939376831, -26.42229288908615], [-51.27443790435791, -26.42110148004281], [-51.273601055145264, -26.42062106968801]]]}}, {"type": "Feature", "properties": {"cod_imovel": "SC-4210704-FC21B6B7807A41DA85D11A73C78ACFEB", "municipio": "Matos Costa", "num_area": 9.5702, "mod_fiscal": 0.5981, "des_condic": "Aguardando analise", "ind_status": "AT", "dat_atuali": "01/06/2015"}, "geometry": {"type": "Polygon", "coordinates": [[[-51.28186225891113, -26.41656632656706], [-51.28460884094238, -26.41485598932928], [-51.282055377960205, -26.413664503457145], [-51.27870798110962, -26.41531720636271], [-51.28186225891113, -26.41656632656706]]]}}, {"type": "Feature", "properties": {"cod_imovel": "SC-4210704-BEA0DB0876094654AFE2BB058CBBE521", "municipio": "Matos Costa", "num_area": 10.7279, "mod_fiscal": 0.6705, "des_condic": "Aguardando analise", "ind_status": "AT", "dat_atuali": "21/03/2016"}, "geometry": {"type": "Polygon", "coordinates": [[[-51.284823417663574, -26.41485598932928], [-51.28214120864868, -26.41658554369531], [-51.277291774749756, -26.415028945932935], [-51.280081272125244, -26.41779621632012], [-51.28031730651855, -26.417873083994223], [-51.2804889678955, -26.418276638442727], [-51.28100395202637, -26.417949951617093], [-51.28111124038696, -26.41764248081823], [-51.28085374832153, -26.417450311152678], [-51.281046867370605, -26.417238924150737], [-51.281819343566895, -26.417238924150737], [-51.28239870071411, -26.41704675381279], [-51.28267765045166, -26.417162056053993], [-51.28265619277954, -26.417354226199834], [-51.28209829330444, -26.41741187718113], [-51.2819480895996, -26.41754639602547], [-51.28199100494385, -26.417738565530925], [-51.282527446746826, -26.418007602300627], [-51.28297805786133, -26.418026819188732], [-51.283321380615234, -26.417719348594797], [-51.283106803894036, -26.416854583154638], [-51.28375053405762, -26.416681629288536], [-51.28415822982788, -26.416047462893935], [-51.28495216369629, -26.416335720778278], [-51.28574609756469, -26.417335009199647], [-51.28593921661377, -26.417200490108776], [-51.2856388092041, -26.416796931894748], [-51.28570318222046, -26.416124331733535], [-51.284823417663574, -26.41485598932928]]]}}, {"type": "Feature", "properties": {"cod_imovel": "SC-4210704-A79DAA110057413F8DEE29810EDEC9FE", "municipio": "Matos Costa", "num_area": 4.8427, "mod_fiscal": 0.3027, "des_condic": "Aguardando analise", "ind_status": "AT", "dat_atuali": "21/04/2016"}, "geometry": {"type": "Polygon", "coordinates": [[[-51.271745, -26.425023], [-51.271059, -26.423103], [-51.269554, -26.424032], [-51.269761, -26.426309], [-51.2707633972168, -26.425785064697266], [-51.271745, -26.425023]]]}}, {"type": "Feature", "properties": {"cod_imovel": "SC-4210704-3482FC863A234BB28D1AD8BA997C2A4B", "municipio": "Matos Costa", "num_area": 14.9195, "mod_fiscal": 0.9325, "des_condic": "Aguardando analise", "ind_status": "AT", "dat_atuali": "01/05/2016"}, "geometry": {"type": "Polygon", "coordinates": [[[-51.275084, -26.434426], [-51.2756501101816, -26.433049995805504], [-51.273563385009766, -26.426767349243164], [-51.27101516723633, -26.427474975585938], [-51.275084, -26.434426]]]}}, {"type": "Feature", "properties": {"cod_imovel": "SC-4210704-BC9334E3893B477CB4CDB1EEEA8A0161", "municipio": "Matos Costa", "num_area": 18.8376, "mod_fiscal": 1.1773, "des_condic": "Aguardando analise", "ind_status": "AT", "dat_atuali": "01/05/2016"}, "geometry": {"type": "Polygon", "coordinates": [[[-51.278443, -26.426261], [-51.2734076212821, -26.42628603196226], [-51.2756501101816, -26.433049995805504], [-51.278443, -26.426261]]]}}, {"type": "Feature", "properties": {"cod_imovel": "SC-4210704-7D52B9857C05489D92E1DCEDD3A7FBC5", "municipio": "Matos Costa", "num_area": 48.0401, "mod_fiscal": 3.0025, "des_condic": "Aguardando analise", "ind_status": "AT", "dat_atuali": "01/05/2016"}, "geometry": {"type": "Polygon", "coordinates": [[[-51.268741607666016, -26.4263916015625], [-51.26787567138672, -26.428850173950195], [-51.26748966631402, -26.42905968459744], [-51.266685485839844, -26.428991317749023], [-51.26780319213867, -26.434553146362305], [-51.274916, -26.434818], [-51.275084, -26.434426], [-51.270353, -26.426327], [-51.26933288574219, -26.426219940185547], [-51.268741607666016, -26.4263916015625]]]}}, {"type": "Feature", "properties": {"cod_imovel": "SC-4210704-8CF69FE12CF94C878E1DEB2E5F4DB1D9", "municipio": "Matos Costa", "num_area": 12.6243, "mod_fiscal": 0.789, "des_condic": "Aguardando analise", "ind_status": "AT", "dat_atuali": "14/04/2016"}, "geometry": {"type": "Polygon", "coordinates": [[[-51.268858909606934, -26.393042161634177], [-51.26497507095337, -26.391619795340613], [-51.26392364501953, -26.39346502390997], [-51.26720666885376, -26.396059826690536], [-51.268858909606934, -26.393042161634177]]]}}, {"type": "Feature", "properties": {"cod_imovel": "SC-4210704-65355F30357E48EB93B02F321136E4CF", "municipio": "Matos Costa", "num_area": 63.2374, "mod_fiscal": 3.9523, "des_condic": "Aguardando analise", "ind_status": "AT", "dat_atuali": "29/08/2022"}, "geometry": {"type": "Polygon", "coordinates": [[[-51.25435506972222, -26.43282168972222], [-51.24728069, -26.42818276361111], [-51.24810273388889, -26.426112643055557], [-51.245104437777776, -26.42604919111111], [-51.24483350305555, -26.429913281388888], [-51.243141522777776, -26.429868855555554], [-51.241701149166666, -26.43106460611111], [-51.24266351916667, -26.43277943972222], [-51.24610115861111, -26.4335938725], [-51.248549491388886, -26.435783567222224], [-51.2494224875, -26.435378529166666], [-51.25053054333333, -26.435194561666666], [-51.25094797111111, -26.434732885555555], [-51.25141264138889, -26.434737035277777], [-51.253559814166664, -26.433949773888887], [-51.253956063333334, -26.433579593055555], [-51.25435506972222, -26.43282168972222]]]}}, {"type": "Feature", "properties": {"cod_imovel": "SC-4210704-1DB36AC2CF024E40A41BA1CAB1FC31D4", "municipio": "Matos Costa", "num_area": 7.273, "mod_fiscal": 0.4546, "des_condic": "Aguardando analise", "ind_status": "AT", "dat_atuali": "17/08/2022"}, "geometry": {"type": "Polygon", "coordinates": [[[-51.26598900471884, -26.38986808855053], [-51.26585313432003, -26.39063763525245], [-51.26798666157362, -26.39084730532261], [-51.27204606976424, -26.38787409554536], [-51.27134046047069, -26.38740811444378], [-51.27011621168181, -26.38719161114366], [-51.26997407788308, -26.38729153984359], [-51.2697144806852, -26.3891872541485], [-51.26859264899534, -26.38956745144988], [-51.26749915040521, -26.3896905896498], [-51.26626770661634, -26.38943202364908], [-51.26598900471884, -26.38986808855053]]]}}, {"type": "Feature", "properties": {"cod_imovel": "SC-4210704-4F1C357E4C9F40579835FCB172B7306E", "municipio": "Matos Costa", "num_area": 32.9128, "mod_fiscal": 2.0571, "des_condic": "Aguardando analise", "ind_status": "AT", "dat_atuali": "02/05/2016"}, "geometry": {"type": "Polygon", "coordinates": [[[-51.253104, -26.422181], [-51.254213520751954, -26.42266574121094], [-51.254207611083984, -26.416236877441406], [-51.248648, -26.418573], [-51.248927, -26.421999], [-51.251306, -26.424103], [-51.251644134521484, -26.423181533813477], [-51.252418518066406, -26.42302131652832], [-51.252689361572266, -26.422733306884766], [-51.252708, -26.422238], [-51.253104, -26.422181]]]}}, {"type": "Feature", "properties": {"cod_imovel": "SC-4210704-6FAA22BA9590496F80A79AC3AB3C7AA1", "municipio": "Matos Costa", "num_area": 32.5484, "mod_fiscal": 2.0343, "des_condic": "Aguardando analise", "ind_status": "AT", "dat_atuali": "02/05/2016"}, "geometry": {"type": "Polygon", "coordinates": [[[-51.251306, -26.424103], [-51.248927, -26.421999], [-51.243545, -26.421727], [-51.243367, -26.425921], [-51.251108, -26.426137], [-51.250996, -26.425074], [-51.251306, -26.424103]]]}}, {"type": "Feature", "properties": {"cod_imovel": "SC-4210704-DF6EBCD38CB44C94952B47A5B6E7A02F", "municipio": "Matos Costa", "num_area": 33.2598, "mod_fiscal": 2.0787, "des_condic": "Aguardando analise", "ind_status": "AT", "dat_atuali": "05/05/2016"}, "geometry": {"type": "Polygon", "coordinates": [[[-51.24856631678471, -26.42865253917639], [-51.25010042116957, -26.42901687918504], [-51.25103339492453, -26.4290580076688], [-51.2510219077918, -26.42272149445965], [-51.24968868097852, -26.42125221101458], [-51.24654293060303, -26.42308074959496], [-51.24654293060303, -26.42880698860125], [-51.24856631678471, -26.42865253917639]]]}}, {"type": "Feature", "properties": {"cod_imovel": "SC-4210704-2AC9F1CA6718417081551E8D3061257B", "municipio": "Matos Costa", "num_area": 9.6872, "mod_fiscal": 0.6055, "des_condic": "Aguardando analise", "ind_status": "AT", "dat_atuali": "21/12/2017"}, "geometry": {"type": "Polygon", "coordinates": [[[-51.27449090987819, -26.41832000378761], [-51.27330875553458, -26.42084096799646], [-51.27316559051641, -26.42170921938434], [-51.27373763509925, -26.42210378024599], [-51.27402898683563, -26.42177604080665], [-51.2743345514767, -26.42171558347147], [-51.27473364800751, -26.42115852242434], [-51.27533540060151, -26.42188118395158], [-51.27613237634822, -26.42078867676156], [-51.27610293493026, -26.42029452448305], [-51.27699311158955, -26.41914807723843], [-51.27745291429343, -26.41882851578919], [-51.2770340359942, -26.41882095990722], [-51.27647461046962, -26.41846500338395], [-51.2753999531097, -26.41851116346272], [-51.27496199022398, -26.4182112328206], [-51.27449090987819, -26.41832000378761]]]}}, {"type": "Feature", "properties": {"cod_imovel": "SC-4210704-4B0271799E344A4A862A8A7B5BC0CC75", "municipio": "Matos Costa", "num_area": 7.238, "mod_fiscal": 0.4524, "des_condic": "Aguardando analise", "ind_status": "AT", "dat_atuali": "30/03/2015"}, "geometry": {"type": "Polygon", "coordinates": [[[-51.271562576293945, -26.417988385409316], [-51.27136945724487, -26.422158375778345], [-51.27310752868652, -26.422196808168007], [-51.27317190170288, -26.418584107550924], [-51.271562576293945, -26.417988385409316]]]}}, {"type": "Feature", "properties": {"cod_imovel": "SC-4210704-CC4343E8120A45E6ACA8B3E44F595F32", "municipio": "Matos Costa", "num_area": 38.9447, "mod_fiscal": 2.434, "des_condic": "Aguardando analise", "ind_status": "AT", "dat_atuali": "29/04/2015"}, "geometry": {"type": "Polygon", "coordinates": [[[-51.25665554287724, -26.42905398128168], [-51.25646545248387, -26.42263270519878], [-51.25102024722204, -26.42265581437682], [-51.25107982362732, -26.42903364896804], [-51.25665554287724, -26.42905398128168]]]}}, {"type": "Feature", "properties": {"cod_imovel": "SC-4210704-57B4E8B82FCA4567BC0E33E17D566747", "municipio": "Matos Costa", "num_area": 29.1061, "mod_fiscal": 1.8191, "des_condic": "Aguardando analise", "ind_status": "AT", "dat_atuali": "28/04/2016"}, "geometry": {"type": "Polygon", "coordinates": [[[-51.2583700444444, -26.4529321555556], [-51.2585639222222, -26.4551423083333], [-51.2580792388889, -26.4581926611111], [-51.2676567111111, -26.4551494638889], [-51.2649120972222, -26.4539825305556], [-51.2583700444444, -26.4529321555556]]]}}, {"type": "Feature", "properties": {"cod_imovel": "SC-4210704-3F518AC9E4AE49E58DBC5726ABD1B05F", "municipio": "Matos Costa", "num_area": 30.4358, "mod_fiscal": 1.9022, "des_condic": "Analisado, aguardando atendimento a notificacao", "ind_status": "AT", "dat_atuali": "12/12/2018"}, "geometry": {"type": "Polygon", "coordinates": [[[-51.2708541975, -26.398797533333003], [-51.264449036111, -26.392981660833], [-51.263533516389, -26.392980939444], [-51.263019435278, -26.393295598611], [-51.26268838888901, -26.393973180833], [-51.266311597778, -26.3978438375], [-51.267562168611, -26.403231389722], [-51.2708541975, -26.398797533333003]]]}}, {"type": "Feature", "properties": {"cod_imovel": "SC-4210704-192C1973A4E54561982B4929A14EEED0", "municipio": "Matos Costa", "num_area": 2.4198, "mod_fiscal": 0.1512, "des_condic": "Aguardando analise", "ind_status": "AT", "dat_atuali": "06/01/2026"}, "geometry": {"type": "Polygon", "coordinates": [[[-51.287682987123574, -26.418840144508636], [-51.288801326999746, -26.42002717109855], [-51.28962895242946, -26.419700796048687], [-51.289543937638825, -26.418051583375952], [-51.28910482946906, -26.417981780647054], [-51.28880889055998, -26.418566726458184], [-51.287682987123574, -26.418840144508636]]]}}, {"type": "Feature", "properties": {"cod_imovel": "SC-4210704-3C41355EE45F41728D68D468A01335BA", "municipio": "Matos Costa", "num_area": 8.8558, "mod_fiscal": 0.5535, "des_condic": "Aguardando analise", "ind_status": "AT", "dat_atuali": "30/12/2025"}, "geometry": {"type": "Polygon", "coordinates": [[[-51.2903024780374, -26.425014604564893], [-51.287081051246545, -26.423746221198638], [-51.28644750509513, -26.42616858804746], [-51.28921997139189, -26.427266243077643], [-51.2903024780374, -26.425014604564893]]]}}, {"type": "Feature", "properties": {"cod_imovel": "SC-4210704-5F9DCD2E5B564BEAAF8FAF9B3247F0B4", "municipio": "Matos Costa", "num_area": 11.8153, "mod_fiscal": 0.7385, "des_condic": "Aguardando analise", "ind_status": "AT", "dat_atuali": "30/12/2025"}, "geometry": {"type": "Polygon", "coordinates": [[[-51.287230362828055, -26.42056419915236], [-51.290628136740004, -26.424337208373206], [-51.291516612135325, -26.422489065575466], [-51.290891652848394, -26.4222455053146], [-51.286528331224766, -26.417656397820185], [-51.28584567319679, -26.418425417700835], [-51.287230362828055, -26.42056419915236]]]}}, {"type": "Feature", "properties": {"cod_imovel": "SC-4210704-CCEC72265E4D4CF0AEDA3EF16C4CA587", "municipio": "Matos Costa", "num_area": 16.6973, "mod_fiscal": 1.0436, "des_condic": "Aguardando analise", "ind_status": "AT", "dat_atuali": "29/12/2025"}, "geometry": {"type": "Polygon", "coordinates": [[[-51.27207719348375, -26.387874865904475], [-51.26797352917497, -26.39116770587864], [-51.26869739033286, -26.391297038644577], [-51.27167405560617, -26.390785910189177], [-51.273775985464496, -26.391053460538412], [-51.276588439941406, -26.389358520507812], [-51.27613067626953, -26.38886833190918], [-51.27516174316406, -26.388450622558594], [-51.273590087890625, -26.388383865356445], [-51.27207719348375, -26.387874865904475]]]}}, {"type": "Feature", "properties": {"cod_imovel": "SC-4210704-14E1F4396B3C452F82DD31215A563874", "municipio": "Matos Costa", "num_area": 131.8196, "mod_fiscal": 8.2386, "des_condic": "Aguardando analise", "ind_status": "AT", "dat_atuali": "10/12/2025"}, "geometry": {"type": "Polygon", "coordinates": [[[-51.2885334376228, -26.43732478030281], [-51.29116775310949, -26.43574059478786], [-51.29202638393038, -26.43489306972303], [-51.29240813376752, -26.43370561358202], [-51.29238605724379, -26.43327051927074], [-51.28832647441828, -26.43270460481844], [-51.28880635601223, -26.43142551383915], [-51.28740761872793, -26.43126349554857], [-51.28507577878034, -26.43227611655481], [-51.28445478205752, -26.43240042387799], [-51.2830434066192, -26.43232733649981], [-51.27502113573908, -26.43461803784847], [-51.27364719156957, -26.43912801044172], [-51.27364156267871, -26.44201041964726], [-51.27301711324585, -26.44235199233902], [-51.27418271317818, -26.44341729770814], [-51.27618878616805, -26.44245950905001], [-51.2794112486599, -26.44210328897192], [-51.27978543400383, -26.44189718946996], [-51.28051233794756, -26.44107136439742], [-51.28061342973546, -26.4407660102123], [-51.28049300912036, -26.43991958330233], [-51.28123306586402, -26.43898789069787], [-51.28259737834494, -26.4384528443072], [-51.28314083030276, -26.43864438228642], [-51.28313866327741, -26.43884178287379], [-51.28352142180169, -26.43915452342477], [-51.28397206770286, -26.43917392239748], [-51.28531500205968, -26.43852747401471], [-51.28725474820277, -26.4383037758668], [-51.28768371889352, -26.43810401613977], [-51.2885334376228, -26.43732478030281]]]}}, {"type": "Feature", "properties": {"cod_imovel": "SC-4210704-B2C4262CDF5A4447AE69489A42394111", "municipio": "Matos Costa", "num_area": 4.8553, "mod_fiscal": 0.3035, "des_condic": "Aguardando analise", "ind_status": "AT", "dat_atuali": "14/02/2022"}, "geometry": {"type": "Polygon", "coordinates": [[[-51.27471148967743, -26.42111108822949], [-51.274352073669434, -26.42166836168725], [-51.27394437789917, -26.421850916199865], [-51.27324700355529, -26.422571523295986], [-51.2725818157196, -26.42291741310253], [-51.27298667142628, -26.4240057946906], [-51.27332693389509, -26.423830609369702], [-51.2742018699646, -26.42389742858641], [-51.27544641494751, -26.42260995554796], [-51.2751567363739, -26.422196808168007], [-51.275317668914795, -26.42187974057016], [-51.27471148967743, -26.42111108822949]]]}}, {"type": "Feature", "properties": {"cod_imovel": "SC-4210704-D20C13B1466E40D39FB9AC29CDBF08E1", "municipio": "Matos Costa", "num_area": 12.7675, "mod_fiscal": 0.798, "des_condic": "Aguardando analise", "ind_status": "AT", "dat_atuali": "20/03/2015"}, "geometry": {"type": "Polygon", "coordinates": [[[-51.25101007284665, -26.41408764735773], [-51.2487365841193, -26.41472950534663], [-51.24873278859807, -26.41261956171178], [-51.24673715865961, -26.41271904820199], [-51.24711464462396, -26.41717834366941], [-51.25094175338745, -26.415739987023258], [-51.25101007284665, -26.41408764735773]]]}}, {"type": "Feature", "properties": {"cod_imovel": "SC-4210704-94BFAC8C61814C55B25285F2F22BF617", "municipio": "Matos Costa", "num_area": 42.5277, "mod_fiscal": 2.658, "des_condic": "Aguardando analise", "ind_status": "AT", "dat_atuali": "19/04/2016"}, "geometry": {"type": "Polygon", "coordinates": [[[-51.26687934602613, -26.44754189478508], [-51.26551623163018, -26.44792808655592], [-51.26915809266836, -26.45085186186951], [-51.2729606746787, -26.44370730386179], [-51.27402114496639, -26.43757311930267], [-51.26996695482977, -26.44189716958742], [-51.26687934602613, -26.44754189478508]]]}}, {"type": "Feature", "properties": {"cod_imovel": "SC-4210704-EEB53C0482F7406CBB38A2A0CE53FE0C", "municipio": "Matos Costa", "num_area": 7.2608, "mod_fiscal": 0.4538, "des_condic": "Aguardando analise", "ind_status": "AT", "dat_atuali": "19/04/2016"}, "geometry": {"type": "Polygon", "coordinates": [[[-51.27400875091553, -26.424137627188927], [-51.273343563079834, -26.42404154780797], [-51.27272129058838, -26.424368217376593], [-51.272292137145996, -26.424810180613875], [-51.27368688583374, -26.4263282153517], [-51.27774238586426, -26.426501154749765], [-51.27400875091553, -26.424137627188927]]]}}, {"type": "Feature", "properties": {"cod_imovel": "SC-4210704-84CA595299F6419FA901464A45263A66", "municipio": "Matos Costa", "num_area": 7.0708, "mod_fiscal": 0.4419, "des_condic": "Aguardando analise", "ind_status": "AT", "dat_atuali": "21/11/2019"}, "geometry": {"type": "Polygon", "coordinates": [[[-51.267119103611, -26.3863586075], [-51.267111037778, -26.386677066667], [-51.267815195278, -26.387494456944], [-51.267809916389, -26.387827309444], [-51.267252361111, -26.388641316389], [-51.266422415833, -26.388747715], [-51.266261907222, -26.389444328056], [-51.267369958333, -26.389634569722], [-51.269603039722, -26.389074271111], [-51.27001682, -26.387215658611], [-51.268118550556, -26.386927929167], [-51.267119103611, -26.3863586075]]]}}, {"type": "Feature", "properties": {"cod_imovel": "SC-4210704-7072FE606ECB409A9C46DAE25A8996E7", "municipio": "Matos Costa", "num_area": 2.481, "mod_fiscal": 0.1551, "des_condic": "Aguardando analise", "ind_status": "AT", "dat_atuali": "05/05/2016"}, "geometry": {"type": "Polygon", "coordinates": [[[-51.27351379394531, -26.408283233642578], [-51.27289210248887, -26.407356048598363], [-51.271163243331955, -26.408266814828], [-51.27182388305664, -26.409259796142578], [-51.27351379394531, -26.408283233642578]]]}}, {"type": "Feature", "properties": {"cod_imovel": "SC-4210704-131D38593502425EA7D13B22B9D95ED9", "municipio": "Matos Costa", "num_area": 9.7524, "mod_fiscal": 0.6095, "des_condic": "Aguardando analise", "ind_status": "AT", "dat_atuali": "03/05/2016"}, "geometry": {"type": "Polygon", "coordinates": [[[-51.27390187649055, -26.40809276912016], [-51.27508259496177, -26.40749039058361], [-51.27591256083538, -26.40646045947648], [-51.2762047752158, -26.40639632750696], [-51.27630089838335, -26.4061458416409], [-51.27695578864522, -26.40563619842396], [-51.27524752286319, -26.40413055553611], [-51.272384843118, -26.40662885052094], [-51.27390187649055, -26.40809276912016]]]}}, {"type": "Feature", "properties": {"cod_imovel": "SC-4210704-F1D936EA77F84DCAA149AADD2C5C4DBD", "municipio": "Matos Costa", "num_area": 144.5318, "mod_fiscal": 9.0332, "des_condic": "Aguardando analise", "ind_status": "AT", "dat_atuali": "01/09/2015"}, "geometry": {"type": "Polygon", "coordinates": [[[-51.240938325, -26.4938890666667], [-51.2390877138889, -26.494332875], [-51.2375838861111, -26.4952270194444], [-51.2365298972222, -26.4953980305556], [-51.2350844611111, -26.5053533277778], [-51.2496333944444, -26.5026641055556], [-51.2503354722222, -26.495629], [-51.247688825, -26.4944987944444], [-51.2464463694444, -26.4945429194444], [-51.2452620916667, -26.4951350083333], [-51.2439882638889, -26.4945730666667], [-51.2428229944444, -26.4945231361111], [-51.240938325, -26.4938890666667]]]}}, {"type": "Feature", "properties": {"cod_imovel": "SC-4210704-C96801100BCC4571B4F834186E8583B6", "municipio": "Matos Costa", "num_area": 10.2932, "mod_fiscal": 0.6433, "des_condic": "Aguardando analise", "ind_status": "AT", "dat_atuali": "19/08/2015"}, "geometry": {"type": "Polygon", "coordinates": [[[-51.27135292833521, -26.4228769317701], [-51.27147819617645, -26.41784925855599], [-51.27113200170467, -26.41740402044105], [-51.27053356603726, -26.41723375437227], [-51.27025880149687, -26.41731154846019], [-51.27003403808871, -26.4176273396729], [-51.26955892674379, -26.42400481594085], [-51.27135292833521, -26.4228769317701]]]}}, {"type": "Feature", "properties": {"cod_imovel": "SC-4210704-CB0B77667D164338A4E21704A516D2C5", "municipio": "Matos Costa", "num_area": 48.2738, "mod_fiscal": 3.0171, "des_condic": "Aguardando analise", "ind_status": "AT", "dat_atuali": "14/04/2016"}, "geometry": {"type": "Polygon", "coordinates": [[[-51.25971474770093, -26.4090007736572], [-51.25933674147929, -26.3995483803977], [-51.25857530186829, -26.40002288377298], [-51.25800446184548, -26.4006443352706], [-51.25643157790243, -26.40050149814899], [-51.25545510065779, -26.39966983130589], [-51.25483455159869, -26.40091735320605], [-51.2551223518352, -26.41051347376148], [-51.25971474770093, -26.4090007736572]]]}}, {"type": "Feature", "properties": {"cod_imovel": "SC-4210704-080792F5611C4E58A41A553B612A5225", "municipio": "Matos Costa", "num_area": 3.1722, "mod_fiscal": 0.1983, "des_condic": "Aguardando analise", "ind_status": "AT", "dat_atuali": "31/10/2019"}, "geometry": {"type": "Polygon", "coordinates": [[[-51.28924500144971, -26.41638455000673], [-51.29388877585998, -26.41721624308222], [-51.29404085982115, -26.41680303447431], [-51.28998233964538, -26.41569181854381], [-51.28924500144971, -26.41638455000673]]]}}, {"type": "Feature", "properties": {"cod_imovel": "SC-4210704-146E21A6CF014BF6B0404A8FF3AD050A", "municipio": "Matos Costa", "num_area": 58.0825, "mod_fiscal": 3.6302, "des_condic": "Aguardando analise", "ind_status": "AT", "dat_atuali": "04/05/2016"}, "geometry": {"type": "Polygon", "coordinates": [[[-51.25117778778076, -26.40443968026595], [-51.25113487243652, -26.415509379582332], [-51.248602867126465, -26.416739280606055], [-51.248903274536126, -26.41746952813364], [-51.248817443847656, -26.418584107550924], [-51.25383853912353, -26.416470240877764], [-51.253194808959954, -26.414779119644404], [-51.25482559204101, -26.41377980907943], [-51.25499725341796, -26.40197960285591], [-51.25383853912353, -26.402363993408017], [-51.25328063964844, -26.403594034571242], [-51.25229358673096, -26.40374778879483], [-51.252079010009766, -26.403978419746124], [-51.25195026397705, -26.403824665829816], [-51.25117778778076, -26.40443968026595]]]}}, {"type": "Feature", "properties": {"cod_imovel": "SC-4210704-51C76D97D8D9449CADF706502AAED63F", "municipio": "Matos Costa", "num_area": 452.1994, "mod_fiscal": 28.2625, "des_condic": "Aguardando analise", "ind_status": "AT", "dat_atuali": "16/08/2016"}, "geometry": {"type": "Polygon", "coordinates": [[[-51.25520945, -26.42109386], [-51.25422113, -26.4211727], [-51.25430073, -26.4226604], [-51.25642557, -26.42258212], [-51.25673035, -26.42592371], [-51.25655679, -26.42983681], [-51.25629367, -26.43054955], [-51.25508245, -26.43166686], [-51.25396384, -26.4335768], [-51.25356806, -26.43394999], [-51.2488169, -26.4355952], [-51.24710825, -26.43689933], [-51.24566061, -26.43833405], [-51.24263875, -26.43273567], [-51.23767428, -26.4344671], [-51.23717725, -26.43442227], [-51.2386002, -26.44318846], [-51.24158937, -26.45021455], [-51.24205787, -26.45009961], [-51.24220967, -26.4504027], [-51.24267757, -26.45005006], [-51.24274862, -26.44974439], [-51.24301936, -26.44979737], [-51.24313315, -26.45002886], [-51.24369657, -26.44990328], [-51.24381059, -26.45007549], [-51.24431308, -26.44957005], [-51.24509038, -26.44949671], [-51.2452247, -26.44935242], [-51.24539079, -26.44954847], [-51.24550668, -26.44928292], [-51.24582823, -26.44939871], [-51.24625132, -26.45018602], [-51.24686313, -26.44973582], [-51.24739055, -26.44886158], [-51.24880566, -26.44867116], [-51.24955503, -26.44818133], [-51.25120948, -26.44610757], [-51.25363311, -26.44455731], [-51.25377753, -26.44400709], [-51.25403819, -26.44371889], [-51.25405834, -26.44301717], [-51.25467758, -26.44143394], [-51.25482027, -26.44130409], [-51.25506105, -26.44143904], [-51.25514349, -26.44105201], [-51.25578554, -26.44080918], [-51.25586292, -26.44056136], [-51.25624654, -26.44037806], [-51.25632866, -26.44024847], [-51.25611346, -26.44031691], [-51.25628145, -26.44011146], [-51.25697295, -26.43985944], [-51.25705316, -26.43901901], [-51.25745702, -26.43884764], [-51.25790202, -26.43798352], [-51.25843216, -26.43768608], [-51.25925615, -26.43624507], [-51.25941679, -26.43566436], [-51.25999176, -26.43478295], [-51.26139989, -26.43332537], [-51.26189072, -26.4322251], [-51.26254625, -26.43202367], [-51.26339731, -26.43138316], [-51.26395682, -26.43059309], [-51.26493967, -26.43021126], [-51.26671708, -26.42895138], [-51.26771526, -26.4288872], [-51.26876781, -26.42631702], [-51.26976207, -26.4261468], [-51.27001, -26.41785095], [-51.2683454, -26.41865297], [-51.26642947, -26.41864078], [-51.26568904, -26.41890105], [-51.26386469, -26.41848213], [-51.26294926, -26.41845241], [-51.26159511, -26.41804327], [-51.26128684, -26.4181495], [-51.26090424, -26.41869153], [-51.2592113, -26.41980572], [-51.25851339, -26.42003547], [-51.25753907, -26.42003003], [-51.25639242, -26.42074804], [-51.25520945, -26.42109386]]]}}, {"type": "Feature", "properties": {"cod_imovel": "SC-4210704-5927DA62DDDF4424A79A9352A288FF60", "municipio": "Matos Costa", "num_area": 5.89, "mod_fiscal": 0.3681, "des_condic": "Aguardando analise", "ind_status": "AT", "dat_atuali": "01/05/2016"}, "geometry": {"type": "Polygon", "coordinates": [[[-51.270353, -26.426327], [-51.27101516723633, -26.427474975585938], [-51.273563385009766, -26.426767349243164], [-51.2734076212821, -26.42628603196226], [-51.273559, -26.426284], [-51.272209, -26.424778], [-51.270633697509766, -26.425859451293945], [-51.26933288574219, -26.426219940185547], [-51.270353, -26.426327]]]}}, {"type": "Feature", "properties": {"cod_imovel": "SC-4210704-73A4E0F1B28648F7954A5C9608C185B2", "municipio": "Matos Costa", "num_area": 29.6108, "mod_fiscal": 1.8507, "des_condic": "Aguardando analise", "ind_status": "AT", "dat_atuali": "28/04/2016"}, "geometry": {"type": "Polygon", "coordinates": [[[-51.2646089194444, -26.4478291527778], [-51.2645071472222, -26.4487238777778], [-51.2632291861111, -26.4536891194444], [-51.2649120972222, -26.4539825305556], [-51.2676567111111, -26.4551494638889], [-51.2692549333333, -26.4508143527778], [-51.2656169416667, -26.4479188666667], [-51.2646089194444, -26.4478291527778]]]}}, {"type": "Feature", "properties": {"cod_imovel": "SC-4210704-7725F19FED9D4B679446F70DECDD1126", "municipio": "Matos Costa", "num_area": 14.4251, "mod_fiscal": 0.9016, "des_condic": "Aguardando analise", "ind_status": "AT", "dat_atuali": "05/05/2016"}, "geometry": {"type": "Polygon", "coordinates": [[[-51.29237651824951, -26.42726977115809], [-51.28969430923461, -26.425943904649404], [-51.28834247589111, -26.429075999546306], [-51.28965139389038, -26.429248934822336], [-51.289350986480706, -26.430517118919177], [-51.29231214523315, -26.430978273313304], [-51.292033195495605, -26.428480331609713], [-51.29237651824951, -26.42726977115809]]]}}, {"type": "Feature", "properties": {"cod_imovel": "SC-4210704-85ADAA43D9BC4C549BA748F9BC4918A4", "municipio": "Matos Costa", "num_area": 23.3534, "mod_fiscal": 1.4596, "des_condic": "Aguardando analise", "ind_status": "AT", "dat_atuali": "01/05/2016"}, "geometry": {"type": "Polygon", "coordinates": [[[-51.266685485839844, -26.428991317749023], [-51.26490020751953, -26.430282592773438], [-51.264198303222656, -26.430526733398438], [-51.26272201538086, -26.432113647460938], [-51.262451171875, -26.432668685913086], [-51.26131820678711, -26.43350601196289], [-51.261043548583984, -26.43395233154297], [-51.26044464111328, -26.43427848815918], [-51.26780319213867, -26.434553146362305], [-51.266685485839844, -26.428991317749023]]]}}, {"type": "Feature", "properties": {"cod_imovel": "SC-4210704-A2D3F66599A1425BABAF53092A6DB4DC", "municipio": "Matos Costa", "num_area": 49.2043, "mod_fiscal": 3.0753, "des_condic": "Aguardando analise", "ind_status": "AT", "dat_atuali": "04/05/2016"}, "geometry": {"type": "Polygon", "coordinates": [[[-51.27745567273702, -26.39278099295407], [-51.27679687615029, -26.38954172427691], [-51.27651674063273, -26.38920099525016], [-51.27394106248853, -26.39159880561187], [-51.27050591991019, -26.39273107804883], [-51.26938278439699, -26.3970031145907], [-51.27423352917915, -26.4012466610263], [-51.27340148074142, -26.40002499649642], [-51.27318419706331, -26.39914423522216], [-51.27348997145189, -26.39870792177307], [-51.27358487640294, -26.39802584654331], [-51.27401992659804, -26.39780771677503], [-51.27521745856524, -26.39649374882106], [-51.27580942435614, -26.39529370378199], [-51.27632966907559, -26.3948298125252], [-51.27741360749829, -26.3931230912273], [-51.27745567273702, -26.39278099295407]]]}}, {"type": "Feature", "properties": {"cod_imovel": "SC-4210704-E581DCE0C38946688845CDAF78A49136", "municipio": "Matos Costa", "num_area": 13.5997, "mod_fiscal": 0.85, "des_condic": "Aguardando analise", "ind_status": "AT", "dat_atuali": "05/05/2016"}, "geometry": {"type": "Polygon", "coordinates": [[[-51.27746343612671, -26.418891575839414], [-51.276090145111084, -26.42090931614106], [-51.27699136734009, -26.420928532545656], [-51.27737760543823, -26.42115912915089], [-51.27763509750366, -26.421543455801583], [-51.278321743011475, -26.42179326743763], [-51.280081272125244, -26.42171640237648], [-51.281776428222656, -26.420102224256873], [-51.27948045730591, -26.41829585528601], [-51.2786865234375, -26.418372722627097], [-51.27746343612671, -26.418891575839414]]]}}, {"type": "Feature", "properties": {"cod_imovel": "SC-4210704-F633EAB47C4C49DAB402887095356B8E", "municipio": "Matos Costa", "num_area": 25.9116, "mod_fiscal": 1.6195, "des_condic": "Aguardando analise", "ind_status": "AT", "dat_atuali": "14/03/2015"}, "geometry": {"type": "Polygon", "coordinates": [[[-51.28091812133789, -26.42719290974786], [-51.28321409225464, -26.42379174104279], [-51.28199100494385, -26.42283094074817], [-51.277806758880615, -26.426155275694192], [-51.27862215042114, -26.426289784339115], [-51.27589702606201, -26.432073507604926], [-51.2786865234375, -26.431420211209723], [-51.28091812133789, -26.42719290974786]]]}}, {"type": "Feature", "properties": {"cod_imovel": "SC-4210704-FB921B17BF46453CBFF84F7D1FCB7B1B", "municipio": "Matos Costa", "num_area": 90.3097, "mod_fiscal": 5.6444, "des_condic": "Aguardando analise", "ind_status": "AT", "dat_atuali": "19/04/2016"}, "geometry": {"type": "Polygon", "coordinates": [[[-51.26465249832197, -26.44021009467452], [-51.26461095461761, -26.44770824789113], [-51.26554869462338, -26.4479277740187], [-51.26688595786364, -26.44749531910513], [-51.26997470855713, -26.44198778656175], [-51.277356147766106, -26.43426394496633], [-51.26554422045233, -26.43532237682102], [-51.26465249832197, -26.44021009467452]]]}}, {"type": "Feature", "properties": {"cod_imovel": "SC-4210704-FE940C583C274D70BDE0D52118F5386D", "municipio": "Matos Costa", "num_area": 8.6302, "mod_fiscal": 0.5394, "des_condic": "Aguardando analise", "ind_status": "AT", "dat_atuali": "19/04/2016"}, "geometry": {"type": "Polygon", "coordinates": [[[-51.27437353134155, -26.424022331922174], [-51.278085708618164, -26.426462723794838], [-51.27851486206054, -26.426405077338426], [-51.27982378005981, -26.424944690828085], [-51.27527475357056, -26.423196045803245], [-51.27501726150513, -26.423580365664904], [-51.27437353134155, -26.424022331922174]]]}}, {"type": "Feature", "properties": {"cod_imovel": "SC-4210704-2645FF425B8D424485AF98A505E41570", "municipio": "Matos Costa", "num_area": 7.8652, "mod_fiscal": 0.4916, "des_condic": "Aguardando analise", "ind_status": "AT", "dat_atuali": "24/03/2015"}, "geometry": {"type": "Polygon", "coordinates": [[[-51.27463102340698, -26.420832450490693], [-51.27224922180175, -26.422811724660626], [-51.27267837524414, -26.423926252445142], [-51.27396583557129, -26.424156843055528], [-51.27493143081665, -26.423445853859032], [-51.2761116027832, -26.42183169994898], [-51.27463102340698, -26.420832450490693]]]}}, {"type": "Feature", "properties": {"cod_imovel": "SC-4210704-AB673F43F1B7404189EBA6907DC57F60", "municipio": "Matos Costa", "num_area": 3.0028, "mod_fiscal": 0.1877, "des_condic": "Aguardando analise", "ind_status": "AT", "dat_atuali": "12/03/2015"}, "geometry": {"type": "Polygon", "coordinates": [[[-51.27175827648, -26.42502627014342], [-51.27313757183444, -26.42389690445793], [-51.27259254455566, -26.42292702113791], [-51.27100467681885, -26.422773292475902], [-51.27175827648, -26.42502627014342]]]}}, {"type": "Feature", "properties": {"cod_imovel": "SC-4210704-FC73D16ECAB3414CB941FA5BD42CE5DA", "municipio": "Matos Costa", "num_area": 40.5023, "mod_fiscal": 2.5314, "des_condic": "Aguardando analise", "ind_status": "AT", "dat_atuali": "12/05/2015"}, "geometry": {"type": "Polygon", "coordinates": [[[-51.26272201538085, -26.40839875723049], [-51.26340866088867, -26.403478718769122], [-51.26212120056152, -26.3981356269229], [-51.26115560531616, -26.397501358589974], [-51.259331703186035, -26.399634792764605], [-51.25997543334961, -26.41032059027481], [-51.26272201538085, -26.40839875723049]]]}}, {"type": "Feature", "properties": {"cod_imovel": "SC-4210704-9CDD1D7A46C64FFC9008D02A8F5EAAC0", "municipio": "Matos Costa", "num_area": 16.9477, "mod_fiscal": 1.0592, "des_condic": "Aguardando analise", "ind_status": "AT", "dat_atuali": "06/04/2022"}, "geometry": {"type": "Polygon", "coordinates": [[[-51.279144243889, -26.4026252175], [-51.278706454722006, -26.402813841389], [-51.278030971944, -26.402782001111], [-51.276053199722, -26.402014555556], [-51.271714779722004, -26.406256131667], [-51.271014693889, -26.409410371111], [-51.272329997222, -26.409103914167], [-51.272491518611, -26.4090002275], [-51.2724284225, -26.408718692778], [-51.272568641944, -26.408521613333], [-51.273830104722, -26.407912040833], [-51.272354838611, -26.406560681389], [-51.275030447778, -26.403929643333], [-51.276796594722, -26.405535394722005], [-51.2773273325, -26.405386381389], [-51.277554958889, -26.405126286667], [-51.277423730833, -26.405009599167], [-51.277507225833, -26.404831763611], [-51.277827080278, -26.404655579167], [-51.278128605556, -26.404782333333], [-51.278204394722, -26.403758190556], [-51.278619828333, -26.403543540556], [-51.279144243889, -26.4026252175]]]}}, {"type": "Feature", "properties": {"cod_imovel": "SC-4210704-86912770A3E7441DA44CAA9677982A9E", "municipio": "Matos Costa", "num_area": 7.3985, "mod_fiscal": 0.4624, "des_condic": "Aguardando analise", "ind_status": "AT", "dat_atuali": "06/03/2015"}, "geometry": {"type": "Polygon", "coordinates": [[[-51.26591920852661, -26.50068741637065], [-51.26323699951172, -26.499420005228504], [-51.26263618469238, -26.49988088362477], [-51.264867782592766, -26.501897204875686], [-51.268064975738525, -26.50231966770236], [-51.26830101013183, -26.501724378726205], [-51.2666916847229, -26.500725822550685], [-51.26591920852661, -26.50068741637065]]]}}, {"type": "Feature", "properties": {"cod_imovel": "SC-4210704-35ECCDF3EB5D479390EF4C126593D5EB", "municipio": "Matos Costa", "num_area": 3.0205, "mod_fiscal": 0.1888, "des_condic": "Aguardando analise", "ind_status": "AT", "dat_atuali": "19/07/2016"}, "geometry": {"type": "Polygon", "coordinates": [[[-51.27326918535059, -26.42087366972667], [-51.27439613841039, -26.41850830810053], [-51.27277220586148, -26.41829417283844], [-51.27271401205746, -26.4208337176403], [-51.27326918535059, -26.42087366972667]]]}}, {"type": "Feature", "properties": {"cod_imovel": "SC-4210704-C3F0133F25274130A739563E039D9537", "municipio": "Matos Costa", "num_area": 19.5456, "mod_fiscal": 1.2216, "des_condic": "Aguardando analise", "ind_status": "AT", "dat_atuali": "31/03/2015"}, "geometry": {"type": "Polygon", "coordinates": [[[-51.28466828524417, -26.41476411346988], [-51.286582946777344, -26.413606850602783], [-51.28622867022346, -26.41285615435924], [-51.28623698170321, -26.41221100624138], [-51.28643274307251, -26.411435238772025], [-51.28711938858032, -26.410531989955288], [-51.27703428268432, -26.414913641559313], [-51.27795696258545, -26.415816856067774], [-51.28171389224723, -26.41427958379078], [-51.28466828524417, -26.41476411346988]]]}}, {"type": "Feature", "properties": {"cod_imovel": "SC-4210704-B4F86FE5FD104B50B8B4A43D0BFF529A", "municipio": "Matos Costa", "num_area": 23.6328, "mod_fiscal": 1.477, "des_condic": "Aguardando analise", "ind_status": "AT", "dat_atuali": "25/01/2019"}, "geometry": {"type": "Polygon", "coordinates": [[[-51.28332514919416, -26.4241679836155], [-51.27991650418663, -26.42862613252375], [-51.27887964248657, -26.43151628444124], [-51.28248453140259, -26.43203507850771], [-51.28433028166009, -26.42489226417596], [-51.28332514919416, -26.4241679836155]]]}}, {"type": "Feature", "properties": {"cod_imovel": "SC-4210704-3883185AB5FD4DF1A1AE542CED963D98", "municipio": "Matos Costa", "num_area": 6.3311, "mod_fiscal": 0.3957, "des_condic": "Aguardando analise", "ind_status": "AT", "dat_atuali": "30/04/2019"}, "geometry": {"type": "Polygon", "coordinates": [[[-51.28828454232554, -26.4290718905455], [-51.28740278972106, -26.43126389438319], [-51.29220732497452, -26.43174285015144], [-51.29230466839942, -26.43098790644111], [-51.28937266449577, -26.43070031969739], [-51.28931255429166, -26.43019456345017], [-51.28964006275947, -26.42925034762051], [-51.28828454232554, -26.4290718905455]]]}}, {"type": "Feature", "properties": {"cod_imovel": "SC-4210704-0046EB36342C4D34B83C795D69866293", "municipio": "Matos Costa", "num_area": 105.9081, "mod_fiscal": 6.6193, "des_condic": "Aguardando analise", "ind_status": "AT", "dat_atuali": "03/12/2020"}, "geometry": {"type": "Polygon", "coordinates": [[[-51.27123450240078, -26.40709243524679], [-51.27601262211896, -26.4019924856266], [-51.27468740881518, -26.40145834549232], [-51.27392741897342, -26.40082581844426], [-51.27373681701943, -26.40107246727366], [-51.27290565736361, -26.40053800575605], [-51.270618438720696, -26.398558470541982], [-51.26782754225813, -26.40328071981559], [-51.26280345277475, -26.40270485595564], [-51.26199892688738, -26.4088165082992], [-51.26072995533496, -26.40934568870915], [-51.26017568073779, -26.41003517103817], [-51.25970170671064, -26.41016643099448], [-51.25985952292576, -26.41273709608192], [-51.26449089636745, -26.4136644979512], [-51.26514256059922, -26.40803022439153], [-51.26541177170222, -26.40786510280505], [-51.26567076296305, -26.40826785810077], [-51.26633685376797, -26.40840480642418], [-51.26679214701544, -26.40820683011872], [-51.26724773944812, -26.40839511066231], [-51.26771277762619, -26.40813528624831], [-51.26791681619803, -26.40855231814109], [-51.26810071353594, -26.40860010444732], [-51.26925257731212, -26.40842771639234], [-51.26964436960467, -26.40896553518833], [-51.27025840013208, -26.40902693445159], [-51.27123450240078, -26.40709243524679]]]}}, {"type": "Feature", "properties": {"cod_imovel": "SC-4210704-5E16DA3918ED4868BF28DB4C01209D58", "municipio": "Matos Costa", "num_area": 344.2377, "mod_fiscal": 21.5075, "des_condic": "Aguardando analise", "ind_status": "AT", "dat_atuali": "05/02/2021"}, "geometry": {"type": "Polygon", "coordinates": [[[-51.2791809025, -26.402619863333], [-51.278124769722, -26.404978113611], [-51.276762121667, -26.405834593056], [-51.274836061111, -26.407751244722], [-51.272868905, -26.408684570556], [-51.272487821667, -26.409284583611], [-51.271336535, -26.409621491389], [-51.269839662222, -26.408955694444], [-51.268663325278, -26.408805764444], [-51.267935576667, -26.408353321389], [-51.267183722222, -26.408553698611], [-51.2660340125, -26.408525933056], [-51.265362542778, -26.408117756111], [-51.264324310556, -26.413420610278], [-51.260002507222, -26.412778485556], [-51.254247705, -26.414521252778], [-51.254274534722, -26.421022135556], [-51.255242891944, -26.420992356389], [-51.256351493333, -26.420645265556], [-51.2575627975, -26.419923979444], [-51.258460047778, -26.419944671944], [-51.259203074167, -26.419690886667], [-51.260825541389, -26.41867371], [-51.261152645833, -26.418169509167], [-51.261542897778, -26.4179490775], [-51.262811793889, -26.418326225], [-51.263877161944, -26.418386971667], [-51.265639303889, -26.418793151389], [-51.2665180275, -26.418535780278], [-51.267381713056, -26.418642826389], [-51.268359054444, -26.418549258611], [-51.269990788333, -26.417731837222], [-51.270150992222, -26.416134038889], [-51.277089887778, -26.414930913611], [-51.286946650278, -26.410662185278], [-51.287358709722, -26.409804230833], [-51.288022445556, -26.409173401667], [-51.28845286, -26.408488496389], [-51.288921071111, -26.407268249444], [-51.289452884167, -26.406709116667], [-51.289948204167, -26.405686431667], [-51.290959202778, -26.404400560556], [-51.291124478611, -26.403335598889], [-51.290908905, -26.40254922], [-51.289996855278, -26.401882907222], [-51.289293699722, -26.400415712778], [-51.287998790833, -26.399206145], [-51.287376094722, -26.3990482425], [-51.286212069167, -26.399106951111], [-51.284920225, -26.398462734444], [-51.284161595833, -26.398720885], [-51.282318293611, -26.400381207222], [-51.2791809025, -26.402619863333]]]}}, {"type": "Feature", "properties": {"cod_imovel": "SC-4210704-24D2247AC32445F7836C406CD4BA22AD", "municipio": "Matos Costa", "num_area": 1150.2432, "mod_fiscal": 71.8884, "des_condic": "Aguardando analise", "ind_status": "AT", "dat_atuali": "03/10/2019"}, "geometry": {"type": "Polygon", "coordinates": [[[-51.2437108083333, -26.4771998055556], [-51.243208, -26.4773658972222], [-51.241810225, -26.4795274444444], [-51.2405810888889, -26.4789242194444], [-51.2387345638889, -26.4785974916667], [-51.2381086583333, -26.4786984722222], [-51.23714878611111, -26.479541275], [-51.2348187444444, -26.4804872694444], [-51.2344597527778, -26.480889625], [-51.2338222666667, -26.4824350083333], [-51.2333878666667, -26.4830671305556], [-51.2318011555556, -26.482757025], [-51.2308806222222, -26.4847094027778], [-51.2298740638889, -26.4853369333333], [-51.229962025, -26.4861569416667], [-51.2306764, -26.486818425], [-51.230824725, -26.4873022111111], [-51.2301553194444, -26.4889405861111], [-51.23028325833331, -26.4896073583333], [-51.2301052694444, -26.4906442138889], [-51.23027455, -26.4920849666667], [-51.2294030611111, -26.4927510527778], [-51.2274876222222, -26.492920175], [-51.2267280861111, -26.4936206305556], [-51.2265527666667, -26.4940020777778], [-51.22661325, -26.4944756083333], [-51.2263013611111, -26.4948108972222], [-51.2260879166667, -26.4946626416667], [-51.2251981555556, -26.4926629416667], [-51.2249255, -26.4926942805556], [-51.22455634166671, -26.4924913055556], [-51.2237456, -26.4911379277778], [-51.2235421333333, -26.4905713861111], [-51.2236297027778, -26.489554425], [-51.22327501111109, -26.489121125], [-51.2219738222222, -26.4888210388889], [-51.2156700916667, -26.4979851833333], [-51.2150504861111, -26.4983076305556], [-51.2145116111111, -26.4990591638889], [-51.2140950888889, -26.499081], [-51.21383833611111, -26.4988382194444], [-51.2137250944444, -26.4981992305556], [-51.2134335722222, -26.4978086388889], [-51.2112394722222, -26.4971190472222], [-51.2094641694444, -26.4972445972222], [-51.20913083611111, -26.4976449611111], [-51.2091153361111, -26.4986786388889], [-51.2088996194444, -26.4996130138889], [-51.2084846277778, -26.5003291055556], [-51.2069476944444, -26.5017072277778], [-51.20679508888891, -26.5020832166667], [-51.2074754305556, -26.5033818833333], [-51.2071079611111, -26.5053369305556], [-51.2072026694444, -26.5064971416667], [-51.20691964722221, -26.50700845], [-51.2058758944444, -26.5077605583333], [-51.2045803, -26.50933015], [-51.2047594888889, -26.5094991722222], [-51.2052187972222, -26.5094677944444], [-51.2052504555556, -26.5096463722222], [-51.20519765, -26.5107153972222], [-51.2048458472222, -26.5120215305556], [-51.22405579166671, -26.51401369166671], [-51.2244239361111, -26.5002155388889], [-51.2248643111111, -26.5001618194444], [-51.22571661388891, -26.4997422055556], [-51.2267774472222, -26.49978325], [-51.2283536083333, -26.4993303777778], [-51.2288439111111, -26.49890201388891], [-51.2296169944444, -26.498638575], [-51.23204807222221, -26.4962029472222], [-51.23243663611111, -26.496097675], [-51.2333064527778, -26.4963010472222], [-51.2350389305556, -26.4959909138889], [-51.2357660972222, -26.4957557416667], [-51.23662524166669, -26.4951940583333], [-51.2376147555556, -26.4951009222222], [-51.2385400333333, -26.4944422055556], [-51.2393307777778, -26.494113575], [-51.24088935, -26.4937893694444], [-51.2429898583333, -26.4944507], [-51.2441446166667, -26.494521875], [-51.2451923305556, -26.495016675], [-51.2462208805556, -26.4945093333333], [-51.2474908527778, -26.4943903444444], [-51.24821582500001, -26.4945466638889], [-51.2503593083333, -26.4954913805556], [-51.2490463305556, -26.5080585916667], [-51.2607666083333, -26.5124004], [-51.2611817777778, -26.51225195], [-51.2643908055556, -26.5131691277778], [-51.26532965, -26.5128849972222], [-51.26555412222221, -26.5124550277778], [-51.2655163666667, -26.5121284027778], [-51.2643257611111, -26.5105652833333], [-51.2631357944444, -26.5093396166667], [-51.2614745555556, -26.5085483194444], [-51.2611460611111, -26.5081909055556], [-51.26104781944441, -26.5075995416667], [-51.2614948888889, -26.5071649611111], [-51.2623802111111, -26.5068279916667], [-51.2648450555556, -26.5067729666667], [-51.26625345, -26.5065266305556], [-51.2680014027778, -26.5065919888889], [-51.2695918305556, -26.50614254444441], [-51.27019284166669, -26.5057018222222], [-51.27036852777779, -26.5053771], [-51.27088619444439, -26.503728375], [-51.2707532611111, -26.5029461166667], [-51.27012565, -26.5021168111111], [-51.26837853333329, -26.5013192666667], [-51.26808646388889, -26.5012470833333], [-51.2681215472222, -26.5019041972222], [-51.2677482833333, -26.5024055305556], [-51.264285775, -26.5019325638889], [-51.2629203, -26.5000382194444], [-51.2634457722222, -26.4996808055556], [-51.2638101194444, -26.4998853], [-51.2639655333333, -26.4996495055556], [-51.262423925, -26.4987073361111], [-51.2630126555556, -26.49779991388891], [-51.26191508888889, -26.4976789083333], [-51.2611146055556, -26.497120775], [-51.2597285944444, -26.4965598833333], [-51.26159895555561, -26.4906275611111], [-51.26075471944441, -26.4905663722222], [-51.2598432694444, -26.490226875], [-51.25949749444441, -26.4898924027778], [-51.2594782, -26.4895404444444], [-51.25987764444441, -26.48871306944441], [-51.2608581361111, -26.4877133916667], [-51.2616566138889, -26.4872236777778], [-51.26469617777779, -26.4839171388889], [-51.2652069111111, -26.48262385], [-51.26499516111111, -26.4813828555556], [-51.2642817583333, -26.481034025], [-51.2606994083333, -26.480407175], [-51.2586397472222, -26.4798612861111], [-51.257825875, -26.4823355583333], [-51.2570715222222, -26.4829019027778], [-51.2559425583333, -26.4832025277778], [-51.2558839638889, -26.4844317861111], [-51.2553540583333, -26.4846867638889], [-51.2535983722222, -26.4848120666667], [-51.2527992083333, -26.4840424083333], [-51.25231398611111, -26.48275766111111], [-51.2520445916667, -26.4824197138889], [-51.2508911638889, -26.4822737305556], [-51.2496804694444, -26.4815109333333], [-51.2493478527778, -26.4809719666667], [-51.2486488305556, -26.4805631861111], [-51.2478321083333, -26.4803635805556], [-51.2457058861111, -26.4775594694444], [-51.2437108083333, -26.4771998055556]]]}}, {"type": "Feature", "properties": {"cod_imovel": "SC-4213609-736D9C5A797843718E5CE63353012FD2", "municipio": "Porto Uniao", "num_area": 6.7557, "mod_fiscal": 0.4222, "des_condic": "Aguardando analise", "ind_status": "AT", "dat_atuali": "16/12/2025"}, "geometry": {"type": "Polygon", "coordinates": [[[-51.251082573333, -26.401340793611], [-51.253801425556, -26.401142679444], [-51.253823167778, -26.399714746667], [-51.250958623333, -26.398363236111003], [-51.251082573333, -26.401340793611]]]}}, {"type": "Feature", "properties": {"cod_imovel": "SC-4213609-031686B4F764425A88E6E1E5D7A2BAF3", "municipio": "Porto Uniao", "num_area": 2.4827, "mod_fiscal": 0.1552, "des_condic": "Aguardando analise", "ind_status": "AT", "dat_atuali": "09/08/2025"}, "geometry": {"type": "Polygon", "coordinates": [[[-51.25220999999972, -26.34125999987596], [-51.25208999999973, -26.34093999987597], [-51.24965499999972, -26.341299999875954], [-51.249779999999724, -26.34209999987593], [-51.25066334849973, -26.342185976975944], [-51.25193335119973, -26.341885976275933], [-51.25220999999972, -26.34125999987596]]]}}, {"type": "Feature", "properties": {"cod_imovel": "SC-4213609-7823389237E14090A964EAEBF3A3B8AB", "municipio": "Porto Uniao", "num_area": 21.5053, "mod_fiscal": 1.3441, "des_condic": "Aguardando analise", "ind_status": "AT", "dat_atuali": "06/08/2025"}, "geometry": {"type": "Polygon", "coordinates": [[[-51.24846277805601, -26.401447488333], [-51.251082573333, -26.401340793611], [-51.250718580556, -26.393807827778], [-51.248297530278, -26.393569250556], [-51.24846277805601, -26.401447488333]]]}}, {"type": "Feature", "properties": {"cod_imovel": "SC-4213609-22816C633312462F86AA1930B2DBB7F7", "municipio": "Porto Uniao", "num_area": 23.132, "mod_fiscal": 1.4176, "des_condic": "Aguardando analise", "ind_status": "AT", "dat_atuali": "07/02/2025"}, "geometry": {"type": "Polygon", "coordinates": [[[-51.25043689813023, -26.36853743039452], [-51.25827772342369, -26.36804638318415], [-51.25906937200521, -26.36662258154161], [-51.26069547042401, -26.36522580030191], [-51.2518351361182, -26.36589046495738], [-51.25043689813023, -26.36853743039452]]]}}, {"type": "Feature", "properties": {"cod_imovel": "SC-4213609-2B40A21367F148C4927868B80570AA7F", "municipio": "Porto Uniao", "num_area": 10.1186, "mod_fiscal": 0.6324, "des_condic": "Analisado, aguardando atendimento a notificacao", "ind_status": "AT", "dat_atuali": "17/02/2017"}, "geometry": {"type": "Polygon", "coordinates": [[[-51.25435374624802, -26.340300696005382], [-51.25403165051552, -26.3397529220678], [-51.24716718929058, -26.339662694351617], [-51.24691217111378, -26.34093802860762], [-51.248202830897384, -26.34178747742648], [-51.2495614219758, -26.341252781856056], [-51.25138516326369, -26.34085985927493], [-51.251684570771346, -26.340587368837742], [-51.25278950455351, -26.340546028934824], [-51.25310650518824, -26.340402507258506], [-51.253554406487105, -26.340628795395872], [-51.25386418825966, -26.340171658341266], [-51.25435374624802, -26.340300696005382]]]}}, {"type": "Feature", "properties": {"cod_imovel": "SC-4213609-C8A72919993B42B8A01C616B303C0714", "municipio": "Porto Uniao", "num_area": 46.0789, "mod_fiscal": 2.8799, "des_condic": "Aguardando analise", "ind_status": "AT", "dat_atuali": "06/12/2024"}, "geometry": {"type": "Polygon", "coordinates": [[[-51.25107705547642, -26.39296087147141], [-51.24188312017866, -26.39190533020343], [-51.24023631697288, -26.39750885435975], [-51.24399153364057, -26.39756633725364], [-51.24832753384005, -26.39788400460725], [-51.24826068885958, -26.39362670966675], [-51.25077875718072, -26.39384258617366], [-51.25107705547642, -26.39296087147141]]]}}, {"type": "Feature", "properties": {"cod_imovel": "SC-4213609-9818EC2F9B464ED7B5E596118A1324AA", "municipio": "Porto Uniao", "num_area": 14.1011, "mod_fiscal": 0.8813, "des_condic": "Aguardando analise", "ind_status": "AT", "dat_atuali": "25/04/2025"}, "geometry": {"type": "Polygon", "coordinates": [[[-51.262049785712804, -26.384034964670903], [-51.26205389235516, -26.385721453587593], [-51.26124012551909, -26.38579896792155], [-51.26098937051437, -26.390604105246403], [-51.26300044161822, -26.391729629644903], [-51.2631626220353, -26.388529884708717], [-51.263124853147076, -26.384161931308302], [-51.262049785712804, -26.384034964670903]]]}}, {"type": "Feature", "properties": {"cod_imovel": "SC-4213609-A49003C432454296943EF3D66C21C1EF", "municipio": "Porto Uniao", "num_area": 4.0647, "mod_fiscal": 0.254, "des_condic": "Cancelado por duplicidade", "ind_status": "CA", "dat_atuali": null}, "geometry": {"type": "Polygon", "coordinates": [[[-51.255362033843994, -26.393561128756662], [-51.25527620315552, -26.397347596045023], [-51.25622034072876, -26.397366816374333], [-51.25630617141723, -26.394272302135782], [-51.256563663482666, -26.393618791626288], [-51.255362033843994, -26.393561128756662]]]}}, {"type": "Feature", "properties": {"cod_imovel": "SC-4213609-2499FE4B183B4E6AAB31B3A2D4CA9836", "municipio": "Porto Uniao", "num_area": 14.4014, "mod_fiscal": 0.8229, "des_condic": "Aguardando analise", "ind_status": "AT", "dat_atuali": "08/10/2024"}, "geometry": {"type": "Polygon", "coordinates": [[[-51.25677223649021, -26.36816662598986], [-51.25313608549871, -26.368360277719077], [-51.25543806798444, -26.371894969814385], [-51.25611865278587, -26.371284996066343], [-51.2569868937325, -26.371634410944456], [-51.25714003680978, -26.371533639480017], [-51.25780385421717, -26.370961430500504], [-51.25832579190869, -26.36983191267418], [-51.25838498572055, -26.369134740739245], [-51.25817833517016, -26.368249696142176], [-51.25677223649021, -26.36816662598986]]]}}, {"type": "Feature", "properties": {"cod_imovel": "SC-4213609-4038DE230D4144ECBFE6C4028DDFAF79", "municipio": "Porto Uniao", "num_area": 7.9906, "mod_fiscal": 0.4994, "des_condic": "Aguardando analise", "ind_status": "AT", "dat_atuali": "29/04/2024"}, "geometry": {"type": "Polygon", "coordinates": [[[-51.25536926894729, -26.38867609501052], [-51.25155541500101, -26.39028733581551], [-51.2537085658496, -26.39317090535711], [-51.25536926894729, -26.38867609501052]]]}}, {"type": "Feature", "properties": {"cod_imovel": "SC-4213609-5372AC9B6D45455E8BC4DB956AE917F1", "municipio": "Porto Uniao", "num_area": 3.6256, "mod_fiscal": 0.2266, "des_condic": "Aguardando analise", "ind_status": "AT", "dat_atuali": "18/11/2023"}, "geometry": {"type": "Polygon", "coordinates": [[[-51.25109915714552, -26.40067175333063], [-51.24840442420765, -26.40046677842756], [-51.24835571527738, -26.40174478165931], [-51.25113850208267, -26.40179023417022], [-51.25109915714552, -26.40067175333063]]]}}, {"type": "Feature", "properties": {"cod_imovel": "SC-4213609-9FC2EAAB1DDF428AB99CBA4B04893014", "municipio": "Porto Uniao", "num_area": 4.5334, "mod_fiscal": 0.2833, "des_condic": "Aguardando analise", "ind_status": "AT", "dat_atuali": "30/11/2022"}, "geometry": {"type": "Polygon", "coordinates": [[[-51.24933722434982, -26.33517336632944], [-51.2512677811434, -26.33422090043218], [-51.24968458646983, -26.33259449399739], [-51.24822686400267, -26.33632988297891], [-51.24915812651536, -26.33634539326507], [-51.24933722434982, -26.33517336632944]]]}}, {"type": "Feature", "properties": {"cod_imovel": "SC-4213609-80F10A05F098440F81A61EE709EF8E3E", "municipio": "Porto Uniao", "num_area": 29.9175, "mod_fiscal": 1.8698, "des_condic": "Aguardando analise", "ind_status": "AT", "dat_atuali": "19/01/2023"}, "geometry": {"type": "Polygon", "coordinates": [[[-51.25951400553292, -26.36164997443358], [-51.25895381832973, -26.36061049761058], [-51.25366910682193, -26.36107123555371], [-51.25374047001433, -26.36549116291144], [-51.25931062267185, -26.36533588113407], [-51.25967265731273, -26.36471948188584], [-51.25979706471377, -26.363986574524], [-51.25981342270989, -26.36270362851043], [-51.25951400553292, -26.36164997443358]]]}}, {"type": "Feature", "properties": {"cod_imovel": "SC-4213609-DD9D93CDD9AD4726AC4586DAAD796A64", "municipio": "Porto Uniao", "num_area": 28.482, "mod_fiscal": 1.7801, "des_condic": "Aguardando analise", "ind_status": "AT", "dat_atuali": "16/09/2022"}, "geometry": {"type": "Polygon", "coordinates": [[[-51.2411882979, -26.3499337597], [-51.2411137791, -26.350436889], [-51.2405069633, -26.3504636568], [-51.2400361786, -26.3508295897], [-51.2396999806, -26.3516664557], [-51.2488015972, -26.3516420161], [-51.2494751886, -26.35102151], [-51.25065679109999, -26.3504185561], [-51.25033675620001, -26.3493979062], [-51.2494302409, -26.3494415043], [-51.2494402408, -26.3492205043], [-51.2481662407, -26.3489335043], [-51.2472222407, -26.3494215044], [-51.2465902405, -26.3487265045], [-51.2458872405, -26.3488115045], [-51.24388424030001, -26.3482765047], [-51.2437042883, -26.3484364567], [-51.2434362402, -26.3483435047], [-51.24325024019999, -26.3486045047], [-51.2427432402, -26.3485165047], [-51.2420688606, -26.3489345451], [-51.2411882979, -26.3499337597]]]}}, {"type": "Feature", "properties": {"cod_imovel": "SC-4213609-A30069C343564360924721D7C095F39D", "municipio": "Porto Uniao", "num_area": 21.721, "mod_fiscal": 1.3576, "des_condic": "Aguardando analise", "ind_status": "AT", "dat_atuali": "06/10/2023"}, "geometry": {"type": "Polygon", "coordinates": [[[-51.240189084417, -26.3535785078362], [-51.2529399182665, -26.3530861239711], [-51.2524189197196, -26.3522889082751], [-51.2435611337839, -26.3528472136183], [-51.2436159749419, -26.3522855296953], [-51.2488672463026, -26.3521633630063], [-51.2517458126536, -26.3512888549205], [-51.2509033477165, -26.3500281945378], [-51.2490191788401, -26.3514710447032], [-51.2397041987964, -26.3516571751002], [-51.240189084417, -26.3535785078362]]]}}, {"type": "Feature", "properties": {"cod_imovel": "SC-4213609-94E9950FFB014B029041FFEE5ABF8B20", "municipio": "Porto Uniao", "num_area": 5.6907, "mod_fiscal": 0.3557, "des_condic": "Aguardando analise", "ind_status": "AT", "dat_atuali": "06/10/2023"}, "geometry": {"type": "Polygon", "coordinates": [[[-51.247589563246, -26.3526957524377], [-51.2524090625159, -26.3522922756569], [-51.2517397982781, -26.3512895925388], [-51.2488616294462, -26.3521640717872], [-51.243611875706, -26.352305071461], [-51.2435619723333, -26.3528450508445], [-51.247589563246, -26.3526957524377]]]}}, {"type": "Feature", "properties": {"cod_imovel": "SC-4213609-5CA392BBFACC4AE5814B23F027A1CE61", "municipio": "Porto Uniao", "num_area": 3.7716, "mod_fiscal": 0.2357, "des_condic": "Aguardando analise", "ind_status": "AT", "dat_atuali": "22/09/2023"}, "geometry": {"type": "Polygon", "coordinates": [[[-51.2505124297858, -26.3722689375919], [-51.250329536606, -26.3696245729786], [-51.2486087525492, -26.369737745426], [-51.2499954949995, -26.3727078588801], [-51.2503284720663, -26.3726419397567], [-51.2505124297858, -26.3722689375919]]]}}, {"type": "Feature", "properties": {"cod_imovel": "SC-4213609-297F3CB84389441797611167033691A5", "municipio": "Porto Uniao", "num_area": 2.0763, "mod_fiscal": 0.1298, "des_condic": "Aguardando analise", "ind_status": "AT", "dat_atuali": "20/09/2023"}, "geometry": {"type": "Polygon", "coordinates": [[[-51.2528066268102, -26.3384053196394], [-51.252542153631, -26.3377330985319], [-51.2498213818929, -26.3385864379136], [-51.2498414185788, -26.3389838968854], [-51.2502150028843, -26.3390545824739], [-51.2528066268102, -26.3384053196394]]]}}, {"type": "Feature", "properties": {"cod_imovel": "SC-4213609-FCE31ED4DB0C41449D0A6BE4C93A8186", "municipio": "Porto Uniao", "num_area": 0.5103, "mod_fiscal": 0.0319, "des_condic": "Aguardando analise", "ind_status": "AT", "dat_atuali": "20/09/2023"}, "geometry": {"type": "Polygon", "coordinates": [[[-51.2528100642981, -26.3384012431273], [-51.2534640789091, -26.33805171574], [-51.2531917668731, -26.3375294392585], [-51.2525418939446, -26.3377386892486], [-51.2528100642981, -26.3384012431273]]]}}, {"type": "Feature", "properties": {"cod_imovel": "SC-4213609-296FA3523C5A42F7B3AE39D7AA7C6D1B", "municipio": "Porto Uniao", "num_area": 6.5722, "mod_fiscal": 0.4108, "des_condic": "Aguardando analise", "ind_status": "AT", "dat_atuali": "16/09/2023"}, "geometry": {"type": "Polygon", "coordinates": [[[-51.2450184570281, -26.3384869798333], [-51.2463087196745, -26.3396480849374], [-51.253196385795, -26.3375324088951], [-51.2531060724675, -26.3373554341345], [-51.2490366099858, -26.3375341436837], [-51.2488734796576, -26.3384505315023], [-51.2450184570281, -26.3384869798333]]]}}, {"type": "Feature", "properties": {"cod_imovel": "SC-4213609-5B6031D23EAB4E4BA314A34178620C16", "municipio": "Porto Uniao", "num_area": 3.6748, "mod_fiscal": 0.2297, "des_condic": "Aguardando analise", "ind_status": "AT", "dat_atuali": "16/09/2023"}, "geometry": {"type": "Polygon", "coordinates": [[[-51.252689995397, -26.3384865742127], [-51.2502205931144, -26.3390699889322], [-51.2498320790489, -26.3390012256868], [-51.2498769204726, -26.3396284935791], [-51.2542131343541, -26.3396209044604], [-51.2537898204699, -26.3387618095023], [-51.2529817110789, -26.3390393699589], [-51.252689995397, -26.3384865742127]]]}}, {"type": "Feature", "properties": {"cod_imovel": "SC-4213609-5398D594385B4F43849A1C294E32C639", "municipio": "Porto Uniao", "num_area": 0.6654, "mod_fiscal": 0.0416, "des_condic": "Aguardando analise", "ind_status": "AT", "dat_atuali": "15/09/2023"}, "geometry": {"type": "Polygon", "coordinates": [[[-51.2537799304711, -26.3387460410648], [-51.2534668232025, -26.3380504596855], [-51.2527001422457, -26.3384619481051], [-51.2529846421843, -26.339038816145], [-51.2537799304711, -26.3387460410648]]]}}, {"type": "Feature", "properties": {"cod_imovel": "SC-4213609-7E83A32FA1E24BCE83D8456538E96B5A", "municipio": "Porto Uniao", "num_area": 4.4161, "mod_fiscal": 0.276, "des_condic": "Aguardando analise", "ind_status": "AT", "dat_atuali": "15/09/2023"}, "geometry": {"type": "Polygon", "coordinates": [[[-51.2526464129651, -26.3364113360588], [-51.2491532269092, -26.3363168053692], [-51.2490445046846, -26.3375021674308], [-51.2530949028574, -26.3373418060873], [-51.2526464129651, -26.3364113360588]]]}}, {"type": "Feature", "properties": {"cod_imovel": "SC-4213609-9265D2C985D74387BD20990BB690F0E5", "municipio": "Porto Uniao", "num_area": 17.807, "mod_fiscal": 1.1129, "des_condic": "Aguardando analise", "ind_status": "AT", "dat_atuali": "23/03/2015"}, "geometry": {"type": "Polygon", "coordinates": [[[-51.26325845718384, -26.3854688204744], [-51.26312971115112, -26.38856357065603], [-51.2662410736084, -26.38908255790795], [-51.26645082802421, -26.38870702304527], [-51.26723946206149, -26.38855870062623], [-51.26742878838343, -26.38835557588703], [-51.26797914505004, -26.38687204046047], [-51.2670072622054, -26.38633432872226], [-51.26662294602898, -26.38590836802749], [-51.26626253128052, -26.384930594586113], [-51.26576993149931, -26.38433519460914], [-51.26501329064419, -26.38394770167582], [-51.26427370042406, -26.38519151055744], [-51.26325845718384, -26.3854688204744]]]}}, {"type": "Feature", "properties": {"cod_imovel": "SC-4213609-AED21FC765244379B370E7B53964F728", "municipio": "Porto Uniao", "num_area": 17.1719, "mod_fiscal": 1.0732, "des_condic": "Aguardando analise", "ind_status": "AT", "dat_atuali": "11/04/2016"}, "geometry": {"type": "Polygon", "coordinates": [[[-51.25088237143135, -26.380311994997005], [-51.25101356054266, -26.385633218241363], [-51.25402127950375, -26.387147922241645], [-51.253982525606155, -26.381906123900503], [-51.25187951064821, -26.381024068324308], [-51.25088237143135, -26.380311994997005]]]}}, {"type": "Feature", "properties": {"cod_imovel": "SC-4213609-F6B86B534E6F4D15BC1924F984B27574", "municipio": "Porto Uniao", "num_area": 32.5069, "mod_fiscal": 2.0317, "des_condic": "Aguardando analise", "ind_status": "AT", "dat_atuali": "04/05/2016"}, "geometry": {"type": "Polygon", "coordinates": [[[-51.26641273498535, -26.3888903406792], [-51.26321554183959, -26.388525127063104], [-51.26302242279053, -26.391677459179785], [-51.25765800476074, -26.389063336199474], [-51.25645637512207, -26.39413775615681], [-51.25744342803955, -26.394272302135782], [-51.2577223777771, -26.393003719532324], [-51.26291513442993, -26.393791780062323], [-51.263387203216546, -26.392811508830974], [-51.26448154449463, -26.393138266832867], [-51.264545917510986, -26.392792287743237], [-51.26420259475707, -26.391792786771724], [-51.26428842544556, -26.39152368887801], [-51.265296936035156, -26.39150446757588], [-51.26561880111694, -26.391273811700856], [-51.26641273498535, -26.3888903406792]]]}}, {"type": "Feature", "properties": {"cod_imovel": "SC-4213609-61C0B00B70F7465D989D563371EC1B8E", "municipio": "Porto Uniao", "num_area": 4.8743, "mod_fiscal": 0.3046, "des_condic": "Aguardando analise", "ind_status": "AT", "dat_atuali": "05/04/2019"}, "geometry": {"type": "Polygon", "coordinates": [[[-51.2610695264291, -26.39052843444624], [-51.26137645870706, -26.38274249595544], [-51.26076868942789, -26.3824673232989], [-51.26059927881156, -26.39028188291226], [-51.2610695264291, -26.39052843444624]]]}}, {"type": "Feature", "properties": {"cod_imovel": "SC-4213609-3A1C58CB892C485BBC4B5EC2DCA68786", "municipio": "Porto Uniao", "num_area": 12.0696, "mod_fiscal": 0.7543, "des_condic": "Aguardando analise", "ind_status": "AT", "dat_atuali": "01/06/2015"}, "geometry": {"type": "Polygon", "coordinates": [[[-51.265683174133294, -26.39035118359313], [-51.26546859741211, -26.39069716999745], [-51.26553297042847, -26.391081598119694], [-51.26527547836304, -26.391273811700856], [-51.264610290527344, -26.391350697043716], [-51.26793622970581, -26.39469515990604], [-51.27042531967163, -26.39258085556698], [-51.265683174133294, -26.39035118359313]]]}}, {"type": "Feature", "properties": {"cod_imovel": "SC-4213609-1D08A984A60643AFAAE124C3ECD0A96D", "municipio": "Porto Uniao", "num_area": 5.5705, "mod_fiscal": 0.3482, "des_condic": "Aguardando analise", "ind_status": "AT", "dat_atuali": "26/01/2016"}, "geometry": {"type": "Polygon", "coordinates": [[[-51.25655114238595, -26.39588481226665], [-51.25939152303192, -26.39611902454551], [-51.25978860035091, -26.39426584639338], [-51.25657150772854, -26.39441247836664], [-51.25655114238595, -26.39588481226665]]]}}, {"type": "Feature", "properties": {"cod_imovel": "SC-4213609-00DB3054FE1049F5AEAF81678AF84060", "municipio": "Porto Uniao", "num_area": 14.0861, "mod_fiscal": 0.8804, "des_condic": "Aguardando analise", "ind_status": "AT", "dat_atuali": "25/04/2016"}, "geometry": {"type": "Polygon", "coordinates": [[[-51.25124216079712, -26.34761389571009], [-51.25164985656738, -26.34722932298066], [-51.253581047058105, -26.34617174138301], [-51.24428987503052, -26.345748706037018], [-51.24428987503052, -26.347402380867095], [-51.25124216079712, -26.34761389571009]]]}}, {"type": "Feature", "properties": {"cod_imovel": "SC-4213609-0172987BDDDF4BDDBD8722E445A4D6F6", "municipio": "Porto Uniao", "num_area": 10.1106, "mod_fiscal": 0.6319, "des_condic": "Aguardando analise", "ind_status": "AT", "dat_atuali": "25/04/2016"}, "geometry": {"type": "Polygon", "coordinates": [[[-51.250598430633545, -26.34951751189431], [-51.25046968460083, -26.349056032059494], [-51.2505555152893, -26.34851763659208], [-51.25119924545288, -26.347575438494673], [-51.244568824768066, -26.347383152225834], [-51.24452590942383, -26.348286894910412], [-51.24624252319336, -26.34855609349428], [-51.247358322143555, -26.349190630534817], [-51.24823808670044, -26.3489983469507], [-51.250598430633545, -26.34951751189431]]]}}, {"type": "Feature", "properties": {"cod_imovel": "SC-4213609-ACE633B9EE094A9BA845558F95321FE8", "municipio": "Porto Uniao", "num_area": 8.7915, "mod_fiscal": 0.5495, "des_condic": "Aguardando analise", "ind_status": "AT", "dat_atuali": "08/10/2018"}, "geometry": {"type": "Polygon", "coordinates": [[[-51.2493790227467, -26.40498919025481], [-51.25070143707168, -26.40430772918559], [-51.24994261577535, -26.40128297046439], [-51.2478939694881, -26.40136788076272], [-51.24802206270118, -26.40449043477625], [-51.2493790227467, -26.40498919025481]]]}}, {"type": "Feature", "properties": {"cod_imovel": "SC-4213609-71E69C10583549B9B48D781CB15F27F6", "municipio": "Porto Uniao", "num_area": 8.168, "mod_fiscal": 0.5105, "des_condic": "Aguardando analise", "ind_status": "AT", "dat_atuali": "02/05/2016"}, "geometry": {"type": "Polygon", "coordinates": [[[-51.2553920962989, -26.39961118052352], [-51.25636325426293, -26.40025362560274], [-51.25631617091681, -26.39739043217843], [-51.25393691992452, -26.39737148323654], [-51.25406971366638, -26.39833011075212], [-51.25340319689057, -26.39954456056222], [-51.25390563759636, -26.3998119183497], [-51.25379942823377, -26.40122268151601], [-51.25440679528141, -26.40101582831945], [-51.2553920962989, -26.39961118052352]]]}}, {"type": "Feature", "properties": {"cod_imovel": "SC-4213609-2F873442C9C04F41B7C4133A14DF6953", "municipio": "Porto Uniao", "num_area": 18.513, "mod_fiscal": 1.1571, "des_condic": "Aguardando analise", "ind_status": "AT", "dat_atuali": "04/10/2016"}, "geometry": {"type": "Polygon", "coordinates": [[[-51.25411062522807, -26.37712851378943], [-51.25228935480592, -26.37588595004637], [-51.25112162798349, -26.37533991646405], [-51.25061774602649, -26.37589068241046], [-51.25080191387497, -26.38016504022406], [-51.25164188352296, -26.38087180224931], [-51.25325287025316, -26.38163798741258], [-51.25394420113232, -26.38178811608138], [-51.25411062522807, -26.37712851378943]]]}}, {"type": "Feature", "properties": {"cod_imovel": "SC-4213609-D0D2D003461047378A69574C1B0BB5A4", "municipio": "Porto Uniao", "num_area": 39.7381, "mod_fiscal": 2.4836, "des_condic": "Aguardando analise", "ind_status": "AT", "dat_atuali": "23/01/2017"}, "geometry": {"type": "Polygon", "coordinates": [[[-51.24363358955357, -26.369624967974325], [-51.24868278551237, -26.369800983316573], [-51.25044226990037, -26.36961855878348], [-51.2489728347542, -26.361525118885883], [-51.246560895174234, -26.361426347736742], [-51.24669891360907, -26.365686640387366], [-51.24378824911475, -26.366415821066372], [-51.24363358955357, -26.369624967974325]]]}}, {"type": "Feature", "properties": {"cod_imovel": "SC-4213609-5D8FE0BA7C3B442CA3911B474C9647AB", "municipio": "Porto Uniao", "num_area": 6.0589, "mod_fiscal": 0.3787, "des_condic": "Aguardando analise", "ind_status": "AT", "dat_atuali": "02/05/2016"}, "geometry": {"type": "Polygon", "coordinates": [[[-51.26314856362135, -26.38424565742921], [-51.26313482120775, -26.38340933178984], [-51.26278025655764, -26.38286458576381], [-51.26261579720977, -26.38219982110353], [-51.26248318223815, -26.38009274086899], [-51.26217296500164, -26.37946560448011], [-51.26135724409907, -26.37889019086945], [-51.26127062283384, -26.38221414394822], [-51.2617239320503, -26.38242479793418], [-51.26204750933285, -26.38280093041948], [-51.26206400172605, -26.38414854181565], [-51.26314856362135, -26.38424565742921]]]}}, {"type": "Feature", "properties": {"cod_imovel": "SC-4213609-79A9A7CA941848D889C526D6A1D32F41", "municipio": "Porto Uniao", "num_area": 8.4806, "mod_fiscal": 0.53, "des_condic": "Aguardando analise", "ind_status": "AT", "dat_atuali": "03/11/2015"}, "geometry": {"type": "Polygon", "coordinates": [[[-51.25057045652171, -26.40436469936757], [-51.25196426475261, -26.40362317110513], [-51.25277408274044, -26.40341311071871], [-51.25293161118136, -26.40304774435715], [-51.2529599209736, -26.40213026188232], [-51.25477014401321, -26.40082204412363], [-51.25011288816994, -26.40150382163316], [-51.25057045652171, -26.40436469936757]]]}}, {"type": "Feature", "properties": {"cod_imovel": "SC-4213609-E536DF6F29C541A2A2AE20619F3D503D", "municipio": "Porto Uniao", "num_area": 6.0941, "mod_fiscal": 0.3809, "des_condic": "Aguardando analise", "ind_status": "AT", "dat_atuali": "15/12/2015"}, "geometry": {"type": "Polygon", "coordinates": [[[-51.26265030072383, -26.39386932401441], [-51.25769423717129, -26.39309596181821], [-51.25742197036743, -26.394368406310473], [-51.26169204711914, -26.394810484483678], [-51.26265030072383, -26.39386932401441]]]}}, {"type": "Feature", "properties": {"cod_imovel": "SC-4213609-9E670851298247E5ACD6A0E9578A735F", "municipio": "Porto Uniao", "num_area": 3.8312, "mod_fiscal": 0.2395, "des_condic": "Aguardando analise", "ind_status": "AT", "dat_atuali": "24/04/2015"}, "geometry": {"type": "Polygon", "coordinates": [[[-51.25104904174804, -26.373492701569784], [-51.25195811924964, -26.37337551883965], [-51.251205872713, -26.37291433068658], [-51.24752998352051, -26.373031317420477], [-51.24750852584839, -26.373704168689233], [-51.25044822692871, -26.37406942916588], [-51.250598430633545, -26.373761841472824], [-51.25104904174804, -26.373492701569784]]]}}, {"type": "Feature", "properties": {"cod_imovel": "SC-4213609-2BCFFE8567F843E8BB3EB502FAED308F", "municipio": "Porto Uniao", "num_area": 35.4774, "mod_fiscal": 2.2173, "des_condic": "Aguardando analise", "ind_status": "AT", "dat_atuali": "14/05/2015"}, "geometry": {"type": "Polygon", "coordinates": [[[-51.24905347824097, -26.385218930195336], [-51.24948263168335, -26.392542413311517], [-51.25375270843506, -26.392849950996833], [-51.252572536468506, -26.390428069550346], [-51.25542640686035, -26.38892878415055], [-51.25576972961426, -26.3878523621152], [-51.25115633010864, -26.385680265672843], [-51.24905347824097, -26.385218930195336]]]}}, {"type": "Feature", "properties": {"cod_imovel": "SC-4213609-2CAFB1AD9FB54D9CA7441E23A217AF36", "municipio": "Porto Uniao", "num_area": 4.0647, "mod_fiscal": 0.254, "des_condic": "Aguardando analise", "ind_status": "AT", "dat_atuali": "09/09/2015"}, "geometry": {"type": "Polygon", "coordinates": [[[-51.255362033843994, -26.393561128756662], [-51.25527620315552, -26.397347596045023], [-51.25622034072876, -26.397366816374333], [-51.25630617141723, -26.394272302135782], [-51.256563663482666, -26.393618791626288], [-51.255362033843994, -26.393561128756662]]]}}, {"type": "Feature", "properties": {"cod_imovel": "SC-4213609-42F8BA633FE94B5C9CD6E355859EFCDA", "municipio": "Porto Uniao", "num_area": 18.9731, "mod_fiscal": 1.1858, "des_condic": "Aguardando analise", "ind_status": "AT", "dat_atuali": "16/03/2015"}, "geometry": {"type": "Polygon", "coordinates": [[[-51.2555772355631, -26.37212200250791], [-51.2529040090131, -26.36840569801537], [-51.25030608990029, -26.36853178076751], [-51.25051175618044, -26.37222976096784], [-51.25087500944462, -26.37236622144729], [-51.25232020993692, -26.37228788159617], [-51.25301348674979, -26.37200593828424], [-51.25346423348199, -26.37224910040419], [-51.25367156578826, -26.37264756821833], [-51.25352562857071, -26.37273922400867], [-51.25360549308297, -26.37291644846945], [-51.25321219116687, -26.37303755700798], [-51.25281282315028, -26.37278549309387], [-51.25176639892023, -26.37315334033797], [-51.25195646824513, -26.37336127942792], [-51.25499089168249, -26.37293186052052], [-51.25586517835036, -26.37254789736994], [-51.25659081673344, -26.37200596056692], [-51.25627000836497, -26.37179798335501], [-51.2555772355631, -26.37212200250791]]]}}, {"type": "Feature", "properties": {"cod_imovel": "SC-4213609-4ADF5DC04C034FFBBD2AEE04D28B4F4D", "municipio": "Porto Uniao", "num_area": 2.821, "mod_fiscal": 0.1763, "des_condic": "Aguardando analise", "ind_status": "AT", "dat_atuali": "26/06/2019"}, "geometry": {"type": "Polygon", "coordinates": [[[-51.26504359828802, -26.38394699250027], [-51.26410191910559, -26.3836924222155], [-51.26365075745079, -26.3837236824126], [-51.26307703069509, -26.38331279615089], [-51.26310706711346, -26.38539762427179], [-51.2642849644842, -26.38521377666361], [-51.26504359828802, -26.38394699250027]]]}}, {"type": "Feature", "properties": {"cod_imovel": "SC-4213609-EF03DDC231954534B47F0B9ADAE80934", "municipio": "Porto Uniao", "num_area": 28.2323, "mod_fiscal": 1.7645, "des_condic": "Aguardando analise", "ind_status": "AT", "dat_atuali": "18/04/2016"}, "geometry": {"type": "Polygon", "coordinates": [[[-51.25886275309587, -26.379169239347295], [-51.258173661893984, -26.37947368551185], [-51.25742143801977, -26.379235080938876], [-51.25612371827319, -26.37830227828132], [-51.25618565753724, -26.387826857110692], [-51.258782147106096, -26.389428589730134], [-51.25886275309587, -26.379169239347295]]]}}, {"type": "Feature", "properties": {"cod_imovel": "SC-4213609-B6F477887B204795AC5F72E23111AFB7", "municipio": "Porto Uniao", "num_area": 21.3311, "mod_fiscal": 1.3332, "des_condic": "Aguardando analise", "ind_status": "AT", "dat_atuali": "10/02/2015"}, "geometry": {"type": "Polygon", "coordinates": [[[-51.24916076660156, -26.37714526106341], [-51.24861908136308, -26.37718881656895], [-51.24894618988037, -26.38523815254369], [-51.25119924545288, -26.385661043398077], [-51.25072717666625, -26.375857266420976], [-51.24916076660156, -26.37714526106341]]]}}, {"type": "Feature", "properties": {"cod_imovel": "SC-4213609-B310E9F4A8654558A03FFD97787A7E1B", "municipio": "Porto Uniao", "num_area": 21.8529, "mod_fiscal": 1.3658, "des_condic": "Aguardando analise", "ind_status": "AT", "dat_atuali": "26/01/2016"}, "geometry": {"type": "Polygon", "coordinates": [[[-51.25530109159878, -26.3935288037089], [-51.25114381222105, -26.3924722274905], [-51.25066549962958, -26.39371080449837], [-51.2508528758331, -26.39728514288395], [-51.25529670702384, -26.39742346131534], [-51.25530109159878, -26.3935288037089]]]}}, {"type": "Feature", "properties": {"cod_imovel": "SC-4213609-00450E126EBB4578AA90931AF656AEA4", "municipio": "Porto Uniao", "num_area": 22.4094, "mod_fiscal": 1.3997, "des_condic": "Aguardando analise", "ind_status": "AT", "dat_atuali": "19/03/2015"}, "geometry": {"type": "Polygon", "coordinates": [[[-51.25890254974365, -26.37922140130542], [-51.25876682610065, -26.38957372918283], [-51.2606406211853, -26.390524176924867], [-51.26064985178439, -26.37873461602781], [-51.25964269206051, -26.37879777479387], [-51.25890254974365, -26.37922140130542]]]}}, {"type": "Feature", "properties": {"cod_imovel": "SC-4213609-F065102D027C42EEB63DC2339D629F6A", "municipio": "Porto Uniao", "num_area": 3.0105, "mod_fiscal": 0.1882, "des_condic": "Aguardando analise", "ind_status": "AT", "dat_atuali": "09/06/2015"}, "geometry": {"type": "Polygon", "coordinates": [[[-51.26196822643229, -26.38278657394905], [-51.2612655543023, -26.38225728807461], [-51.26128435134888, -26.3864491540403], [-51.26194953918457, -26.3864491540403], [-51.26196822643229, -26.38278657394905]]]}}, {"type": "Feature", "properties": {"cod_imovel": "SC-4213609-AFBDF81DF5E347788D99482BA94B8A07", "municipio": "Porto Uniao", "num_area": 17.947, "mod_fiscal": 1.1217, "des_condic": "Aguardando analise", "ind_status": "AT", "dat_atuali": "23/09/2015"}, "geometry": {"type": "Polygon", "coordinates": [[[-51.25443935394287, -26.389217109777693], [-51.253087520599365, -26.393003719532324], [-51.25527620315552, -26.3935226868276], [-51.25677824020386, -26.393368918983295], [-51.258130073547356, -26.390408848065846], [-51.25911712646484, -26.38954387795152], [-51.25443935394287, -26.389217109777693]]]}}, {"type": "Feature", "properties": {"cod_imovel": "SC-4213609-C42ED82053AA43599A03CBEFC3B31F05", "municipio": "Porto Uniao", "num_area": 13.5085, "mod_fiscal": 0.8443, "des_condic": "Aguardando analise", "ind_status": "AT", "dat_atuali": "02/03/2015"}, "geometry": {"type": "Polygon", "coordinates": [[[-51.247358322143555, -26.373069766169948], [-51.249847412109375, -26.372858297889547], [-51.25004383697952, -26.37225110951946], [-51.24957193428671, -26.37179794794406], [-51.2497376214871, -26.37134344194752], [-51.249117851257324, -26.37083971755466], [-51.248624324798584, -26.369916926229813], [-51.243860721588135, -26.36945552780437], [-51.247358322143555, -26.373069766169948]]]}}, {"type": "Feature", "properties": {"cod_imovel": "SC-4213609-C4BA18FA32484D71BB29E9A01FD48FB9", "municipio": "Porto Uniao", "num_area": 26.4142, "mod_fiscal": 1.6509, "des_condic": "Aguardando analise", "ind_status": "AT", "dat_atuali": "05/05/2016"}, "geometry": {"type": "Polygon", "coordinates": [[[-51.25639093994573, -26.40042881922525], [-51.25815381228043, -26.40031746034216], [-51.25884659587465, -26.39977019151031], [-51.25985645351629, -26.39928771381482], [-51.26043328539006, -26.39875949412017], [-51.26123569659828, -26.39719279011102], [-51.26113160163013, -26.3959764169362], [-51.26159191658198, -26.39480329480482], [-51.25970096851329, -26.39456892572985], [-51.25947709615527, -26.39594323260027], [-51.25712540892621, -26.39577458963233], [-51.25729482083919, -26.39425457446222], [-51.25556435437634, -26.39439318163375], [-51.25639093994573, -26.40042881922525]]]}}, {"type": "Feature", "properties": {"cod_imovel": "SC-4213609-CE283F0EC7D94DC3965C6EA863F2E079", "municipio": "Porto Uniao", "num_area": 25.2322, "mod_fiscal": 1.577, "des_condic": "Aguardando analise", "ind_status": "AT", "dat_atuali": "29/10/2018"}, "geometry": {"type": "Polygon", "coordinates": [[[-51.25495433807373, -26.35601649068759], [-51.252917529448, -26.35292503740347], [-51.246371269226074, -26.3533631055876], [-51.246328353881836, -26.356208762604645], [-51.25495433807373, -26.35601649068759]]]}}, {"type": "Feature", "properties": {"cod_imovel": "SC-4213609-9C921929E8FB435EA35144BB58EA301E", "municipio": "Porto Uniao", "num_area": 5.2493, "mod_fiscal": 0.3281, "des_condic": "Aguardando analise", "ind_status": "AT", "dat_atuali": "30/11/2022"}, "geometry": {"type": "Polygon", "coordinates": [[[-51.25131899941057, -26.33455919187969], [-51.2512673427855, -26.33422200424327], [-51.24933728600838, -26.33517367166751], [-51.2491597215072, -26.33633966068165], [-51.252677666259, -26.33638542161218], [-51.25131899941057, -26.33455919187969]]]}}, {"type": "Feature", "properties": {"cod_imovel": "SC-4213609-76FD5C231AE24409A6980351A8CAFCC0", "municipio": "Porto Uniao", "num_area": 10.2921, "mod_fiscal": 0.6433, "des_condic": "Aguardando analise", "ind_status": "AT", "dat_atuali": "12/03/2020"}, "geometry": {"type": "Polygon", "coordinates": [[[-51.255115270614624, -26.341441349009926], [-51.25479340553284, -26.340576012408643], [-51.25398874282837, -26.340249105786377], [-51.25346302986145, -26.3407010058731], [-51.25266909599304, -26.340556782632895], [-51.25229358673096, -26.340979836961164], [-51.250340938568115, -26.341249052546637], [-51.24874234199523, -26.341950933092242], [-51.24828100204468, -26.342018236482527], [-51.24714374542236, -26.341249052546637], [-51.24690467049275, -26.342832518429997], [-51.25188589096069, -26.34282587411247], [-51.25178933143616, -26.34196054786467], [-51.25241160392761, -26.34161441555368], [-51.255115270614624, -26.341441349009926]]]}}, {"type": "Feature", "properties": {"cod_imovel": "SC-4213609-EE95D240545E45A989C3452383CEFC08", "municipio": "Porto Uniao", "num_area": 3.9559, "mod_fiscal": 0.2472, "des_condic": "Aguardando analise", "ind_status": "AT", "dat_atuali": "12/03/2020"}, "geometry": {"type": "Polygon", "coordinates": [[[-51.25492215156555, -26.341595185950492], [-51.253184080123894, -26.34161441555368], [-51.25314116477966, -26.341979777407158], [-51.252315044403076, -26.342114384115007], [-51.25186443328857, -26.342941250456562], [-51.2552547454834, -26.342979709212386], [-51.25492215156555, -26.341595185950492]]]}}, {"type": "Feature", "properties": {"cod_imovel": "SC-4213609-D1DDC7639B2C45789C0107668879C5B8", "municipio": "Porto Uniao", "num_area": 2.4377, "mod_fiscal": 0.1524, "des_condic": "Aguardando analise", "ind_status": "AT", "dat_atuali": "11/12/2020"}, "geometry": {"type": "Polygon", "coordinates": [[[-51.261260533925125, -26.382560217414], [-51.26131722162499, -26.378964737127582], [-51.26070042406697, -26.378801040245207], [-51.260644759209974, -26.38233045402723], [-51.261260533925125, -26.382560217414]]]}}]}