{"type": "FeatureCollection", "features": [{"type": "Feature", "properties": {"cod_imovel": "SC-4201000-A864423158E74F2C943AC806C2EC36EB", "municipio": "Anita Garibaldi", "num_area": 13660.4212, "mod_fiscal": 593.9294, "des_condic": "Aguardando analise", "ind_status": "AT", "dat_atuali": "05/05/2016"}, "geometry": {"type": "Polygon", "coordinates": [[[-50.75673653817163, -28.22156789973805], [-50.75765618917944, -28.2156526654574], [-50.75829708594444, -28.21313575880434], [-50.75916179702887, -28.21134837728799], [-50.76001229846783, -28.21057990504719], [-50.75981145394032, -28.21119162538156], [-50.75992318213114, -28.21195837570983], [-50.76027031176818, -28.21254226789595], [-50.7613192608646, -28.21348674882255], [-50.76298919439569, -28.21425862737966], [-50.76352872785608, -28.21465912612029], [-50.7637120415128, -28.21524771359305], [-50.7642543054412, -28.21551605208679], [-50.76476885068928, -28.21661867643089], [-50.76540854739965, -28.21730315006213], [-50.76603754099844, -28.21757922586836], [-50.76729094313454, -28.21766894260253], [-50.77060798056938, -28.21731193672628], [-50.77118065833173, -28.21775175779317], [-50.77155279958912, -28.21844574196687], [-50.77231756293869, -28.21838352043378], [-50.77257170864817, -28.21815250081557], [-50.77231409721605, -28.21745207278452], [-50.77148842650165, -28.21660661211439], [-50.77092417373592, -28.21634666620893], [-50.76967940683792, -28.21629359482221], [-50.7679255513834, -28.21659682078472], [-50.76649697883195, -28.21629374349922], [-50.76594326813908, -28.21577192698857], [-50.76451616442856, -28.21347802444815], [-50.76235531308646, -28.21228905945096], [-50.76246747473711, -28.21153534173577], [-50.76224101934114, -28.21116475828462], [-50.76225370490348, -28.21024866566558], [-50.76251840572111, -28.2087254442603], [-50.76249194248933, -28.20798284832144], [-50.76189114737728, -28.20638034348279], [-50.76193041875428, -28.20569922446864], [-50.76222616886266, -28.2054929233831], [-50.76306315008101, -28.20598481335603], [-50.76385168452136, -28.20538673868901], [-50.76369824567865, -28.20513726634889], [-50.76275956018331, -28.20466175114859], [-50.76238024327913, -28.20412053026589], [-50.76232196419151, -28.19896905664833], [-50.76247782155381, -28.19617920742059], [-50.76300555354746, -28.1931542832315], [-50.76343030379747, -28.19255811587731], [-50.76325839099792, -28.19190558738453], [-50.76333474803709, -28.19160332933457], [-50.7641723167493, -28.19036191373832], [-50.76489464462881, -28.19003497233523], [-50.76617965460589, -28.18987559990575], [-50.76642668569399, -28.19023463927314], [-50.76670005382593, -28.19128813880672], [-50.76699024203323, -28.19133140522114], [-50.76767914564258, -28.19101703458351], [-50.76807903584172, -28.1912627005571], [-50.76859260159238, -28.19192954427668], [-50.76967828414604, -28.19522770491775], [-50.76970125285233, -28.19545046195642], [-50.76877793848348, -28.1960610181767], [-50.76880584431116, -28.19657230927662], [-50.769519466552, -28.1966978931673], [-50.77030502997044, -28.19633810740783], [-50.77238736373591, -28.19814382357656], [-50.77564337310503, -28.20048338117395], [-50.77443549457481, -28.20238208251094], [-50.77394099048064, -28.20223178484681], [-50.77369998482323, -28.2025645997493], [-50.77420092233371, -28.20334599339773], [-50.7743247058372, -28.20400371170287], [-50.77687199366133, -28.20654044850426], [-50.77719368664239, -28.20724076234326], [-50.77727912904078, -28.20790183796811], [-50.77748728185524, -28.20805596130357], [-50.77801793890333, -28.20779372513232], [-50.77790954152101, -28.20635461996936], [-50.77628153174917, -28.20446059725383], [-50.77578232780656, -28.20357370378111], [-50.77686444704474, -28.20205156583968], [-50.77747125934046, -28.20165075266861], [-50.77822126075836, -28.20197694040971], [-50.78129469814133, -28.20241847247548], [-50.78515789976635, -28.20174967141575], [-50.78556446962595, -28.20185095997949], [-50.78588581958638, -28.20149017415261], [-50.78962854824981, -28.19941019896963], [-50.79111295804011, -28.19896441829937], [-50.79108372900248, -28.19867377708485], [-50.79062320993671, -28.19818461145549], [-50.7909186998023, -28.19751771551561], [-50.79106088023357, -28.19664670020609], [-50.79139979784494, -28.19297819594387], [-50.79042899360768, -28.18808197031654], [-50.79088366403152, -28.18781800196211], [-50.79180624538914, -28.18818824909051], [-50.79222237964799, -28.18809854419388], [-50.79242132501509, -28.18790022726671], [-50.79250349731334, -28.18742468759198], [-50.79219424759507, -28.18722424551506], [-50.79183537242713, -28.18735733484223], [-50.79054044679758, -28.18681806915062], [-50.78972361341672, -28.18689984491952], [-50.78729135519796, -28.18398446172384], [-50.78548192506695, -28.18124101569154], [-50.78591011357549, -28.18083356432321], [-50.78588462018037, -28.18057061665245], [-50.7853940050065, -28.18040097132098], [-50.78482753890876, -28.17994158745652], [-50.78449813632965, -28.17938523461984], [-50.78410837152639, -28.17834656247547], [-50.78426914522045, -28.17734387620776], [-50.78410571975708, -28.17684883851054], [-50.78469323467918, -28.17582408331486], [-50.78514880216777, -28.17548597439714], [-50.78633010939895, -28.17587985900937], [-50.7876639840548, -28.17455342459606], [-50.78727742247338, -28.17438826534928], [-50.78709120293814, -28.17380068454128], [-50.78903242652211, -28.17158631818815], [-50.7899843749722, -28.17186981377915], [-50.79079206129929, -28.17153828338711], [-50.79070722855496, -28.17118795913001], [-50.78982814618049, -28.17052783203747], [-50.79148500373818, -28.16767667814707], [-50.79399577910953, -28.16811201810036], [-50.79436157813024, -28.16793476919242], [-50.79420991428063, -28.16749174674305], [-50.79309506842649, -28.16700391523177], [-50.79222747060804, -28.16625617547858], [-50.79292962693285, -28.16436915012779], [-50.7932448094752, -28.16408031137389], [-50.7931902717662, -28.16376659569071], [-50.79380017577758, -28.162318905976], [-50.7941179393032, -28.1618561267607], [-50.79399569223522, -28.16161218970849], [-50.79428653669982, -28.16014298459382], [-50.79425807440184, -28.15874440835265], [-50.79444144068752, -28.15834946595258], [-50.79425548256628, -28.15782298371765], [-50.79421660700742, -28.15598255249147], [-50.79430721137387, -28.15584637174475], [-50.79689945342352, -28.15524239986763], [-50.79721759900864, -28.15482098662738], [-50.79691729233719, -28.15452789571741], [-50.79425871044578, -28.15447503126724], [-50.79382000887514, -28.15429703872935], [-50.79152315790631, -28.15129717231548], [-50.78859435181635, -28.14909344403137], [-50.78712646463748, -28.14736197803823], [-50.78670748267367, -28.14643543536966], [-50.78664489103453, -28.14536955278667], [-50.78749858959702, -28.14353107257011], [-50.78809070951362, -28.14284689173211], [-50.78873140673286, -28.1427700643151], [-50.78957352473608, -28.14323068963489], [-50.79005679955118, -28.14318524089347], [-50.79240778980907, -28.14631296806036], [-50.79357642603442, -28.14722915090563], [-50.7938936092371, -28.14687242941287], [-50.79354501279031, -28.14070878133519], [-50.79418995876575, -28.14070195051424], [-50.79483163299054, -28.14041172996596], [-50.79862297384226, -28.14039526561043], [-50.79455160131171, -28.1463695666177], [-50.80115891891411, -28.14198706608679], [-50.80138500983899, -28.14226819656639], [-50.80164931805369, -28.1422569523579], [-50.80292688950792, -28.14165956498471], [-50.80357036012469, -28.14105860746143], [-50.8053061959126, -28.14130028305339], [-50.80728647605544, -28.1421039531253], [-50.8075064244246, -28.14310479372458], [-50.80835516288101, -28.14478388708642], [-50.80867665090983, -28.14502469012161], [-50.80907846858207, -28.144807335781], [-50.80915485377677, -28.14436676396022], [-50.81452960111098, -28.14492697086637], [-50.81458174775307, -28.14308776468499], [-50.81687631304458, -28.14314316814151], [-50.81697916041716, -28.14319279871275], [-50.81663671816472, -28.14395940067801], [-50.81664471172778, -28.14435163939535], [-50.81689333902718, -28.14520109675948], [-50.8174829934465, -28.14628073622595], [-50.81749707575249, -28.14676966891252], [-50.81731682106411, -28.14785456798441], [-50.81697251143026, -28.1483422068398], [-50.81700279575921, -28.1487685674537], [-50.81727272252284, -28.14912373462144], [-50.81890721149848, -28.14954936035077], [-50.81921817348995, -28.14924969389828], [-50.81927077493817, -28.14897500390515], [-50.81840184898272, -28.1483362848634], [-50.81889622325137, -28.14747423404942], [-50.8194518888088, -28.14584978474663], [-50.8202495871473, -28.14585521312399], [-50.82049065424999, -28.14559024069794], [-50.82003838366435, -28.14516585078017], [-50.81907752374682, -28.14479138276834], [-50.81880453074792, -28.14439854487518], [-50.81889981138789, -28.14401192503159], [-50.81907042451041, -28.14367965297947], [-50.82014556702486, -28.14280082449935], [-50.82054137334866, -28.14220389153384], [-50.82226339501432, -28.14065743101421], [-50.82335878841416, -28.13922755166661], [-50.82437563625247, -28.1368917233078], [-50.82533451956608, -28.13330683899952], [-50.82572878156855, -28.13310885614157], [-50.82567452624688, -28.13259793861448], [-50.82597883330321, -28.1324139807437], [-50.827600950163, -28.13250770194675], [-50.82818748868516, -28.13273942942198], [-50.82889569828959, -28.13338691218358], [-50.82928417868904, -28.13319575933436], [-50.82901990505412, -28.13247634543796], [-50.82850741007842, -28.13203679265184], [-50.82885652034724, -28.13140049339373], [-50.82874569701801, -28.13111431597164], [-50.82696194452084, -28.13134300978339], [-50.82638929756819, -28.13123806550213], [-50.82574566722564, -28.13071575253019], [-50.82555618870974, -28.13014272044384], [-50.82558872267679, -28.1283120130166], [-50.82591760224951, -28.1280466286498], [-50.82563796451893, -28.12752475344366], [-50.82593706808485, -28.1272297291354], [-50.82570485171332, -28.12677570873447], [-50.8260097697955, -28.12563156404976], [-50.82696353392734, -28.12424911348733], [-50.82792954919736, -28.1243298009936], [-50.82822631102391, -28.12411518606451], [-50.82802807857403, -28.12358945834871], [-50.8272804461171, -28.12271863833697], [-50.8273413317658, -28.12224064735471], [-50.82756125680567, -28.1219165840757], [-50.8294916156647, -28.11998165483624], [-50.83067396738329, -28.11938156789532], [-50.83142460907535, -28.11930038946464], [-50.8318344510802, -28.11945998259819], [-50.83315800164298, -28.11943966357206], [-50.83403082717716, -28.11959999201674], [-50.83572359217705, -28.12053045297469], [-50.84154970342855, -28.12654661827571], [-50.84089198602158, -28.12689232396383], [-50.84027093533523, -28.12696854673987], [-50.8400973110693, -28.12722122947748], [-50.84064525048212, -28.12774350386354], [-50.84137457350601, -28.12813913273625], [-50.8412376038947, -28.12885430428177], [-50.84139256895666, -28.12914077995371], [-50.84182324113332, -28.12916942884029], [-50.8427170404424, -28.1282540473043], [-50.84310059646948, -28.12817067523165], [-50.84451834551839, -28.12958615227781], [-50.84596116667858, -28.13065720405426], [-50.8470749564553, -28.13179741467945], [-50.84882059375823, -28.13321469178749], [-50.8490589760584, -28.13365847372879], [-50.84856097334291, -28.1345976158716], [-50.84773759715099, -28.13549779525975], [-50.8474038256091, -28.13635704350218], [-50.84750550504776, -28.1365667130744], [-50.84803022922043, -28.13664682826123], [-50.85067130667688, -28.1348117274027], [-50.85162659920649, -28.13533290085563], [-50.85387260225953, -28.13719790864728], [-50.85387089652002, -28.1375995491334], [-50.85365729024032, -28.13785246366868], [-50.85243677114351, -28.13775566601456], [-50.85170068151488, -28.13789202709652], [-50.85081416579541, -28.13854528038174], [-50.85059203470394, -28.13906172022525], [-50.85058281053113, -28.14032611575918], [-50.85110001268373, -28.14088280519936], [-50.85185107689132, -28.14132967455473], [-50.85196621629393, -28.14237200725525], [-50.85035326839512, -28.14304995291753], [-50.84981888123931, -28.14361885643099], [-50.84975427583221, -28.14403166216677], [-50.8480325300776, -28.14529969035906], [-50.84678319904241, -28.14583407964716], [-50.84603420447951, -28.14700079250833], [-50.84566048437205, -28.14727021807678], [-50.84580063973048, -28.14844343908388], [-50.84644252713818, -28.14886837284173], [-50.84692673748214, -28.14898829313986], [-50.84696015814381, -28.14981986435108], [-50.84724620469291, -28.15028679867403], [-50.84790577797377, -28.15002874469642], [-50.84793393416882, -28.14900281990454], [-50.84778156632536, -28.14861360254749], [-50.8468548146621, -28.14754875664127], [-50.84724841413955, -28.14700431373977], [-50.8494637091746, -28.14606905384831], [-50.85170660783571, -28.14450524502158], [-50.85397711294672, -28.14498909148485], [-50.8541300697832, -28.14459771899722], [-50.85389222176659, -28.14422778973951], [-50.85378100704079, -28.14355416995368], [-50.85412609297908, -28.14193654134934], [-50.85481375005221, -28.14119082642652], [-50.85493960110603, -28.14076870320441], [-50.85599417127409, -28.14047500726651], [-50.85656546145409, -28.13996027644267], [-50.85730171748304, -28.14076429443877], [-50.85875433730072, -28.14156068422656], [-50.86147748353425, -28.14240973434298], [-50.86395313968032, -28.14276641384595], [-50.8641724840196, -28.14411396542582], [-50.86464658447608, -28.14492364781924], [-50.86484565384536, -28.14563393897723], [-50.86524505141262, -28.14586209343806], [-50.86669209306444, -28.14802506920689], [-50.86707129663057, -28.14828612378131], [-50.8672024507855, -28.14870472002328], [-50.87432775974236, -28.14784494568268], [-50.87440319562646, -28.14727426621834], [-50.87752415257353, -28.14432939967943], [-50.87904492349456, -28.14530080356345], [-50.8792686739218, -28.14565205548225], [-50.87911798409973, -28.14607441220724], [-50.87924003752282, -28.14638509251933], [-50.87955608886281, -28.14664499620411], [-50.87981210874291, -28.14663679911212], [-50.87996742704198, -28.14624617201293], [-50.88031050590021, -28.14628777790798], [-50.88093949671081, -28.14592551704172], [-50.88092242237595, -28.14557330102273], [-50.88028988156609, -28.14549326363808], [-50.8799086083315, -28.14483972779044], [-50.87909333131412, -28.14436532747181], [-50.87786194803998, -28.1424596423284], [-50.87664813050296, -28.14207988540069], [-50.87610847889263, -28.14039708224125], [-50.87568485864815, -28.13989456937632], [-50.87458063475462, -28.13960301015572], [-50.87378000406962, -28.13892303383736], [-50.87490231658521, -28.13920824348136], [-50.87568875065627, -28.13882379930376], [-50.87566294619409, -28.13863893468394], [-50.87512158665454, -28.13821920579542], [-50.87450040837194, -28.1374253808054], [-50.87531254088273, -28.13604524567599], [-50.87631294388207, -28.13319517833761], [-50.87671505070914, -28.13296737760703], [-50.87662109375957, -28.13195499303692], [-50.87732146620159, -28.12957220347531], [-50.87696731020915, -28.12921068135677], [-50.87686400330661, -28.1278890669868], [-50.87650001927856, -28.12762020805262], [-50.87584575181341, -28.12596229966247], [-50.87553722829704, -28.12561501544804], [-50.87482520368427, -28.12410234474274], [-50.87454466088541, -28.12384921216619], [-50.87444711202254, -28.12320865503364], [-50.87399819543027, -28.12275676797558], [-50.8735687947735, -28.12183797849168], [-50.87385635228689, -28.1211053148255], [-50.87304280732626, -28.12073066130338], [-50.87173094865774, -28.11802556111471], [-50.87070194742864, -28.1163717890991], [-50.87065378488738, -28.11540271607297], [-50.8702534318617, -28.11434341312191], [-50.87016751369657, -28.11293536803916], [-50.87020699215369, -28.11238161858658], [-50.87055162344182, -28.11152937376184], [-50.87162378628481, -28.11129167701836], [-50.87315935700256, -28.1112521202403], [-50.87320972918975, -28.11072900871494], [-50.87207888326738, -28.1102584068266], [-50.87305604380461, -28.10989679789062], [-50.87429137660671, -28.10873103977331], [-50.87713516637103, -28.10907210494488], [-50.87759801436794, -28.10854917702594], [-50.87752620274397, -28.10803548564821], [-50.87772517872534, -28.10774195806271], [-50.87999205368701, -28.10890180098055], [-50.88075050259535, -28.1094962344495], [-50.88093658943028, -28.10981388645159], [-50.88073153100324, -28.11068147054269], [-50.88104306876584, -28.11131311158194], [-50.88094458701601, -28.1119006436351], [-50.88216050793635, -28.11424852734165], [-50.88253263025562, -28.11418060307851], [-50.88407003578791, -28.11276572924412], [-50.88344857624734, -28.11259031095115], [-50.88260526737041, -28.11274540903761], [-50.8819863692141, -28.11182614157448], [-50.88207481667333, -28.11129844190313], [-50.88180327833467, -28.11054806517899], [-50.88200756789398, -28.10968369507385], [-50.88156666947952, -28.10893108910556], [-50.88045875588145, -28.10806276661062], [-50.8783371913725, -28.10698869275881], [-50.87239275786453, -28.10475215655592], [-50.87383842345685, -28.10257970371175], [-50.87470651939865, -28.10171330980405], [-50.87540682960206, -28.10153438001666], [-50.87645767705526, -28.10216060229019], [-50.87706135324684, -28.10236024898816], [-50.87734709417762, -28.10223358371521], [-50.87729373007676, -28.10154349876381], [-50.87607252603542, -28.09967032982573], [-50.87739608160222, -28.09636830533846], [-50.8782847475276, -28.09488129622894], [-50.87887108525326, -28.09434605683901], [-50.8831637543264, -28.09195120278914], [-50.88606877025546, -28.09105777470528], [-50.88925379144125, -28.09062209590864], [-50.89300211647138, -28.09098361540148], [-50.894899558066, -28.09141108124874], [-50.89530225673511, -28.09203968204919], [-50.89469404048661, -28.09280869692939], [-50.89304965088145, -28.09331677433875], [-50.89133962740835, -28.09430363852623], [-50.88918117150975, -28.09637380960113], [-50.88905583042055, -28.09676244747448], [-50.88954478012947, -28.09724583869842], [-50.89040744663177, -28.09857236361127], [-50.89340614395443, -28.09810122493329], [-50.89421332746493, -28.10071041021204], [-50.89510915142144, -28.10200869874116], [-50.89517268115145, -28.10300285471774], [-50.89485082172204, -28.10342472518098], [-50.89421151097522, -28.10362426126282], [-50.89428423379319, -28.10431708484479], [-50.89299595961274, -28.1056829421519], [-50.89270930376689, -28.10631982453646], [-50.89276248995049, -28.10710597297589], [-50.89328118759155, -28.10818977275653], [-50.8946694108757, -28.10792151588264], [-50.89658530757215, -28.10710811138799], [-50.89966357116136, -28.10517127867314], [-50.90024084679554, -28.10498917466363], [-50.90100721069085, -28.1055859335957], [-50.90128617109421, -28.10864511524816], [-50.90081114559763, -28.11084441596373], [-50.90054675592599, -28.11133480724813], [-50.89834037044807, -28.11267480323773], [-50.89798062698361, -28.11310808745945], [-50.89773805438917, -28.11361708621512], [-50.89832135693741, -28.11393057274751], [-50.89994210100621, -28.11290575332986], [-50.90041275215735, -28.11326967190707], [-50.90076536257767, -28.11308447007744], [-50.90084582138948, -28.11286274378963], [-50.9006425801776, -28.11251721263742], [-50.9016902128895, -28.11160711758542], [-50.90201929112194, -28.11085961004593], [-50.90206962415426, -28.10997521547234], [-50.90241554374457, -28.10873130933147], [-50.90240943418556, -28.1069250824694], [-50.90341318018434, -28.10671472636022], [-50.90354237181788, -28.10649906482227], [-50.90336482031826, -28.10624753585104], [-50.90247814229781, -28.10595075793532], [-50.90200924109464, -28.10466280039654], [-50.90129092482859, -28.10387404501262], [-50.90072320155298, -28.10354937773441], [-50.90011248949871, -28.10352362154095], [-50.89888502984273, -28.10406545065351], [-50.89598457375121, -28.10593413661578], [-50.89472944858007, -28.10637692504284], [-50.89629300816719, -28.10478781402871], [-50.89690201201461, -28.10378430033888], [-50.89713995454953, -28.10270973182754], [-50.89697199276358, -28.10179449641568], [-50.89592967801376, -28.09971332543524], [-50.89558494401561, -28.0966044227676], [-50.89506606459157, -28.09591724984181], [-50.89451287393552, -28.0955460823063], [-50.89657102692385, -28.09489972542525], [-50.89761263076302, -28.09420814616033], [-50.89835971977501, -28.09320949211678], [-50.89859411114592, -28.09160308800329], [-50.89933497016792, -28.09150748489962], [-50.90049218926723, -28.09207569138863], [-50.90120775341333, -28.09189310389766], [-50.90197882196385, -28.09278288871564], [-50.90248963419317, -28.09297624751402], [-50.9036701492193, -28.09291425593579], [-50.90416207361071, -28.09333175104466], [-50.90448122717754, -28.09324774455417], [-50.90541733692767, -28.09240011280234], [-50.90604963780667, -28.09307441671651], [-50.90682288706886, -28.09343528394878], [-50.90915277073344, -28.09404471656772], [-50.90944985627545, -28.09451441813343], [-50.90918985147341, -28.09540765202571], [-50.90934211809538, -28.09596258720644], [-50.9100750713058, -28.09666086455292], [-50.91074982844629, -28.09659249782703], [-50.91106532696935, -28.09672288442406], [-50.91161983131991, -28.09739258293467], [-50.91259054052692, -28.09791239031202], [-50.9129102406478, -28.09792201996165], [-50.91316317368967, -28.09779860885841], [-50.9131199350933, -28.09741041844731], [-50.91227317373847, -28.0968725121251], [-50.91200503529599, -28.09623218727881], [-50.91078741780394, -28.09546630384769], [-50.91139793858493, -28.09400764789845], [-50.91367838391824, -28.09331102171323], [-50.91420150050709, -28.09293623688397], [-50.91486413596361, -28.09197939282718], [-50.9161359157905, -28.09107668682186], [-50.91942013815097, -28.0896082345388], [-50.92034045315295, -28.08764363107299], [-50.92109228037879, -28.086754606983], [-50.923746619964, -28.08776167689953], [-50.92461221216645, -28.08851922688352], [-50.92433586336484, -28.08891349947341], [-50.92428548603452, -28.08955011543052], [-50.92458712384659, -28.08994062800805], [-50.92509982895166, -28.0901838047998], [-50.92537841817504, -28.08996724885231], [-50.92513308754375, -28.08939973169272], [-50.92575468697646, -28.08840466568707], [-50.92524359630167, -28.08767945201369], [-50.92648683068108, -28.0870580122655], [-50.92708738627626, -28.08642889011429], [-50.9284999581839, -28.08597449733584], [-50.92828630728927, -28.08562131982974], [-50.92769946093965, -28.0854534127857], [-50.92708306186799, -28.08549568760097], [-50.92653534709168, -28.08569679356868], [-50.92546932977107, -28.08665699366491], [-50.92439732286965, -28.08672868266884], [-50.92302488369333, -28.0863466927868], [-50.92202166095542, -28.08560594699392], [-50.92148249069843, -28.08548904008651], [-50.92092724041582, -28.08479160539225], [-50.92062688463551, -28.08481315430741], [-50.92039089859283, -28.08500018027912], [-50.92039932457953, -28.08537185744462], [-50.91961487616713, -28.08601389292693], [-50.91858420639066, -28.08778680934052], [-50.917823067927, -28.08863055312852], [-50.91735138429061, -28.08861878860568], [-50.91664446005174, -28.08894007758443], [-50.91634129241191, -28.08892486350628], [-50.91453819008872, -28.08985360176381], [-50.91381584293867, -28.09002980522108], [-50.91307365572888, -28.09061005900115], [-50.91234113595537, -28.09148709948086], [-50.91091823480407, -28.09182890314849], [-50.90999533412415, -28.09192516123206], [-50.90943601473561, -28.09148964548477], [-50.90848423782527, -28.09126775697993], [-50.90790435543376, -28.09048137101729], [-50.90673539842637, -28.08941763602925], [-50.90532916537387, -28.08954484313454], [-50.90397021448988, -28.09005577136197], [-50.90558692203831, -28.08794864541204], [-50.90611817705344, -28.08667512834613], [-50.90648217987812, -28.08531660523636], [-50.90621955229307, -28.0849253965413], [-50.90598283910893, -28.08365774828585], [-50.90464804009759, -28.08137546069731], [-50.90375788696754, -28.08028669430554], [-50.9033567465934, -28.07942709784293], [-50.90331458487484, -28.07889220675504], [-50.9009519076351, -28.07568492512474], [-50.89882617588076, -28.07349222741524], [-50.89915225665046, -28.07296588183562], [-50.90048551538157, -28.07205398185029], [-50.90127732189732, -28.0719078602374], [-50.90176850214266, -28.07152096450639], [-50.90318946023963, -28.07085081869438], [-50.9044457956232, -28.06959558489235], [-50.90633697903954, -28.06931018361452], [-50.90640722327459, -28.06906717851381], [-50.90625216080895, -28.06880452253172], [-50.90538181090583, -28.06857699215789], [-50.90538798178431, -28.06737293778956], [-50.905942391693, -28.06704430468019], [-50.90605729486333, -28.0665955607601], [-50.90564154163212, -28.06645601138822], [-50.90564952085213, -28.06598041640836], [-50.90503302671171, -28.06588941153798], [-50.90437653204721, -28.0672828684809], [-50.90431784844099, -28.06797046643362], [-50.90335898101692, -28.06824706965539], [-50.9027062060916, -28.06932061037011], [-50.89791917330058, -28.07068304093099], [-50.89520319689854, -28.07097130898475], [-50.89282197362162, -28.07101812705094], [-50.89129021322102, -28.07069320738575], [-50.88920116785766, -28.06917233332641], [-50.88840682725268, -28.07033844797285], [-50.8880484321964, -28.0702347062011], [-50.88714951197136, -28.0705741069055], [-50.88562868089121, -28.06948506126649], [-50.88489786571303, -28.06850080665233], [-50.88586563964191, -28.06726583069914], [-50.88586995263845, -28.06696431365436], [-50.88552772511591, -28.06685249187657], [-50.88369126986315, -28.06705810098086], [-50.88333363793882, -28.06630576121757], [-50.88369894590493, -28.06540508675248], [-50.88362985434619, -28.06514830394258], [-50.88249276355619, -28.06494274111156], [-50.88115476447646, -28.06336661048326], [-50.88110971761216, -28.06317226176616], [-50.88174329565207, -28.06196006753505], [-50.88148112751606, -28.06178625499055], [-50.88035135760105, -28.06175009969694], [-50.88013860021459, -28.06154307021651], [-50.87933436773414, -28.05991084303132], [-50.88006792324408, -28.05936692829236], [-50.88015654349155, -28.05906071254525], [-50.8792794191303, -28.05841941617569], [-50.87863388095022, -28.0582294504395], [-50.87826551152319, -28.05772161553365], [-50.87800969202088, -28.0566490971012], [-50.87848356348595, -28.05585918622721], [-50.87829725227248, -28.05563214069297], [-50.8775932008323, -28.05534841190678], [-50.87733442124259, -28.05419597017604], [-50.87747833547711, -28.05316631854303], [-50.87802512653316, -28.05271090314848], [-50.87919691328246, -28.05260980322559], [-50.88003164110337, -28.05225833954446], [-50.88060835761354, -28.05228041302094], [-50.88158262961386, -28.05185536685463], [-50.88362275544636, -28.05234132457136], [-50.88460357837861, -28.05231373976075], [-50.88489805905749, -28.05201998488837], [-50.88469409730373, -28.05178724548863], [-50.88315961965235, -28.05124352672786], [-50.88246853536261, -28.05059082243042], [-50.88147178150933, -28.05036592656626], [-50.88054100868391, -28.05042215965191], [-50.88029298520541, -28.05021539292218], [-50.88002656864166, -28.05021694603045], [-50.88084493461847, -28.04786655607662], [-50.88091578071177, -28.04636367507448], [-50.88161699330354, -28.04473233936624], [-50.87697636675526, -28.04345942621644], [-50.87693910374423, -28.04312359902937], [-50.87711211922174, -28.04217107086527], [-50.87812999776134, -28.04105877673775], [-50.87856207367788, -28.04079115062662], [-50.88015503055798, -28.04094582369586], [-50.88049390800021, -28.04077127476743], [-50.88187295857127, -28.0413648588326], [-50.88323683452085, -28.04166595136488], [-50.88391716436292, -28.03956260210776], [-50.88138649947457, -28.03865558280212], [-50.88140304959904, -28.03837389669845], [-50.88264886721913, -28.03629994589336], [-50.88358568464954, -28.03554187749961], [-50.88430788930779, -28.0354001994875], [-50.88509947930895, -28.03452111461346], [-50.88576042616907, -28.0347873786868], [-50.88659460156302, -28.03538892206768], [-50.88706255316288, -28.03626353271516], [-50.88769888797263, -28.03620985340641], [-50.88779537586597, -28.03545001006844], [-50.88759057950923, -28.03453489456984], [-50.88709969229811, -28.03378521603542], [-50.8869639873168, -28.03320625263152], [-50.8857415815006, -28.03196160823635], [-50.88573854106506, -28.03162609634728], [-50.88605731928285, -28.03129191364011], [-50.88862461343059, -28.03241805039424], [-50.88906484163824, -28.03235891857109], [-50.88909911266461, -28.0317452658756], [-50.88810612154373, -28.03047402755151], [-50.88775980665087, -28.02897808743608], [-50.88852584143478, -28.02833778138882], [-50.88862949453855, -28.02769539444647], [-50.88942486095072, -28.02654081338875], [-50.89042132714554, -28.02558598214238], [-50.89073797037769, -28.02499840613012], [-50.89113509703921, -28.02478159707538], [-50.89230795019349, -28.0235072467441], [-50.89304026192846, -28.02306973734963], [-50.89382933509029, -28.02283183472918], [-50.89401050822817, -28.02290965675496], [-50.89403936023378, -28.02368270676593], [-50.89371843373523, -28.02502904992915], [-50.89403111853887, -28.0260105300694], [-50.89479160897332, -28.02642019308404], [-50.89573848772318, -28.02661464192111], [-50.89705680533816, -28.02715029650625], [-50.89727165970297, -28.02763467971221], [-50.89705037214582, -28.02823459478917], [-50.89722024921237, -28.02960410811399], [-50.89746345839333, -28.02982358307041], [-50.89790867370899, -28.02986385391295], [-50.89822048582504, -28.02944165564491], [-50.8983900909039, -28.02843946051304], [-50.898790239083, -28.02784643040176], [-50.90086541918875, -28.0276345461886], [-50.90168235998492, -28.02779128612909], [-50.90199541486518, -28.02742949989193], [-50.90186321126346, -28.02714448191472], [-50.90079945849649, -28.02669825738437], [-50.89902345225483, -28.02652714900157], [-50.8985474378099, -28.02599275898292], [-50.89815717427308, -28.02590700856796], [-50.89671685137205, -28.02493851349123], [-50.89661700626742, -28.02437908966845], [-50.89747096364054, -28.02261426355102], [-50.89883164721846, -28.02148090433202], [-50.89920153627208, -28.02140623497312], [-50.89980564814953, -28.02034922816096], [-50.90112000279275, -28.01955577506118], [-50.90393777979842, -28.01836601966989], [-50.90481312971238, -28.01819971636289], [-50.90557854390492, -28.01865614548658], [-50.90609859165905, -28.01865413709702], [-50.90657426504207, -28.01774227177527], [-50.90718185253158, -28.01743849550576], [-50.90996374410427, -28.01658990167892], [-50.91037172538511, -28.01661891903565], [-50.91096211789069, -28.01700275990377], [-50.91146475805161, -28.01700808647609], [-50.91193647697184, -28.01638223873041], [-50.91386588750294, -28.01568500552768], [-50.91546127500493, -28.01566058127471], [-50.91621523666669, -28.0161189710822], [-50.91669689297206, -28.01577713253075], [-50.91822447509358, -28.01562910865078], [-50.91909580627776, -28.01572839901466], [-50.9200665818792, -28.01611967614997], [-50.92083614010839, -28.01552275142361], [-50.92146327348903, -28.01548078008697], [-50.92084595501648, -28.01671908612301], [-50.92077552884819, -28.01781698108049], [-50.92053073072258, -28.01830367608808], [-50.92062924675897, -28.01850350012287], [-50.92101499058927, -28.01862600955877], [-50.92142595533601, -28.01926834728175], [-50.92167416686386, -28.01933367743148], [-50.92203276751337, -28.019145969604], [-50.92319033639546, -28.01929924174508], [-50.92432843734295, -28.01924831363051], [-50.92576251301564, -28.02071734516349], [-50.9266629008523, -28.0211231138431], [-50.92714624157264, -28.02123220326075], [-50.92843503980632, -28.02085088652682], [-50.92873422695821, -28.02096945170833], [-50.92886844123059, -28.02162292587682], [-50.92873140392758, -28.02191800442559], [-50.92852352991283, -28.02215167050381], [-50.9272506508723, -28.02275254038617], [-50.92715176645577, -28.02306388705407], [-50.92738546284567, -28.0232340951728], [-50.92877766312237, -28.02312261132372], [-50.92915816163234, -28.02352034335727], [-50.92915642169837, -28.02411719335266], [-50.92964274346623, -28.02494946926278], [-50.9269340734941, -28.02608710042344], [-50.92998129554588, -28.03216470779876], [-50.93241757941489, -28.03069598563947], [-50.93325117016009, -28.03077902034643], [-50.93433863525175, -28.03354886425523], [-50.93374665349965, -28.03399543828367], [-50.93369264147201, -28.03432960080902], [-50.93399798668473, -28.03446081688317], [-50.93492111142976, -28.03431465644546], [-50.93526989378053, -28.03467850624329], [-50.93619551827935, -28.03505903939472], [-50.93742198449518, -28.03501615046504], [-50.93779476904674, -28.03053140911572], [-50.93445386148376, -28.0304155310095], [-50.93399950000077, -28.02953563224471], [-50.93359134363032, -28.02934773805558], [-50.93284587126235, -28.02951704651376], [-50.93231572294845, -28.02844968630325], [-50.93239510919352, -28.02708683308046], [-50.93268406346251, -28.02646378948946], [-50.93309812661297, -28.02604746490468], [-50.93478541848927, -28.02575914775096], [-50.93501450197254, -28.02550280627675], [-50.93493728658734, -28.02531674773315], [-50.93452254428295, -28.02515262603088], [-50.93335227294989, -28.0248843151173], [-50.93283330489323, -28.02497386494359], [-50.93177300999865, -28.02424790383212], [-50.93143794399202, -28.02187216995625], [-50.9315437033731, -28.02164081618773], [-50.93189430186382, -28.02148917513193], [-50.93202776318049, -28.02095039915345], [-50.93098293032106, -28.01983299074423], [-50.93128715187327, -28.01820977896974], [-50.9310793775978, -28.01807543506262], [-50.93020810606513, -28.01824768090182], [-50.92914905787293, -28.0180288169941], [-50.92743192349289, -28.0182463332929], [-50.92668899516095, -28.01728856848704], [-50.92548702945264, -28.01664305286772], [-50.92604920942909, -28.01535827132181], [-50.92614639822422, -28.0147112744754], [-50.9260373285521, -28.01373263115888], [-50.92565976846928, -28.01301969969951], [-50.92627969961717, -28.01294133256449], [-50.92767625366706, -28.01320808336697], [-50.92841148759186, -28.01291587414361], [-50.92853504877438, -28.01265715059138], [-50.92742366655892, -28.01192333886977], [-50.92968002722781, -28.01185802897724], [-50.92898134087741, -28.00641449058667], [-50.92619270902006, -28.00675861547521], [-50.92501436807554, -28.00502719600779], [-50.92878436431873, -28.00460512663421], [-50.92831116117815, -28.00030628409669], [-50.92938128380901, -27.99997840267075], [-50.93146829171204, -28.00033012060713], [-50.93146157128989, -28.00248842845429], [-50.93311041068978, -28.00235301829385], [-50.93464030840467, -28.00195936188865], [-50.93538127912827, -28.00206931846053], [-50.93589545413345, -28.00242216799528], [-50.93617869289497, -28.0043525668424], [-50.93667467650974, -28.00454116184631], [-50.93688329578881, -28.00443264343886], [-50.93698940852153, -28.0038812851069], [-50.93692759614903, -28.00220254191741], [-50.94179051418706, -27.99874793055204], [-50.94061388676355, -27.99755251464317], [-50.93599421857331, -28.00088423807765], [-50.93566604974763, -28.00084242451714], [-50.93547963364449, -28.00020899338184], [-50.93508475063243, -27.99988668732498], [-50.93397569695885, -27.999759724954], [-50.93361185645189, -27.99883134690781], [-50.93318086637329, -27.99840202392458], [-50.93828562388573, -27.99518696596917], [-50.93729544026765, -27.99418088168189], [-50.93377970911604, -27.99636434113934], [-50.93373269960161, -27.99605611566897], [-50.93331838876494, -27.99598038099917], [-50.9323622616625, -27.99670459424651], [-50.93106339170369, -27.99731287536136], [-50.92808058677348, -27.99711985734086], [-50.92810332300103, -27.99683517265596], [-50.93006382393851, -27.99354331806999], [-50.93028037043378, -27.99327894157906], [-50.93147644526617, -27.99274210481016], [-50.93216855282892, -27.99223492622151], [-50.93262305260569, -27.99135765262859], [-50.93255653491731, -27.99105775825463], [-50.93232741199101, -27.99095616320921], [-50.93144553201381, -27.99141629332966], [-50.93071517334736, -27.99123549524213], [-50.93027469665556, -27.98829622800307], [-50.93096017336557, -27.98739492454358], [-50.93100070853377, -27.98712894266998], [-50.93076111394763, -27.98691407841002], [-50.92958865735364, -27.98682518677214], [-50.92866459728427, -27.9851618821891], [-50.92807478760204, -27.98449806177411], [-50.92690897809906, -27.9819721532685], [-50.92950198763217, -27.98116218242645], [-50.9292603221698, -27.98037253557856], [-50.92908585720686, -27.97850017225475], [-50.92918121490752, -27.97681086903438], [-50.92667545461411, -27.97684130097626], [-50.92682855216247, -27.97430822934949], [-50.93121424369185, -27.97455036639778], [-50.93073475686577, -27.96983232040066], [-50.93151192212716, -27.96978844798085], [-50.9319756868392, -27.97032915805259], [-50.93223780864316, -27.97099362449145], [-50.93245364590639, -27.97339308538298], [-50.93291124621129, -27.97426428272715], [-50.93341434575038, -27.97404569008667], [-50.93383327956014, -27.97279687127974], [-50.93501467022594, -27.97117546183156], [-50.93557928921003, -27.97109920472879], [-50.93635499798247, -27.97131406593337], [-50.93674145408539, -27.97210976539361], [-50.93717647881796, -27.97249715637399], [-50.93743945085613, -27.97242322633672], [-50.93791557641179, -27.97171485267482], [-50.93838764283833, -27.97135454516463], [-50.94037181865379, -27.97105165512619], [-50.94243843990845, -27.97093751464308], [-50.94281280734855, -27.97108416185776], [-50.94334763000456, -27.97242963586521], [-50.94336918163919, -27.97323208303639], [-50.94408920186411, -27.9737538596239], [-50.94462961136528, -27.9748579887297], [-50.94450413891103, -27.97541080790346], [-50.94399470437589, -27.97598339392633], [-50.9440874449286, -27.97623370859474], [-50.9446410813358, -27.9766869729676], [-50.94449966243429, -27.97780711341139], [-50.9442671934175, -27.9779853251592], [-50.94410264808606, -27.97857557765787], [-50.94416233099648, -27.97880351519189], [-50.94440553769272, -27.97890502908899], [-50.94551689943616, -27.9782006990356], [-50.94558012978296, -27.97734722121965], [-50.94614262993015, -27.97666950460011], [-50.9461888408117, -27.975991682831], [-50.94669310823818, -27.97515520292408], [-50.94644102357481, -27.9732830328477], [-50.94921618576311, -27.9721208563947], [-50.94762070864347, -27.97045490279215], [-50.94866485446098, -27.96944536500408], [-50.95101454069253, -27.96815567041097], [-50.95234888795971, -27.96930258736776], [-50.95061970484743, -27.97137544218985], [-50.95363310992983, -27.97449662073341], [-50.95205081358724, -27.97480371106685], [-50.95281605682371, -27.97741711573501], [-50.95575421673974, -27.97694427121408], [-50.95619230737946, -27.97588610699341], [-50.95603236519173, -27.97533558014961], [-50.95615568340042, -27.9749659232912], [-50.95600015746963, -27.9738786398874], [-50.95642677194876, -27.97260358142124], [-50.96261592296284, -27.97085004644224], [-50.96192346475738, -27.9693024720975], [-50.96094226515928, -27.96764694462221], [-50.96164051138157, -27.96774039088472], [-50.96185068947231, -27.96613708018711], [-50.96128721892867, -27.96574578896092], [-50.96099898973803, -27.96502134311261], [-50.9633991466019, -27.96496640985887], [-50.96171889093453, -27.96124564810203], [-50.96264733550255, -27.96074233030205], [-50.96388454691696, -27.9604939934317], [-50.96477146257186, -27.96109015014044], [-50.96625832692546, -27.96490091607909], [-50.96932095585624, -27.96486552355181], [-50.9674809815409, -27.95943309670392], [-50.96809708532274, -27.95923622103668], [-50.96857240012996, -27.95881328563611], [-50.96913340689546, -27.95858986465038], [-50.97029488472736, -27.95829146990853], [-50.97104547042505, -27.95839188758342], [-50.9722307173963, -27.95744417609939], [-50.97317779256498, -27.95750048783854], [-50.97380284810863, -27.95676710053786], [-50.97452618816959, -27.95659659281707], [-50.9750299386077, -27.95592479581665], [-50.97632012828715, -27.95526067821687], [-50.9789846577781, -27.95308541754008], [-50.97972180790742, -27.95189497717898], [-50.98010686378793, -27.95163767489664], [-50.98122455488128, -27.94751993939302], [-50.98214361876409, -27.94546141978881], [-50.98286235178116, -27.9451150460575], [-50.98323850455387, -27.94441246436264], [-50.98400975249075, -27.94364077199826], [-50.98498782354619, -27.94300780206265], [-50.9857992270528, -27.94311519662749], [-50.98645320804746, -27.94340136365974], [-50.98822081146402, -27.94485053582041], [-50.98897918598642, -27.94606776523865], [-50.98991125617999, -27.94625957955235], [-50.99092984565861, -27.94759422661906], [-50.99123938683923, -27.94828655511066], [-50.99069781939992, -27.94886376137883], [-50.98626733453582, -27.94713439938842], [-50.98357938754031, -27.94992034725571], [-50.98485885416964, -27.95075724006807], [-50.98709423956619, -27.95140890786371], [-50.98624090111766, -27.95147535930898], [-50.98590204882651, -27.95222949746442], [-50.98505611711699, -27.95309771070265], [-50.98272809642922, -27.95376859264567], [-50.9822980477302, -27.95407178584927], [-50.98202068440716, -27.95494286860483], [-50.98124048721992, -27.95551946015418], [-50.98111683001666, -27.95603306213456], [-50.9813765494282, -27.95624822614174], [-50.9816907491722, -27.95619543225869], [-50.9818486773251, -27.9559638008107], [-50.98276073415271, -27.95549892796446], [-50.9831071034602, -27.95481736452709], [-50.98595255576429, -27.95447670907637], [-50.98683614690989, -27.95370578521684], [-50.98839496806896, -27.95331034538567], [-50.98983509977091, -27.9525386789464], [-50.99255409415059, -27.9516964793313], [-50.99318179984358, -27.95180575581589], [-50.99353293749296, -27.95227116994523], [-50.99316723064885, -27.95273969402245], [-50.99239111940145, -27.95328976862019], [-50.99205538198948, -27.95381435280893], [-50.99068891420889, -27.95424304431562], [-50.98976511644517, -27.9552409608644], [-50.99534002989365, -27.95836403795295], [-50.99620929965551, -27.95720326708833], [-50.99647705929052, -27.95751417101371], [-50.99639382826349, -27.95822029740967], [-50.9970968524801, -27.95853390489501], [-50.99749319211597, -27.95903553110804], [-50.99752842862362, -27.95990902244799], [-50.99823934351578, -27.96117295884625], [-50.99739526418561, -27.96207228761061], [-50.99620171948406, -27.96424201975261], [-50.99579520005116, -27.96458752051228], [-50.99520557791153, -27.96477536350262], [-50.9923408783576, -27.96289405273295], [-50.9917737401768, -27.96269201346698], [-50.9921536326084, -27.9694165618015], [-50.99166013355403, -27.96954903489455], [-50.99219703291678, -27.97190958566404], [-50.99782515169498, -27.97108060597073], [-50.99808341744457, -27.97240473895353], [-50.99786061657153, -27.97323406033948], [-50.99821771646909, -27.9735654366759], [-50.99833872784381, -27.97397263172371], [-50.99809759318217, -27.97461988496686], [-50.99769835875115, -27.97491501144058], [-50.99373661492301, -27.97627298480429], [-50.99349785144001, -27.97653673308866], [-50.99354428850698, -27.97683548334529], [-50.99388612154654, -27.9769571991522], [-50.99599619017095, -27.97674016306626], [-50.99713559854768, -27.97698275247672], [-50.99632464375244, -27.97857728533552], [-50.99470565176201, -27.98048656089877], [-50.99391951210669, -27.9830864997437], [-50.99294029223053, -27.98437482002903], [-50.99298403303003, -27.98463648220421], [-50.99350223666945, -27.98494898075241], [-50.99355145612428, -27.98580229736745], [-50.99280184263677, -27.98790554844843], [-50.99235218560309, -27.98872707483935], [-50.9912403049491, -27.98995762917027], [-50.9904886090409, -27.99029742332411], [-50.98873389340222, -27.99073427274009], [-50.98797609684969, -27.99124372192153], [-50.98655278411895, -27.99124702836008], [-50.98636151606315, -27.99143813471865], [-50.98649190764697, -27.99179998980708], [-50.98736744123108, -27.99234429463069], [-50.98785642365102, -27.99340033222904], [-50.98876759564886, -27.99439839345323], [-50.98894440587273, -27.99480647490208], [-50.98875625859403, -27.99569189627932], [-50.98754593651711, -27.99726801592417], [-50.98767429493609, -27.9976641349552], [-50.98804224602605, -27.99768560160221], [-50.98990326345539, -27.99634087676526], [-50.9901438854548, -27.9963705425151], [-50.99174951169033, -27.9973976174726], [-50.99365730206699, -27.99823335597756], [-50.99528225715893, -27.99817558429217], [-50.99658175290371, -27.99853986333054], [-50.99651899356529, -27.99900182122364], [-50.99689202741369, -27.99934880806404], [-50.99907419525766, -27.99930665821019], [-51.00005607160674, -27.99871923156925], [-51.00194975599706, -27.99798518968032], [-51.00269936754029, -27.99710686638073], [-51.00276385797482, -27.99649469617209], [-51.00261713474754, -27.9959512926437], [-51.00226807980055, -27.99548663183757], [-50.99978687432294, -27.99429731516918], [-50.99893386492162, -27.99416590681194], [-50.9978477511163, -27.99348449770667], [-50.99691615964555, -27.99361105246461], [-50.99638374371324, -27.99396701619562], [-50.99468874443716, -27.99605585722253], [-50.99366765447782, -27.99621599892781], [-50.9928846439216, -27.99587305602564], [-50.99197367244557, -27.995217352646], [-50.99031702256007, -27.99318175949694], [-50.9903164812252, -27.99286673303451], [-50.9909103981948, -27.99241569314172], [-50.9921707738069, -27.99203069348075], [-50.99451732982593, -27.98984428827077], [-50.99547572817395, -27.98802364238731], [-50.99628644947881, -27.9856825980267], [-50.99632997216861, -27.98388118617742], [-50.99760777339889, -27.9814490328512], [-50.99992920444377, -27.9788816083177], [-51.00142588063891, -27.97751111972927], [-51.00194720086891, -27.97658742995504], [-51.00231178605296, -27.97552895846504], [-51.00175780800662, -27.97181568429583], [-51.00202145711532, -27.97097533298888], [-51.00266151110643, -27.97032676904437], [-51.00322925479557, -27.96934288155188], [-51.00622867885168, -27.97019336155087], [-51.0085538789482, -27.96725986768742], [-51.0090008516056, -27.96811140413897], [-51.0094272008826, -27.96853015873157], [-51.01142263951836, -27.96921874198055], [-51.0093200767544, -27.9703913326736], [-51.00819140404913, -27.97185382295085], [-51.00799006069866, -27.97279516440514], [-51.0081574751671, -27.9742656615918], [-51.00780917414478, -27.97496088728453], [-51.00539604303226, -27.97475403088934], [-51.00456226379759, -27.97534295948389], [-51.00406440906106, -27.97626382228651], [-51.00277573488373, -27.97592167770585], [-51.00304047079869, -27.97784006934104], [-51.00394350846778, -27.97982813404749], [-51.00409768501834, -27.98032625720547], [-51.00402063073724, -27.98099861441311], [-51.00437890139353, -27.98156678306315], [-51.00439325144538, -27.98186125380031], [-51.00473921385797, -27.98223253599041], [-51.00498067228857, -27.9832723843504], [-51.00667725358041, -27.98458127350536], [-51.00720401493052, -27.98456328256558], [-51.00829805095309, -27.98505773730865], [-51.01180795534327, -27.98555219573803], [-51.01176044116066, -27.98438042286958], [-51.01199107318129, -27.98419328882701], [-51.01198133771154, -27.98311530200156], [-51.01245782598831, -27.98194141513465], [-51.01318879581732, -27.98119168401674], [-51.01386039248482, -27.98070224780828], [-51.01425222076, -27.98061271565192], [-51.01509834744352, -27.98055312085715], [-51.01725660539487, -27.98090707294982], [-51.01798921954135, -27.98134359924528], [-51.01829498014798, -27.98185044195966], [-51.01813279610839, -27.98237531374418], [-51.01836641460765, -27.98267987493546], [-51.01847563032263, -27.98481852126814], [-51.01869286290949, -27.98500628901542], [-51.01995631691829, -27.98504435684567], [-51.02145435679353, -27.98402284619357], [-51.02248758842311, -27.98365312372185], [-51.02335434762235, -27.98279868425238], [-51.02390887525482, -27.98163245173688], [-51.02601106933802, -27.98183701217596], [-51.02672292107642, -27.98227650241832], [-51.02702287056779, -27.98222144976297], [-51.02742717873246, -27.98154138133537], [-51.02673912928342, -27.98093814417758], [-51.02540524404957, -27.98084539263172], [-51.02377179998705, -27.98046744499176], [-51.02274749429668, -27.98087874779647], [-51.02220235617708, -27.98213584833766], [-51.02003206046608, -27.98311574639029], [-51.01975963981426, -27.98108850310302], [-51.01927485885449, -27.97984328968091], [-51.01856543000799, -27.97931484900546], [-51.01740355674022, -27.97924138049334], [-51.01707218679262, -27.97902723501217], [-51.01550290008554, -27.97910099288273], [-51.01411669570668, -27.97878013869426], [-51.01279695911423, -27.97874584465044], [-51.01170593228869, -27.97929903344791], [-51.01037682480213, -27.98140120046229], [-51.00954200325391, -27.98136556386102], [-51.0086164348467, -27.98104172045145], [-51.00805461266063, -27.98067554647978], [-51.00746116988023, -27.97988615723508], [-51.00734515355019, -27.97818084533816], [-51.0075441125032, -27.97795765989909], [-51.01016099992733, -27.97738776026119], [-51.01182071305096, -27.97561359476386], [-51.01203256712752, -27.97466283484924], [-51.01179999564346, -27.97325720763893], [-51.01201589281214, -27.97306703369209], [-51.01419739470262, -27.97288533059158], [-51.01499223524865, -27.97245555670257], [-51.01577604512427, -27.97172249442963], [-51.0161841084791, -27.97107984175563], [-51.01729388576101, -27.97052781865002], [-51.01830079243206, -27.97050148219494], [-51.01897553677928, -27.97085645567008], [-51.01943532559452, -27.97055479523779], [-51.02003717195224, -27.97051993990595], [-51.02127094377476, -27.97080864195941], [-51.02172904970617, -27.97055640127287], [-51.02171298888112, -27.97030513396037], [-51.02001250932997, -27.9691181065497], [-51.01983730376868, -27.96872185812097], [-51.01906221644581, -27.96876320543848], [-51.01717115749623, -27.96808448703683], [-51.01665637591644, -27.96753930594956], [-51.01376303673885, -27.96562863596474], [-51.01351620076734, -27.96532347303468], [-51.01339939641477, -27.96467096802187], [-51.01383323874943, -27.96397591103354], [-51.01516692149556, -27.96293910372563], [-51.01602680260648, -27.96264247105652], [-51.01716228215186, -27.96158196634844], [-51.01760287392336, -27.96138390732088], [-51.018795493828, -27.9613113209899], [-51.01977065689736, -27.96077502960185], [-51.01984419508391, -27.95995472024252], [-51.01968748577291, -27.95956457422249], [-51.02054110522169, -27.95848410216979], [-51.02278399172499, -27.95633691503589], [-51.02342940610336, -27.95549525157771], [-51.02406209179429, -27.95566345525282], [-51.02476502795068, -27.95486273244459], [-51.02579142643907, -27.9547093649417], [-51.02647363068628, -27.95418969580107], [-51.02771968600118, -27.95368081374834], [-51.02975874354708, -27.95323898923612], [-51.0301899465758, -27.95410688954962], [-51.03113769553175, -27.95514349508929], [-51.03105761949624, -27.95608996333467], [-51.03129175030778, -27.95639706373791], [-51.03197885522392, -27.95640134063567], [-51.03341019976231, -27.95698897831876], [-51.03429106585283, -27.95704231770307], [-51.03574606627604, -27.95698764302833], [-51.03664985687367, -27.95665591920946], [-51.03741787657294, -27.95733410168363], [-51.03711711264899, -27.95825755030123], [-51.03729452825625, -27.95875044530912], [-51.03780065614246, -27.95927666175133], [-51.04000597862324, -27.9594334762487], [-51.03959597492142, -27.96064335107157], [-51.04047477971345, -27.96145679420889], [-51.03971279169148, -27.9624817593259], [-51.03969392426089, -27.9627592551677], [-51.04046500758774, -27.96335777611854], [-51.04152827691616, -27.96338916165196], [-51.04110974215745, -27.96388721957593], [-51.04000830574394, -27.96451348066274], [-51.03976921915021, -27.96505011723979], [-51.03989026850872, -27.96525071481461], [-51.04047405840185, -27.96530919132716], [-51.04090460110159, -27.96480739479795], [-51.04135785480611, -27.96469317113302], [-51.04265947059772, -27.96383372157769], [-51.0428070976531, -27.96344432636815], [-51.04274772830267, -27.96285795779461], [-51.04251511091548, -27.96255119079174], [-51.04142065448656, -27.96232405817243], [-51.04199300505314, -27.96174852696941], [-51.04218730303401, -27.96109154950268], [-51.04198455355132, -27.96065413629909], [-51.04134834079431, -27.96031522962324], [-51.04212817553574, -27.95890294092647], [-51.04210526137203, -27.95865117581265], [-51.04128216774885, -27.95781544562519], [-51.04042980659662, -27.95756371530505], [-51.03962160826487, -27.95761469187412], [-51.03969589792638, -27.95701915862301], [-51.03957962085162, -27.95625710865762], [-51.03940410325977, -27.95603600811519], [-51.04032671651214, -27.95492494833543], [-51.04107251988403, -27.95432292602926], [-51.04129206776041, -27.95375082541597], [-51.04117827145582, -27.95346594250375], [-51.04050851189012, -27.95353230877798], [-51.04028530343748, -27.95378002692142], [-51.03848255941545, -27.95464733002584], [-51.03770046296969, -27.95459584240423], [-51.0364870383588, -27.9542255091136], [-51.03476486217969, -27.95462889666981], [-51.03420249337845, -27.95439919423794], [-51.03396094976315, -27.95368706096397], [-51.03461788644907, -27.9523069071443], [-51.03427846732505, -27.95051037774987], [-51.03372913427168, -27.94995990537352], [-51.03276976928782, -27.94959010428629], [-51.03228601367947, -27.94861203847995], [-51.03163366503889, -27.94860742165588], [-51.03081110086336, -27.94944935617693], [-51.02905671075427, -27.94968757888322], [-51.02845094841883, -27.94961575330552], [-51.02853431167069, -27.94917266324472], [-51.02752146497898, -27.94719046947853], [-51.02779077466306, -27.94601100114839], [-51.02653402482304, -27.94534755824817], [-51.02613013864005, -27.9448007529177], [-51.02645364871638, -27.94348701641582], [-51.02635281252917, -27.94277349368096], [-51.02570922234227, -27.94153979920242], [-51.02559361770999, -27.94087144415468], [-51.02581806551965, -27.94057422738797], [-51.02661745019349, -27.94045648450567], [-51.02726872268413, -27.94057446765109], [-51.0277207420166, -27.94083638666863], [-51.02883695841776, -27.94082292835255], [-51.03083330353556, -27.94024240480782], [-51.03101331843918, -27.94009765438489], [-51.03102815147348, -27.93974100316062], [-51.03082849157357, -27.93958743464946], [-51.02970081797402, -27.93952691293797], [-51.02904556801182, -27.93967111005472], [-51.02860039427975, -27.93946970953172], [-51.02805856379927, -27.93888877295064], [-51.02818338816765, -27.9377118732787], [-51.02796033013688, -27.93748485330878], [-51.02730258562922, -27.93756538490612], [-51.02692071055028, -27.938066192408], [-51.02625706474375, -27.9382946993463], [-51.02384031157751, -27.93790935962865], [-51.02354228806428, -27.93771616854893], [-51.02295489057459, -27.93671511110631], [-51.02272972514168, -27.93658498697292], [-51.02243019782943, -27.93671646172891], [-51.02149476148356, -27.93844815737202], [-51.01977476534124, -27.93614202616455], [-51.01915063582798, -27.93441182727273], [-51.01929155240051, -27.93378476615397], [-51.01903136656691, -27.93334096434755], [-51.01910416233904, -27.93188735786241], [-51.0195093571941, -27.93043256501582], [-51.01964675786967, -27.9302719892534], [-51.02033134730035, -27.9301497103293], [-51.02150160231081, -27.93015211552629], [-51.02209817263529, -27.92986324931889], [-51.02342612494682, -27.93000936792321], [-51.0215643269024, -27.92787884172726], [-51.02099047393013, -27.92842394920709], [-51.02090064264357, -27.92832844280317], [-51.02009024471546, -27.9267181292769], [-51.02014241085043, -27.92617164150457], [-51.02046322168654, -27.92583441631101], [-51.0211612375117, -27.92534460415598], [-51.02268960948372, -27.9246469323103], [-51.02355851195818, -27.92474369727595], [-51.02387960673305, -27.92501565301182], [-51.02482246480711, -27.92522003966626], [-51.02729760275643, -27.92633954964955], [-51.02758549009409, -27.92620382785989], [-51.02774442336274, -27.92554660685017], [-51.02786968857643, -27.92550506403714], [-51.02975845365641, -27.92508227469451], [-51.03050334368186, -27.92546649486416], [-51.02952866687503, -27.92309772554814], [-51.02750163995051, -27.92373881479018], [-51.02734210708663, -27.9226653251835], [-51.0285178414015, -27.92178987318135], [-51.03005231640977, -27.92105111072043], [-51.03239242421907, -27.92033835873128], [-51.03339779485382, -27.92102419388094], [-51.03336850143214, -27.92170977139359], [-51.03212528949963, -27.9217100669268], [-51.03278859087191, -27.92294144629127], [-51.03352139927963, -27.92294088773761], [-51.03362752522515, -27.92040803072277], [-51.03414439876398, -27.92027744021842], [-51.03459466325737, -27.91961473814774], [-51.03746364953374, -27.91896169254148], [-51.03678994878697, -27.92153667542111], [-51.03927598691043, -27.922111124578], [-51.04062033094641, -27.9216547065405], [-51.04079575501335, -27.9217376834469], [-51.04135605327276, -27.92281414543948], [-51.04175048160599, -27.92488551755031], [-51.04125561607163, -27.9255510740167], [-51.04129904432386, -27.92579730841787], [-51.04252834687266, -27.92647136630356], [-51.04276084162231, -27.92703375225599], [-51.04250780395334, -27.92770022351817], [-51.04336926556498, -27.9280381056364], [-51.0443670643442, -27.92954944390487], [-51.04377435919066, -27.93038847912065], [-51.04385161291482, -27.9308029451756], [-51.04421941277454, -27.93097513599811], [-51.04514780796733, -27.93062010727521], [-51.0454533060833, -27.93080161432501], [-51.0462001227414, -27.93191240401804], [-51.04664962392216, -27.93288175287175], [-51.04688162130273, -27.93383780477721], [-51.04723402346449, -27.93413282376544], [-51.04751701488167, -27.93416162667164], [-51.04875346529365, -27.93598634385439], [-51.0491744698599, -27.9360824603221], [-51.04932189985455, -27.93583932014847], [-51.04912683591038, -27.93499087078469], [-51.04965284820184, -27.9349823216401], [-51.04952005784118, -27.92947304930512], [-51.04863742308005, -27.92923835114656], [-51.04813914311226, -27.92891964979771], [-51.04662256296372, -27.92880913283151], [-51.0452168941685, -27.926733845278], [-51.04463534170935, -27.92490653777251], [-51.0452243184687, -27.92227111898563], [-51.04508985501758, -27.92153217308334], [-51.04462859759662, -27.92089070816671], [-51.04467425105969, -27.91970479457312], [-51.04521679018175, -27.9192069026627], [-51.04569335752903, -27.91913244178424], [-51.0478893463794, -27.91952009712484], [-51.04870597554962, -27.91932619440838], [-51.04982055569238, -27.91949722325961], [-51.05040622380891, -27.91989878833567], [-51.05077502450765, -27.92090792261164], [-51.05104071920046, -27.92103881089101], [-51.05191618595015, -27.92098770133869], [-51.05225604380071, -27.92138865970264], [-51.05307572958431, -27.92172491817679], [-51.053789781854, -27.92148010377848], [-51.05423874278669, -27.92168289116359], [-51.05566683764492, -27.92177150088108], [-51.05604105854047, -27.92140572895386], [-51.0560492063925, -27.9211013654614], [-51.05580742474701, -27.92084369082611], [-51.05536454850278, -27.92104314781239], [-51.05474444783756, -27.92090758681811], [-51.0545157102553, -27.92066355668372], [-51.05393161174342, -27.9204678932531], [-51.05328121879383, -27.9204612525767], [-51.05308034383889, -27.91983493287652], [-51.05234311230124, -27.91947461971759], [-51.05232737247551, -27.91904545368163], [-51.05310850518291, -27.91682880601257], [-51.04507220685557, -27.91419715897672], [-51.04677364341272, -27.91305040623443], [-51.04898970174468, -27.91233212361411], [-51.05097438030388, -27.91210683079195], [-51.0514654877617, -27.91118201889964], [-51.05265333398808, -27.91081780319955], [-51.05306656348983, -27.90994900704216], [-51.05363879022521, -27.90964391644635], [-51.05412726615004, -27.90960640034909], [-51.05513965042984, -27.91028109251525], [-51.05600642780287, -27.91039867050804], [-51.05612625083463, -27.90996030064704], [-51.05580972872005, -27.90910592931435], [-51.05574865346798, -27.90827548491367], [-51.05610572384169, -27.90776822096533], [-51.05758468988555, -27.90684490711289], [-51.05901129353206, -27.90656078108515], [-51.06017385110299, -27.90701617240098], [-51.06076620520595, -27.90660480534198], [-51.06177607826389, -27.90659095388382], [-51.0621626561069, -27.90636190870725], [-51.06217155310943, -27.90616465248154], [-51.06190030428892, -27.90587449922536], [-51.06099953945376, -27.90533778670418], [-51.06059161244672, -27.90460311727298], [-51.06085151036241, -27.90403538898498], [-51.06149796572571, -27.90357375347578], [-51.06171127563205, -27.90160359347729], [-51.06220675329909, -27.90042477908241], [-51.06238431912903, -27.89876939747581], [-51.06267788185256, -27.89775001110474], [-51.06266159976274, -27.8974116834995], [-51.06224197116151, -27.89672633347941], [-51.06216003599008, -27.89487995242494], [-51.06177436882862, -27.8943722126657], [-51.06118441605704, -27.8926408004877], [-51.06103674049824, -27.89106874332591], [-51.06126151143631, -27.89007457994897], [-51.06185381607144, -27.88949956862793], [-51.06358528334749, -27.8889042235928], [-51.06509098565891, -27.88901338415195], [-51.06571727104123, -27.88943857207594], [-51.06676696657375, -27.88975629389458], [-51.06847097012363, -27.88911257660672], [-51.06884402150496, -27.88919995661141], [-51.06899235526837, -27.89000538279037], [-51.06878809672651, -27.89152276762433], [-51.06892430489123, -27.8923764990961], [-51.06878909155534, -27.89273508219915], [-51.06925490741354, -27.89318283216364], [-51.06951273145093, -27.89388065646972], [-51.06890374215586, -27.89643097310759], [-51.06832403766484, -27.89726135329136], [-51.06813954320204, -27.89781579541355], [-51.0682240537397, -27.89801006984911], [-51.06859267012734, -27.89812212586129], [-51.06888172749497, -27.89892308940749], [-51.0692784592381, -27.89938947244968], [-51.0689451884172, -27.89997055871937], [-51.06885101804938, -27.90054303127004], [-51.06935531158571, -27.90120579923425], [-51.06952857477851, -27.90220191318234], [-51.07053087159195, -27.90371869348933], [-51.07166967587582, -27.90419394992873], [-51.07224812467163, -27.90507407659911], [-51.07328984119902, -27.90483865167058], [-51.07436979544192, -27.90494726879267], [-51.07526229423854, -27.90526000395324], [-51.07596446597763, -27.90684589460243], [-51.07624490947544, -27.90699902094566], [-51.0771870226024, -27.90615964539979], [-51.07872120066261, -27.90706345007724], [-51.08000996295319, -27.9072108354482], [-51.08065853275657, -27.90710806471245], [-51.08163502701272, -27.90661902090079], [-51.0824137177214, -27.90643661774993], [-51.08380459969535, -27.90554567176233], [-51.08457826629527, -27.90549853737092], [-51.08380339614209, -27.90749934252476], [-51.08322430076985, -27.9080254096182], [-51.08276433368304, -27.90912638744345], [-51.08264430197631, -27.91050122380072], [-51.08290872451812, -27.91102088493549], [-51.08288507994733, -27.91147594617444], [-51.08328594130141, -27.91198744922303], [-51.08335950107323, -27.91234331505064], [-51.08319964700357, -27.91311938971667], [-51.08336200584025, -27.91335022680275], [-51.08380172456786, -27.91330971594334], [-51.08420726766049, -27.91274420767318], [-51.08621482613095, -27.9114953318093], [-51.08704738235197, -27.91194722325809], [-51.08833802878597, -27.91221377396344], [-51.09096320867291, -27.91191511648118], [-51.09114522149743, -27.91233830442243], [-51.09143345347665, -27.91247416099042], [-51.09214129229304, -27.9119044381187], [-51.09258767770637, -27.91178425943748], [-51.0929909306794, -27.91200332134156], [-51.0945539630439, -27.91410953735529], [-51.09498619758266, -27.91436242490688], [-51.0959794470303, -27.91449422663788], [-51.09678421302278, -27.91422121926179], [-51.09756022791277, -27.91340692186841], [-51.09791769839994, -27.91246817820579], [-51.09812796093753, -27.91042773440382], [-51.09855056501226, -27.91015500644564], [-51.09907656371388, -27.91039722776285], [-51.10196969249369, -27.91252282714313], [-51.10347948159349, -27.91295155839624], [-51.10377237305042, -27.91276547106434], [-51.10366493476377, -27.91229676678213], [-51.10230364210654, -27.91186713310743], [-51.1000722913326, -27.91012866658143], [-51.09984058498422, -27.90975105061604], [-51.09988207512527, -27.90941380665217], [-51.0995968436301, -27.90925213707108], [-51.09888055686534, -27.90937397009113], [-51.0986963266373, -27.90913579782431], [-51.09841765865522, -27.90911468770586], [-51.09733991469778, -27.90972966749068], [-51.09699018454002, -27.91053965934683], [-51.09694152280619, -27.91216795504934], [-51.09664720331696, -27.91282799426687], [-51.09590477103166, -27.91334229169212], [-51.09561019152168, -27.91314051078189], [-51.09472421787732, -27.91184097583365], [-51.09345439907852, -27.91064315372951], [-51.09202831197226, -27.91046457704786], [-51.08916476179128, -27.91044290772271], [-51.08867608377221, -27.90978787482469], [-51.08869277953386, -27.90925067243207], [-51.08847086757089, -27.9090372564994], [-51.08743423714145, -27.90932128092379], [-51.08592710661252, -27.9091439686027], [-51.09447990962044, -27.90213755217209], [-51.09290366428671, -27.90031914543571], [-51.09240375691538, -27.89908102697543], [-51.0910372898706, -27.90030068474217], [-51.08993594697199, -27.90102030635938], [-51.08935891431813, -27.90192766394631], [-51.08911005277023, -27.90190508323674], [-51.08732417071624, -27.90295579544937], [-51.08695575084085, -27.90297565032116], [-51.0858441276267, -27.90233198154617], [-51.08552073786227, -27.90191321656515], [-51.08524258504849, -27.90185684965939], [-51.08486051120952, -27.90211951691099], [-51.08348230526363, -27.9024141162779], [-51.08251748447656, -27.902887419404], [-51.0812542427223, -27.90396872645857], [-51.08064758583524, -27.90422311896252], [-51.07993821328027, -27.90418531933851], [-51.07910911521337, -27.90388642887834], [-51.07862441166036, -27.90322896562679], [-51.07742925218956, -27.9031782098057], [-51.07447954994054, -27.90191938572812], [-51.07407540132023, -27.90157719056571], [-51.07401366277781, -27.90129103230685], [-51.07831484696933, -27.89935649536111], [-51.0799859461713, -27.90034351028684], [-51.07962638853781, -27.89521610917273], [-51.07742568768556, -27.89574560143793], [-51.07660691656176, -27.89534298194765], [-51.07662366721802, -27.89509460467687], [-51.07566565749569, -27.8932673499342], [-51.07622088128056, -27.89096296584269], [-51.08147575007855, -27.89279533403574], [-51.08178176040685, -27.89303048510025], [-51.08174213727477, -27.8922239204061], [-51.08120980301708, -27.89114860773871], [-51.08065848718916, -27.89045027076229], [-51.0799765870726, -27.88994108574215], [-51.08027668810365, -27.88982801507073], [-51.08042271047777, -27.88928435926073], [-51.08131988134405, -27.88829881075612], [-51.08140982951884, -27.8879232922053], [-51.08095522139594, -27.8877455547548], [-51.07998869635282, -27.88838055668199], [-51.07905105770919, -27.88839645441169], [-51.07707480600443, -27.8880967089497], [-51.07531569543523, -27.88759287989418], [-51.07501456536585, -27.88713010451659], [-51.07518438413522, -27.88616530134531], [-51.07458177614041, -27.88513306213877], [-51.07453156305954, -27.88462430744316], [-51.07487245421657, -27.88364532687884], [-51.07478561381577, -27.88334213883219], [-51.07251486594467, -27.88209489249326], [-51.07139451774918, -27.88203882240139], [-51.07025567561623, -27.88163501897639], [-51.06796183688413, -27.88177957410976], [-51.0670744846143, -27.88199346644616], [-51.06680754459034, -27.88242265897489], [-51.06573359338875, -27.88309974068591], [-51.06513992074413, -27.88328190131736], [-51.0645771587809, -27.88315330352332], [-51.06616754284805, -27.87959319814377], [-51.06693506400841, -27.87938032799609], [-51.06697688296951, -27.87915714384415], [-51.0665997680231, -27.87863649366207], [-51.06752834489172, -27.87658705432809], [-51.0680490647944, -27.87685906639248], [-51.06834123769457, -27.87650320329001], [-51.06796305124655, -27.87609944846667], [-51.06733096414076, -27.87578117961237], [-51.06505037311134, -27.87491842694323], [-51.06495088748378, -27.87529393033203], [-51.06296128316099, -27.8749036987009], [-51.06273813400404, -27.87593107585213], [-51.06169043239799, -27.87532975144412], [-51.06037366666253, -27.87399491349549], [-51.0597380354483, -27.87355770473199], [-51.05713358113217, -27.87240745395337], [-51.05695719635039, -27.87221069320282], [-51.05717041846474, -27.87157524700589], [-51.05788848971163, -27.87124129801975], [-51.05833043018349, -27.87129092407607], [-51.05914432309598, -27.87168831586911], [-51.05981927827655, -27.87163036185809], [-51.06151526856055, -27.87017008143623], [-51.06176565145537, -27.87013189978113], [-51.06283925319125, -27.87060560316818], [-51.06503414345223, -27.87244293305669], [-51.06624002556561, -27.87314563313787], [-51.07034331729357, -27.87420390033935], [-51.07054277264256, -27.87409289163545], [-51.07059408626057, -27.87381562959487], [-51.06801949484933, -27.87067472795558], [-51.06777781224281, -27.86970642010219], [-51.06915585654827, -27.86913600651115], [-51.0718453025729, -27.86865213437894], [-51.07289944470342, -27.86914303718339], [-51.07473069853036, -27.87064234904417], [-51.07406011380221, -27.87166554231862], [-51.07338939017162, -27.8736970792301], [-51.072574633598, -27.8753406881395], [-51.07519229532139, -27.87520585992896], [-51.07735395984236, -27.87359649987285], [-51.07948593940458, -27.87608754378895], [-51.08120052197976, -27.87716034374212], [-51.08131321254515, -27.87814069866092], [-51.0814952251468, -27.87835922234179], [-51.08224280934678, -27.87813899400847], [-51.08385349950316, -27.87887816694524], [-51.08421688777447, -27.87881770095685], [-51.0846512965358, -27.87835345283495], [-51.08560196810135, -27.87832332514931], [-51.08649766644907, -27.87852121314676], [-51.0867219984625, -27.87826188859848], [-51.08672518248924, -27.87789496258529], [-51.08611541052996, -27.87726578438301], [-51.08610510340284, -27.87685673207501], [-51.08588721134272, -27.87676024141547], [-51.0853417727641, -27.87688961863066], [-51.08461919397488, -27.87653941332761], [-51.0839797123504, -27.87600247058675], [-51.08359233473822, -27.87560123054186], [-51.08387172736628, -27.87525540326129], [-51.08371222883666, -27.87484479011869], [-51.08289827634057, -27.87430152946356], [-51.08210255351447, -27.87317700935055], [-51.08138263835315, -27.8725975330341], [-51.08017198395384, -27.86977114462869], [-51.0786868706072, -27.86755189191654], [-51.07847221478587, -27.86660476611496], [-51.07887148364295, -27.86599820462294], [-51.08045646914448, -27.86519739215999], [-51.08133969475617, -27.86450157852775], [-51.08177698896227, -27.86436031090741], [-51.08228564309359, -27.86442320070645], [-51.08256468782905, -27.86470017726492], [-51.08351091281076, -27.86498162577217], [-51.08480039284512, -27.86566936403608], [-51.0876049559426, -27.86981797425337], [-51.08776716113309, -27.86949580998269], [-51.08927758649607, -27.86974736433474], [-51.08996051865925, -27.87007520266156], [-51.09192245181204, -27.87038055246462], [-51.09387617239613, -27.86996040723444], [-51.09449528112925, -27.87003299679442], [-51.09509237926096, -27.87094648350253], [-51.09507741755113, -27.87148743653871], [-51.09452931221793, -27.87207138252792], [-51.09480098274034, -27.87232587662527], [-51.09537223237738, -27.87246744339022], [-51.0963827260807, -27.87354013920475], [-51.09661429556875, -27.87427783796557], [-51.0971309987086, -27.87484576226333], [-51.09720748171731, -27.87541775890741], [-51.0976259173637, -27.87613068527455], [-51.09741065432674, -27.87673582895688], [-51.09747501118862, -27.87705180999885], [-51.09784007466444, -27.87748335755948], [-51.09821768749694, -27.8776265681272], [-51.09842255627307, -27.87701026337592], [-51.09866856513595, -27.8769222178386], [-51.09929240033658, -27.87619302320587], [-51.099042465768, -27.87542117357022], [-51.0991417650568, -27.87432049755129], [-51.09890311037363, -27.87366814392302], [-51.09887340983118, -27.87274199880198], [-51.09836220768602, -27.87092707394946], [-51.09874356927631, -27.87074407265748], [-51.09916408533655, -27.87076098239734], [-51.10070011062973, -27.87117047011337], [-51.10186270708405, -27.87093421807278], [-51.10239288418115, -27.8709831765577], [-51.10430151067409, -27.87124973197551], [-51.10415685010774, -27.87238644002016], [-51.10414670439347, -27.87726353717791], [-51.10563032194188, -27.87768527175936], [-51.10728619645225, -27.87709662155646], [-51.11253395871223, -27.87912088346736], [-51.11296961500869, -27.87846665506567], [-51.1129856643568, -27.87773042843337], [-51.11142408388839, -27.87684124191463], [-51.11058532509338, -27.87611154419848], [-51.11058485628618, -27.87574004802214], [-51.10969749404462, -27.87496966182659], [-51.10890375985478, -27.87364022502736], [-51.11005184078824, -27.8729905678034], [-51.11095927847445, -27.87167005744811], [-51.10975611526938, -27.87172335975411], [-51.10869605334713, -27.87314737523038], [-51.10825909536887, -27.87255179196633], [-51.10713231507491, -27.87196105580838], [-51.10679976514488, -27.87150612031906], [-51.1069848375114, -27.87070303565951], [-51.10654849021917, -27.8698613771765], [-51.10688912326112, -27.86902424682392], [-51.1067938428357, -27.86877102249754], [-51.10722882444818, -27.86827040673651], [-51.10675153613125, -27.86806564458089], [-51.105614579841, -27.86801900577785], [-51.1049859610743, -27.86831340675473], [-51.10406633429908, -27.86831575807577], [-51.10385209849701, -27.86809253958809], [-51.10290280939182, -27.86782165930153], [-51.1021209740231, -27.86738884293433], [-51.10136795444239, -27.86753640441079], [-51.1009972802342, -27.86743766131225], [-51.10066171646505, -27.86799818765163], [-51.09996812411518, -27.86760992446672], [-51.09846209992145, -27.86711061694451], [-51.0982584760041, -27.86659345383736], [-51.09891172971786, -27.86493644757988], [-51.0985576778953, -27.8642241220723], [-51.09818101149381, -27.86419842563459], [-51.09784756252444, -27.8645938342618], [-51.09549204769027, -27.8626368466136], [-51.09460398245313, -27.86154140764058], [-51.09271453435931, -27.86151299005976], [-51.09223723865715, -27.86100910772216], [-51.09304356680213, -27.85923750150122], [-51.09372122976066, -27.85872444900045], [-51.09368241058472, -27.85827849824902], [-51.09327494073695, -27.8580131055433], [-51.09309653986775, -27.85722993680303], [-51.09287911935039, -27.85702517483816], [-51.09260496223274, -27.85566448113781], [-51.09270212452496, -27.85514922150388], [-51.0885385478429, -27.85754256125728], [-51.08733259477901, -27.85794803171072], [-51.08630097695235, -27.85641918051761], [-51.08818058171018, -27.85504621096491], [-51.08815014009015, -27.85147526927382], [-51.08686669796963, -27.85196115643814], [-51.08627308058304, -27.85253378244836], [-51.08592492767593, -27.85252309655782], [-51.08473306739467, -27.85315713790187], [-51.0842580576044, -27.85318004358281], [-51.08377554572725, -27.85269266981281], [-51.08280647176685, -27.85054771700883], [-51.08373848657078, -27.85009003089011], [-51.08410917003859, -27.84965395832203], [-51.08635599082541, -27.84912960812804], [-51.08603949206504, -27.84729939197341], [-51.08478751895284, -27.84794802256163], [-51.08481699652578, -27.84719000999928], [-51.08460289031264, -27.84639590605305], [-51.0850260787804, -27.84571659794927], [-51.08592755592505, -27.84496260496525], [-51.08398543260414, -27.84472926607643], [-51.08256213221767, -27.84430034878121], [-51.08228173195025, -27.8416164379694], [-51.08296994621917, -27.84089147885351], [-51.08466868389283, -27.84052160487593], [-51.08588803434131, -27.84168139580691], [-51.08642850199295, -27.84179624565211], [-51.08673900588778, -27.84208492661614], [-51.08999659790252, -27.83935296679336], [-51.09056955417067, -27.83997737121229], [-51.09126906755311, -27.84042525365461], [-51.09152056596667, -27.84038673065091], [-51.09176517835551, -27.83987238853428], [-51.0910202851407, -27.83791530078284], [-51.09103690983311, -27.83737397947432], [-51.09064528578798, -27.83670088116086], [-51.09033375703462, -27.83657400696244], [-51.09027792047492, -27.83627388066614], [-51.09179181566283, -27.83799348246651], [-51.09247298377142, -27.83792306465102], [-51.09395649720095, -27.83722243132941], [-51.0917238608803, -27.83405046880974], [-51.09276926435229, -27.833315421388], [-51.09510597787942, -27.83255065582987], [-51.09572573300513, -27.83277361746447], [-51.09662282843197, -27.83340506479163], [-51.09741841676889, -27.83444143353297], [-51.09860596509822, -27.83492936197211], [-51.09811950619368, -27.83915674633877], [-51.10014245107341, -27.83966318055329], [-51.10059607802363, -27.8375450893622], [-51.10236450428991, -27.83357630307037], [-51.10253910852867, -27.83395101505572], [-51.10200535554471, -27.83594926500057], [-51.10203812393628, -27.83652840116504], [-51.10161144497436, -27.83711004338196], [-51.10131733102805, -27.83787612747766], [-51.10112773576452, -27.8391467386722], [-51.10018519504732, -27.84078692378867], [-51.0998508355694, -27.84108475384006], [-51.09974901066171, -27.84181898747214], [-51.10077829780928, -27.84359898762299], [-51.10039692709209, -27.84471775357631], [-51.10073464335854, -27.84492175485429], [-51.10153181323259, -27.84487252572607], [-51.10226450855713, -27.84529511752984], [-51.10339244195593, -27.84704471205579], [-51.10376220957793, -27.84715187744415], [-51.10408243590145, -27.84682168794755], [-51.10399603274996, -27.84527929451765], [-51.10381049258664, -27.84503694751303], [-51.10604486590351, -27.8445053630791], [-51.10576853482664, -27.8403889122727], [-51.10636342321107, -27.83992637260379], [-51.10658127205557, -27.83952150181852], [-51.10846884095315, -27.83826272690657], [-51.10646127929091, -27.83718924924353], [-51.1073270681352, -27.8362488440235], [-51.10842345118201, -27.83447798887057], [-51.10866967123226, -27.83419439944394], [-51.10904107886997, -27.83419551222575], [-51.10926900847041, -27.83436290175157], [-51.10951939947677, -27.83538569116195], [-51.1098625070738, -27.83552532215844], [-51.11037938998523, -27.83629315941634], [-51.11478813924526, -27.83822348969968], [-51.11351316739971, -27.84119637267356], [-51.11395429613168, -27.84158658971668], [-51.11371924828706, -27.84253185300433], [-51.11330259583414, -27.84328441032608], [-51.11358435113289, -27.84351808035686], [-51.11515429128237, -27.84347566640793], [-51.11550196669292, -27.84390426969788], [-51.11493153770609, -27.84608606918479], [-51.1144915337746, -27.84656310686693], [-51.11413055495777, -27.84780650536701], [-51.11271104947034, -27.84915570785582], [-51.11281312806924, -27.84977163450078], [-51.11250896257519, -27.8509669642805], [-51.11224160449073, -27.85139688808202], [-51.11218838785027, -27.85254026297977], [-51.11241600907532, -27.85271788906947], [-51.11293331501405, -27.85255502020515], [-51.11321551534827, -27.85163151128046], [-51.11366421881927, -27.8512979395339], [-51.1138562026093, -27.85077671454889], [-51.1144148950555, -27.85007840400969], [-51.11486827170374, -27.84972586212725], [-51.11597078901763, -27.84938180572325], [-51.11668988238931, -27.84830662016011], [-51.11751606577794, -27.84789281466875], [-51.11872700562785, -27.84660949673758], [-51.11902730609848, -27.84657379082045], [-51.12024773233777, -27.84747429673709], [-51.12127701219474, -27.84891974261242], [-51.12227027764233, -27.85126670147019], [-51.12214094485998, -27.85169337598801], [-51.12249134732249, -27.85249192131722], [-51.12282413508939, -27.85272014713259], [-51.12313575355425, -27.85392897097478], [-51.1237167128509, -27.85480954934691], [-51.12371463667744, -27.85508369878632], [-51.12288695019415, -27.85639413183783], [-51.12284745044733, -27.85680637553872], [-51.12318445318506, -27.85697273211927], [-51.12464572650283, -27.85649275241631], [-51.12524972561272, -27.856919956351], [-51.12528174294204, -27.85729637396148], [-51.12321130664922, -27.85906687261929], [-51.12193009389014, -27.85974618022495], [-51.12330467624886, -27.86169035192229], [-51.12366899806956, -27.86121355612136], [-51.12566880894616, -27.85960506679845], [-51.12585707015536, -27.86004424182604], [-51.12608116688499, -27.86017230578194], [-51.12607584368626, -27.86116435957662], [-51.12634037212495, -27.8614749619924], [-51.12596913001597, -27.86168975011603], [-51.12505207245503, -27.86273045818634], [-51.12402628198864, -27.86453651001009], [-51.12613928460491, -27.86547444883883], [-51.12773744275371, -27.8626663379954], [-51.12817857508703, -27.86306834924866], [-51.12829085511257, -27.86385245970804], [-51.1287357737519, -27.86440632531109], [-51.12905461485893, -27.86442345274686], [-51.12921557592457, -27.86418720660648], [-51.12913122402097, -27.86296154404013], [-51.12891199878466, -27.86249674685347], [-51.12862376748436, -27.86228657410272], [-51.12821347532608, -27.86135179835338], [-51.12766247403975, -27.86093964566652], [-51.12758604372328, -27.86071625417019], [-51.12761691296364, -27.85979462114815], [-51.12735153777298, -27.85911525840375], [-51.12764346497331, -27.85800909743772], [-51.12732326760646, -27.85731158213384], [-51.1273909481784, -27.85609126516454], [-51.12710426465819, -27.85538401722472], [-51.12775648800222, -27.85483696485169], [-51.12888432055785, -27.85648931178696], [-51.12956723667551, -27.85661650114193], [-51.12987894747136, -27.85686121363101], [-51.1308731909864, -27.85690820995967], [-51.13351926825473, -27.85750744570355], [-51.13408984406995, -27.85602932047475], [-51.13202766433279, -27.85482066311433], [-51.13066612130169, -27.85430883164819], [-51.13060268146392, -27.85401875320946], [-51.12980329730498, -27.85359905136604], [-51.12824812171894, -27.85322096634877], [-51.12669584828539, -27.85357480823778], [-51.12633048443314, -27.85333348576282], [-51.12624437768782, -27.85306203246325], [-51.12984336088054, -27.8504366318211], [-51.13049254290293, -27.85021924555668], [-51.13057080688751, -27.8499515519873], [-51.12994467845479, -27.84954575139945], [-51.12666043733843, -27.8503619954567], [-51.12589209819554, -27.85012236132806], [-51.12528503088898, -27.84924853224788], [-51.12485423313784, -27.84786565512903], [-51.12419543984358, -27.84683007176321], [-51.12374876200068, -27.84517153893843], [-51.12389450170118, -27.84491423202808], [-51.12450923160371, -27.84472925135807], [-51.12528085311518, -27.84422098959896], [-51.12568527780931, -27.84380972213564], [-51.12567061066446, -27.84360917379416], [-51.12548434971034, -27.84346667964689], [-51.12444894764583, -27.8435210988642], [-51.12304631600361, -27.84263965819462], [-51.12276436582027, -27.84204680767537], [-51.12368708835096, -27.83865619965757], [-51.12443137903031, -27.83755722759498], [-51.12404850169593, -27.83617380794787], [-51.12420256562051, -27.83597868617837], [-51.12608264665891, -27.83617585988765], [-51.12984727435552, -27.83914632599944], [-51.13163977726031, -27.83995235152926], [-51.13184783769658, -27.83980397741329], [-51.13184870194656, -27.83957412947656], [-51.13095853435223, -27.83819123925727], [-51.13077232164024, -27.83744352117681], [-51.13030793341569, -27.83658460473074], [-51.13036603445284, -27.83565607843313], [-51.13062403683573, -27.83532435035973], [-51.13627752284696, -27.84039939615329], [-51.13672539916824, -27.84018670634357], [-51.13086680989124, -27.83510157147087], [-51.13199849034419, -27.83479760272064], [-51.13323134835588, -27.83512692313129], [-51.13436781390825, -27.8352010777227], [-51.13453514286661, -27.83431318489159], [-51.13405651844174, -27.83364350199026], [-51.13387071239491, -27.83290269203728], [-51.13443522226808, -27.83220983645876], [-51.13480724390894, -27.83106189753238], [-51.13533118541093, -27.83061282483704], [-51.13611941207272, -27.83043237629097], [-51.13681918424157, -27.83001770136589], [-51.13760669275243, -27.82986616529475], [-51.13844734857521, -27.83006984002046], [-51.1387332727179, -27.82987516590626], [-51.13859799291136, -27.82915573287782], [-51.1389518653628, -27.82856831699046], [-51.13882678354907, -27.82821324344349], [-51.13785479075923, -27.82827377228858], [-51.13705722047173, -27.82784610009293], [-51.13493933447253, -27.82728335218799], [-51.13486021319018, -27.82622888379661], [-51.13442240319564, -27.82573013936863], [-51.13434145564647, -27.82476763095974], [-51.13362398422685, -27.82432212591658], [-51.13327505878942, -27.82334206896089], [-51.13348225874632, -27.82232840900976], [-51.1341115686868, -27.82143696153478], [-51.13425036004707, -27.82027407123218], [-51.13484117440931, -27.81998749810115], [-51.13598101755158, -27.81982929458037], [-51.13614291029161, -27.81963655524425], [-51.13583050807496, -27.8188418166928], [-51.13497360819471, -27.81766417900306], [-51.13488229774262, -27.81676392657589], [-51.13516676497521, -27.8148384392582], [-51.13556672684397, -27.81350593719374], [-51.13646595604784, -27.81357885434117], [-51.13626965235285, -27.81253802906695], [-51.13724739716601, -27.81334643071479], [-51.1376755592336, -27.81431941157157], [-51.13905876855475, -27.81644449583351], [-51.14000578079378, -27.81729332516126], [-51.14050537348057, -27.81866307253592], [-51.14112674726697, -27.81898682341288], [-51.14154361706432, -27.81942896187429], [-51.1424081693906, -27.81976291671484], [-51.14257557182644, -27.82023543591914], [-51.14316468921116, -27.82029151687644], [-51.14622754037655, -27.82319172172293], [-51.14633410146119, -27.824719358731], [-51.14561403232718, -27.82624708035295], [-51.14700057882123, -27.82834373316937], [-51.14675514872883, -27.82929121678965], [-51.14693989131521, -27.82970127927232], [-51.14821581396864, -27.83059226725492], [-51.14822477076306, -27.83090788807538], [-51.14659932166137, -27.83228973959028], [-51.14666330547892, -27.83257758934595], [-51.1476177955135, -27.83273035234298], [-51.14815014748014, -27.83242713416169], [-51.14843285023264, -27.83188451500868], [-51.14919257371655, -27.8313497249965], [-51.15087621304145, -27.83054281825953], [-51.15128654469797, -27.83055730705432], [-51.15143549729424, -27.83037542258429], [-51.15127743974514, -27.83008104169148], [-51.15074438258994, -27.82990272536479], [-51.14945360888037, -27.83024792913677], [-51.14906340562216, -27.82972108898136], [-51.14835635511499, -27.8292314178541], [-51.1484766989716, -27.82810439355863], [-51.14835385870779, -27.82761115443515], [-51.14775304379784, -27.82663016741195], [-51.14771805877909, -27.82613523158078], [-51.14849066146963, -27.82410593442076], [-51.15187186718393, -27.8228384122741], [-51.15202351551105, -27.82258358495766], [-51.15181401265336, -27.82214577341879], [-51.15210231620831, -27.82182553529802], [-51.14936014121595, -27.8219513826193], [-51.14862202997137, -27.82123604678371], [-51.1478612675202, -27.8208817228269], [-51.14697515380012, -27.81966406347651], [-51.14679175763185, -27.81905208244558], [-51.14680386046087, -27.81836253778823], [-51.14736280330427, -27.817345051788], [-51.14727529255937, -27.81687452848781], [-51.14685794215042, -27.81704866969568], [-51.1450953590833, -27.81693373200837], [-51.14376183142337, -27.81630287035919], [-51.14289353168184, -27.8146176695309], [-51.1425542816367, -27.81352782522783], [-51.14266287625106, -27.8119746917147], [-51.14210913833187, -27.81141199259663], [-51.14183367338976, -27.8107839000703], [-51.14251293396343, -27.81064943345237], [-51.14279441194941, -27.8085057361982], [-51.14498644716683, -27.80836976746799], [-51.14517914922737, -27.80738084372054], [-51.14572110918076, -27.80732966957499], [-51.14669381041474, -27.80761521339031], [-51.14708914474886, -27.8080720660248], [-51.14775827186681, -27.80809789967129], [-51.14846573401931, -27.80844305307834], [-51.14907441228039, -27.80830236377497], [-51.14996449427785, -27.80906114041485], [-51.15020999007644, -27.80942634119078], [-51.15026099066795, -27.80998651732549], [-51.15092083562662, -27.81037363119218], [-51.15145018934904, -27.81045485663431], [-51.151471338933, -27.81124043030439], [-51.15311659112259, -27.80918068131759], [-51.1532340679863, -27.80846385551661], [-51.15481036296234, -27.80781076155518], [-51.15595523684031, -27.8075706052223], [-51.15668996770662, -27.80777352505494], [-51.1569595039743, -27.80846879013879], [-51.15835550831042, -27.81009104411587], [-51.15837143011204, -27.80992504103652], [-51.15838776702312, -27.80984355032363], [-51.15844791487131, -27.80961619011506], [-51.16015780790502, -27.80750161059875], [-51.16177179083802, -27.80470751463349], [-51.16252392072081, -27.80398686660753], [-51.16326275459695, -27.80355160273426], [-51.16376448991442, -27.8057892828244], [-51.16326835402015, -27.80634190358878], [-51.16378631509394, -27.80687075499067], [-51.16379818617841, -27.80754275012996], [-51.16447951908356, -27.80814389602506], [-51.16432393229342, -27.80871922493391], [-51.1635484053048, -27.8084061680072], [-51.16284668887377, -27.80931615929105], [-51.16429819958502, -27.81030625209899], [-51.16393860746044, -27.81082761277505], [-51.16394563533746, -27.81118159271952], [-51.16416332578132, -27.81134670106296], [-51.16460592218888, -27.81124231406466], [-51.16489742259711, -27.81212399432728], [-51.16558043149873, -27.81206666488901], [-51.16654564522413, -27.81244357693165], [-51.16684679377166, -27.81291445002546], [-51.16708157526879, -27.81438470411301], [-51.16488008670949, -27.81839162530847], [-51.16787425666284, -27.81789418786781], [-51.16834291913435, -27.81841726602884], [-51.16761756192604, -27.81974927499487], [-51.16776012940531, -27.82043297793647], [-51.16760638406192, -27.82139501338435], [-51.16683804554554, -27.82211834725962], [-51.16628046448308, -27.82226932240024], [-51.16568097728078, -27.82292565640283], [-51.16566232631612, -27.82343661161385], [-51.16525700638285, -27.82418872405087], [-51.16564555395669, -27.82419321454548], [-51.16683482318967, -27.8231473058864], [-51.16768931170914, -27.82273879480686], [-51.16829135307789, -27.82207321369633], [-51.1687313584543, -27.82089681568711], [-51.16905995350326, -27.82067077262213], [-51.16887853877052, -27.81996250871588], [-51.17015710461651, -27.81872083980204], [-51.16992826845254, -27.81820757255844], [-51.17055071546622, -27.81443622876556], [-51.17074859325977, -27.81430877002415], [-51.17246078654823, -27.81455611459973], [-51.17278169133538, -27.8144612654141], [-51.17383161864009, -27.81569379848702], [-51.17403159826689, -27.81647888695465], [-51.17490186728585, -27.81700969029103], [-51.17719395540317, -27.81378059865696], [-51.17387720489931, -27.81268711333039], [-51.17485536067281, -27.81198676125873], [-51.17622995287306, -27.81033518874914], [-51.17646647330611, -27.80944707515758], [-51.17487427621514, -27.80887842533126], [-51.16977989594536, -27.80844541330214], [-51.16968568400922, -27.80810819920082], [-51.17031371837952, -27.80549382164727], [-51.17071066219549, -27.80519468311095], [-51.17137931148103, -27.80514868687097], [-51.17285875263395, -27.80538642145058], [-51.17452714372626, -27.8050458441092], [-51.17601818154292, -27.8053042522239], [-51.17647260737518, -27.8051985573227], [-51.17639816891299, -27.80482433889034], [-51.17538438313453, -27.80415037151175], [-51.17510342114509, -27.80369861793197], [-51.1742788169392, -27.80325363605244], [-51.17421220969042, -27.80278751358754], [-51.17462477529699, -27.80177919961279], [-51.17457531706609, -27.80159745016536], [-51.17613407896286, -27.80008776208012], [-51.17706951918026, -27.79992841227806], [-51.17881951960676, -27.79926420187558], [-51.17786134148808, -27.7982991313381], [-51.1779582848299, -27.7977703028618], [-51.1781808973647, -27.79829252669174], [-51.17919828824764, -27.79923560838696], [-51.18021531428056, -27.80173148160498], [-51.18112022946987, -27.80226493560752], [-51.18161887471107, -27.80207893837201], [-51.18156613622327, -27.80173096765903], [-51.18201482510476, -27.80158574245684], [-51.18215387500288, -27.80071655133751], [-51.1824507809392, -27.80023538922631], [-51.18192091807981, -27.79992052836089], [-51.18286691313149, -27.79929057493668], [-51.18569078233603, -27.79945815694736], [-51.18571973517243, -27.79894594146521], [-51.18544085658411, -27.79859393532803], [-51.18710697148584, -27.79773858700452], [-51.18801959735077, -27.79771288883506], [-51.18898654621681, -27.79664507991594], [-51.19065773090269, -27.79566527507951], [-51.19246304545352, -27.80044310539759], [-51.19270668482866, -27.80040999585248], [-51.19358940117399, -27.79995247397247], [-51.19426387962268, -27.79880917792461], [-51.1944371745576, -27.79794279626682], [-51.19476767428928, -27.79742699727716], [-51.19466624311106, -27.79650115661457], [-51.19495682385609, -27.79581727878782], [-51.19532087628726, -27.79357887513588], [-51.19503402399531, -27.79309461964766], [-51.19552119913697, -27.7918060222869], [-51.19685751471794, -27.78970617708425], [-51.19691498739866, -27.78937424413815], [-51.19726661068583, -27.78921155942314], [-51.20017882213222, -27.7889745511969], [-51.20359241436521, -27.78838071405348], [-51.20470931638444, -27.7886223669474], [-51.20648977783027, -27.78864672837706], [-51.20684165054609, -27.77902461447386], [-51.20447380604741, -27.77922143779025], [-51.20450100302182, -27.77864707737738], [-51.19951840009427, -27.77851435231432], [-51.1989628968128, -27.77838147670766], [-51.19897144774602, -27.77780159645808], [-51.19879832645257, -27.77773759443541], [-51.19676000004158, -27.77878876848292], [-51.1968949171236, -27.77842565723257], [-51.19586541670317, -27.77910152349824], [-51.19497887263586, -27.77793090972573], [-51.1959041882183, -27.77744565708273], [-51.19628555714244, -27.77700429732581], [-51.19450233099893, -27.77628382867929], [-51.19409209921834, -27.77632629898417], [-51.19376303629217, -27.77711938983614], [-51.19347675346209, -27.77708126586665], [-51.19346905300382, -27.77689109158401], [-51.19325015185562, -27.77687395803154], [-51.19332656633297, -27.77641993813598], [-51.19239759618193, -27.77651261386885], [-51.19187742190173, -27.77564144699744], [-51.19272036077436, -27.7752717063956], [-51.19426567379679, -27.7750767736584], [-51.19943985154319, -27.77677252695708], [-51.20162583500511, -27.77705635141121], [-51.20662145433217, -27.77715923134064], [-51.2078220170807, -27.77706269823414], [-51.21062806507441, -27.77631295179319], [-51.21230937885231, -27.77511934398095], [-51.20741199027418, -27.77107684376793], [-51.20076295554602, -27.77455924081299], [-51.20061053369713, -27.77449353758674], [-51.20034439695707, -27.77432502122996], [-51.19947499060123, -27.77266940165743], [-51.19923905417874, -27.77248251908114], [-51.19822491262238, -27.77252948707766], [-51.19643745780856, -27.7709250876841], [-51.19650573771259, -27.77007911170173], [-51.19724322159098, -27.76908803942582], [-51.19730751884185, -27.76859125787956], [-51.19715349589861, -27.7684576121014], [-51.19614146753002, -27.76865787988381], [-51.19507516522308, -27.76859714582953], [-51.19453148768468, -27.76790605672778], [-51.19375754692852, -27.76743055723104], [-51.19310849844816, -27.76664653630468], [-51.19105458397243, -27.76669823297714], [-51.19019704112374, -27.7664129473038], [-51.18971993748332, -27.76535749213908], [-51.1889204541296, -27.7642803379373], [-51.18865095713367, -27.76399635795208], [-51.18784149169257, -27.76372437572953], [-51.18742320131912, -27.76266264278815], [-51.18725557958099, -27.76173052661771], [-51.18617962938149, -27.76060386627735], [-51.18160063946715, -27.76384978833557], [-51.17886855772145, -27.76065713349245], [-51.17746984307044, -27.75954197045311], [-51.17214896193216, -27.76282141336807], [-51.17220335837922, -27.7630669320324], [-51.1731415615806, -27.76346703579772], [-51.17371225674063, -27.76396986301012], [-51.17447078759213, -27.76502158515331], [-51.17556319730518, -27.76579521496886], [-51.17356567756045, -27.7680039416744], [-51.17489757605546, -27.76983943732518], [-51.17565773678533, -27.77035479736006], [-51.17638170650818, -27.77136851157234], [-51.17704499882369, -27.77270959407833], [-51.17605435357774, -27.77100321285605], [-51.17431795329241, -27.77234509586306], [-51.17341994738875, -27.7711785079512], [-51.17310405532955, -27.77144938552815], [-51.17314160038293, -27.77096034943072], [-51.17225820502178, -27.7698314868448], [-51.17074512906497, -27.76954268879347], [-51.17013537951192, -27.7695692893293], [-51.16968515815306, -27.76977036772669], [-51.16955392911955, -27.76959819570722], [-51.1696202478804, -27.76822360721213], [-51.1692468691909, -27.76814667265797], [-51.16832538519259, -27.76846667468973], [-51.16736254396853, -27.76806262977236], [-51.16703384895187, -27.76659441297293], [-51.16681556257898, -27.76623477794743], [-51.16562089024559, -27.76572603817031], [-51.16554006718403, -27.76541807224041], [-51.16506281582272, -27.76494945226901], [-51.16423442355067, -27.76456085680585], [-51.16390515966378, -27.76458143649885], [-51.16255716469248, -27.76547564033683], [-51.16185069682244, -27.76450546772502], [-51.16208745482374, -27.76388007123165], [-51.16172112065951, -27.7637234503826], [-51.16145613389805, -27.7631942964907], [-51.1590013889294, -27.76264367948276], [-51.15887905914677, -27.76217006231823], [-51.15850778748563, -27.76186372305701], [-51.15795509904894, -27.76178649959522], [-51.15738182722746, -27.7619744160847], [-51.15739329645617, -27.7617135982603], [-51.15798923840661, -27.76142731711944], [-51.15854116240004, -27.7614383297596], [-51.15859091599586, -27.76129951264762], [-51.15845953782206, -27.76104032249921], [-51.15793517534382, -27.76113541236659], [-51.15729828736264, -27.76100797963206], [-51.15669679119741, -27.7614294521733], [-51.15647422123715, -27.76238682938343], [-51.15654830041049, -27.76260058379835], [-51.1571987022335, -27.76289277232766], [-51.15783639552184, -27.76272431588248], [-51.15819744539425, -27.76343251225041], [-51.16022091656333, -27.76407934689463], [-51.16016338590465, -27.76450173553935], [-51.16050547230051, -27.76521649168702], [-51.15987747046606, -27.76577693527431], [-51.15965452938908, -27.76630704528944], [-51.1597582304089, -27.76650356891849], [-51.15999783944112, -27.76656848059394], [-51.16107796435479, -27.76612806910654], [-51.16176022105919, -27.7671861411278], [-51.16248800551149, -27.76752024925033], [-51.16314262859605, -27.76746871949355], [-51.16353733825271, -27.76812852063731], [-51.16472511458455, -27.76847519471312], [-51.16559813857161, -27.77028545267601], [-51.16646956108096, -27.77062663107606], [-51.16641481985629, -27.77223859217521], [-51.16655967348404, -27.77255118941365], [-51.16762148529791, -27.77291950939593], [-51.16830830601174, -27.77357034144078], [-51.16940503201434, -27.77313897819395], [-51.16970926631997, -27.77364367562595], [-51.17051773610814, -27.77434467025895], [-51.17082938886943, -27.77511467041689], [-51.17070565962658, -27.77570898500533], [-51.17082116877541, -27.776181817462], [-51.17202927503702, -27.77676057070621], [-51.17247246084665, -27.77773678149106], [-51.17258512831014, -27.77874508352191], [-51.1733980159424, -27.77944314100393], [-51.17412586886332, -27.78065977404914], [-51.17452146437659, -27.78091670132259], [-51.17502611103973, -27.78156897013675], [-51.17606616762264, -27.78204993874986], [-51.17642173880025, -27.7823933776987], [-51.17680679399001, -27.78303288477991], [-51.17660267405315, -27.78352451633852], [-51.17564911961001, -27.78375203942373], [-51.17441711220553, -27.7835749626077], [-51.17343730536203, -27.78370323426168], [-51.17325425355707, -27.78396019924668], [-51.17330938232462, -27.78567180244532], [-51.17233973470572, -27.78615426817146], [-51.17131736401689, -27.78576633997371], [-51.16966423942788, -27.78560892762975], [-51.16791367749066, -27.78493990345899], [-51.1665248156319, -27.7837663845991], [-51.16553246032078, -27.78332484715287], [-51.16424289209, -27.78246883865155], [-51.16232855320349, -27.78293394292016], [-51.16187700012404, -27.78091778837155], [-51.16050259077325, -27.77933361058576], [-51.16028120220983, -27.77931704669277], [-51.16007105702427, -27.77951715696507], [-51.16009253718734, -27.78126485316792], [-51.15950288881635, -27.78231081661284], [-51.15762984888903, -27.78217186294954], [-51.15695985934171, -27.78227138553812], [-51.15588996455205, -27.78201704920248], [-51.15454523783338, -27.7819362795474], [-51.15151914125769, -27.78091406619279], [-51.1488523915488, -27.78054540229972], [-51.15013502643919, -27.77914060772649], [-51.14677680484143, -27.77834809842274], [-51.14572786858863, -27.78039434448208], [-51.14525892761235, -27.77923452242411], [-51.1452371026148, -27.77841458264735], [-51.1449120091313, -27.77821335989941], [-51.14467108962579, -27.77835993883332], [-51.14441604470513, -27.77917455826097], [-51.1441137496027, -27.77955786991932], [-51.14458136355239, -27.78000803091114], [-51.14497389060224, -27.78116639340228], [-51.14493027469472, -27.78165003996195], [-51.14547864878822, -27.78205100059845], [-51.14615089309513, -27.78205670173342], [-51.14681114301864, -27.78182163706352], [-51.14770986027857, -27.78240142658286], [-51.14860196302225, -27.78233988745911], [-51.1492285755767, -27.78314583552288], [-51.15023924762277, -27.78317665042419], [-51.15062289451748, -27.78337426220146], [-51.15186224940214, -27.78301065180279], [-51.15321164051913, -27.7834024018601], [-51.15413749667193, -27.78399995645222], [-51.1556844620849, -27.78433071172884], [-51.15652834051131, -27.78473178979134], [-51.15779610562646, -27.78474979964146], [-51.15949848471481, -27.78514468367677], [-51.16005320617222, -27.78572338034269], [-51.1612202307407, -27.78609492400018], [-51.1615336982622, -27.78637795959557], [-51.16325742663253, -27.78658375692364], [-51.16387496090809, -27.78715488113043], [-51.16389439461439, -27.78799358139298], [-51.16406211194232, -27.78834443064319], [-51.16713403839651, -27.78989933450475], [-51.16722150759017, -27.7902419122182], [-51.16662906464781, -27.79104662958769], [-51.16552714000212, -27.79171701182029], [-51.16504983485521, -27.79227762441455], [-51.16466539647441, -27.79252631705728], [-51.16374778593962, -27.79268077026979], [-51.16296248204752, -27.79334638213585], [-51.16202589926426, -27.79385710183094], [-51.1613414598418, -27.79479384593048], [-51.16089545728134, -27.7944354530369], [-51.16059106072101, -27.79461583278721], [-51.16018426949684, -27.79458930065345], [-51.15973040574542, -27.79508509295765], [-51.15803596295795, -27.79470715244735], [-51.15740615102891, -27.79631398842342], [-51.1574308303305, -27.79674930958738], [-51.15663099229617, -27.79665746494032], [-51.15598888054037, -27.79714129797422], [-51.15529127868234, -27.79840475062824], [-51.15525592885918, -27.79897959392362], [-51.15453014450634, -27.79988885613177], [-51.15375857615256, -27.79853748116086], [-51.15119245145203, -27.80027207297501], [-51.1502973373357, -27.79984611581252], [-51.14944540880486, -27.79899338056674], [-51.14836393107515, -27.79830374993071], [-51.14812994636542, -27.79794785899565], [-51.14755235665876, -27.79785871411601], [-51.14666440749769, -27.7970045679319], [-51.14638828053381, -27.79661910646666], [-51.14740909049257, -27.79640059067734], [-51.1463782296906, -27.79503248917177], [-51.1461821980361, -27.79374468206406], [-51.14418007678184, -27.79170161185108], [-51.14370661318032, -27.79097261550393], [-51.14221327565268, -27.79223366674577], [-51.14222087425533, -27.79295938375411], [-51.14235978377232, -27.79332317537706], [-51.14270939373161, -27.7936365094568], [-51.14277386184496, -27.79407250652617], [-51.14330760797502, -27.79444335977053], [-51.14336656470653, -27.79491333993169], [-51.1436586562069, -27.79518309234786], [-51.14360549194226, -27.79603945102758], [-51.14401820541666, -27.79662675053537], [-51.1441621717751, -27.79748109921785], [-51.14476158597607, -27.79849186323563], [-51.1449921828581, -27.79970016491684], [-51.14240239650981, -27.79907915312506], [-51.13740790734566, -27.79855749826833], [-51.13596347351053, -27.79818234801022], [-51.13456330212152, -27.79803547193085], [-51.13415343554446, -27.79703732640584], [-51.13421796698587, -27.79530400069316], [-51.13445466343798, -27.79482187976394], [-51.13439604697547, -27.79457509266463], [-51.1340227878742, -27.79445547573397], [-51.13193608977951, -27.79481651395363], [-51.12972098672142, -27.79366772025829], [-51.12928404351447, -27.79311970616581], [-51.12903458801858, -27.79145846911921], [-51.12834428931863, -27.79139319205568], [-51.12795779580248, -27.79158789578966], [-51.12768489798938, -27.7913406689519], [-51.12822603894876, -27.7907689165091], [-51.12745625714455, -27.78980111918472], [-51.12689214996088, -27.79018581504102], [-51.12591075021486, -27.78919764625654], [-51.12549747238326, -27.78898310965638], [-51.12525489745653, -27.78855647425218], [-51.12420343727612, -27.78793078950322], [-51.12445852065822, -27.78684101294812], [-51.12438081017188, -27.78661574613701], [-51.12402790771544, -27.78653819662837], [-51.12375774629293, -27.78669985077357], [-51.12193955322366, -27.78592728049348], [-51.12170386913379, -27.78614386088305], [-51.12177936569707, -27.78651797627134], [-51.12211305559434, -27.78692249782092], [-51.12262263895194, -27.78708453753854], [-51.12280271181028, -27.78740087146748], [-51.12265784829043, -27.78839739308179], [-51.123019951294, -27.7890982942222], [-51.12348561779417, -27.78940720373245], [-51.12342086042514, -27.78997911006943], [-51.12418283218587, -27.79060967032018], [-51.12471759971805, -27.79154705997794], [-51.12497226326638, -27.79269240255539], [-51.12541930784268, -27.79347613770386], [-51.12559350735542, -27.79455165419979], [-51.12507731482367, -27.79553798114023], [-51.12510882177333, -27.79574258896259], [-51.12664908035759, -27.79612102202998], [-51.12500580489022, -27.79789783407738], [-51.12670802252793, -27.79875390054753], [-51.12681196827426, -27.79951171291822], [-51.12665416033935, -27.80098087412466], [-51.12590716886184, -27.80059669321327], [-51.12515516115403, -27.80042896168906], [-51.12412883179449, -27.80081889511789], [-51.1233650100532, -27.80092393001419], [-51.12222391670249, -27.80080781509456], [-51.12169590792456, -27.80053651933424], [-51.12117608209967, -27.80071686346264], [-51.12050675087155, -27.80060496586249], [-51.11839139379294, -27.80131873936814], [-51.11831158224582, -27.79951316030056], [-51.11676045066707, -27.79906404140904], [-51.11634299931545, -27.79981574519269], [-51.11434081051073, -27.79847195294352], [-51.11462815128999, -27.79800386418968], [-51.11326631529835, -27.79764996400623], [-51.1116539528328, -27.80014400925941], [-51.11195608458948, -27.80037424134174], [-51.11132179853638, -27.80160123415914], [-51.11112453558391, -27.8016601230012], [-51.11045086747777, -27.80137319483575], [-51.10956248769185, -27.80145656465471], [-51.10947542515813, -27.80127289286418], [-51.10920679814878, -27.79952335475778], [-51.1092623034157, -27.79895006513424], [-51.10971661884989, -27.79808805198753], [-51.10952918615439, -27.7978237638167], [-51.10915909914807, -27.79781462986421], [-51.10803185098618, -27.79830428659204], [-51.10609749054904, -27.79987514895617], [-51.10379678259187, -27.79934720771686], [-51.1031329007009, -27.79887611115128], [-51.10255653069593, -27.79797077239698], [-51.10224963736914, -27.79705562469239], [-51.10220675579363, -27.79580327483585], [-51.10283190806314, -27.7943363415459], [-51.10308108327628, -27.79299674881129], [-51.10288331525972, -27.79232054316354], [-51.10656801003695, -27.78898124073037], [-51.10793968697163, -27.78940517763016], [-51.10938307991257, -27.78682288723255], [-51.10594138190468, -27.78836631117097], [-51.10549379751422, -27.78735176492683], [-51.10523354839062, -27.78736834364215], [-51.10486396543278, -27.78767179495601], [-51.10423087974033, -27.78764664180675], [-51.1040600724931, -27.78800113283095], [-51.10076759281701, -27.78930848384272], [-51.09977699217858, -27.78994118329797], [-51.09868362932963, -27.79026714621248], [-51.09765141161301, -27.78991670383065], [-51.09370455734675, -27.78948955232227], [-51.09266682313792, -27.78911276256253], [-51.09250408057387, -27.78828638790683], [-51.09252746146619, -27.78763824402961], [-51.09319729800485, -27.78593888858733], [-51.0938154548668, -27.78504244390548], [-51.09469769503318, -27.78424592833754], [-51.09522866182328, -27.78404856145805], [-51.09625867796387, -27.78417812636117], [-51.09744699194144, -27.78397216175868], [-51.10065386035426, -27.78223034824783], [-51.10079643148083, -27.78099694319708], [-51.1013943303137, -27.78060189178188], [-51.10129455761822, -27.77975289878537], [-51.1018659022099, -27.77904114543206], [-51.10174963980408, -27.77877016025054], [-51.10115176701808, -27.77857753831967], [-51.10062603901932, -27.77764881755192], [-51.10097806833695, -27.77709816520549], [-51.10155766991747, -27.77663293813234], [-51.10141379829491, -27.77624953327971], [-51.10008602985719, -27.77627005546054], [-51.09857031955012, -27.77675125630271], [-51.09754564781701, -27.77672299081106], [-51.09578861600113, -27.77632327802149], [-51.09702188727267, -27.77422244468642], [-51.09743428299515, -27.77312216777757], [-51.09798442826855, -27.77258896249942], [-51.09794659316304, -27.77238697448444], [-51.09754511823719, -27.77214521259109], [-51.09722413728456, -27.77137945214395], [-51.099665044809, -27.76927092378841], [-51.09872394198839, -27.76430833615239], [-51.10104715475878, -27.76393740691508], [-51.10208511609621, -27.76400536299956], [-51.10227203283735, -27.7653343909479], [-51.10500960809897, -27.76466222050022], [-51.10729181955324, -27.76440248470823], [-51.10564525374853, -27.76370749024596], [-51.10444311624633, -27.76362215852595], [-51.10254353317975, -27.7638116190523], [-51.10229002569114, -27.76349214630667], [-51.10134584685608, -27.76323199781376], [-51.09933078470576, -27.76327862140425], [-51.09771682020466, -27.76310536204372], [-51.096685926576, -27.76364958232778], [-51.09691951876196, -27.76253258517882], [-51.09582411791397, -27.76166063481515], [-51.09551477062881, -27.76094123253245], [-51.09564966608802, -27.76017632817242], [-51.09700544456548, -27.75938673978852], [-51.09743678909567, -27.75892542000465], [-51.09736524149392, -27.75843303459609], [-51.09668313151028, -27.75780820058655], [-51.0964004630722, -27.75787584892368], [-51.09623937021867, -27.75812397378407], [-51.09659337305581, -27.75863221400827], [-51.09502826924509, -27.7591541605041], [-51.09405954356032, -27.75997693129599], [-51.09414651152262, -27.76187717365092], [-51.09430639668571, -27.76236072174273], [-51.09479722632555, -27.762831256215], [-51.09430005178137, -27.76423090721601], [-51.09445039281766, -27.76532851918082], [-51.09397545904523, -27.76576224934582], [-51.09349880504904, -27.7652726244494], [-51.09172109539676, -27.764487861253], [-51.09115645969967, -27.76389360633574], [-51.09093956585785, -27.76341666926911], [-51.09035933784669, -27.76305322146493], [-51.08957481859432, -27.76286356300187], [-51.08916074252965, -27.76300681102459], [-51.08802075027127, -27.76297208814114], [-51.08871928088847, -27.76078071700028], [-51.08662048232586, -27.75969112961281], [-51.08643594112222, -27.76100191804102], [-51.08662871384315, -27.76176824020543], [-51.08633953319485, -27.76190168945864], [-51.08613633519444, -27.76235114536464], [-51.08359258823493, -27.76248675353504], [-51.08167636811626, -27.7632800629247], [-51.08079611432005, -27.76304100138139], [-51.08052739813975, -27.7633098324206], [-51.08074221261623, -27.76378280604987], [-51.07888560803205, -27.76462331461555], [-51.07642253478686, -27.76517306395331], [-51.07531360505564, -27.76510278603168], [-51.07474612114177, -27.76492998761508], [-51.07364688278171, -27.76422350279503], [-51.07310761357457, -27.76384849968942], [-51.07294694993084, -27.76354425092024], [-51.07238587721663, -27.76372706336646], [-51.07252187395266, -27.76433905392279], [-51.07480489421648, -27.76591752488966], [-51.073471120583, -27.7669331024189], [-51.07171790572822, -27.76760156785561], [-51.07091487776529, -27.7684055155191], [-51.07093676031797, -27.7691574580791], [-51.07137562607576, -27.770052313509], [-51.07160693205642, -27.77006597894443], [-51.07195392579273, -27.76975021116488], [-51.07185237339399, -27.76885427789856], [-51.07437247484437, -27.76759658399971], [-51.07472954628641, -27.76726565419667], [-51.0754175928007, -27.76703833327386], [-51.07597540072319, -27.76660117946683], [-51.07724798724602, -27.76660426468592], [-51.07915887382287, -27.76586426516091], [-51.08003483524761, -27.76565305738578], [-51.08049004870912, -27.7657602369868], [-51.08304627564348, -27.76444337174945], [-51.08444161552957, -27.76402134144984], [-51.0850135959792, -27.76409803780175], [-51.08661613629668, -27.76439377678975], [-51.08799549219868, -27.76496780368912], [-51.08903368060699, -27.7651642596404], [-51.08969187272612, -27.76572386217406], [-51.08663896145653, -27.76871819243552], [-51.08755593637569, -27.77023834734662], [-51.08935069928524, -27.76840832407593], [-51.09026496412394, -27.76808918013862], [-51.09053318404455, -27.76831939687638], [-51.09111464728951, -27.76832629819347], [-51.09228497343472, -27.76907214163907], [-51.0924993873701, -27.76938908626057], [-51.09240411055179, -27.77143552996531], [-51.09253494765724, -27.77189560461919], [-51.09313872236539, -27.77270805354024], [-51.09388657413861, -27.77309383743574], [-51.09210073720547, -27.77616616485969], [-51.09185159758729, -27.77712829447899], [-51.091838572116, -27.77787454759865], [-51.09210414776358, -27.77844426320845], [-51.09260201258986, -27.77893669285909], [-51.09433955194656, -27.77992422596073], [-51.09237055476573, -27.78069943634089], [-51.09091554822468, -27.77954269191159], [-51.0890338677849, -27.77872477059103], [-51.0887514251006, -27.77834585863153], [-51.08820490291031, -27.77803893805995], [-51.08748532598135, -27.77810310791015], [-51.08639286155036, -27.77792613951845], [-51.08572528476423, -27.77821774364554], [-51.08556857505617, -27.77844362995591], [-51.08573055845799, -27.77869411032912], [-51.08661803977726, -27.77874888922746], [-51.08751897751877, -27.77920919213264], [-51.08787271480561, -27.77982347457229], [-51.0874330601105, -27.78032149161691], [-51.08835892153728, -27.78143181437718], [-51.08870234623647, -27.78156305851856], [-51.08852192774625, -27.78220801126449], [-51.08896666963251, -27.78290008466046], [-51.08896022363088, -27.78328545357305], [-51.08866596470718, -27.78385067613542], [-51.08757915691267, -27.78402516181768], [-51.08726050435454, -27.78392921748603], [-51.08624056208259, -27.78423101313967], [-51.08625052271403, -27.78591741560559], [-51.0868877890157, -27.78642681938911], [-51.08670775665093, -27.7869666630417], [-51.08535781276116, -27.78766344331955], [-51.08458890238289, -27.78766496079025], [-51.08339418080886, -27.78713681406733], [-51.08307906326627, -27.78716060188924], [-51.08296325249472, -27.78744519365933], [-51.08319729907244, -27.78827542210407], [-51.08264227405002, -27.78892252085063], [-51.0819456869259, -27.78922416182794], [-51.081879368636, -27.78910089695169], [-51.0785637993025, -27.78997867632365], [-51.0788288321281, -27.79038813408635], [-51.07851281125314, -27.79043217683892], [-51.07833507621511, -27.79064327670766], [-51.07854362734277, -27.79093733241621], [-51.0803067266469, -27.7913915171022], [-51.0812039663588, -27.79142507784847], [-51.08199315693185, -27.79124093374125], [-51.08303725268045, -27.79139340937402], [-51.08507822254312, -27.79252601050639], [-51.08579451027577, -27.79322647357801], [-51.08651432556159, -27.79349727950164], [-51.08738147669728, -27.79469889880157], [-51.08845328906657, -27.79527224611292], [-51.0891395668811, -27.79537036466595], [-51.08996365333827, -27.79513538536286], [-51.0907594730397, -27.79519691248819], [-51.09122398503866, -27.79462516674753], [-51.09176121542461, -27.79473071689114], [-51.09218140656474, -27.79457155823975], [-51.09401610727794, -27.79454053783375], [-51.09417523536402, -27.7971146974363], [-51.09161726655362, -27.79712896562681], [-51.09161907638921, -27.79928793374362], [-51.08931177120481, -27.79907108341217], [-51.08821170346852, -27.79940330406693], [-51.08709636948561, -27.79919292939335], [-51.08647975746673, -27.79923454189818], [-51.084375771464, -27.79991761259604], [-51.08338144407264, -27.79983898929046], [-51.08171067679809, -27.80086936357394], [-51.08018146570128, -27.80084503634467], [-51.07903218621114, -27.80132894243658], [-51.078119212841, -27.8019647433873], [-51.07766480634704, -27.80208787834002], [-51.07697648496117, -27.80198128799263], [-51.07679488084038, -27.80216991910517], [-51.07681970146793, -27.80244546821838], [-51.07720936148287, -27.8027614366286], [-51.07780967271797, -27.80281401566168], [-51.07957786303232, -27.80231434011636], [-51.08009143954974, -27.80244780155936], [-51.080678555522, -27.80220526898329], [-51.08194749986496, -27.8025211246227], [-51.08286481517308, -27.80224400491637], [-51.0832865249885, -27.80232350066065], [-51.08383065115839, -27.80184646742505], [-51.08536424364424, -27.80183879463755], [-51.08632050749165, -27.80157164593466], [-51.08671125690677, -27.80160609024037], [-51.08746247411712, -27.80195955953951], [-51.08882991014877, -27.80224531790706], [-51.08940286256961, -27.8036016507594], [-51.08971415520636, -27.80355374039504], [-51.09034412262345, -27.80306573955702], [-51.09109889642687, -27.80286988264119], [-51.09260778782741, -27.80324784238265], [-51.09402270570398, -27.80332682592904], [-51.0947828582173, -27.80363651692605], [-51.09544681675139, -27.80396215061862], [-51.09584208095061, -27.80440360159925], [-51.09642663903863, -27.80614940722566], [-51.09664984850753, -27.80635202501036], [-51.09773831115753, -27.80600853716656], [-51.09789621026108, -27.80547136512447], [-51.09827757017973, -27.80518766416669], [-51.09845425408907, -27.8046120549723], [-51.0992640792709, -27.80395671297489], [-51.102000325183, -27.80434181198242], [-51.10331708252537, -27.80524263832342], [-51.10454091210068, -27.80557488794699], [-51.10511263358275, -27.8062493283231], [-51.10652157148639, -27.80675332571805], [-51.10780548990053, -27.80855793849676], [-51.10706773612931, -27.80953504794704], [-51.10474557419065, -27.81110294168283], [-51.10359514811996, -27.81212083733156], [-51.1036058872948, -27.81241657531083], [-51.10396844554395, -27.81262177756813], [-51.10511983673077, -27.81251867209725], [-51.1057519630713, -27.81270704701014], [-51.10733354422291, -27.81227713808049], [-51.108092188968, -27.81224628242706], [-51.10886089352726, -27.81236784626042], [-51.10923649650195, -27.81259349627797], [-51.11057795687489, -27.81261371752915], [-51.11102376090448, -27.81275830014845], [-51.11335187753144, -27.81161657294353], [-51.11414968957181, -27.81149786848345], [-51.11506479076789, -27.81180208755821], [-51.11644711491825, -27.81171018074718], [-51.11848340182637, -27.81138629951204], [-51.1187870616141, -27.81120378159075], [-51.11939735969017, -27.81152553540777], [-51.11922201700115, -27.81161794825886], [-51.11960060772795, -27.81219612693256], [-51.12406251275856, -27.80888408289856], [-51.12522334192115, -27.81094616184977], [-51.12369588049405, -27.81110495139485], [-51.12271610893492, -27.81147343553518], [-51.12118553611513, -27.81312974839563], [-51.12167290243634, -27.81374670319847], [-51.12209977025192, -27.81372918208268], [-51.12223286044643, -27.81394885225813], [-51.12339277956023, -27.81422123093163], [-51.12385192411829, -27.81442914662669], [-51.12407903777371, -27.81492077345652], [-51.12537951520704, -27.81507071844459], [-51.12643149271247, -27.81550409072921], [-51.12685312824635, -27.81591994149902], [-51.12675218038029, -27.81707816881653], [-51.12352300102017, -27.81776813496513], [-51.12291580332682, -27.81756780450319], [-51.1229092437648, -27.81798941457467], [-51.12309401273784, -27.81805614394782], [-51.12231150715108, -27.81909941882371], [-51.12596352539672, -27.82038785900866], [-51.12596037950756, -27.82127967275789], [-51.12559450306109, -27.82263164989823], [-51.12527763579975, -27.82312639561935], [-51.12528565006463, -27.82615576497671], [-51.12545572917917, -27.82668507337387], [-51.12477181861357, -27.82605403746106], [-51.12343295413674, -27.82545359298524], [-51.12176639113999, -27.82442435065155], [-51.12045277040644, -27.82333579338367], [-51.11966727873924, -27.82314744380998], [-51.11939555713317, -27.82325325569877], [-51.11899432625083, -27.8228672105673], [-51.11849950866079, -27.82197778046627], [-51.11795237489942, -27.82146807625539], [-51.11770104222832, -27.82084429976418], [-51.11715911259801, -27.82017514745865], [-51.11686441598863, -27.82027348007119], [-51.11670881178246, -27.81967159084765], [-51.11564177285989, -27.81926901009101], [-51.12003139126713, -27.82489238544937], [-51.12069767144777, -27.82729911221127], [-51.12049453448153, -27.82765645464636], [-51.11905978899042, -27.82778438175399], [-51.11761096566437, -27.82740917690434], [-51.1176270691555, -27.82637608290347], [-51.11579958369842, -27.8252946704783], [-51.11403306411128, -27.8238059054116], [-51.11376184400898, -27.82522306085022], [-51.11154945559382, -27.82478764148819], [-51.11139371297094, -27.82533214279766], [-51.10969397094481, -27.82512744723334], [-51.10852436780612, -27.8246896418476], [-51.10834674698557, -27.82436162507622], [-51.10838002372798, -27.82395627945998], [-51.10859990300151, -27.8232265077111], [-51.10902616221603, -27.82257247433153], [-51.10952921389745, -27.82099458837655], [-51.1092506086897, -27.82071101033818], [-51.10766998797152, -27.82169871636427], [-51.10612151390046, -27.82230864036202], [-51.10573570241654, -27.82277129590021], [-51.10529741986334, -27.82288559029725], [-51.10448872279309, -27.82258983105533], [-51.1036437484997, -27.82192347158867], [-51.10334613394577, -27.82185532373663], [-51.10295286966497, -27.8222957550081], [-51.10297566927698, -27.8230045317432], [-51.10272725253381, -27.8240753736876], [-51.10076238833376, -27.82431162640311], [-51.09967585672763, -27.82317767247023], [-51.09912377514873, -27.8216361927845], [-51.09845790831527, -27.82136585634017], [-51.0969801260373, -27.81979827906059], [-51.09671687877764, -27.81975139287097], [-51.0964019908637, -27.8201846609264], [-51.09669304081251, -27.8224758254595], [-51.09637842382007, -27.82329430515097], [-51.09631611669288, -27.82404713472137], [-51.09605670229689, -27.82448131913258], [-51.09502954395616, -27.82515053205014], [-51.09270983624908, -27.82546320346688], [-51.09393849850981, -27.82483268026979], [-51.0928483814574, -27.82198256299939], [-51.09249133990387, -27.82005603095292], [-51.08980424956024, -27.82053316149853], [-51.08958014320628, -27.82028478893253], [-51.08958638070551, -27.81990343363154], [-51.09041467073572, -27.81808571862457], [-51.09039280439986, -27.81783962368717], [-51.08993448271143, -27.81765116188832], [-51.08817953928677, -27.81874087203672], [-51.08787512731702, -27.8187032146707], [-51.08756098833952, -27.81848553841801], [-51.0865598627344, -27.81827237569226], [-51.08463724126012, -27.81646211571672], [-51.08410469170578, -27.81642039067842], [-51.08396259154217, -27.81665227585889], [-51.08433182696125, -27.81729889817363], [-51.08448159555004, -27.81800120201232], [-51.08601822547066, -27.82002722613925], [-51.08667261000017, -27.82019043332042], [-51.08696324795907, -27.82055465942621], [-51.08684878979169, -27.82100561415105], [-51.08716441438996, -27.82200252001932], [-51.08703156642865, -27.82232523020609], [-51.08761625454921, -27.82339892443206], [-51.08753029529425, -27.82435157372733], [-51.08731185338095, -27.82485670670146], [-51.08639409926907, -27.82573305415777], [-51.08682210196133, -27.82681743122756], [-51.08671444153194, -27.82713579898601], [-51.08604144004297, -27.82814327821196], [-51.08533514497559, -27.82876835884873], [-51.08456009719599, -27.82921025981168], [-51.08381904165267, -27.82937176245128], [-51.08227629723377, -27.83049661723203], [-51.0810549888441, -27.83097637349847], [-51.07963506782318, -27.8306951302932], [-51.07794655771376, -27.82983076484561], [-51.07736211392329, -27.82971197935229], [-51.07709269987486, -27.82910272565435], [-51.07599620180409, -27.8285229455512], [-51.07579142157502, -27.82817190948516], [-51.0753262259269, -27.82800947825531], [-51.07504674127525, -27.828130347491], [-51.07498547141064, -27.82839708559599], [-51.07581312113366, -27.82984677697172], [-51.07565310520532, -27.8308143360052], [-51.07660375589504, -27.83141081575751], [-51.07669113209564, -27.83220720203095], [-51.07741965567162, -27.83319893031829], [-51.07757935117423, -27.83371397935467], [-51.07749004241243, -27.83409123927301], [-51.0765353035011, -27.83563897602777], [-51.07522724437442, -27.83620519901881], [-51.0751709054263, -27.83711388062432], [-51.07433600056412, -27.83745259228356], [-51.07287093078558, -27.83774577215488], [-51.07105182260096, -27.837853160077], [-51.07096380347837, -27.83819868097326], [-51.07202616301863, -27.83914668908324], [-51.07155039693603, -27.83942909665718], [-51.07135149853587, -27.83914679990765], [-51.0692423913007, -27.84015608505082], [-51.06981212086449, -27.84142082185747], [-51.07347154243599, -27.84323023534673], [-51.07321895323557, -27.84385323484011], [-51.07269224574726, -27.84438722555741], [-51.07192564869949, -27.84420661574485], [-51.07132839933098, -27.84378218197414], [-51.069118364361, -27.84176496533782], [-51.06818567774163, -27.84040448829851], [-51.06628332278956, -27.83969793861871], [-51.06502865693189, -27.83812831067132], [-51.06462338743659, -27.83847484719031], [-51.06429146570439, -27.83783716947704], [-51.06278397846105, -27.83697498151845], [-51.06219869341175, -27.83631722903825], [-51.06200209051615, -27.83569299280691], [-51.06147342866313, -27.83548800627246], [-51.06074093977956, -27.83455761422202], [-51.05946749090414, -27.83244032232814], [-51.05896206041312, -27.8321639128613], [-51.05898020537288, -27.83182622561393], [-51.05878055175244, -27.83144740663097], [-51.05775957322572, -27.83093138475278], [-51.05774921062665, -27.83006069847347], [-51.05690982435966, -27.82949528846948], [-51.05690284109773, -27.82905539228582], [-51.05654072201668, -27.82895466417956], [-51.05604485156765, -27.82954061865912], [-51.05623479648817, -27.83005145977655], [-51.05673783191837, -27.83039034600017], [-51.05652902915737, -27.83119997750593], [-51.05662102701013, -27.83156021938873], [-51.05720455172833, -27.83211524446425], [-51.0575031252531, -27.83217423516259], [-51.05746912531388, -27.83275716665401], [-51.05808727031939, -27.83383931212997], [-51.05775252348501, -27.83438435374174], [-51.05729125362622, -27.83471735349025], [-51.05729204996599, -27.8349488641855], [-51.05757004777832, -27.8351031722866], [-51.05874059117233, -27.83514443216686], [-51.05957305766319, -27.83696479744982], [-51.05805318590198, -27.83860050668765], [-51.05865240990236, -27.84022049121878], [-51.05953362721799, -27.84005183166601], [-51.06092069707744, -27.83940857956038], [-51.06146579671976, -27.83971287722727], [-51.06210224853499, -27.84107933691857], [-51.06193594702933, -27.84218461411395], [-51.06234407768458, -27.84306338846128], [-51.0628951545912, -27.84360438637877], [-51.06325533526323, -27.84353464545088], [-51.06438991199707, -27.84437023871917], [-51.06469239412059, -27.84485967842607], [-51.0649640592802, -27.84627471569941], [-51.06575763280148, -27.84657639916569], [-51.06666212358193, -27.84786659555592], [-51.06777959182847, -27.84883893816148], [-51.06879796473949, -27.85031670268562], [-51.07095453466006, -27.85177404449958], [-51.07299238458276, -27.85259608098613], [-51.07343772930311, -27.85341923824161], [-51.07264329239908, -27.85353190861359], [-51.07013510133076, -27.85276699851917], [-51.0695269800248, -27.85273316433392], [-51.0686374480557, -27.85246397673276], [-51.06785506308568, -27.85193171489531], [-51.06677101271178, -27.85315936803563], [-51.06685501139148, -27.85397516417823], [-51.06648349882465, -27.85377210075898], [-51.0647566195977, -27.85363408725074], [-51.06239295655581, -27.85298074430196], [-51.0611863240079, -27.85292369762373], [-51.06045140726451, -27.85256230581909], [-51.05917774419495, -27.85304216323246], [-51.05866859004124, -27.85755339667432], [-51.06203040559091, -27.85671108804565], [-51.06286730327094, -27.85430816224482], [-51.06787175272995, -27.85546644497337], [-51.06826959616928, -27.85584315715729], [-51.06955008271289, -27.85647997414766], [-51.06863147386796, -27.85834801134361], [-51.06674618523387, -27.85849314155417], [-51.06636604711971, -27.85834522012354], [-51.06704598864308, -27.85890356590313], [-51.06712320883468, -27.86021212438491], [-51.06697966501312, -27.86133114242427], [-51.06595855118455, -27.86097940860464], [-51.06458889566598, -27.8609754936849], [-51.06283389493968, -27.86064509902091], [-51.05929720646539, -27.86086281315253], [-51.05552653159269, -27.86044729918892], [-51.05501417370976, -27.85980215611172], [-51.05456704210012, -27.85984777363963], [-51.0528582876768, -27.85918359671108], [-51.05239941195415, -27.85852589948513], [-51.05212011465908, -27.85840794861881], [-51.05186449175528, -27.8585763526336], [-51.05194258540958, -27.85920388606602], [-51.05225293292736, -27.85990399951014], [-51.05299350488581, -27.86036821678774], [-51.05310641307668, -27.86106787379337], [-51.05351867789513, -27.86155099960395], [-51.05548443797829, -27.86259812035666], [-51.05565705401105, -27.86283603712375], [-51.0548279341277, -27.86302904000295], [-51.05240418862339, -27.86285159981982], [-51.05241995810474, -27.86340883180957], [-51.05113583845145, -27.86304577742683], [-51.05019491250257, -27.86302490844764], [-51.04976155233051, -27.86318421982563], [-51.04827831289338, -27.86319178833265], [-51.04556609123096, -27.86358468484413], [-51.04556985928461, -27.8640663874507], [-51.04519630788826, -27.86444939413352], [-51.04431059739136, -27.86513870866007], [-51.0433913366677, -27.86541747961346], [-51.04271402197761, -27.86477226011897], [-51.04242040550723, -27.86271056216033], [-51.04330896986299, -27.86252286811782], [-51.04346334539211, -27.86137481346738], [-51.04268372718326, -27.86036552308792], [-51.04187566790191, -27.86062380314739], [-51.04115085680046, -27.85938763579754], [-51.03992984170778, -27.85883066505922], [-51.03977024806815, -27.85893221944], [-51.03949815301708, -27.85882450712125], [-51.03918828853622, -27.85851479118659], [-51.03905415769347, -27.85831805378456], [-51.03913351287234, -27.85795061228586], [-51.03883946912925, -27.85773727943575], [-51.03863173029467, -27.85695903627513], [-51.03917166722852, -27.85603380170556], [-51.03875711465653, -27.85561443052156], [-51.03867539811498, -27.85484204449097], [-51.03833800192439, -27.85472823641744], [-51.03715836832924, -27.85564607757982], [-51.03568099554569, -27.85586311557422], [-51.0354366678449, -27.85607342848843], [-51.03465405416735, -27.85622321688341], [-51.03371801948972, -27.85590633278234], [-51.03234383875725, -27.85466195951777], [-51.03197414191504, -27.85378262350403], [-51.03137787651458, -27.85312286191841], [-51.03137622648801, -27.85287977554042], [-51.03092467529209, -27.85237541180961], [-51.03079758727518, -27.85192829473465], [-51.03010525106474, -27.85187212237885], [-51.029545111172, -27.85156080279707], [-51.02969826757227, -27.85090851938062], [-51.02950721341168, -27.84982212152334], [-51.02966315061774, -27.84954601397266], [-51.02951864530148, -27.84923629231318], [-51.02953625887435, -27.84860025394657], [-51.02970179889138, -27.84814917473097], [-51.02904980315901, -27.84773478370055], [-51.02872466294987, -27.84679427834017], [-51.02913515548022, -27.84611094146326], [-51.02904083608155, -27.8455349975081], [-51.02941342169212, -27.84500176951036], [-51.02934628259107, -27.84467356015468], [-51.02900774741233, -27.84463345873918], [-51.0281837924517, -27.84505559622503], [-51.02787599735244, -27.84573956789365], [-51.0273121510629, -27.84606500215852], [-51.0264797337616, -27.84712757246921], [-51.02617212797056, -27.84719950197593], [-51.02538838443046, -27.846758020042], [-51.02481412793945, -27.84670138893251], [-51.02467382760741, -27.84633765754279], [-51.02476817462827, -27.84542533647036], [-51.02441532981637, -27.84483733702002], [-51.0235253179264, -27.84431643827524], [-51.02226904533608, -27.84417823341426], [-51.02219181477738, -27.84403325078839], [-51.02213238558491, -27.84377267690319], [-51.0225576530968, -27.8423553581666], [-51.02255798286422, -27.84163244804851], [-51.02186020579421, -27.84078131736382], [-51.02111214968659, -27.84056118728945], [-51.01977704895975, -27.84072057945981], [-51.01903585801068, -27.84037916993949], [-51.01854607094614, -27.83981403221232], [-51.01817170541716, -27.83985321477685], [-51.01821289438423, -27.84058510743031], [-51.01901829917588, -27.84140537931001], [-51.01978992664926, -27.84165256213178], [-51.02073022098871, -27.84159480213056], [-51.02109966558393, -27.84173385759776], [-51.02115361368275, -27.84269953025069], [-51.02065575740263, -27.84393889280027], [-51.02002160454851, -27.8443872539808], [-51.02001327710433, -27.84463755052296], [-51.02068828723473, -27.84480123008237], [-51.02130416614767, -27.84562638038206], [-51.02196038836283, -27.8461517149004], [-51.02262292331425, -27.84618408915194], [-51.02265322778973, -27.84784802781893], [-51.02290728141018, -27.84846016305472], [-51.02321856381491, -27.8486357889147], [-51.0233217769856, -27.8489045573783], [-51.02362716125075, -27.84899866043462], [-51.02228802700188, -27.8507164951572], [-51.02157675993354, -27.85242400465476], [-51.02235613910875, -27.85250735777641], [-51.02450787329904, -27.85437441861648], [-51.02510403139294, -27.85500894375261], [-51.02548054002368, -27.85645017504123], [-51.0245164229253, -27.85620005033409], [-51.02281278730476, -27.85638623764273], [-51.02197909519079, -27.85665508287647], [-51.02088191030923, -27.85631034200179], [-51.01971947440164, -27.85565154740417], [-51.01880146041662, -27.8555259972337], [-51.01838527333424, -27.85519552662115], [-51.0181163537343, -27.85520776235673], [-51.01786294776883, -27.85546564306403], [-51.01761770911124, -27.85543735100415], [-51.01585477951187, -27.85437183641354], [-51.01515833503832, -27.85423831450267], [-51.01499897222811, -27.854502224256], [-51.0152281777569, -27.8550268167738], [-51.01593419302065, -27.85568739271282], [-51.01494667632278, -27.85574402904372], [-51.01450948416695, -27.85604002605585], [-51.01251203357773, -27.85612687628033], [-51.01193898892366, -27.85697382975538], [-51.01146224628024, -27.85829720720795], [-51.01122652140547, -27.85954843728733], [-51.01231143262644, -27.86037598236978], [-51.01337861608118, -27.86094630432345], [-51.01243054344324, -27.86159166810888], [-51.01151565296737, -27.86307776468683], [-51.01070886703586, -27.86236953858442], [-51.00999073375757, -27.86213760524718], [-51.00947110855583, -27.86254402171027], [-51.00913043705703, -27.86319301148096], [-51.00920150749248, -27.86338710390866], [-51.00974296507705, -27.86343683194338], [-51.01012899080515, -27.86289217089428], [-51.01104293717428, -27.86412492285385], [-51.01187302686125, -27.86425856873668], [-51.01334281135254, -27.86232188616618], [-51.0140624129117, -27.86243203055962], [-51.01466130475806, -27.8622643529048], [-51.01549807558313, -27.86132991676379], [-51.01610253279034, -27.85993575681138], [-51.01591610825177, -27.85805189621355], [-51.01742562031362, -27.85796684209115], [-51.01825796561607, -27.8582617587353], [-51.01985490892342, -27.85841004484807], [-51.02133779096797, -27.85899208403864], [-51.02360726757556, -27.85886177797701], [-51.02438368542296, -27.85919247667304], [-51.02471139753308, -27.85952071717448], [-51.02565007845218, -27.85967181671944], [-51.02641680138849, -27.85966924670546], [-51.02708931816462, -27.85944256675258], [-51.02792397897795, -27.85974189613839], [-51.02861464394345, -27.85976537398421], [-51.02927147835388, -27.85952007534301], [-51.03030093790374, -27.85868752996681], [-51.03151775074539, -27.85939658022109], [-51.03172982920473, -27.85979096084367], [-51.03265339564814, -27.86063634424909], [-51.03267482414739, -27.86107580805487], [-51.03216682943284, -27.86175330129138], [-51.03097859736313, -27.86285232561358], [-51.02924418749225, -27.86388095791237], [-51.02914846618273, -27.86434910664535], [-51.02947253760906, -27.86448777813495], [-51.03286723764413, -27.86425263888867], [-51.03318352013385, -27.86433781856715], [-51.03364391645161, -27.86485434659829], [-51.03415181554484, -27.86514277568628], [-51.0366638929308, -27.86600326450715], [-51.03709777918242, -27.86639552341097], [-51.03722243226671, -27.86698147569336], [-51.03698443090006, -27.86792320406041], [-51.03770036374503, -27.86846062884568], [-51.03779456310979, -27.86914221571551], [-51.03759489456329, -27.86969824231228], [-51.03636902520088, -27.87050942712398], [-51.0356402888381, -27.87173638040149], [-51.03514400900291, -27.87224179867813], [-51.03509747915867, -27.87253180617349], [-51.03437707805756, -27.87328597389497], [-51.03414510969817, -27.87489990151268], [-51.03279026811847, -27.87529713695882], [-51.03250854796617, -27.87516985972814], [-51.03223168132789, -27.87477128815277], [-51.03182850456287, -27.87471247068815], [-51.03117267341645, -27.87518312291732], [-51.03103942682299, -27.87578566007401], [-51.03183557498241, -27.87727646316795], [-51.031556851937, -27.87789460432627], [-51.0303785772536, -27.87916959056871], [-51.02957470950257, -27.87925535113117], [-51.02831296913275, -27.87978310748795], [-51.02803986475697, -27.88041609922249], [-51.02553038413745, -27.87865159614239], [-51.02498718039002, -27.87878584390735], [-51.02460710569086, -27.87920174274477], [-51.02401610039117, -27.87913629886521], [-51.02393914766937, -27.87857084984547], [-51.0233221379821, -27.87780676067562], [-51.02150514084035, -27.87824759233258], [-51.02136054366384, -27.87753842402982], [-51.02086892274217, -27.87714459076966], [-51.02008620117907, -27.87705701331153], [-51.01901414820931, -27.87768070246338], [-51.01779668433505, -27.87708256545526], [-51.01704881297389, -27.87702989693569], [-51.01632707321782, -27.87675565133133], [-51.01378782927201, -27.87682695858062], [-51.01353758878384, -27.87697472301306], [-51.01352086577251, -27.87718413114225], [-51.01481584714102, -27.87765939885878], [-51.01626709029173, -27.87770118147864], [-51.01681361249712, -27.87805851762695], [-51.01759357357154, -27.87805308014817], [-51.01884749893973, -27.87890569257795], [-51.01931701278243, -27.87902592289528], [-51.01992868158193, -27.87893622385408], [-51.02034999279448, -27.8800279360132], [-51.02053295312766, -27.88013580900623], [-51.02219698277662, -27.87977774932437], [-51.02246650423194, -27.87999168743881], [-51.02268953497578, -27.88085632012001], [-51.02317631285, -27.88135313189462], [-51.02433338257589, -27.88149916674896], [-51.02471989076451, -27.88178240857366], [-51.02513168786857, -27.88144124393153], [-51.02693817887601, -27.88281424371414], [-51.02744131284399, -27.88370046099418], [-51.02736461789107, -27.88407450469134], [-51.02774682217694, -27.88428178045308], [-51.02827595776338, -27.88407647215531], [-51.02855726133735, -27.88327582559821], [-51.02876590005563, -27.88313546046044], [-51.02933186283009, -27.88316944401943], [-51.03085930800145, -27.88183386445993], [-51.03195173634058, -27.88178307547687], [-51.03239296279256, -27.88136726841241], [-51.03336787560936, -27.88129033752537], [-51.03351469448496, -27.88112215905105], [-51.03348798721037, -27.8805042357031], [-51.03389116637602, -27.88000124231039], [-51.03489590358646, -27.87923539740449], [-51.03605032811555, -27.87869536758231], [-51.03675981440521, -27.87864285588315], [-51.03742110495983, -27.87887124319648], [-51.03790983365041, -27.87874191105749], [-51.03810322537541, -27.87757638285903], [-51.03838579881813, -27.87690989852706], [-51.03830304583206, -27.87622228606901], [-51.03843398124112, -27.8757059520903], [-51.0392340327693, -27.87451395985693], [-51.03992671236666, -27.87387177665684], [-51.0407479384671, -27.87361058472713], [-51.04170090111968, -27.87359852249039], [-51.04206870285122, -27.87324949289917], [-51.04312789098767, -27.87318854715776], [-51.04390845113902, -27.87290772879067], [-51.04471708992767, -27.87236957609735], [-51.04561624537053, -27.87225896602905], [-51.04723423748444, -27.87235669835623], [-51.04732905693269, -27.87312762271569], [-51.04817483780107, -27.87344565453838], [-51.04846856177149, -27.87372604424087], [-51.04897682799735, -27.87479590823338], [-51.04908772274208, -27.87688254943951], [-51.04874793960852, -27.87721003698844], [-51.04920552097736, -27.87829646011716], [-51.0492331978426, -27.87877761933622], [-51.04853777331773, -27.87985102090773], [-51.04909157560474, -27.88093686582947], [-51.04905327777598, -27.8814027356688], [-51.04878039451665, -27.88185050484483], [-51.04832829674786, -27.882095531946], [-51.04776981421568, -27.88215506052109], [-51.04660905577761, -27.88271262711979], [-51.04612992619303, -27.88269395586299], [-51.04547693305241, -27.88307861335388], [-51.04560936903435, -27.88335701086765], [-51.04596076938613, -27.88344193279405], [-51.0464357518716, -27.88384110086719], [-51.04737327005206, -27.88388591508283], [-51.04781513561383, -27.88411128708549], [-51.04438334033383, -27.88497229576976], [-51.04484798281619, -27.88603891862003], [-51.0471835019325, -27.88546074375464], [-51.05035730545599, -27.88502265585991], [-51.05061797757504, -27.88523763996771], [-51.05065972440105, -27.88643938259557], [-51.05155988223761, -27.88682251293302], [-51.05253839742694, -27.88799171808289], [-51.0528084811781, -27.88883935156631], [-51.05291472924524, -27.89051394201285], [-51.05201972527931, -27.89134025231767], [-51.05097096889629, -27.89156287330867], [-51.05030624778216, -27.89198414945596], [-51.04954039136081, -27.89208822051933], [-51.0494958652936, -27.89236351623434], [-51.05020856715177, -27.89304281997303], [-51.05159992151848, -27.89356628513712], [-51.05186231441721, -27.89379972841544], [-51.04999826237079, -27.8953110211102], [-51.04877673585638, -27.89489476564416], [-51.0471457102871, -27.89391143317681], [-51.0457944700697, -27.89639136332322], [-51.04446801477746, -27.89825587161092], [-51.04704237665367, -27.89927283083063], [-51.04694709782965, -27.89949099119837], [-51.04640147904732, -27.90016030691011], [-51.04586147429874, -27.90029751858996], [-51.04402755355232, -27.9013270866959], [-51.04301786162648, -27.90129932190519], [-51.04280196617039, -27.90163650792577], [-51.04312062806545, -27.90194707680134], [-51.04353148605764, -27.90203898816891], [-51.04353611899176, -27.90242661726046], [-51.04746657630776, -27.9017312010212], [-51.04940332462953, -27.90086823472923], [-51.04911919169904, -27.90059497747505], [-51.05016167255166, -27.90040387080668], [-51.05353863684641, -27.90157113474461], [-51.05336273674082, -27.90194662731347], [-51.05258751962409, -27.90219000759359], [-51.05201364655052, -27.90265921674445], [-51.05186102884898, -27.90339603317543], [-51.05164901670097, -27.90362057015114], [-51.05078419902314, -27.90382515795269], [-51.05052072632679, -27.90439794542343], [-51.05018618122714, -27.90468249616647], [-51.04788587537004, -27.9059769819888], [-51.04688908971668, -27.90637638591799], [-51.04661893380744, -27.90666907886452], [-51.04516745624312, -27.90689880872148], [-51.04298349008328, -27.90688929551336], [-51.04153547695522, -27.90670855190363], [-51.0400934230211, -27.90690719282398], [-51.03812411887315, -27.90689652026116], [-51.03624031519271, -27.90577678064951], [-51.03612016228525, -27.90540879421115], [-51.03477911159984, -27.90449516848566], [-51.03451816564334, -27.9045162798999], [-51.03387983383274, -27.90517842910424], [-51.03311180320248, -27.90480441076205], [-51.03232665843184, -27.90528272679285], [-51.03101937841709, -27.90551974671084], [-51.03023409484531, -27.90495854267512], [-51.02927813725583, -27.90458820257286], [-51.02723734787966, -27.90433420495964], [-51.0273050780848, -27.90378395086368], [-51.02715008546687, -27.90304823274551], [-51.0274490832547, -27.9020230862704], [-51.02605163110004, -27.90096884712858], [-51.0256908556968, -27.90092013145076], [-51.02514224316393, -27.89912658023607], [-51.02467450479484, -27.90080250860024], [-51.02471853974792, -27.90230439345688], [-51.02406346943021, -27.90385812894411], [-51.02352463242042, -27.90447966970091], [-51.02276260679492, -27.90486098137509], [-51.0225321188198, -27.90534421110876], [-51.02292560716276, -27.90597355461762], [-51.0248552628136, -27.90697614963572], [-51.02567512785481, -27.90736459771379], [-51.02700395343441, -27.90762553885388], [-51.02801418386468, -27.90815054792323], [-51.02720535679311, -27.90925228792862], [-51.02533600395659, -27.90936657754648], [-51.02463536955493, -27.90966010542931], [-51.02382748989769, -27.90923428966993], [-51.02234583387086, -27.90938023166189], [-51.02191973186234, -27.91085506399687], [-51.01991182739604, -27.91185385370886], [-51.01965541220281, -27.91245630880985], [-51.01904993541528, -27.9123124053061], [-51.01867890357729, -27.91195562195896], [-51.01857783979284, -27.91144193985821], [-51.01818919606156, -27.91133306109986], [-51.01785150495612, -27.91214153775543], [-51.01797495766618, -27.91257001541367], [-51.01758988339663, -27.91279156386835], [-51.01742289268437, -27.91332083865278], [-51.01679657330312, -27.91380162683093], [-51.01686932324595, -27.91401474103097], [-51.01728508757837, -27.91413153468567], [-51.01798728783952, -27.91393080166971], [-51.01833608883791, -27.91340614161224], [-51.01867263268808, -27.91337287084201], [-51.02004656344169, -27.91368217404193], [-51.02063924449931, -27.9134368150725], [-51.02104385692594, -27.9126328848674], [-51.02323102813364, -27.91204189590975], [-51.02367915135397, -27.91144993045535], [-51.02462256288037, -27.91173200338822], [-51.02626621502993, -27.91494767895557], [-51.0223194907921, -27.9161838096913], [-51.02086133260272, -27.91689370027929], [-51.0221126108666, -27.91813814424147], [-51.02062657015616, -27.91897786214329], [-51.01801265367252, -27.92000002587934], [-51.01581960276463, -27.92149107687715], [-51.0138831348098, -27.92331428116933], [-51.01297610431193, -27.92339667059837], [-51.01264822940482, -27.92383136280682], [-51.01171934313973, -27.92427377220229], [-51.01095440766961, -27.92433975852852], [-51.01018994222627, -27.92438059150206], [-51.00768198193334, -27.92363190395594], [-51.00720238888201, -27.92387770449491], [-51.00721802787202, -27.9241495234616], [-51.00830696975735, -27.92494058193172], [-51.00867729387929, -27.92542533982899], [-51.01027208099946, -27.92649984014996], [-51.01165593210351, -27.92685800262193], [-51.01272953837125, -27.92744317349761], [-51.01200458333351, -27.92861989665391], [-51.01309032970291, -27.92933290868999], [-51.0129528566646, -27.9319868651757], [-51.01278677123379, -27.93242611518407], [-51.01233758727269, -27.93275031814755], [-51.01057636029989, -27.93324780527246], [-51.00874899464383, -27.93251445570609], [-51.005680057951, -27.93266391934703], [-51.0051006893481, -27.93246230077203], [-51.00472507416903, -27.93264709768435], [-51.00414455851381, -27.93251035135908], [-51.00285308076597, -27.93311843118865], [-51.00156996909395, -27.93322576206155], [-51.00060137832735, -27.93312500941024], [-51.00033021889325, -27.93328725214691], [-51.00034847708787, -27.93353556355015], [-51.0006707994571, -27.93386531417358], [-51.00260160151865, -27.93428860156622], [-51.00342723617765, -27.93425519651301], [-51.00389008682502, -27.93494882500684], [-51.00418737799275, -27.93488375805853], [-51.00476305761291, -27.93439037089721], [-51.00527827691004, -27.93434579992193], [-51.00760219549245, -27.93504024006846], [-51.00924356730531, -27.93584034873181], [-51.00985175163009, -27.93630297435379], [-51.0107679459962, -27.93608499810842], [-51.01293779218201, -27.9361883318176], [-51.01384284202384, -27.93666751066901], [-51.01433331586483, -27.93780617257054], [-51.01427252862095, -27.93830740056046], [-51.01388754389963, -27.93883416261361], [-51.01317516333413, -27.93931478030968], [-51.01310874519207, -27.93957878858295], [-51.01474477448433, -27.94053043288224], [-51.01615891181121, -27.94274672728467], [-51.01666064647471, -27.94501393584234], [-51.01641096164135, -27.94551560727431], [-51.01444324719674, -27.94703149905887], [-51.01409286197577, -27.94753104813621], [-51.01218781506788, -27.94843320695762], [-51.01202760177534, -27.94868279253624], [-51.01214521136187, -27.94888555811236], [-51.01273174350482, -27.94904563026975], [-51.01386835353788, -27.94902479935856], [-51.01633175944878, -27.94884407564934], [-51.01768218796152, -27.94840926268864], [-51.01826932401711, -27.94888655185282], [-51.01862809880906, -27.94951028753138], [-51.01874528151939, -27.95019586726014], [-51.01873054066893, -27.95243919205854], [-51.0185390731402, -27.95301079184234], [-51.01803854044097, -27.95338404339018], [-51.01721311764387, -27.95360281993292], [-51.01650569850932, -27.95402705679888], [-51.01647420543548, -27.95422952343415], [-51.01687521527863, -27.95474383467491], [-51.01664643330201, -27.95560090263445], [-51.01483662559067, -27.95685477908451], [-51.01263728895425, -27.9588499621003], [-51.01119846194221, -27.95959246292871], [-51.01083096036588, -27.95999529192209], [-51.00831592493698, -27.96149790827255], [-51.00645245667595, -27.96203306138649], [-51.00505334336266, -27.9617427565425], [-51.0045020738327, -27.96147810933228], [-51.00342765418676, -27.95999154670152], [-51.00332488235389, -27.95943415546975], [-51.00271224083765, -27.95875437553599], [-51.00222850950864, -27.95770514854721], [-51.00207307804116, -27.95694469908273], [-51.00101259836433, -27.95514103068744], [-50.99985222998108, -27.95234854088511], [-51.00000120404805, -27.95178693367568], [-50.99913949164, -27.9510612262391], [-50.99882361038904, -27.95039224246053], [-50.99888887396766, -27.95008951451199], [-50.99873604141369, -27.94977890132853], [-50.99840966477479, -27.94959438184037], [-50.99760999996769, -27.9486313096823], [-50.99719771484207, -27.94758251121175], [-50.99649617556297, -27.9464696008224], [-50.99635525264369, -27.94582729634722], [-50.99683270495879, -27.9451344497034], [-50.99688227204862, -27.94461928819424], [-50.99492730398813, -27.94431420845753], [-50.99421488448877, -27.94342578788195], [-50.99413898609154, -27.94226372131048], [-50.99280023842265, -27.94209354345511], [-50.99187105214714, -27.94125768529314], [-50.99069056653186, -27.9398260631267], [-50.98814258259781, -27.93828156781061], [-50.9876118154607, -27.93742450714131], [-50.98729348238077, -27.93735908624217], [-50.98640967582341, -27.93763496454353], [-50.98386441670833, -27.93747014401601], [-50.9834909301976, -27.93730219596686], [-50.98304364710786, -27.93624985898914], [-50.9827626380206, -27.93616300381502], [-50.98205182436845, -27.93667337041993], [-50.98150292061617, -27.93735190164129], [-50.98054681702451, -27.937982643319], [-50.97981080645051, -27.93695662034402], [-50.97956339174706, -27.93625879944614], [-50.97881420052542, -27.93544493974714], [-50.97852540385145, -27.93399510785611], [-50.97866510702837, -27.93371762153242], [-50.9795555632744, -27.9330978869618], [-50.97955338861575, -27.93285556867203], [-50.9783002759133, -27.93247802759324], [-50.97757353337271, -27.93135434249717], [-50.97703992097212, -27.92955707609743], [-50.97646662419792, -27.92862243581925], [-50.97705840637542, -27.92604980538288], [-50.97737774391704, -27.92563752482507], [-50.97860811592938, -27.92539640994276], [-50.97891335624962, -27.92510872941523], [-50.97873611811086, -27.92478243705646], [-50.97790809454326, -27.92471825815438], [-50.97733269764101, -27.92439332721406], [-50.9772121282267, -27.92347803286519], [-50.97814885103225, -27.92231764342115], [-50.97810309316162, -27.92180423512981], [-50.97829591600436, -27.92105122702996], [-50.97812749644144, -27.92087084590466], [-50.97752407063774, -27.9209974937045], [-50.97729218004607, -27.92203597957485], [-50.97614948603582, -27.92319507444725], [-50.97600801046813, -27.92366016607929], [-50.97606928956528, -27.92500050667477], [-50.97554417257231, -27.92577086006935], [-50.97527257275475, -27.92682979118181], [-50.97452351701701, -27.92645145335108], [-50.9741525467786, -27.92666328497787], [-50.97411600549427, -27.92693065565885], [-50.97457824039181, -27.9277814957881], [-50.97443059499753, -27.92931810805769], [-50.97483180545504, -27.93028770647943], [-50.97516788605136, -27.93188806134125], [-50.97492503938063, -27.93233020434998], [-50.97321523662837, -27.93257965166826], [-50.97292143488536, -27.93286715104237], [-50.97480935542041, -27.93421300562735], [-50.97498885167054, -27.93618245314803], [-50.97479572812022, -27.93691906863005], [-50.9756847633015, -27.9374720859404], [-50.97576715802522, -27.93805873603456], [-50.97643455729337, -27.93923281758756], [-50.97645921364212, -27.93998609471503], [-50.97539646160765, -27.93982879317917], [-50.97675688413519, -27.94159104824943], [-50.97653841932931, -27.94187540797196], [-50.97670238453059, -27.94271780738939], [-50.97660619678531, -27.94320714673512], [-50.97591220103478, -27.94431541983712], [-50.97551725279031, -27.94454248192], [-50.97462054446798, -27.94473159001258], [-50.97388301760329, -27.94463605271282], [-50.97329963923334, -27.94429800133244], [-50.97236816847366, -27.94324454107837], [-50.97154164829299, -27.94284461348843], [-50.96973816052676, -27.94260858699007], [-50.96894699611848, -27.94276029404599], [-50.96845003838024, -27.94268280206492], [-50.96757074405432, -27.94307255416337], [-50.96671290070874, -27.94305495296906], [-50.96479652796605, -27.94256122438927], [-50.96389603345141, -27.94255651824692], [-50.96296611949483, -27.94271932814423], [-50.96162658455932, -27.94325525056969], [-50.96188695764554, -27.94216111904244], [-50.96117540618848, -27.94064987054254], [-50.96224594607727, -27.93925218433206], [-50.96231343014225, -27.93870421219839], [-50.96298008244912, -27.93738953437204], [-50.96286308846489, -27.93570747332411], [-50.96297075448877, -27.93482107687281], [-50.9628401486329, -27.93414231509065], [-50.96309918690287, -27.93274250685742], [-50.9626395872214, -27.93261517759158], [-50.96191059616484, -27.93301403572526], [-50.95823316995638, -27.93268175326427], [-50.9577564888216, -27.93241459424891], [-50.95621380254217, -27.93059528930707], [-50.95593235339287, -27.93023305940904], [-50.95584452254194, -27.92952337325859], [-50.95563574601671, -27.92938874897417], [-50.95539510202244, -27.92943781993272], [-50.95494330716232, -27.93007511444115], [-50.95333312986773, -27.93039949139695], [-50.9519887559309, -27.93097001372931], [-50.95150612093161, -27.93093820772224], [-50.95071658913871, -27.9301410204863], [-50.95049155898705, -27.92907291410374], [-50.9500718333826, -27.92865165147031], [-50.94982594060645, -27.92863895010412], [-50.94957778120721, -27.92890371131057], [-50.94982567016571, -27.93084448818721], [-50.9479858879362, -27.93071300463814], [-50.94500065610231, -27.93132941926075], [-50.94242323124715, -27.93029157441219], [-50.94144400054921, -27.93005967278745], [-50.93837804640771, -27.93024387256735], [-50.93762454430497, -27.93007071943213], [-50.93715405224452, -27.93045250543066], [-50.93716298060823, -27.93067010694692], [-50.93802474957974, -27.93101678851534], [-50.94173323386486, -27.9310933750622], [-50.94371085018239, -27.93206559140075], [-50.94504152415268, -27.93245470680534], [-50.94767334021491, -27.93218171540808], [-50.94741026464704, -27.9327338999817], [-50.94776836415495, -27.93350752263594], [-50.94792843518354, -27.93464488967634], [-50.94852438040907, -27.9351067513667], [-50.94992055094415, -27.93547842687626], [-50.95122720946958, -27.9350866920355], [-50.95344548298906, -27.93277513060915], [-50.95439855833952, -27.93245498389454], [-50.95650661883072, -27.93441311037727], [-50.95747885075818, -27.93498997102271], [-50.95861114926975, -27.93529991218792], [-50.95910527798672, -27.93522871971059], [-50.95939366942972, -27.93548575580218], [-50.95855067605307, -27.93669464175815], [-50.95835318202721, -27.93824516525347], [-50.95799379999523, -27.93891817254757], [-50.95749960518987, -27.93941173874911], [-50.95684195789812, -27.94062657222479], [-50.95569619036625, -27.94158408456987], [-50.95582543482023, -27.94189609558879], [-50.95703614245643, -27.94208180345703], [-50.95772868516394, -27.94255480582532], [-50.9573195425903, -27.94442791522466], [-50.95752774976554, -27.9454570085367], [-50.9573427564629, -27.94654747556619], [-50.95685075039687, -27.94725655991311], [-50.95690565569998, -27.94746354805845], [-50.9572244237349, -27.9475658473422], [-50.95875270373356, -27.94706658230388], [-50.96034386860518, -27.94749651874077], [-50.95972094143665, -27.949692668034], [-50.96064272801319, -27.94998855139192], [-50.96153274045122, -27.9472751210559], [-50.96227499668594, -27.94677199911879], [-50.96303756591862, -27.9463770842095], [-50.96393680158898, -27.94622512094267], [-50.96661465024771, -27.94674206882785], [-50.96380694414501, -27.94951560441276], [-50.96299348059351, -27.95131918140548], [-50.96310347830674, -27.9513814431927], [-50.96421908395723, -27.94941367200067], [-50.96720276832556, -27.94679463223618], [-50.96839870097684, -27.94664317714758], [-50.96448742089582, -27.9495349058823], [-50.96342438152787, -27.95156308249271], [-50.96402784076402, -27.95190465192507], [-50.96485168093064, -27.95029815901099], [-50.96852672760912, -27.94826336951094], [-50.9684501877278, -27.94853896445047], [-50.96871391642582, -27.94873400706562], [-50.97024975108038, -27.94829388445743], [-50.96989809050413, -27.9492663729209], [-50.97080001846722, -27.94899857763879], [-50.97383986155078, -27.95077596650695], [-50.97282844093489, -27.95188910464302], [-50.97104732297999, -27.95288726533082], [-50.96780531165046, -27.95438751712204], [-50.96658568185223, -27.95469982816863], [-50.96614821759418, -27.95501643354992], [-50.96484713869497, -27.9554053555357], [-50.96190908347576, -27.95604951050248], [-50.96116204948865, -27.95600840055052], [-50.96015790664837, -27.95663095180841], [-50.95699858584016, -27.95761959573891], [-50.9557964766211, -27.95749734223469], [-50.95404009087484, -27.9558282241736], [-50.95304832852211, -27.95678442582619], [-50.95465880390111, -27.95835206845784], [-50.95222613908581, -27.95928071917267], [-50.95060674832494, -27.95858238795958], [-50.94973519723535, -27.95771544827305], [-50.94952326134462, -27.95672279844264], [-50.9491474012283, -27.95617033603068], [-50.94877130033664, -27.95581064460853], [-50.94821868275838, -27.95573647432553], [-50.94802436719422, -27.95607722121923], [-50.94828110045491, -27.95640809960658], [-50.94829571176161, -27.95683664198359], [-50.94508437630005, -27.95807715026035], [-50.9465080081964, -27.95972144657462], [-50.94755803318395, -27.95981242877644], [-50.94771768912006, -27.96012474562326], [-50.94859137072432, -27.9603275826702], [-50.9489240999207, -27.96055917861005], [-50.94920453281532, -27.96138880699507], [-50.94907134866946, -27.96182492830737], [-50.94837711924983, -27.9630417012725], [-50.94620312171556, -27.96170574533236], [-50.94546859731059, -27.96268549245797], [-50.94472400229173, -27.96319821929847], [-50.94508332420859, -27.96395251633136], [-50.94598293303695, -27.9650482983944], [-50.94511431451249, -27.96563609956172], [-50.9431609612106, -27.96604118066134], [-50.94192888608488, -27.96596592644153], [-50.94107353063381, -27.9645759758059], [-50.94085512725446, -27.96380519638872], [-50.94061577237296, -27.96369952196734], [-50.94022744365006, -27.96392687460052], [-50.93968852223085, -27.96508200296337], [-50.93901452812514, -27.96595948799087], [-50.93866154659331, -27.96604964324423], [-50.93797288120645, -27.96591055779379], [-50.93721983831508, -27.96527870770503], [-50.93625793297236, -27.96361533723911], [-50.93535461199109, -27.96245847422198], [-50.93533287252675, -27.96128268959518], [-50.93502403424239, -27.96118959633306], [-50.93408400371884, -27.9617487363318], [-50.93357156479008, -27.96176202855821], [-50.93317437481223, -27.96106461911024], [-50.9321863010078, -27.96005583919559], [-50.93184360015812, -27.96001119543225], [-50.93145893992581, -27.95965348120438], [-50.93094376509178, -27.95898280264138], [-50.92950088637401, -27.95864892156066], [-50.9291497976825, -27.95884321875708], [-50.92912277659232, -27.95905521883045], [-50.92947061837802, -27.95946807631951], [-50.93018193118415, -27.95986612144476], [-50.9303140913945, -27.9607030676117], [-50.93130769213231, -27.96170137563132], [-50.93162104741759, -27.96282841110655], [-50.93273236597311, -27.96424205440821], [-50.93272523186307, -27.96448367264479], [-50.93156232961558, -27.96447735644381], [-50.93012918826635, -27.96470339647043], [-50.92530652620378, -27.96611134667348], [-50.92357867533199, -27.96745596594862], [-50.9217600779532, -27.96927586554978], [-50.92090209208543, -27.96933228160175], [-50.92012714249687, -27.96897928900161], [-50.91912158290377, -27.96789190106789], [-50.91897301028967, -27.96738402345838], [-50.91915855707313, -27.96693501897405], [-50.91907586988651, -27.96641017384188], [-50.91857894677759, -27.96550171564473], [-50.9186947733227, -27.96472041000954], [-50.91809081810677, -27.96403397094246], [-50.91779325750724, -27.96317911482467], [-50.91653414476954, -27.96289757739674], [-50.91620608671747, -27.9625823998149], [-50.9162269470029, -27.96146900628153], [-50.91586524042672, -27.96118758531986], [-50.91555073250376, -27.96116420482045], [-50.91529951125601, -27.96151085626429], [-50.91508219323154, -27.96283042637166], [-50.91553405397782, -27.96352676283294], [-50.91652760274085, -27.96399313731613], [-50.91711936144749, -27.96648085825402], [-50.91656416786885, -27.96734174904528], [-50.91684408207247, -27.96795017382166], [-50.91669047307965, -27.96852613973439], [-50.91538511175364, -27.96929808843468], [-50.91527402869406, -27.96954306015989], [-50.91551079153018, -27.96977331779224], [-50.91611514988731, -27.96989191086693], [-50.91652348003477, -27.97027262772183], [-50.91713526167853, -27.9700086103482], [-50.91744967518319, -27.97006478442881], [-50.91786121927097, -27.97069830454192], [-50.91954471429043, -27.97217705021792], [-50.92029712965699, -27.97252878445223], [-50.92067461044427, -27.9729265612976], [-50.92048290357839, -27.97571795325157], [-50.92064540781543, -27.97839998839591], [-50.92035048991595, -27.97880486371515], [-50.9177733930212, -27.97937644583618], [-50.91732594367756, -27.97934073563409], [-50.91665730106372, -27.97846523781142], [-50.9163161615215, -27.97837154909169], [-50.91582317454911, -27.97935753293317], [-50.91500826413506, -27.97994808154975], [-50.91517274602995, -27.9807556429173], [-50.9120229171962, -27.98315748673742], [-50.911418547681, -27.98329375430134], [-50.908710210988, -27.9829757415497], [-50.90783944529022, -27.98332729781916], [-50.90589209058514, -27.9849279318907], [-50.9059558033601, -27.98382631294739], [-50.90576772246223, -27.98317739025797], [-50.90535884854213, -27.98223632900884], [-50.90428603634621, -27.98087601379795], [-50.90405298095222, -27.98006592013785], [-50.90351425831983, -27.97928486331678], [-50.90211535335595, -27.97882660316728], [-50.90063017612211, -27.9788100308442], [-50.90154479682897, -27.97769476995845], [-50.90165203048388, -27.9767305707931], [-50.90148953217481, -27.97590140542596], [-50.90064206584577, -27.9741640700596], [-50.90088728526253, -27.97382549303733], [-50.90146422852187, -27.97364290332505], [-50.90196963323229, -27.97303520861027], [-50.90204331809728, -27.97211965480393], [-50.90176656481709, -27.9713478064135], [-50.90201200673348, -27.97107067252238], [-50.90199015382021, -27.97087669283643], [-50.90151847812837, -27.97070533181963], [-50.9007772405487, -27.96995314319849], [-50.89984097358893, -27.96963068504558], [-50.899553882299, -27.96929073774205], [-50.89769466445478, -27.96979697939553], [-50.89580859737924, -27.96973636880275], [-50.89525689136032, -27.97017802738381], [-50.8949924388489, -27.97088160960518], [-50.89613963044919, -27.97225153010034], [-50.89606624074753, -27.9723721756264], [-50.89564753900872, -27.97228185775724], [-50.89492471878406, -27.97243679968688], [-50.89486424303554, -27.97277935797203], [-50.89540133265503, -27.97307163962849], [-50.89628251908945, -27.97325343055403], [-50.89680693433486, -27.97298466884662], [-50.89721430780232, -27.97247411703517], [-50.89711289602998, -27.97196830488557], [-50.8961588105704, -27.97088282529635], [-50.89637700251167, -27.97077456390632], [-50.8995763341796, -27.97081036331656], [-50.90038599308739, -27.97175776886393], [-50.90053855890205, -27.97215668021147], [-50.90021865200263, -27.97244889169308], [-50.89942008449442, -27.97256362104713], [-50.89858463546594, -27.9733894932834], [-50.8986492311997, -27.97399793832305], [-50.89919781870488, -27.9750582095511], [-50.90008315136505, -27.97624766248435], [-50.90011488479271, -27.97667212239387], [-50.89992054413503, -27.97712802954772], [-50.89831570976414, -27.97865241090756], [-50.89636884857328, -27.97998181246557], [-50.89669754451343, -27.98025820343389], [-50.89815227769732, -27.98018934344066], [-50.89902032554665, -27.98083241261358], [-50.90081321713864, -27.98057930863985], [-50.90156043981159, -27.98064410130003], [-50.90206051174542, -27.98116200698446], [-50.90220597244178, -27.98192778898699], [-50.9036305524036, -27.98397080474475], [-50.9029591172023, -27.98573009916685], [-50.9016513006482, -27.98582206205055], [-50.90161919074435, -27.98605875435361], [-50.90219662120066, -27.9866520330567], [-50.9015530314769, -27.98739408992386], [-50.90170310811189, -27.98783617242909], [-50.90205211168359, -27.98783899425448], [-50.90300605877423, -27.9871787782805], [-50.90339894524376, -27.98712657263819], [-50.90539929995686, -27.98831504178356], [-50.90695971781146, -27.98824173852578], [-50.90828890109253, -27.98776910733273], [-50.9086373487734, -27.98646943505346], [-50.90925752016526, -27.98608642765315], [-50.90974676551794, -27.98602519238547], [-50.91157557119538, -27.98663964041349], [-50.9124106974379, -27.98658316168553], [-50.91398718945693, -27.98568142629143], [-50.91482857835006, -27.98492055764346], [-50.91656157337951, -27.98401015620351], [-50.91714466838828, -27.98494793915572], [-50.91742709525405, -27.9850078939897], [-50.91764119399851, -27.98482198335193], [-50.91811278690372, -27.9833699759312], [-50.91871846140303, -27.9827862495333], [-50.92188823412945, -27.98355320717375], [-50.9225877296114, -27.98431828584221], [-50.92329565240715, -27.98622655684796], [-50.92309487552289, -27.98686011493578], [-50.92420573286847, -27.98769302986716], [-50.92467511142714, -27.98853853297762], [-50.92530653355656, -27.99048943836403], [-50.92516949225969, -27.99209301048552], [-50.92419443988031, -27.99260358883889], [-50.92414917986241, -27.99284702552223], [-50.92440184587047, -27.99318140220727], [-50.92408751202728, -27.99366831354681], [-50.91987075029717, -27.99604432755874], [-50.91919856313279, -27.99582546858964], [-50.91860034940487, -27.99505876128363], [-50.91832415770547, -27.99511818455798], [-50.91800732467, -27.99556232420734], [-50.9163906411508, -27.99581975416388], [-50.91648774134355, -27.99617640303496], [-50.91774479406714, -27.9968850523352], [-50.91850322561176, -27.99781378694829], [-50.91830388597748, -27.99947622954527], [-50.91795310019575, -28.00023335709362], [-50.91807350058407, -28.00210762179797], [-50.91729849472845, -28.00348079305317], [-50.9166456650212, -28.00385275536095], [-50.91525261054749, -28.00391327140345], [-50.91464108188826, -28.00442029605824], [-50.9137159698479, -28.0041628122064], [-50.91124740094898, -28.00494353697354], [-50.90980439330038, -28.00509272193476], [-50.90825339145222, -28.00553770293184], [-50.90595517163328, -28.00505362617057], [-50.90544230163904, -28.00513520180633], [-50.90534246095593, -28.00536545883028], [-50.90650557261153, -28.00609330893453], [-50.90687936448291, -28.00670237440135], [-50.9075949341084, -28.00698124818167], [-50.91015190390637, -28.00666294226458], [-50.91195089132774, -28.00677067037194], [-50.91320801236482, -28.00664199865602], [-50.91482188379937, -28.00697934299221], [-50.91605628186492, -28.00659751666913], [-50.91763259467687, -28.00684584460701], [-50.91935451346448, -28.00665516324724], [-50.92013453717065, -28.00751351070513], [-50.92103749873396, -28.00911228854599], [-50.92107959656003, -28.0102371687633], [-50.92051474805495, -28.01116458245842], [-50.91998462498658, -28.01134110687558], [-50.919150520673, -28.01101019620369], [-50.91820643224978, -28.01153168004985], [-50.9163531587831, -28.01160851166811], [-50.91548019275861, -28.01139996253446], [-50.91494532179534, -28.01155763150569], [-50.91409662856851, -28.01153043017207], [-50.91230304795844, -28.01201360842087], [-50.91157353489538, -28.01183784034217], [-50.91078504541632, -28.01196733683097], [-50.9104201878851, -28.01236613658789], [-50.90881070010808, -28.01288041234075], [-50.90797972776582, -28.01303068160061], [-50.90723401282277, -28.01283003802441], [-50.90622217689055, -28.01329873677755], [-50.90535956357062, -28.01305044978361], [-50.90457667840063, -28.01223555189854], [-50.90352547599642, -28.01211303855489], [-50.90326052080619, -28.01252957665588], [-50.90343060686718, -28.01387618495155], [-50.90311411481551, -28.01410368238473], [-50.89975020478441, -28.01550063001906], [-50.8992655899995, -28.01539783303664], [-50.89836101945391, -28.01461997280485], [-50.89798723284418, -28.01455317405805], [-50.89776543405182, -28.01481696235729], [-50.89764814111588, -28.0163398464388], [-50.89652664524501, -28.01719972815742], [-50.89568167375852, -28.01755181634491], [-50.89378525359323, -28.01793680681685], [-50.89310604908814, -28.01771888115224], [-50.89268552199297, -28.01789135995401], [-50.8913912918048, -28.01777217209174], [-50.89113869521945, -28.01802260197757], [-50.89108501347076, -28.01891497498128], [-50.8903792607127, -28.01947195851881], [-50.89003891455004, -28.01948726243884], [-50.88924895871015, -28.01904689170961], [-50.88871504728792, -28.01911477954416], [-50.8885457682717, -28.01948312141343], [-50.88866718693059, -28.02044777536242], [-50.88854227528105, -28.02090016216957], [-50.88720673548838, -28.02216930478122], [-50.88658944947598, -28.02203904360283], [-50.88593172094513, -28.0216759433597], [-50.88317868343043, -28.01796374163761], [-50.88194157541373, -28.01757471807159], [-50.88159391204587, -28.01732618962195], [-50.88067054973312, -28.01729613130055], [-50.88054520241548, -28.01750805529343], [-50.88067687555011, -28.01779968845604], [-50.88247339931762, -28.0188688336685], [-50.88372606938905, -28.02221541965153], [-50.88433975004871, -28.0234256637511], [-50.88487276553657, -28.02393091430493], [-50.88524629845401, -28.02473019071546], [-50.88503099158379, -28.02539869302437], [-50.88457947590957, -28.02600837116624], [-50.88386850514543, -28.02630886127796], [-50.8826250429364, -28.02646056648979], [-50.88298711393044, -28.02793474997016], [-50.882740825203, -28.02846642272967], [-50.88135212128507, -28.03000962523505], [-50.88030849095725, -28.03036785853538], [-50.88045403916098, -28.03117827148146], [-50.88014174003476, -28.03159072608518], [-50.87894421856078, -28.03261856724017], [-50.87855855157877, -28.03323428113902], [-50.8773441617636, -28.03445912472696], [-50.87593773795128, -28.03548022605108], [-50.8731810927631, -28.03524605738006], [-50.8723640651059, -28.03603603962658], [-50.87201884248902, -28.03581104105985], [-50.8700937891899, -28.03584176196944], [-50.86848638357907, -28.03534343438442], [-50.86717414341422, -28.03432425355596], [-50.86584528664406, -28.03389854242816], [-50.86541035833914, -28.03309641701922], [-50.86385540076154, -28.03232219945894], [-50.86382516109963, -28.03131144633193], [-50.86294624579821, -28.03051401022205], [-50.86133068621845, -28.03057375944538], [-50.86058126622928, -28.0300547076991], [-50.85962859135524, -28.02830285828564], [-50.86026873296099, -28.0275907355983], [-50.86007381849749, -28.02737140133184], [-50.85942754157098, -28.02745645146656], [-50.85871721350962, -28.02822371266859], [-50.85884147364165, -28.02903957667115], [-50.85944358850809, -28.03021777605458], [-50.8593599072111, -28.03052793889861], [-50.86054076086592, -28.03156401124502], [-50.86102262685902, -28.0318069865409], [-50.86200410881454, -28.03192792741323], [-50.86182568792151, -28.03429862219287], [-50.86301267449163, -28.03447635417271], [-50.86346874700764, -28.03481708878065], [-50.86381330336873, -28.03536722395168], [-50.86522653843151, -28.0357202577011], [-50.86722575273713, -28.03716366327862], [-50.86973591880259, -28.03813223169071], [-50.87004710670223, -28.03901022197245], [-50.86892045792581, -28.03948544444534], [-50.86518116352736, -28.03953831060434], [-50.86141877653873, -28.04051104227939], [-50.85599041245433, -28.04341124386968], [-50.85376164809018, -28.04363108751982], [-50.851307510847, -28.04298092284208], [-50.85083538589409, -28.04214689282252], [-50.85077499907682, -28.04123730325888], [-50.85031629347184, -28.0397315418757], [-50.84968746673554, -28.03929454654104], [-50.84936396087976, -28.03883498130298], [-50.84893908810475, -28.038643910717], [-50.84739765513199, -28.03881794142278], [-50.84705283223175, -28.03834359796036], [-50.84689427224008, -28.03777653899946], [-50.84652651548917, -28.03761747656403], [-50.84607090077568, -28.03794669251743], [-50.84547796444989, -28.03976714504594], [-50.84261405430852, -28.04194801156554], [-50.84135946093734, -28.04193947580758], [-50.8398336084279, -28.0403630076923], [-50.83931873255423, -28.03944616566529], [-50.83873200380074, -28.03896100247755], [-50.83819599282014, -28.03744880975557], [-50.837485593015, -28.03719650461509], [-50.83714959660071, -28.03665344390332], [-50.83671719081629, -28.03639963638173], [-50.8359673984345, -28.03626482285834], [-50.83585399652031, -28.03653358439018], [-50.83642562075688, -28.03710761153599], [-50.83664672784077, -28.03777413163287], [-50.83733704434103, -28.0381530673201], [-50.83730517272842, -28.03905010286486], [-50.83744324814622, -28.03952734794956], [-50.83796300568549, -28.04036712570407], [-50.83823554639512, -28.0411740130819], [-50.83902688830717, -28.04214566757913], [-50.8367695753034, -28.04333133451194], [-50.83623821308605, -28.04453794096239], [-50.83623449784668, -28.04642625826943], [-50.83590309248177, -28.04748868247525], [-50.8349859008185, -28.04858516325217], [-50.83359804801343, -28.04960036699773], [-50.83295291042001, -28.04987212741166], [-50.83246271587148, -28.05049138140514], [-50.83203503885762, -28.05041339493524], [-50.83076786254347, -28.04922311867049], [-50.82941300589164, -28.0468716422234], [-50.83009997266243, -28.04529742682079], [-50.83027559379402, -28.04415790614679], [-50.83018878948927, -28.04333884338667], [-50.82971290909059, -28.04261567642503], [-50.82902851493654, -28.04214023994577], [-50.82746692696852, -28.04163918241783], [-50.82718595056836, -28.04121452306375], [-50.82653295375936, -28.04135647067296], [-50.8257634778304, -28.04123692241335], [-50.82487429699225, -28.04103647078046], [-50.82256271023571, -28.04000115753625], [-50.82152356162905, -28.04003781485851], [-50.82153994405564, -28.03952371807966], [-50.82132825330748, -28.03934187180472], [-50.82108685518534, -28.03937328543479], [-50.82065981740012, -28.03971006400764], [-50.82029654361644, -28.04101936415875], [-50.81939924984064, -28.04292803440202], [-50.81873328404197, -28.04368333915813], [-50.81884024332344, -28.04412902168272], [-50.81872068972651, -28.04483658688491], [-50.81759176298046, -28.04628131694297], [-50.81691869191349, -28.04670403318703], [-50.81576305527974, -28.04655266444596], [-50.81431644943986, -28.04602284077663], [-50.81321579957857, -28.04613382801956], [-50.81254364499971, -28.04638769780865], [-50.81159175480526, -28.04712203271125], [-50.81097017961267, -28.0471094453833], [-50.80906899052702, -28.04588395730731], [-50.80760858605123, -28.04571055946211], [-50.80640593567053, -28.0458936779099], [-50.80561095252939, -28.04564979818263], [-50.80533682721863, -28.0452765441359], [-50.80529577421569, -28.0439429579495], [-50.80616333984449, -28.04186451867583], [-50.80589613606004, -28.04162959566673], [-50.80530366767216, -28.04169853215227], [-50.80439368546906, -28.04321977848642], [-50.80416323685366, -28.04444649083386], [-50.80419624329518, -28.0453051429486], [-50.80444844819734, -28.04614749584134], [-50.80482897307763, -28.04660389304897], [-50.80631691695431, -28.04715056295839], [-50.80888703562451, -28.04706168973604], [-50.80934052588561, -28.04718922295517], [-50.81113100804166, -28.0483543426312], [-50.81177498659765, -28.04849234446503], [-50.81231357769192, -28.04842594361949], [-50.81310111311558, -28.04767678951686], [-50.8140017151682, -28.04734682489948], [-50.81447260922023, -28.04737041685456], [-50.81539050647707, -28.04811173888584], [-50.81584930967683, -28.04790365726494], [-50.81648701925495, -28.0480012589223], [-50.81773186226697, -28.04768518161307], [-50.81871713917464, -28.04700472554284], [-50.81971094320922, -28.04590411808954], [-50.82043904713626, -28.04459051933986], [-50.82099196992071, -28.04251051919436], [-50.82131699691875, -28.04202714705319], [-50.82201927666018, -28.04159182555551], [-50.8238886749075, -28.04238287318569], [-50.82609976990459, -28.04273020600894], [-50.82756195061494, -28.04315117513001], [-50.82799968243755, -28.04343817113511], [-50.82820163281547, -28.04420445732712], [-50.82743391007213, -28.04704753239023], [-50.82758148695809, -28.04776009141745], [-50.828554356139, -28.04912368038154], [-50.82853593820357, -28.04934697332464], [-50.8269381508762, -28.05067270376271], [-50.82463604766701, -28.05358653593558], [-50.82423815983028, -28.05380002583405], [-50.82390075741057, -28.05505037620834], [-50.82422574627494, -28.0563423914279], [-50.82489740573316, -28.05796516485658], [-50.82361554397622, -28.05972872180005], [-50.82222697041661, -28.06124636721298], [-50.82233464999771, -28.06189288944224], [-50.82279697412253, -28.06216550780771], [-50.82306816030986, -28.06206160164459], [-50.82324752570364, -28.06142011910259], [-50.82516782297844, -28.05962538016707], [-50.82619166356201, -28.0583691424099], [-50.82631490760553, -28.05724048104297], [-50.82558604308001, -28.05590115252689], [-50.82550410084036, -28.05533569233622], [-50.82636471838045, -28.05370093686898], [-50.82821950416993, -28.05169356362761], [-50.82950780680109, -28.05088300729244], [-50.83069360813965, -28.05203261979174], [-50.83155560188829, -28.05246908524519], [-50.83237641433496, -28.05267225841538], [-50.83358942917898, -28.05253033944852], [-50.83518042517668, -28.05144664223249], [-50.83553903102179, -28.05143541074072], [-50.83653001216899, -28.05197651736135], [-50.83665646841741, -28.05250533866341], [-50.83815272478692, -28.05390743204436], [-50.83853903251545, -28.05477983924638], [-50.83896430803269, -28.05475462440713], [-50.83900611786567, -28.05371736107418], [-50.83882838322427, -28.05310232960916], [-50.83806618127462, -28.05204124295132], [-50.83794572494853, -28.0511769766246], [-50.83717793988366, -28.05038246635007], [-50.83745561596767, -28.0495411923737], [-50.83858642566056, -28.04793499788148], [-50.83904860592896, -28.04628779482822], [-50.83901849796315, -28.04503873158918], [-50.83947198528454, -28.04488686791001], [-50.84125051348854, -28.04485042106469], [-50.84201802156529, -28.04532978095035], [-50.84234797106894, -28.04534953756866], [-50.84282815754537, -28.04476498574871], [-50.84449172565805, -28.04437038072979], [-50.84589373300735, -28.04354245473739], [-50.84736142420359, -28.04197449660247], [-50.84767302417159, -28.04226953109889], [-50.84846006148914, -28.04442170170756], [-50.84909540553169, -28.04518785037862], [-50.84997409638931, -28.04576946021735], [-50.85288379402756, -28.04631580503536], [-50.85327531649874, -28.04668835717087], [-50.85344580646815, -28.04816765682615], [-50.85412975961017, -28.04894814201843], [-50.85419627172856, -28.0493924660589], [-50.85456691647377, -28.04987135359084], [-50.85484583703044, -28.04998779034743], [-50.85523150260518, -28.04992057285892], [-50.85535814475949, -28.04973579781623], [-50.85530221865608, -28.04856917402806], [-50.85504319117537, -28.04794316901617], [-50.85550999220753, -28.04642164224838], [-50.85630973081817, -28.04620927447583], [-50.85712755618136, -28.04621347939599], [-50.85886333650429, -28.04549133800099], [-50.8614456665983, -28.04395508781474], [-50.86173952792038, -28.04394712674117], [-50.86225560695774, -28.04357109735729], [-50.8633537646478, -28.04314192364621], [-50.86369763261472, -28.0432037124113], [-50.86470651726104, -28.04286686850618], [-50.86633676353999, -28.04279841754419], [-50.86682558204137, -28.04328412322283], [-50.86717268279382, -28.04339107089291], [-50.86837857151169, -28.04262247060214], [-50.87218545851453, -28.04249755218296], [-50.87238302267938, -28.04302685517143], [-50.87278144603026, -28.04597106406371], [-50.8727392977972, -28.04739815274944], [-50.87292226518919, -28.0480153854637], [-50.87298780292027, -28.04951395499422], [-50.87294017702082, -28.04986454331568], [-50.87132203994145, -28.05045651952109], [-50.87115394777824, -28.05066807005586], [-50.87134828018028, -28.0509523613785], [-50.8728922864233, -28.05150347321957], [-50.87307200902726, -28.05192374552529], [-50.87338485089277, -28.05428310501236], [-50.87343452949584, -28.0560519090771], [-50.87185728339948, -28.05701463222696], [-50.87151866593392, -28.0574976378824], [-50.87180877639927, -28.05771860016971], [-50.87354641734502, -28.05778828291158], [-50.87419252968659, -28.05827929753343], [-50.87512975610929, -28.06019632605014], [-50.87515628153654, -28.06074569305851], [-50.87597582944417, -28.06164473876256], [-50.8765556779737, -28.06266368304989], [-50.87692998032246, -28.06368434411766], [-50.87695028766798, -28.06424723909631], [-50.87612178588348, -28.06493968854006], [-50.87539075167357, -28.06518449060943], [-50.8728751576185, -28.06675170303925], [-50.87200656987744, -28.06740469739114], [-50.8715729017556, -28.06807605969742], [-50.87004071837156, -28.06860177257709], [-50.8698699237808, -28.06881209939758], [-50.86993060382337, -28.06901075157784], [-50.87086389391507, -28.06915784383856], [-50.87237384146784, -28.06888207041287], [-50.87292586937967, -28.06847719533627], [-50.87727485077427, -28.06667830871568], [-50.87784651428287, -28.06647361014318], [-50.87856557664473, -28.06649537662324], [-50.87902482706361, -28.06701200345284], [-50.87729964878898, -28.06931276643826], [-50.87678048964456, -28.07059125917164], [-50.8769073168334, -28.07089728222842], [-50.87749011480122, -28.07076669203587], [-50.87967440591897, -28.06900334610416], [-50.880213465665, -28.06890444608945], [-50.88150354772076, -28.07050274916951], [-50.88184961013092, -28.07139811054581], [-50.88273038401177, -28.07196242593923], [-50.88359693169477, -28.07294676466004], [-50.88445062658179, -28.0731685857541], [-50.8857361961258, -28.07386831091499], [-50.88625893736407, -28.07417456658994], [-50.88666301239058, -28.07469413973903], [-50.88769585599238, -28.07467966002545], [-50.89086359772126, -28.07570354475774], [-50.89204821792601, -28.07591644333339], [-50.89237448356191, -28.07618466059562], [-50.89272866662946, -28.07661652193933], [-50.89237387906329, -28.07915223483448], [-50.8925879203217, -28.07951388973476], [-50.89331997389743, -28.07915225504784], [-50.8948557598694, -28.07650553132332], [-50.89504081296839, -28.07639769866092], [-50.89679878854034, -28.07666757352734], [-50.89835348986385, -28.07827945416529], [-50.90107457955367, -28.08329714808482], [-50.90162610545861, -28.08495299614284], [-50.90167677289576, -28.08537703687869], [-50.90144970516705, -28.08630611901945], [-50.90120634908245, -28.08673024981486], [-50.90005091900544, -28.08742401387479], [-50.89803117700061, -28.08793906512639], [-50.89302438592117, -28.08741438322885], [-50.8899452686937, -28.08736637113418], [-50.88649478457388, -28.0876307967244], [-50.88422591123542, -28.08802084242888], [-50.88186582412364, -28.08876276390063], [-50.87950763356563, -28.08977548024262], [-50.87731954538086, -28.09108451212156], [-50.8754011265172, -28.0927797077224], [-50.87474550824429, -28.092748050707], [-50.87304354562063, -28.09199640071549], [-50.87202090286781, -28.09175062132743], [-50.87187462731578, -28.09210084544853], [-50.87266696389799, -28.09316611670989], [-50.87442189055179, -28.09465473453375], [-50.87317637558748, -28.09740631840669], [-50.87215478559218, -28.0987900660502], [-50.87015976332289, -28.09838552592728], [-50.86824394250394, -28.09775573856533], [-50.86785261164085, -28.0979121645358], [-50.8681168323351, -28.0984330374954], [-50.86924497808368, -28.09939375932911], [-50.87005383473428, -28.09962716772972], [-50.87083185444728, -28.10005504394679], [-50.87106117303872, -28.10037307942274], [-50.87092193354245, -28.10082344720348], [-50.86903315986078, -28.10384747879347], [-50.86776304246488, -28.10543789480469], [-50.86707421921116, -28.10557863928512], [-50.86472945268247, -28.10511982228797], [-50.86307858447497, -28.10546529873694], [-50.86176233854651, -28.10523330334569], [-50.86145879824934, -28.10538663015923], [-50.86169219249343, -28.1059123474344], [-50.86310325182185, -28.10671282610238], [-50.86425654811244, -28.106596740233], [-50.86501361148462, -28.10670110354217], [-50.86742961705305, -28.10764697529003], [-50.86726254141933, -28.1081867977468], [-50.86731884832077, -28.10988878061643], [-50.86709272987222, -28.11054976814088], [-50.86715921617416, -28.1110813467521], [-50.86690655730482, -28.1117915787027], [-50.86676187813415, -28.11358445109973], [-50.86697928285931, -28.11628868248847], [-50.86651531882213, -28.11675674497834], [-50.86476533179116, -28.11681841134725], [-50.86261049735994, -28.11620367500511], [-50.86115550112394, -28.11619741606158], [-50.86054195045996, -28.11578915514882], [-50.85952964419059, -28.11551146742166], [-50.85923820258657, -28.11557751568951], [-50.85918082285079, -28.1159012466374], [-50.8593789306958, -28.11620099287374], [-50.86200777212237, -28.11773336919812], [-50.86225034524292, -28.11818322369012], [-50.86259717525959, -28.11838257396814], [-50.86357331128344, -28.11829950158401], [-50.86427438019446, -28.11884550074483], [-50.86545426790439, -28.11855120918296], [-50.86659804989513, -28.11884915350088], [-50.86782815011062, -28.11862733601922], [-50.86830238105183, -28.11901992455499], [-50.87071673065636, -28.12347572789643], [-50.87071003603526, -28.12411461617007], [-50.87042435237937, -28.12440030528354], [-50.86976237095378, -28.12464834101416], [-50.86942352748328, -28.12571838646572], [-50.86971655278747, -28.12585741961974], [-50.87107222340891, -28.12567553296421], [-50.87168108436502, -28.12585255222556], [-50.87282851151439, -28.12794205786008], [-50.87337534152845, -28.12958623125892], [-50.87346834544156, -28.13023248380028], [-50.87333942653537, -28.13127308947683], [-50.87208925602917, -28.13477054425714], [-50.87169608786216, -28.13521949017705], [-50.87092545767895, -28.1352821326972], [-50.87079728140342, -28.13599443517944], [-50.86859585657561, -28.13750457948481], [-50.86795756591473, -28.13764205261185], [-50.86650484247166, -28.13697926650105], [-50.86617804315005, -28.13701905182272], [-50.8660713623996, -28.13723945396357], [-50.86652325355536, -28.13842787946362], [-50.86644423080371, -28.13876627457192], [-50.86562374821316, -28.13910479555667], [-50.86440579844444, -28.13931029915796], [-50.8624724844175, -28.13909701190647], [-50.85894171654564, -28.1374969092969], [-50.85558976838588, -28.13437813917632], [-50.8565745874981, -28.13405814861664], [-50.85656190294383, -28.13346669873952], [-50.8571272755384, -28.13286854813933], [-50.85719418990046, -28.13224606862322], [-50.85660165959066, -28.13219457640567], [-50.85564902259867, -28.13242381401902], [-50.85485901320341, -28.13312333622547], [-50.85413579750884, -28.13327139682534], [-50.85115260775421, -28.13096864076068], [-50.85085482803198, -28.1303552743649], [-50.8509911797536, -28.12995505974494], [-50.8508843356299, -28.12975448957488], [-50.85007700390328, -28.12976739281115], [-50.8496449926133, -28.1295402887754], [-50.84800096357421, -28.12778343998063], [-50.84746342127268, -28.12763721366378], [-50.84603568520502, -28.12619801865547], [-50.84733469856764, -28.12444113355465], [-50.84725538258065, -28.12406497284375], [-50.84653054226333, -28.12417208665746], [-50.84472430826592, -28.12486996610494], [-50.84413535981475, -28.12454114446908], [-50.84314058541367, -28.12332240656705], [-50.84118801951253, -28.1215499422532], [-50.83923527984857, -28.11878523581174], [-50.83624473407575, -28.11656863175603], [-50.83567148613753, -28.11648097859411], [-50.8340012204457, -28.11576881848969], [-50.83299362222764, -28.11587969088498], [-50.83029418211709, -28.11566506647738], [-50.82982348040344, -28.11542255165313], [-50.82952290910338, -28.11463112365831], [-50.82815341928555, -28.11333693517837], [-50.82792555859061, -28.11343483006199], [-50.82763595920781, -28.11400681829665], [-50.82756781458368, -28.11473503219288], [-50.82800925099505, -28.11521761872639], [-50.82822133590532, -28.11688716188171], [-50.82565569497868, -28.11885988851677], [-50.82535735564976, -28.11893315555547], [-50.82301567545345, -28.11833496493293], [-50.82186775078208, -28.11771669766651], [-50.82146903541667, -28.11791280848673], [-50.82246625813496, -28.11942006786622], [-50.82350096655988, -28.11986740033562], [-50.82408309935883, -28.1203416617011], [-50.82428651923743, -28.12076607714532], [-50.82365292219811, -28.12213749692024], [-50.82325358124468, -28.12248118061678], [-50.82248833721586, -28.1227117489126], [-50.82249734637271, -28.12292897780575], [-50.82298691265092, -28.12344387935912], [-50.82285165727154, -28.12428868791294], [-50.82194871274361, -28.12658826248853], [-50.8217112067344, -28.126776957893], [-50.82155590282113, -28.12786538455413], [-50.82104150547501, -28.12827798187323], [-50.82124973794814, -28.12889640127031], [-50.82122660011383, -28.13001968966861], [-50.82073424393736, -28.13017464998117], [-50.82023282593414, -28.13004216832139], [-50.81887843031618, -28.12742039280251], [-50.81806882349995, -28.12706043502933], [-50.81717950918595, -28.12601297724942], [-50.81657925013268, -28.12617469328581], [-50.8164738471809, -28.12644320053798], [-50.816960273872, -28.12730239643727], [-50.81806107315315, -28.12839426791077], [-50.81811452646972, -28.1288215487828], [-50.81799200339503, -28.12941553953562], [-50.81688266226617, -28.13023591823093], [-50.8162952398101, -28.13041921952035], [-50.81385439574752, -28.13042395108146], [-50.81317334181408, -28.12987739485299], [-50.81155576277515, -28.12976162592333], [-50.81131211789308, -28.12996414393855], [-50.81144671583161, -28.13049333976052], [-50.81265778998919, -28.1306301855229], [-50.81299653599043, -28.13111682362488], [-50.81365621820434, -28.13144859610438], [-50.81639829883329, -28.13187976926694], [-50.81735016494838, -28.13183902900032], [-50.81841162628549, -28.13139126888199], [-50.82142865527611, -28.13286414369338], [-50.82157487618053, -28.13353129914392], [-50.82106161023968, -28.13601973082671], [-50.82067569131422, -28.13674456887637], [-50.81843740752671, -28.13920559177562], [-50.81798510654591, -28.13944190420604], [-50.81720195449022, -28.13933171055193], [-50.81690910913081, -28.1398687879741], [-50.81632216082922, -28.14013322921561], [-50.81252246707174, -28.13989288951317], [-50.81162728605467, -28.13966160592121], [-50.81076117886222, -28.13966441470752], [-50.8102737529795, -28.13922129957722], [-50.80975460245132, -28.13938496522219], [-50.80795006324124, -28.13899208016555], [-50.80601741994177, -28.13828808376803], [-50.80586450078303, -28.13805694617247], [-50.80513423994068, -28.13802781726554], [-50.80459740046587, -28.13758079165939], [-50.80380934371526, -28.13776541368601], [-50.80177305029677, -28.13752649323316], [-50.8013072418189, -28.13723331664524], [-50.80011741663, -28.13733993108207], [-50.79860362661547, -28.13723412599613], [-50.79815667074581, -28.13680786799804], [-50.79714661189234, -28.13714968320368], [-50.79612816688465, -28.13700299018084], [-50.79195780197547, -28.13751187199208], [-50.79134145273562, -28.13703212805256], [-50.79102421244582, -28.13698497075303], [-50.79050853987522, -28.13782928164118], [-50.78854507687944, -28.13854383157575], [-50.78823810615017, -28.13850209855362], [-50.78765749409947, -28.13883238660391], [-50.78616292851918, -28.13918645166502], [-50.7856658812095, -28.13858435049116], [-50.78396901791184, -28.13768740957465], [-50.78378349657239, -28.13690768175577], [-50.78332236868623, -28.13687197937655], [-50.78297632471117, -28.13846102329548], [-50.7842472010066, -28.13886874876164], [-50.7847064378262, -28.13926025045452], [-50.78482634043906, -28.13991986531937], [-50.7846565413501, -28.14139224527129], [-50.78356028972067, -28.14321332919001], [-50.7833585223905, -28.1439005578794], [-50.78242230706045, -28.14455057639412], [-50.78297913209277, -28.14502461829941], [-50.78313430684709, -28.14541472882348], [-50.78304962182914, -28.14643793066919], [-50.78376885796435, -28.14846280627902], [-50.78452880453604, -28.14966776600514], [-50.78478730758027, -28.15039307622527], [-50.78408634867138, -28.15148478101793], [-50.78330877701068, -28.15338720528328], [-50.78274857747651, -28.15364078021423], [-50.78085900698487, -28.15348382604719], [-50.78079679084541, -28.15381186617866], [-50.78195532283751, -28.15540807193244], [-50.78113949993808, -28.1559669395183], [-50.77871502330961, -28.15587012721893], [-50.77568631683409, -28.15493002584438], [-50.77453285786917, -28.15486220805339], [-50.7734323427547, -28.15505224497846], [-50.77288190560563, -28.15533132637787], [-50.77238298461931, -28.15628098885834], [-50.77192142638247, -28.15555882113584], [-50.77060721694225, -28.15565961455449], [-50.76999076364971, -28.15526686390461], [-50.76948388753232, -28.15518101008332], [-50.76911500057229, -28.15529271164943], [-50.76904146767593, -28.15556144752031], [-50.76995392424271, -28.15651980955402], [-50.7711609652887, -28.15652103040666], [-50.77173281710379, -28.15728408785433], [-50.77264287865905, -28.15787318107352], [-50.77507159206571, -28.16082637360276], [-50.77604993869821, -28.1617072104032], [-50.77660790846107, -28.16265308548529], [-50.77668100775748, -28.16322476084757], [-50.77612109377267, -28.16425368350057], [-50.77477315392697, -28.16522077582401], [-50.77387976194832, -28.16495155533243], [-50.77274654409386, -28.16404612418743], [-50.77088752603299, -28.163206803905], [-50.76955143059918, -28.16343743798746], [-50.76877068552133, -28.16413410207534], [-50.76781593819207, -28.16565039251122], [-50.76714427100747, -28.16724532538552], [-50.7669650384241, -28.16636455665419], [-50.76703624347598, -28.16507489160591], [-50.76690104919716, -28.16430814875172], [-50.76668815998833, -28.16409089496938], [-50.76602463361695, -28.16402607520426], [-50.76577273625272, -28.1643359619935], [-50.76600769975393, -28.16466301954732], [-50.76592451057415, -28.16672670438409], [-50.76637505881486, -28.16793738507295], [-50.76701789246496, -28.1682292374359], [-50.76775901302192, -28.16800378435206], [-50.76955092434023, -28.16498908147949], [-50.76993793226513, -28.16457834334347], [-50.77044888835919, -28.16452249886537], [-50.7720605931552, -28.16527979982931], [-50.7727195783081, -28.16575594358306], [-50.77419320674511, -28.16626828760721], [-50.77503965665409, -28.16625991227182], [-50.77677207666491, -28.16538072580564], [-50.77720808992594, -28.16489140551053], [-50.77808503008672, -28.16328438542178], [-50.77810589727519, -28.16177527230511], [-50.77720989369553, -28.1605485334658], [-50.77592256194842, -28.15935993226132], [-50.77504688340146, -28.15830312397428], [-50.77494815265837, -28.15766890107019], [-50.7752059268705, -28.15739653909883], [-50.7765524050004, -28.15736358826803], [-50.77802709863407, -28.15778691805225], [-50.78041475732976, -28.15797916146648], [-50.78246956841556, -28.15785089238538], [-50.78349342801979, -28.1574865104493], [-50.78479081309438, -28.15627393065188], [-50.78618661991034, -28.15278630559889], [-50.78658692888917, -28.1527145158616], [-50.78747447562031, -28.15293688411016], [-50.78854988775467, -28.1535151682196], [-50.7903062241179, -28.1550942978466], [-50.79089617571769, -28.15692594886829], [-50.79104158644597, -28.1579998872688], [-50.79099584751005, -28.15985521583217], [-50.79074779000479, -28.16143982071147], [-50.79048350681846, -28.16215374398469], [-50.79000497260366, -28.16248602385904], [-50.78979934150596, -28.164358595864], [-50.78846450089494, -28.16672753966411], [-50.78796948795915, -28.16708014004847], [-50.78725824435236, -28.16713619804004], [-50.78736394281758, -28.16804590371134], [-50.78712905464866, -28.168459767119], [-50.78637668012859, -28.16883445830982], [-50.78631786963532, -28.16904045018242], [-50.78663114604021, -28.16959196919881], [-50.78625329881756, -28.17008768999784], [-50.78367341236359, -28.17231557099667], [-50.7829140412758, -28.17248719295324], [-50.78284227702598, -28.17305246507928], [-50.78224577915842, -28.17353663902741], [-50.78208281568767, -28.17409254358364], [-50.78147853985616, -28.17478135150604], [-50.78102453340542, -28.17591397861703], [-50.78062508685055, -28.17647786004732], [-50.78024893735786, -28.17670328127343], [-50.78021948092175, -28.17693587235915], [-50.7805418092678, -28.17723172267367], [-50.78049567334418, -28.17746458236238], [-50.77977997362794, -28.17785783746662], [-50.77953198388057, -28.17835112301981], [-50.77972387328334, -28.1786088446427], [-50.78082312812631, -28.17865372257378], [-50.78236411160873, -28.1817408980078], [-50.78235972377646, -28.18233742095903], [-50.78347888725513, -28.18348197881503], [-50.78367485164997, -28.18403715080275], [-50.78479788656867, -28.18546862418585], [-50.78496923560885, -28.18610391805147], [-50.78557517893782, -28.18653466352662], [-50.78660814487222, -28.18818287873441], [-50.78662858356832, -28.18851873425505], [-50.78583631890514, -28.18934863913133], [-50.78586440098549, -28.18967257952032], [-50.7860889255646, -28.18976478534851], [-50.7873634351219, -28.18961362202382], [-50.78768997281063, -28.19016359004627], [-50.78816531071024, -28.19190915059435], [-50.78819561991541, -28.19268186257595], [-50.78778387455697, -28.19603127278614], [-50.78736830437592, -28.19700380248577], [-50.78684153336857, -28.19758296157739], [-50.78456195814455, -28.1988184937698], [-50.78343677090135, -28.19906176760661], [-50.78252869296579, -28.19901091287167], [-50.78209609220269, -28.1993655195931], [-50.78131589011835, -28.199660004757], [-50.78051895952731, -28.19974702984593], [-50.77946796315602, -28.19958010190842], [-50.77807703412302, -28.19888149215372], [-50.77411808307331, -28.1961995882736], [-50.77286528652012, -28.19495211053422], [-50.77247489309278, -28.19384844720447], [-50.77229708811345, -28.1924128280164], [-50.77146951043721, -28.19013841416121], [-50.77100821698786, -28.18912204858723], [-50.76948105802064, -28.18739194350824], [-50.76876036793332, -28.18661821500422], [-50.76791783291577, -28.18603193532436], [-50.76603645030286, -28.18563895048815], [-50.76577472397063, -28.18586100632001], [-50.76591149533676, -28.18628106851598], [-50.76549931267327, -28.18677862177854], [-50.76432511695684, -28.18715858549022], [-50.7625800124271, -28.18835951477588], [-50.76108194708397, -28.1899677823829], [-50.75977293483867, -28.19314832701067], [-50.75855388528556, -28.19315688289959], [-50.75797689042685, -28.19397165858046], [-50.75644125441595, -28.19473345848384], [-50.75584520379994, -28.19552861402534], [-50.75582986566236, -28.19629654512214], [-50.75561044327146, -28.19650838036329], [-50.75364963196122, -28.19650297095812], [-50.75284699464121, -28.19608497660764], [-50.75260075337657, -28.19618138122965], [-50.75248302581139, -28.19654445498975], [-50.75169458511038, -28.19655850098304], [-50.75027484054808, -28.19689050693245], [-50.7488201016066, -28.1967508081095], [-50.74754195218779, -28.19614815157662], [-50.74713980413636, -28.19624002972751], [-50.74712791224686, -28.19673415664484], [-50.74793609536927, -28.1971946838112], [-50.74933916665142, -28.19770596902838], [-50.75051120356686, -28.19792684772975], [-50.75026574674404, -28.19896124282271], [-50.75123260722379, -28.1990049779272], [-50.75183461647741, -28.19899487735055], [-50.75212443951184, -28.19784887235309], [-50.75684935849793, -28.19776190296418], [-50.75751859687785, -28.19736687191316], [-50.75778324539094, -28.19662475903513], [-50.75766746221589, -28.19604205756265], [-50.75817887268375, -28.19541725360723], [-50.75864822969594, -28.19516599983756], [-50.75965868135974, -28.19551406339835], [-50.75975825165902, -28.1961365479073], [-50.7594516585886, -28.19683568677301], [-50.75971811232972, -28.19804474490233], [-50.75945138740266, -28.20035374049338], [-50.75899834338401, -28.20103393508091], [-50.75783004264901, -28.20172308632672], [-50.75770459301659, -28.2019557554558], [-50.75699075379376, -28.20201082771181], [-50.75726115839398, -28.2025753910514], [-50.75756723750626, -28.20276905802685], [-50.75875656939268, -28.2027164159032], [-50.75884849737378, -28.20392883380906], [-50.75954691127661, -28.20405840761801], [-50.75899434685347, -28.20526806784959], [-50.75870465191101, -28.20664710179095], [-50.75825904781925, -28.20726074081431], [-50.75810819334765, -28.2081745029957], [-50.75639230012646, -28.21134149944755], [-50.75504189466943, -28.21113042288669], [-50.75384650804514, -28.21119811637711], [-50.75357854429407, -28.21146424430119], [-50.75391454615908, -28.21178754724183], [-50.75490970696353, -28.21194738791908], [-50.75582470519732, -28.2123056244597], [-50.75600037000081, -28.21272884015963], [-50.75566815285459, -28.21440722993645], [-50.75520764322011, -28.21574534460598], [-50.75402661819131, -28.22273210789456], [-50.75332582906058, -28.22288244067431], [-50.75319703004766, -28.2230759131842], [-50.75384793841665, -28.22370548244598], [-50.7537605249068, -28.2250600512496], [-50.75306862448863, -28.22737067443611], [-50.75274707275883, -28.22764438912462], [-50.75286202717331, -28.22827969472543], [-50.75236624723606, -28.22998471200456], [-50.75186176968124, -28.23099027925298], [-50.75036708293278, -28.23160232485532], [-50.74995241725502, -28.23219431649771], [-50.749778709604, -28.23273017923408], [-50.75004119144975, -28.23500760118648], [-50.74993378172302, -28.23524589335914], [-50.7435128065878, -28.23520042423488], [-50.74250532734636, -28.2354295249435], [-50.74231429337733, -28.23576679177314], [-50.74232465362484, -28.23599120384799], [-50.74260144190414, -28.23613971557989], [-50.74584097143486, -28.23633588283851], [-50.74813737767446, -28.23614977342714], [-50.75052913540817, -28.23639514878185], [-50.75103985933884, -28.23621362639206], [-50.75172267687755, -28.23551150810527], [-50.75130509121685, -28.23358902920953], [-50.75145509233915, -28.23312379619943], [-50.75166780461757, -28.23322220533087], [-50.7519884151962, -28.24026088021587], [-50.75250877831112, -28.24140074134811], [-50.75279156275404, -28.24387227214686], [-50.7525055416476, -28.24481628526447], [-50.75210536615735, -28.24536702031366], [-50.75155218560014, -28.24578286282601], [-50.75133875739801, -28.24618617616826], [-50.75012399847639, -28.24693114234683], [-50.74806628210385, -28.24781546238238], [-50.7441489296088, -28.24843115648173], [-50.73897045469534, -28.24998402228974], [-50.7379904566304, -28.25041898061283], [-50.73607770689698, -28.25196500812129], [-50.73518644294032, -28.25240100168532], [-50.73514760152158, -28.2526975683027], [-50.73339542585218, -28.25418636840592], [-50.73271246985194, -28.2541909593426], [-50.73260424380539, -28.25472213487106], [-50.72990467096102, -28.2562740372344], [-50.72695899351973, -28.25734585020916], [-50.72442965260286, -28.25848672067324], [-50.72352918357458, -28.25874722284457], [-50.72263201556273, -28.25858029498588], [-50.72248016200908, -28.25895951564264], [-50.72181784762855, -28.25941466702574], [-50.71847995362642, -28.26031979941838], [-50.71620783423909, -28.26125074763894], [-50.71462127623586, -28.26216659079857], [-50.71429131039413, -28.26220125455344], [-50.71386100710113, -28.26168805358858], [-50.71358573410614, -28.26168363669644], [-50.71316841118767, -28.26219283246452], [-50.71343678273898, -28.26294577391614], [-50.71260553401474, -28.26374722447097], [-50.71056400645965, -28.26561462892224], [-50.70879269941048, -28.26626659939084], [-50.7061069161245, -28.2662917055424], [-50.70267863493315, -28.2654216686128], [-50.70105882755783, -28.26518126460474], [-50.6982600793123, -28.26563279762901], [-50.6974780954073, -28.2659274008658], [-50.6966691039046, -28.26648679765027], [-50.69556987045758, -28.26585116279723], [-50.69530369120315, -28.26583880943133], [-50.6951256543487, -28.26602264147585], [-50.69512994416567, -28.26639982929606], [-50.69596842266572, -28.26708381502669], [-50.69325717246776, -28.26782565346301], [-50.68779352615974, -28.26972146867309], [-50.68725166472493, -28.26936962637347], [-50.68659523637649, -28.26801167507458], [-50.6862817708535, -28.26688213411274], [-50.6848200744361, -28.26520904690241], [-50.68149012688152, -28.26343669657115], [-50.68098719618416, -28.26334838708286], [-50.67952704112449, -28.26170973503037], [-50.67834994080252, -28.2599365135078], [-50.67804533745282, -28.25982055050814], [-50.67732491409772, -28.25997649929741], [-50.67728278889581, -28.26032008531911], [-50.67939608751127, -28.26332659942455], [-50.68055325054301, -28.26432940111491], [-50.68390321666472, -28.26596912856718], [-50.6851199835363, -28.26743513771716], [-50.68553047217668, -28.2691053529095], [-50.6863134783683, -28.2700586194774], [-50.68731872428961, -28.27074139818524], [-50.68810196112033, -28.27092933812472], [-50.69507001872235, -28.26863841251237], [-50.69509100295735, -28.26913926375652], [-50.69363830621475, -28.27407237646203], [-50.69334795996414, -28.27660171964167], [-50.69310828263041, -28.27699353179847], [-50.69336894578754, -28.2787469720382], [-50.69426390160462, -28.28228715809114], [-50.69401430468321, -28.28295568005007], [-50.69418693488821, -28.28317149213038], [-50.69445383495627, -28.28318847859531], [-50.69522762295973, -28.28465117859547], [-50.69533225713452, -28.28599556764455], [-50.69454195414, -28.28748069241174], [-50.69400058881818, -28.28788484073347], [-50.6892291909864, -28.29131343901558], [-50.68491548263431, -28.29399783225251], [-50.68359193489682, -28.29517748038587], [-50.67852771646143, -28.29817760733138], [-50.67685500212076, -28.29944100225604], [-50.67306853405694, -28.30331505268985], [-50.67242906931117, -28.30370584191746], [-50.67088326768755, -28.30561195307691], [-50.66706164794511, -28.30934856180726], [-50.66377640954337, -28.31296334137158], [-50.6615347504089, -28.31630581472406], [-50.66063814906856, -28.31879852691374], [-50.66038165345926, -28.31928229697706], [-50.66001746666636, -28.31956708799763], [-50.66012809684428, -28.31982752066212], [-50.658923286485, -28.32116757107496], [-50.65825110120703, -28.32241216798084], [-50.65792188193727, -28.32338856781282], [-50.65772665345905, -28.32464734031182], [-50.65777071271859, -28.32581104781766], [-50.65824514717419, -28.32704618490439], [-50.65859212160008, -28.32781774668685], [-50.66045478654, -28.32987049295352], [-50.66088184063109, -28.32989591122352], [-50.6606874919005, -28.32969460280669], [-50.66139809785186, -28.32901176539947], [-50.66158286646408, -28.32922479053028], [-50.6617035181667, -28.32902910999188], [-50.6598135913027, -28.32655100376128], [-50.6596251935795, -28.3258709564547], [-50.65974609957932, -28.32382972069151], [-50.65998156016974, -28.32324406776862], [-50.66033984781264, -28.32330921355769], [-50.6605444874304, -28.32317616921659], [-50.6604307415952, -28.32262989698651], [-50.66114227396863, -28.32165610070355], [-50.66270488861589, -28.31756682746313], [-50.66553767796568, -28.3131699845702], [-50.66690403033922, -28.3116023441467], [-50.67125098471281, -28.30748603817565], [-50.67325444123248, -28.30534902009704], [-50.67749759140786, -28.30133551278163], [-50.67781815863484, -28.30085801065617], [-50.67964685395745, -28.29945406376543], [-50.6836945920395, -28.29731201547819], [-50.68584565022075, -28.29929949339167], [-50.68635605512398, -28.29929715793057], [-50.68646611958286, -28.29912281666534], [-50.68637854775874, -28.2988951717866], [-50.68439086381338, -28.29678619443745], [-50.68850730350352, -28.29384924169738], [-50.69243043354183, -28.29131208105709], [-50.69477443990312, -28.29000115214217], [-50.69631820778478, -28.28863032509124], [-50.69673162521929, -28.28791306812314], [-50.69746474385422, -28.28560364311131], [-50.69722340098206, -28.28387539169384], [-50.69578136078566, -28.28029603089986], [-50.69532911781244, -28.27867781788055], [-50.69513483033964, -28.27612054430259], [-50.69540341550884, -28.27447981638853], [-50.69619559702698, -28.27207941756562], [-50.69710431945698, -28.27282361164522], [-50.69786326635601, -28.27304390480687], [-50.6980780690269, -28.27291266185927], [-50.697964661604, -28.27237480016], [-50.69656989789903, -28.27115625714371], [-50.69633849498038, -28.27072355159728], [-50.69681967556229, -28.26966061423052], [-50.69828976623877, -28.26794990423597], [-50.69919847741022, -28.26735990631134], [-50.6997640012176, -28.26717771764381], [-50.701344823279, -28.26730980498921], [-50.70347243669881, -28.26812657935183], [-50.7056596899933, -28.26848489581898], [-50.70661933557249, -28.26817930582236], [-50.70853923765726, -28.26821412975129], [-50.71129800139527, -28.26734535860126], [-50.71316117746262, -28.26624658973923], [-50.7153086582898, -28.26400346957938], [-50.71655404464906, -28.26304801372821], [-50.71811262412614, -28.26236098593166], [-50.71840187561856, -28.26332042278654], [-50.71885382269312, -28.26335226511132], [-50.71919078355749, -28.26302566413202], [-50.71911369758008, -28.26208507547304], [-50.71983630117695, -28.26183030911554], [-50.72015025130597, -28.26229900413111], [-50.72061257984709, -28.26233662872993], [-50.72077375633083, -28.26219599344986], [-50.72081166439186, -28.26156361494725], [-50.72451846468346, -28.260434704529], [-50.72754458764869, -28.259043640364], [-50.73124454846205, -28.25765818839327], [-50.7335489035476, -28.25641015118954], [-50.73417806266825, -28.25621217582091], [-50.73447265356592, -28.25567244772578], [-50.73913860448202, -28.25197563047618], [-50.7436858728507, -28.25045008550647], [-50.74601273047118, -28.25005190479488], [-50.74884128447242, -28.24985614238857], [-50.74935586330359, -28.25069710941903], [-50.74974581292273, -28.25184344136329], [-50.74971399758342, -28.25232387175289], [-50.74953600418846, -28.25258075815952], [-50.74755793117591, -28.25417945235469], [-50.74708962537333, -28.25525286160741], [-50.74720821677328, -28.25606921291999], [-50.7475408078394, -28.2566283452881], [-50.74822889574241, -28.25719257840359], [-50.74835365278478, -28.25766134571479], [-50.74886282208375, -28.2576055727502], [-50.74927240957291, -28.25780125716313], [-50.75069100974986, -28.25863288084779], [-50.75189055707092, -28.25970029372199], [-50.75382265239995, -28.26086398865913], [-50.75494002145896, -28.26131739765864], [-50.75579010577539, -28.26152001894076], [-50.75718992718281, -28.26153612976387], [-50.76050342750196, -28.26058576573609], [-50.7605182982801, -28.26030491370257], [-50.76009909345347, -28.25992708331235], [-50.75885916669233, -28.26004457344371], [-50.75650345335366, -28.26070851779069], [-50.75558466682541, -28.26058504243229], [-50.75209419456132, -28.25857726989729], [-50.75099865612896, -28.2575968722119], [-50.74887630006284, -28.25618583227567], [-50.74821687559959, -28.25539269818723], [-50.74943962604813, -28.25437997673388], [-50.74973818243885, -28.25384026675554], [-50.75129770285919, -28.25210739133721], [-50.75140709585365, -28.25146811272616], [-50.75128228476964, -28.25080749815017], [-50.75023321514724, -28.24954162848867], [-50.75028696037799, -28.24915141817861], [-50.75281309091304, -28.24757270031561], [-50.75387414367859, -28.24651723534816], [-50.75471663648668, -28.24542986112269], [-50.75523893387696, -28.24393137832519], [-50.75529351877736, -28.24112991620385], [-50.75546111385412, -28.24088162442617], [-50.75591849088824, -28.24067934539498], [-50.75601595895878, -28.24044919352317], [-50.75492775814301, -28.23980503151718], [-50.75430997716572, -28.23812454159245], [-50.75403530539355, -28.23535449810827], [-50.75406183905805, -28.23299074147619], [-50.75433263720668, -28.23168282840852], [-50.75450142217182, -28.23127352659892], [-50.75479204337264, -28.23106617379499], [-50.75470166445672, -28.23076254574908], [-50.75500295888042, -28.22922822513943], [-50.75553483007161, -28.22797553048726], [-50.75576400726618, -28.22768045083657], [-50.75634872826999, -28.22776224817593], [-50.75693411880114, -28.227447989797], [-50.756847152288, -28.22718745012292], [-50.75586466062447, -28.22656103661527], [-50.75633902708834, -28.22368199163787], [-50.75635342142831, -28.22272499456773], [-50.75673653817163, -28.22156789973805]]]}}, {"type": "Feature", "properties": {"cod_imovel": "SC-4203253-31E2D0CCB82A49A2B297A5271789C4DD", "municipio": "Capao Alto", "num_area": 7.308, "mod_fiscal": 0.37, "des_condic": "Aguardando analise", "ind_status": "AT", "dat_atuali": "23/06/2026"}, "geometry": {"type": "Polygon", "coordinates": [[[-50.786045833, -28.115526109], [-50.784893612, -28.114789725], [-50.783108604, -28.117405], [-50.783523061, -28.117773329], [-50.783582502, -28.118396673], [-50.787032779, -28.116599443], [-50.786045833, -28.115526109]]]}}, {"type": "Feature", "properties": {"cod_imovel": "SC-4203253-2BAE48AAB48E47CC8A55AF6274FD283E", "municipio": "Capao Alto", "num_area": 767.3475, "mod_fiscal": 38.3674, "des_condic": "Aguardando analise", "ind_status": "AT", "dat_atuali": "11/02/2026"}, "geometry": {"type": "Polygon", "coordinates": [[[-50.77547062077909, -28.17806814810245], [-50.7701614118717, -28.17147430380899], [-50.74914776727581, -28.1751199987286], [-50.74944602693322, -28.17591456130771], [-50.74840390427443, -28.17782051044107], [-50.74802471405553, -28.17887137006759], [-50.74762609145174, -28.18029861901835], [-50.74796788328666, -28.18155914845851], [-50.74728448427916, -28.18312317207912], [-50.74689014551245, -28.1847968630372], [-50.74674045494775, -28.1961353979733], [-50.74711521586799, -28.19626219794458], [-50.74754199872842, -28.19614807221314], [-50.74882013241285, -28.19675071860083], [-50.75027481433219, -28.19689041016165], [-50.75171113865287, -28.19655424026733], [-50.75248298610236, -28.19654435450456], [-50.75260079323857, -28.1961812310613], [-50.75284697897525, -28.19608490646382], [-50.75364963178149, -28.1965028589087], [-50.75561041003088, -28.1965082696656], [-50.75582985528394, -28.19629643670485], [-50.75584515191003, -28.19552853761607], [-50.75645547750941, -28.19471773699289], [-50.75797683767899, -28.1939715558232], [-50.75855393174264, -28.19315680517789], [-50.75977293724709, -28.19314820781914], [-50.76108193213125, -28.18996766832715], [-50.76258003402523, -28.18835940566256], [-50.76434129693731, -28.18714867740056], [-50.76549928249097, -28.18677848223863], [-50.76591145926466, -28.18628098695456], [-50.76577473302263, -28.18586090684061], [-50.7660364392192, -28.18563883850855], [-50.76794034022226, -28.18603791337148], [-50.76876035579073, -28.18661811284095], [-50.76948103741177, -28.18739185980147], [-50.77101626374753, -28.18913204533698], [-50.77146954565649, -28.19013832119736], [-50.77229712694952, -28.19241270039334], [-50.77247493659122, -28.19384837990585], [-50.77286528193522, -28.19495203757563], [-50.7741180411479, -28.19619947574055], [-50.77807707221487, -28.19888137428124], [-50.77946801078526, -28.19957996521934], [-50.78051891030876, -28.19974693887468], [-50.78131590001681, -28.19965993062343], [-50.7820960892376, -28.19936545054987], [-50.78252873512611, -28.19901083601215], [-50.78343680944331, -28.19906165358055], [-50.78456199844416, -28.19881834631915], [-50.78684156209101, -28.19758286931964], [-50.78765225382347, -28.19653284464993], [-50.78819558967049, -28.1926817723714], [-50.78801226036763, -28.19114951463083], [-50.78736343286725, -28.18961346487226], [-50.78608896304964, -28.18976466771652], [-50.78579777665578, -28.18956011163783], [-50.78609141542452, -28.18899331327177], [-50.78662857350502, -28.18851860845597], [-50.78660815045892, -28.18818277167529], [-50.78557518451359, -28.18653453969912], [-50.78496923900432, -28.18610381302464], [-50.78479792422018, -28.18546849315954], [-50.78366292975585, -28.18402238141277], [-50.7834789039709, -28.18348182337408], [-50.78275042595944, -28.18274785587426], [-50.77954242704643, -28.18431803305682], [-50.77547062077909, -28.17806814810245]]]}}, {"type": "Feature", "properties": {"cod_imovel": "SC-4203253-E6BF01E3632B44E4AF286F4B1F976C54", "municipio": "Capao Alto", "num_area": 163.5292, "mod_fiscal": 8.1765, "des_condic": "Aguardando analise", "ind_status": "AT", "dat_atuali": "10/02/2026"}, "geometry": {"type": "Polygon", "coordinates": [[[-50.78747443657641, -28.15293678394447], [-50.78658695039226, -28.15271442196405], [-50.7861866405361, -28.15278619487422], [-50.78479084380668, -28.15627378014212], [-50.78353778361852, -28.15747041839173], [-50.78247161372497, -28.15785409454764], [-50.78041471268477, -28.15797908744571], [-50.77802712802934, -28.15778684504503], [-50.77586752069168, -28.15729216691834], [-50.77520596524922, -28.15739642867636], [-50.77494811229977, -28.15766880281954], [-50.77504690920313, -28.15830302513404], [-50.77592259583167, -28.15935981269728], [-50.77720993596557, -28.16054842770082], [-50.77811755366254, -28.16179789016008], [-50.77810837708964, -28.16323461992062], [-50.77792074416345, -28.16363304040359], [-50.77720807251135, -28.16489133617445], [-50.77673474196758, -28.16542243877197], [-50.77601219834207, -28.16578360453093], [-50.78066103678739, -28.17019948272134], [-50.78997774038435, -28.16298920158631], [-50.79000500252697, -28.16248589510036], [-50.79048346977699, -28.16215361988915], [-50.79074775533805, -28.16143971331967], [-50.79099580181381, -28.15985512210609], [-50.79104157346288, -28.1579997710682], [-50.79089617472998, -28.15692587107876], [-50.79030624270489, -28.15509419163871], [-50.78930085485842, -28.15405760641902], [-50.78747443657641, -28.15293678394447]]]}}, {"type": "Feature", "properties": {"cod_imovel": "SC-4203253-168B0877EA904C179BE07EE5BEC0FCAA", "municipio": "Capao Alto", "num_area": 217.4084, "mod_fiscal": 10.8704, "des_condic": "Aguardando analise", "ind_status": "AT", "dat_atuali": "09/02/2026"}, "geometry": {"type": "Polygon", "coordinates": [[[-50.77772305060557, -28.14276441833612], [-50.7679116233486, -28.14179173541695], [-50.76835777801335, -28.14231389379131], [-50.76842945498139, -28.14270118591023], [-50.76951215046229, -28.14373227747212], [-50.76888874512048, -28.14417608140824], [-50.76913713568741, -28.14526886536924], [-50.76853741045995, -28.14544649931327], [-50.76861658278293, -28.1458541147245], [-50.76834030172963, -28.14598715821834], [-50.76779191966494, -28.14587248904416], [-50.76756977917427, -28.14602358657027], [-50.76735574884014, -28.14751124441355], [-50.76684221120542, -28.14823361971433], [-50.76679210882068, -28.14860716448612], [-50.76589323685977, -28.1490203348193], [-50.76504357387153, -28.1490958813231], [-50.76479502959473, -28.14925387979181], [-50.76485346585858, -28.14945113104758], [-50.76569581581645, -28.14983568240809], [-50.76574557900256, -28.15004122333713], [-50.76506712006289, -28.15081340972406], [-50.76584007525304, -28.15117301675995], [-50.76620774560315, -28.15206452478085], [-50.76682065538294, -28.15263662077245], [-50.76730841199633, -28.152684029624], [-50.76750903436143, -28.15311821045978], [-50.76737506119213, -28.15403224307624], [-50.76936201294313, -28.15519900896378], [-50.77007457023794, -28.15529381720602], [-50.77060718984601, -28.15565949323832], [-50.77192140102806, -28.15555868875765], [-50.77238299582, -28.15628089848186], [-50.77288194084284, -28.15533117787072], [-50.7734323257649, -28.15505216023369], [-50.77453282548575, -28.15486206057346], [-50.77568635751527, -28.15492994185825], [-50.77785729482261, -28.15568552307436], [-50.77955986903856, -28.15597948596102], [-50.78113952851782, -28.1559668531503], [-50.78186644405537, -28.15551819427789], [-50.78184117249256, -28.15517250804107], [-50.78126314900808, -28.15457787685548], [-50.7807780024017, -28.1535917980587], [-50.7810003887239, -28.1534186536427], [-50.78274860827958, -28.15364070418223], [-50.78330878741929, -28.15338711849876], [-50.78408636053506, -28.15148462916195], [-50.78478732558747, -28.15039300595864], [-50.78452876107878, -28.14966763604097], [-50.78376885854994, -28.14846267976367], [-50.78304963162459, -28.14643785493013], [-50.78313428810617, -28.14541459007302], [-50.78297915328103, -28.14502446530675], [-50.78243472467481, -28.14461106489107], [-50.7805492911355, -28.14432758743954], [-50.77772305060557, -28.14276441833612]]]}}, {"type": "Feature", "properties": {"cod_imovel": "SC-4203253-F5FB77A0A0854DD5B99BE7B79362F959", "municipio": "Capao Alto", "num_area": 374.0124, "mod_fiscal": 18.7006, "des_condic": "Aguardando analise", "ind_status": "AT", "dat_atuali": "06/02/2026"}, "geometry": {"type": "Polygon", "coordinates": [[[-50.78979935743899, -28.16435851172452], [-50.78997774038435, -28.16298920158631], [-50.78066103678739, -28.17019948272134], [-50.77601219834207, -28.16578360453093], [-50.77501415790733, -28.16626906787325], [-50.77419325042178, -28.1662681683252], [-50.77271956874166, -28.16575579340624], [-50.77206061406309, -28.16527969554449], [-50.77044884610356, -28.16452234328978], [-50.76993789477029, -28.1645782661251], [-50.76955096243742, -28.1649889778903], [-50.76782703264914, -28.167929241785], [-50.76697326138827, -28.16823407913174], [-50.76624965878645, -28.1678401700787], [-50.76591959496102, -28.16672819777713], [-50.76600771701072, -28.16466287190806], [-50.76577272292201, -28.16433587199291], [-50.76585970873194, -28.16410330363766], [-50.76540139505795, -28.16412346217326], [-50.76490424823486, -28.16438773393262], [-50.76468978288401, -28.16506195623563], [-50.76435041919823, -28.16537009748746], [-50.76243909539537, -28.16615142580764], [-50.7607414673561, -28.16779617536793], [-50.76005957865877, -28.16812130970544], [-50.75886994012331, -28.16837937948199], [-50.75781648492398, -28.16832254612239], [-50.75720934637886, -28.16815411004069], [-50.75655353940189, -28.16766151435319], [-50.75628430284724, -28.1670369065571], [-50.75640735381398, -28.16658694734877], [-50.75620810164283, -28.16618633419508], [-50.75594913209051, -28.16606734805844], [-50.75535353254074, -28.16620674615249], [-50.7542941367723, -28.16546084174425], [-50.7538468251525, -28.16480946027568], [-50.75377275272541, -28.16428395373318], [-50.7524941431621, -28.16413161999406], [-50.75177540862368, -28.16360539732671], [-50.75132440471867, -28.16367995502515], [-50.75109543388005, -28.16393969827556], [-50.75030773377151, -28.16399035062256], [-50.74954835028439, -28.16452219108479], [-50.74905011822548, -28.16536530667981], [-50.74807996318128, -28.16550705557079], [-50.74764710913678, -28.16539558736605], [-50.7468972664905, -28.16597545429238], [-50.74645351379245, -28.16612276712345], [-50.74612128675304, -28.16636163880975], [-50.74611880238578, -28.16672370833437], [-50.74564957797912, -28.16769026434743], [-50.74327694779475, -28.16932117353094], [-50.74684982572021, -28.17323471971542], [-50.74914776727581, -28.1751199987286], [-50.7701614118717, -28.17147430380899], [-50.77547062077909, -28.17806814810245], [-50.77954242704643, -28.18431803305682], [-50.78275042595944, -28.18274785587426], [-50.78234054264923, -28.18230876247264], [-50.78236410559041, -28.18174081972739], [-50.78082309001568, -28.17865364708629], [-50.77982864661342, -28.17862803981388], [-50.77955555708891, -28.17846186424851], [-50.77979992148112, -28.17783054616546], [-50.78049564931559, -28.17746444375558], [-50.7805417636748, -28.17723162036837], [-50.78021943158066, -28.17693573905939], [-50.78026727218378, -28.17665597797323], [-50.78062510576373, -28.17647772627501], [-50.78102457404756, -28.17591390553875], [-50.78148645959423, -28.1747610791753], [-50.78208284034307, -28.17409240430879], [-50.78225781114045, -28.17350926552161], [-50.78284224134396, -28.17305234238938], [-50.78291407942196, -28.17248709314501], [-50.78304912399545, -28.1723519016294], [-50.78367344588725, -28.17231542705019], [-50.78412304554886, -28.17198339999018], [-50.78445012091836, -28.17158798938558], [-50.78512613300379, -28.17117046802144], [-50.78663119377259, -28.16959182564474], [-50.78629817199262, -28.16898820989366], [-50.78712901092359, -28.16845961646874], [-50.78736391372893, -28.16804582070377], [-50.78725824635952, -28.16713609183344], [-50.78743298741502, -28.16700998453769], [-50.78796946456691, -28.16708005350876], [-50.78846450045405, -28.16672741020512], [-50.78979935743899, -28.16435851172452]]]}}, {"type": "Feature", "properties": {"cod_imovel": "SC-4203253-6937D4DC49264F2C81E3DC062337A04B", "municipio": "Capao Alto", "num_area": 3.3766, "mod_fiscal": 0.1688, "des_condic": "Aguardando analise", "ind_status": "AT", "dat_atuali": "12/12/2025"}, "geometry": {"type": "Polygon", "coordinates": [[[-50.795686400784, -28.129940674139], [-50.794669069174, -28.129979628768], [-50.795189359149, -28.132967593935], [-50.796216977772, -28.133042413414], [-50.795686400784, -28.129940674139]]]}}, {"type": "Feature", "properties": {"cod_imovel": "SC-4203253-A5307EC4879B4FD9B80C57509666332B", "municipio": "Capao Alto", "num_area": 28.75, "mod_fiscal": 1.4375, "des_condic": "Aguardando analise", "ind_status": "AT", "dat_atuali": "12/12/2025"}, "geometry": {"type": "Polygon", "coordinates": [[[-50.797857902675, -28.125689619697], [-50.796111339701, -28.124219937448], [-50.795079181553, -28.124116226054], [-50.794548897372, -28.129153040872], [-50.794669069175, -28.12997962877], [-50.795686400784, -28.129940674139], [-50.796216977772, -28.133042413414], [-50.798042233892, -28.133175288524], [-50.798648767957, -28.126113249547], [-50.797857902675, -28.125689619697]]]}}, {"type": "Feature", "properties": {"cod_imovel": "SC-4203253-6874E0E235954BA2922DE7EAEF1E4141", "municipio": "Capao Alto", "num_area": 42.7207, "mod_fiscal": 2.136, "des_condic": "Aguardando analise", "ind_status": "AT", "dat_atuali": "12/12/2025"}, "geometry": {"type": "Polygon", "coordinates": [[[-50.791012034059, -28.120742977318], [-50.792512575393, -28.127391369273], [-50.79345376387, -28.135138486892], [-50.797769715789, -28.136894552707], [-50.798042274692, -28.133175252476], [-50.795189359235, -28.132967548799], [-50.794548887258, -28.129153004749], [-50.795079212099, -28.1241162261], [-50.794824556876, -28.123900639126], [-50.794760356422, -28.123607342749], [-50.793203523275, -28.122797077692], [-50.792118233027, -28.121412303624], [-50.791012034059, -28.120742977318]]]}}, {"type": "Feature", "properties": {"cod_imovel": "SC-4203253-FE0BF202BF0B4AF09D3B21FA6A63DB07", "municipio": "Capao Alto", "num_area": 50.4759, "mod_fiscal": 2.5238, "des_condic": "Aguardando analise", "ind_status": "AT", "dat_atuali": "27/10/2025"}, "geometry": {"type": "Polygon", "coordinates": [[[-50.77763897591252, -28.11968882605491], [-50.7816515991748, -28.11698686764798], [-50.78153922758644, -28.1173052955789], [-50.78164388825451, -28.11736859985435], [-50.78275165662555, -28.11725113431869], [-50.78342458090153, -28.11757156634871], [-50.78356192021753, -28.11861886060065], [-50.78377299153863, -28.11882023984013], [-50.78396916389465, -28.119482981323983], [-50.788389444351196, -28.118517804467576], [-50.78922735359765, -28.11813883131161], [-50.7882285118103, -28.117713483783675], [-50.787445306777954, -28.117174112416098], [-50.78656925315379, -28.11612610953289], [-50.785664319992065, -28.11536672542449], [-50.7835837491977, -28.11451034569158], [-50.78248588916849, -28.11351934997614], [-50.78259715683813, -28.113738716834], [-50.78231895105305, -28.11363713491335], [-50.78081488609313, -28.114032456844043], [-50.77971302569662, -28.11285793772726], [-50.7781224533528, -28.11274507903422], [-50.7766557923191, -28.11304795493733], [-50.77624736203706, -28.11332851982391], [-50.77581169754355, -28.11486260844156], [-50.7771601937276, -28.11567593281497], [-50.77780784089785, -28.11679354060676], [-50.77763897591252, -28.11968882605491]]]}}, {"type": "Feature", "properties": {"cod_imovel": "SC-4203253-566308D6D3DA4AC392D7EA65780EFBF1", "municipio": "Capao Alto", "num_area": 1681.4246, "mod_fiscal": 84.0712, "des_condic": "Aguardando analise", "ind_status": "AT", "dat_atuali": "19/03/2024"}, "geometry": {"type": "Polygon", "coordinates": [[[-50.75032694, -28.06695139], [-50.73220583, -28.0677925], [-50.73045222, -28.06799028], [-50.70583139, -28.06896472], [-50.70494806, -28.06914111], [-50.70037722, -28.06933694], [-50.70004833, -28.07167722], [-50.70025528, -28.07522278], [-50.70840639, -28.07685667], [-50.71751361, -28.07830583], [-50.72421694, -28.08127972], [-50.72468222, -28.08167222], [-50.72528611, -28.08327278], [-50.72686583, -28.08438167], [-50.72838583, -28.085935], [-50.72944278, -28.08657889], [-50.73075444, -28.08924444], [-50.72841694000001, -28.091175], [-50.72353444, -28.09855333], [-50.72203639, -28.10046056], [-50.71377167, -28.10880472], [-50.71140889, -28.10664833], [-50.70895222, -28.10399972], [-50.70405611, -28.107815], [-50.70652194, -28.110565], [-50.70583806, -28.11149806], [-50.70340694, -28.11154222], [-50.70021417, -28.11029833], [-50.699155, -28.11020611], [-50.69881861, -28.11030639], [-50.69850667, -28.11068778], [-50.69727306, -28.113185], [-50.69653778, -28.11338139], [-50.69562889, -28.11287722], [-50.69530278, -28.11241667], [-50.69366917, -28.11178806], [-50.69264, -28.11163639], [-50.68854, -28.11677611], [-50.68879667, -28.11718861], [-50.69112056, -28.11860556], [-50.69398, -28.12237083], [-50.69717611, -28.12130333], [-50.69801806, -28.11996694], [-50.69858333, -28.11997944], [-50.69868278, -28.12067139], [-50.69889806, -28.12092472], [-50.69930417, -28.12101556], [-50.70103528, -28.12074083], [-50.70440833, -28.11853167], [-50.70478972, -28.1185325], [-50.70746833, -28.11937167], [-50.70777056, -28.11991917], [-50.70748278, -28.12046556], [-50.705965, -28.12219611], [-50.70587861, -28.12262222], [-50.70634583, -28.12431722], [-50.70626639, -28.12477583], [-50.70488389, -28.12572917], [-50.70497861, -28.12641528], [-50.70556611, -28.12632556], [-50.70580917, -28.126485], [-50.7060125, -28.12724417], [-50.70575472, -28.12874556], [-50.70581889, -28.12912444], [-50.70593111, -28.12939806], [-50.70658333, -28.12972528], [-50.70844222, -28.13025556], [-50.70896639, -28.13020556], [-50.70926583, -28.13003444], [-50.70996333, -28.12878972], [-50.710625, -28.12811917], [-50.71127194, -28.12793944], [-50.71355389, -28.12924306], [-50.71479028, -28.12962806], [-50.71551306, -28.1296], [-50.71579583, -28.12946833], [-50.71629639, -28.12853528], [-50.71655417, -28.12838333], [-50.71779778, -28.12833778], [-50.71807528, -28.12816556], [-50.71844333, -28.12729139], [-50.71899333, -28.12668028], [-50.71922778, -28.12662028], [-50.71981583, -28.12675806], [-50.72010083, -28.12705694], [-50.72017694, -28.1281025], [-50.71987611, -28.129355], [-50.72001722, -28.13038167], [-50.72092333, -28.13203222], [-50.72125861, -28.13225028], [-50.72171056, -28.13213667], [-50.72233278, -28.13122333], [-50.72359972, -28.13055139], [-50.72465889, -28.13039361], [-50.72514333, -28.13060556], [-50.72603833, -28.13060722], [-50.72684417, -28.13055222], [-50.72721556, -28.13036056], [-50.72740833, -28.12999861], [-50.72730722, -28.1294775], [-50.72692528, -28.12879722], [-50.7268375, -28.12815167], [-50.72695306, -28.12787722], [-50.72602083, -28.12681361], [-50.72552944, -28.12664333], [-50.72524583, -28.12685083], [-50.7245575, -28.12579972], [-50.72335528, -28.12574694], [-50.72398889, -28.12505111], [-50.72338722, -28.12426806], [-50.72405722, -28.12400389], [-50.72370972, -28.1231], [-50.72476056, -28.12245083], [-50.7243375, -28.12117778], [-50.72434972, -28.11969917], [-50.72452083, -28.11885167], [-50.72530583, -28.11784083], [-50.72720361, -28.11698917], [-50.72755028, -28.11599639], [-50.72723194, -28.1158], [-50.72716611, -28.11553167], [-50.72905083, -28.11320556], [-50.73019417, -28.11204111], [-50.73108889, -28.10991389], [-50.73222139, -28.10970222], [-50.73198944, -28.10925167], [-50.73325333, -28.10799722], [-50.73313194, -28.10737361], [-50.7342775, -28.10677], [-50.73547361, -28.1066675], [-50.73639028, -28.10633], [-50.73694917, -28.10679222], [-50.73763944, -28.1070375], [-50.73860861, -28.10824611], [-50.73910972, -28.10817056], [-50.73987611, -28.10727], [-50.740765, -28.10714222], [-50.74064, -28.10665], [-50.74094583, -28.10579972], [-50.74191361, -28.10489083], [-50.74220583, -28.10431861], [-50.74270056, -28.10411667], [-50.74240111000001, -28.10381806], [-50.74236417, -28.10346611], [-50.74167694, -28.10215778], [-50.74361333, -28.10070806], [-50.74505778, -28.09801361], [-50.73830361, -28.0925825], [-50.73390361, -28.08786472], [-50.73484528, -28.087675], [-50.73612722, -28.08670417], [-50.73931306, -28.0832725], [-50.74127556, -28.08186778], [-50.74204944, -28.08167], [-50.74591917, -28.07726639], [-50.74721444, -28.07492278], [-50.74838139, -28.0733825], [-50.74791028, -28.070985], [-50.74823278, -28.0703], [-50.75019167, -28.06781889], [-50.75032694, -28.06695139]]]}}, {"type": "Feature", "properties": {"cod_imovel": "SC-4203253-4FB7AC66FCDB4EEDA4BA9C4D3EBB9382", "municipio": "Capao Alto", "num_area": 3368.5558, "mod_fiscal": 168.3688, "des_condic": "Aguardando analise", "ind_status": "AT", "dat_atuali": "30/04/2024"}, "geometry": {"type": "Polygon", "coordinates": [[[-50.795227231145184, -28.01495029375514], [-50.79463452385986, -28.01510386563621], [-50.7927988290585, -28.01513378928649], [-50.79165892954677, -28.016098613167685], [-50.79056492708238, -28.01767319717165], [-50.789749330320205, -28.020180260439027], [-50.78964001015613, -28.02126191713254], [-50.78926203276482, -28.021766231309364], [-50.7867400083811, -28.021626390680055], [-50.785727358994485, -28.021198639830434], [-50.784659186440834, -28.021481237849585], [-50.78372309315456, -28.02092721092109], [-50.78314794958837, -28.020769140472023], [-50.78269565609811, -28.020932721714885], [-50.78217248536813, -28.02052702206369], [-50.780932183436235, -28.02081347072922], [-50.78022614525385, -28.02124628255732], [-50.77948767514018, -28.0213176785871], [-50.778901579176534, -28.021642981073676], [-50.77829556516781, -28.024042164568566], [-50.778573507874235, -28.024528999727515], [-50.77889170789517, -28.025777255355624], [-50.77899131167974, -28.027017395229507], [-50.77870875286983, -28.02763954810824], [-50.77642718330578, -28.028148420512938], [-50.773070315196996, -28.028058061789288], [-50.768575352854036, -28.028217387885615], [-50.76734576589373, -28.02852557699862], [-50.76678534812705, -28.029268559971428], [-50.7665175343081, -28.031555421012456], [-50.76483211304664, -28.03238539726038], [-50.76474267041606, -28.03393675093248], [-50.76261571906154, -28.03529349274682], [-50.76123609873232, -28.035036263954108], [-50.759086961176436, -28.033489040184723], [-50.75789635009866, -28.032935655681577], [-50.75544577271838, -28.03259757971615], [-50.75451434512697, -28.03292577284656], [-50.75414328869593, -28.033338916548004], [-50.75306617749836, -28.033839078096666], [-50.75131212169983, -28.03587543049787], [-50.74712057872872, -28.041830874740366], [-50.74484871275454, -28.042436731218864], [-50.745660412494956, -28.048762142611174], [-50.745145131348785, -28.055369985150243], [-50.75427656975735, -28.051066490623267], [-50.759576222874905, -28.062583085593864], [-50.758901992479124, -28.06310304181777], [-50.75727971297946, -28.063938265777896], [-50.75325868127471, -28.066818256218287], [-50.75032694, -28.06695139], [-50.75019167, -28.06781889], [-50.74823278, -28.0703], [-50.74791028, -28.070985], [-50.74838139, -28.0733825], [-50.74721444, -28.07492278], [-50.74665722, -28.07595583], [-50.748086501263195, -28.076462592061304], [-50.75013139459032, -28.077482696621466], [-50.753541971702674, -28.079720283878956], [-50.75511036009759, -28.081492321611613], [-50.75561614240323, -28.08125589957929], [-50.75619495622947, -28.08135514440445], [-50.758956036524395, -28.082387220572386], [-50.759631314797865, -28.0845591621397], [-50.760372979971635, -28.084441120420124], [-50.7607822155543, -28.08418456085114], [-50.76456659072566, -28.085157371046378], [-50.7654820960806, -28.085558570310827], [-50.76478526405077, -28.086914969465802], [-50.76391955541546, -28.08761606508461], [-50.763780959930884, -28.088481438903134], [-50.762999445723544, -28.089074528290656], [-50.76430904378249, -28.09057727468848], [-50.764438122248336, -28.091366467969177], [-50.76480159329598, -28.090958433107893], [-50.76569535125281, -28.090709730057064], [-50.7664306888624, -28.09132130844819], [-50.76674234832038, -28.09133348364467], [-50.767061303908456, -28.0909836823715], [-50.76733787422021, -28.08999062494581], [-50.76782281472121, -28.089512195625865], [-50.76776427647563, -28.089138011938644], [-50.76919134214184, -28.08767350955901], [-50.76955249915706, -28.087429210222304], [-50.77066615057124, -28.087433964676467], [-50.77083603479639, -28.087673558033213], [-50.77086824806527, -28.088226163157216], [-50.771095732169506, -28.088184566628996], [-50.77353678874257, -28.086019936133464], [-50.77491471119781, -28.085025877128473], [-50.775351832768266, -28.08499996333727], [-50.7763911862359, -28.08449884876689], [-50.77732212044176, -28.08296592770766], [-50.77750468977801, -28.081203040600055], [-50.77857162594724, -28.077850636412276], [-50.79443438071667, -28.068762655715485], [-50.79495117105599, -28.0688161473034], [-50.79611584156513, -28.066978053208324], [-50.79695971815836, -28.06664773563145], [-50.79846481325976, -28.066461646418222], [-50.79894244394623, -28.066116244695532], [-50.79910533547259, -28.065206904485443], [-50.80107088132081, -28.062710952059945], [-50.80069063796897, -28.062462423841183], [-50.798496093181086, -28.06251356424329], [-50.79850594551603, -28.061377778308678], [-50.79954759137007, -28.060173722216344], [-50.80158307284449, -28.060045874763155], [-50.80860590477002, -28.05865753169674], [-50.809514852697134, -28.057665262772463], [-50.809900024929725, -28.0577170710129], [-50.810036766605336, -28.05871467482971], [-50.81031009428517, -28.059295681699652], [-50.81416365244012, -28.060567195494087], [-50.81592961873149, -28.061417859462118], [-50.81722452530189, -28.061077458788347], [-50.817950444155635, -28.060388384629956], [-50.81868436573044, -28.060382585361005], [-50.8194731868132, -28.060712575662553], [-50.82016859053715, -28.062573179953677], [-50.82054434878503, -28.062731015530296], [-50.82222928634982, -28.062472953580947], [-50.8222340565149, -28.061243727038757], [-50.82362163423042, -28.05972705221279], [-50.82490251965909, -28.05796423575885], [-50.82423058819757, -28.056342543778523], [-50.8239090716403, -28.055068213332632], [-50.824245310347315, -28.053797343201552], [-50.82463954956691, -28.053587693902983], [-50.826939122060594, -28.050674462490946], [-50.82853549833324, -28.049348833193235], [-50.828553760613694, -28.049125703356353], [-50.82758084431762, -28.047763091715193], [-50.82743311978653, -28.047050929955372], [-50.82819984549902, -28.04420904065461], [-50.827997975870986, -28.043443280004357], [-50.82756051558464, -28.043156478446146], [-50.82609919847402, -28.042735592719428], [-50.82388912925244, -28.042388027541534], [-50.822020854946466, -28.04159682125241], [-50.82131880885897, -28.042031563384707], [-50.82099374694983, -28.042514547649837], [-50.8204461563834, -28.044594606115947], [-50.82001656783019, -28.045150481325145], [-50.819711284599435, -28.045905748925264], [-50.81871718495715, -28.047005308866648], [-50.817683831110784, -28.047717993364166], [-50.81649275603426, -28.048006992986927], [-50.81585017370308, -28.04790232003098], [-50.81539763996024, -28.048109067509394], [-50.81447429919209, -28.047368585277415], [-50.814003846700864, -28.047344749067822], [-50.81310360131302, -28.047674013092138], [-50.812315973202786, -28.04842246806965], [-50.81177759359054, -28.048488622904088], [-50.81113405410152, -28.04835043564841], [-50.8093449821783, -28.0471851692886], [-50.808891707466195, -28.047057526532342], [-50.806322870762024, -28.047145554337703], [-50.80483576287756, -28.046598747639607], [-50.80445553611197, -28.046142423150563], [-50.80420370540503, -28.04530054807368], [-50.80417076741129, -28.04444219408655], [-50.80440130680456, -28.043216176037152], [-50.805310909907654, -28.041695751072314], [-50.80573101079009, -28.041641370111652], [-50.8069817380531, -28.04091319268928], [-50.8080533535895, -28.03945463229287], [-50.809472738206516, -28.037392624865216], [-50.810845320631806, -28.034893619901528], [-50.81084949327403, -28.034252873251486], [-50.809640553179044, -28.033031896194682], [-50.80864912057507, -28.032518404435457], [-50.80738261616249, -28.032512121113427], [-50.80587057539615, -28.03281538406308], [-50.80361111458679, -28.03297944746892], [-50.80263959390098, -28.032776387159497], [-50.801604079942784, -28.03213215740103], [-50.80107447434956, -28.030897730996777], [-50.80140229510766, -28.027555422437242], [-50.801104017729116, -28.026559377661666], [-50.80007832165827, -28.025814045278736], [-50.80055623896744, -28.021569501622757], [-50.799483502110675, -28.01801996431343], [-50.79725149829668, -28.016664950498857], [-50.79617952858122, -28.015005962921943], [-50.795227231145184, -28.01495029375514]]]}}, {"type": "Feature", "properties": {"cod_imovel": "SC-4203253-88AA47B713BE4D3794361B46C16E8232", "municipio": "Capao Alto", "num_area": 1261.2791, "mod_fiscal": 63.0614, "des_condic": "Aguardando analise", "ind_status": "AT", "dat_atuali": "22/06/2016"}, "geometry": {"type": "Polygon", "coordinates": [[[-50.70427455, -28.06031541], [-50.70444181, -28.06122345], [-50.70337453, -28.06384985], [-50.70117583, -28.06427875], [-50.7005668, -28.06940267], [-50.70513755, -28.06920702], [-50.70602089, -28.06903063], [-50.72727169, -28.06808936], [-50.73064166, -28.0680562], [-50.73239544, -28.06785833], [-50.75344824, -28.066884], [-50.75746927, -28.064004], [-50.75909155, -28.06316878], [-50.75976578, -28.06264882], [-50.7544661, -28.05113223], [-50.74533467, -28.05543574], [-50.74584994, -28.0488279], [-50.74503823, -28.04250249], [-50.7444368, -28.04229122], [-50.74374839, -28.04147722], [-50.74298364, -28.04102289], [-50.73800208, -28.04189011], [-50.73757469, -28.04283625], [-50.73535966, -28.04313965], [-50.73284705, -28.0421037], [-50.7273819, -28.04291877], [-50.72023257, -28.0420005], [-50.71960382, -28.04206493], [-50.71558337, -28.04504349], [-50.71383239, -28.04588868], [-50.71247524, -28.04544126], [-50.71184494, -28.04615642], [-50.71002627, -28.04764], [-50.70959436, -28.04763205], [-50.70740604, -28.05382618], [-50.70427455, -28.06031541]]]}}, {"type": "Feature", "properties": {"cod_imovel": "SC-4203253-A3A3E7AC561741F1A2DDB7B5228AF76E", "municipio": "Capao Alto", "num_area": 11.1828, "mod_fiscal": 0.5591, "des_condic": "Aguardando analise", "ind_status": "AT", "dat_atuali": "19/03/2025"}, "geometry": {"type": "Polygon", "coordinates": [[[-50.787702976907, -28.117241875932], [-50.786855544047, -28.119104207581], [-50.785597491354, -28.121914730637], [-50.786883982429, -28.121662984492], [-50.788339811515, -28.121713534632], [-50.78970921122, -28.118677749986], [-50.789527733845, -28.118593248633], [-50.789604120183, -28.118164036614], [-50.787702976907, -28.117241875932]]]}}, {"type": "Feature", "properties": {"cod_imovel": "SC-4203253-CAC1047EB21F439E85BE8D1146FB584D", "municipio": "Capao Alto", "num_area": 8581.9575, "mod_fiscal": 429.0979, "des_condic": "Aguardando analise", "ind_status": "AT", "dat_atuali": "06/12/2017"}, "geometry": {"type": "Polygon", "coordinates": [[[-50.84240213539132, -28.045427769657362], [-50.84207218545879, -28.045408013755356], [-50.84130467623467, -28.044928654043336], [-50.83952614662669, -28.044965101402376], [-50.839072659084756, -28.04511696563004], [-50.83910276750558, -28.046366028377022], [-50.83864058761475, -28.04801323194659], [-50.837509777058216, -28.049619426945917], [-50.83723210161862, -28.05046070144457], [-50.83799988807283, -28.051255211187524], [-50.83812034445466, -28.05211947742982], [-50.83888254800585, -28.053180564313063], [-50.8390602829195, -28.053795595949307], [-50.8390184728692, -28.054832859595564], [-50.83875436556052, -28.05492082677493], [-50.83850292191049, -28.05474094046316], [-50.83820688859809, -28.053985667530704], [-50.83666425102995, -28.052517157658947], [-50.83658417378913, -28.05205475288196], [-50.83559319176922, -28.051513646437893], [-50.835234585404116, -28.051524878019052], [-50.833643588596786, -28.052608575633997], [-50.83243057342612, -28.052750495349642], [-50.83160976014942, -28.052547322540715], [-50.83074776463165, -28.052110857235736], [-50.82956196208591, -28.050961245460975], [-50.828273658269445, -28.051771802182955], [-50.82641887274899, -28.053779176241353], [-50.825558254721265, -28.05541393213703], [-50.82564019778637, -28.055979392647217], [-50.826369063433965, -28.057318721328343], [-50.82624581974448, -28.058447382265904], [-50.825221978168294, -28.05970362098084], [-50.82330168070631, -28.061498361057847], [-50.82299943576717, -28.062223736334598], [-50.82252014381666, -28.062064670543602], [-50.82222929448079, -28.062472959736876], [-50.820544316249084, -28.06273099816246], [-50.82016858548674, -28.06257315720545], [-50.81947318993118, -28.060712536676146], [-50.81868439618668, -28.06038262855818], [-50.81795044920142, -28.060388409739218], [-50.81722448157153, -28.061077442307592], [-50.815929641185804, -28.061417820501703], [-50.81416368800757, -28.060567224255667], [-50.81031013807607, -28.059295662629516], [-50.81003680421422, -28.058714699081648], [-50.80989999236684, -28.057717070794347], [-50.80951483531549, -28.05766530951628], [-50.80860594643939, -28.058657561371046], [-50.801583051514534, -28.06004585289353], [-50.79954760960044, -28.060173769010763], [-50.798505988330916, -28.061377738478296], [-50.79849611043583, -28.062513588468363], [-50.80069059629919, -28.062462394720068], [-50.80107092917199, -28.06271094022029], [-50.79910535074293, -28.065206901625892], [-50.79894242563674, -28.066116239981362], [-50.79846477562442, -28.066461636259305], [-50.7969597730829, -28.066647751787816], [-50.79611582318064, -28.066978088213222], [-50.794951189438315, -28.068816113756455], [-50.79443433797007, -28.068762657283056], [-50.7785715872217, -28.077850660548965], [-50.77750473048171, -28.081203045005342], [-50.77732213057386, -28.08296595011764], [-50.77639124221413, -28.084498850489148], [-50.775351802216086, -28.084999971237284], [-50.77491474270827, -28.085025897768183], [-50.77353683343413, -28.0860199811685], [-50.77109578505569, -28.08818458730513], [-50.77086824201963, -28.08822613408575], [-50.770836034819716, -28.08767354702619], [-50.77066617187597, -28.087433997938007], [-50.769552517558175, -28.08742917306744], [-50.76919137774086, -28.08767352208239], [-50.76776429485046, -28.089137987421918], [-50.767822783063856, -28.089512243241572], [-50.76733790979448, -28.08999064920482], [-50.76706128354672, -28.090983683967746], [-50.7667423167713, -28.09133348070828], [-50.76643068688162, -28.091321282994215], [-50.765695315526465, -28.09070977585984], [-50.76480161868106, -28.090958461863625], [-50.76443815387094, -28.091366437156587], [-50.76430904076264, -28.090577259162565], [-50.762999479298415, -28.089074535395817], [-50.76378101588327, -28.088481453268354], [-50.76391954019305, -28.087616044121503], [-50.764785286467855, -28.086914958497193], [-50.76548207165039, -28.08555857099737], [-50.76456662643554, -28.08515733211652], [-50.760782229756444, -28.084184582366653], [-50.7603730278809, -28.084441088734398], [-50.759631281108724, -28.084559207042005], [-50.75895601102463, -28.08238724472657], [-50.756194942057846, -28.081355109901832], [-50.75561617488582, -28.081255938279583], [-50.75511040275416, -28.08149236213559], [-50.75354199307274, -28.07972028554853], [-50.75013139856361, -28.07748273888214], [-50.748086461543124, -28.076462603549583], [-50.74665730257717, -28.07595581405846], [-50.74591914842386, -28.077266428979378], [-50.74204945557346, -28.08167006996865], [-50.7412756719758, -28.0818677646942], [-50.739313137963045, -28.08327242222361], [-50.73612712577206, -28.086704186343567], [-50.73484528235025, -28.08767493646242], [-50.733903580735486, -28.087864786517343], [-50.73830348090708, -28.09258244197215], [-50.748843146926916, -28.101016603891637], [-50.750452479571, -28.102896356868957], [-50.751767626901874, -28.104102767903157], [-50.7519965480008, -28.104877724524403], [-50.75349378775896, -28.10569329872197], [-50.7554858263257, -28.107278132664675], [-50.758502921760126, -28.108367656810007], [-50.76462542584249, -28.10975018601903], [-50.766970238542534, -28.11322992509467], [-50.7680341683424, -28.114064155377], [-50.7686119312078, -28.11531814877521], [-50.76913364772407, -28.115944218284625], [-50.76919516653204, -28.116691600823778], [-50.76947126958474, -28.11695500492516], [-50.76977947870982, -28.116824127828494], [-50.770232513707555, -28.118104615766885], [-50.77204347282338, -28.11980423146185], [-50.77223102991833, -28.120669363655786], [-50.77357974195655, -28.121570617985675], [-50.77423311187472, -28.121170522097994], [-50.77613069194754, -28.120978154386055], [-50.77739933663633, -28.119829086680188], [-50.77776882636161, -28.11675182993684], [-50.77713585416603, -28.11568999487133], [-50.77573949569066, -28.115015421855972], [-50.77566652142389, -28.114624079378252], [-50.77599962253661, -28.113613911774166], [-50.77653613238235, -28.113021567827772], [-50.77824700302859, -28.112465260793627], [-50.77868897797938, -28.112170289890315], [-50.78029424558018, -28.113447871156243], [-50.78082301896836, -28.11347243150956], [-50.780880051692804, -28.11378931286779], [-50.7819178897687, -28.11384275578464], [-50.78257607095433, -28.11360721925993], [-50.78330262211902, -28.114299768374035], [-50.785446222411814, -28.11505014864752], [-50.787445061889464, -28.117055757939614], [-50.78859153609744, -28.11776631629794], [-50.78960410698621, -28.118164017513973], [-50.78952769619972, -28.11859323581396], [-50.790437143347894, -28.119159913449653], [-50.79059522910097, -28.119408229796562], [-50.79072382015772, -28.120241556714603], [-50.79101201058189, -28.120743008753287], [-50.792118219710225, -28.121412345908137], [-50.793203564999764, -28.122797090269042], [-50.79476033508594, -28.123607319123057], [-50.79482459661969, -28.123900622813338], [-50.795718290918245, -28.124162299859], [-50.796357581586435, -28.12410411165786], [-50.798559834283786, -28.12597116189905], [-50.79947039845159, -28.12640971629792], [-50.80169712134727, -28.126506915654666], [-50.802677585356605, -28.126743229976054], [-50.80323375318824, -28.127049399027218], [-50.803527176595516, -28.12796731445828], [-50.80427465987396, -28.12868209866122], [-50.80527194469123, -28.12879056765762], [-50.80641209648932, -28.128698223003674], [-50.80837342606655, -28.12898285798602], [-50.809486899589125, -28.128984409937583], [-50.81144561163949, -28.1299170826426], [-50.813227519580856, -28.129955648481484], [-50.813908575064865, -28.130502205110073], [-50.81634942110949, -28.130497472698945], [-50.81693684351064, -28.13031417057102], [-50.81804618605816, -28.129493791346896], [-50.81811525504972, -28.128472519622463], [-50.816993409936934, -28.127349443283276], [-50.81652191581984, -28.12643999846014], [-50.81663343000048, -28.126252945349375], [-50.8173362326166, -28.12611229069239], [-50.81812300431623, -28.127138686820974], [-50.81893261224074, -28.127498644613393], [-50.820287010128894, -28.130120419845525], [-50.82078842901529, -28.130252900850138], [-50.82128078566503, -28.130097940776654], [-50.821303922837664, -28.12897465183096], [-50.821079375380265, -28.12841477871685], [-50.82161008753459, -28.127943635332763], [-50.821796767754094, -28.126796710838466], [-50.822002896937285, -28.126666512562306], [-50.822905841258425, -28.124366937417452], [-50.82304109625695, -28.12352212848424], [-50.822595841128745, -28.123066921575436], [-50.82254251999546, -28.12278999827879], [-50.823307764681196, -28.12255943034557], [-50.82370710580507, -28.122215746012774], [-50.824340703264646, -28.12084432596578], [-50.824137283066804, -28.12041991085684], [-50.82355514943965, -28.119945649238243], [-50.822469044425496, -28.11944490245099], [-50.82156306776263, -28.118195407091868], [-50.8215599323806, -28.11791029864765], [-50.82182455629506, -28.117779810023304], [-50.822316968920696, -28.117917306408987], [-50.823069857344294, -28.1184132142554], [-50.82541153956261, -28.119011403482546], [-50.8257098786416, -28.11893813618732], [-50.82827552133402, -28.116965409060974], [-50.82806343507202, -28.115295865032742], [-50.82762199825739, -28.114813278699305], [-50.82769014257653, -28.11408506498886], [-50.82793405018179, -28.113579425257146], [-50.82820760289583, -28.113415181148014], [-50.829533821804034, -28.114660218798168], [-50.82987766650104, -28.115500797510855], [-50.830348368825675, -28.115743312074713], [-50.833047810814904, -28.115957935703566], [-50.834139204356376, -28.11586907193441], [-50.835725678153224, -28.116559222215212], [-50.83629892586443, -28.11664687506565], [-50.8392488926587, -28.11882610743459], [-50.84124221827717, -28.121628184782296], [-50.84315740296971, -28.123367179304353], [-50.84418956306003, -28.124619386239395], [-50.84477851170839, -28.124948207977894], [-50.84658474678455, -28.124250327273867], [-50.84730958759796, -28.12414321366182], [-50.84738890432296, -28.124519374339375], [-50.846089890509155, -28.12627625966365], [-50.84751762826813, -28.127715454364772], [-50.84805517131674, -28.12786168108666], [-50.849699202503466, -28.129618528948825], [-50.850131214690556, -28.129845632934604], [-50.85069463939597, -28.12977069986834], [-50.850997427663394, -28.129892758988365], [-50.85090903978713, -28.130433514013372], [-50.851206819768755, -28.131046881137408], [-50.85419001391151, -28.133349635849488], [-50.85491322953263, -28.13320157516501], [-50.855703239841155, -28.132502052739984], [-50.85718104522455, -28.132275571179278], [-50.85731502031947, -28.132588680525984], [-50.857147809666245, -28.132989773020086], [-50.856616120707486, -28.133544937391637], [-50.85662880581126, -28.13413638676589], [-50.855643986582486, -28.134456377748386], [-50.85899593847499, -28.137575147360653], [-50.86252671088912, -28.139175248405213], [-50.864460026055994, -28.139388535425176], [-50.86567797723153, -28.13918303106631], [-50.86660600310492, -28.13873927057641], [-50.866141775741795, -28.137391337008932], [-50.86623227140212, -28.137097287130914], [-50.86655907089155, -28.13705750187905], [-50.86801179657932, -28.137720287395695], [-50.86865008717858, -28.13758281389116], [-50.87085151308435, -28.136072668198633], [-50.87091825396326, -28.135416873890925], [-50.87175031985278, -28.135297722625893], [-50.87237309806687, -28.134425768078675], [-50.87326425882796, -28.13186543321451], [-50.87352257709576, -28.1303107155079], [-50.87288274141001, -28.1280202893782], [-50.87173531181502, -28.1259307842516], [-50.871126450685374, -28.12575376467374], [-50.86977077900635, -28.12593565198313], [-50.869477753743006, -28.125796619282763], [-50.869766191072294, -28.12480903421048], [-50.8707642618449, -28.124192847664723], [-50.87077095615447, -28.123553959430318], [-50.868356602749564, -28.119098156719673], [-50.86788237129352, -28.118705568491826], [-50.86674805171431, -28.118923593547084], [-50.86550848700091, -28.118629442216186], [-50.86432859867798, -28.118923734126536], [-50.86362752872476, -28.118377735184946], [-50.86265139193177, -28.118460807965874], [-50.86225381043315, -28.11819188911798], [-50.86206198775017, -28.117811603657113], [-50.85951153698654, -28.116328188820628], [-50.85923503491913, -28.115979481531095], [-50.85923225877241, -28.11572737802324], [-50.8595838563289, -28.115589701943293], [-50.86054731566405, -28.115848361841632], [-50.86120971469552, -28.116275650620825], [-50.862721873505485, -28.116292345584547], [-50.86481954939867, -28.11689664472813], [-50.86656953775801, -28.116834977447255], [-50.86703350200978, -28.116366914630632], [-50.86681609579585, -28.113662682933107], [-50.86696077412158, -28.1118698103552], [-50.86737306501494, -28.109967011838368], [-50.86731675736938, -28.108265029048255], [-50.867483832871294, -28.10772520589855], [-50.865705405487, -28.10694885427269], [-50.86431076003796, -28.106674972054126], [-50.86322598583627, -28.106813726850547], [-50.86174640208224, -28.105990580231854], [-50.861541584943936, -28.105740265782647], [-50.86155813482769, -28.105403718062846], [-50.86241011000005, -28.10535956780754], [-50.86313279471137, -28.105543531044283], [-50.86487571051068, -28.105208860789276], [-50.86712843380643, -28.10565686982225], [-50.86781725683409, -28.10551612514427], [-50.869087374836994, -28.10392570837573], [-50.87111538795439, -28.10045130761891], [-50.870886069019306, -28.10013327209829], [-50.870108048835604, -28.09970539619244], [-50.86929919117992, -28.099471988247462], [-50.86817104347124, -28.09851126721176], [-50.86790682251012, -28.097990393553825], [-50.86829815365073, -28.09783396811074], [-50.87089385342498, -28.098640761370312], [-50.87220900052378, -28.098868293629266], [-50.87282490066117, -28.098181136649536], [-50.873577334402015, -28.09684232839435], [-50.87447610607383, -28.09473296127654], [-50.872701475467885, -28.093219326238597], [-50.87190814437842, -28.09211655631418], [-50.87207511494229, -28.091828848471007], [-50.87309775887177, -28.092074627468165], [-50.87479972342864, -28.09282627709298], [-50.87545534176212, -28.092857933557113], [-50.87661154606872, -28.091733866749692], [-50.87910263074376, -28.090105629999385], [-50.88226379057894, -28.088742840812735], [-50.88547306988569, -28.087865010576607], [-50.889999493958484, -28.087444591072394], [-50.89307861416703, -28.087492602173597], [-50.898085409513975, -28.08801728189587], [-50.90010515280173, -28.087502229510513], [-50.901260584509004, -28.08680846526551], [-50.90173100800574, -28.08545525180722], [-50.90159262298245, -28.084566881899892], [-50.9009316416013, -28.082967727962895], [-50.898148417699794, -28.07802182697514], [-50.89685301492303, -28.076745789158927], [-50.89509503731978, -28.076475915063508], [-50.89490998453902, -28.07658374770185], [-50.89337419849649, -28.079230472595082], [-50.89276572493907, -28.07960139945396], [-50.89252503045523, -28.07953390810529], [-50.89252582538263, -28.078010445762146], [-50.8927828892622, -28.076694739321628], [-50.892102439606646, -28.0759946603905], [-50.88775007339971, -28.074757879042537], [-50.88671722095102, -28.074780172600136], [-50.88631315319269, -28.07425278605325], [-50.88450484006323, -28.073246805588145], [-50.88365114505699, -28.07302498525111], [-50.8827845955952, -28.072040646112814], [-50.88190382054152, -28.07147633167787], [-50.881557757877125, -28.0705809701412], [-50.88026767411068, -28.068982667586074], [-50.879728613016376, -28.06908156773505], [-50.877544321066445, -28.070844914387422], [-50.87696152312104, -28.070975505105878], [-50.87683469589915, -28.070669481472393], [-50.87735385495262, -28.069390988808234], [-50.87907903302439, -28.06709022486645], [-50.878619782231546, -28.066573598345535], [-50.877900719202856, -28.066551831647285], [-50.872980071065314, -28.068555419119413], [-50.87248659663064, -28.068937971063832], [-50.87091809389613, -28.06923606808686], [-50.869984803276004, -28.069088976593584], [-50.869924122433964, -28.068890324456046], [-50.87009491772442, -28.06867999729289], [-50.87162710178478, -28.06815428384184], [-50.87206076981963, -28.06748292178507], [-50.87405021207324, -28.06604490443739], [-50.87617598816718, -28.065017910768002], [-50.877004490197734, -28.06432546125951], [-50.876984182544696, -28.063762565442744], [-50.87660987982732, -28.062741904698044], [-50.87603003008017, -28.061722960296596], [-50.87521048117985, -28.060823915288243], [-50.875183955222155, -28.06027454777989], [-50.87424672684012, -28.058357519787968], [-50.87360061415902, -28.057866505368395], [-50.871862971627905, -28.057796823372914], [-50.8715728612223, -28.057575860554532], [-50.8719114787306, -28.057092854621956], [-50.873488725217214, -28.05613013126431], [-50.87343904623188, -28.05436132684942], [-50.87312620308604, -28.052001966841257], [-50.87294648011419, -28.051581694768856], [-50.87122217765907, -28.050864325158372], [-50.87137623126864, -28.050534741354454], [-50.87299436933708, -28.049942764511993], [-50.87304199546511, -28.04959217688866], [-50.87297645721407, -28.04809360664191], [-50.87279348907201, -28.047476374300906], [-50.87283563695331, -28.0460492851022], [-50.87243721131782, -28.043105075725197], [-50.872239646809476, -28.042575772837946], [-50.86843275691301, -28.042700692743637], [-50.86722686685504, -28.043469294040538], [-50.866390947448444, -28.04287664043037], [-50.86522954331903, -28.04289483675012], [-50.86405373575118, -28.043078832832034], [-50.863751813878196, -28.043281936961048], [-50.86340794563482, -28.043220148019916], [-50.862309786760335, -28.043649321698357], [-50.86179370746469, -28.04402535153806], [-50.86149984594234, -28.04403331275011], [-50.858917515154104, -28.045569564462035], [-50.85718173371957, -28.04629170680304], [-50.8555641677289, -28.046499870214024], [-50.85509736761702, -28.04802139659233], [-50.85535639509087, -28.048647402069985], [-50.8554123223278, -28.04981402560927], [-50.85513714319163, -28.05004714603031], [-50.85473952466257, -28.050039953835444], [-50.8542504473807, -28.049470694903757], [-50.854183934912044, -28.04902637060849], [-50.8535392537619, -28.048314265910236], [-50.853329489984375, -28.04676658543691], [-50.852937967738015, -28.04639403409877], [-50.85002826720297, -28.04584769024912], [-50.84914957564317, -28.045266080064156], [-50.848514229860776, -28.04449993206967], [-50.84772719072804, -28.04234776092672], [-50.847415590644445, -28.042052726836488], [-50.84594789919401, -28.043620685338613], [-50.84454589124367, -28.04444861262258], [-50.842882321427304, -28.04484321785783], [-50.84240213539132, -28.045427769657362]]]}}, {"type": "Feature", "properties": {"cod_imovel": "SC-4203253-096D08490F194342BE7616DA1798FE8C", "municipio": "Capao Alto", "num_area": 31.1489, "mod_fiscal": 1.5574, "des_condic": "Aguardando analise", "ind_status": "AT", "dat_atuali": "22/09/2024"}, "geometry": {"type": "Polygon", "coordinates": [[[-50.74604787813171, -28.21855233672675], [-50.74504333506241, -28.22181172759078], [-50.75407451195236, -28.22342206177521], [-50.75328473214984, -28.22299113695362], [-50.75333147400911, -28.2228745026914], [-50.75429991420126, -28.22285963603448], [-50.75469895953344, -28.22047723488715], [-50.74604787813171, -28.21855233672675]]]}}, {"type": "Feature", "properties": {"cod_imovel": "SC-4203253-2AA82703F4C14EC5A621A4664513F707", "municipio": "Capao Alto", "num_area": 22.0602, "mod_fiscal": 1.103, "des_condic": "Aguardando analise", "ind_status": "AT", "dat_atuali": "21/06/2021"}, "geometry": {"type": "Polygon", "coordinates": [[[-50.74202639342644, -28.23170433740636], [-50.75011433183835, -28.23295151683963], [-50.75073434946798, -28.2315078519332], [-50.75211654493899, -28.23110997670782], [-50.75226177127224, -28.23090116043134], [-50.75027610221282, -28.23071538171668], [-50.7427705947756, -28.22923742621997], [-50.74202639342644, -28.23170433740636]]]}}, {"type": "Feature", "properties": {"cod_imovel": "SC-4203253-732AF41D04DE4CD3AC6C551C694B6E7B", "municipio": "Capao Alto", "num_area": 12.5279, "mod_fiscal": 0.6264, "des_condic": "Aguardando analise", "ind_status": "AT", "dat_atuali": "17/08/2023"}, "geometry": {"type": "Polygon", "coordinates": [[[-50.758662966034, -28.203935469918], [-50.755364397078, -28.203337867684], [-50.753626111199, -28.206432248926], [-50.756542266249, -28.207074234168], [-50.757689817701, -28.20592775577], [-50.758662966034, -28.203935469918]]]}}, {"type": "Feature", "properties": {"cod_imovel": "SC-4203253-517F7E875AE641FE98BAEB44F103AC37", "municipio": "Capao Alto", "num_area": 11.6203, "mod_fiscal": 0.581, "des_condic": "Aguardando analise", "ind_status": "AT", "dat_atuali": "22/06/2016"}, "geometry": {"type": "Polygon", "coordinates": [[[-50.75058873341588, -28.19907426904284], [-50.74882977434754, -28.19906064877701], [-50.74710171914457, -28.20531834805162], [-50.74852511042995, -28.20573665112748], [-50.75058873341588, -28.19907426904284]]]}}, {"type": "Feature", "properties": {"cod_imovel": "SC-4203253-EECFA88604484F1F948B08E1ACE8C281", "municipio": "Capao Alto", "num_area": 61.7761, "mod_fiscal": 3.0888, "des_condic": "Aguardando analise", "ind_status": "AT", "dat_atuali": "06/10/2014"}, "geometry": {"type": "Polygon", "coordinates": [[[-50.821659564971924, -28.134915168148382], [-50.821917057037346, -28.134196121124766], [-50.82168102264404, -28.13289047077281], [-50.81957817077637, -28.13192541463554], [-50.81932067871094, -28.131565881695682], [-50.818891525268555, -28.131338807638482], [-50.81854820251465, -28.13135773049497], [-50.81743240356445, -28.131887569119726], [-50.81597328186035, -28.131755109709122], [-50.81346273422241, -28.13652354533793], [-50.81329107284546, -28.140383552082646], [-50.81655263900757, -28.140534922062184], [-50.81732511520386, -28.14019433930745], [-50.81777572631836, -28.13972130590731], [-50.818355083465576, -28.139834834113834], [-50.81893444061279, -28.139513170549534], [-50.8208441734314, -28.13729934217411], [-50.821616649627686, -28.135842353240317], [-50.821659564971924, -28.134915168148382]]]}}, {"type": "Feature", "properties": {"cod_imovel": "SC-4203253-45EC040807D046AD8B20035250497E7B", "municipio": "Capao Alto", "num_area": 45.0936, "mod_fiscal": 2.2547, "des_condic": "Aguardando analise", "ind_status": "AT", "dat_atuali": "06/11/2014"}, "geometry": {"type": "Polygon", "coordinates": [[[-50.754218101501465, -28.22337784884215], [-50.74911117553711, -28.22228126147279], [-50.74580669403076, -28.2212224767728], [-50.74477672576904, -28.225570989787435], [-50.74829578399658, -28.22689441510981], [-50.75026988983154, -28.22734815715722], [-50.750699043273926, -28.22727253361661], [-50.751986503601074, -28.22768846242692], [-50.75361728668213, -28.227839708865186], [-50.7542610168457, -28.22553317739426], [-50.754218101501465, -28.22337784884215]]]}}, {"type": "Feature", "properties": {"cod_imovel": "SC-4203253-8D560569761A4FB9942D2526B84F3A40", "municipio": "Capao Alto", "num_area": 13.1436, "mod_fiscal": 0.6572, "des_condic": "Aguardando analise", "ind_status": "AT", "dat_atuali": "02/03/2015"}, "geometry": {"type": "Polygon", "coordinates": [[[-50.78288823366165, -28.11735626883927], [-50.78151226043701, -28.11729712717736], [-50.77437222003937, -28.123234787256703], [-50.77527076005936, -28.1240083147767], [-50.783328115940094, -28.1175431562765], [-50.78288823366165, -28.11735626883927]]]}}, {"type": "Feature", "properties": {"cod_imovel": "SC-4203253-4208DDAAB54A4A2EBFA8F9E90A1178BC", "municipio": "Capao Alto", "num_area": 14.8209, "mod_fiscal": 0.741, "des_condic": "Aguardando analise", "ind_status": "AT", "dat_atuali": "02/03/2015"}, "geometry": {"type": "Polygon", "coordinates": [[[-50.78355073928833, -28.1175431562765], [-50.78252077102661, -28.117145724374232], [-50.78200846910477, -28.117387022490572], [-50.77413082122803, -28.12289888060159], [-50.77527076005936, -28.1240083147767], [-50.78355073928833, -28.1175431562765]]]}}, {"type": "Feature", "properties": {"cod_imovel": "SC-4203253-52957B09D8B34180BC36848AE3EBF9F7", "municipio": "Capao Alto", "num_area": 47.4273, "mod_fiscal": 2.3714, "des_condic": "Aguardando analise", "ind_status": "AT", "dat_atuali": "20/12/2022"}, "geometry": {"type": "Polygon", "coordinates": [[[-50.790736826762, -28.120331457587], [-50.790759623945, -28.119539211872], [-50.789683106848, -28.118724850873], [-50.788315002519, -28.121763019018], [-50.787808337327, -28.121732392008], [-50.78805766402, -28.122636787997], [-50.78792400261, -28.123542577286], [-50.788314748719, -28.124110751047], [-50.78845173727, -28.124869816572], [-50.787968858422, -28.125942022469], [-50.787494623225, -28.126416266956], [-50.791678283719, -28.128035406006], [-50.792033347659, -28.137501687221], [-50.796128165146, -28.137002876827], [-50.797146609807, -28.137149570553], [-50.797769736194, -28.136894532877], [-50.79345379229, -28.135138528736], [-50.792512605045, -28.127391396543], [-50.791014505111, -28.120716543058], [-50.790736826762, -28.120331457587]]]}}, {"type": "Feature", "properties": {"cod_imovel": "SC-4203253-1E670610C0D841018D930F813152C4E2", "municipio": "Capao Alto", "num_area": 53.8192, "mod_fiscal": 2.691, "des_condic": "Aguardando analise", "ind_status": "AT", "dat_atuali": "06/08/2015"}, "geometry": {"type": "Polygon", "coordinates": [[[-50.75413227081299, -28.220352752914025], [-50.75464725494385, -28.21797042954106], [-50.74645465128074, -28.21610606624537], [-50.74616606724651, -28.21542024201525], [-50.74466363649941, -28.21537693868839], [-50.74318290356951, -28.21510552125235], [-50.74054279039655, -28.21341653075692], [-50.73946195788241, -28.21736330912701], [-50.74529481979977, -28.22087133216249], [-50.74603359474197, -28.21855050927498], [-50.74926710465743, -28.21920129067646], [-50.75118295428291, -28.21988110338236], [-50.75413227081299, -28.220352752914025]]]}}, {"type": "Feature", "properties": {"cod_imovel": "SC-4203253-300D51D50233459EBC5C07237F076EB0", "municipio": "Capao Alto", "num_area": 27.1917, "mod_fiscal": 1.3596, "des_condic": "Aguardando analise", "ind_status": "AT", "dat_atuali": "12/02/2015"}, "geometry": {"type": "Polygon", "coordinates": [[[-50.80146789550781, -28.12719935247665], [-50.79946160316467, -28.1376020906351], [-50.802175998687744, -28.13788591654029], [-50.802648067474365, -28.133004006217565], [-50.80373167991638, -28.127592016229862], [-50.80146789550781, -28.12719935247665]]]}}, {"type": "Feature", "properties": {"cod_imovel": "SC-4203253-40630659C7A24416A7BD5B3087DFA53F", "municipio": "Capao Alto", "num_area": 47.7459, "mod_fiscal": 2.3873, "des_condic": "Aguardando analise", "ind_status": "AT", "dat_atuali": "13/11/2015"}, "geometry": {"type": "Polygon", "coordinates": [[[-50.7830046988253, -28.1216791969592], [-50.7818951928746, -28.1223185411945], [-50.7813551875448, -28.1222423950987], [-50.7804217894843, -28.1224455477825], [-50.7793275756212, -28.1230146647405], [-50.7762437730622, -28.1252384565871], [-50.7763678797043, -28.1257369546746], [-50.7767958263738, -28.1259923966586], [-50.7785089909847, -28.1279387984983], [-50.778803411741, -28.1287122636821], [-50.7804751623395, -28.1311824156025], [-50.7822742974361, -28.1281515506983], [-50.782684693437, -28.1284872875507], [-50.7855495874738, -28.1220413061264], [-50.7830046988253, -28.1216791969592]]]}}, {"type": "Feature", "properties": {"cod_imovel": "SC-4203253-43AFDCBCB4E54E9A98406A4CCFDF37C1", "municipio": "Capao Alto", "num_area": 7.0109, "mod_fiscal": 0.3505, "des_condic": "Aguardando analise", "ind_status": "AT", "dat_atuali": "09/12/2014"}, "geometry": {"type": "Polygon", "coordinates": [[[-50.80155372619629, -28.131717264133158], [-50.80382823944091, -28.133382456831306], [-50.804922580718994, -28.133155386623457], [-50.805115699768066, -28.132530941070797], [-50.80374240875244, -28.131546958875965], [-50.803141593933105, -28.13016558401131], [-50.801661014556885, -28.129995276288206], [-50.80155372619629, -28.131717264133158]]]}}, {"type": "Feature", "properties": {"cod_imovel": "SC-4203253-5051E1C6B4F948508AF87DDC35EEA480", "municipio": "Capao Alto", "num_area": 483.9745, "mod_fiscal": 24.1987, "des_condic": "Aguardando analise", "ind_status": "AT", "dat_atuali": "04/11/2015"}, "geometry": {"type": "Polygon", "coordinates": [[[-50.7416227194444, -28.2354908797633], [-50.7399375138889, -28.2368062408744], [-50.7325381444444, -28.2400573492077], [-50.7317385111111, -28.2398674908743], [-50.73132146111111, -28.2399959464299], [-50.7302175777778, -28.240910782541], [-50.7152642305556, -28.2457530825409], [-50.7173163083333, -28.2497876936519], [-50.7170316861111, -28.2506417714297], [-50.7217490555556, -28.2587301436518], [-50.7239290583333, -28.2580873019851], [-50.7264583972222, -28.2569464380962], [-50.72940406666671, -28.2558746436518], [-50.7313685888889, -28.2548132269852], [-50.7328948277778, -28.2537869880963], [-50.7346469972222, -28.2522981880963], [-50.73468583888889, -28.2520016214297], [-50.735577125, -28.2515583769852], [-50.73748985000001, -28.2500196158741], [-50.7407071722222, -28.2488407214297], [-50.7427055833333, -28.2484213408742], [-50.7445032972222, -28.2478449769853], [-50.7475656583333, -28.2474161269853], [-50.7485238444444, -28.2471093075409], [-50.7508381305556, -28.2457868575409], [-50.75160473611109, -28.2449677047631], [-50.7520049194444, -28.244416968652], [-50.7522909416667, -28.2434729547632], [-50.7520081694444, -28.2410014269854], [-50.7514992083333, -28.2399367436521], [-50.75125141666671, -28.2359440742077], [-50.7515639555556, -28.2326936353189], [-50.7511672388889, -28.2328228825411], [-50.7509916416667, -28.23311709643], [-50.75112120833331, -28.2350628908744], [-50.7510053388889, -28.2358877047633], [-50.7499163666667, -28.2361586936522], [-50.7486219222222, -28.2357768353189], [-50.7428998777778, -28.2357153658744], [-50.7416227194444, -28.2354908797633]]]}}, {"type": "Feature", "properties": {"cod_imovel": "SC-4203253-5C4E4EC79C474BB0BBB9F520DD2B7597", "municipio": "Capao Alto", "num_area": 44.7302, "mod_fiscal": 2.2365, "des_condic": "Aguardando analise", "ind_status": "AT", "dat_atuali": "13/11/2014"}, "geometry": {"type": "Polygon", "coordinates": [[[-50.753214955329895, -28.227839708865147], [-50.750578343868256, -28.227296165978704], [-50.74993193149567, -28.22693222702077], [-50.74478209018707, -28.2258214965539], [-50.743467807769775, -28.22608145578426], [-50.742212533950806, -28.227792444376142], [-50.74264705181122, -28.228484867046276], [-50.74283480644226, -28.229314350405982], [-50.744497776031494, -28.229701913070826], [-50.74602395296097, -28.231337222962857], [-50.749239921569824, -28.230651908283726], [-50.74939012527466, -28.23077006630106], [-50.74926137924194, -28.23130886520136], [-50.74936866760254, -28.23203198576575], [-50.74967443943024, -28.232088700896874], [-50.749690532684326, -28.23137030700838], [-50.7500284910202, -28.230935487305448], [-50.75102090835571, -28.230557381775796], [-50.751954317092896, -28.231138718474092], [-50.75237274169922, -28.230680266219874], [-50.753182768821716, -28.228255635465267], [-50.753214955329895, -28.227839708865147]]]}}, {"type": "Feature", "properties": {"cod_imovel": "SC-4203253-6E572A13584640D9A7C8AA27EBCBC5E2", "municipio": "Capao Alto", "num_area": 115.2481, "mod_fiscal": 5.7624, "des_condic": "Aguardando analise", "ind_status": "AT", "dat_atuali": "30/04/2015"}, "geometry": {"type": "Polygon", "coordinates": [[[-50.8021342778257, -28.1272334474427], [-50.8026922818243, -28.1311812598412], [-50.8022650861526, -28.1375721856111], [-50.8038190655512, -28.1377555923592], [-50.8046076076264, -28.137571031606], [-50.8051446934842, -28.1380180051462], [-50.8058752106374, -28.138047386827], [-50.8060284644721, -28.138278606961], [-50.8079603635763, -28.1389823710575], [-50.8097644204152, -28.1393751279665], [-50.8102838741802, -28.1392115550219], [-50.8107717092032, -28.1396547372271], [-50.8130553305405, -28.1398779515871], [-50.8130364973878, -28.1362957964296], [-50.8139997467421, -28.1347039153762], [-50.8149240984897, -28.1317310995636], [-50.8130708823817, -28.1311522047273], [-50.8126667252699, -28.1306231163612], [-50.8114557110365, -28.1304860495773], [-50.8113313318469, -28.1299310729568], [-50.8100043236991, -28.129286420429], [-50.8072170922227, -28.1288921070436], [-50.8049557241763, -28.1293927106367], [-50.8038772902051, -28.1291564674537], [-50.8034926145117, -28.1280243697299], [-50.8031164303396, -28.1274877105356], [-50.8021342778257, -28.1272334474427]]]}}, {"type": "Feature", "properties": {"cod_imovel": "SC-4203253-71D625AA074F4A179BE6CAFF144D278B", "municipio": "Capao Alto", "num_area": 483.9745, "mod_fiscal": 24.1987, "des_condic": "Aguardando analise", "ind_status": "AT", "dat_atuali": "22/02/2016"}, "geometry": {"type": "Polygon", "coordinates": [[[-50.7416227194444, -28.2354908797633], [-50.7399375138889, -28.2368062408744], [-50.7325381444444, -28.2400573492077], [-50.7317385111111, -28.2398674908743], [-50.73132146111111, -28.2399959464299], [-50.7302175777778, -28.240910782541], [-50.7152642305556, -28.2457530825409], [-50.7173163083333, -28.2497876936519], [-50.7170316861111, -28.2506417714297], [-50.7217490555556, -28.2587301436518], [-50.7239290583333, -28.2580873019851], [-50.7264583972222, -28.2569464380962], [-50.72940406666671, -28.2558746436518], [-50.7313685888889, -28.2548132269852], [-50.7328948277778, -28.2537869880963], [-50.7346469972222, -28.2522981880963], [-50.73468583888889, -28.2520016214297], [-50.735577125, -28.2515583769852], [-50.73748985000001, -28.2500196158741], [-50.7407071722222, -28.2488407214297], [-50.7427055833333, -28.2484213408742], [-50.7445032972222, -28.2478449769853], [-50.7475656583333, -28.2474161269853], [-50.7485238444444, -28.2471093075409], [-50.7508381305556, -28.2457868575409], [-50.75160473611109, -28.2449677047631], [-50.7520049194444, -28.244416968652], [-50.7522909416667, -28.2434729547632], [-50.7520081694444, -28.2410014269854], [-50.7514992083333, -28.2399367436521], [-50.75125141666671, -28.2359440742077], [-50.7515639555556, -28.2326936353189], [-50.7511672388889, -28.2328228825411], [-50.7509916416667, -28.23311709643], [-50.75112120833331, -28.2350628908744], [-50.7510053388889, -28.2358877047633], [-50.7499163666667, -28.2361586936522], [-50.7486219222222, -28.2357768353189], [-50.7428998777778, -28.2357153658744], [-50.7416227194444, -28.2354908797633]]]}}, {"type": "Feature", "properties": {"cod_imovel": "SC-4203253-9237E7ECD57043C29430C23E84FB1B94", "municipio": "Capao Alto", "num_area": 2288.5766, "mod_fiscal": 114.4288, "des_condic": "Aguardando analise", "ind_status": "AT", "dat_atuali": "17/02/2016"}, "geometry": {"type": "Polygon", "coordinates": [[[-50.7478799, -28.18042524], [-50.74970117, -28.17599886], [-50.74931523, -28.1751137], [-50.74353739, -28.16946278], [-50.74591010000001, -28.16783188], [-50.74637924, -28.16686532], [-50.74638172, -28.16650322], [-50.7479076, -28.16553718], [-50.74834049, -28.16564869], [-50.74931063, -28.1655069], [-50.74980885, -28.16466379], [-50.75056819, -28.16413198], [-50.75135594, -28.16408129], [-50.75158486, -28.1638216], [-50.75203589, -28.16374703], [-50.75275459, -28.16427323], [-50.75392978, -28.16440668], [-50.75409342, -28.16374219], [-50.75395084, -28.16322194], [-50.75287687, -28.16226096], [-50.75286196, -28.1617218], [-50.75378643, -28.16012003], [-50.75396049, -28.15935272], [-50.75351797, -28.15854647], [-50.75231025, -28.15746251], [-50.75254239, -28.15706198], [-50.75435722, -28.15612282], [-50.75474544, -28.15578352], [-50.75476962, -28.15539808], [-50.75383233, -28.15399479], [-50.7537366, -28.15339883], [-50.75233052, -28.15199641], [-50.75177184, -28.15121723], [-50.75069446, -28.15035001], [-50.75010489, -28.150218], [-50.74950492, -28.15029978], [-50.74881657, -28.15010889], [-50.74458089, -28.15032136], [-50.74418623, -28.15009436], [-50.74388123, -28.14953135], [-50.74391597, -28.14925604], [-50.74489079, -28.14720476], [-50.7450349, -28.14650509], [-50.74488738, -28.14559818], [-50.74466287, -28.14517077], [-50.74285954, -28.14453416], [-50.73894536, -28.14810129], [-50.73790419, -28.14826399], [-50.73643133, -28.14811909], [-50.73540425, -28.14763027], [-50.73493151, -28.14709997], [-50.73471788, -28.14589021], [-50.73585723, -28.14473802], [-50.73582987, -28.14447018], [-50.73452338, -28.14172373], [-50.7337793, -28.14113098], [-50.73200843, -28.14033918], [-50.73173445, -28.14002468], [-50.73109599, -28.14033717], [-50.72991364, -28.14058317], [-50.72953934, -28.14100906], [-50.72949321, -28.14183842], [-50.72913364, -28.14237192], [-50.72842644, -28.14261177], [-50.72804362, -28.14257233], [-50.72675976, -28.14419283], [-50.72673427, -28.14491185], [-50.72689706, -28.14536869], [-50.72666328, -28.14681787], [-50.72589998, -28.14733243], [-50.72534464, -28.14748731], [-50.7248741, -28.1484488], [-50.72395655, -28.14817611], [-50.72297148, -28.14879161], [-50.72222963, -28.14895429], [-50.72231247, -28.14795294], [-50.722035, -28.14772249], [-50.72156029, -28.14781468], [-50.72024892, -28.14919253], [-50.71945329, -28.14967671], [-50.71907534, -28.14973009], [-50.71805193, -28.14947286], [-50.71685044, -28.15111194], [-50.71516603, -28.15036168], [-50.71366108, -28.15145661], [-50.7128137, -28.15150512], [-50.70699399, -28.15824564], [-50.70248918, -28.16037262], [-50.7022659, -28.16061126], [-50.70295124, -28.16195138], [-50.70295154, -28.16321266], [-50.70196364, -28.16515992], [-50.70167355, -28.16522726], [-50.70174936, -28.16629317], [-50.69820556, -28.1675031], [-50.69780504, -28.16930141], [-50.69759329, -28.16979435], [-50.69724622, -28.17001708], [-50.69685643, -28.17212049], [-50.69670326, -28.17223761], [-50.69741777, -28.17543621], [-50.69837612, -28.17579255], [-50.6997817, -28.17666963], [-50.70583523, -28.18255926], [-50.71216271, -28.18657723], [-50.71296153, -28.1872391], [-50.71388506000001, -28.18840888], [-50.71696231, -28.19439571], [-50.71783327, -28.195121], [-50.7203855, -28.19600314], [-50.72098705, -28.19660515], [-50.7217743, -28.19779516], [-50.722193, -28.19805669], [-50.7252989, -28.19841853], [-50.72728059, -28.19915222], [-50.72765559, -28.19905811], [-50.72901059, -28.19776842], [-50.73040128, -28.19725088], [-50.73328984, -28.19747302], [-50.73406489, -28.19720193], [-50.73639225, -28.19522304], [-50.7377011, -28.19477497], [-50.74011371, -28.19461945], [-50.74110206, -28.19477531], [-50.74201338, -28.19440279], [-50.74288415, -28.19364169], [-50.74396383, -28.19438028], [-50.7446769, -28.19546038], [-50.74524765000001, -28.19590137], [-50.74660403, -28.19601347], [-50.74684793, -28.19630861], [-50.74699021, -28.19628475], [-50.74822915, -28.18166362], [-50.7478799, -28.18042524]]]}}, {"type": "Feature", "properties": {"cod_imovel": "SC-4203253-AC1BDEB535B44765A806C37258A848C8", "municipio": "Capao Alto", "num_area": 61.0359, "mod_fiscal": 3.0518, "des_condic": "Aguardando analise", "ind_status": "AT", "dat_atuali": "07/08/2015"}, "geometry": {"type": "Polygon", "coordinates": [[[-50.7426053862303, -28.1935117907622], [-50.7390948557869, -28.20358480501], [-50.7391858990297, -28.2037483713411], [-50.7404474829384, -28.2039237563375], [-50.7415477409054, -28.2029516351135], [-50.7423196112241, -28.2025533019295], [-50.7430442578831, -28.2027103384993], [-50.7437257374991, -28.2035975415817], [-50.7440102495896, -28.2034885249278], [-50.7444849430229, -28.2028893332583], [-50.7452546508371, -28.2030227606661], [-50.7453178786177, -28.2026575015636], [-50.744357179914, -28.2011116065814], [-50.7437347324427, -28.2004834192051], [-50.7435562003989, -28.1998752145543], [-50.7438746047917, -28.1993254696242], [-50.7446507809215, -28.1988217933603], [-50.745549508807, -28.1986882811196], [-50.7463267904699, -28.19877676216], [-50.746913552979, -28.1989894748213], [-50.7473030899168, -28.1994053113802], [-50.7469600020453, -28.2001203876795], [-50.7454781690481, -28.205020778178], [-50.7470304830897, -28.2054257581626], [-50.7486969185065, -28.1990281695993], [-50.7503831377601, -28.1989190089649], [-50.7503927770874, -28.1975618354131], [-50.7481199211209, -28.1969883399211], [-50.7481665058678, -28.1968039276511], [-50.7469412778756, -28.1963534250347], [-50.7463138665146, -28.1958581229614], [-50.7452794285995, -28.1958384416577], [-50.7447853703461, -28.1956435994761], [-50.7444029463326, -28.1952959533013], [-50.7437488849711, -28.1941518944834], [-50.7426053862303, -28.1935117907622]]]}}, {"type": "Feature", "properties": {"cod_imovel": "SC-4203253-C50B4DF335CB4E32B7EDBBF399BD87C7", "municipio": "Capao Alto", "num_area": 48.9716, "mod_fiscal": 2.4486, "des_condic": "Aguardando analise", "ind_status": "AT", "dat_atuali": "06/04/2015"}, "geometry": {"type": "Polygon", "coordinates": [[[-50.785685777664185, -28.13840626208025], [-50.791189670562744, -28.137289881270927], [-50.79180121421814, -28.13093196541605], [-50.791661739349365, -28.128112411758472], [-50.78887224197388, -28.12698646188858], [-50.78733801841736, -28.13185918497409], [-50.785685777664185, -28.13840626208025]]]}}, {"type": "Feature", "properties": {"cod_imovel": "SC-4203253-CC4339543F8948AF9313AC4883D61045", "municipio": "Capao Alto", "num_area": 752.6915, "mod_fiscal": 37.6346, "des_condic": "Aguardando analise", "ind_status": "AT", "dat_atuali": "29/04/2016"}, "geometry": {"type": "Polygon", "coordinates": [[[-50.740822835911, -28.107082867261102], [-50.739875977371774, -28.10727010141485], [-50.73910961652876, -28.108170664663778], [-50.73860859055811, -28.108246033077155], [-50.73763956115842, -28.10703755794503], [-50.736949203313266, -28.106792311557722], [-50.73639036889892, -28.106329901264267], [-50.73547366524665, -28.1066674155203], [-50.73427743331389, -28.1067699719566], [-50.73313191281989, -28.107373610861828], [-50.73325345817253, -28.10799731939192], [-50.731989466816515, -28.10925172718321], [-50.73222144348345, -28.109702153185648], [-50.73108886989768, -28.109914013892826], [-50.73019416054423, -28.112040995623815], [-50.72905084118589, -28.11320550773943], [-50.72716600252024, -28.1155316229514], [-50.72723208008407, -28.11579996003336], [-50.727550402131705, -28.115996521271125], [-50.727203550447584, -28.116989272570965], [-50.72530577841188, -28.11784071361648], [-50.72452075954977, -28.118851792464113], [-50.72434968559121, -28.119699120548702], [-50.72433753689678, -28.121177889923572], [-50.72476044455192, -28.122450803918028], [-50.72370976995957, -28.123099865221217], [-50.72405726029141, -28.124003915423284], [-50.72338709310772, -28.1242679763021], [-50.723988840301125, -28.12505119372841], [-50.723355250319756, -28.12574685824405], [-50.72455749654236, -28.125799660875312], [-50.72524589431791, -28.126850759954657], [-50.725529351742516, -28.126643215816486], [-50.72602085888719, -28.126813742749654], [-50.7269531828257, -28.127877355399463], [-50.729072635739186, -28.128058575887675], [-50.730278768076374, -28.128697894565203], [-50.731677776689175, -28.129843759823913], [-50.732188148717896, -28.131103748969235], [-50.73242224822382, -28.133177360930354], [-50.73184333169468, -28.135066480955704], [-50.731428774807924, -28.135630035002], [-50.73124234086603, -28.136357928807428], [-50.73138687104098, -28.136421102773966], [-50.73144310720564, -28.137086222201276], [-50.7312614938009, -28.137588791801843], [-50.731302012308234, -28.13857680897421], [-50.731982251639224, -28.140010164658214], [-50.73368207032305, -28.140755222646746], [-50.73452468505551, -28.14142646566853], [-50.735157135282066, -28.142995692688725], [-50.73586851926159, -28.14425301242035], [-50.73591271943763, -28.144685665920086], [-50.73476796102108, -28.145847757903724], [-50.73478616099371, -28.146232387067396], [-50.73537463779279, -28.147291104226614], [-50.736263366376484, -28.147714083880643], [-50.737633902259255, -28.1478489133542], [-50.73853857081401, -28.147707543947813], [-50.739603466178515, -28.14678129114713], [-50.74223439978276, -28.144298684416082], [-50.742087156210275, -28.144144401262498], [-50.741804696999544, -28.144163573628433], [-50.74179109621228, -28.144010214415683], [-50.743045383235206, -28.143133197548377], [-50.743168984544766, -28.141706881256983], [-50.74303618300763, -28.141205600624442], [-50.74359331260573, -28.14048441691552], [-50.743609201718776, -28.139855089741953], [-50.74431583779498, -28.13979452305411], [-50.744673050471256, -28.139593009867944], [-50.74531134594214, -28.138100096390794], [-50.74565062333127, -28.13661346296408], [-50.745216808052746, -28.136701865403566], [-50.74503019983792, -28.13655080787996], [-50.74529454736842, -28.135921594583248], [-50.746381946737635, -28.135756906275635], [-50.74694710742713, -28.135464631556403], [-50.74820439945084, -28.135441312868988], [-50.74962188082252, -28.134762555180735], [-50.75034570970505, -28.1348973226895], [-50.751173633089245, -28.134355803684652], [-50.75278634865943, -28.133795475734402], [-50.75369030790158, -28.13380886083516], [-50.75407295029035, -28.13367023846062], [-50.75493004257766, -28.133823802129736], [-50.75525135007777, -28.133683032985495], [-50.75389068582044, -28.13299470774085], [-50.75389248609802, -28.131661970309437], [-50.754449396649086, -28.13029132084151], [-50.7535231146967, -28.1274283544602], [-50.74850692688924, -28.121441489249282], [-50.748930033073634, -28.120959587973072], [-50.7478152820054, -28.12003316093685], [-50.746638106245534, -28.11801307833449], [-50.74502536601459, -28.114639636332605], [-50.74128437688223, -28.105567543170107], [-50.7409457837998, -28.10579985127145], [-50.74064008420756, -28.106649918520198], [-50.740822835911, -28.107082867261102]]]}}, {"type": "Feature", "properties": {"cod_imovel": "SC-4203253-D840D9BA1EF2480CB27CBD9BAD0B69E7", "municipio": "Capao Alto", "num_area": 36.2166, "mod_fiscal": 1.8108, "des_condic": "Aguardando analise", "ind_status": "AT", "dat_atuali": "06/04/2015"}, "geometry": {"type": "Polygon", "coordinates": [[[-50.78301966190338, -28.136575580667326], [-50.78571796417236, -28.13809405505955], [-50.787155628204346, -28.132407943790565], [-50.78886151313782, -28.126972269167688], [-50.78604519367218, -28.125903078789378], [-50.78301966190338, -28.136575580667326]]]}}, {"type": "Feature", "properties": {"cod_imovel": "SC-4203253-E8C97DCAF9AD4014856B952431430DC3", "municipio": "Capao Alto", "num_area": 957.5677, "mod_fiscal": 47.8784, "des_condic": "Aguardando analise", "ind_status": "AT", "dat_atuali": "28/04/2016"}, "geometry": {"type": "Polygon", "coordinates": [[[-50.741822863829285, -28.102519617320297], [-50.742342585023046, -28.1036823584014], [-50.74210201780238, -28.10495413832826], [-50.74130800984374, -28.105624848463112], [-50.745115091323214, -28.114827324826756], [-50.746684657443595, -28.118092964738608], [-50.74782653746695, -28.120026883432025], [-50.74892685506111, -28.120961004826682], [-50.748518071492235, -28.121454402177434], [-50.749183754328484, -28.12245085534763], [-50.75353529764645, -28.12742457054213], [-50.75444435625845, -28.130270281420657], [-50.753508368893854, -28.132300068789945], [-50.753763557466755, -28.13253215230811], [-50.75384900307146, -28.132985940739086], [-50.75486720772273, -28.133373035584597], [-50.75783787090009, -28.135322222726934], [-50.759580720494704, -28.13656642960094], [-50.76039689324828, -28.13735666252851], [-50.761466346259944, -28.137357162160065], [-50.761853413980674, -28.13751009400673], [-50.76188512318352, -28.1380269697779], [-50.76573509231669, -28.140264463869265], [-50.768050711228355, -28.14180453456838], [-50.78142854354753, -28.143133552697535], [-50.782464611439764, -28.144277779417287], [-50.78290003203051, -28.14448450652856], [-50.784069039367765, -28.144505668744802], [-50.78454354172442, -28.143201962080624], [-50.785944207719766, -28.141077688660815], [-50.785623411939035, -28.140347205394185], [-50.78487378653974, -28.13920345003994], [-50.7832290698513, -28.138058278556922], [-50.783266278340015, -28.137360094545322], [-50.782730304389865, -28.136819692813337], [-50.782659657281684, -28.13634350607567], [-50.7820878888497, -28.135803047740858], [-50.78094533542404, -28.13424604603835], [-50.78119660253836, -28.13392906410307], [-50.78119750512447, -28.133484728930892], [-50.78080502959438, -28.132817596050472], [-50.78009007954488, -28.132276898392128], [-50.77869821877362, -28.13011645057266], [-50.778126632924405, -28.129512497226287], [-50.777378016567056, -28.127956103692874], [-50.77623567876189, -28.126367324460457], [-50.775844119006834, -28.125287578815456], [-50.773560715198116, -28.121570433996293], [-50.772274572135615, -28.120330506300796], [-50.77198952776388, -28.119695265913055], [-50.77048897530327, -28.118296271756513], [-50.76973404371282, -28.117429308830857], [-50.769561016394135, -28.11699344059564], [-50.76905984795376, -28.11654790433983], [-50.76908272262784, -28.115661589594687], [-50.768587247143074, -28.115260853587582], [-50.76854303170388, -28.114837683968684], [-50.76814562842873, -28.114379304117808], [-50.76812533156133, -28.114020204007467], [-50.766972090511075, -28.113027369872512], [-50.766390795725556, -28.111998317903907], [-50.765301440453236, -28.110796401350644], [-50.76469268713905, -28.109709978211416], [-50.76237993720036, -28.10941694442474], [-50.75551470038687, -28.107257158185377], [-50.75308511491287, -28.10537305803238], [-50.752013812199465, -28.104894446869714], [-50.751805282787366, -28.10414577982428], [-50.750456887120244, -28.10289437168876], [-50.74902805127095, -28.101256017343317], [-50.745081051625164, -28.09802364927081], [-50.74210423649071, -28.10195676815138], [-50.741822863829285, -28.102519617320297]]]}}, {"type": "Feature", "properties": {"cod_imovel": "SC-4203253-3AB7BA17CDF74AE4A8CB0A72361149A0", "municipio": "Capao Alto", "num_area": 40.5367, "mod_fiscal": 2.0268, "des_condic": "Aguardando analise", "ind_status": "AT", "dat_atuali": "06/04/2015"}, "geometry": {"type": "Polygon", "coordinates": [[[-50.78210771083832, -28.128055641459966], [-50.78160345554352, -28.129455966712904], [-50.78176975250244, -28.132824241707805], [-50.78250467777252, -28.134536722947956], [-50.78303575515747, -28.136518814852185], [-50.78603982925415, -28.12589834783479], [-50.78750431537628, -28.126428213449508], [-50.78834652900696, -28.12536138313344], [-50.788432359695435, -28.124483783051172], [-50.787944197654724, -28.123610906839744], [-50.78809976577759, -28.122801893272943], [-50.7878315448761, -28.12180362835197], [-50.78549265861511, -28.12197868021873], [-50.78277289867401, -28.128495610486947], [-50.78210771083832, -28.128055641459966]]]}}, {"type": "Feature", "properties": {"cod_imovel": "SC-4203253-C3B2CFCD20A349F4844F5F5E2A3A3030", "municipio": "Capao Alto", "num_area": 12.967, "mod_fiscal": 0.6483, "des_condic": "Aguardando analise", "ind_status": "AT", "dat_atuali": "12/02/2015"}, "geometry": {"type": "Polygon", "coordinates": [[[-50.7980078458786, -28.1373040726254], [-50.80004632472992, -28.12685872733279], [-50.79959034919739, -28.126428213449508], [-50.79879641532898, -28.126172742855132], [-50.79720854759216, -28.13740341205408], [-50.7980078458786, -28.1373040726254]]]}}, {"type": "Feature", "properties": {"cod_imovel": "SC-4203253-3BB6FACFB8AD4783B19F3CBECC38DE97", "municipio": "Capao Alto", "num_area": 7.4413, "mod_fiscal": 0.3721, "des_condic": "Aguardando analise", "ind_status": "AT", "dat_atuali": "02/03/2015"}, "geometry": {"type": "Polygon", "coordinates": [[[-50.77801465988159, -28.123556499686103], [-50.78381359577179, -28.118865553012682], [-50.783553421497345, -28.11857457981727], [-50.78351050615311, -28.118184248680894], [-50.77585816383362, -28.124509803642162], [-50.77651262283325, -28.124935594233452], [-50.77801465988159, -28.123556499686103]]]}}, {"type": "Feature", "properties": {"cod_imovel": "SC-4203253-73DACE93A42746A7B61CF0BB27493B46", "municipio": "Capao Alto", "num_area": 7.4088, "mod_fiscal": 0.3704, "des_condic": "Aguardando analise", "ind_status": "AT", "dat_atuali": "02/03/2015"}, "geometry": {"type": "Polygon", "coordinates": [[[-50.78554630279541, -28.122028357047782], [-50.78636169433594, -28.120268363923046], [-50.786941051483154, -28.11905716907599], [-50.784030854701996, -28.119570509187643], [-50.782928466796875, -28.121593092620074], [-50.78554630279541, -28.122028357047782]]]}}, {"type": "Feature", "properties": {"cod_imovel": "SC-4203253-424C282BB160424FAA4EB6E969C53E0B", "municipio": "Capao Alto", "num_area": 7.4025, "mod_fiscal": 0.3701, "des_condic": "Aguardando analise", "ind_status": "AT", "dat_atuali": "02/03/2015"}, "geometry": {"type": "Polygon", "coordinates": [[[-50.78279972076416, -28.121574168039654], [-50.78409254550934, -28.11986147968028], [-50.78378140926361, -28.1188915749673], [-50.77804148197174, -28.12354230651105], [-50.77857255935669, -28.123599079199998], [-50.77992707490921, -28.122662325987488], [-50.78113675117493, -28.12231222420071], [-50.78159809112549, -28.122331148650858], [-50.782155990600586, -28.12210405502873], [-50.78279972076416, -28.121574168039654]]]}}, {"type": "Feature", "properties": {"cod_imovel": "SC-4203253-67E374B5C47F4793B1E3525BFACCD248", "municipio": "Capao Alto", "num_area": 85.2427, "mod_fiscal": 4.2621, "des_condic": "Aguardando analise", "ind_status": "AT", "dat_atuali": "17/09/2020"}, "geometry": {"type": "Polygon", "coordinates": [[[-50.74313723464558, -28.21239179046197], [-50.74408177464975, -28.21312653909723], [-50.74462182399476, -28.21319694280416], [-50.74536411481018, -28.2138828599845], [-50.74538287497905, -28.21455300535237], [-50.74488285741438, -28.21536149079979], [-50.74616264214335, -28.21538937689061], [-50.7464608445234, -28.21610976321169], [-50.7534964488944, -28.21771850059533], [-50.75379945830346, -28.21393342660315], [-50.75679151341379, -28.20800717379973], [-50.75047686659399, -28.20642763167595], [-50.7485848125978, -28.21143909171012], [-50.74840307235717, -28.21146603793517], [-50.748231410980225, -28.211976571370556], [-50.74610710144042, -28.21161730735562], [-50.746214389801025, -28.211258042132222], [-50.74597800327733, -28.21081133019823], [-50.74462967476448, -28.21074281793259], [-50.74385641927815, -28.21123624021378], [-50.74313723464558, -28.21239179046197]]]}}, {"type": "Feature", "properties": {"cod_imovel": "SC-4203253-7A3A8A5B686B4D71A956F37CD40790F6", "municipio": "Capao Alto", "num_area": 661.0918, "mod_fiscal": 33.0546, "des_condic": "Aguardando analise", "ind_status": "AT", "dat_atuali": "13/03/2020"}, "geometry": {"type": "Polygon", "coordinates": [[[-50.7432301166667, -28.1418410603206], [-50.7431048888889, -28.1431959603205], [-50.741827775, -28.1441029992094], [-50.7423162666667, -28.1442389019872], [-50.7424691611111, -28.1441148936539], [-50.7442428972222, -28.1446101992094], [-50.744871725, -28.1454715880983], [-50.7450659444444, -28.1466471547649], [-50.7439777416667, -28.1489864797649], [-50.7439617666667, -28.1494516880982], [-50.7445245222222, -28.149969065876], [-50.7451822583333, -28.1500168547649], [-50.7470257666667, -28.1497499353204], [-50.7492026194444, -28.1496835992093], [-50.7501353638889, -28.1498494769871], [-50.7506394861111, -28.1501215436537], [-50.7532441611111, -28.1525920603204], [-50.7548347444444, -28.1549657880981], [-50.7548884222222, -28.1558195908759], [-50.7544268277778, -28.1566083242092], [-50.7538306638889, -28.1570703853203], [-50.7526081527778, -28.1569826158758], [-50.7524195027778, -28.1570612908758], [-50.752326125, -28.1573566380981], [-50.7534884472222, -28.1582388908758], [-50.7538966694444, -28.1593979019869], [-50.7537175944444, -28.1601905964313], [-50.7531771666667, -28.1610198492091], [-50.7531131305556, -28.1620039519869], [-50.7538030027778, -28.1628701464313], [-50.7540236305556, -28.1637018797646], [-50.7540519388889, -28.1647883797646], [-50.7547986333333, -28.1656407853201], [-50.7554857833333, -28.1659321603201], [-50.7561916305556, -28.1658043047646], [-50.7566150722222, -28.1663253047646], [-50.7563028, -28.1670510380979], [-50.7566464472222, -28.1676720325423], [-50.7575167083333, -28.1680013380979], [-50.7585905333333, -28.168153624209], [-50.7595786416667, -28.1679873964312], [-50.7607574944444, -28.1672396658757], [-50.7623151166667, -28.1656773353201], [-50.7641760638889, -28.1651279519868], [-50.7648091333333, -28.1641073603202], [-50.7655098305556, -28.1637891492091], [-50.7659149527778, -28.1637872964313], [-50.76648535, -28.1641052825424], [-50.7666829361111, -28.1670842964312], [-50.7671313, -28.1676389325423], [-50.7676178777778, -28.1673250575423], [-50.7693422805556, -28.1641904547646], [-50.7698607861111, -28.1637588408757], [-50.7707026027778, -28.1635659714313], [-50.7722026944444, -28.1641569297646], [-50.7738173472222, -28.165314524209], [-50.7750778138889, -28.1654153853201], [-50.7762278277778, -28.164311049209], [-50.7769459055556, -28.1633665464313], [-50.7769952305556, -28.1628835547646], [-50.7764212333333, -28.1618052936535], [-50.7727484861111, -28.1574525380981], [-50.7720120166667, -28.1571410908758], [-50.7713621111111, -28.1562389186536], [-50.7711021638889, -28.1561138936536], [-50.7697100027778, -28.1562026964314], [-50.7692977888889, -28.1555347130981], [-50.7683204527778, -28.1554366103203], [-50.7679328361111, -28.1545613325426], [-50.7673582305556, -28.1539493797648], [-50.7674362194444, -28.1530677130981], [-50.7672724027778, -28.152695926987], [-50.7668064305556, -28.1526629630981], [-50.7662007416667, -28.1521283130982], [-50.7658472, -28.151240865876], [-50.7650042555556, -28.1507318214315], [-50.7657354694444, -28.1499830880982], [-50.7647510777778, -28.1492516103204], [-50.7666954666667, -28.1485788964316], [-50.76735035, -28.1473704214316], [-50.767599675, -28.1458425519872], [-50.7684621972222, -28.1459500547649], [-50.7684999194444, -28.1454385797649], [-50.7688504472222, -28.1453127019872], [-50.768963775, -28.1450997825427], [-50.76891895, -28.1440866353205], [-50.7694532888889, -28.1436879353205], [-50.7684284055556, -28.1427154825428], [-50.7680507083333, -28.1418045353206], [-50.7657350861111, -28.1402644603206], [-50.7618851194444, -28.1380269658762], [-50.7618534083333, -28.1375100908762], [-50.7614663472222, -28.1373571575429], [-50.7603968972222, -28.1373566658762], [-50.758661875, -28.1358829853207], [-50.7552513527778, -28.1336830325429], [-50.7549300416667, -28.1338238047652], [-50.7540729472222, -28.1336702353207], [-50.752419325, -28.1338743047652], [-50.7504431611111, -28.1348544630985], [-50.74962015, -28.1348096769874], [-50.7481014555556, -28.1355082630985], [-50.7474431722222, -28.1353964964318], [-50.7462927305556, -28.1357789964318], [-50.7453103083333, -28.1359096130985], [-50.745049925, -28.1365484964318], [-50.7452419527778, -28.1366993269873], [-50.7456839111111, -28.1366009130984], [-50.7457041472222, -28.1369673130984], [-50.7449513333333, -28.1392595742095], [-50.7442927944444, -28.1398609686539], [-50.7436605277778, -28.1398600742095], [-50.7434615444444, -28.1406872686539], [-50.7430607388889, -28.1412298186539], [-50.7432301166667, -28.1418410603206]]]}}, {"type": "Feature", "properties": {"cod_imovel": "SC-4203402-4FFDA4CC586549FBB0DB076FDC09C94C", "municipio": "Campo Belo do Sul", "num_area": 9.9711, "mod_fiscal": 0.4155, "des_condic": "Aguardando analise", "ind_status": "AT", "dat_atuali": "28/03/2016"}, "geometry": {"type": "Polygon", "coordinates": [[[-50.7513427734375, -28.023575816322616], [-50.74786768412885, -28.02358961786736], [-50.74789568405269, -28.02446490703608], [-50.75278043746948, -28.026132936136996], [-50.75438562176163, -28.0239284392758], [-50.75223225711351, -28.02432506705337], [-50.7513427734375, -28.023575816322616]]]}}, {"type": "Feature", "properties": {"cod_imovel": "SC-4203402-01BB73B24D0049D5BA757C61B13618F0", "municipio": "Campo Belo do Sul", "num_area": 51.9661, "mod_fiscal": 2.1653, "des_condic": "Aguardando analise", "ind_status": "AT", "dat_atuali": "22/09/2025"}, "geometry": {"type": "Polygon", "coordinates": [[[-50.75805766038324, -28.0132707670496], [-50.75730000459615, -28.01370696544516], [-50.75693359404515, -28.01439694727923], [-50.75737548160999, -28.01569679569383], [-50.76002970096869, -28.01662530858711], [-50.76402599735346, -28.01661809109632], [-50.76592883802843, -28.01692492165447], [-50.76792508456853, -28.01704019115789], [-50.7669592603278, -28.01286784959027], [-50.76592816835319, -28.01005332676202], [-50.75990379086984, -28.01273583262895], [-50.75818285550696, -28.01265033983464], [-50.75805766038324, -28.0132707670496]]]}}, {"type": "Feature", "properties": {"cod_imovel": "SC-4203402-E9B06DAF603449D8BEE42ECF66CF541D", "municipio": "Campo Belo do Sul", "num_area": 5.2205, "mod_fiscal": 0.2175, "des_condic": "Aguardando analise", "ind_status": "AT", "dat_atuali": "25/09/2024"}, "geometry": {"type": "Polygon", "coordinates": [[[-50.7501574272222, -28.0210933666667], [-50.75132773472221, -28.0237239452778], [-50.752152405, -28.0243620344444], [-50.7543497986111, -28.0239328538889], [-50.7501574272222, -28.0210933666667]]]}}, {"type": "Feature", "properties": {"cod_imovel": "SC-4203402-7C9B0059E2DE40F68316D74F7659448C", "municipio": "Campo Belo do Sul", "num_area": 17.4148, "mod_fiscal": 0.7256, "des_condic": "Aguardando analise", "ind_status": "AT", "dat_atuali": "25/09/2024"}, "geometry": {"type": "Polygon", "coordinates": [[[-50.7518241994444, -28.0161235591667], [-50.7573869363889, -28.0166058855556], [-50.7568542561111, -28.0144625116667], [-50.7571758569444, -28.0135257825], [-50.753387275, -28.0138309283333], [-50.7512601411111, -28.0135190863889], [-50.7508640577778, -28.0149743711111], [-50.75120263, -28.0158380777778], [-50.7518241994444, -28.0161235591667]]]}}, {"type": "Feature", "properties": {"cod_imovel": "SC-4203402-333A9C6619104B2CB86C2861BA41FE3D", "municipio": "Campo Belo do Sul", "num_area": 14.9423, "mod_fiscal": 0.6226, "des_condic": "Aguardando analise", "ind_status": "AT", "dat_atuali": "25/09/2024"}, "geometry": {"type": "Polygon", "coordinates": [[[-50.75543839750001, -28.0214539344445], [-50.7552772672222, -28.0197429886111], [-50.7494050194445, -28.0205864725], [-50.7543497986111, -28.0239328538889], [-50.7557124538889, -28.0221266791667], [-50.75543839750001, -28.0214539344445]]]}}, {"type": "Feature", "properties": {"cod_imovel": "SC-4203402-1EA3ACEFC3CD4522915201223B424918", "municipio": "Campo Belo do Sul", "num_area": 28.631, "mod_fiscal": 1.193, "des_condic": "Aguardando analise", "ind_status": "AT", "dat_atuali": "25/09/2024"}, "geometry": {"type": "Polygon", "coordinates": [[[-50.7586278066667, -28.0169827005556], [-50.7573869363889, -28.0166058855556], [-50.75270295111109, -28.0162185747222], [-50.7494050194445, -28.0205864725], [-50.7556752144445, -28.0197418913889], [-50.7564946877778, -28.0199299386111], [-50.7578549275, -28.0207561663889], [-50.7586278066667, -28.0169827005556]]]}}, {"type": "Feature", "properties": {"cod_imovel": "SC-4203402-B303AE9DDAE94A0D825AF9A8358E2648", "municipio": "Campo Belo do Sul", "num_area": 13025.2398, "mod_fiscal": 542.7235, "des_condic": "Aguardando analise", "ind_status": "AT", "dat_atuali": "05/02/2018"}, "geometry": {"type": "Polygon", "coordinates": [[[-50.83049743330986, -27.91026112954745], [-50.82634066429017, -27.91263521294468], [-50.82190163045585, -27.91077179967874], [-50.81736940887106, -27.909424036090343], [-50.815899123445774, -27.911664753625416], [-50.81497831569669, -27.91477065584104], [-50.80506821662488, -27.929302432061547], [-50.80556325384106, -27.930011057364368], [-50.80606536962108, -27.932793726149498], [-50.80587254777981, -27.934730634711002], [-50.806162821057285, -27.935199292113623], [-50.80447581520667, -27.93610451730956], [-50.80186495200587, -27.935094687469814], [-50.799325850207765, -27.940437548054376], [-50.80027917114677, -27.941627293564693], [-50.80061607607104, -27.94183089647862], [-50.80093015620173, -27.941621104430396], [-50.801131438864786, -27.94166905987919], [-50.801427738499285, -27.942009818398333], [-50.80115812894445, -27.94241502773133], [-50.8024486776643, -27.944270559338804], [-50.80313122712437, -27.944861203481707], [-50.803026716010095, -27.94531548971804], [-50.80322981170639, -27.945601314948703], [-50.803561558119384, -27.945631308238262], [-50.803803620540634, -27.94545029449546], [-50.804566477660785, -27.945822853941536], [-50.80481660340348, -27.946075252271044], [-50.80442269315273, -27.946242692546207], [-50.80461810144419, -27.946510359565423], [-50.80482760840738, -27.946343379743155], [-50.80554122314891, -27.946347097540468], [-50.807024957036106, -27.94704997797408], [-50.80764557468348, -27.947103205248652], [-50.808042468884764, -27.94737484996932], [-50.80801334164238, -27.94763461644436], [-50.80847075032483, -27.947776440430346], [-50.808561017077245, -27.947663633969512], [-50.8092783909849, -27.947789207206085], [-50.80953584800096, -27.94769613097162], [-50.81084769536483, -27.948590201876243], [-50.81311235914802, -27.948981650682583], [-50.81321985241419, -27.949312287332134], [-50.81544842100777, -27.951275939932657], [-50.815377808039386, -27.951610579464614], [-50.81484872698712, -27.951991543974543], [-50.813899701210175, -27.953487176791725], [-50.81360479282688, -27.954544781316542], [-50.80924181196002, -27.95645620848717], [-50.81023905758639, -27.9576110980737], [-50.809886736483634, -27.958102511022048], [-50.80890878491243, -27.957826455126735], [-50.80867901352559, -27.95794484547821], [-50.807618517680396, -27.959157181059027], [-50.80690447306296, -27.960547381856145], [-50.806689456852894, -27.961567437886913], [-50.80570110552157, -27.963281777731822], [-50.80482740336191, -27.9634170348682], [-50.80329438302931, -27.964941370447832], [-50.80218169053257, -27.965769386148224], [-50.80113193169325, -27.968696512134272], [-50.800944917673746, -27.969877285108566], [-50.80043826571335, -27.970260391803606], [-50.80027309982364, -27.970779673842856], [-50.799109469726204, -27.97172512481461], [-50.79695563479464, -27.9717602388439], [-50.794714219385696, -27.97245779259299], [-50.79421993939866, -27.973215528074093], [-50.792882474846294, -27.973353082978353], [-50.79222955175237, -27.973263360315798], [-50.79163408184735, -27.972960586461852], [-50.78938782538779, -27.975858630171615], [-50.78893088795007, -27.97600155402847], [-50.78843318784129, -27.976502887398283], [-50.787478638428354, -27.976577425907408], [-50.78746301720446, -27.97692134194631], [-50.787029874029436, -27.977060956298033], [-50.785196874036444, -27.978518631429665], [-50.78372625046603, -27.977625063246023], [-50.78306064962925, -27.978322908375503], [-50.78244026310762, -27.9785277505552], [-50.78076443583001, -27.979558173071215], [-50.780339336191396, -27.9794823881017], [-50.77890603088855, -27.980097919183606], [-50.77774138995312, -27.979711118972943], [-50.77681391283176, -27.979658252326434], [-50.77651065604192, -27.979474505543976], [-50.776085193077165, -27.979576273726025], [-50.77588575672223, -27.97983647637227], [-50.77632713139195, -27.98000708855625], [-50.77542093942475, -27.980625063995493], [-50.77448880921111, -27.981779573168694], [-50.7719345511386, -27.982623023933343], [-50.7715213117591, -27.983237817571197], [-50.7693798847738, -27.984834329140938], [-50.76891955329472, -27.985347208007227], [-50.76908411753794, -27.985668765101366], [-50.76864466561881, -27.985877820604912], [-50.76894009740755, -27.9863476453275], [-50.76722100284695, -27.986573858996337], [-50.76674671658765, -27.987041931839656], [-50.76469616609512, -27.991118313159575], [-50.76459827758839, -27.993016489719196], [-50.76494062161237, -27.993801995365743], [-50.76503320771633, -27.994721851632107], [-50.766121726436495, -27.994902717886077], [-50.76684635157784, -27.99565555745795], [-50.76843984412346, -27.998067264892313], [-50.76845022140054, -27.998493820533326], [-50.76906641888007, -27.99888871644106], [-50.769357176892186, -27.998752622035852], [-50.77059195415529, -28.00010525545315], [-50.77116772531025, -28.000242706935353], [-50.77296151306331, -27.999902373795464], [-50.77350741413579, -28.00056063886234], [-50.77420118443706, -28.000740158831206], [-50.775655088711346, -27.99999751936997], [-50.77676041576052, -27.99970629281114], [-50.777701353934276, -28.000419977699778], [-50.777684125621875, -28.001628429108678], [-50.77831978083316, -28.002033335370072], [-50.77903891651272, -28.00349808187093], [-50.7791571926503, -28.004102285092358], [-50.778831441118086, -28.005186024815146], [-50.77833642368694, -28.005629458932333], [-50.775867545450815, -28.006783562511373], [-50.77431144311856, -28.008349771424776], [-50.774127665759124, -28.008974877588457], [-50.772129271448705, -28.011255020502745], [-50.77236961976212, -28.012419210877855], [-50.77380637846153, -28.01373297020035], [-50.77669149981284, -28.01487855000505], [-50.77674152010502, -28.01711043529832], [-50.77787821730584, -28.01891600956617], [-50.778890772990735, -28.02110701707511], [-50.78210526294748, -28.020114099885745], [-50.78264524198431, -28.020405451450358], [-50.78328678325841, -28.02037333486146], [-50.78405336267252, -28.020587042557906], [-50.784743817173364, -28.021023870255362], [-50.78566258795803, -28.02082508231166], [-50.786215026202456, -28.021150110788938], [-50.78905047439986, -28.021384777185688], [-50.78932618765339, -28.019693585890252], [-50.79011868642817, -28.017613026819674], [-50.791230350999854, -28.016008412358303], [-50.79264235855794, -28.014828612450458], [-50.79428996870706, -28.01479868121413], [-50.795196162472905, -28.014543750393727], [-50.796377945385814, -28.01470221903213], [-50.797549860937295, -28.016494684781833], [-50.79927517251116, -28.017362838124427], [-50.799842403703906, -28.01784192856212], [-50.80076176804113, -28.020828031188675], [-50.80096076013092, -28.02225697028291], [-50.80055961843158, -28.025587077981243], [-50.80146053767362, -28.026362918613756], [-50.80187115283139, -28.027568646875523], [-50.8014837176994, -28.03030731003429], [-50.801708478063745, -28.031457161618675], [-50.80248725768075, -28.032239319089285], [-50.80347410984223, -28.032624571566657], [-50.808682385983275, -28.03211746095201], [-50.80978843069147, -28.03265440207895], [-50.81119532380512, -28.034006544466422], [-50.811313839162324, -28.034770139929947], [-50.81017853321271, -28.037034679606734], [-50.80774516111024, -28.040835816219897], [-50.806139364939725, -28.041783042453403], [-50.80530391993989, -28.043939274078184], [-50.80534537329032, -28.04527210981996], [-50.80561942369741, -28.045645051477894], [-50.806414051167515, -28.045888553713723], [-50.80756139454269, -28.045704476880076], [-50.809139594116914, -28.045891465718512], [-50.81097658889843, -28.04710229763288], [-50.811597751534975, -28.047114706478453], [-50.8125488619404, -28.04638056111395], [-50.81322064291828, -28.046126637534257], [-50.814323301678996, -28.04600626507704], [-50.81576681338771, -28.04654478631278], [-50.81692182168467, -28.046695822054517], [-50.81817546942233, -28.04567353030916], [-50.818722563895165, -28.044829216195353], [-50.818841979473746, -28.044122091861027], [-50.81869530544395, -28.043670357001304], [-50.81940064462401, -28.04292157606983], [-50.82029714639617, -28.04101376597248], [-50.820685524916996, -28.039589958409806], [-50.82132825059824, -28.03933478387313], [-50.82153998248418, -28.039516596213904], [-50.82152346283749, -28.040032390682256], [-50.8224899309655, -28.039965848045426], [-50.82487307503237, -28.041028793643875], [-50.825761999116935, -28.04122861310998], [-50.82650809467282, -28.041353861691334], [-50.82718391720397, -28.041205132710672], [-50.82746486900845, -28.041629494005917], [-50.829026067798736, -28.042129207696746], [-50.82975986872294, -28.042637990151093], [-50.83021991871425, -28.04337942362145], [-50.83027457591089, -28.044145089324388], [-50.83010012092382, -28.04528419850692], [-50.82941480335046, -28.046858056154353], [-50.830770401832524, -28.04920771126683], [-50.832037402703925, -28.05039706737074], [-50.8324647479497, -28.05047495225722], [-50.83294986204646, -28.049846076135452], [-50.83359954848033, -28.0495844435672], [-50.83498442079434, -28.04857091391648], [-50.8357571461753, -28.04768392337434], [-50.83608522155566, -28.04712688509761], [-50.8362348615496, -28.04641057328928], [-50.836163951804906, -28.04506119092116], [-50.83633645076657, -28.044163820403924], [-50.83675997659162, -28.043320098943354], [-50.83896621052213, -28.04211639505553], [-50.83823933347844, -28.04116903662168], [-50.83792345110635, -28.0400599405138], [-50.83770417840509, -28.039934835823942], [-50.83733085633389, -28.039207792405648], [-50.837305107844436, -28.038130633022263], [-50.83662977904101, -28.037772443843156], [-50.83643615590382, -28.037105462547004], [-50.83586067612924, -28.036524957360825], [-50.83597411661214, -28.036256171585023], [-50.83629454056057, -28.036227034450008], [-50.83715464856812, -28.036633198863], [-50.83750511616813, -28.03719312126549], [-50.83823192396409, -28.037416320406805], [-50.83874922479686, -28.038952640352022], [-50.83922553273209, -28.039329002131694], [-50.83984668008021, -28.04035458809375], [-50.841261643709856, -28.041870637320017], [-50.84195970737454, -28.04201723220945], [-50.84262016588793, -28.041926815270244], [-50.84479691194787, -28.04029148266574], [-50.845596232979744, -28.03963484087518], [-50.846158288574145, -28.037756273133482], [-50.846665709454896, -28.03765853391417], [-50.84688154674592, -28.03777125404008], [-50.84705352859743, -28.03831948795397], [-50.84740186660281, -28.03877060497939], [-50.84877289475327, -28.038589319641346], [-50.849487909739196, -28.0389023574578], [-50.849693305002006, -28.0392847950572], [-50.85033514125371, -28.039695512737694], [-50.85078018066076, -28.041233333651405], [-50.850798842492566, -28.041939372503975], [-50.851246917111496, -28.042909834521197], [-50.851727035474255, -28.0431486719736], [-50.853768964166306, -28.043615672825013], [-50.85610938414072, -28.043357618659115], [-50.861422189382495, -28.040499012919042], [-50.86546481914604, -28.039489183079297], [-50.86759885370407, -28.03959335424986], [-50.86904314782299, -28.039468176714934], [-50.87004200503446, -28.039006750760905], [-50.86973345393574, -28.0381339767016], [-50.8672258967577, -28.037163224203372], [-50.86522960776017, -28.035718457041128], [-50.86381740055254, -28.035364280636998], [-50.86341545755727, -28.034939330285795], [-50.86347350429873, -28.034814089798374], [-50.863018146969864, -28.034473309695443], [-50.86183281713079, -28.034295911227275], [-50.86201072821251, -28.031925627465682], [-50.86102993118635, -28.0318160414771], [-50.860548437760144, -28.031561978502452], [-50.85936700828074, -28.030525258933494], [-50.85945174690056, -28.03021643354151], [-50.858849592334764, -28.029039024931024], [-50.85872413601004, -28.028118748681266], [-50.85943297085487, -28.027441710266658], [-50.860080994442285, -28.02736870959825], [-50.86027583256356, -28.02758808931884], [-50.859636437071856, -28.028302124043762], [-50.860590467576, -28.0300520338742], [-50.861339991347506, -28.030570144096828], [-50.86295929803316, -28.030493141445277], [-50.863855994058845, -28.03129529084498], [-50.86386579936709, -28.032315378351996], [-50.86548595501279, -28.033129606546083], [-50.86585665915743, -28.0338889787933], [-50.86718525189781, -28.034303988038573], [-50.868497951818995, -28.03533101651317], [-50.87010503761735, -28.035827959392748], [-50.872174558409085, -28.035797582992018], [-50.87237431492264, -28.03602092242761], [-50.87318297631328, -28.035211837456302], [-50.87594602009273, -28.03546531767023], [-50.87735219644669, -28.03444514832489], [-50.87856659597156, -28.03322186169953], [-50.878919771430276, -28.032635492933593], [-50.88015052962322, -28.03158029409525], [-50.88046310968475, -28.031168383014403], [-50.880265346968145, -28.03060752801497], [-50.880324534949295, -28.03035084531524], [-50.88136230492637, -28.030001126850497], [-50.88275254439435, -28.028460285114022], [-50.88299951531536, -28.02792915180885], [-50.88264556913765, -28.02644666528136], [-50.883883276392055, -28.026305176742483], [-50.88459428669694, -28.02600580052723], [-50.88504661600848, -28.02539702065593], [-50.88526299199344, -28.02472927493602], [-50.884891106139605, -28.02392987116656], [-50.884359199417474, -28.023424168890244], [-50.88374799587325, -28.022213549215905], [-50.882501406015024, -28.018867076554272], [-50.88069110940711, -28.01777944726365], [-50.88065592613003, -28.017491447472253], [-50.88084980737267, -28.017308001063327], [-50.881601742226565, -28.0173041366765], [-50.88196744883868, -28.01756994299842], [-50.88332921037471, -28.01803953030003], [-50.885672004559304, -28.021301062893713], [-50.886190137264975, -28.02184096189086], [-50.88721177250528, -28.022137989076896], [-50.8883856000154, -28.02114919797708], [-50.888682436545196, -28.020555354945657], [-50.88857840117225, -28.019439952791572], [-50.88872666700206, -28.019190198468834], [-50.88917380182943, -28.019033575239234], [-50.89003394940721, -28.019463422398985], [-50.890640332585235, -28.019358106391454], [-50.89116549708996, -28.0187887222217], [-50.891188229253316, -28.018032255684034], [-50.8914964188246, -28.01775870260201], [-50.8926655977391, -28.017882752387095], [-50.89299962303414, -28.017710050178607], [-50.8938201042144, -28.017930952451422], [-50.896379163767335, -28.01727472704698], [-50.89769396810209, -28.016259602898288], [-50.89778125000464, -28.014853941855904], [-50.89793708992471, -28.014632348004397], [-50.898367671830556, -28.014629687809816], [-50.89952303086312, -28.015479010248104], [-50.90025387121915, -28.01539206828926], [-50.90204316326134, -28.014460838297], [-50.90294994788172, -28.014171163968], [-50.90342873254991, -28.013838124329936], [-50.903325584807874, -28.012362905223824], [-50.903533918155745, -28.012116606995793], [-50.90457308567932, -28.012206522113274], [-50.905236145032006, -28.01294577292902], [-50.905950320051204, -28.01328352231667], [-50.90665367532682, -28.01319851300093], [-50.90723503846618, -28.01279249877473], [-50.90798124913528, -28.01302319556396], [-50.908831636370905, -28.012876076369764], [-50.91043137920474, -28.012357518284773], [-50.91078968259774, -28.01192164386873], [-50.911317652987236, -28.01197488463316], [-50.91150587029961, -28.011801592469457], [-50.91232076489132, -28.012004957063084], [-50.9140979430656, -28.011525376494887], [-50.91495702134944, -28.0115538957956], [-50.9154743851347, -28.011382606422103], [-50.91635548961409, -28.011601785593882], [-50.91820679800526, -28.01152264705246], [-50.919198740329534, -28.010977444753223], [-50.91996288977549, -28.0113139773581], [-50.92052469985498, -28.01113691703506], [-50.92103363339544, -28.010375849565776], [-50.92111911215727, -28.009626454397335], [-50.920928722982126, -28.00876099002761], [-50.919759689757825, -28.007018678569125], [-50.91926665802981, -28.00665025780313], [-50.917156919556135, -28.006812486506988], [-50.916067233515946, -28.00660275381398], [-50.91514708317129, -28.006940621912122], [-50.91434508395844, -28.006935430125964], [-50.91321620726211, -28.006643772791847], [-50.91194998970025, -28.006770433308816], [-50.910167263608294, -28.00666393109549], [-50.90758786678657, -28.006990272582982], [-50.90673981598968, -28.00660251999028], [-50.90649839028845, -28.006085634644307], [-50.905484882221515, -28.005562623116532], [-50.90535685473503, -28.005299028227512], [-50.90568090295125, -28.005068603932898], [-50.90681772605717, -28.00518528916973], [-50.90808330959703, -28.005550753864156], [-50.91000423270913, -28.00505561412524], [-50.911098095200884, -28.004976073586878], [-50.91379074724517, -28.004128230533354], [-50.914568504332976, -28.00441000611687], [-50.91499979040793, -28.00423586589244], [-50.91521875284315, -28.003870938093257], [-50.916081620870045, -28.003918499638985], [-50.916951970357104, -28.00375996714871], [-50.91774478569329, -28.002837583787425], [-50.91806744535626, -28.002112253577593], [-50.917950488524184, -28.000223042359494], [-50.91830091655402, -27.999482200643], [-50.91843516285246, -27.997597290882197], [-50.917731513498495, -27.99687703554673], [-50.91648497040501, -27.99617522350769], [-50.91638526616708, -27.99582688999891], [-50.9166344467223, -27.995680889561356], [-50.9180049712524, -27.995561289621776], [-50.918526274068256, -27.995048667961612], [-50.9188013586957, -27.9952080727943], [-50.91919600998784, -27.995823695607044], [-50.91986789618642, -27.99604200783233], [-50.924080952873624, -27.993665253448626], [-50.924394834254144, -27.993178584424072], [-50.92410481278682, -27.992850823806407], [-50.92423842326457, -27.992446383393826], [-50.92481747244835, -27.99233548529435], [-50.925161790484196, -27.992090311218817], [-50.92529835793283, -27.990487587132407], [-50.924667055440246, -27.988537795782577], [-50.92419791600099, -27.987692762211168], [-50.923086786525914, -27.986854862961536], [-50.92328838125377, -27.986226854685526], [-50.92258114630283, -27.98431943939056], [-50.92188226425503, -27.983554700888707], [-50.91867387529908, -27.982808629614514], [-50.918108869029034, -27.983370335372626], [-50.91753534797789, -27.98495627181444], [-50.91707241116279, -27.984869331654295], [-50.916557902725, -27.984009530315518], [-50.91482528865612, -27.984918331215965], [-50.91398379571558, -27.98567835816965], [-50.91240723920271, -27.986578649684873], [-50.91157239225208, -27.98663462708635], [-50.909744964458525, -27.986019311841744], [-50.90925607590714, -27.986080195044906], [-50.90863603652383, -27.986462542712104], [-50.90828673984112, -27.987761249182256], [-50.9069576956411, -27.988232846468634], [-50.905397936665395, -27.98830517444418], [-50.903399570233944, -27.9871160620566], [-50.90300688396047, -27.98716796373049], [-50.90216468145485, -27.987813631993504], [-50.901690678482, -27.98781862053289], [-50.90153396621952, -27.987372378732232], [-50.90219787543157, -27.986640918743376], [-50.9016952407427, -27.98615200231302], [-50.901632776531365, -27.9858438559092], [-50.901946841373615, -27.985689622178256], [-50.90296048613749, -27.985719590286806], [-50.903632203263555, -27.98396163242336], [-50.902185189594775, -27.9818788223497], [-50.902063919614136, -27.98115393280773], [-50.90156428686231, -27.980636220984763], [-50.90081755008981, -27.980571319610647], [-50.89901842845768, -27.98085617717078], [-50.898157967915836, -27.980181111868774], [-50.896681094956534, -27.980251416369697], [-50.896381122490766, -27.980032819958637], [-50.89654542682996, -27.979736576981395], [-50.89716086078505, -27.97949673138902], [-50.89832139721466, -27.97864460306596], [-50.899925272433336, -27.977120974353454], [-50.900119400989524, -27.976665326543525], [-50.90008766031724, -27.976241109139835], [-50.89920259162625, -27.97505237806473], [-50.898644936414655, -27.97399405588095], [-50.89857810599477, -27.973260717208294], [-50.89949820687673, -27.972502646280077], [-50.900433196035124, -27.972349319065756], [-50.90054207245862, -27.972151880105116], [-50.900389512366075, -27.971753304171614], [-50.899580002914774, -27.970806560874053], [-50.8993544367578, -27.97074347613045], [-50.89883688681283, -27.970859368165236], [-50.89638244719214, -27.970771692359676], [-50.89616454865495, -27.97087985562081], [-50.89712540591273, -27.97195798896996], [-50.897248859447245, -27.972479589461443], [-50.89681481245361, -27.97298705171102], [-50.8961678140933, -27.973310104377788], [-50.894992801276715, -27.972877615909226], [-50.89483149887452, -27.972600896314248], [-50.89414927946564, -27.97254422283754], [-50.8933572636268, -27.97153905058667], [-50.89014715246907, -27.970529436584176], [-50.89129276105206, -27.969212266133127], [-50.89040984353943, -27.968662974616564], [-50.89042278478365, -27.968232111222903], [-50.89119523227413, -27.967407716193122], [-50.89144390561171, -27.96692431800284], [-50.89093602337874, -27.966333799764982], [-50.89132156993446, -27.965727558679873], [-50.89184709866465, -27.965444694916698], [-50.89125054147928, -27.96517918177375], [-50.89099754599988, -27.964503014802233], [-50.89172489069114, -27.96309794281575], [-50.89031928900397, -27.96329425762383], [-50.88990059883355, -27.963000354682606], [-50.89008902838589, -27.962165205559756], [-50.88982406113149, -27.96177826235686], [-50.88827071432195, -27.96141338851703], [-50.88742647215395, -27.960704596839605], [-50.88635183986548, -27.96069432478322], [-50.88583189502589, -27.960510007830578], [-50.885879551899734, -27.95985782218071], [-50.88648184046451, -27.959171790545668], [-50.886510332785576, -27.958758812868897], [-50.885491810998246, -27.956946091688735], [-50.8848726241722, -27.956412239733027], [-50.883880506480125, -27.956097164052835], [-50.88240118556621, -27.956187716789657], [-50.88161622311014, -27.95591504953984], [-50.88009662246111, -27.955012444068984], [-50.87903620125962, -27.955073804812177], [-50.878942614210246, -27.954576948267515], [-50.87906890240789, -27.953553628597035], [-50.8784117830773, -27.953439575675816], [-50.87796870689027, -27.951659080801907], [-50.876204393517924, -27.950226399628605], [-50.87523817809938, -27.95044344830643], [-50.874662919558034, -27.949975218081818], [-50.87438112778677, -27.948475699294022], [-50.87499537373748, -27.94703594405354], [-50.875020320931014, -27.946028965064674], [-50.87443653951465, -27.94539173424107], [-50.87539473298052, -27.944864414061442], [-50.87541263308651, -27.94467873733379], [-50.87400224610673, -27.94427366020119], [-50.87351648719607, -27.94397431905952], [-50.87347466962029, -27.943657691149497], [-50.871675952683006, -27.944143955479092], [-50.87049434423858, -27.943451624093143], [-50.86745026231972, -27.94093975286728], [-50.86604464174678, -27.93739289506601], [-50.86724459096507, -27.934812321031757], [-50.86796529056568, -27.934279496101794], [-50.86876503787613, -27.9321684868861], [-50.86885519491125, -27.93132595792656], [-50.86396220758979, -27.928454297627695], [-50.86189654309095, -27.927619918324524], [-50.86166918638378, -27.92713519093627], [-50.86072902162698, -27.926196388652386], [-50.855942062576105, -27.923029805580995], [-50.85506041040958, -27.92278568371228], [-50.84775399794859, -27.917835038156454], [-50.846447781240045, -27.917317944167735], [-50.83943976563262, -27.913137044538928], [-50.836731304406165, -27.911354833758537], [-50.831809051346625, -27.90862778534398], [-50.83049743330986, -27.91026112954745]]]}}, {"type": "Feature", "properties": {"cod_imovel": "SC-4203402-F13E542EE703451FB878EB02783ADDF4", "municipio": "Campo Belo do Sul", "num_area": 125.6604, "mod_fiscal": 5.2358, "des_condic": "Aguardando analise", "ind_status": "AT", "dat_atuali": "27/07/2023"}, "geometry": {"type": "Polygon", "coordinates": [[[-50.76651667052769, -27.99562166998805], [-50.76508832973219, -27.99612500048458], [-50.76447806003026, -27.9965483307787], [-50.76391111055107, -27.99647667061084], [-50.76286000003351, -27.99673917016293], [-50.76220083070323, -27.99721806076852], [-50.76526833012324, -28.0057533306966], [-50.76848083024374, -28.00504389041368], [-50.76935167018172, -28.0073711100015], [-50.77013861058328, -28.00774222016829], [-50.7708266702312, -28.00766806000053], [-50.77096639026121, -28.00819360998904], [-50.77158221997365, -28.00860722037178], [-50.77339083061676, -28.00923556072667], [-50.77404305974519, -28.00866806044844], [-50.77399500064337, -28.00848889080078], [-50.77426749976851, -28.00812139063266], [-50.77547721986445, -28.00686833044841], [-50.77832889041299, -28.00532167008022], [-50.77893471976575, -28.00470333085898], [-50.77902333001731, -28.00397333004245], [-50.77874777975574, -28.00307722069308], [-50.77800861042957, -28.00266750075662], [-50.77792861071782, -28.00231139074814], [-50.77745583056905, -28.0019022205984], [-50.77732528024603, -28.0012905606086], [-50.77746639032404, -28.00072722006203], [-50.77701832986776, -28.00003861073995], [-50.7760900005514, -27.99998222001669], [-50.77399193993281, -28.00091250014293], [-50.77281333032305, -28.00006778027515], [-50.77105194042989, -28.00036306057109], [-50.77059194037574, -28.0002858302854], [-50.76941472030202, -27.99886806044211], [-50.7691650004794, -27.99896806066306], [-50.76852943988775, -27.99874722003773], [-50.76744806003001, -27.99659111051809], [-50.76651667052769, -27.99562166998805]]]}}, {"type": "Feature", "properties": {"cod_imovel": "SC-4203402-67FDC50C773342A29FC1FBE5595ED41C", "municipio": "Campo Belo do Sul", "num_area": 50.4534, "mod_fiscal": 2.1022, "des_condic": "Aguardando analise", "ind_status": "AT", "dat_atuali": "23/04/2024"}, "geometry": {"type": "Polygon", "coordinates": [[[-50.7690355651359, -28.02140293159329], [-50.76793174726734, -28.01693591003793], [-50.76298127473687, -28.01608969237076], [-50.75749947748537, -28.0157224101201], [-50.75753754542092, -28.01665680155816], [-50.75871114843373, -28.01692993831456], [-50.75789126274056, -28.02076367749552], [-50.75966588458078, -28.02162865245044], [-50.760730504989624, -28.017997296018493], [-50.76225936724128, -28.02028443476781], [-50.76396798007278, -28.02101209863403], [-50.76564279670806, -28.02227490223004], [-50.76645708689016, -28.02078538873741], [-50.7690355651359, -28.02140293159329]]]}}, {"type": "Feature", "properties": {"cod_imovel": "SC-4203402-02A5B59F57494FCB848213F5239DE4E0", "municipio": "Campo Belo do Sul", "num_area": 26.6768, "mod_fiscal": 1.1115, "des_condic": "Aguardando analise", "ind_status": "AT", "dat_atuali": "05/04/2024"}, "geometry": {"type": "Polygon", "coordinates": [[[-50.77549312736542, -28.02308761024701], [-50.77797556664451, -28.02362949870399], [-50.77857702385472, -28.02116767527544], [-50.77460289001465, -28.018612936386894], [-50.76810305956372, -28.0175267098629], [-50.76854957717529, -28.01923518205839], [-50.77282200998295, -28.01998915490511], [-50.77549312736542, -28.02308761024701]]]}}, {"type": "Feature", "properties": {"cod_imovel": "SC-4203402-C15E083B8FFA41B293409AFD07ED18A0", "municipio": "Campo Belo do Sul", "num_area": 13.8282, "mod_fiscal": 0.5762, "des_condic": "Aguardando analise", "ind_status": "AT", "dat_atuali": "05/04/2024"}, "geometry": {"type": "Polygon", "coordinates": [[[-50.77542353655272, -28.02312811969416], [-50.77277585186278, -28.02001701665744], [-50.76856095009335, -28.01930972407821], [-50.76915566095555, -28.02169796756982], [-50.77542353655272, -28.02312811969416]]]}}, {"type": "Feature", "properties": {"cod_imovel": "SC-4203402-0C9B291BDE19462ABBD07AA03B8BEC33", "municipio": "Campo Belo do Sul", "num_area": 19.6592, "mod_fiscal": 0.82, "des_condic": "Aguardando analise", "ind_status": "AT", "dat_atuali": "27/03/2024"}, "geometry": {"type": "Polygon", "coordinates": [[[-50.7460264369444, -28.0185377533333], [-50.7461150413889, -28.0183712925], [-50.7494049888889, -28.0205865083333], [-50.7527029713889, -28.0162185386111], [-50.75182903888891, -28.0161230211111], [-50.7497376886111, -28.0152152116666], [-50.7495276911111, -28.0149633394444], [-50.74860793416671, -28.0161232297222], [-50.74721348027779, -28.0172364736111], [-50.7460694502778, -28.0179244147222], [-50.7458886477778, -28.0183623794444], [-50.7460264369444, -28.0185377533333]]]}}, {"type": "Feature", "properties": {"cod_imovel": "SC-4203402-58AA85C94E654B8CB394F067FF18C8A7", "municipio": "Campo Belo do Sul", "num_area": 266.1268, "mod_fiscal": 11.1433, "des_condic": "Aguardando analise", "ind_status": "AT", "dat_atuali": "11/12/2023"}, "geometry": {"type": "Polygon", "coordinates": [[[-50.73372304, -28.03311219], [-50.74118909, -28.03630392], [-50.74227199, -28.03644922], [-50.74273348, -28.03712793], [-50.74400363, -28.03804598], [-50.74450531, -28.03886725], [-50.74402005, -28.04060066], [-50.74409951, -28.04140025], [-50.74431296, -28.04184423], [-50.74489757, -28.04214775], [-50.74594836, -28.04206661], [-50.74696423, -28.0414782], [-50.74849462, -28.03916571], [-50.74970608, -28.03798588], [-50.75054451, -28.03622118], [-50.75338841, -28.03305323], [-50.75578591, -28.03229934], [-50.75645162, -28.03237349], [-50.75809166, -28.03275089], [-50.75977169, -28.03358398], [-50.76072937, -28.03438321], [-50.76213422, -28.03479522], [-50.76309785, -28.03472376], [-50.76359063, -28.03446037], [-50.76427839, -28.0337483], [-50.76427024, -28.0324347], [-50.76503653, -28.03191564], [-50.76575662, -28.03170878], [-50.76642558, -28.0310803], [-50.76636129, -28.02967969], [-50.76569801, -28.0296227], [-50.76463273, -28.02912855], [-50.76320962, -28.02791335], [-50.76300089, -28.02703648], [-50.76305334, -28.0261193], [-50.75780492, -28.02462346], [-50.75666664, -28.02586742], [-50.75914309, -28.03056558], [-50.75760596, -28.03033098], [-50.75713684, -28.03008109], [-50.75263424, -28.02628429], [-50.74998595, -28.02982356], [-50.74637538, -28.0319904], [-50.74300847, -28.02936853], [-50.74244757, -28.03054654], [-50.74151375, -28.03085072], [-50.74056279, -28.03072548], [-50.73985307, -28.03040475], [-50.73895181, -28.02976432], [-50.73819618, -28.02876128], [-50.73711566, -28.02636], [-50.73674668, -28.02611238], [-50.73441931, -28.02558798], [-50.73315865, -28.0257573], [-50.73214359, -28.02685893], [-50.73188768, -28.02744885], [-50.73153653, -28.02976706], [-50.7302392, -28.03218067], [-50.73032991, -28.03310557], [-50.73094695, -28.03350398], [-50.73158879, -28.03367698], [-50.73372304, -28.03311219]]]}}, {"type": "Feature", "properties": {"cod_imovel": "SC-4203402-1D3EC470FC924882A0C28691970C0456", "municipio": "Campo Belo do Sul", "num_area": 55.5883, "mod_fiscal": 2.3162, "des_condic": "Aguardando analise", "ind_status": "AT", "dat_atuali": "07/12/2023"}, "geometry": {"type": "Polygon", "coordinates": [[[-50.74406945, -28.02614072], [-50.74300847, -28.02936853], [-50.74637538, -28.0319904], [-50.74998595, -28.02982356], [-50.75276272, -28.02611258], [-50.74796489, -28.02435095], [-50.7481093, -28.02363888], [-50.74489285, -28.02283665], [-50.74435073, -28.02448896], [-50.74406945, -28.02614072]]]}}, {"type": "Feature", "properties": {"cod_imovel": "SC-4203402-F617C01EAC014CE4BCB7F8307B6B24C0", "municipio": "Campo Belo do Sul", "num_area": 10.1376, "mod_fiscal": 0.4224, "des_condic": "Aguardando analise", "ind_status": "AT", "dat_atuali": "14/05/2021"}, "geometry": {"type": "Polygon", "coordinates": [[[-50.7499360919335, -28.0108046848147], [-50.7481909711097, -28.013886354738], [-50.7488042526185, -28.0139346849142], [-50.7494363251132, -28.0142199056495], [-50.7497294278578, -28.0145007459662], [-50.7495006978121, -28.0149533748658], [-50.7496633367862, -28.015159884686], [-50.7507328714622, -28.0154285171875], [-50.7512414437616, -28.0146797379399], [-50.7516378892487, -28.0137098704222], [-50.7516110107702, -28.0126495553393], [-50.7511406934059, -28.0117358915622], [-50.7499360919335, -28.0108046848147]]]}}, {"type": "Feature", "properties": {"cod_imovel": "SC-4203402-C3DB654553274326A98525DC2A2E427F", "municipio": "Campo Belo do Sul", "num_area": 8.4041, "mod_fiscal": 0.3502, "des_condic": "Aguardando analise", "ind_status": "AT", "dat_atuali": "25/11/2022"}, "geometry": {"type": "Polygon", "coordinates": [[[-50.7764080666667, -28.0153955391666], [-50.7758051733334, -28.0154875261111], [-50.7749304405555, -28.016379865], [-50.7733629602778, -28.0162746086111], [-50.7726068944445, -28.0165898688889], [-50.7725732194444, -28.0180158133333], [-50.7773104569444, -28.0180471116667], [-50.7763605416667, -28.0167106372222], [-50.7764080666667, -28.0153955391666]]]}}, {"type": "Feature", "properties": {"cod_imovel": "SC-4203402-C039DD66944E4D41BAFE83AB6EDD4EE4", "municipio": "Campo Belo do Sul", "num_area": 11.8272, "mod_fiscal": 0.4928, "des_condic": "Aguardando analise", "ind_status": "AT", "dat_atuali": "14/05/2021"}, "geometry": {"type": "Polygon", "coordinates": [[[-50.7461354657168, -28.0100882664505], [-50.7470655790794, -28.0138189058077], [-50.7474248608404, -28.0136716385334], [-50.7481909711097, -28.013886354738], [-50.7504524201613, -28.0098928738697], [-50.7456790828827, -28.0098777374083], [-50.7461354657168, -28.0100882664505]]]}}, {"type": "Feature", "properties": {"cod_imovel": "SC-4203402-B9A31799A77447A993FA3CB35F668DD6", "municipio": "Campo Belo do Sul", "num_area": 19.9472, "mod_fiscal": 0.8311, "des_condic": "Aguardando analise", "ind_status": "AT", "dat_atuali": "05/07/2021"}, "geometry": {"type": "Polygon", "coordinates": [[[-50.76082849580725, -28.00665950193804], [-50.76120569230219, -28.01042558344802], [-50.76020589106035, -28.01082947993578], [-50.75747652430172, -28.01273826148824], [-50.76004011673113, -28.0126641284224], [-50.76237967273151, -28.01169447275238], [-50.76261060801675, -28.01026136737334], [-50.76451580778274, -28.008230834855], [-50.764431991248, -28.00691404124633], [-50.76457718672976, -28.00586551114096], [-50.76082849580725, -28.00665950193804]]]}}, {"type": "Feature", "properties": {"cod_imovel": "SC-4203402-2781CE02D1EE418EB69AC0F12BCD10EA", "municipio": "Campo Belo do Sul", "num_area": 2.8679, "mod_fiscal": 0.1195, "des_condic": "Aguardando analise", "ind_status": "AT", "dat_atuali": "15/06/2023"}, "geometry": {"type": "Polygon", "coordinates": [[[-50.75377538579571, -28.00949670751836], [-50.75419724712079, -28.01082587457346], [-50.75396671225705, -28.01156492959882], [-50.75427711009979, -28.011959098165836], [-50.75440191622521, -28.01251582877501], [-50.754743814468384, -28.01264107629433], [-50.75504958629608, -28.01008837210293], [-50.75392804022077, -28.00946469780928], [-50.75294361538315, -28.00851097600087], [-50.75258986598821, -28.00811240708132], [-50.75217118138154, -28.00718717110766], [-50.75249614680349, -28.00817580171185], [-50.75377538579571, -28.00949670751836]]]}}, {"type": "Feature", "properties": {"cod_imovel": "SC-4203402-B7A0773204364998831B0347DEF89E10", "municipio": "Campo Belo do Sul", "num_area": 12.3592, "mod_fiscal": 0.515, "des_condic": "Aguardando analise", "ind_status": "AT", "dat_atuali": "06/05/2023"}, "geometry": {"type": "Polygon", "coordinates": [[[-50.7547652721405, -28.012645812238468], [-50.7558856914172, -28.01284684847852], [-50.75869512845821, -28.01195042911325], [-50.75889587402344, -28.00893276812346], [-50.758230686187744, -28.00883804593605], [-50.75716853141785, -28.009396905637747], [-50.757286548614495, -28.0100315394102], [-50.7563853263855, -28.010050483644438], [-50.75494786211942, -28.00941770699068], [-50.75506567955017, -28.011547067620576], [-50.7547652721405, -28.012645812238468]]]}}, {"type": "Feature", "properties": {"cod_imovel": "SC-4203402-3B784B746EA549048612C2334EC72FF6", "municipio": "Campo Belo do Sul", "num_area": 24.9513, "mod_fiscal": 1.0396, "des_condic": "Aguardando analise", "ind_status": "AT", "dat_atuali": "20/05/2015"}, "geometry": {"type": "Polygon", "coordinates": [[[-50.75436576553587, -28.02393118874689], [-50.7460770494599, -28.01841292307356], [-50.74608564376831, -28.020317768266985], [-50.74542045593262, -28.022401415016333], [-50.74603421484883, -28.0228767872368], [-50.74763846830565, -28.02353718390872], [-50.7489520764081, -28.02377810645806], [-50.75100985609485, -28.02363810531308], [-50.75369148974379, -28.02482971618391], [-50.75436576553587, -28.02393118874689]]]}}, {"type": "Feature", "properties": {"cod_imovel": "SC-4203402-5E1E00207D6B400A9E7A632531905CE2", "municipio": "Campo Belo do Sul", "num_area": 10.5634, "mod_fiscal": 0.4401, "des_condic": "Aguardando analise", "ind_status": "AT", "dat_atuali": "01/06/2015"}, "geometry": {"type": "Polygon", "coordinates": [[[-50.74939482946256, -28.00333235664156], [-50.75001884265456, -28.00307021133483], [-50.7498532049858, -28.00226834906052], [-50.74918097160546, -28.00204588131658], [-50.74893661456346, -28.00217829182168], [-50.7479473112511, -28.00111942631676], [-50.74684351952618, -28.00040855150991], [-50.7445169908941, -28.0015383529696], [-50.74694161859644, -28.00360242030372], [-50.74795538479806, -28.00365221094415], [-50.74867846557581, -28.00312778453982], [-50.74886295094962, -28.00334361240341], [-50.74919069222602, -28.00312703491658], [-50.74939482946256, -28.00333235664156]]]}}, {"type": "Feature", "properties": {"cod_imovel": "SC-4203402-75D1C99FED754F4F9F717362425B45ED", "municipio": "Campo Belo do Sul", "num_area": 6.7455, "mod_fiscal": 0.2811, "des_condic": "Aguardando analise", "ind_status": "AT", "dat_atuali": "30/03/2016"}, "geometry": {"type": "Polygon", "coordinates": [[[-50.74526550793217, -28.00360376790128], [-50.74507713317871, -28.004613351679563], [-50.74565649032593, -28.005598496991094], [-50.747501850128174, -28.005257486171928], [-50.74814558029175, -28.005503771871812], [-50.74866056442261, -28.00529537631624], [-50.747201442718506, -28.00393132272532], [-50.74729436033151, -28.00376133704728], [-50.74787547209608, -28.00373819177717], [-50.74873742708656, -28.00323940306666], [-50.74885959121911, -28.0033818127038], [-50.74917481123568, -28.00315681174412], [-50.74934121056685, -28.00335927164806], [-50.74967187872046, -28.00337680978872], [-50.750184059143066, -28.003002998599964], [-50.74986204294893, -28.00216561757421], [-50.74902215422935, -28.00201859631471], [-50.74907779991009, -28.00283284581808], [-50.74814313306167, -28.00355408590973], [-50.74724606052334, -28.00368855666587], [-50.74551755943863, -28.00349559888922], [-50.74526550793217, -28.00360376790128]]]}}, {"type": "Feature", "properties": {"cod_imovel": "SC-4203402-AD18460C7B6A4F0780C0AAEFE02E51DE", "municipio": "Campo Belo do Sul", "num_area": 33.2597, "mod_fiscal": 1.3858, "des_condic": "Aguardando analise", "ind_status": "AT", "dat_atuali": "22/10/2016"}, "geometry": {"type": "Polygon", "coordinates": [[[-50.75965078812742, -27.99979318180858], [-50.75919282238854, -28.00034232200346], [-50.75810604358807, -28.00065672024848], [-50.75783365997295, -28.00117723051944], [-50.75571782329907, -28.00194997443941], [-50.75499744566328, -28.0020321868066], [-50.75448263900267, -28.00189938039327], [-50.75355894308972, -28.00163113517685], [-50.75287353485167, -28.00116860982232], [-50.74975169124483, -28.00322450025766], [-50.75067450854292, -28.00431597149421], [-50.75157600441768, -28.00497365778021], [-50.75722996669054, -28.00441848269791], [-50.76173856598616, -28.00234265523391], [-50.76069780369642, -28.00182550908989], [-50.75965078812742, -27.99979318180858]]]}}, {"type": "Feature", "properties": {"cod_imovel": "SC-4203402-B79E0D99E2744A3DA87421409032352F", "municipio": "Campo Belo do Sul", "num_area": 12.2111, "mod_fiscal": 0.5088, "des_condic": "Aguardando analise", "ind_status": "AT", "dat_atuali": "18/05/2015"}, "geometry": {"type": "Polygon", "coordinates": [[[-50.75793711874364, -27.99764245566771], [-50.75464725494385, -27.99951697537337], [-50.75700759887695, -28.001373675694758], [-50.75758696134464, -28.00123658034428], [-50.7591043617788, -28.00031359034189], [-50.76041496294941, -27.99919520860601], [-50.75793711874364, -27.99764245566771]]]}}, {"type": "Feature", "properties": {"cod_imovel": "SC-4203402-F44049C65B0C4DFB9D54D0F44ECEF710", "municipio": "Campo Belo do Sul", "num_area": 5.29, "mod_fiscal": 0.2204, "des_condic": "Aguardando analise", "ind_status": "AT", "dat_atuali": "06/04/2017"}, "geometry": {"type": "Polygon", "coordinates": [[[-50.75625771317334, -28.02254736401304], [-50.75813138369286, -28.02113937033943], [-50.75787858363814, -28.02075884154332], [-50.75675050287239, -28.02002457264395], [-50.75611688657272, -28.01979904705457], [-50.75529553283172, -28.01974623598463], [-50.75542766813093, -28.02134367295522], [-50.75573019652247, -28.02212614688459], [-50.75625771317334, -28.02254736401304]]]}}, {"type": "Feature", "properties": {"cod_imovel": "SC-4203402-60F3FC2E31A949F3949932A7AA1B3475", "municipio": "Campo Belo do Sul", "num_area": 9.48, "mod_fiscal": 0.395, "des_condic": "Aguardando analise", "ind_status": "AT", "dat_atuali": "09/04/2019"}, "geometry": {"type": "Polygon", "coordinates": [[[-50.75390993620001, -28.0273694963], [-50.75713683970001, -28.0300810866], [-50.7576059564, -28.0303309774], [-50.7591430862, -28.0305655806], [-50.7572610056, -28.0269422027], [-50.75390993620001, -28.0273694963]]]}}, {"type": "Feature", "properties": {"cod_imovel": "SC-4203402-6F2F6AA941D74E07BA89E52364D81170", "municipio": "Campo Belo do Sul", "num_area": 17.8651, "mod_fiscal": 0.7444, "des_condic": "Aguardando analise", "ind_status": "AT", "dat_atuali": "02/09/2022"}, "geometry": {"type": "Polygon", "coordinates": [[[-50.75428264308047, -27.99949081797616], [-50.74993913169957, -27.99773709243033], [-50.74889659881591, -27.997053956193298], [-50.74676225280695, -27.99842109796512], [-50.74702523533862, -27.99916541394645], [-50.74999282169518, -27.99921628734691], [-50.75038165486139, -27.99936067300797], [-50.75220538316465, -28.00062898259457], [-50.75465361731718, -28.00203962533751], [-50.756793022155755, -28.001638915986177], [-50.75428264308047, -27.99949081797616]]]}}, {"type": "Feature", "properties": {"cod_imovel": "SC-4203402-F1C080BCFF014F4BB559DB70ADE28420", "municipio": "Campo Belo do Sul", "num_area": 23.7724, "mod_fiscal": 0.9905, "des_condic": "Aguardando analise", "ind_status": "AT", "dat_atuali": "09/06/2017"}, "geometry": {"type": "Polygon", "coordinates": [[[-50.77853856939557, -28.02127986003902], [-50.77831182270904, -28.0200462894489], [-50.77756753705763, -28.01888558613635], [-50.7774514158321, -28.01834609173669], [-50.77634609431352, -28.01692976864899], [-50.77633789480922, -28.01541193336827], [-50.77518015689529, -28.01607574417457], [-50.7726226265123, -28.01654567995869], [-50.76776158675509, -28.01643178090255], [-50.76810453300195, -28.01752498801737], [-50.77449417952383, -28.01885123918794], [-50.77853856939557, -28.02127986003902]]]}}, {"type": "Feature", "properties": {"cod_imovel": "SC-4203402-6D2A368E8D704E9BAC105E166CAFA76B", "municipio": "Campo Belo do Sul", "num_area": 56.0175, "mod_fiscal": 2.3341, "des_condic": "Aguardando analise", "ind_status": "AT", "dat_atuali": "25/04/2016"}, "geometry": {"type": "Polygon", "coordinates": [[[-50.75167722379189, -28.00500881921013], [-50.75226775776487, -28.00659009025071], [-50.75417466241849, -28.00649161598068], [-50.75554847717285, -28.00773926247495], [-50.765419006347656, -28.005958451684727], [-50.762457847595215, -27.99728131416821], [-50.76195101394681, -27.99739671778018], [-50.76048509416753, -27.99915955385572], [-50.75993136505418, -27.99952750121241], [-50.76084542964152, -28.00268988463733], [-50.76176771137039, -28.00333285528266], [-50.7584202794235, -28.00451628317743], [-50.75658655081118, -28.00454624733073], [-50.75167722379189, -28.00500881921013]]]}}, {"type": "Feature", "properties": {"cod_imovel": "SC-4203402-9306DF4E38A54FFFA08187D4B82A3A74", "municipio": "Campo Belo do Sul", "num_area": 13.0, "mod_fiscal": 0.5417, "des_condic": "Aguardando analise", "ind_status": "AT", "dat_atuali": "22/12/2015"}, "geometry": {"type": "Polygon", "coordinates": [[[-50.76453348323503, -28.02404190025326], [-50.76561073321174, -28.02231211378564], [-50.76401018089428, -28.02111184983835], [-50.7622575518052, -28.02029915977113], [-50.76176381233784, -28.01959009506939], [-50.7608640733201, -28.02055270523796], [-50.75971841604964, -28.02134798601043], [-50.75979681537996, -28.02169442969271], [-50.76453348323503, -28.02404190025326]]]}}, {"type": "Feature", "properties": {"cod_imovel": "SC-4203402-D0200BAF301D46AD80D44801F12A6202", "municipio": "Campo Belo do Sul", "num_area": 34.6276, "mod_fiscal": 1.4428, "des_condic": "Aguardando analise", "ind_status": "AT", "dat_atuali": "28/03/2016"}, "geometry": {"type": "Polygon", "coordinates": [[[-50.77222044065685, -28.02216834921059], [-50.77096701020706, -28.0280021993711], [-50.77373742125507, -28.02773679867173], [-50.77543926174396, -28.02781153909139], [-50.77767052491228, -28.02746677729657], [-50.77817494904728, -28.0272190979134], [-50.77817206847372, -28.02504615731897], [-50.77776434962673, -28.02448664241736], [-50.77792357578655, -28.02340394918841], [-50.77563570109288, -28.02304434540844], [-50.77222044065685, -28.02216834921059]]]}}, {"type": "Feature", "properties": {"cod_imovel": "SC-4203402-63FF3E9BA075441DAA354401AACFF3FD", "municipio": "Campo Belo do Sul", "num_area": 18.6671, "mod_fiscal": 0.7778, "des_condic": "Aguardando analise", "ind_status": "AT", "dat_atuali": "01/06/2015"}, "geometry": {"type": "Polygon", "coordinates": [[[-50.76863765716552, -28.00533326644725], [-50.763423442840576, -28.006261570493905], [-50.76255723297408, -28.01002108683592], [-50.76347887633222, -28.01018831381892], [-50.76426402781575, -28.00950367271656], [-50.76511114960295, -28.00912555107483], [-50.76597826818661, -28.00899682542779], [-50.765483379364014, -28.008118154589667], [-50.76729598692246, -28.00768366850588], [-50.768208503723145, -28.008004487095178], [-50.7693886756897, -28.007682428542807], [-50.76863765716552, -28.00533326644725]]]}}, {"type": "Feature", "properties": {"cod_imovel": "SC-4203402-A0A0541174F244709BA960DB080ACCCF", "municipio": "Campo Belo do Sul", "num_area": 28.3662, "mod_fiscal": 1.1819, "des_condic": "Aguardando analise", "ind_status": "AT", "dat_atuali": "01/06/2015"}, "geometry": {"type": "Polygon", "coordinates": [[[-50.75195488388145, -28.00571566881585], [-50.75225338498701, -28.00719231805081], [-50.75270874870901, -28.00810928313904], [-50.75382622980142, -28.0094649569553], [-50.75580403705606, -28.00969380874309], [-50.75569993435284, -28.01029810722025], [-50.75745713820036, -28.01034899443842], [-50.75752427480752, -28.00969647778644], [-50.76065418504933, -28.0089780330647], [-50.7625130581789, -28.00998741875274], [-50.76336119157244, -28.00611503685637], [-50.76061925207311, -28.00665931454703], [-50.75719268535094, -28.00781318623609], [-50.75552348692868, -28.007987735826], [-50.75479362295235, -28.00743895140088], [-50.75402187248003, -28.00711358697637], [-50.75303446647688, -28.00590929780086], [-50.75195488388145, -28.00571566881585]]]}}, {"type": "Feature", "properties": {"cod_imovel": "SC-4203402-473B4A71C2F84E41A222094B0A6734B0", "municipio": "Campo Belo do Sul", "num_area": 21.2305, "mod_fiscal": 0.8846, "des_condic": "Aguardando analise", "ind_status": "AT", "dat_atuali": "04/05/2016"}, "geometry": {"type": "Polygon", "coordinates": [[[-50.75232188608792, -28.00815599681931], [-50.75211950485335, -28.00654209201381], [-50.75137110567567, -28.00702023527323], [-50.75033605091704, -28.0086276831461], [-50.74954604049777, -28.01062307731302], [-50.75078612502052, -28.01144986759284], [-50.75137784246486, -28.0131015195981], [-50.75129866210821, -28.01350377519744], [-50.75348899686324, -28.01384434687687], [-50.75407295043576, -28.01378130603726], [-50.75404992425133, -28.0127125104564], [-50.75434763065089, -28.01242398944543], [-50.75395014626749, -28.01162674720546], [-50.75408359551596, -28.01086897911542], [-50.75380169423703, -28.00972568568135], [-50.75232188608792, -28.00815599681931]]]}}, {"type": "Feature", "properties": {"cod_imovel": "SC-4203402-6639C06901CA4E8BB1692566CA884F0E", "municipio": "Campo Belo do Sul", "num_area": 13.6474, "mod_fiscal": 0.5686, "des_condic": "Aguardando analise", "ind_status": "AT", "dat_atuali": "27/04/2015"}, "geometry": {"type": "Polygon", "coordinates": [[[-50.74672146853757, -27.99960334646282], [-50.74705265932692, -28.00037182850118], [-50.74831477896787, -28.00126064111763], [-50.74885569655086, -28.00194620846469], [-50.74988781882691, -28.00223648384758], [-50.75008109549719, -28.00301182350882], [-50.75302994429109, -28.00121631915851], [-50.75055677205525, -27.99947869288186], [-50.75002168703708, -27.99927180395212], [-50.74701403721947, -27.99919840857357], [-50.74672146853757, -27.99960334646282]]]}}, {"type": "Feature", "properties": {"cod_imovel": "SC-4203402-892119C381344690A7AC48648AAAA406", "municipio": "Campo Belo do Sul", "num_area": 25.4022, "mod_fiscal": 1.0584, "des_condic": "Aguardando analise", "ind_status": "AT", "dat_atuali": "20/05/2015"}, "geometry": {"type": "Polygon", "coordinates": [[[-50.75076326190749, -28.00458191378961], [-50.74969849380958, -28.0033913324911], [-50.74936083614499, -28.00337559933076], [-50.74919036841297, -28.00316559723926], [-50.74887070548886, -28.00340606164259], [-50.74871659216471, -28.00325632204417], [-50.74805725360151, -28.00372667183337], [-50.74709005565733, -28.00374529791683], [-50.74782644478893, -28.00465953656643], [-50.74603519722645, -28.00493025260678], [-50.74559053419747, -28.00533051881444], [-50.74642767627469, -28.00649231510229], [-50.75038652081449, -28.01032897397353], [-50.75127081880486, -28.00715583736053], [-50.75161683924607, -28.00687958157968], [-50.75210801158609, -28.00687627065491], [-50.75214043269335, -28.00654008055428], [-50.75153499057065, -28.0050799694414], [-50.75076326190749, -28.00458191378961]]]}}, {"type": "Feature", "properties": {"cod_imovel": "SC-4203402-F52B1E37FB164A4683F82D99ED120EAC", "municipio": "Campo Belo do Sul", "num_area": 12.0602, "mod_fiscal": 0.5025, "des_condic": "Aguardando analise", "ind_status": "AT", "dat_atuali": "21/12/2015"}, "geometry": {"type": "Polygon", "coordinates": [[[-50.75772586340693, -28.00119755732062], [-50.75726815352244, -28.00142811369111], [-50.75853109359741, -28.00455651609829], [-50.76170094057065, -28.00332717835985], [-50.76075979237241, -28.00274750409151], [-50.75990738553615, -27.9995557741381], [-50.75926356716497, -28.00022018044942], [-50.75839618865044, -28.00044850625296], [-50.75772586340693, -28.00119755732062]]]}}, {"type": "Feature", "properties": {"cod_imovel": "SC-4203402-06DD508278844102918EA2AF29979005", "municipio": "Campo Belo do Sul", "num_area": 9.999999999999998, "mod_fiscal": 0.4167, "des_condic": "Aguardando analise", "ind_status": "AT", "dat_atuali": "22/12/2015"}, "geometry": {"type": "Polygon", "coordinates": [[[-50.75979681537996, -28.02169442969271], [-50.7584513050028, -28.02182595584332], [-50.75821168841626, -28.02517273794185], [-50.75869726024937, -28.02535049663188], [-50.76070092461432, -28.02500227845035], [-50.76068083804352, -28.02522520152226], [-50.76082326784041, -28.02531393084548], [-50.76234533095656, -28.0258429875259], [-50.75979681537996, -28.02169442969271]]]}}, {"type": "Feature", "properties": {"cod_imovel": "SC-4203402-098A3D3D96E64A67B30B668A3E914063", "municipio": "Campo Belo do Sul", "num_area": 8.4979, "mod_fiscal": 0.3541, "des_condic": "Aguardando analise", "ind_status": "AT", "dat_atuali": "22/12/2015"}, "geometry": {"type": "Polygon", "coordinates": [[[-50.76234533095656, -28.0258429875259], [-50.76328786915365, -28.026186138271], [-50.76315208340052, -28.02601158240414], [-50.76453348323503, -28.02404190025326], [-50.75979681537996, -28.02169442969271], [-50.76234533095656, -28.0258429875259]]]}}, {"type": "Feature", "properties": {"cod_imovel": "SC-4203402-6F54AD26360642CEB8A0E3781D33E41F", "municipio": "Campo Belo do Sul", "num_area": 16.8001, "mod_fiscal": 0.7, "des_condic": "Aguardando analise", "ind_status": "AT", "dat_atuali": "09/04/2019"}, "geometry": {"type": "Polygon", "coordinates": [[[-50.7572610056, -28.0269422027], [-50.7566666392, -28.0258674236], [-50.7578945341, -28.0246124597], [-50.757456846, -28.0242967954], [-50.7571544372, -28.0234023362], [-50.7573591178, -28.0233381993], [-50.7557176248, -28.0221248405], [-50.7526286313, -28.0262540511], [-50.75390993620001, -28.0273694963], [-50.7572610056, -28.0269422027]]]}}, {"type": "Feature", "properties": {"cod_imovel": "SC-4203402-C016CCE77A2C4A96AE2C3E4BE349EC39", "municipio": "Campo Belo do Sul", "num_area": 71.5749, "mod_fiscal": 2.9823, "des_condic": "Aguardando analise", "ind_status": "AT", "dat_atuali": "06/11/2020"}, "geometry": {"type": "Polygon", "coordinates": [[[-50.77221672139456, -28.02223806909448], [-50.77473566851619, -28.0228668498743], [-50.77407178348354, -28.02149916432274], [-50.7724947961955, -28.01949527208064], [-50.77143907110688, -28.01969102390229], [-50.76843952243497, -28.01877244984702], [-50.76916489589222, -28.02148409348317], [-50.76650273235257, -28.02084189477069], [-50.76297508604257, -28.026282830006], [-50.76320962286367, -28.02791335009632], [-50.76463273382598, -28.0291285478828], [-50.76569801028285, -28.0296227022492], [-50.766271846248, -28.02965178403665], [-50.76652592027893, -28.02886843045665], [-50.7679851708829, -28.02798779042854], [-50.7710606442817, -28.02801390451873], [-50.77221672139456, -28.02223806909448]]]}}]}