{"type": "FeatureCollection", "features": [{"type": "Feature", "properties": {"cod_imovel": "SC-4203253-FCA05B172F4B4F69939C321E607EBA3A", "municipio": "Capao Alto", "num_area": 118.4283, "mod_fiscal": 5.92, "des_condic": "Aguardando analise", "ind_status": "AT", "dat_atuali": "01/07/2026"}, "geometry": {"type": "Polygon", "coordinates": [[[-50.464079775, -27.985898272], [-50.461955307, -27.986995074], [-50.462185314, -27.987285653], [-50.460259595, -27.989406155], [-50.45071105, -27.99173895], [-50.455550023, -27.996052553], [-50.460093874, -28.002232439], [-50.46004234, -28.001922247], [-50.460287035, -28.00125033], [-50.460763946, -28.000858712], [-50.461039419, -28.000234035], [-50.463505421, -27.998839518], [-50.46404189, -27.998104008], [-50.464365203, -27.997155167], [-50.463853779, -27.99525848], [-50.46419418, -27.994165635], [-50.464416599, -27.993917715], [-50.463358719, -27.992648526], [-50.464314938, -27.992017839], [-50.465672494, -27.990261936], [-50.464079775, -27.985898272]]]}}, {"type": "Feature", "properties": {"cod_imovel": "SC-4203253-F4524AA0047547939668C6206A4F53A7", "municipio": "Capao Alto", "num_area": 66.442, "mod_fiscal": 3.3221, "des_condic": "Aguardando analise", "ind_status": "AT", "dat_atuali": "18/12/2025"}, "geometry": {"type": "Polygon", "coordinates": [[[-50.49091789000001, -27.99192382], [-50.49011496, -27.99212738], [-50.48964188, -27.99205973], [-50.48881599, -27.99294601], [-50.48803644, -27.99331981], [-50.48729024, -27.99339503], [-50.48834186, -28.00048648], [-50.49632852, -27.9994106], [-50.49757234, -27.99542138], [-50.49601172, -27.99472916], [-50.49558453, -27.99327919], [-50.49457137, -27.99324586], [-50.49455005, -27.99310605], [-50.49411666, -27.99298863], [-50.49234909, -27.99369707], [-50.49183035, -27.99371528], [-50.49093527, -27.99346246], [-50.49120196, -27.99232775], [-50.49091789000001, -27.99192382]]]}}, {"type": "Feature", "properties": {"cod_imovel": "SC-4209300-63FF8CC66D8A476384704190B9CFF153", "municipio": "Capao Alto", "num_area": 90.3704, "mod_fiscal": 4.5185, "des_condic": "Aguardando analise", "ind_status": "AT", "dat_atuali": "05/11/2025"}, "geometry": {"type": "Polygon", "coordinates": [[[-50.39368043228814, -28.03602029300563], [-50.39848535359796, -28.03172200868415], [-50.39735815587986, -28.03077221556389], [-50.39627680293914, -28.02924904061877], [-50.39613521068745, -28.02871754185717], [-50.39629412520404, -28.02807723443481], [-50.39096059040404, -28.0244575304908], [-50.38831392245647, -28.02227388396113], [-50.38770155532625, -28.02300523556758], [-50.38693185281019, -28.02344280517004], [-50.38606207258254, -28.02349304531764], [-50.38453290541285, -28.02480405307195], [-50.39368043228814, -28.03602029300563]]]}}, {"type": "Feature", "properties": {"cod_imovel": "SC-4203253-71A7E6ED612D47A18D3BE04848924FFF", "municipio": "Capao Alto", "num_area": 24.3854, "mod_fiscal": 1.2193, "des_condic": "Aguardando analise", "ind_status": "AT", "dat_atuali": "15/04/2025"}, "geometry": {"type": "Polygon", "coordinates": [[[-50.418417418987, -28.041454679701], [-50.418105041184, -28.042465977931], [-50.418401939612, -28.043288522938], [-50.419716787979, -28.042986980795], [-50.420212376738, -28.043420364685], [-50.421363618326, -28.043481538674], [-50.422289523271, -28.043353299138], [-50.422167725124, -28.043054490161], [-50.422338125907, -28.042719222577], [-50.424794557011, -28.041546707098], [-50.427361765734, -28.041353287991], [-50.426714815543, -28.040526678038], [-50.426295621159, -28.040572662636], [-50.424989286266, -28.039356970079], [-50.423876289329, -28.039259545339], [-50.418297399022, -28.040682545178], [-50.418417418987, -28.041454679701]]]}}, {"type": "Feature", "properties": {"cod_imovel": "SC-4203253-9EEF5F6FF26F4B1396EEB947BBE3401F", "municipio": "Capao Alto", "num_area": 64.976, "mod_fiscal": 3.2488, "des_condic": "Aguardando analise", "ind_status": "AT", "dat_atuali": "27/01/2025"}, "geometry": {"type": "Polygon", "coordinates": [[[-50.42296008936286, -28.04665914444374], [-50.42226698418736, -28.04331241362995], [-50.42024197196742, -28.04368392775598], [-50.42001662097199, -28.04420449485845], [-50.41946151029955, -28.04448234998541], [-50.42001742569894, -28.04492021856552], [-50.42196950392555, -28.04759748216754], [-50.42205666528518, -28.04802913811584], [-50.42177102139639, -28.04981418427469], [-50.42185063852084, -28.05032599245623], [-50.42253058843789, -28.05218627877148], [-50.42421198150477, -28.05397594223473], [-50.42494551459216, -28.05664673270037], [-50.42576795277352, -28.05753082406762], [-50.43138730397845, -28.05497956875614], [-50.43121190172693, -28.0532755593405], [-50.42602377640888, -28.04953314158033], [-50.42541302429208, -28.04884940011955], [-50.42451038888144, -28.04836641780707], [-50.42318977948312, -28.04712696515278], [-50.42296008936286, -28.04665914444374]]]}}, {"type": "Feature", "properties": {"cod_imovel": "SC-4203253-3084B39976E44C258400A0390A7D01E5", "municipio": "Capao Alto", "num_area": 31.1671, "mod_fiscal": 1.5584, "des_condic": "Aguardando analise", "ind_status": "AT", "dat_atuali": "07/01/2025"}, "geometry": {"type": "Polygon", "coordinates": [[[-50.4969600958333, -28.0349107436111], [-50.49056281333331, -28.0273452461111], [-50.4883553897222, -28.0284628088889], [-50.4900403963889, -28.0317555533333], [-50.49278698861109, -28.0351431025], [-50.4939141361111, -28.0347072805556], [-50.49571121555561, -28.0356442172222], [-50.4959570405555, -28.0356165036111], [-50.4969600958333, -28.0349107436111]]]}}, {"type": "Feature", "properties": {"cod_imovel": "SC-4203253-7E3E632C1AC743E4AF3EED1B694DAE88", "municipio": "Capao Alto", "num_area": 13.4363, "mod_fiscal": 0.6718, "des_condic": "Aguardando analise", "ind_status": "AT", "dat_atuali": "06/01/2025"}, "geometry": {"type": "Polygon", "coordinates": [[[-50.4869279005556, -28.0336121138889], [-50.48797543416671, -28.0350810216667], [-50.4892109633334, -28.0356546861111], [-50.4918185291667, -28.0350620716667], [-50.49278698861109, -28.0351431025], [-50.4900403963889, -28.0317555533333], [-50.4869279005556, -28.0336121138889]]]}}, {"type": "Feature", "properties": {"cod_imovel": "SC-4203253-F23DBADF101A4C6EA750EC12DBF01E2D", "municipio": "Capao Alto", "num_area": 420.5275, "mod_fiscal": 21.0264, "des_condic": "Aguardando analise", "ind_status": "AT", "dat_atuali": "30/01/2024"}, "geometry": {"type": "Polygon", "coordinates": [[[-50.4662090194444, -28.0399454936558], [-50.4653884111111, -28.0404487631002], [-50.4638055527778, -28.0408184797669], [-50.4630049972222, -28.0429839658779], [-50.4632276722222, -28.0437182908779], [-50.4630236694444, -28.044194326989], [-50.4637058777778, -28.0448573381001], [-50.4634729805556, -28.0451466908779], [-50.4635506666667, -28.0457430047668], [-50.4632576944444, -28.0461572186557], [-50.4618064583333, -28.0462000881001], [-50.4615850361111, -28.0458202742112], [-50.4607612277778, -28.0459274353223], [-50.4615005055556, -28.0471558964334], [-50.4609038416667, -28.0474013908779], [-50.4603163055556, -28.0473594464334], [-50.4590410333333, -28.046863676989], [-50.4588304527778, -28.0472441742112], [-50.4583451472222, -28.047469426989], [-50.458349, -28.0486395936556], [-50.4576721638889, -28.0489379214334], [-50.4575841694444, -28.0499604603223], [-50.4579944694444, -28.0501505908778], [-50.4581675527778, -28.0504136964334], [-50.4580522694444, -28.0506486936556], [-50.4569255055556, -28.0509694047667], [-50.4566211055556, -28.0517281464333], [-50.4561788083333, -28.0519568019889], [-50.4557689861111, -28.0515596047667], [-50.4548376027778, -28.0510789325445], [-50.4545290111111, -28.0510771575445], [-50.4540079305556, -28.0515263297667], [-50.4539644388889, -28.0519052908778], [-50.45351555, -28.0526559492111], [-50.4528364027778, -28.0527697575444], [-50.4524086277778, -28.0531643547666], [-50.4521998333333, -28.0541874103222], [-50.4524367194444, -28.0546588853222], [-50.4519606833333, -28.0549612686555], [-50.4519542055556, -28.0553379658777], [-50.4515762833333, -28.0561242603221], [-50.4521209555556, -28.057250024211], [-50.4521112027778, -28.0582363658777], [-50.4525986638889, -28.0590459547665], [-50.4524498444444, -28.0594810936554], [-50.452680125, -28.0598932186554], [-50.4529034277778, -28.0611486436554], [-50.4525541583333, -28.0623709408776], [-50.4517021, -28.0635565380998], [-50.4507351583333, -28.0631338297665], [-50.4507433083333, -28.0633841186553], [-50.4501716083333, -28.0642209964331], [-50.4500418194444, -28.0640633075442], [-50.4484893777778, -28.0636335880998], [-50.4478781555556, -28.0664788797664], [-50.4475145361111, -28.0673523575442], [-50.4476678833333, -28.0687087603219], [-50.4490671638889, -28.0685549853219], [-50.4492776527778, -28.0687923019886], [-50.4492375555556, -28.0690795769886], [-50.4497131777778, -28.0691059853219], [-50.4500565027778, -28.0696599630997], [-50.4526997805556, -28.0667960130997], [-50.4546569416667, -28.0682005742108], [-50.4554979277778, -28.0671207103219], [-50.4559634, -28.067201271433], [-50.4572251222222, -28.0678333797664], [-50.4589652888889, -28.0693824992108], [-50.4701151833333, -28.0647342936553], [-50.4675874777778, -28.059783749211], [-50.4726630194444, -28.0576874714332], [-50.4662090194444, -28.0399454936558]]]}}, {"type": "Feature", "properties": {"cod_imovel": "SC-4203253-B86730744A1240AD9B5699557884F27F", "municipio": "Capao Alto", "num_area": 859.6902, "mod_fiscal": 42.9845, "des_condic": "Aguardando analise", "ind_status": "AT", "dat_atuali": "09/04/2024"}, "geometry": {"type": "Polygon", "coordinates": [[[-50.49632860777624, -27.99942294789823], [-50.49749851226806, -27.995462436938936], [-50.496554374694824, -27.99519718144496], [-50.49582481384277, -27.994704562367055], [-50.49565315246582, -27.99345405767278], [-50.49550745990289, -27.99327651545106], [-50.49384418949182, -27.99305983404311], [-50.49279109212463, -27.99356913080766], [-50.4909879063274, -27.99398115261625], [-50.4908069638747, -27.99369103591119], [-50.49105093957266, -27.99216801702718], [-50.48969086581782, -27.99205364154815], [-50.48865808614226, -27.99296546690275], [-50.487220287323, -27.99341616336466], [-50.48312187194824, -27.98636759037769], [-50.48120371757203, -27.98758485347603], [-50.47818818257207, -27.98872824132967], [-50.47757048853465, -27.98824027079434], [-50.477027893066406, -27.9839421683767], [-50.47323561186974, -27.98477385227162], [-50.46674494985334, -27.98194690815178], [-50.46589457932769, -27.98213034363918], [-50.46140670776367, -27.97810577311444], [-50.46441078186035, -27.96969171244794], [-50.46427250368303, -27.96934971592967], [-50.46352720215471, -27.96907983024089], [-50.46268651136205, -27.96903859018322], [-50.46206171810992, -27.9687255657731], [-50.46159878555868, -27.96813453699592], [-50.46109391285136, -27.96802687111198], [-50.46088062317962, -27.96832335526882], [-50.46095816444973, -27.96899535064678], [-50.46074731924393, -27.9692416530962], [-50.46015058081066, -27.96913611511948], [-50.4546520646693, -27.96489573675039], [-50.45371227716934, -27.96571502671611], [-50.4534671100181, -27.96645442058155], [-50.45153617858887, -27.96878204496001], [-50.45157493273992, -27.96955328275872], [-50.45010936800746, -27.97044889379883], [-50.4496911501215, -27.97033449371621], [-50.44881199627377, -27.97044710924232], [-50.44816744856451, -27.96994109810909], [-50.44808471254996, -27.96935866823688], [-50.44788158720036, -27.96912923734467], [-50.44687392710191, -27.96901078546491], [-50.44660398784713, -27.97110579363754], [-50.44577735170008, -27.97112072597479], [-50.44531753449066, -27.97152203468135], [-50.44518014758434, -27.97195251642991], [-50.44536573070394, -27.97348255648927], [-50.44527501511084, -27.97385989468911], [-50.44492157502639, -27.97418530477576], [-50.44315018989045, -27.97463098979333], [-50.44275786249946, -27.97487940177751], [-50.44168139274522, -27.9750355802793], [-50.439348220825195, -27.9637029272089], [-50.43870881574942, -27.96324729246638], [-50.43838496931677, -27.96324853735592], [-50.43779558559433, -27.96367038963922], [-50.43708243492643, -27.96329159823749], [-50.43594418109122, -27.96325907932497], [-50.43410233857556, -27.96236703624606], [-50.43350827747455, -27.96246605738553], [-50.43298567653795, -27.96188104534372], [-50.43254347745284, -27.96196699820976], [-50.43177580634094, -27.96270721141373], [-50.43291091918945, -27.970222348274177], [-50.43351173400879, -27.971890043880748], [-50.43437050210956, -27.97357037758147], [-50.43450260868963, -27.97480419727478], [-50.43514361654886, -27.9757128072512], [-50.43591499328613, -27.976210771666384], [-50.43784419376694, -27.98088992786014], [-50.43840408325195, -27.98159248878787], [-50.4469770308224, -27.98918805237018], [-50.44805655874499, -27.98914717284724], [-50.44896125793457, -27.98947508258197], [-50.45608520507812, -27.982956825105003], [-50.45637340771438, -27.98419857337606], [-50.45704042164994, -27.98592734791119], [-50.45772728888736, -27.98680189671593], [-50.45913329186947, -27.9881294262918], [-50.46083065946773, -27.98678427690383], [-50.46107083630714, -27.98585611730883], [-50.45961865997924, -27.98395311696444], [-50.45908064742391, -27.98109129873929], [-50.46163276491332, -27.98181006424144], [-50.46203375515457, -27.98208233445384], [-50.46475410461426, -27.987504488159527], [-50.46586990356445, -27.990232993922604], [-50.46421707318583, -27.99202095572575], [-50.46336806345657, -27.99264837742197], [-50.46441923451773, -27.99392725991874], [-50.46672320313695, -27.99395221745312], [-50.46810552509919, -27.99345149474605], [-50.46832569014723, -27.99327752524341], [-50.46822387962253, -27.99307561504153], [-50.46834750179196, -27.99292629505409], [-50.47100624199361, -27.99249602120801], [-50.47234765349065, -27.99181193872011], [-50.47348589958591, -27.9916501600284], [-50.47382075398742, -27.99191921739866], [-50.47393146017969, -27.9923437872581], [-50.47270415807978, -27.99352715956438], [-50.47201470304268, -27.994431130256], [-50.47204658918039, -27.99489362142275], [-50.47296427891556, -27.99541712452517], [-50.47395877075461, -27.99551269189861], [-50.47530684724998, -27.9949719010591], [-50.47704430773477, -27.99467446299556], [-50.47741616293634, -27.99494617767076], [-50.47741712744752, -27.99522975704503], [-50.4816198348999, -27.999630651822635], [-50.4856538772583, -28.000843193153166], [-50.49632860777624, -27.99942294789823]]]}}, {"type": "Feature", "properties": {"cod_imovel": "SC-4203253-8A449FD5D496411599CE1E5C6D23FF83", "municipio": "Capao Alto", "num_area": 25.4548, "mod_fiscal": 1.2727, "des_condic": "Aguardando analise", "ind_status": "AT", "dat_atuali": "06/11/2024"}, "geometry": {"type": "Polygon", "coordinates": [[[-50.4383746363, -28.0518209357], [-50.4373568786, -28.0521010294], [-50.43689813490001, -28.0540039328], [-50.4348726653, -28.0536056466], [-50.4351421964, -28.05647020350001], [-50.43409298440001, -28.0602592886], [-50.4367466909, -28.0577588058], [-50.43767152659999, -28.0585876621], [-50.43851255009999, -28.0580216821], [-50.4400544428, -28.0558702595], [-50.4388759118, -28.0539289804], [-50.4383746363, -28.0518209357]]]}}, {"type": "Feature", "properties": {"cod_imovel": "SC-4203253-566B3A8CF57646919A35EE6CCC5F3EEE", "municipio": "Capao Alto", "num_area": 159.7062, "mod_fiscal": 7.9853, "des_condic": "Aguardando analise", "ind_status": "AT", "dat_atuali": "06/11/2024"}, "geometry": {"type": "Polygon", "coordinates": [[[-50.404436588287346, -28.015099003301998], [-50.40416339089671, -28.01450164231524], [-50.40359973907471, -28.011925946341186], [-50.40232300758362, -28.0120301377557], [-50.40178656578064, -28.012295351810547], [-50.40094971656799, -28.013242539532232], [-50.40061712265015, -28.01332778601861], [-50.399136543273926, -28.01313834929063], [-50.398428440093994, -28.01418971892361], [-50.39784908294678, -28.014483342843445], [-50.397140979766846, -28.014521229742524], [-50.39607882499695, -28.01541156803387], [-50.395660400390625, -28.016226126405627], [-50.392667055130005, -28.01731535180914], [-50.39200186729431, -28.01829090955632], [-50.388193130493164, -28.02230670467531], [-50.39310693740844, -28.02586775616454], [-50.394673347473145, -28.025602575538787], [-50.39730191230774, -28.0248638546366], [-50.407623052597046, -28.02156796115579], [-50.40650725364685, -28.020317768266985], [-50.40522390965346, -28.01796939062655], [-50.405144691467285, -28.017533195567694], [-50.40537885403364, -28.0162343734651], [-50.404436588287346, -28.015099003301998]]]}}, {"type": "Feature", "properties": {"cod_imovel": "SC-4203253-FF8D124A615A47D78D592C020EA7B112", "municipio": "Capao Alto", "num_area": 8.5045, "mod_fiscal": 0.4252, "des_condic": "Aguardando analise", "ind_status": "AT", "dat_atuali": "27/09/2025"}, "geometry": {"type": "Polygon", "coordinates": [[[-50.4351352577778, -28.0564728975], [-50.4325527952778, -28.0565866413889], [-50.4329513052778, -28.0613312391667], [-50.4340860455555, -28.0602619822222], [-50.4351352577778, -28.0564728975]]]}}, {"type": "Feature", "properties": {"cod_imovel": "SC-4203253-AF6E2ED0D2E24D27A91A7CF1AC76F601", "municipio": "Capao Alto", "num_area": 262.3819, "mod_fiscal": 13.1191, "des_condic": "Aguardando analise", "ind_status": "AT", "dat_atuali": "27/08/2025"}, "geometry": {"type": "Polygon", "coordinates": [[[-50.511829, -28.0401899436558], [-50.5067855194444, -28.0291589631004], [-50.5064249055556, -28.0290534075449], [-50.5062141388889, -28.0292249492115], [-50.50621315277781, -28.029523018656], [-50.50562496388891, -28.0298453825448], [-50.506070175, -28.0301302158782], [-50.5052303472222, -28.0307724853226], [-50.5047845527778, -28.0309058158782], [-50.50302616111109, -28.0309146408782], [-50.5024623305556, -28.0307811575448], [-50.50110729722219, -28.0312338075448], [-50.5003015888889, -28.03211489087809], [-50.5001090833333, -28.0326531519892], [-50.499616425, -28.0331672186559], [-50.4959640277778, -28.0356137881003], [-50.4957181833333, -28.035641554767], [-50.4939211138889, -28.034704554767], [-50.4927939361111, -28.0351403769892], [-50.49182546666669, -28.0350593992114], [-50.4892179194444, -28.0356520242114], [-50.4903916888889, -28.038466440878], [-50.49223172777779, -28.0408847297669], [-50.4943254083333, -28.0473377686556], [-50.49595903055561, -28.0466763242112], [-50.4968482111111, -28.0467729603223], [-50.5011768055556, -28.0466064742112], [-50.5052974, -28.0458032575446], [-50.50523426111111, -28.0456042547668], [-50.5054471083333, -28.0451829158779], [-50.5073001777778, -28.0439409547668], [-50.5080650722222, -28.0437679381001], [-50.5089101138889, -28.0433096797668], [-50.5094921027778, -28.0426861686557], [-50.51023968611109, -28.0414959269891], [-50.5106969527778, -28.0412707353224], [-50.511829, -28.0401899436558]]]}}, {"type": "Feature", "properties": {"cod_imovel": "SC-4203253-8FD46918B088446D9DA3CB075FD94E5D", "municipio": "Capao Alto", "num_area": 13.3826, "mod_fiscal": 0.6691, "des_condic": "Aguardando analise", "ind_status": "AT", "dat_atuali": "11/09/2024"}, "geometry": {"type": "Polygon", "coordinates": [[[-50.4179961138889, -28.0432927825446], [-50.4168874972222, -28.0442972242112], [-50.4189637638889, -28.0468963325445], [-50.4204660222222, -28.0477808686556], [-50.4213838944444, -28.0496602381], [-50.4215966777778, -28.0496139492111], [-50.4218005694444, -28.0483893519889], [-50.4216960972222, -28.0476261408779], [-50.4201029722222, -28.0453875492112], [-50.4193883, -28.0446882075446], [-50.4195001, -28.0444733047668], [-50.4200200611111, -28.0442130492112], [-50.4202455111111, -28.0437056131001], [-50.4205563527778, -28.0436463714335], [-50.4205741166667, -28.043433751989], [-50.4202014583333, -28.0434185297668], [-50.4197423222222, -28.0429911492113], [-50.4192006805556, -28.043021726989], [-50.4179961138889, -28.0432927825446]]]}}, {"type": "Feature", "properties": {"cod_imovel": "SC-4203253-2D8249C895E04028B2A4F03050B36FE6", "municipio": "Capao Alto", "num_area": 50.8696, "mod_fiscal": 2.5435, "des_condic": "Aguardando analise", "ind_status": "AT", "dat_atuali": "19/04/2021"}, "geometry": {"type": "Polygon", "coordinates": [[[-50.4463140361111, -28.0803764714328], [-50.4478031555556, -28.0811545630995], [-50.4486428444444, -28.0813566158772], [-50.4552790861111, -28.082456068655], [-50.4553229305556, -28.0822988769883], [-50.4559638027778, -28.0823880964328], [-50.4559372138889, -28.0825624992105], [-50.4611445472222, -28.0834571908772], [-50.4628762222222, -28.0839842130994], [-50.4626650916667, -28.0832608130994], [-50.4619906833333, -28.082074518655], [-50.4613830861111, -28.0814397880995], [-50.4601720638889, -28.0814358325439], [-50.45691215, -28.0818256992106], [-50.4544197444444, -28.0800825908773], [-50.4469457222222, -28.0765468492107], [-50.444789575, -28.0747168353218], [-50.4433586166667, -28.0751792158773], [-50.4440116333333, -28.075646632544], [-50.4445881138889, -28.0764561658773], [-50.4456908888889, -28.079416393655], [-50.4463140361111, -28.0803764714328]]]}}, {"type": "Feature", "properties": {"cod_imovel": "SC-4203253-5B315DF9695344669F2C301162DDE5AA", "municipio": "Capao Alto", "num_area": 77.1321, "mod_fiscal": 3.8566, "des_condic": "Aguardando analise", "ind_status": "AT", "dat_atuali": "15/07/2022"}, "geometry": {"type": "Polygon", "coordinates": [[[-50.39848535, -28.03172201], [-50.39120081, -28.03824251], [-50.39332714, -28.04089141], [-50.39977115, -28.04176808], [-50.40252227, -28.03392162], [-50.40173853, -28.03270381], [-50.40188776, -28.03255841], [-50.40156625, -28.03179116], [-50.40112057, -28.03162402], [-50.39848535, -28.03172201]]]}}, {"type": "Feature", "properties": {"cod_imovel": "SC-4203253-7928AE4C3F694E1987EDE773991E9355", "municipio": "Capao Alto", "num_area": 149.4746, "mod_fiscal": 7.4737, "des_condic": "Aguardando analise", "ind_status": "AT", "dat_atuali": "20/10/2023"}, "geometry": {"type": "Polygon", "coordinates": [[[-50.41399694, -28.03260083], [-50.41161806, -28.02887888999998], [-50.40769194, -28.03374555999999], [-50.40471333, -28.03714972], [-50.40560278, -28.03847944000001], [-50.40881667, -28.04229222000001], [-50.41056750000002, -28.04464583000001], [-50.41314639, -28.04715306], [-50.41600083, -28.04514639000002], [-50.418135, -28.04325], [-50.41797222, -28.04233333], [-50.41830193999998, -28.04114583], [-50.41749222, -28.03956444], [-50.41694082999999, -28.03802332999998], [-50.41691556, -28.03589528], [-50.41640278000001, -28.03337722], [-50.41594778, -28.03290944], [-50.41456027999999, -28.03289082999998], [-50.41399694, -28.03260083]]]}}, {"type": "Feature", "properties": {"cod_imovel": "SC-4203253-2A40E05A02354E2EBFC092280BD2AA8D", "municipio": "Capao Alto", "num_area": 231.776, "mod_fiscal": 11.5888, "des_condic": "Aguardando analise", "ind_status": "AT", "dat_atuali": "18/07/2023"}, "geometry": {"type": "Polygon", "coordinates": [[[-50.4770770138889, -27.9837725853235], [-50.4645791305556, -27.9872720547679], [-50.4656724944444, -27.9902619353234], [-50.4643149388889, -27.9920178381011], [-50.4633587194444, -27.9926485325455], [-50.4644166, -27.9939177131011], [-50.4654894722222, -27.99378142699], [-50.4665851527778, -27.9939699242122], [-50.468215, -27.9933617631011], [-50.4680510555556, -27.9929488603233], [-50.4707515166667, -27.9925121686566], [-50.4716630166667, -27.99203362699], [-50.4735753166667, -27.9916768075455], [-50.4738216861111, -27.99189440199], [-50.4739374972222, -27.9924012631011], [-50.4721553583333, -27.9941983186566], [-50.4720062444444, -27.9946419686566], [-50.4722758527778, -27.9949954214344], [-50.4730103222222, -27.9954136658788], [-50.4738630166667, -27.9955090964344], [-50.4754089166667, -27.9948856325455], [-50.4768319694444, -27.9946373936566], [-50.4773862805556, -27.9948790797677], [-50.4773377527778, -27.9951568408788], [-50.4815533555556, -27.9995837075454], [-50.4856368305556, -28.0008507408787], [-50.4883418194444, -28.0004864797676], [-50.4872902388889, -27.99339502699], [-50.4832923527778, -27.9861115297679], [-50.4816953, -27.9874513714345], [-50.4781601555556, -27.9887453992123], [-50.4775375777778, -27.9883047686567], [-50.4770770138889, -27.9837725853235]]]}}, {"type": "Feature", "properties": {"cod_imovel": "SC-4203253-A3A924BEC969467E99CF6483E614A918", "municipio": "Capao Alto", "num_area": 6.6161, "mod_fiscal": 0.3308, "des_condic": "Aguardando analise", "ind_status": "AT", "dat_atuali": "07/05/2024"}, "geometry": {"type": "Polygon", "coordinates": [[[-50.4793871555556, -28.0079877519897], [-50.4792608666667, -28.0082380742119], [-50.4800231722222, -28.0122689019896], [-50.4803040388889, -28.0125340436563], [-50.4822234722222, -28.0106915936563], [-50.4793871555556, -28.0079877519897]]]}}, {"type": "Feature", "properties": {"cod_imovel": "SC-4203253-E176ED90C626472195EB75EA03227F40", "municipio": "Capao Alto", "num_area": 79.2359, "mod_fiscal": 3.9618, "des_condic": "Aguardando analise", "ind_status": "AT", "dat_atuali": "29/03/2016"}, "geometry": {"type": "Polygon", "coordinates": [[[-50.49470901489257, -28.100130472741732], [-50.49758434295654, -28.097877973541706], [-50.49895763397217, -28.099127264651937], [-50.5036997795105, -28.095303630847905], [-50.50422859315763, -28.09352440513817], [-50.50243377685546, -28.092994241477435], [-50.501253604888916, -28.094395024565685], [-50.49945116043091, -28.095663285376297], [-50.49835681915283, -28.095019692210993], [-50.49736976623535, -28.09377035328477], [-50.49638271331787, -28.093069959949574], [-50.49597501754761, -28.09348641059161], [-50.49419403076172, -28.09305103033655], [-50.48850079749252, -28.08985590190413], [-50.487778186798096, -28.090325131208434], [-50.48716196793207, -28.0900978490208], [-50.485782623291016, -28.09212347520864], [-50.48926548194002, -28.09412358519777], [-50.490310192108154, -28.094887187256703], [-50.49470901489257, -28.100130472741732]]]}}, {"type": "Feature", "properties": {"cod_imovel": "SC-4203253-3D61346DFDDA49D4B034B911F31EDBCF", "municipio": "Capao Alto", "num_area": 166.3642, "mod_fiscal": 8.3182, "des_condic": "Aguardando analise", "ind_status": "AT", "dat_atuali": "07/08/2015"}, "geometry": {"type": "Polygon", "coordinates": [[[-50.4138680472222, -27.9990576408787], [-50.42123071666669, -28.0144198325451], [-50.4231341833333, -28.0136409742118], [-50.42581185277779, -28.012926171434], [-50.4281199277778, -28.0115246158785], [-50.4280886944444, -28.0105994492119], [-50.4288281861111, -28.0099043269897], [-50.4288990027778, -28.0095815992119], [-50.4285951583333, -28.0081376631008], [-50.429185625, -28.0066107464342], [-50.42849370833331, -28.0061111686564], [-50.4281823472222, -28.005417174212], [-50.4290717138889, -28.004476174212], [-50.4275278083333, -28.0021069797676], [-50.4267359305556, -28.0016514436565], [-50.42483131944441, -28.0010591603232], [-50.42354455833331, -28.0004435353232], [-50.4237468305556, -27.999894113101], [-50.4245928861111, -27.9994830075454], [-50.4246733666667, -27.998569238101], [-50.4245187638889, -27.9981969575454], [-50.4236584833333, -27.9982825769899], [-50.4231324583333, -27.9978593242121], [-50.4231282972222, -27.9976037408788], [-50.4211983722222, -27.9986025797676], [-50.4138680472222, -27.9990576408787]]]}}, {"type": "Feature", "properties": {"cod_imovel": "SC-4203253-093020312012462C879DF61B7BA09630", "municipio": "Capao Alto", "num_area": 92.9417, "mod_fiscal": 4.6471, "des_condic": "Aguardando analise", "ind_status": "AT", "dat_atuali": "12/07/2016"}, "geometry": {"type": "Polygon", "coordinates": [[[-50.39357527, -28.04096945], [-50.40269004, -28.05235466], [-50.41112618, -28.04518844], [-50.41063417, -28.04467399], [-50.40901021, -28.04434998], [-50.40588368, -28.04322025], [-50.40413146, -28.04348817], [-50.40263855, -28.04351698], [-50.40174166, -28.04325939], [-50.39990724, -28.04185131], [-50.39357527, -28.04096945]]]}}, {"type": "Feature", "properties": {"cod_imovel": "SC-4203253-BABE6E2C43B84D1CA11E0D2E693367C3", "municipio": "Capao Alto", "num_area": 61.3789, "mod_fiscal": 3.0689, "des_condic": "Aguardando analise", "ind_status": "AT", "dat_atuali": "02/06/2015"}, "geometry": {"type": "Polygon", "coordinates": [[[-50.4951923556144, -28.111950355367], [-50.4926759403972, -28.117320996321], [-50.4939042756679, -28.1179786079573], [-50.4942457253055, -28.1185011556886], [-50.4957716696525, -28.11758805822], [-50.4973706840056, -28.1160649084483], [-50.4995349926068, -28.1147044377279], [-50.500931929356, -28.114782177371], [-50.5027343179319, -28.1151417053753], [-50.5024641834652, -28.1141682975462], [-50.5011784092092, -28.1129881815947], [-50.5010940322606, -28.1121118539721], [-50.5012610852992, -28.1106672096504], [-50.5008749455987, -28.1093657955889], [-50.4991178626982, -28.1065401258422], [-50.4985782377554, -28.1050956535236], [-50.4950848907561, -28.1059005827553], [-50.4985347619769, -28.1086215071336], [-50.4951923556144, -28.111950355367]]]}}, {"type": "Feature", "properties": {"cod_imovel": "SC-4203253-E8159E5F1FE943069FB46DC1AD319710", "municipio": "Capao Alto", "num_area": 30.0, "mod_fiscal": 1.5, "des_condic": "Aguardando analise", "ind_status": "AT", "dat_atuali": "13/12/2016"}, "geometry": {"type": "Polygon", "coordinates": [[[-50.45037757110786, -28.069311816885055], [-50.44919970204623, -28.070343842667747], [-50.44862359650345, -28.072344884183682], [-50.44644992161909, -28.073355291193238], [-50.445658374025754, -28.074022630391127], [-50.44710261130894, -28.076300233648205], [-50.44742405468262, -28.076551484733493], [-50.450790053643146, -28.077939987368524], [-50.45113360691837, -28.07668091625231], [-50.4513156374649, -28.074802119562516], [-50.45106094000617, -28.072301064996136], [-50.45178226118308, -28.071327027059418], [-50.45037757110786, -28.069311816885055]]]}}, {"type": "Feature", "properties": {"cod_imovel": "SC-4203253-00ADA7E3CE3B4A7DAD9C743D9D4AC040", "municipio": "Capao Alto", "num_area": 134.311, "mod_fiscal": 6.7156, "des_condic": "Aguardando analise", "ind_status": "AT", "dat_atuali": "11/06/2015"}, "geometry": {"type": "Polygon", "coordinates": [[[-50.500046610832214, -28.014488078706552], [-50.49992322921753, -28.015487341165585], [-50.50033092498779, -28.017106979105954], [-50.49985349178314, -28.018125160076927], [-50.50513207912445, -28.02108966937883], [-50.50404042005539, -28.022905746179116], [-50.50915539264679, -28.02721259070878], [-50.510660111904144, -28.025801461069364], [-50.51205217838287, -28.025039064539957], [-50.51294803619385, -28.02432164920996], [-50.51486313343048, -28.02346690061144], [-50.51263689994812, -28.020886039561574], [-50.515244007110596, -28.017945203210413], [-50.51264226436615, -28.015212663309462], [-50.51171958446503, -28.014942720595833], [-50.50977498292923, -28.012937072402057], [-50.50882011651993, -28.0138795185903], [-50.504300594329834, -28.014914305533996], [-50.50169348716736, -28.014791173512666], [-50.50071716308594, -28.014502286294654], [-50.500046610832214, -28.014488078706552]]]}}, {"type": "Feature", "properties": {"cod_imovel": "SC-4203253-0651D494820445C8AFCF20EFF58EF8AD", "municipio": "Capao Alto", "num_area": 224.9976, "mod_fiscal": 11.2499, "des_condic": "Aguardando analise", "ind_status": "AT", "dat_atuali": "11/09/2017"}, "geometry": {"type": "Polygon", "coordinates": [[[-50.42024168, -28.01460969], [-50.4194946, -28.01473404], [-50.4156339, -28.01648438], [-50.41471002, -28.01701806], [-50.41389027, -28.0183823], [-50.41264993, -28.01903258], [-50.41206448, -28.01978359], [-50.41076805, -28.02049227], [-50.40969195, -28.02084001], [-50.40901145, -28.02081791], [-50.40874104, -28.02132599], [-50.40791898, -28.0215687], [-50.40875335, -28.0224495], [-50.40924628, -28.02324968], [-50.40940263, -28.02472436], [-50.40993149, -28.02627878], [-50.41113968, -28.02739502], [-50.41151832, -28.02844586], [-50.41332214, -28.03107579], [-50.41398624, -28.03234921], [-50.41445065, -28.03271494], [-50.4158808, -28.03275442], [-50.4166532, -28.03321294], [-50.42303303, -28.03026512], [-50.42487199, -28.02986559], [-50.42533814, -28.02982997], [-50.42785079, -28.03050634], [-50.42024168, -28.01460969]]]}}, {"type": "Feature", "properties": {"cod_imovel": "SC-4203253-0BE4B0911B9F46C59F93CCAED95B5A9A", "municipio": "Capao Alto", "num_area": 94.1594, "mod_fiscal": 4.708, "des_condic": "Aguardando analise", "ind_status": "AT", "dat_atuali": "08/03/2016"}, "geometry": {"type": "Polygon", "coordinates": [[[-50.46371854, -28.04106637], [-50.46294355, -28.04025355], [-50.45923083, -28.04029096], [-50.4578257, -28.04009649], [-50.45657397, -28.0401916], [-50.45493754, -28.03930793], [-50.4533805, -28.03924475], [-50.4511526, -28.0396242], [-50.44748704, -28.04099112], [-50.4467587, -28.04146062], [-50.44572018, -28.04150115], [-50.44905859, -28.04522462], [-50.46174625, -28.04573092], [-50.46260792, -28.04512343], [-50.46287366, -28.04452916], [-50.46334112, -28.04399804], [-50.46325629, -28.04268732], [-50.46335396, -28.04197569], [-50.46371854, -28.04106637]]]}}, {"type": "Feature", "properties": {"cod_imovel": "SC-4203253-1BB326550F7B4576AF2AE9247FF5EAC4", "municipio": "Capao Alto", "num_area": 89.5174, "mod_fiscal": 4.4759, "des_condic": "Aguardando analise", "ind_status": "AT", "dat_atuali": "23/03/2016"}, "geometry": {"type": "Polygon", "coordinates": [[[-50.50148963928223, -28.01916227405151], [-50.49931389463981, -28.01768315702774], [-50.49680716573526, -28.02129926772455], [-50.498056411743164, -28.022268820515578], [-50.50106195521553, -28.02407561084868], [-50.49829927818588, -28.02792470459537], [-50.50032551855433, -28.02986411097126], [-50.501257491594, -28.03108632768451], [-50.50215901118578, -28.030753127687], [-50.50308113122951, -28.03086310186159], [-50.50503324049862, -28.03077528319331], [-50.50592202665062, -28.03011892163701], [-50.50563418546345, -28.02976445914739], [-50.50616239454705, -28.02948053291447], [-50.50629271160275, -28.02902364836271], [-50.50698822274165, -28.02910562478883], [-50.50778964769634, -28.02896847583561], [-50.50806866699814, -28.02880319027591], [-50.50830507576085, -28.02837392780703], [-50.50909115623918, -28.02812231649597], [-50.50951278240019, -28.0276873695329], [-50.50931036943671, -28.02731497368947], [-50.50403179128045, -28.02290831834302], [-50.50504989106209, -28.02114082122329], [-50.50148963928223, -28.01916227405151]]]}}, {"type": "Feature", "properties": {"cod_imovel": "SC-4203253-432CAE3D8D5F4509B739DC6302ED92DE", "municipio": "Capao Alto", "num_area": 23.5459, "mod_fiscal": 1.1773, "des_condic": "Aguardando analise", "ind_status": "AT", "dat_atuali": "26/07/2019"}, "geometry": {"type": "Polygon", "coordinates": [[[-50.47990028025002, -28.01986772872945], [-50.47704623348868, -28.02330209734406], [-50.47891616821288, -28.02467443820406], [-50.48521091105418, -28.02063256606882], [-50.484859943389885, -28.01870764997729], [-50.48331984342945, -28.01969909745375], [-50.48145260179338, -28.01991486812454], [-50.47990028025002, -28.01986772872945]]]}}, {"type": "Feature", "properties": {"cod_imovel": "SC-4203253-599FA471EF324882BE6F2C3DE20E549E", "municipio": "Capao Alto", "num_area": 619.5148, "mod_fiscal": 30.9757, "des_condic": "Aguardando analise", "ind_status": "AT", "dat_atuali": "20/11/2014"}, "geometry": {"type": "Polygon", "coordinates": [[[-50.45384464642973, -28.01201839352838], [-50.46395552708624, -28.01638855460205], [-50.46357444945966, -28.01727528193264], [-50.46376056282621, -28.01805836336826], [-50.4650952873825, -28.0191221676276], [-50.4667862895539, -28.01995582035756], [-50.4701482464964, -28.02061867802825], [-50.47183982981526, -28.01974084806289], [-50.47547690357436, -28.02077077930287], [-50.47593116691693, -28.02163590878388], [-50.47762870788574, -28.02296967531271], [-50.48226356506348, -28.01925698715869], [-50.48060974033956, -28.01785920875087], [-50.47990047152545, -28.01634168303424], [-50.47887925080738, -28.01584278821444], [-50.47731392997665, -28.01342094600338], [-50.47700918873238, -28.01074838409715], [-50.47648382247896, -28.00910751736673], [-50.4756887194584, -28.00801846392455], [-50.47674803873354, -28.00660444202269], [-50.47744502230722, -28.00449788552473], [-50.47841850368866, -28.0036518872387], [-50.47838041200685, -28.00219389396588], [-50.47967889800798, -28.00083808098887], [-50.48192024230957, -27.999479083196963], [-50.4766845703125, -27.993795105846413], [-50.47564435825725, -27.99477186778561], [-50.47246884328737, -27.99504959657968], [-50.47220779868579, -27.99420291677161], [-50.47346373895194, -27.99271221374772], [-50.47350830892953, -27.99186585836748], [-50.47204942508381, -27.99179832406378], [-50.47134020038246, -27.99249079724327], [-50.4704483894684, -27.99259820105547], [-50.46762189213532, -27.99348017390595], [-50.46667142792862, -27.99459583406571], [-50.46618312827508, -27.99404089598939], [-50.46534619184126, -27.99378949562579], [-50.46471224462272, -27.99394638742291], [-50.4641402392675, -27.99483882587356], [-50.46429848361403, -27.99615599507283], [-50.46469958173729, -27.99748721660193], [-50.46421617021857, -27.99831860895785], [-50.4621139514357, -27.99975700039315], [-50.46126999123634, -28.00014908268182], [-50.46023734872867, -28.00170306356413], [-50.46075778977237, -28.00391206756141], [-50.46195432334521, -28.00484768770371], [-50.46177080052721, -28.00587762840117], [-50.46038778769317, -28.00574079680287], [-50.45985553039905, -28.00635905056873], [-50.45767505610461, -28.00663471156314], [-50.45718576698014, -28.0072143088772], [-50.45650834905027, -28.00745209877853], [-50.45416766627332, -28.00683915274062], [-50.45364339855426, -28.00825067141005], [-50.45133504116444, -28.0054638470317], [-50.44803276869734, -28.00279129909935], [-50.4356575012207, -27.993946682466078], [-50.43591499328613, -28.000956868203367], [-50.43852416343125, -28.00130799187592], [-50.43910277098704, -28.00191307134176], [-50.43935220238998, -28.00251518373977], [-50.4408747189453, -28.00206608905899], [-50.44123886614906, -28.00255151777763], [-50.4412971368949, -28.00305952264231], [-50.44252061511569, -28.00331282365139], [-50.44275912361229, -28.00276083446503], [-50.44350080121147, -28.00272313878701], [-50.44370075242397, -28.00330886614687], [-50.44424413225255, -28.00385659101311], [-50.44449344797393, -28.00476120917224], [-50.44538457376819, -28.00487049002781], [-50.44599710189603, -28.00431352038095], [-50.4444860333202, -28.00330341627384], [-50.44448648985008, -28.00275328411399], [-50.44539078285797, -28.00293569392378], [-50.44632566797134, -28.00353484655303], [-50.44669191809016, -28.00552945553578], [-50.44728907739585, -28.00623957891711], [-50.44792289714178, -28.00485550129748], [-50.44848375371827, -28.0051185751619], [-50.44853541202897, -28.00578258933037], [-50.44825717080621, -28.00641620081949], [-50.44934141950436, -28.00749651803108], [-50.45102038198359, -28.00818887708105], [-50.45054612309198, -28.01004337386703], [-50.4508228431061, -28.01079126503117], [-50.45157180172745, -28.01157958396518], [-50.45384464642973, -28.01201839352838]]]}}, {"type": "Feature", "properties": {"cod_imovel": "SC-4203253-9AA96CA9280A4BD5BA4A32969C514F50", "municipio": "Capao Alto", "num_area": 126.5958, "mod_fiscal": 6.3298, "des_condic": "Aguardando analise", "ind_status": "AT", "dat_atuali": "22/01/2015"}, "geometry": {"type": "Polygon", "coordinates": [[[-50.43033074185854, -28.0343164576662], [-50.42814209781418, -28.03058180458367], [-50.425872802734375, -28.03005373520125], [-50.424628257751465, -28.030091616621135], [-50.4232120513916, -28.03054619261982], [-50.416860580444336, -28.033235727989496], [-50.41724681854248, -28.03645550586712], [-50.41714936796549, -28.03753071367147], [-50.41844844818115, -28.040887277825682], [-50.43119430541992, -28.03887974562557], [-50.43123722076415, -28.036720659751243], [-50.43033074185854, -28.0343164576662]]]}}, {"type": "Feature", "properties": {"cod_imovel": "SC-4203253-A670E49478E644D1A6A70B95ED84403F", "municipio": "Capao Alto", "num_area": 510.1356, "mod_fiscal": 25.5068, "des_condic": "Aguardando analise", "ind_status": "AT", "dat_atuali": "08/03/2016"}, "geometry": {"type": "Polygon", "coordinates": [[[-50.44753137, -28.02480317], [-50.45110987, -28.03073015], [-50.46122003, -28.03273811], [-50.46513887, -28.03821901], [-50.4654947, -28.0391082], [-50.46629216, -28.04006537], [-50.46642688, -28.03988849], [-50.46679152, -28.03985225], [-50.46774585, -28.04007829], [-50.46885404, -28.03967726], [-50.46941331, -28.04011076], [-50.46975365, -28.04067381], [-50.47067713, -28.04124985], [-50.47269607, -28.04062172], [-50.47347906000001, -28.03984199], [-50.47424137, -28.03943068], [-50.47517873, -28.03922576], [-50.47553675, -28.03887191], [-50.47777521, -28.03789814], [-50.47861685, -28.03681125], [-50.48049371, -28.03578614], [-50.48258826, -28.03406739], [-50.48325836, -28.03398274], [-50.48326486, -28.03434833], [-50.48368096, -28.0345044], [-50.483941, -28.03489634], [-50.48439868, -28.03501352], [-50.48662458, -28.03323233], [-50.4845731, -28.03108827], [-50.48348402, -28.03011467], [-50.48240867, -28.02942061], [-50.48174642, -28.02840493], [-50.48104119, -28.02654798], [-50.4796416, -28.0250893], [-50.47719899, -28.02336725], [-50.47408628, -28.0219246], [-50.47147315, -28.02098612], [-50.47055922, -28.02076453], [-50.46978903, -28.02077195], [-50.46804082, -28.01998229], [-50.4663579, -28.01873762], [-50.44753137, -28.02480317]]]}}, {"type": "Feature", "properties": {"cod_imovel": "SC-4203253-B669D8FF1DCE4CE994FDAD645CD9811B", "municipio": "Capao Alto", "num_area": 96.0197, "mod_fiscal": 4.801, "des_condic": "Aguardando analise", "ind_status": "AT", "dat_atuali": "05/05/2016"}, "geometry": {"type": "Polygon", "coordinates": [[[-50.42399836789759, -28.0541867896318], [-50.42222060041836, -28.05205774566555], [-50.41834489715845, -28.05050308656582], [-50.41737673861314, -28.05202763986326], [-50.41583479555547, -28.05389076774947], [-50.41610249181522, -28.05412825375486], [-50.41595325159238, -28.05476846188907], [-50.41539869996005, -28.05579827638188], [-50.41550542488598, -28.05635821781452], [-50.41574220648306, -28.05691544674757], [-50.41673183441162, -28.057627879625528], [-50.41701078414917, -28.058252761130124], [-50.417912006378174, -28.062077714196686], [-50.41790651645945, -28.06390182785633], [-50.41812970764193, -28.06449650767133], [-50.41814411057291, -28.065839236248], [-50.41931426250671, -28.06483343828069], [-50.4214399097637, -28.06400933649402], [-50.42238603223502, -28.0628686953903], [-50.42347015949884, -28.06222702153079], [-50.42451392686379, -28.0602228840654], [-50.42459489897865, -28.05945125672034], [-50.42517764646292, -28.05839476552082], [-50.42297854353672, -28.05609990236571], [-50.4243786073946, -28.05559416028827], [-50.42399836789759, -28.0541867896318]]]}}, {"type": "Feature", "properties": {"cod_imovel": "SC-4203253-BFDF3E7EEB2C4470AA110ABFCF79BA62", "municipio": "Capao Alto", "num_area": 15.0, "mod_fiscal": 0.75, "des_condic": "Aguardando analise", "ind_status": "AT", "dat_atuali": "05/05/2016"}, "geometry": {"type": "Polygon", "coordinates": [[[-50.45113360691837, -28.07668091625231], [-50.450790053643146, -28.077939987368524], [-50.45426601652727, -28.079872324737], [-50.45554364469886, -28.076637471254642], [-50.4513156374649, -28.074802119562516], [-50.45113360691837, -28.07668091625231]]]}}, {"type": "Feature", "properties": {"cod_imovel": "SC-4203253-DDA5AA5454864366B3B5AF52C95F1BA5", "municipio": "Capao Alto", "num_area": 1383.0127, "mod_fiscal": 69.1506, "des_condic": "Aguardando analise", "ind_status": "AT", "dat_atuali": "07/10/2016"}, "geometry": {"type": "Polygon", "coordinates": [[[-50.474812424063735, -28.03935267818621], [-50.47358146852311, -28.039623381242603], [-50.47289984678639, -28.040115629276713], [-50.47248757249705, -28.04064077386149], [-50.4713778379032, -28.040835463456375], [-50.470847917242494, -28.041198746927904], [-50.47025260243505, -28.04120286155238], [-50.46999659384657, -28.041018736999174], [-50.47502399609573, -28.05492013350486], [-50.47577745141366, -28.05639694517876], [-50.467585837710836, -28.059780341082917], [-50.47011354881826, -28.064730885400156], [-50.45810090092207, -28.069781553690078], [-50.457705980000775, -28.073823986844015], [-50.45606217371239, -28.07511415267625], [-50.45426438025988, -28.079868915754787], [-50.45652406776982, -28.08142693363825], [-50.45702820541078, -28.08160495497967], [-50.458104311797044, -28.081567774661654], [-50.461297780859354, -28.081198597135874], [-50.461949496902434, -28.08160321495549], [-50.46249722820195, -28.082553644213426], [-50.462898095842654, -28.082931638234218], [-50.463405542982436, -28.083082207256588], [-50.46555198100055, -28.082781500095095], [-50.46624804248302, -28.08295066647533], [-50.46851766402928, -28.084605994614282], [-50.469774733809345, -28.085300969390502], [-50.47128117326199, -28.085875119992185], [-50.472685945549706, -28.08613680116186], [-50.473955128435996, -28.086861754008886], [-50.47528501574843, -28.087227726992065], [-50.4762212088851, -28.084891199051714], [-50.47608124676101, -28.08164218751286], [-50.476211385461724, -28.081246654466288], [-50.475952452516864, -28.080750197141953], [-50.47595013926057, -28.07848183157429], [-50.475776695092165, -28.07834681435773], [-50.47622461200591, -28.077952323359963], [-50.47636477497908, -28.077298492124534], [-50.47654181325734, -28.077120433158804], [-50.47614037231903, -28.076477443947972], [-50.47685708089724, -28.076035418010235], [-50.478790786528954, -28.076188019047816], [-50.47972049495539, -28.075978870591403], [-50.48001318269806, -28.075788145610968], [-50.480818974373825, -28.07467995402815], [-50.48078064132578, -28.074274075811722], [-50.481497822105005, -28.074002276048745], [-50.48177305637224, -28.0735063794988], [-50.48276200408267, -28.073353401093183], [-50.48251260196694, -28.07285597632848], [-50.48305464440886, -28.072196249713535], [-50.483758052326024, -28.072161615489485], [-50.48513368733846, -28.072484442324342], [-50.48629139590182, -28.071874402377397], [-50.48697277613854, -28.07084173427814], [-50.48674611040459, -28.070289788506866], [-50.48696068292207, -28.06955263316631], [-50.48685751527048, -28.068818803522294], [-50.48739064359696, -28.068890935175528], [-50.48832133382181, -28.067512643596803], [-50.48864972996345, -28.06738514210731], [-50.488536014081284, -28.066942665929822], [-50.4887403794178, -28.06655192583335], [-50.488766778849595, -28.06591950163969], [-50.489302724364634, -28.06494098254438], [-50.4899074843204, -28.064343656742192], [-50.49002128319326, -28.063138378306036], [-50.49088390489223, -28.062855476795903], [-50.490991508645564, -28.06135657869378], [-50.49177795148115, -28.060852715235857], [-50.49188743978952, -28.0602698847904], [-50.49263342842082, -28.060121982468033], [-50.49301292493178, -28.059854920687584], [-50.4936028575754, -28.05893679286937], [-50.493652992164186, -28.058618053059696], [-50.49479788543353, -28.057507432793727], [-50.49517633979025, -28.056959349650583], [-50.49523352028553, -28.056488673817235], [-50.494815977979336, -28.05572692748871], [-50.49478248468181, -28.055338452514707], [-50.494949699316116, -28.0550272740739], [-50.49628944679494, -28.05416875961872], [-50.500026461685955, -28.05365932226102], [-50.50579512747235, -28.058098736299492], [-50.5080116281538, -28.061066056877543], [-50.509863330607374, -28.061959163779004], [-50.512754224287164, -28.06519845268251], [-50.51312463187985, -28.065134772188447], [-50.51368407630798, -28.064326951374895], [-50.51590169706142, -28.06388970962371], [-50.51645271302421, -28.063525284285976], [-50.51686993431503, -28.063054559937843], [-50.51742654994965, -28.061908084886234], [-50.518766095713424, -28.060952936022748], [-50.522193557491505, -28.06190897914978], [-50.52279827945066, -28.062447213270715], [-50.52393679249698, -28.064074521498505], [-50.52516742273517, -28.064946045112713], [-50.52739023737089, -28.06582964705222], [-50.528099137732404, -28.065860839781724], [-50.5287212436154, -28.065686622005188], [-50.52890573955252, -28.065134058001878], [-50.52869785597699, -28.06371469752195], [-50.52820353895032, -28.06269402767061], [-50.528465946921756, -28.062498614716652], [-50.52832578517269, -28.062254049041222], [-50.52886711290401, -28.061428487355798], [-50.53010406086512, -28.060544745640666], [-50.53035897337315, -28.059392746686537], [-50.53084747836294, -28.05876138409821], [-50.53133729045409, -28.058375796802174], [-50.532556009495956, -28.058024485890193], [-50.52999478568019, -28.056885423410165], [-50.52707712004532, -28.056192990662723], [-50.52672676849333, -28.05728045385802], [-50.526421250982715, -28.057581351413695], [-50.52279815251546, -28.05676575872817], [-50.52213089110139, -28.05691332432748], [-50.51549543839893, -28.054442309221653], [-50.51441339743656, -28.049612021171455], [-50.50949046669779, -28.042682764318194], [-50.50890847507417, -28.043306274013514], [-50.508063435266514, -28.043764532581726], [-50.50729854097796, -28.043937547709913], [-50.50544547106225, -28.045179509697036], [-50.50523262251679, -28.045600847939014], [-50.50529576382813, -28.04579985522393], [-50.50117517236975, -28.046603072675996], [-50.49684657414928, -28.04676955743765], [-50.495957396652656, -28.046672917453765], [-50.488893687845405, -28.04932963035313], [-50.4855547199191, -28.050782989541634], [-50.48124914791237, -28.035100789741847], [-50.47934550847552, -28.036261563782876], [-50.47792401045126, -28.037698328731626], [-50.475559548617156, -28.038735465598513], [-50.474812424063735, -28.03935267818621]]]}}, {"type": "Feature", "properties": {"cod_imovel": "SC-4203253-F4F19E28DE104E008FCA1D4A8E5D74C6", "municipio": "Capao Alto", "num_area": 449.2516, "mod_fiscal": 22.4626, "des_condic": "Aguardando analise", "ind_status": "AT", "dat_atuali": "21/08/2017"}, "geometry": {"type": "Polygon", "coordinates": [[[-50.52992260555559, -28.1098277103212], [-50.5271774027778, -28.105801988099], [-50.526688, -28.1064591797657], [-50.5262650916667, -28.1078062603212], [-50.5261016361111, -28.1089773075434], [-50.5246891611111, -28.1097412464323], [-50.5239551444444, -28.1104530075434], [-50.5232221888889, -28.1135235130989], [-50.5225446472222, -28.1137050353211], [-50.52012331111111, -28.1121178575433], [-50.5190981805556, -28.11024829921], [-50.51844559166669, -28.1084248186545], [-50.5171769694444, -28.1080419464323], [-50.5132188388889, -28.1103246880989], [-50.51245284444439, -28.1098274686545], [-50.5117426222222, -28.1090210908767], [-50.5112703333333, -28.1089332019878], [-50.51084250555559, -28.1083798575434], [-50.509446175, -28.1080349158767], [-50.50829533055559, -28.1062787492101], [-50.5077018388889, -28.1067408769879], [-50.5076210444444, -28.1074685214323], [-50.5071837611111, -28.107497463099], [-50.5042431527778, -28.1062717436546], [-50.502121, -28.1050699686546], [-50.49988581666671, -28.1073526103212], [-50.5005687333333, -28.108315938099], [-50.5012895111111, -28.1098318603212], [-50.5014760472222, -28.1106189575434], [-50.501332025, -28.1128036630989], [-50.5015556333333, -28.1131728103211], [-50.50252993611111, -28.1139591047655], [-50.5030517055556, -28.1151810158766], [-50.5061690888889, -28.1157838130988], [-50.50608967222221, -28.1163172019877], [-50.5062722833333, -28.1168599269877], [-50.5070028611111, -28.117091210321], [-50.5076471222222, -28.1170733047655], [-50.5081082583333, -28.1175600686543], [-50.5083368083333, -28.1174982408766], [-50.50914580833329, -28.1178827992099], [-50.5094912888889, -28.1186608936543], [-50.5109015, -28.1193200269876], [-50.5112408694444, -28.1201471130987], [-50.5115215305556, -28.1204504242098], [-50.5150696, -28.122976396432], [-50.5179115611111, -28.1237813325431], [-50.5182100027778, -28.1230286297654], [-50.5213417194444, -28.1184805325432], [-50.5221059277778, -28.1194265158765], [-50.52347485, -28.1200946714321], [-50.5253878833333, -28.1203512630987], [-50.5263638777778, -28.1202189630987], [-50.52901551762766, -28.12075478994831], [-50.5305070188809, -28.12139380716885], [-50.53128154794712, -28.1213289559927], [-50.53379904168474, -28.12044148015454], [-50.53603594125565, -28.12307535451295], [-50.53717963172254, -28.12223533819623], [-50.53828016831606, -28.12181355770752], [-50.53900726189264, -28.12176825465835], [-50.5399174394815, -28.12194105194807], [-50.54050831003332, -28.12161514630359], [-50.54129223822169, -28.12062268403045], [-50.54165134039407, -28.11969675146269], [-50.54334059975031, -28.11755916076209], [-50.54342831596929, -28.11668031600068], [-50.54393233099869, -28.11583803034958], [-50.54409903250163, -28.11523685701033], [-50.54412541196994, -28.11432713284275], [-50.54367972036292, -28.11424656065739], [-50.54118801170559, -28.11463695674203], [-50.53929393319809, -28.11422398909991], [-50.53774884623602, -28.11438049377663], [-50.53565307447065, -28.11428620685166], [-50.53512555714439, -28.11408477529599], [-50.53204538888891, -28.1124326658767], [-50.53140978888891, -28.1119406908767], [-50.53034614444441, -28.1108051575434], [-50.52992260555559, -28.1098277103212]]]}}, {"type": "Feature", "properties": {"cod_imovel": "SC-4203253-F7B9C73328B349B39CB87B4D1F4472C0", "municipio": "Capao Alto", "num_area": 964.5046, "mod_fiscal": 48.2252, "des_condic": "Aguardando analise", "ind_status": "AT", "dat_atuali": "17/02/2016"}, "geometry": {"type": "Polygon", "coordinates": [[[-50.40809466, -28.02177777], [-50.40934313, -28.02332774], [-50.40959031, -28.02483518], [-50.41015442, -28.02664235], [-50.41123059, -28.0274824], [-50.41153551, -28.02845444], [-50.41448029, -28.03287941], [-50.41623002, -28.03302625], [-50.41680732, -28.03344788], [-50.42318786, -28.0304921], [-50.42548949, -28.03004902], [-50.42765861, -28.03070903], [-50.42912015, -28.03070617], [-50.4356586, -28.02879527], [-50.46633487, -28.01889889], [-50.46593703, -28.0184156], [-50.46550169, -28.01743431], [-50.46350965, -28.01654014], [-50.46304714, -28.01662887], [-50.46217399, -28.01571139], [-50.46121251, -28.01515111], [-50.46015271, -28.01491091], [-50.45903406, -28.0140797], [-50.45792685, -28.01387664], [-50.45573877000001, -28.01228001], [-50.45372025000001, -28.01115116], [-50.45216183, -28.01054428], [-50.45164122, -28.01015949], [-50.45117222, -28.00963776], [-50.45161804, -28.00880573], [-50.45106772, -28.00867528], [-50.45003092, -28.00663518], [-50.44924028, -28.00712482], [-50.44783122, -28.0050265], [-50.44757972, -28.00501494], [-50.44706912, -28.0065948], [-50.44639801, -28.00646192], [-50.44462885, -28.00573723], [-50.4444534, -28.00542621], [-50.44320393, -28.00541664], [-50.44245291, -28.00512753], [-50.44200314, -28.0045537], [-50.4415513, -28.0042666], [-50.4410877, -28.00420227], [-50.44067228, -28.003686], [-50.4394933, -28.00344474], [-50.43928977, -28.00273421], [-50.43872994, -28.00279358], [-50.43845124, -28.00262527], [-50.43791764, -28.003741], [-50.43739168, -28.00400236], [-50.43720134, -28.00379365], [-50.43651938, -28.00413712], [-50.43554713, -28.00534264], [-50.43551864, -28.00565327], [-50.43526956, -28.00596646], [-50.4347776, -28.00604094], [-50.43382226, -28.00702473], [-50.43387596, -28.00712245], [-50.43321834, -28.0076426], [-50.43224745, -28.00790925], [-50.43146981, -28.00791424], [-50.43032207, -28.00712673], [-50.42937292, -28.00681809], [-50.42877826, -28.00832383], [-50.4290813, -28.00979131], [-50.42899987, -28.01012548], [-50.42858461, -28.01033473], [-50.4282861, -28.01078643], [-50.42821991, -28.01183761], [-50.42763985, -28.0122734], [-50.42605698, -28.01312622], [-50.42424187, -28.0137335], [-50.42331874, -28.01386078], [-50.42140756, -28.01464178], [-50.41968345, -28.01495364], [-50.41589045, -28.01665412], [-50.41486064, -28.01724552], [-50.41405089, -28.01859138], [-50.41281182, -28.01924476], [-50.41224484, -28.0199922], [-50.41095051, -28.02071844], [-50.409809, -28.02106985], [-50.40919384, -28.02101502], [-50.40890416, -28.02153887], [-50.40809466, -28.02177777]]]}}, {"type": "Feature", "properties": {"cod_imovel": "SC-4203253-FACC81B494F4436CB2F020D6BA0F58D8", "municipio": "Capao Alto", "num_area": 72.1056, "mod_fiscal": 3.6053, "des_condic": "Aguardando analise", "ind_status": "AT", "dat_atuali": "29/12/2017"}, "geometry": {"type": "Polygon", "coordinates": [[[-50.43687749893286, -28.03623144782853], [-50.43549264151384, -28.02855189109736], [-50.42896248520852, -28.03046237552131], [-50.43134117788375, -28.03542593469586], [-50.43170394651161, -28.03675631621801], [-50.43169212959102, -28.03804773336019], [-50.43140688347686, -28.03916535431888], [-50.4304816765595, -28.04056152688808], [-50.43152005627626, -28.04027626252176], [-50.43246741744997, -28.04024443392918], [-50.43384610008472, -28.04092922851336], [-50.43559697237164, -28.04033594609552], [-50.43757526690252, -28.04035120638677], [-50.43731143875302, -28.03692086375011], [-50.43687749893286, -28.03623144782853]]]}}, {"type": "Feature", "properties": {"cod_imovel": "SC-4203253-DF38CD852EA4416891060EC9F020EE15", "municipio": "Capao Alto", "num_area": 20.5862, "mod_fiscal": 1.0293, "des_condic": "Aguardando analise", "ind_status": "AT", "dat_atuali": "20/08/2019"}, "geometry": {"type": "Polygon", "coordinates": [[[-50.48050120546486, -28.02608565348653], [-50.48646228158079, -28.02396286599508], [-50.48563787128554, -28.02223671319072], [-50.48521091105418, -28.02063256606882], [-50.47878348663282, -28.02470177311564], [-50.48050120546486, -28.02608565348653]]]}}, {"type": "Feature", "properties": {"cod_imovel": "SC-4203253-BC4FF601B17441679C2C87DDAFA1F005", "municipio": "Capao Alto", "num_area": 15.3901, "mod_fiscal": 0.7695, "des_condic": "Aguardando analise", "ind_status": "AT", "dat_atuali": "11/05/2015"}, "geometry": {"type": "Polygon", "coordinates": [[[-50.48624873941717, -28.01379775330968], [-50.48487448598578, -28.01344326637798], [-50.48492258200531, -28.01152549710466], [-50.483872890472405, -28.011603899513627], [-50.48213976987407, -28.01066064331421], [-50.48036643208688, -28.0124604901316], [-50.48382113463121, -28.01565279329145], [-50.48624873941717, -28.01379775330968]]]}}, {"type": "Feature", "properties": {"cod_imovel": "SC-4203253-B13AD758EDF049C1BD9D6B7B93926C9E", "municipio": "Capao Alto", "num_area": 121.0319, "mod_fiscal": 6.0516, "des_condic": "Aguardando analise", "ind_status": "AT", "dat_atuali": "02/06/2015"}, "geometry": {"type": "Polygon", "coordinates": [[[-50.4884002053742, -28.1052293186077], [-50.4891503506077, -28.1149262566447], [-50.4920104421178, -28.1164610791915], [-50.4926759403972, -28.117320996321], [-50.4951923556144, -28.111950355367], [-50.4920192240722, -28.1101177662905], [-50.4950848907561, -28.1059005827553], [-50.4985782377554, -28.1050956535236], [-50.4978135788853, -28.1033173614589], [-50.4944248824093, -28.1004317001924], [-50.4921764902911, -28.0976792602388], [-50.4882102286033, -28.099752187088], [-50.4867873532791, -28.1015986178603], [-50.4864016999537, -28.1015594580145], [-50.48777113184, -28.1036457711453], [-50.4884002053742, -28.1052293186077]]]}}, {"type": "Feature", "properties": {"cod_imovel": "SC-4203253-71ABD8519C9941D789A2FBFC09EA23BA", "municipio": "Capao Alto", "num_area": 56.6263, "mod_fiscal": 2.8313, "des_condic": "Aguardando analise", "ind_status": "AT", "dat_atuali": "31/10/2018"}, "geometry": {"type": "Polygon", "coordinates": [[[-50.43733710521731, -28.04746993391703], [-50.43503390415506, -28.04051510803507], [-50.4337848916358, -28.04096029998618], [-50.4324733250844, -28.04027920683919], [-50.43051674710115, -28.04050956662374], [-50.42916275117846, -28.04233215262955], [-50.42867156042833, -28.04317271220288], [-50.42846298722273, -28.04396625677654], [-50.42846776452439, -28.04492588399599], [-50.42868879811235, -28.04567647511125], [-50.42995860679694, -28.04813234893973], [-50.43733710521731, -28.04746993391703]]]}}, {"type": "Feature", "properties": {"cod_imovel": "SC-4203253-029129EA34CF450FA42F3DF2CF3AAF0B", "municipio": "Capao Alto", "num_area": 137.8742, "mod_fiscal": 6.8937, "des_condic": "Aguardando analise", "ind_status": "AT", "dat_atuali": "04/05/2016"}, "geometry": {"type": "Polygon", "coordinates": [[[-50.49423694610596, -28.047458842863488], [-50.492495153614, -28.04164059001885], [-50.489816665649414, -28.037667632574475], [-50.48967531933664, -28.03669950948499], [-50.48921585083008, -28.03566004029403], [-50.48786189215203, -28.03496735450792], [-50.48680123553365, -28.03314654674079], [-50.48621746340122, -28.03335436251023], [-50.48423767089844, -28.035319124676676], [-50.48309372465666, -28.03427062502892], [-50.48263299169548, -28.03420977387485], [-50.48192024230957, -28.034902448566356], [-50.48170566558838, -28.03562216083433], [-50.48204898834228, -28.037364602177888], [-50.484323501586914, -28.04569762706533], [-50.48595428466797, -28.050583509587696], [-50.49423694610596, -28.047458842863488]]]}}, {"type": "Feature", "properties": {"cod_imovel": "SC-4203253-B9CCD5B496A34AE4A54C3829156CF4FB", "municipio": "Capao Alto", "num_area": 51.4765, "mod_fiscal": 2.5738, "des_condic": "Aguardando analise", "ind_status": "AT", "dat_atuali": "11/05/2017"}, "geometry": {"type": "Polygon", "coordinates": [[[-50.40859530373931, -28.04414154202105], [-50.41053789743117, -28.04452545885973], [-50.40888315759999, -28.0423232524173], [-50.40539604359926, -28.03817694686908], [-50.40254493680838, -28.03392596509382], [-50.39979771894808, -28.04171604810115], [-50.40161716056385, -28.04311726134886], [-50.40236455973684, -28.04332865427107], [-50.40414709362689, -28.04334033617237], [-50.40578162867158, -28.04309258923394], [-50.40859530373931, -28.04414154202105]]]}}, {"type": "Feature", "properties": {"cod_imovel": "SC-4203253-D1F0E880A19D410AA31E51F33F7567E1", "municipio": "Capao Alto", "num_area": 329.7766, "mod_fiscal": 16.4888, "des_condic": "Aguardando analise", "ind_status": "AT", "dat_atuali": "18/08/2015"}, "geometry": {"type": "Polygon", "coordinates": [[[-50.4475286638889, -28.0249013325449], [-50.4356831861111, -28.028717293656], [-50.437061675, -28.0364682131003], [-50.4375770861111, -28.0373192797669], [-50.4374625722222, -28.0388697575447], [-50.4377683111111, -28.0404941631002], [-50.43837795, -28.040667590878], [-50.4401861888889, -28.0418846825446], [-50.4407791805556, -28.0420037631002], [-50.4419716111111, -28.0417841464335], [-50.4435554555556, -28.040458490878], [-50.4444553083333, -28.0404842325447], [-50.4456451944444, -28.0414881492113], [-50.4468091944444, -28.0414452686557], [-50.4475370166667, -28.0410216075446], [-50.4510982611111, -28.0396587881002], [-50.4536119805556, -28.0392501714336], [-50.4549986805556, -28.0393248381002], [-50.4565763527778, -28.0401322992113], [-50.4630155027778, -28.0402948769891], [-50.4636622361111, -28.0409299547669], [-50.4649812555556, -28.0401952603224], [-50.4656155333333, -28.0404663547669], [-50.4663989111111, -28.0400956269891], [-50.4658469583333, -28.0396255297669], [-50.4652809583333, -28.0382746019891], [-50.4656174722222, -28.0379163742114], [-50.464847775, -28.0376819603225], [-50.4611393111111, -28.0328063742115], [-50.4511204944444, -28.0308151158782], [-50.4475286638889, -28.0249013325449]]]}}, {"type": "Feature", "properties": {"cod_imovel": "SC-4203253-F02F185843DC4E76A4FE27F2EF84FFA1", "municipio": "Capao Alto", "num_area": 35.8904, "mod_fiscal": 1.7945, "des_condic": "Aguardando analise", "ind_status": "AT", "dat_atuali": "06/08/2015"}, "geometry": {"type": "Polygon", "coordinates": [[[-50.505266189575195, -27.997887599756385], [-50.50466537475586, -27.994912978405573], [-50.503807067871094, -27.995178234598992], [-50.50277709960937, -27.99510244718176], [-50.501124858856194, -27.994363517071083], [-50.500009059906006, -27.994875084610353], [-50.49992322921753, -27.99557611766508], [-50.500266551971436, -28.00222623145081], [-50.50483956778782, -28.00304608218448], [-50.50395727157593, -28.001714698806662], [-50.50378038291881, -27.99808150721283], [-50.505266189575195, -27.997887599756385]]]}}, {"type": "Feature", "properties": {"cod_imovel": "SC-4203253-A41D2238EE364646AC8DCF70055EC13D", "municipio": "Capao Alto", "num_area": 28.5683, "mod_fiscal": 1.4284, "des_condic": "Aguardando analise", "ind_status": "AT", "dat_atuali": "20/08/2015"}, "geometry": {"type": "Polygon", "coordinates": [[[-50.4199977244629, -28.05108886593733], [-50.42216669143834, -28.05188814816831], [-50.42155981063843, -28.050185829774357], [-50.42044401168823, -28.047799720009106], [-50.418877601623535, -28.04687177413546], [-50.41700517453757, -28.04447046704731], [-50.41653871536255, -28.04467497239875], [-50.41630268096924, -28.045356743256885], [-50.41568040847778, -28.045981696080368], [-50.41417837142944, -28.046890711886395], [-50.41360241448113, -28.04757271334184], [-50.41609452118304, -28.04927940548695], [-50.4199977244629, -28.05108886593733]]]}}, {"type": "Feature", "properties": {"cod_imovel": "SC-4203253-C947D52EB85C485E925CFBDA6D52ABF0", "municipio": "Capao Alto", "num_area": 92.9751, "mod_fiscal": 4.6488, "des_condic": "Aguardando analise", "ind_status": "AT", "dat_atuali": "22/09/2015"}, "geometry": {"type": "Polygon", "coordinates": [[[-50.43884685253394, -28.05396486245023], [-50.43734739930292, -28.04747527018945], [-50.43647288838617, -28.04762307265469], [-50.43057635625017, -28.0477271542049], [-50.43029009603963, -28.04797859323711], [-50.43010514771873, -28.04841166309612], [-50.4314380610717, -28.05071878425046], [-50.43225870233738, -28.05339808413078], [-50.43278972152959, -28.05949941049027], [-50.43282523106404, -28.06198330951101], [-50.43474571098575, -28.06554455247565], [-50.43424304711925, -28.061760116576], [-50.43439674450563, -28.06141613196314], [-50.43416742376435, -28.06094340679172], [-50.43848964497436, -28.05797764798903], [-50.43992008699933, -28.05579132567671], [-50.43884685253394, -28.05396486245023]]]}}, {"type": "Feature", "properties": {"cod_imovel": "SC-4203253-263C418A7A0748E2A37C8278FD99762C", "municipio": "Capao Alto", "num_area": 98.2041, "mod_fiscal": 4.9103, "des_condic": "Aguardando analise", "ind_status": "AT", "dat_atuali": "14/04/2016"}, "geometry": {"type": "Polygon", "coordinates": [[[-50.41240202314262, -28.0465858783641], [-50.4109511814982, -28.04522360282673], [-50.40381490778801, -28.05128379772576], [-50.40852783838002, -28.05603724163498], [-50.41234223425478, -28.05533553631074], [-50.41324433981018, -28.05557157227402], [-50.41391810079418, -28.0560647773906], [-50.41490442434833, -28.05565523962128], [-50.41543643254685, -28.05576307706024], [-50.41607167612654, -28.05412545733844], [-50.4158453922094, -28.05389973883444], [-50.41773787705889, -28.0515856815831], [-50.41834438178218, -28.05051035395088], [-50.41546603197394, -28.04902067757315], [-50.41240202314262, -28.0465858783641]]]}}, {"type": "Feature", "properties": {"cod_imovel": "SC-4203253-98C05C6F0F2D4BF99F40F03B83588D2F", "municipio": "Capao Alto", "num_area": 152.4429, "mod_fiscal": 7.6221, "des_condic": "Aguardando analise", "ind_status": "AT", "dat_atuali": "11/11/2015"}, "geometry": {"type": "Polygon", "coordinates": [[[-50.41179856, -28.02899688], [-50.41094641, -28.02740204], [-50.41000353, -28.0266719], [-50.40935455, -28.02466726], [-50.40934507, -28.02360292], [-50.40914811, -28.02315235], [-50.40785322, -28.02175193], [-50.39601727, -28.02537655], [-50.39339096, -28.02602153], [-50.39646653, -28.02819975], [-50.39633878, -28.02857792], [-50.39648593, -28.0294803], [-50.39753137, -28.03087403], [-50.39866375, -28.03184417], [-50.40132509, -28.03174291], [-50.40174203, -28.03190609], [-50.40206714, -28.03267664], [-50.40191818, -28.03282381], [-50.40473684, -28.03708847], [-50.41179856, -28.02899688]]]}}, {"type": "Feature", "properties": {"cod_imovel": "SC-4203253-37A6EDC9F6B8474AB09B03ABE169C878", "municipio": "Capao Alto", "num_area": 2.0007, "mod_fiscal": 0.1, "des_condic": "Aguardando analise", "ind_status": "AT", "dat_atuali": "06/05/2015"}, "geometry": {"type": "Polygon", "coordinates": [[[-50.49958527088165, -28.01446439938891], [-50.499306321144104, -28.01777471748048], [-50.499794483184814, -28.01800676743543], [-50.50021290779114, -28.016676025190463], [-50.499762296676636, -28.015487341165585], [-50.500062704086304, -28.01449281456947], [-50.49958527088165, -28.01446439938891]]]}}, {"type": "Feature", "properties": {"cod_imovel": "SC-4203253-8E3A7F97A2D549008E933ADF9E55D56B", "municipio": "Capao Alto", "num_area": 33.1921, "mod_fiscal": 1.6596, "des_condic": "Aguardando analise", "ind_status": "AT", "dat_atuali": "03/03/2016"}, "geometry": {"type": "Polygon", "coordinates": [[[-50.492520332336426, -28.09776440090142], [-50.48938751220703, -28.094243589437482], [-50.483851432800286, -28.098710835897844], [-50.486512184143066, -28.102231500802763], [-50.48861503601074, -28.099770833184227], [-50.492520332336426, -28.09776440090142]]]}}, {"type": "Feature", "properties": {"cod_imovel": "SC-4203253-166D2ADF3FA443FA877DF255139F200C", "municipio": "Capao Alto", "num_area": 71.8267, "mod_fiscal": 3.5913, "des_condic": "Aguardando analise", "ind_status": "AT", "dat_atuali": "09/03/2016"}, "geometry": {"type": "Polygon", "coordinates": [[[-50.49581581823755, -28.02873018440103], [-50.49299971813639, -28.02612890425255], [-50.48836119163996, -28.0284810537533], [-50.49002404453761, -28.03177604018469], [-50.48694490678653, -28.03355452756987], [-50.48766666595296, -28.0347930926656], [-50.4879929169823, -28.03504535344612], [-50.48852637645451, -28.03512676173294], [-50.49386981888129, -28.03119429503321], [-50.49698407988401, -28.03481474287024], [-50.49993642458302, -28.03287646614494], [-50.50034785137552, -28.03197590149398], [-50.50125520948419, -28.03109249818114], [-50.50032097022316, -28.02986265500461], [-50.49755268367768, -28.02725746215164], [-50.49581581823755, -28.02873018440103]]]}}, {"type": "Feature", "properties": {"cod_imovel": "SC-4203253-51D69A7901344960A7BB066145EFEEFD", "municipio": "Capao Alto", "num_area": 9.999999999999998, "mod_fiscal": 0.5, "des_condic": "Aguardando analise", "ind_status": "AT", "dat_atuali": "13/12/2016"}, "geometry": {"type": "Polygon", "coordinates": [[[-50.451782261183155, -28.071327027059326], [-50.45465693997973, -28.068200577809066], [-50.452697558032845, -28.06679601060318], [-50.45037757110786, -28.069311816885044], [-50.451782261183155, -28.071327027059326]]]}}, {"type": "Feature", "properties": {"cod_imovel": "SC-4203253-0C85B57B5407429DBF1758CD5ABA8BF1", "municipio": "Capao Alto", "num_area": 48.0355, "mod_fiscal": 2.4018, "des_condic": "Aguardando analise", "ind_status": "AT", "dat_atuali": "13/12/2016"}, "geometry": {"type": "Polygon", "coordinates": [[[-50.45549792370228, -28.06712071455154], [-50.45106094000617, -28.072301064996136], [-50.451185441409365, -28.0740200373312], [-50.4513156374649, -28.074802119562516], [-50.45554364469886, -28.076637471254642], [-50.456063809967546, -28.07511756163916], [-50.45770761628936, -28.073827395788413], [-50.4581025371642, -28.069784962631108], [-50.45896528432089, -28.069382506030315], [-50.4572251208923, -28.06783337775013], [-50.455963401881036, -28.06720127303451], [-50.45549792370228, -28.06712071455154]]]}}, {"type": "Feature", "properties": {"cod_imovel": "SC-4203253-7A82189444E0400398CA67A3E39CA62E", "municipio": "Capao Alto", "num_area": 80.0002, "mod_fiscal": 4.0, "des_condic": "Aguardando analise", "ind_status": "AT", "dat_atuali": "13/12/2016"}, "geometry": {"type": "Polygon", "coordinates": [[[-50.47198534011841, -28.041019849388114], [-50.46932579561513, -28.0400408626277], [-50.46809262456321, -28.03988111957062], [-50.46694278717041, -28.04001608920798], [-50.46638488769531, -28.039902455389893], [-50.465548038482666, -28.039485797029904], [-50.465054512023926, -28.03829263007184], [-50.463552474975586, -28.03770551131402], [-50.46200752258301, -28.038444144069857], [-50.461792945861816, -28.046814960862676], [-50.46971082687377, -28.04694752511916], [-50.47215700149536, -28.044144703187943], [-50.47252178192138, -28.040906216630322], [-50.47198534011841, -28.041019849388114]]]}}, {"type": "Feature", "properties": {"cod_imovel": "SC-4203253-3434A6F22B6B43C1A0236812AC7BB0C3", "municipio": "Capao Alto", "num_area": 89.0943, "mod_fiscal": 4.4547, "des_condic": "Aguardando analise", "ind_status": "AT", "dat_atuali": "14/03/2022"}, "geometry": {"type": "Polygon", "coordinates": [[[-50.5080012777778, -28.0894140269882], [-50.5015452277778, -28.0855653575438], [-50.5010153083333, -28.0848894769883], [-50.5009338055556, -28.0852142408772], [-50.50038595, -28.0859069658771], [-50.4994170777778, -28.0860794603216], [-50.4991742972222, -28.0881461158771], [-50.4987183722222, -28.0881285658771], [-50.4986575666667, -28.0884003242104], [-50.4978607305556, -28.0884104103215], [-50.4983700472222, -28.0899485769882], [-50.4968662138889, -28.0913473992104], [-50.4963811722222, -28.0920916992104], [-50.4961158333333, -28.0928487186548], [-50.4972906333333, -28.0933893214326], [-50.4972540972222, -28.0936061964326], [-50.4984225027778, -28.0950648992103], [-50.4992573527778, -28.0956480242103], [-50.5016964944444, -28.0934540519881], [-50.5019731638889, -28.0927482436548], [-50.5058723361111, -28.0938246353214], [-50.5066279888889, -28.0942149742103], [-50.5065538555556, -28.094488315877], [-50.5070722944444, -28.0947981797659], [-50.507779275, -28.0956849130992], [-50.5090390777778, -28.094812815877], [-50.5095977111111, -28.0930452519881], [-50.509681925, -28.0921866353215], [-50.5096126527778, -28.0903623936548], [-50.5094008722222, -28.0903527019882], [-50.5094287222222, -28.0898917019882], [-50.5095802166667, -28.0897497075437], [-50.5091193611111, -28.0893912658771], [-50.5080012777778, -28.0894140269882]]]}}, {"type": "Feature", "properties": {"cod_imovel": "SC-4203253-6E0D46207EDE431889F4703AB5010BCC", "municipio": "Capao Alto", "num_area": 49.7639, "mod_fiscal": 2.4882, "des_condic": "Aguardando analise", "ind_status": "AT", "dat_atuali": "29/12/2017"}, "geometry": {"type": "Polygon", "coordinates": [[[-50.43124118346319, -28.05324874067287], [-50.4310650798671, -28.05235431121118], [-50.43051317151222, -28.05105373187973], [-50.42775963145456, -28.04610051851578], [-50.42757452774301, -28.04540014499876], [-50.4274628156844, -28.04444503328995], [-50.42767320541021, -28.04301966521855], [-50.42873399175424, -28.04118680651506], [-50.42843682202904, -28.04110598340262], [-50.42684700673317, -28.04138975766534], [-50.42475014040877, -28.04152510329943], [-50.42229493801262, -28.04274565042493], [-50.42219701667073, -28.04297331770205], [-50.42298753793172, -28.04664552232907], [-50.42320653483068, -28.04708706442764], [-50.42474040990055, -28.04850154338184], [-50.42548260003899, -28.04886158775533], [-50.42603748394181, -28.04949694279535], [-50.43124118346319, -28.05324874067287]]]}}, {"type": "Feature", "properties": {"cod_imovel": "SC-4203253-6DCDC5E153E14A23B1AC487AF6409CC4", "municipio": "Capao Alto", "num_area": 47.251, "mod_fiscal": 2.3626, "des_condic": "Aguardando analise", "ind_status": "AT", "dat_atuali": "29/11/2018"}, "geometry": {"type": "Polygon", "coordinates": [[[-50.43483296124651, -28.06571897868091], [-50.43535337235977, -28.06658006110183], [-50.43692775566829, -28.06662601802962], [-50.43783456263514, -28.0668841469514], [-50.44028699687549, -28.06580796865245], [-50.44307010743263, -28.06416395037383], [-50.44345687750835, -28.0637682684976], [-50.43981186740131, -28.06135778073295], [-50.43722836250143, -28.05888018196752], [-50.43424998348164, -28.0609708507956], [-50.43445693823882, -28.06162927781135], [-50.43431111263468, -28.06182893336563], [-50.43483296124651, -28.06571897868091]]]}}, {"type": "Feature", "properties": {"cod_imovel": "SC-4203253-24DE0C9E97604FC08197E106F34232C1", "municipio": "Capao Alto", "num_area": 625.3755, "mod_fiscal": 31.2688, "des_condic": "Aguardando analise", "ind_status": "AT", "dat_atuali": "09/02/2021"}, "geometry": {"type": "Polygon", "coordinates": [[[-50.438206466442296, -28.002392887034233], [-50.43854766772026, -27.99570559436015], [-50.43341375328273, -27.992289462433273], [-50.43332441025608, -27.99200808195933], [-50.43398606116814, -27.9920823011078], [-50.43500021987685, -27.991741637755045], [-50.436916309279745, -27.990559097655513], [-50.437561161855925, -27.98951911034514], [-50.43848192137111, -27.989298098821884], [-50.43904106843145, -27.988858686171874], [-50.44371826069698, -27.986732760818665], [-50.44161349072248, -27.984536160093068], [-50.43770787391241, -27.98086103398215], [-50.43785875369559, -27.98080631466316], [-50.437668463193916, -27.980068566232788], [-50.436610042104434, -27.97855915151059], [-50.43659066254843, -27.978179302890467], [-50.43607374621401, -27.97694011374797], [-50.43553390233055, -27.976982222728356], [-50.434577678794504, -27.97760784442451], [-50.433595074027785, -27.977889689836157], [-50.43246006476559, -27.977623226735545], [-50.430610285197226, -27.975934019122214], [-50.42767188037155, -27.975960463005798], [-50.42739630605746, -27.977677800330362], [-50.42748728332578, -27.979377704858155], [-50.42845772658885, -27.981253864367467], [-50.42873286520914, -27.982145798422206], [-50.428861783472044, -27.98344271090794], [-50.4318048649083, -27.98531763441037], [-50.42985125470581, -27.98758969604558], [-50.43015185836785, -27.988033899790096], [-50.42997381329466, -27.988919890170962], [-50.42983781838924, -27.989138503463618], [-50.42915723181829, -27.989477444718528], [-50.42299049409583, -27.98505616655903], [-50.42105185473493, -27.98403509390849], [-50.418011589329815, -27.982916269431247], [-50.415875074540146, -27.982457485118125], [-50.41113086661753, -27.981880558318316], [-50.40855293723209, -27.980983132782743], [-50.404525403992665, -27.985145819304627], [-50.40469340843841, -27.985994907951493], [-50.40396752683808, -27.98716338375493], [-50.40411625368075, -27.98759732607405], [-50.40400192492034, -27.98799068036901], [-50.40301402512969, -27.989922785263477], [-50.402953796323786, -27.990333614950213], [-50.405124076468624, -27.990939435975925], [-50.407440125497494, -27.992416327319795], [-50.40900269959378, -27.99304727101979], [-50.409544767979966, -27.99356504332531], [-50.40959991229715, -27.993373906923154], [-50.41001526980036, -27.993555598390568], [-50.41055099162335, -27.994194482367956], [-50.41077081433739, -27.99427802183747], [-50.410669268492335, -27.994007046412364], [-50.4110634669256, -27.993984813574194], [-50.41134797214993, -27.994067816692546], [-50.41154190511499, -27.99440562600497], [-50.411879600421585, -27.99417002069036], [-50.4121306069513, -27.994204403736322], [-50.41235606385072, -27.994411905995577], [-50.41222749529823, -27.99475348121991], [-50.4123699336311, -27.994929755210155], [-50.413038035510745, -27.994996429752764], [-50.41302894288732, -27.994722510624925], [-50.41352613688246, -27.995137348169152], [-50.414025513346, -27.99492373085698], [-50.41417152593374, -27.995097852655327], [-50.41389326341639, -27.99526989576626], [-50.41415949896194, -27.995159185276325], [-50.41435084291972, -27.99539470332143], [-50.41439688183825, -27.995155773151122], [-50.41458214527345, -27.99518039337057], [-50.41454191172367, -27.995455456475554], [-50.414351598659266, -27.995518286688487], [-50.41466694240816, -27.995579298086255], [-50.41487710417634, -27.995569721152243], [-50.41481568498808, -27.99519185877507], [-50.4149254096537, -27.995118033141722], [-50.415244014502875, -27.99527185504614], [-50.415151638157816, -27.994901353587313], [-50.41550740929785, -27.994876868377744], [-50.415731044940856, -27.995140686154105], [-50.41678173457137, -27.994830644312678], [-50.41706290622875, -27.99506193581153], [-50.41737422566718, -27.99485012676081], [-50.41760930054426, -27.995370538506634], [-50.41723213600893, -27.995533954900324], [-50.41725386512411, -27.99571052562441], [-50.41766703639001, -27.99543270852155], [-50.41801471723447, -27.99594899259727], [-50.418335225163375, -27.99605271537307], [-50.41861515307869, -27.99585349888427], [-50.41893474161891, -27.995901158452874], [-50.41914723344773, -27.996139918751876], [-50.4209587299713, -27.99647785834402], [-50.423499541963594, -27.997406042114807], [-50.42332135415852, -27.997942494258094], [-50.42401382048337, -27.998385735856044], [-50.42421377131795, -27.998193394578507], [-50.42455753604601, -27.99826741109378], [-50.42467297147817, -27.999147489206063], [-50.42449950623853, -27.99958042236715], [-50.42383391099974, -27.99972405347099], [-50.42385463281508, -28.000398099141147], [-50.4236228374188, -28.000381420596955], [-50.42368133476261, -28.00055011036807], [-50.424235443642445, -28.00052589236008], [-50.424559119978525, -28.000783525071533], [-50.42443151031016, -28.000835528307217], [-50.424851795372696, -28.00099959323605], [-50.425072744917195, -28.000894720407775], [-50.425602420187744, -28.001259008836502], [-50.4255816830661, -28.001391258612607], [-50.42633151224801, -28.001705731888325], [-50.42646685228679, -28.001845674026168], [-50.42634644422881, -28.001939684806104], [-50.426688005232265, -28.002067487159906], [-50.42679366083586, -28.00237800652328], [-50.42727499380159, -28.002250745208435], [-50.427192269359026, -28.002565624832805], [-50.42734299875095, -28.002642260407775], [-50.42797946108465, -28.00229791045868], [-50.42835428077298, -28.002715164640186], [-50.42833465402129, -28.00306154085763], [-50.42866711224241, -28.002544590116393], [-50.4290248980204, -28.00291392838619], [-50.42958156992612, -28.00310039075149], [-50.42947770316811, -28.00341401054115], [-50.42996921422167, -28.003478877506936], [-50.429060592126966, -28.004130289792222], [-50.42910045162373, -28.00453730398798], [-50.428663038425455, -28.004685696824808], [-50.428606883020514, -28.004919444281757], [-50.42835815279187, -28.005064648298575], [-50.42777939936699, -28.005244496489446], [-50.42802232871171, -28.005446810340285], [-50.42806564067536, -28.006123837747477], [-50.42831494490988, -28.005986038869164], [-50.42838696812166, -28.006291813271133], [-50.4301678915746, -28.006853105732784], [-50.43048869348244, -28.006831957771503], [-50.43083778709078, -28.00723339155364], [-50.43047446460656, -28.007197403563485], [-50.430749129330806, -28.007420515121783], [-50.43063284615611, -28.00761935053091], [-50.430827991342674, -28.0076651132743], [-50.431112855371396, -28.008173611865725], [-50.43238449028642, -28.00802929036986], [-50.43271849918194, -28.007836948859747], [-50.43285094975578, -28.00742468889082], [-50.433383584396516, -28.006884631012632], [-50.43427022666519, -28.006487933312282], [-50.43458102902357, -28.006453103796318], [-50.4346941678697, -28.006699104607982], [-50.434789516369825, -28.00665120198522], [-50.434633301681764, -28.00585031237026], [-50.435150635073065, -28.00558848816994], [-50.4352739649797, -28.005343098171767], [-50.4351123449418, -28.005168663592496], [-50.43522089123526, -28.00374040008489], [-50.435731971212256, -28.00358362262778], [-50.43663650790444, -28.003865545681766], [-50.43724080411543, -28.003620047582018], [-50.43797915844309, -28.00319590795113], [-50.438206466442296, -28.002392887034233]]]}}, {"type": "Feature", "properties": {"cod_imovel": "SC-4203253-2DDA109AA021472AB3781006F369C682", "municipio": "Capao Alto", "num_area": 7.0003, "mod_fiscal": 0.35, "des_condic": "Aguardando analise", "ind_status": "AT", "dat_atuali": "11/05/2015"}, "geometry": {"type": "Polygon", "coordinates": [[[-50.48515810611893, -28.01148022223492], [-50.48508258990542, -28.01351282269271], [-50.48606670744601, -28.01377681142732], [-50.48696279525757, -28.013574053266808], [-50.48763016883672, -28.01285760098191], [-50.48784255981445, -28.011584955552596], [-50.48688807716052, -28.0109655948826], [-50.48550199457905, -28.0112465490408], [-50.48515810611893, -28.01148022223492]]]}}, {"type": "Feature", "properties": {"cod_imovel": "SC-4203253-B8853D745C9247C98482F588F5E3E213", "municipio": "Capao Alto", "num_area": 28.7504, "mod_fiscal": 1.4375, "des_condic": "Aguardando analise", "ind_status": "AT", "dat_atuali": "18/03/2016"}, "geometry": {"type": "Polygon", "coordinates": [[[-50.48036612318866, -28.01246739155876], [-50.47984040607036, -28.01213766027763], [-50.47937570828062, -28.00842429666146], [-50.48011755913358, -28.00866525781424], [-50.47750497723528, -28.00557083614264], [-50.4770052574094, -28.0068844793906], [-50.47662499786213, -28.00728091404864], [-50.47563927861783, -28.00919388367722], [-50.47602143211839, -28.01049472027836], [-50.47599286830171, -28.01161177616168], [-50.47633362264948, -28.01314481269331], [-50.47746627991377, -28.01522962933], [-50.48036612318866, -28.01246739155876]]]}}, {"type": "Feature", "properties": {"cod_imovel": "SC-4203253-9FA2565B5EDF4ABC83802C4D69CD0D07", "municipio": "Capao Alto", "num_area": 13.9874, "mod_fiscal": 0.6994, "des_condic": "Aguardando analise", "ind_status": "AT", "dat_atuali": "17/07/2019"}, "geometry": {"type": "Polygon", "coordinates": [[[-50.49992215036803, -28.0142124360531], [-50.50251395468437, -28.0136760411102], [-50.50606521110038, -28.01298304623806], [-50.503528118133545, -28.010637753253285], [-50.50232648849487, -28.01128185172312], [-50.50069967699651, -28.01189617171898], [-50.49933245086871, -28.01213461414783], [-50.49992215036803, -28.0142124360531]]]}}, {"type": "Feature", "properties": {"cod_imovel": "SC-4203253-9F42587542834D408C1D0E625D981E78", "municipio": "Capao Alto", "num_area": 8.085, "mod_fiscal": 0.4042, "des_condic": "Aguardando analise", "ind_status": "AT", "dat_atuali": "17/07/2019"}, "geometry": {"type": "Polygon", "coordinates": [[[-50.50326803743019, -28.01487478935058], [-50.50743295139286, -28.0141614960568], [-50.50610958373902, -28.01300427116457], [-50.4999764386928, -28.01423487104127], [-50.500029578604, -28.01441782205495], [-50.50077372035665, -28.01443189374167], [-50.50150501910168, -28.01470560062158], [-50.50326803743019, -28.01487478935058]]]}}, {"type": "Feature", "properties": {"cod_imovel": "SC-4203253-BAB1F2F1E08E46A29C1F838C11965C06", "municipio": "Capao Alto", "num_area": 23.6124, "mod_fiscal": 1.1806, "des_condic": "Aguardando analise", "ind_status": "AT", "dat_atuali": "05/07/2022"}, "geometry": {"type": "Polygon", "coordinates": [[[-50.4957389831543, -28.001416303642774], [-50.5002236366272, -28.002302013858216], [-50.49976497888565, -27.99498639759586], [-50.49857676029205, -27.995628221291142], [-50.4975226521492, -27.995554802538056], [-50.4957389831543, -28.001416303642774]]]}}, {"type": "Feature", "properties": {"cod_imovel": "SC-4203253-89BB4A4EF15D46EFB555DB25B9F50C18", "municipio": "Capao Alto", "num_area": 113.8391, "mod_fiscal": 5.692, "des_condic": "Aguardando analise", "ind_status": "AT", "dat_atuali": "28/04/2016"}, "geometry": {"type": "Polygon", "coordinates": [[[-50.50122367011797, -28.0118176629889], [-50.50495554523339, -28.00966766798845], [-50.5088554567358, -28.007853951906], [-50.50687693008527, -28.0058794167471], [-50.50485201640527, -28.00304245472863], [-50.50357810420701, -28.00295361657649], [-50.49574713555522, -28.00142760954815], [-50.49431643452351, -28.00620049223672], [-50.49437860999463, -28.0084632655051], [-50.49467458482852, -28.00972844959884], [-50.4961443420095, -28.01106802704014], [-50.49808006370281, -28.01237413738042], [-50.50122367011797, -28.0118176629889]]]}}, {"type": "Feature", "properties": {"cod_imovel": "SC-4203253-0E0D369ABB10487FAE45DFC8B6B90FF2", "municipio": "Capao Alto", "num_area": 162.8484, "mod_fiscal": 8.1424, "des_condic": "Aguardando analise", "ind_status": "AT", "dat_atuali": "06/08/2015"}, "geometry": {"type": "Polygon", "coordinates": [[[-50.4202265027778, -28.0146182381007], [-50.4154524166667, -28.0046771408786], [-50.4066255111111, -28.0106262047674], [-50.4058657694444, -28.0110682908785], [-50.40376285, -28.0118285297674], [-50.4045250555556, -28.014753496434], [-50.4055644, -28.016225921434], [-50.40538516944439, -28.0178262186562], [-50.40628465, -28.0196540214339], [-50.4079042777778, -28.0215660408783], [-50.4089962416667, -28.0212616853228], [-50.4091167361111, -28.0208659797672], [-50.41210912222221, -28.0198041492117], [-50.412886475, -28.019051207545], [-50.4141437722222, -28.0183003075451], [-50.4148980166667, -28.016885521434], [-50.419503325, -28.014730371434], [-50.4202265027778, -28.0146182381007]]]}}, {"type": "Feature", "properties": {"cod_imovel": "SC-4203253-B44B18B490C44B4B8DD00FF99D5DACA0", "municipio": "Capao Alto", "num_area": 325.9852, "mod_fiscal": 16.2993, "des_condic": "Aguardando analise", "ind_status": "AT", "dat_atuali": "04/04/2016"}, "geometry": {"type": "Polygon", "coordinates": [[[-50.49392774855889, -28.01528893391064], [-50.49449774611325, -28.01528890540042], [-50.49491966017128, -28.0122324042204], [-50.49454541156133, -28.01000354118949], [-50.49428421586421, -28.00624019301085], [-50.49631505215301, -27.99940270975286], [-50.48559181878998, -28.00082696090772], [-50.48180272349467, -27.99954758187219], [-50.48136234283447, -27.99982011230493], [-50.47976883765978, -28.00198655932222], [-50.47908782958984, -28.003268234880537], [-50.47874450683594, -28.004480735276605], [-50.47771453857422, -28.00565533202268], [-50.47833023711413, -28.00661051242983], [-50.480310916900635, -28.008515989875807], [-50.482563972473145, -28.010164148979904], [-50.485353469848626, -28.008193932852688], [-50.48582553863525, -28.00804237627334], [-50.48642635345459, -28.00808026543817], [-50.48719882965088, -28.00853493437659], [-50.487284660339355, -28.00929271167598], [-50.48672676086426, -28.013611940485774], [-50.481276512145996, -28.016983849591792], [-50.477070808410645, -28.020014689016772], [-50.47874450683594, -28.021151231805895], [-50.47988028514263, -28.01982235923167], [-50.4829483165894, -28.01975725467277], [-50.4848882408139, -28.01855821723425], [-50.4851747023631, -28.02053606218185], [-50.48561846708746, -28.02216294911287], [-50.48626183737241, -28.02369426264522], [-50.48712143219196, -28.02505769823085], [-50.48823322441047, -28.02838038931571], [-50.49346446990967, -28.025962463372554], [-50.494751930236816, -28.02725047312868], [-50.496253967285156, -28.028424821532226], [-50.497541427612305, -28.027477767368048], [-50.49672603607178, -28.02675800063007], [-50.500288009643555, -28.02368946738202], [-50.49957950151956, -28.02325710395899], [-50.4992667070963, -28.02264488635167], [-50.49889828844349, -28.02242362846694], [-50.49827266127041, -28.02236495446343], [-50.49750400500447, -28.02257801941245], [-50.4971048930659, -28.02200456448837], [-50.49646752883676, -28.02168575083088], [-50.49395067964504, -28.02399811564852], [-50.49155520501217, -28.02157256790128], [-50.4894511110031, -28.01914097938346], [-50.48983059422726, -28.01868271778103], [-50.49003562301498, -28.01810959342426], [-50.48881126658102, -28.01577838785411], [-50.49032179689027, -28.01464144013778], [-50.49305334495331, -28.01466387119725], [-50.49392774855889, -28.01528893391064]]]}}, {"type": "Feature", "properties": {"cod_imovel": "SC-4203253-9B78745DF64B4E3D954D7A60B7E25705", "municipio": "Capao Alto", "num_area": 13.5, "mod_fiscal": 0.675, "des_condic": "Aguardando analise", "ind_status": "AT", "dat_atuali": "23/04/2020"}, "geometry": {"type": "Polygon", "coordinates": [[[-50.48739030847938, -28.02593620612047], [-50.48128764540475, -28.02751554637798], [-50.48173698291157, -28.02860649355702], [-50.48224304047328, -28.02932576572446], [-50.48805239755523, -28.02782232208226], [-50.48739030847938, -28.02593620612047]]]}}, {"type": "Feature", "properties": {"cod_imovel": "SC-4203253-17562E48B2634BAD920DF7B99DEB1B93", "municipio": "Capao Alto", "num_area": 719.5971, "mod_fiscal": 35.9799, "des_condic": "Aguardando analise", "ind_status": "AT", "dat_atuali": "20/07/2018"}, "geometry": {"type": "Polygon", "coordinates": [[[-50.43912919, -28.00253028], [-50.43833769, -28.00257229], [-50.43808641, -28.00318433], [-50.43657684, -28.00401301], [-50.43635613, -28.00391816], [-50.43522234, -28.00561712], [-50.43485199, -28.0058007], [-50.43477831, -28.00569723], [-50.43315015, -28.00737622], [-50.43205758, -28.00770378], [-50.43128579, -28.00766747], [-50.42919809, -28.00660598], [-50.42859816, -28.00810825], [-50.42890542, -28.00957544], [-50.42883291, -28.00991283], [-50.42812164, -28.01055137], [-50.42817903, -28.01122933], [-50.42802436, -28.0116232], [-50.42585798, -28.0129091], [-50.42402843, -28.01351996], [-50.42316446, -28.01363752], [-50.42124121, -28.01441623], [-50.42895042, -28.03047952], [-50.43549334, -28.02856713], [-50.46616926, -28.01867572], [-50.4653061, -28.01721583], [-50.46334074, -28.01633989], [-50.46279947, -28.01633962], [-50.46201197, -28.01548935], [-50.46105558, -28.01492486], [-50.45976914, -28.01456375], [-50.45886058, -28.01385323], [-50.45777359, -28.01365652], [-50.45546991, -28.01193886], [-50.45136495, -28.00987178], [-50.45100359, -28.00940109], [-50.45126623, -28.00872497], [-50.45008775, -28.00747104], [-50.4500855, -28.00661683], [-50.44988908, -28.00642275], [-50.44902613, -28.00691228], [-50.44824408, -28.00498069], [-50.44795525, -28.00474384], [-50.44741317, -28.0047856], [-50.44769465, -28.00486701], [-50.44752925, -28.00597628], [-50.4469452, -28.00640057], [-50.44627191, -28.00628797], [-50.44440009, -28.00545681], [-50.4442565, -28.00520235], [-50.4428417, -28.00512848], [-50.44213512, -28.00487363], [-50.44158669, -28.00399066], [-50.44094823, -28.00402014], [-50.43929296, -28.00321156], [-50.43912919, -28.00253028]]]}}, {"type": "Feature", "properties": {"cod_imovel": "SC-4203253-A880DC85C3034AF6A18606B202C9B3C9", "municipio": "Capao Alto", "num_area": 13.2568, "mod_fiscal": 0.6628, "des_condic": "Aguardando analise", "ind_status": "AT", "dat_atuali": "28/04/2020"}, "geometry": {"type": "Polygon", "coordinates": [[[-50.48804545444445, -28.02782490388889], [-50.48223609472223, -28.02932835], [-50.48311491222222, -28.02995301888889], [-50.48418836027778, -28.03113785611111], [-50.48906688722222, -28.02987527361111], [-50.48804545444445, -28.02782490388889]]]}}, {"type": "Feature", "properties": {"cod_imovel": "SC-4203253-4573E42C4F834E5EBD3340A7C00110EA", "municipio": "Capao Alto", "num_area": 130.3267, "mod_fiscal": 6.5163, "des_condic": "Aguardando analise", "ind_status": "AT", "dat_atuali": "04/10/2019"}, "geometry": {"type": "Polygon", "coordinates": [[[-50.443103313446045, -28.073002696702066], [-50.4457426071167, -28.073968282972093], [-50.4465372485594, -28.07329323329222], [-50.44866317437808, -28.07228236331378], [-50.44930649874551, -28.07036940182832], [-50.45004759147659, -28.06958464374403], [-50.44965494133425, -28.0690108268486], [-50.44928332478318, -28.06900198869185], [-50.44961498049124, -28.06859158634283], [-50.44755851688529, -28.06806113346548], [-50.44753818437732, -28.06734440366918], [-50.448596477508545, -28.063725053035654], [-50.45025342205486, -28.06404659864908], [-50.45076282095396, -28.06316168132888], [-50.45143399014286, -28.06333368659255], [-50.45140407050242, -28.06359538867586], [-50.45172929763794, -28.06359250946546], [-50.45267343521118, -28.062342804909967], [-50.452866554260254, -28.061831557948906], [-50.45256285412957, -28.05990819954437], [-50.45265197753906, -28.059085930818988], [-50.45217888367295, -28.05787636330861], [-50.45227560063297, -28.05734799979217], [-50.45174318403075, -28.05598399052237], [-50.45211416170835, -28.05510476293063], [-50.45279590205071, -28.05449864738064], [-50.452351570129395, -28.054219371112758], [-50.44896125793457, -28.056188744768622], [-50.44834227922055, -28.05625539027075], [-50.44787948108624, -28.05813577516102], [-50.44562476328834, -28.06104576637096], [-50.44503450393677, -28.062134519404566], [-50.4431676864624, -28.06416055218677], [-50.43972144002692, -28.06610906318638], [-50.43865430838227, -28.06654406656154], [-50.43806076049805, -28.06700072075494], [-50.440077781677246, -28.067739152286777], [-50.440850257873535, -28.069518940763967], [-50.44173002243042, -28.070730694772585], [-50.441858768463135, -28.071809901680165], [-50.44252395629883, -28.072661899475772], [-50.443103313446045, -28.073002696702066]]]}}, {"type": "Feature", "properties": {"cod_imovel": "SC-4203253-538E25777EDF41B1BE17FDDF4BF0284C", "municipio": "Capao Alto", "num_area": 293.7607, "mod_fiscal": 14.688, "des_condic": "Aguardando analise", "ind_status": "AT", "dat_atuali": "28/12/2017"}, "geometry": {"type": "Polygon", "coordinates": [[[-50.443711349347495, -27.986729422576452], [-50.43965314894669, -27.988682997200183], [-50.439067895799646, -27.988831241514653], [-50.43832982614686, -27.989361411784117], [-50.43755065190559, -27.98950646650601], [-50.43677694332615, -27.99067247579305], [-50.435039492395596, -27.991729322674658], [-50.43395208858049, -27.992093057622228], [-50.43333036328217, -27.991999641010906], [-50.43338277060963, -27.992279598194795], [-50.43815018575313, -27.995436086595458], [-50.44640345552255, -27.994924423533607], [-50.446205789977256, -27.995652868192746], [-50.44642545493309, -27.997999276774408], [-50.44384781010211, -27.999526256633413], [-50.44813596800014, -28.002228572799364], [-50.45280310299446, -28.004610682378438], [-50.452842749413016, -28.004761470080652], [-50.45342031555057, -28.004548581922865], [-50.45408635999201, -28.004952908082934], [-50.45426969757426, -28.004922553604352], [-50.45470831422459, -28.004484358959225], [-50.45570261034576, -28.003897733957928], [-50.457324523309794, -28.004394290744187], [-50.45814937215861, -28.00428995131054], [-50.460055329627664, -28.004552086405425], [-50.46062769577823, -28.004298501184945], [-50.46084028982325, -28.00380201686469], [-50.46056240792337, -28.003344254804666], [-50.460465464800926, -28.00279634612424], [-50.45553739004329, -27.996036821238373], [-50.45071181759774, -27.991759340418824], [-50.46019135801861, -27.9894178740186], [-50.46236442543762, -27.986822632107767], [-50.46390897132034, -27.986034862428443], [-50.46350443798823, -27.98559573944638], [-50.46231858200613, -27.982490033481184], [-50.461976511821064, -27.981950729771082], [-50.45908554304582, -27.98107864606222], [-50.45907456426982, -27.981659606257015], [-50.45969538467044, -27.98408887056531], [-50.461046833593116, -27.985839573082806], [-50.45910432545123, -27.988109335603202], [-50.45828061228383, -27.98747248976816], [-50.45692517748811, -27.985984750403436], [-50.45635739529734, -27.98426819015283], [-50.456282544111595, -27.983081978653537], [-50.449204315611894, -27.989463971551718], [-50.44777325873759, -27.98935781272147], [-50.446425145550144, -27.98883355580606], [-50.443711349347495, -27.986729422576452]]]}}, {"type": "Feature", "properties": {"cod_imovel": "SC-4203253-189922D62DF741A6A2B0AC3EA4B9AE04", "municipio": "Capao Alto", "num_area": 366.7471, "mod_fiscal": 18.3374, "des_condic": "Aguardando analise", "ind_status": "AT", "dat_atuali": "21/09/2020"}, "geometry": {"type": "Polygon", "coordinates": [[[-50.50955512403799, -28.06587654665939], [-50.51026904724054, -28.0650615133473], [-50.51428602251138, -28.06397042030228], [-50.51151599955054, -28.06231981613153], [-50.51010041567228, -28.06177631336367], [-50.507609135782, -28.05966570256893], [-50.50682525397779, -28.05796660145406], [-50.50438798313448, -28.05737394631923], [-50.5041430485671, -28.05691954530687], [-50.50360825718503, -28.05660843005988], [-50.50353381824962, -28.0562189708937], [-50.50248064987911, -28.05553359411189], [-50.50196996988621, -28.05477580773004], [-50.50032317914946, -28.05341292363966], [-50.49999869015417, -28.05354657129497], [-50.49980440603937, -28.05604036059803], [-50.49939580571194, -28.05586720004556], [-50.49847461742612, -28.05435792866288], [-50.49677010393678, -28.05323269052382], [-50.49610804861844, -28.05435914702003], [-50.49530550857433, -28.05530814344014], [-50.49465605351162, -28.05814771220362], [-50.49394309705977, -28.05889317822837], [-50.49318848362029, -28.06013823150368], [-50.49278837798101, -28.05972508642487], [-50.4920071435555, -28.06077366538658], [-50.48649514478564, -28.07163605470558], [-50.48553491433888, -28.07225776183448], [-50.48419731290159, -28.07227097893837], [-50.4809753506304, -28.07455739609824], [-50.47910438397311, -28.07646291626835], [-50.47700712212939, -28.07620820570897], [-50.47603287124481, -28.07808408117638], [-50.47616645183933, -28.07909574801911], [-50.47658691156352, -28.07956910193281], [-50.47594219489385, -28.08076363838345], [-50.47621531601819, -28.08113931794792], [-50.47661484105026, -28.08053231331546], [-50.48147349542427, -28.07626771611011], [-50.48758712716089, -28.07979891412125], [-50.48829508737582, -28.07839273595318], [-50.48965751872441, -28.0780801570586], [-50.49015286901314, -28.07619911076772], [-50.49139613102846, -28.07561428225409], [-50.49262809328845, -28.07477067844048], [-50.49349033437969, -28.07388031608549], [-50.4956918328571, -28.07249053440448], [-50.49719373223842, -28.07131361230763], [-50.49848493203744, -28.06945265847396], [-50.49874461734907, -28.06728980236592], [-50.49933538174551, -28.06583041327695], [-50.50679764866024, -28.07000841502221], [-50.50955512403799, -28.06587654665939]]]}}, {"type": "Feature", "properties": {"cod_imovel": "SC-4203253-72FB64CB3C9F41B6B8E09BBF727651B0", "municipio": "Capao Alto", "num_area": 47.251, "mod_fiscal": 2.3626, "des_condic": "Aguardando analise", "ind_status": "AT", "dat_atuali": "17/12/2020"}, "geometry": {"type": "Polygon", "coordinates": [[[-50.43475155249045, -28.06554922255942], [-50.43535337235971, -28.0665800611018], [-50.43692775566825, -28.06662601802959], [-50.43783456263509, -28.06688414695137], [-50.44028699687545, -28.06580796865243], [-50.44307010743259, -28.0641639503738], [-50.44345687750831, -28.06376826849757], [-50.43981186740127, -28.06135778073292], [-50.43722836250138, -28.05888018196747], [-50.4342499834816, -28.06097085079557], [-50.43445693823875, -28.0616292778113], [-50.43431111263462, -28.06182893336561], [-50.43475155249045, -28.06554922255942]]]}}, {"type": "Feature", "properties": {"cod_imovel": "SC-4203253-FF7B8C453B284468B0F399692484BBA6", "municipio": "Capao Alto", "num_area": 13.1535, "mod_fiscal": 0.6577, "des_condic": "Aguardando analise", "ind_status": "AT", "dat_atuali": "23/04/2020"}, "geometry": {"type": "Polygon", "coordinates": [[[-50.48419530674917, -28.03113526217418], [-50.48625616807509, -28.033463959454], [-50.4866680754644, -28.03334647007497], [-50.48699069766856, -28.03356669026034], [-50.49003355418586, -28.03175978756252], [-50.489022731781006, -28.029864327901787], [-50.48419530674917, -28.03113526217418]]]}}, {"type": "Feature", "properties": {"cod_imovel": "SC-4203253-AF62E471114A497591169256D8BDED02", "municipio": "Capao Alto", "num_area": 64.0941, "mod_fiscal": 3.2047, "des_condic": "Aguardando analise", "ind_status": "AT", "dat_atuali": "27/09/2020"}, "geometry": {"type": "Polygon", "coordinates": [[[-50.4726630194444, -28.0576874714332], [-50.4758200138889, -28.0563626769888], [-50.4750198166667, -28.0547861658777], [-50.4699948916667, -28.0410000297669], [-50.4687863305556, -28.0396404686558], [-50.4676583555556, -28.0400940686558], [-50.4662090194444, -28.0399454936558], [-50.4726630194444, -28.0576874714332]]]}}, {"type": "Feature", "properties": {"cod_imovel": "SC-4203253-BF693F1FF371430E931EEEA628A25AE8", "municipio": "Capao Alto", "num_area": 27.3056, "mod_fiscal": 1.3653, "des_condic": "Aguardando analise", "ind_status": "AT", "dat_atuali": "21/09/2020"}, "geometry": {"type": "Polygon", "coordinates": [[[-50.44300514945799, -28.07497097492029], [-50.44453785509713, -28.0737149818525], [-50.44296262344525, -28.0732269595067], [-50.44225475560232, -28.07277835906509], [-50.44149275738451, -28.07190485234477], [-50.4414829121073, -28.07108491172943], [-50.44121997872673, -28.07037483605906], [-50.44037059795597, -28.06933774067084], [-50.43997887867184, -28.0680088241833], [-50.43943644313647, -28.06765775632817], [-50.43721403627319, -28.06686350662818], [-50.43546928350233, -28.06670131350539], [-50.43691760538159, -28.06926629188186], [-50.43888019351237, -28.07228065494091], [-50.4405094251841, -28.07375593680191], [-50.44300514945799, -28.07497097492029]]]}}, {"type": "Feature", "properties": {"cod_imovel": "SC-4203253-EB7CC22588314E9B917BAE1184EB56D7", "municipio": "Capao Alto", "num_area": 67.9008, "mod_fiscal": 3.395, "des_condic": "Aguardando analise", "ind_status": "AT", "dat_atuali": "20/12/2018"}, "geometry": {"type": "Polygon", "coordinates": [[[-50.49721956253052, -28.014597003500693], [-50.49512860432679, -28.01492377745006], [-50.49467571224837, -28.01535869459033], [-50.49397118808373, -28.0153629240539], [-50.493078231811516, -28.014862211234455], [-50.49037785023312, -28.01466897096282], [-50.48893690109253, -28.01580937638054], [-50.49037456512451, -28.0182151383974], [-50.490288734436035, -28.01863187911163], [-50.490117073059075, -28.018650821833045], [-50.48970937728882, -28.01925698715869], [-50.494065284729, -28.02378417650654], [-50.49643902238448, -28.02170585515867], [-50.49933136969364, -28.0177845307338], [-50.499558448791504, -28.014710664038], [-50.49721956253052, -28.014597003500693]]]}}, {"type": "Feature", "properties": {"cod_imovel": "SC-4203253-88055658022947EDB075A727D56E6B20", "municipio": "Capao Alto", "num_area": 12.8989, "mod_fiscal": 0.6449, "des_condic": "Aguardando analise", "ind_status": "AT", "dat_atuali": "26/07/2019"}, "geometry": {"type": "Polygon", "coordinates": [[[-50.48646228158079, -28.02396286599508], [-50.48050120546486, -28.02608565348653], [-50.48106830678322, -28.02688141312842], [-50.48128764540475, -28.02751554637798], [-50.48739030847938, -28.02593620612047], [-50.48646228158079, -28.02396286599508]]]}}, {"type": "Feature", "properties": {"cod_imovel": "SC-4209300-0D30DEB1D46E44AA81538568CE8A6985", "municipio": "Lages", "num_area": 94.5876, "mod_fiscal": 4.73, "des_condic": "Aguardando analise", "ind_status": "AT", "dat_atuali": "05/06/2026"}, "geometry": {"type": "Polygon", "coordinates": [[[-50.288001018, -28.07820572], [-50.280844075, -28.080651404], [-50.281736543, -28.082229809], [-50.282695222, -28.083114665], [-50.283144588, -28.083910378], [-50.283352779, -28.085155276], [-50.28447222, -28.085596669], [-50.286417496, -28.087079999], [-50.287354998, -28.088146115], [-50.28784361, -28.088981391], [-50.289049165, -28.089449724], [-50.289522498, -28.089898334], [-50.289066387, -28.091192498], [-50.289087223, -28.091779447], [-50.289954718, -28.093430551], [-50.294540017, -28.092336166], [-50.288001018, -28.07820572]]]}}, {"type": "Feature", "properties": {"cod_imovel": "SC-4209300-2244C4CADF9C4FFB9FC0C33C85D35CE4", "municipio": "Lages", "num_area": 83.661, "mod_fiscal": 4.18, "des_condic": "Aguardando analise", "ind_status": "AT", "dat_atuali": "20/05/2026"}, "geometry": {"type": "Polygon", "coordinates": [[[-50.432070984, -28.069050965], [-50.43131623, -28.069678996], [-50.431465327, -28.069911814], [-50.429453678, -28.072244942], [-50.429207922, -28.07245061], [-50.428423691, -28.072595154], [-50.428171756, -28.073938398], [-50.428187216, -28.074864681], [-50.428792398, -28.076329621], [-50.429117261, -28.077564026], [-50.42903432, -28.07814396], [-50.429230228, -28.078415881], [-50.430438305, -28.07904588], [-50.430859949, -28.079053768], [-50.442190272, -28.075541139], [-50.439798013, -28.074379791], [-50.438899292, -28.073769057], [-50.438089177, -28.072936562], [-50.436976695, -28.071262287], [-50.435744183, -28.071044371], [-50.43490218, -28.070258179], [-50.432070984, -28.069050965]]]}}, {"type": "Feature", "properties": {"cod_imovel": "SC-4209300-2DB1737F2DD1470689D6ED22F585E334", "municipio": "Lages", "num_area": 45.2634, "mod_fiscal": 2.2632, "des_condic": "Aguardando analise", "ind_status": "AT", "dat_atuali": "05/05/2016"}, "geometry": {"type": "Polygon", "coordinates": [[[-50.3522306, -28.03632874], [-50.35197493, -28.03584463], [-50.35147949, -28.03542967], [-50.34789052, -28.03452588], [-50.34584364, -28.03857519], [-50.34624483, -28.03897606], [-50.34612809, -28.03937592], [-50.34671397, -28.04085926], [-50.34661697, -28.04122351], [-50.34681478, -28.043024], [-50.3518418, -28.04255795], [-50.35171017, -28.04149435], [-50.35135426, -28.04062357], [-50.35139965, -28.04012012], [-50.35180862, -28.03947118], [-50.35248446, -28.03924696], [-50.3522306, -28.03632874]]]}}, {"type": "Feature", "properties": {"cod_imovel": "SC-4209300-8EE3B9EA9DA94F0C8ED4DD59D7D14387", "municipio": "Lages", "num_area": 309.8545, "mod_fiscal": 15.4927, "des_condic": "Aguardando analise", "ind_status": "PE", "dat_atuali": "18/10/2016"}, "geometry": {"type": "Polygon", "coordinates": [[[-50.32506663088434, -28.2544058253589], [-50.33453691768467, -28.2518325900407], [-50.33429118975214, -28.25152559843324], [-50.33453956165165, -28.25129137778888], [-50.33442758828475, -28.25091481215018], [-50.33360114007756, -28.25028030575226], [-50.33345483896937, -28.24997071497434], [-50.33279704982774, -28.24962056318797], [-50.33365396485453, -28.24877992086885], [-50.33356714157257, -28.24842873527291], [-50.3324147967823, -28.24763779023203], [-50.33239016866364, -28.24744832903316], [-50.33295166875044, -28.2469976562212], [-50.33374427856578, -28.24673097651359], [-50.33421724503251, -28.24574302173619], [-50.33485849444627, -28.24567481934326], [-50.33580824003239, -28.24522901575083], [-50.33641072703539, -28.24442975679933], [-50.33722969317645, -28.24271991098094], [-50.3364928593194, -28.24226551246955], [-50.33607393517803, -28.24170752968525], [-50.33514771400763, -28.24133971674372], [-50.3345850684757, -28.24046891534412], [-50.33384707235788, -28.24007709295506], [-50.33335242195737, -28.23943931004297], [-50.33161170025161, -28.2382947168622], [-50.33032165982144, -28.23716610172775], [-50.32950755870806, -28.23675478432531], [-50.32870768630447, -28.23603512993321], [-50.32847171432999, -28.23607736255129], [-50.32623260667148, -28.23488305148495], [-50.32616004804564, -28.23447949217078], [-50.32651224759049, -28.23419410005245], [-50.32634363576054, -28.2340089655642], [-50.32548952569339, -28.23384801178212], [-50.32512811942764, -28.23323058928338], [-50.32466334525909, -28.23328148803169], [-50.32365463419205, -28.2328503985159], [-50.32159950609285, -28.23357700758729], [-50.31868769092127, -28.23535483559959], [-50.31858550567525, -28.23583643630203], [-50.31876014657343, -28.23689919320351], [-50.31852758972246, -28.23701663826767], [-50.31957317723242, -28.23938588202609], [-50.31975919635883, -28.24253979764596], [-50.32006821852209, -28.24319458044501], [-50.31994916150117, -28.24407833839337], [-50.32101727768971, -28.245074672015], [-50.32203289673036, -28.24816422523022], [-50.32269911577231, -28.2487915076424], [-50.32307846321119, -28.25012867913788], [-50.32290913469986, -28.25086813236427], [-50.32218041811002, -28.25239300989196], [-50.31365786551891, -28.25816692430597], [-50.31802806871956, -28.26135471750859], [-50.3187631754756, -28.26023757522588], [-50.31996998661019, -28.25999581527685], [-50.32081836705666, -28.25856610772068], [-50.32320437536757, -28.25535960409983], [-50.32506663088434, -28.2544058253589]]]}}, {"type": "Feature", "properties": {"cod_imovel": "SC-4209300-7DC8F02499B147EFA47B46D81611A66E", "municipio": "Lages", "num_area": 200.9837, "mod_fiscal": 10.0492, "des_condic": "Aguardando analise", "ind_status": "AT", "dat_atuali": "25/09/2015"}, "geometry": {"type": "Polygon", "coordinates": [[[-50.28986394030279, -28.24395789381185], [-50.28996737621176, -28.24455024331587], [-50.29147690117726, -28.24466193605698], [-50.29236574431972, -28.24500153340297], [-50.29299140734246, -28.24553788409939], [-50.29541015625, -28.23922038840709], [-50.30038833618164, -28.235023667791246], [-50.30193328857422, -28.234154056386693], [-50.303306579589844, -28.23264167184597], [-50.30268430709839, -28.231998901925323], [-50.300281047821045, -28.230316338801426], [-50.297298431396484, -28.228652654798783], [-50.29442310333252, -28.227404874777523], [-50.291011333465576, -28.22679988527381], [-50.288865566253655, -28.22742378064426], [-50.28917534291755, -28.22885625543227], [-50.28865098953247, -28.229900420232134], [-50.2883832467025, -28.23093693599794], [-50.287556648254395, -28.232301382370267], [-50.28701638272614, -28.23381150204066], [-50.28702060541448, -28.23490128046588], [-50.28541088104247, -28.239050254295446], [-50.28489589691162, -28.241016231926565], [-50.2854323387146, -28.24152662404123], [-50.28950929641723, -28.243398040901297], [-50.28986394030279, -28.24395789381185]]]}}, {"type": "Feature", "properties": {"cod_imovel": "SC-4209300-C8998C771C2E4977B886E6AFBEC0EB29", "municipio": "Lages", "num_area": 767.9199, "mod_fiscal": 38.396, "des_condic": "Aguardando analise", "ind_status": "AT", "dat_atuali": "25/09/2015"}, "geometry": {"type": "Polygon", "coordinates": [[[-50.24077438944868, -28.25684318814904], [-50.24452184728494, -28.25643935755814], [-50.24606083301315, -28.25708371110452], [-50.24621454649005, -28.25803267928868], [-50.24690682500149, -28.25952400519859], [-50.24744506501014, -28.26155748201222], [-50.24825279106931, -28.26291320878231], [-50.24859872389119, -28.26450603090688], [-50.24836748056245, -28.266064834325], [-50.24791206854498, -28.26760280669856], [-50.24659593172545, -28.26834451299367], [-50.24620979532329, -28.26962392935646], [-50.24625182348494, -28.27007239586969], [-50.25025662153566, -28.26809323308443], [-50.24994132833972, -28.26738961091973], [-50.2515433592469, -28.266581575679], [-50.25304243675926, -28.26701215372919], [-50.2564777399959, -28.26628409889538], [-50.2607341510951, -28.26702616564074], [-50.26301792748212, -28.26792809370198], [-50.26429765218868, -28.26826633810353], [-50.26552351887391, -28.26823083667206], [-50.26756779342621, -28.26879454212727], [-50.26841640472412, -28.265965876030005], [-50.268845558166504, -28.265644591971693], [-50.270347595214844, -28.263660168967125], [-50.27251562720882, -28.26263416898109], [-50.272815227508545, -28.26218600224306], [-50.2736506583904, -28.26174127136059], [-50.27536543431014, -28.2615651475991], [-50.27585341219869, -28.26114329769977], [-50.275819301605225, -28.258708399956408], [-50.275561809539795, -28.257196363572504], [-50.27616262435913, -28.255476396112385], [-50.278050899505615, -28.251299216753843], [-50.27730151952716, -28.25115202416626], [-50.27696946437025, -28.25062976674345], [-50.27243969697646, -28.24843629881162], [-50.27016309027372, -28.24816468097012], [-50.26940424390718, -28.2479557578645], [-50.26862170847311, -28.24751704233071], [-50.26769685987092, -28.24757966887434], [-50.26532011929091, -28.24722708778115], [-50.26132755559235, -28.24623462404487], [-50.25907371984884, -28.24349215964081], [-50.25760696320556, -28.24216816557173], [-50.25631898516872, -28.24175824721753], [-50.25467316675672, -28.24172649705385], [-50.25244898285684, -28.24257868800426], [-50.24966743346537, -28.24337034966627], [-50.24870548743152, -28.24331489801349], [-50.2469457622954, -28.24243864910122], [-50.24582145274604, -28.24153387041315], [-50.24268940565015, -28.24036164040134], [-50.24209638053564, -28.24041124872779], [-50.24079122980756, -28.24106342201242], [-50.23843610832587, -28.2419215518061], [-50.23784007828985, -28.24250153114695], [-50.23772496075242, -28.24289747406333], [-50.23782937538082, -28.2432658534813], [-50.23806973958286, -28.24346851411357], [-50.24105894083315, -28.24482297659478], [-50.24182180122915, -28.24551379839938], [-50.24207252344807, -28.24600190467092], [-50.24171669237003, -28.24730234654349], [-50.24109972652487, -28.2479928282886], [-50.23963586516798, -28.24910667329835], [-50.24060085069775, -28.25143582613436], [-50.2405526833523, -28.25228424077633], [-50.24068556245944, -28.25256478845622], [-50.24213084351777, -28.25399083822097], [-50.24102347115612, -28.25510416908672], [-50.24070565610363, -28.25590674159991], [-50.24084364147172, -28.25617432814898], [-50.24077438944868, -28.25684318814904]]]}}, {"type": "Feature", "properties": {"cod_imovel": "SC-4209300-E84C9AD3ED3C4BCF9DD4A1114A9C504E", "municipio": "Lages", "num_area": 200.9002, "mod_fiscal": 10.045, "des_condic": "Aguardando analise", "ind_status": "AT", "dat_atuali": "25/09/2015"}, "geometry": {"type": "Polygon", "coordinates": [[[-50.30381421087807, -28.23255956689488], [-50.29995918273926, -28.235968889540203], [-50.29626846313476, -28.23959846323933], [-50.29309454396967, -28.24549923468629], [-50.29304250820206, -28.24653398822078], [-50.29385184642421, -28.2474076726212], [-50.29489632675389, -28.24947701703746], [-50.29554900596003, -28.25000579315876], [-50.29612320210333, -28.2495688189385], [-50.29758498998787, -28.24959159173039], [-50.29729798049361, -28.25023547483102], [-50.29750689424525, -28.25067233340738], [-50.29818561415723, -28.25081019160929], [-50.29875987280128, -28.25071812113775], [-50.29936020871322, -28.25051107299374], [-50.29946457226779, -28.25028111293744], [-50.30071760070555, -28.25055682806943], [-50.30151778842313, -28.25055414681193], [-50.30186619745015, -28.25071758188842], [-50.30212737713806, -28.2512923933644], [-50.30356407165527, -28.251847362740364], [-50.3080420096807, -28.2439745024525], [-50.30820933036395, -28.24087787649027], [-50.30870081897552, -28.23999992108059], [-50.30840149059944, -28.23872742417394], [-50.3065897185944, -28.23627159569353], [-50.30601733806852, -28.2345292655437], [-50.30381421087807, -28.23255956689488]]]}}, {"type": "Feature", "properties": {"cod_imovel": "SC-4209300-AB1D263014E241A4844D53D4C8610E61", "municipio": "Lages", "num_area": 19.0934, "mod_fiscal": 0.9547, "des_condic": "Aguardando analise", "ind_status": "AT", "dat_atuali": "17/03/2026"}, "geometry": {"type": "Polygon", "coordinates": [[[-50.4417417725, -28.1556268463889], [-50.4423159605555, -28.1545755725], [-50.4427282322222, -28.1524735411111], [-50.4427235702778, -28.1520363513889], [-50.4421317697222, -28.1507335338889], [-50.4420716483333, -28.1492523233333], [-50.4396386955555, -28.1493640052778], [-50.4394981980555, -28.1498634286111], [-50.44020746, -28.1498799586111], [-50.4405156066666, -28.1514345591667], [-50.4403368444444, -28.1516738530556], [-50.4406067316667, -28.1520864897222], [-50.4404035236111, -28.1522086055556], [-50.43832323, -28.1519686447222], [-50.4407831458334, -28.1567287280555], [-50.4417417725, -28.1556268463889]]]}}, {"type": "Feature", "properties": {"cod_imovel": "SC-4209300-FA89A54DEB2B4026B66103AC87D5C2E8", "municipio": "Lages", "num_area": 203.4526, "mod_fiscal": 10.1726, "des_condic": "Aguardando analise", "ind_status": "AT", "dat_atuali": "13/03/2026"}, "geometry": {"type": "Polygon", "coordinates": [[[-50.4047257, -27.996931813101], [-50.4034384972222, -27.9975018714343], [-50.4025615972222, -27.9983105325454], [-50.4021774777778, -27.9983128686565], [-50.4015511583333, -27.9986741964343], [-50.4012769222222, -27.9986258103232], [-50.4013510527778, -27.9988393325454], [-50.4007643722222, -27.999387813101], [-50.4007113833333, -27.9997095853232], [-50.4004414666667, -27.9996708908787], [-50.4001887777778, -28.0000725381009], [-50.399688875, -28.0004196936565], [-50.3993934833333, -28.0008627325454], [-50.3995338638889, -28.0010040297676], [-50.3991558388889, -28.0012043769898], [-50.3992651638889, -28.0016730686565], [-50.398511325, -28.0022345214342], [-50.3976721805556, -28.0021701131009], [-50.3969348083333, -28.0016186603231], [-50.3963148916667, -28.0013883436565], [-50.3957919333333, -28.0016844047676], [-50.394064775, -28.001788749212], [-50.392091925, -28.0006226325454], [-50.3904116583333, -27.999349038101], [-50.3826013722222, -28.0020082519898], [-50.3834711361111, -28.0031332103231], [-50.3920915388889, -28.0105369714341], [-50.3936717805556, -28.0088509186563], [-50.3946887861111, -28.0096979825452], [-50.395145625, -28.0090879158786], [-50.3959808111111, -28.0087958269897], [-50.39660315, -28.0079637519897], [-50.3970608555556, -28.0076570908786], [-50.3974692777778, -28.006906635323], [-50.3986426222222, -28.0081661214341], [-50.3991932666667, -28.0092265742119], [-50.3965396166667, -28.0103537158785], [-50.3989646583333, -28.0130105436563], [-50.4007388694444, -28.0131016103229], [-50.4012064555556, -28.012814746434], [-50.4018853055556, -28.012003910323], [-50.4035386555556, -28.0117628047674], [-50.4030796111111, -28.0100857519897], [-50.4031100944444, -28.0094693575452], [-50.4040567972222, -28.0081743158786], [-50.4038768194444, -28.0069753436564], [-50.4040854416667, -28.0054808325453], [-50.4043090694444, -28.0049906714342], [-50.4053052388889, -28.0038523519898], [-50.4058597083333, -28.0016491853231], [-50.4058175916667, -27.9994670908787], [-50.4060727194444, -27.9983081769899], [-50.4060261388889, -27.9978913603232], [-50.4056581083333, -27.9973416019899], [-50.4047257, -27.996931813101]]]}}, {"type": "Feature", "properties": {"cod_imovel": "SC-4203253-2A60B1AF27E54C6197D38267AF842282", "municipio": "Lages", "num_area": 139.7422, "mod_fiscal": 6.9871, "des_condic": "Aguardando analise", "ind_status": "AT", "dat_atuali": "13/03/2026"}, "geometry": {"type": "Polygon", "coordinates": [[[-50.409463975, -27.9943639769899], [-50.4048340805556, -27.9917984575455], [-50.402647925, -27.99121572699], [-50.4026366388889, -27.9928663686566], [-50.4055266194444, -27.9952526686566], [-50.4057869722222, -27.995613763101], [-50.4062258972222, -27.9981571825454], [-50.4059703666667, -27.999471038101], [-50.4060120527778, -28.0016656769898], [-50.4055518472222, -28.0036096714342], [-50.4052625638889, -28.0041708019898], [-50.4042973, -28.0053107631009], [-50.404030125, -28.006970160323], [-50.4042381666667, -28.0077084964341], [-50.4042030305556, -28.008216060323], [-50.4032597194444, -28.0095014575452], [-50.4032319472222, -28.0100687214341], [-50.4037639055556, -28.0118342019896], [-50.4059238611111, -28.0110734436563], [-50.4066319472222, -28.0106503797674], [-50.4154709194444, -28.0047014575453], [-50.4118205694444, -27.9974562047677], [-50.4106139194444, -27.9954620769899], [-50.409463975, -27.9943639769899]]]}}, {"type": "Feature", "properties": {"cod_imovel": "SC-4209300-6C03E681C48B4451A496A8B40351C8C3", "municipio": "Lages", "num_area": 738.0991, "mod_fiscal": 36.905, "des_condic": "Aguardando analise", "ind_status": "PE", "dat_atuali": "20/01/2025"}, "geometry": {"type": "Polygon", "coordinates": [[[-50.394636940462945, -28.169366389810502], [-50.39421860974775, -28.16944943975535], [-50.39360306024112, -28.169913610192573], [-50.393252780142014, -28.170279999799885], [-50.3931086104, -28.17076110996513], [-50.392782779533555, -28.170933889914735], [-50.39258888979353, -28.17092082947821], [-50.39262082949682, -28.1706111094318], [-50.39239971950387, -28.17051111014903], [-50.392017220212296, -28.17070860945944], [-50.39094472006901, -28.17062332947632], [-50.39078389023135, -28.17081971945438], [-50.38887722032616, -28.171338060071864], [-50.38913056048726, -28.172082220253294], [-50.38738388963251, -28.173382779401262], [-50.38703306009752, -28.17346332971977], [-50.386498060233336, -28.17295972012149], [-50.38607083024362, -28.173001670193873], [-50.38497138960247, -28.173733330126844], [-50.38439277992922, -28.17388722025205], [-50.384032500455184, -28.173811110273633], [-50.3837124997042, -28.174072499559212], [-50.38180666972079, -28.176703059685302], [-50.38335833041305, -28.177344719500994], [-50.382735280252504, -28.178385279698286], [-50.38278028048564, -28.178677219646307], [-50.38321332996665, -28.17903082964515], [-50.38329194041699, -28.179443329797433], [-50.38316139016396, -28.180153889539852], [-50.38204138987553, -28.181643609451235], [-50.38204917012715, -28.182165829393142], [-50.381808609985036, -28.182461389979995], [-50.38172027954206, -28.183078059784048], [-50.38101555966005, -28.184689170075025], [-50.38099471968434, -28.18604555952285], [-50.38070889043137, -28.186746669560826], [-50.380252780209744, -28.187471389376505], [-50.37905055972639, -28.188431110037026], [-50.37781110994575, -28.187459719837516], [-50.37627582972127, -28.18742277993075], [-50.37513193999518, -28.187748059806715], [-50.3746058299028, -28.188199999834474], [-50.37378555959434, -28.190023609491462], [-50.37376667020813, -28.190746389429208], [-50.37402166956739, -28.19135249938794], [-50.37390638965563, -28.192406669610477], [-50.37415806017975, -28.19315055993864], [-50.37324500013147, -28.19482943966352], [-50.3744111099801, -28.194748609697665], [-50.3772350000428, -28.193490279850995], [-50.39032721968705, -28.197155829591512], [-50.3969000004994, -28.188741939504197], [-50.4035869396744, -28.193964719964875], [-50.4160961099272, -28.18348166955544], [-50.41958498409695, -28.181778601214816], [-50.41877610958804, -28.180218889875587], [-50.418579170339996, -28.179223609802108], [-50.41865022616989, -28.177663739576587], [-50.418926083388, -28.176572125442963], [-50.416773059561095, -28.176092219671844], [-50.41416832962111, -28.17630388944692], [-50.40939666980323, -28.175156109862993], [-50.40896555980363, -28.175803329874523], [-50.407943330457904, -28.175819170018848], [-50.404991110499374, -28.17688055945388], [-50.40363888993885, -28.176772220093774], [-50.40343667012739, -28.17669111000797], [-50.40351555953057, -28.17650555953626], [-50.40256749992929, -28.17605749962989], [-50.40206528038791, -28.17495694009707], [-50.40139082966001, -28.174425559564774], [-50.40109582970425, -28.174386939380486], [-50.40116556030969, -28.17415110974757], [-50.399158060113486, -28.174411389481946], [-50.3972083302055, -28.173209720130945], [-50.39676583039257, -28.172730279657888], [-50.396428059570106, -28.171223889792714], [-50.3964355597719, -28.170946389590785], [-50.39695167048613, -28.170296109995736], [-50.39690361017273, -28.170035279457828], [-50.39634861014253, -28.16962639020961], [-50.395522499796826, -28.16967917021659], [-50.394636940462945, -28.169366389810502]]]}}, {"type": "Feature", "properties": {"cod_imovel": "SC-4209300-6A4BEAA0EFD94A8FAD302C1F2B26A9EE", "municipio": "Lages", "num_area": 1781.7083, "mod_fiscal": 89.0854, "des_condic": "Aguardando analise", "ind_status": "PE", "dat_atuali": "18/04/2016"}, "geometry": {"type": "Polygon", "coordinates": [[[-50.3887135, -28.22567258], [-50.40125193, -28.2340401], [-50.40170121, -28.23184738], [-50.40187965, -28.22800096], [-50.40233539, -28.22787388], [-50.40255331, -28.22754175], [-50.40393974, -28.22676836], [-50.40665022, -28.22454822], [-50.40946634, -28.22422179], [-50.40945288, -28.22129577], [-50.41096464, -28.22069705], [-50.41242151, -28.21959096], [-50.41355647, -28.2192908], [-50.41417271, -28.21945388], [-50.41472635, -28.21937719], [-50.41548923, -28.21896939], [-50.41590318, -28.21854955], [-50.41802728, -28.2182463], [-50.41965159, -28.2170123], [-50.42147542, -28.21512051], [-50.42216973, -28.21485662], [-50.42363297, -28.21525293], [-50.42623559, -28.21357548], [-50.42782298, -28.21109569], [-50.42799893, -28.21030087], [-50.42893367, -28.20983457], [-50.42897337, -28.20947977], [-50.42937371, -28.20917195], [-50.42996779, -28.20823356], [-50.42817952, -28.203704], [-50.42808314, -28.20278515], [-50.42792334, -28.20279624], [-50.42754259, -28.20107335], [-50.42687601, -28.19998697], [-50.42573701, -28.19698004], [-50.42580706, -28.19382746], [-50.42417587, -28.18833459], [-50.42379098, -28.18851648], [-50.42363503, -28.18823854], [-50.42407908, -28.18798187], [-50.42310759, -28.18515394], [-50.42225202, -28.18420825], [-50.42184389, -28.18405457], [-50.42089057, -28.18321848], [-50.41983224, -28.18192185], [-50.41634339, -28.18362501], [-50.40383415, -28.1941081], [-50.39714738, -28.1888853], [-50.39057435, -28.19729907], [-50.37748213, -28.19363374], [-50.37465839, -28.19489185], [-50.37349233, -28.19497282], [-50.37305068, -28.19627776], [-50.37216274, -28.20174608], [-50.37221872, -28.20365374], [-50.38205638, -28.20319792], [-50.38477498000001, -28.20657149], [-50.38373318, -28.20800371], [-50.38375505, -28.20817254], [-50.38178354, -28.21008841], [-50.37902916, -28.21533865], [-50.37868904, -28.21643487], [-50.37798474, -28.21781076], [-50.3752729, -28.21818094], [-50.37530683, -28.21834802], [-50.37783236, -28.2179525], [-50.37804689, -28.21812334], [-50.37844471, -28.21899361], [-50.37779271, -28.22112287], [-50.37976359, -28.22585836], [-50.38230394, -28.22857157], [-50.38254637, -28.2296225], [-50.3887135, -28.22567258]]]}}, {"type": "Feature", "properties": {"cod_imovel": "SC-4209300-5A0F2930FD344A9D9BF8BE26A6CB00CD", "municipio": "Lages", "num_area": 688.9791, "mod_fiscal": 34.449, "des_condic": "Aguardando analise", "ind_status": "PE", "dat_atuali": "01/10/2015"}, "geometry": {"type": "Polygon", "coordinates": [[[-50.42373233, -28.18850286], [-50.42412506, -28.18833494], [-50.42575624, -28.19382781], [-50.4256862, -28.1969804], [-50.42682519, -28.19998732], [-50.42749177, -28.2010737], [-50.42787252, -28.20279659], [-50.42806452, -28.20283155], [-50.4282459, -28.20367332], [-50.4300119, -28.20811148], [-50.43042846, -28.20782976], [-50.43066568, -28.20794893], [-50.43137341, -28.20779712], [-50.43189732, -28.20799229], [-50.43229458, -28.20791771], [-50.43346363, -28.20741886], [-50.43436791, -28.20732464], [-50.4352125, -28.20703582], [-50.43564107, -28.20668945], [-50.43575633, -28.20641224], [-50.43560302, -28.20609919], [-50.43588261, -28.2059554], [-50.43574654, -28.20576968], [-50.43580302, -28.20541552], [-50.43647756, -28.20469618], [-50.4363152, -28.20419278], [-50.43653403, -28.20339899], [-50.4371045, -28.20257077], [-50.43777539, -28.20225263], [-50.43979477, -28.20254676], [-50.43997539, -28.20227718], [-50.44002602, -28.20164294], [-50.44056421, -28.2009782], [-50.44153372, -28.20031427], [-50.4424085, -28.20012547], [-50.44272733, -28.20010894], [-50.44349322, -28.20047821], [-50.44487813, -28.20246262], [-50.44544581, -28.2026242], [-50.44562276, -28.20222536], [-50.44586761, -28.20228788], [-50.44567091, -28.20247471], [-50.44633202, -28.20302181], [-50.44663557, -28.20279092], [-50.44688479, -28.20290086], [-50.44698203, -28.20264024], [-50.44715017, -28.20264627], [-50.44703885, -28.2025014], [-50.44730693, -28.20231562], [-50.44780021, -28.20235952], [-50.44796804, -28.20283525], [-50.44830526, -28.20297014], [-50.44879873, -28.20371356], [-50.44994087, -28.20478335], [-50.450469, -28.20487438], [-50.45069208, -28.20441805], [-50.45102502, -28.20458613], [-50.45114966, -28.20439688], [-50.45138785, -28.20457975], [-50.45153248, -28.20423982], [-50.45185252, -28.20443682], [-50.45194721, -28.20430815], [-50.45212693, -28.20440099], [-50.45213886, -28.20460888], [-50.45271362, -28.20442206], [-50.45374941, -28.20482913], [-50.45446169, -28.20481503], [-50.45476968, -28.20505612], [-50.45519535, -28.20480594], [-50.45511335, -28.20450409], [-50.45549998, -28.20409077], [-50.45581066, -28.20396889], [-50.45597336, -28.20406489], [-50.45624695, -28.20387519], [-50.45731695, -28.20427687], [-50.45765195, -28.20482672], [-50.45811142, -28.2047268], [-50.45615062, -28.20203169], [-50.45472005, -28.19958906], [-50.44928513, -28.1877414], [-50.44920595, -28.18717754], [-50.44997176, -28.18677765], [-50.44968822, -28.1862294], [-50.44904963, -28.18590865], [-50.4487039, -28.18618505], [-50.44866717, -28.18641277], [-50.44638878, -28.1869645], [-50.44482277, -28.18694217], [-50.44423286, -28.18666283], [-50.44246277, -28.18663659], [-50.44118791, -28.18699492], [-50.44080498, -28.18696993], [-50.44078658, -28.1867744], [-50.43785593, -28.18680611], [-50.43765889, -28.18556745], [-50.43910492, -28.18141222], [-50.44076914, -28.18028153], [-50.4411315, -28.17949861], [-50.4418995, -28.17879856], [-50.44224232, -28.17784364], [-50.4417024, -28.17707401], [-50.44167869, -28.17648137], [-50.43521789, -28.17152552], [-50.43122726, -28.17448385], [-50.43181015, -28.18105026], [-50.41978143, -28.1819222], [-50.42083975, -28.18321883], [-50.42179308, -28.18405493], [-50.4222012, -28.1842086], [-50.42305678, -28.18515429], [-50.42402827, -28.18798223], [-50.42358421, -28.18823889], [-50.42373233, -28.18850286]]]}}, {"type": "Feature", "properties": {"cod_imovel": "SC-4209300-3C0DF7EAA93E428C866DB8BAC05EB788", "municipio": "Lages", "num_area": 314.0881, "mod_fiscal": 15.7044, "des_condic": "Aguardando analise", "ind_status": "PE", "dat_atuali": "09/09/2021"}, "geometry": {"type": "Polygon", "coordinates": [[[-50.45051669, -28.1409825], [-50.44985581, -28.14366948], [-50.44918527, -28.14478459], [-50.44881639, -28.14583293], [-50.44679034, -28.14925613], [-50.44451573, -28.1515776], [-50.44444355, -28.15231689], [-50.44286846, -28.15246403], [-50.44240074, -28.15471061], [-50.44204607, -28.15539305], [-50.44100441, -28.15664663], [-50.44101298, -28.15698633], [-50.44219116, -28.15948947], [-50.44206611, -28.15998677], [-50.44167452, -28.16043037], [-50.44167911, -28.16084127], [-50.44307469, -28.16152416], [-50.4443606, -28.16116159], [-50.44606419, -28.16017508], [-50.44687836, -28.15948954], [-50.44915327, -28.15837554], [-50.45036837, -28.15815226], [-50.45161058, -28.15860329], [-50.45029686, -28.15338228], [-50.46341319, -28.15117379], [-50.46702509, -28.1406989], [-50.45233911, -28.13776816], [-50.45106934, -28.13891414], [-50.45034403, -28.14030102], [-50.45051669, -28.1409825]]]}}, {"type": "Feature", "properties": {"cod_imovel": "SC-4209300-80E81D2768274F488AEA6870E312149E", "municipio": "Lages", "num_area": 407.3795, "mod_fiscal": 20.369, "des_condic": "Aguardando analise", "ind_status": "AT", "dat_atuali": "11/03/2026"}, "geometry": {"type": "Polygon", "coordinates": [[[-50.37193639, -27.99819861], [-50.37047972, -27.99860111], [-50.36931083, -27.9984775], [-50.36844111, -27.99871167], [-50.36504083, -27.99653139], [-50.36465472, -27.99740861], [-50.36402806, -27.99807167], [-50.36407167, -27.99881944], [-50.36439972, -27.9995525], [-50.36503722, -27.99960194], [-50.36580278, -28.00716861], [-50.36606722, -28.01179944], [-50.3712425, -28.00814583], [-50.37170917, -28.00874722], [-50.38237139, -28.00217083], [-50.3813225, -28.00161167], [-50.38126417, -28.00079083], [-50.38088611, -28.00028167], [-50.380405, -28.00008444], [-50.3799325, -27.99884222], [-50.37744278, -27.99846472], [-50.37864778, -27.99155944], [-50.38227056, -27.99226028], [-50.3923, -27.98849639], [-50.3846475, -27.98635528], [-50.37817083, -27.98479389], [-50.37710167, -27.98418611], [-50.37592972, -27.98295], [-50.37459694, -27.9819375], [-50.36708278, -27.9796175], [-50.36600472, -27.9788925], [-50.36461361, -27.977495], [-50.36345667, -27.97999222], [-50.36375028, -27.98033111], [-50.36359528, -27.98051083], [-50.36327444, -27.98038028], [-50.36294139, -27.98053778], [-50.36250972, -27.98047167], [-50.36292806, -27.98194667], [-50.36375361, -27.983375], [-50.36339889, -27.98380222], [-50.36368861, -27.9839625], [-50.36370639, -27.98424722], [-50.36345806, -27.9845425], [-50.36364139, -27.98466667], [-50.36397028, -27.98436583], [-50.36414444, -27.98462528], [-50.36467111, -27.98819889], [-50.37128583, -27.9879075], [-50.37193639, -27.99819861]]]}}, {"type": "Feature", "properties": {"cod_imovel": "SC-4209300-E0D7D7453A274C5587E12A120893B2C2", "municipio": "Lages", "num_area": 54.8921, "mod_fiscal": 2.7446, "des_condic": "Aguardando analise", "ind_status": "AT", "dat_atuali": "26/02/2026"}, "geometry": {"type": "Polygon", "coordinates": [[[-50.25652916991966, -28.09883028014745], [-50.2434866698344, -28.103646669692804], [-50.24290000032057, -28.10481693948589], [-50.24278750017111, -28.10564972006714], [-50.243844013295686, -28.105931924475072], [-50.25219657091736, -28.102702732210997], [-50.26083632784119, -28.103926650601316], [-50.26169505465943, -28.104186912982804], [-50.26194934372316, -28.103801035257014], [-50.26169056020013, -28.103130559654726], [-50.25652916991966, -28.09883028014745]]]}}, {"type": "Feature", "properties": {"cod_imovel": "SC-4209300-12E1F2BCA4C64751A042C48D00FF0C42", "municipio": "Lages", "num_area": 223.6431, "mod_fiscal": 11.1822, "des_condic": "Aguardando analise", "ind_status": "AT", "dat_atuali": "26/02/2026"}, "geometry": {"type": "Polygon", "coordinates": [[[-50.25219657091736, -28.102702732210997], [-50.243844013295686, -28.105931924475072], [-50.24278750017111, -28.10564972006714], [-50.2427325000493, -28.106533609452246], [-50.24186667007306, -28.109939720190948], [-50.24206305985636, -28.110161939377395], [-50.24125028030255, -28.112121940031216], [-50.241003059956306, -28.11200916974732], [-50.24081639036027, -28.11230916988234], [-50.23891624798414, -28.11322866748867], [-50.23901805546263, -28.113863268073402], [-50.238346386747835, -28.114185854258718], [-50.23752218335743, -28.115043955460386], [-50.23676579780058, -28.11680428613008], [-50.23498050532833, -28.11930520166122], [-50.23665046124843, -28.120611464238973], [-50.23928949997025, -28.12359663568708], [-50.23990042394647, -28.124561005589076], [-50.24428739237436, -28.115469013559753], [-50.246581215028066, -28.11636553147098], [-50.247581275612596, -28.117025639679657], [-50.24947830523532, -28.117789134747113], [-50.2500753514034, -28.118166739135187], [-50.250053294966605, -28.118366288401663], [-50.2504786899867, -28.118377822614434], [-50.25408449030448, -28.10640052214799], [-50.26101990533832, -28.10563017307055], [-50.261309561575445, -28.104614781005306], [-50.26169505465943, -28.104186912982804], [-50.26083632784119, -28.103926650601316], [-50.25219657091736, -28.102702732210997]]]}}, {"type": "Feature", "properties": {"cod_imovel": "SC-4209300-4BA84CEB9055428D864F667176B1005C", "municipio": "Lages", "num_area": 147.5259, "mod_fiscal": 7.3763, "des_condic": "Aguardando analise", "ind_status": "AT", "dat_atuali": "18/02/2026"}, "geometry": {"type": "Polygon", "coordinates": [[[-50.45583352722161, -28.16152079301614], [-50.45297951515367, -28.16025695085933], [-50.45134190402192, -28.15900436154854], [-50.45098575371812, -28.15855189207924], [-50.45031504798283, -28.15844668874842], [-50.44872171456996, -28.15885242379833], [-50.44834331188468, -28.15934391492669], [-50.44718589818447, -28.15979624992711], [-50.44622689341686, -28.16057098270116], [-50.44328153876845, -28.16228348593944], [-50.44271573605147, -28.162086637078], [-50.4424552678459, -28.16178309767562], [-50.44199329325151, -28.16159500532391], [-50.44187697515541, -28.16130724531151], [-50.4415896750662, -28.16123421410281], [-50.44149219274323, -28.16292169848634], [-50.44164600442389, -28.16483131399272], [-50.44151457142483, -28.16575193891182], [-50.44216200710964, -28.16726898700359], [-50.44194556212781, -28.16901270496307], [-50.44935598321322, -28.17096243628144], [-50.449017925867, -28.16692410507896], [-50.45002327990751, -28.16650805180874], [-50.45159392359875, -28.16689554178512], [-50.45440855492637, -28.16676726624054], [-50.45621297524191, -28.16579418185685], [-50.45625289609184, -28.16602956731366], [-50.45747917300863, -28.16499714433331], [-50.45964263881442, -28.16239079881046], [-50.46068289736471, -28.16146639485319], [-50.46018228738235, -28.16003831216677], [-50.45857450155631, -28.15928543455439], [-50.45935954599463, -28.15866675437734], [-50.46015416996531, -28.15846786553], [-50.46013584147181, -28.15834970495374], [-50.45990048304435, -28.15794320287944], [-50.45867432459299, -28.15831419226601], [-50.45795595826834, -28.15876770568872], [-50.45741711566387, -28.15855063720439], [-50.45674313656354, -28.15852837197009], [-50.45599582986657, -28.15903778167002], [-50.45600615964405, -28.15920691458601], [-50.45680371774245, -28.15971887450494], [-50.45678985054185, -28.16049617081451], [-50.45700809795603, -28.16095441934961], [-50.45664745976283, -28.1614606244884], [-50.45583352722161, -28.16152079301614]]]}}, {"type": "Feature", "properties": {"cod_imovel": "SC-4209300-8300DC3098774397A5020A7D72523D49", "municipio": "Lages", "num_area": 113.9636, "mod_fiscal": 5.6982, "des_condic": "Aguardando analise", "ind_status": "AT", "dat_atuali": "27/01/2026"}, "geometry": {"type": "Polygon", "coordinates": [[[-50.3832313888889, -28.2366633297633], [-50.3818983333333, -28.2364002742077], [-50.3789052805556, -28.2353958269855], [-50.377800275, -28.2352350019855], [-50.3766530611111, -28.2353116686522], [-50.3748450055556, -28.2358430547633], [-50.3744983333333, -28.2383511047633], [-50.3774316666667, -28.2456011130965], [-50.3779844388889, -28.2462758269853], [-50.3782300027778, -28.2478152797631], [-50.3788833277778, -28.2483041630964], [-50.3790658527778, -28.248088218652], [-50.3795301388889, -28.2480772380964], [-50.3805511138889, -28.2476233130964], [-50.3815579944444, -28.246642518652], [-50.3826766694444, -28.2466902714298], [-50.3848201361111, -28.2457737964298], [-50.3852119055556, -28.2454660325409], [-50.3853915611111, -28.2431107853187], [-50.3852458583333, -28.2407003658743], [-50.3867944722222, -28.2399894269854], [-50.3873849777778, -28.2394316047632], [-50.3832313888889, -28.2366633297633]]]}}, {"type": "Feature", "properties": {"cod_imovel": "SC-4209300-AEADADEF66444E818B5E9A1A3A60D138", "municipio": "Lages", "num_area": 512.1867, "mod_fiscal": 25.6093, "des_condic": "Aguardando analise", "ind_status": "AT", "dat_atuali": "27/01/2026"}, "geometry": {"type": "Polygon", "coordinates": [[[-50.3884662027778, -28.2255292714302], [-50.3822991722222, -28.2294791686523], [-50.3822516694444, -28.2296861075412], [-50.3826399972222, -28.2315022186523], [-50.3827661083333, -28.2315405547634], [-50.3824916694444, -28.2327399936522], [-50.3828369361111, -28.2328336075411], [-50.3828747222222, -28.2330402825411], [-50.382737775, -28.2334886075411], [-50.3821536111111, -28.2341044408744], [-50.3823311111111, -28.2344483297633], [-50.3828700027778, -28.2344397158744], [-50.3827380638889, -28.2346519408744], [-50.3830319388889, -28.2350369380966], [-50.3833455555556, -28.2365911075411], [-50.3832313888889, -28.2366633297633], [-50.3873849777778, -28.2394316047632], [-50.3867944722222, -28.2399894269854], [-50.3852458583333, -28.2407003658743], [-50.3853915611111, -28.2431107853187], [-50.3852119055556, -28.2454660325409], [-50.3850912611111, -28.2456180408742], [-50.3826766694444, -28.2466902714298], [-50.3815579944444, -28.246642518652], [-50.3805511138889, -28.2476233130964], [-50.3795301388889, -28.2480772380964], [-50.3790658527778, -28.248088218652], [-50.3788833277778, -28.2483041630964], [-50.3790853388889, -28.2483317547631], [-50.3784850916667, -28.2495519630964], [-50.3767827916667, -28.2496268964297], [-50.3761288888889, -28.2494511075408], [-50.3759069388889, -28.2496138908742], [-50.3750447222222, -28.2497397186519], [-50.3746897194444, -28.2501624936519], [-50.3742283333333, -28.250253329763], [-50.3733788916667, -28.249955829763], [-50.3697538916667, -28.2519255630963], [-50.3690697166667, -28.2520138908741], [-50.3689441666667, -28.2511324992075], [-50.367652775, -28.2512647214297], [-50.3653147222222, -28.2518338825408], [-50.3654274944444, -28.252340829763], [-50.3667942805556, -28.2529500130963], [-50.3672110833333, -28.2534911964296], [-50.368915975, -28.2537145436519], [-50.3693110833333, -28.2536316992074], [-50.3698517111111, -28.2572152464296], [-50.3737911527778, -28.2558632880963], [-50.3750555666667, -28.2641135714294], [-50.3764738833333, -28.2642441658739], [-50.3782605638889, -28.2649880686517], [-50.3806036388889, -28.2656433047628], [-50.3812055111111, -28.2660424797627], [-50.3821649861111, -28.266204426985], [-50.3824655111111, -28.2665116992072], [-50.3842638861111, -28.2670977908738], [-50.38563055, -28.2684744603183], [-50.3873227833333, -28.2688208297627], [-50.3898124444444, -28.2687364686516], [-50.3922725861111, -28.2539946908741], [-50.3796125277778, -28.2524234130963], [-50.3799056583333, -28.2522739964297], [-50.3794646722222, -28.2512859214297], [-50.3795430333333, -28.2507453992075], [-50.3792445555556, -28.2501287880964], [-50.3799988666667, -28.2495362686519], [-50.3808875305556, -28.2481838575408], [-50.3813019694444, -28.2478016492075], [-50.3836606583333, -28.246849518652], [-50.3848510722222, -28.246120468652], [-50.3846958138889, -28.2458543047631], [-50.3851128694444, -28.2456379075409], [-50.3852418416667, -28.2454754103187], [-50.3854221916667, -28.2431109769854], [-50.3852774444444, -28.2407163658743], [-50.3868131944444, -28.2400113269854], [-50.3874072861111, -28.2394501297632], [-50.3883301888889, -28.2391770408743], [-50.3921238166667, -28.2403566880965], [-50.3934206, -28.2405678047632], [-50.3947678055556, -28.2410563436521], [-50.3956087555556, -28.2416312714299], [-50.3964817555556, -28.2419823853187], [-50.3983265361111, -28.2424325547632], [-50.3975203777778, -28.2413038269854], [-50.3977557111111, -28.240364732541], [-50.3989328222222, -28.2375053769855], [-50.4003042361111, -28.2359961742077], [-50.4009648416667, -28.2344221936522], [-50.4010045722222, -28.2338968325411], [-50.3884662027778, -28.2255292714302]]]}}, {"type": "Feature", "properties": {"cod_imovel": "SC-4209300-25742F2BD35B40079C0723C45585D8EF", "municipio": "Lages", "num_area": 22.4174, "mod_fiscal": 1.1209, "des_condic": "Aguardando analise", "ind_status": "AT", "dat_atuali": "17/12/2025"}, "geometry": {"type": "Polygon", "coordinates": [[[-50.35463111111204, -28.01727444348908], [-50.35394722222314, -28.01737333237798], [-50.35388222222315, -28.02104055460003], [-50.35619861111204, -28.02272666571104], [-50.35640972222316, -28.02362972126653], [-50.35622844486184, -28.0223009534627], [-50.35651758877192, -28.01979868998383], [-50.35635384570685, -28.0174032442374], [-50.35863904006051, -28.01713898765714], [-50.35788444444538, -28.01358722126705], [-50.35592972222315, -28.01568833237806], [-50.35501972222316, -28.01596944348915], [-50.35428138888982, -28.0159849990447], [-50.35463111111204, -28.01727444348908]]]}}, {"type": "Feature", "properties": {"cod_imovel": "SC-4209300-65BF9888FDFF4AB3A2F28D57E23B4E34", "municipio": "Lages", "num_area": 46.0915, "mod_fiscal": 2.3046, "des_condic": "Aguardando analise", "ind_status": "AT", "dat_atuali": "17/12/2025"}, "geometry": {"type": "Polygon", "coordinates": [[[-50.35428233, -28.01598416], [-50.35377808, -28.01622904], [-50.35325165, -28.01622498], [-50.35239066, -28.01666379], [-50.35276679, -28.01709907], [-50.35284061, -28.01845128], [-50.35173133, -28.01900096], [-50.35149096, -28.01980861], [-50.35089068, -28.02053616], [-50.35050667, -28.02043264], [-50.35027176, -28.02079532], [-50.34587307, -28.02347484], [-50.34684821, -28.02474669], [-50.34727224, -28.02577878], [-50.34765372, -28.02621927], [-50.34919453, -28.02579329], [-50.35005808, -28.02585573], [-50.3504547, -28.02662542], [-50.35260226, -28.02668069], [-50.35283295, -28.02488557], [-50.3532945, -28.0232664], [-50.35516282, -28.02443386], [-50.35541805, -28.02409131], [-50.354783535003655, -28.023916769140868], [-50.354783535003655, -28.023443223268337], [-50.35364627838134, -28.022098341631775], [-50.35428233, -28.01598416]]]}}, {"type": "Feature", "properties": {"cod_imovel": "SC-4209300-49C015561D724B249A3CA48A666A5402", "municipio": "Lages", "num_area": 130.1329, "mod_fiscal": 6.5066, "des_condic": "Aguardando analise", "ind_status": "AT", "dat_atuali": "10/12/2025"}, "geometry": {"type": "Polygon", "coordinates": [[[-50.28937634, -28.09052828], [-50.27589685, -28.09047126], [-50.27724889, -28.09796639], [-50.28660139, -28.10134972], [-50.28697833, -28.10021528], [-50.28683861, -28.09990333], [-50.28746472, -28.09942444], [-50.28859194, -28.09927694], [-50.29028444, -28.09782083], [-50.28996306, -28.09726083], [-50.29038889, -28.09645639], [-50.29037806, -28.09599111], [-50.28981639, -28.09501806], [-50.29009917, -28.09471583], [-50.29000417, -28.09416444], [-50.290285, -28.09391944], [-50.28908736, -28.09177935], [-50.2890665, -28.09119263], [-50.28937634, -28.09052828]]]}}, {"type": "Feature", "properties": {"cod_imovel": "SC-4209300-EA04DC910595460EB95132A22AE74B46", "municipio": "Lages", "num_area": 52.213, "mod_fiscal": 2.6107, "des_condic": "Aguardando analise", "ind_status": "AT", "dat_atuali": "10/12/2025"}, "geometry": {"type": "Polygon", "coordinates": [[[-50.26011694, -28.11251131], [-50.26022033, -28.11182486], [-50.26137418, -28.11092859], [-50.26141867, -28.10967555], [-50.26079032, -28.10908279], [-50.25949956, -28.10706626], [-50.25999582, -28.10649081], [-50.260725, -28.10620657], [-50.26101991, -28.10563017], [-50.25408449, -28.10640052], [-50.25223797, -28.1126171], [-50.26011694, -28.11251131]]]}}, {"type": "Feature", "properties": {"cod_imovel": "SC-4209300-4AA9B8D1072C43EF828BC2A961E8C678", "municipio": "Lages", "num_area": 16.1285, "mod_fiscal": 0.8064, "des_condic": "Aguardando analise", "ind_status": "AT", "dat_atuali": "10/12/2025"}, "geometry": {"type": "Polygon", "coordinates": [[[-50.2470098, -28.12691091], [-50.25038176, -28.11840816], [-50.25005329, -28.11836629], [-50.25007535, -28.11816674], [-50.24902376, -28.11765061], [-50.24532216, -28.12679916], [-50.24626, -28.12673851], [-50.2470098, -28.12691091]]]}}, {"type": "Feature", "properties": {"cod_imovel": "SC-4209300-615DE750C8CF46A49AA93A7C60319742", "municipio": "Lages", "num_area": 17.7193, "mod_fiscal": 0.886, "des_condic": "Aguardando analise", "ind_status": "AT", "dat_atuali": "10/12/2025"}, "geometry": {"type": "Polygon", "coordinates": [[[-50.25969013, -28.11813056], [-50.2585259, -28.11820495], [-50.25828863, -28.11889563], [-50.25775115, -28.11889721], [-50.25712586, -28.11916025], [-50.25656856, -28.11880463], [-50.25654893, -28.12213864], [-50.26139184, -28.12215914], [-50.26138952, -28.1213663], [-50.26113412, -28.12076078], [-50.26169493, -28.1203689], [-50.26165517, -28.12023376], [-50.26066113, -28.11905459], [-50.25987122, -28.11851107], [-50.25969013, -28.11813056]]]}}, {"type": "Feature", "properties": {"cod_imovel": "SC-4209300-0682CF4F841946938DBAA1D9A8DDC146", "municipio": "Lages", "num_area": 125.9438, "mod_fiscal": 6.2972, "des_condic": "Aguardando analise", "ind_status": "AT", "dat_atuali": "10/12/2025"}, "geometry": {"type": "Polygon", "coordinates": [[[-50.26307335, -28.10141174], [-50.26241167, -28.10257681], [-50.26187412, -28.10306458], [-50.26207126, -28.10394998], [-50.26140024, -28.10474951], [-50.26095376, -28.10615145], [-50.26008598, -28.10660139], [-50.25965092, -28.10709197], [-50.26091068, -28.10899695], [-50.26152957, -28.10951575], [-50.26160927, -28.11054595], [-50.26143991, -28.11110646], [-50.26035716, -28.11189016], [-50.26026739, -28.11253641], [-50.25223797, -28.1126171], [-50.25047869, -28.11837782], [-50.25053695, -28.11855804], [-50.25087435, -28.11843996], [-50.25102329, -28.11863528], [-50.25078283, -28.11858967], [-50.25105538, -28.11895373], [-50.25216609, -28.11901577], [-50.25289033, -28.11960083], [-50.25274722, -28.11968346], [-50.25288827, -28.11979466], [-50.25298377, -28.11952564], [-50.25320346, -28.11956734], [-50.25321201, -28.11942148], [-50.25359857, -28.11967446], [-50.25374803, -28.11948114], [-50.25384728, -28.11969772], [-50.25424015, -28.119524], [-50.25422803, -28.11926065], [-50.25464075, -28.11939324], [-50.2547678, -28.11919175], [-50.2548151, -28.11938549], [-50.25485654, -28.11910281], [-50.25531557, -28.11916589], [-50.25525971, -28.11888797], [-50.25546999, -28.11893492], [-50.25560113, -28.11856802], [-50.25612407, -28.11859203], [-50.25610175, -28.1188125], [-50.25633801, -28.11863553], [-50.25644377, -28.11872448], [-50.25632277, -28.11890056], [-50.25656446, -28.11875426], [-50.25712385, -28.11910896], [-50.2577519, -28.11884913], [-50.25826484, -28.11885399], [-50.258437, -28.11826346], [-50.25862271, -28.11811289], [-50.25988811, -28.11802391], [-50.26074628, -28.11826215], [-50.26231407, -28.11774506], [-50.26261533, -28.11783514], [-50.2630657, -28.11872001], [-50.26362675, -28.11929266], [-50.26409289, -28.11910745], [-50.26394571, -28.11958054], [-50.26460697, -28.11935102], [-50.26521154, -28.1197325], [-50.26574278, -28.11960111], [-50.26411161, -28.10883459], [-50.26394397, -28.10883134], [-50.26406581, -28.108461], [-50.26307335, -28.10141174]]]}}, {"type": "Feature", "properties": {"cod_imovel": "SC-4209300-2C294BAF1A31494C86D59748A47B0623", "municipio": "Lages", "num_area": 75.6689, "mod_fiscal": 3.7834, "des_condic": "Aguardando analise", "ind_status": "AT", "dat_atuali": "10/12/2025"}, "geometry": {"type": "Polygon", "coordinates": [[[-50.24010058, -28.12531485], [-50.24010911, -28.12752608], [-50.24035882, -28.12770772], [-50.2404607, -28.128234], [-50.24035594, -28.13000861], [-50.24084011, -28.13159773], [-50.24168103, -28.133062], [-50.2441562, -28.13526516], [-50.24879143, -28.13054696], [-50.25915684, -28.12796938], [-50.25434278, -28.12750783], [-50.25334585, -28.12698615], [-50.25297056, -28.1270505], [-50.25242108, -28.12756298], [-50.25077205, -28.12788383], [-50.24925711, -28.12794644], [-50.24646245, -28.12688967], [-50.24391353, -28.12695936], [-50.24252053, -28.1267676], [-50.24010058, -28.12531485]]]}}, {"type": "Feature", "properties": {"cod_imovel": "SC-4209300-47D0774AA6044D1D904449ED49B0CAED", "municipio": "Lages", "num_area": 99.4651, "mod_fiscal": 4.9733, "des_condic": "Aguardando analise", "ind_status": "AT", "dat_atuali": "10/12/2025"}, "geometry": {"type": "Polygon", "coordinates": [[[-50.25050724, -28.11860317], [-50.25038176, -28.11840816], [-50.2470098, -28.12691091], [-50.24861872, -28.12756045], [-50.2488282, -28.12633336], [-50.25021034, -28.12571521], [-50.25117216, -28.12766259], [-50.25252892, -28.12737734], [-50.25278273, -28.1270029], [-50.2532211, -28.12685297], [-50.25420909, -28.12734736], [-50.25883719, -28.1278252], [-50.26189579, -28.12718618], [-50.26179183, -28.12395926], [-50.26129359, -28.12395299], [-50.26121286, -28.12216385], [-50.25654893, -28.12213864], [-50.25656856, -28.11880463], [-50.25629517, -28.11894649], [-50.25634426, -28.11868671], [-50.25610505, -28.11886121], [-50.25603785, -28.11863674], [-50.25561564, -28.11862521], [-50.25552152, -28.11899296], [-50.25532256, -28.11894854], [-50.25534433, -28.11920406], [-50.25487691, -28.11914446], [-50.2548996, -28.11938735], [-50.25473826, -28.1193311], [-50.25461987, -28.11947668], [-50.25427591, -28.11930986], [-50.25427108, -28.11956679], [-50.25385923, -28.11974508], [-50.25372224, -28.11952217], [-50.25358793, -28.11972733], [-50.25326417, -28.11946969], [-50.25323347, -28.11961035], [-50.2530045, -28.11958038], [-50.25288121, -28.1198471], [-50.25213956, -28.1190621], [-50.25100042, -28.11898477], [-50.25101859, -28.11883509], [-50.25075882, -28.11865482], [-50.25084497, -28.11848201], [-50.25050724, -28.11860317]]]}}, {"type": "Feature", "properties": {"cod_imovel": "SC-4209300-AAFDEAD83369475A972BDCCF32D2E652", "municipio": "Lages", "num_area": 492.5141, "mod_fiscal": 24.6257, "des_condic": "Aguardando analise", "ind_status": "AT", "dat_atuali": "10/09/2019"}, "geometry": {"type": "Polygon", "coordinates": [[[-50.507379525, -28.2111376825415], [-50.5064701194444, -28.2119973158748], [-50.5052621055556, -28.2154119742081], [-50.5047288138889, -28.2205291547636], [-50.5048798638889, -28.2214864714302], [-50.5054693138889, -28.2228722908746], [-50.5064090083333, -28.2238932214302], [-50.5067603083333, -28.2244257269857], [-50.5067925166667, -28.2248284492079], [-50.5056089361111, -28.2264293047635], [-50.5029730055556, -28.2265481769857], [-50.4994000861111, -28.2275490742079], [-50.4989426027778, -28.2302160186523], [-50.4988590277778, -28.2311497519856], [-50.4992254527778, -28.2375648130966], [-50.5005768833333, -28.2407465547632], [-50.5001104138889, -28.2418903492076], [-50.5003714972222, -28.2433922797632], [-50.5002990472222, -28.2458797964298], [-50.4997867666667, -28.2461968380964], [-50.5008971944444, -28.2474378380964], [-50.5014635138889, -28.2476889519853], [-50.5019990888889, -28.2476836464297], [-50.5028603611111, -28.245754443652], [-50.5051214805556, -28.2437068325409], [-50.5087440111111, -28.2369470297633], [-50.5144639638889, -28.2400794769854], [-50.5220122388889, -28.2362636492077], [-50.5209308361111, -28.2325568408745], [-50.5181566333333, -28.2259467464301], [-50.5197742388889, -28.2208471964302], [-50.5192957027778, -28.219993174208], [-50.5184402527778, -28.2199431269858], [-50.5162912055556, -28.2157971408748], [-50.5138606611111, -28.216801038097], [-50.5131721805556, -28.2167054519859], [-50.5127479277778, -28.216816938097], [-50.5121329694444, -28.2163127908748], [-50.5124367944444, -28.2156584742081], [-50.5108820444444, -28.2138637769859], [-50.5088025805556, -28.2122919880971], [-50.5077876527778, -28.2113052992082], [-50.507379525, -28.2111376825415]]]}}, {"type": "Feature", "properties": {"cod_imovel": "SC-4209300-66BAB20626A5402ABC8E1CA402D21DC0", "municipio": "Lages", "num_area": 233.5932, "mod_fiscal": 11.6797, "des_condic": "Aguardando analise", "ind_status": "AT", "dat_atuali": "10/09/2019"}, "geometry": {"type": "Polygon", "coordinates": [[[-50.48344429, -28.22166838], [-50.48219079, -28.22745094], [-50.49891252, -28.23043241], [-50.49940009, -28.22754908], [-50.502973, -28.22654818], [-50.50560894, -28.22642931], [-50.50679251, -28.22482845], [-50.50676031, -28.22442573], [-50.50640901, -28.22389323], [-50.50546931, -28.22287229], [-50.50487987, -28.22148647], [-50.50472882, -28.22052915], [-50.5052621, -28.21541197], [-50.50647012, -28.21199732], [-50.50606371, -28.21168276], [-50.50566355, -28.21192708], [-50.50531305, -28.21259806], [-50.50478541, -28.21270028], [-50.50380258, -28.21257732], [-50.50332553, -28.2122527], [-50.50307945, -28.21272466], [-50.50246084, -28.21299847], [-50.50230955, -28.21338447], [-50.50165253, -28.21365537], [-50.50131621, -28.2141031], [-50.50150648, -28.21430759], [-50.50133646, -28.21440869], [-50.5014477, -28.21479313], [-50.50124237, -28.21550612], [-50.50141024, -28.21596584], [-50.50122794, -28.21615686], [-50.50131082, -28.21639924], [-50.50109105, -28.21635648], [-50.50110482, -28.21663949], [-50.50076945, -28.21718137], [-50.50101054, -28.21727103], [-50.50093121, -28.21751988], [-50.50022043, -28.21804199], [-50.49996996, -28.21793004], [-50.49961674, -28.21810985], [-50.49951415, -28.21802114], [-50.49910966, -28.21844953], [-50.49877745, -28.21831615], [-50.49767535, -28.21931465], [-50.49786978, -28.21996373], [-50.4981131, -28.22013498], [-50.49812821, -28.22126157], [-50.49837406, -28.22257513], [-50.49871077, -28.22316014], [-50.48401177, -28.21869708], [-50.48325123, -28.22066704], [-50.48344429, -28.22166838]]]}}, {"type": "Feature", "properties": {"cod_imovel": "SC-4209300-EE46B890293048D0AC3DA5C25EAE7BD3", "municipio": "Lages", "num_area": 230.5846, "mod_fiscal": 11.5292, "des_condic": "Aguardando analise", "ind_status": "AT", "dat_atuali": "24/11/2025"}, "geometry": {"type": "Polygon", "coordinates": [[[-50.2718378888889, -28.0242591381005], [-50.24930298328399, -28.034656230106364], [-50.2505533694444, -28.0363289908781], [-50.25131355, -28.0370309825447], [-50.2519451833333, -28.038230340878], [-50.2522735055556, -28.0385605519891], [-50.2529535888889, -28.0385900769891], [-50.2539115861111, -28.0394399492113], [-50.2544230638889, -28.0403036686558], [-50.2551569611111, -28.0407522381002], [-50.255286675, -28.0405252214335], [-50.2556346083333, -28.0403962186558], [-50.2564612416667, -28.0413723797669], [-50.2580191888889, -28.0423448214335], [-50.2581808305556, -28.0420638686557], [-50.259530525, -28.0411189297669], [-50.2612066611111, -28.0416832936557], [-50.2614841777778, -28.0420081631002], [-50.2619376166667, -28.0420377464335], [-50.2624702444444, -28.0418074797668], [-50.2633849, -28.0406144825446], [-50.2652457305556, -28.0386959492113], [-50.2670451194444, -28.0350955936559], [-50.2675616305556, -28.0336150603226], [-50.2685604805556, -28.033137354767], [-50.2706951888889, -28.0325817908781], [-50.2748111166667, -28.0327335908781], [-50.2735130638889, -28.0297617492115], [-50.2729909555556, -28.0293578325449], [-50.2730110611111, -28.0289999353226], [-50.2735001305556, -28.0279457492115], [-50.2731966388889, -28.0259524575449], [-50.2718378888889, -28.0242591381005]]]}}, {"type": "Feature", "properties": {"cod_imovel": "SC-4209300-15DF19D7DC7740F78E79AA5AF7B458CC", "municipio": "Lages", "num_area": 596.9314, "mod_fiscal": 29.8466, "des_condic": "Aguardando analise", "ind_status": "AT", "dat_atuali": "19/11/2025"}, "geometry": {"type": "Polygon", "coordinates": [[[-50.26545361, -28.00488833], [-50.25662083, -28.00987611], [-50.2417325, -28.01490444], [-50.24175583, -28.01541278], [-50.2421575, -28.01580194], [-50.24191472, -28.01599333], [-50.24237667, -28.01619278], [-50.24236, -28.01639583], [-50.24251333, -28.01645583], [-50.24255861, -28.01667639], [-50.24230139, -28.01705139], [-50.24258306, -28.01712944], [-50.24272556, -28.01752], [-50.24253639, -28.01767556], [-50.2433675, -28.01806417], [-50.24329, -28.01834694], [-50.24387917, -28.01833806], [-50.24404333, -28.018505], [-50.24437278, -28.01992528], [-50.24433667, -28.02026889], [-50.24381667, -28.02081139], [-50.2449875, -28.02307528], [-50.24500944, -28.02371083], [-50.2455075, -28.02445667], [-50.24591944, -28.02710778], [-50.24653472, -28.02816639], [-50.24726083, -28.03004], [-50.24885111, -28.03137028], [-50.24896028, -28.03250333], [-50.24956778, -28.03314833], [-50.24965472, -28.03361333], [-50.24937082999999, -28.03414889], [-50.24945139, -28.03459778], [-50.27183789, -28.02425914], [-50.27246806, -28.02392767], [-50.27426487, -28.02215915], [-50.2748118, -28.02184511], [-50.27459799, -28.02066001], [-50.27428097, -28.01997149], [-50.2734938, -28.01904063], [-50.27279142, -28.01708901], [-50.27307635, -28.01573811], [-50.27295068, -28.01519926], [-50.27254788, -28.01492804], [-50.27163894000001, -28.01304013], [-50.27005583, -28.01265306], [-50.26948417, -28.01208111], [-50.26856917, -28.01192167], [-50.26545361, -28.00488833]]]}}, {"type": "Feature", "properties": {"cod_imovel": "SC-4209300-F678FB968C9C48DDAED5DD978B536C90", "municipio": "Lages", "num_area": 78.1502, "mod_fiscal": 3.9075, "des_condic": "Aguardando analise", "ind_status": "AT", "dat_atuali": "19/11/2025"}, "geometry": {"type": "Polygon", "coordinates": [[[-50.253674983978264, -28.00509645290988], [-50.2425392944444, -28.0094805436563], [-50.2421247416667, -28.011009535323], [-50.2422359388889, -28.0125825158785], [-50.2424483972222, -28.0129880797674], [-50.2421465194444, -28.0129478075452], [-50.2420085944444, -28.013237071434], [-50.2422563777778, -28.0132779381007], [-50.2419888944444, -28.0133645547674], [-50.2423971916667, -28.0135943547674], [-50.2423540416667, -28.0137388075451], [-50.24177555, -28.013535971434], [-50.2418360861111, -28.0138747769896], [-50.2421254777778, -28.0138685631007], [-50.2421765444444, -28.0140274575451], [-50.2416695416667, -28.0141460992118], [-50.2418216722222, -28.0143759492118], [-50.2416580361111, -28.0144440992118], [-50.2418475416667, -28.0147256186562], [-50.2417325, -28.014904446434], [-50.2566208305556, -28.009876110323], [-50.253674983978264, -28.00509645290988]]]}}, {"type": "Feature", "properties": {"cod_imovel": "SC-4209300-5FA7E7694D5C460492D47434E311D2A7", "municipio": "Lages", "num_area": 183.797, "mod_fiscal": 9.1899, "des_condic": "Aguardando analise", "ind_status": "AT", "dat_atuali": "02/06/2015"}, "geometry": {"type": "Polygon", "coordinates": [[[-50.4541192766973, -28.1271556438649], [-50.4530315641646, -28.1287737198832], [-50.4744606010736, -28.1349977075007], [-50.4750568935925, -28.1329226372951], [-50.4764114201266, -28.1314608997245], [-50.4769332919792, -28.1304572417019], [-50.4773375859262, -28.1302364033878], [-50.4771346305304, -28.1300277228703], [-50.4778073655868, -28.1298134697167], [-50.4778707614209, -28.1300026895638], [-50.4782067964605, -28.1297781237069], [-50.4779650185985, -28.1295852183827], [-50.4782295782034, -28.129392844559], [-50.47802274256, -28.1292578254128], [-50.4782150547615, -28.1291539993691], [-50.4783960053001, -28.12774557734], [-50.4783843406465, -28.1269978054388], [-50.4782603844552, -28.1270792617157], [-50.4781596630217, -28.1268260445677], [-50.4633010317244, -28.1258493256849], [-50.4619806382707, -28.1247859158001], [-50.4611583160065, -28.1238218877764], [-50.458506085621, -28.1195130218568], [-50.4573837760771, -28.1212384400265], [-50.4559662453761, -28.1225121077539], [-50.4552299909882, -28.1234668747253], [-50.4547621479739, -28.1258117231524], [-50.4541192766973, -28.1271556438649]]]}}, {"type": "Feature", "properties": {"cod_imovel": "SC-4209300-249D5B6DAD7547219CD4F4A3BFF48D85", "municipio": "Lages", "num_area": 86.1711, "mod_fiscal": 4.3086, "des_condic": "Aguardando analise", "ind_status": "AT", "dat_atuali": "06/11/2025"}, "geometry": {"type": "Polygon", "coordinates": [[[-50.39336682631893, -28.04092677784497], [-50.38927304040553, -28.03981339694922], [-50.38553416372913, -28.03822866172676], [-50.38453110999996, -28.04662721921643], [-50.38713828937802, -28.04768179875834], [-50.38724892919206, -28.04756701833803], [-50.38740807745061, -28.04786958932674], [-50.3875202851123, -28.04785519531082], [-50.38751454924468, -28.04743090330874], [-50.38771888053925, -28.04757064880691], [-50.38770262842961, -28.04740411947689], [-50.38793626207094, -28.04736435906554], [-50.38817881999049, -28.04756349100228], [-50.38823320362388, -28.04739276289808], [-50.38903570376777, -28.04717345982603], [-50.38918645141727, -28.04687470648782], [-50.38953368861508, -28.04705931683116], [-50.38967206196048, -28.04687957338352], [-50.38990835771683, -28.04707091129968], [-50.39126273194938, -28.04726639654344], [-50.39472779714694, -28.04823694290927], [-50.39532053349139, -28.0479182846708], [-50.39684103726064, -28.04529541861536], [-50.39336682631893, -28.04092677784497]]]}}, {"type": "Feature", "properties": {"cod_imovel": "SC-4209300-5E9089688E124DD99585A1DCC06CC0B2", "municipio": "Lages", "num_area": 80.9484, "mod_fiscal": 4.0474, "des_condic": "Aguardando analise", "ind_status": "AT", "dat_atuali": "04/11/2025"}, "geometry": {"type": "Polygon", "coordinates": [[[-50.379934999997644, -28.044820280844217], [-50.37957221999756, -28.048326940847634], [-50.37577416999757, -28.051541670844678], [-50.379290965955846, -28.05534103372451], [-50.38818876810378, -28.05276099667852], [-50.38678487730394, -28.049615643622538], [-50.38685347924506, -28.04927798120451], [-50.386533556584475, -28.048948621755066], [-50.38648489799089, -28.048676530936014], [-50.38678860387621, -28.04851750561121], [-50.38643550092495, -28.047966323120136], [-50.387058025075305, -28.047916096602542], [-50.387138289375656, -28.04768180038863], [-50.38082832999762, -28.045115280845774], [-50.3801980599976, -28.04465583084458], [-50.379934999997644, -28.044820280844217]]]}}, {"type": "Feature", "properties": {"cod_imovel": "SC-4209300-0679139D857B44A9A9CC8188CBB581B7", "municipio": "Lages", "num_area": 41.1253, "mod_fiscal": 2.0563, "des_condic": "Aguardando analise", "ind_status": "AT", "dat_atuali": "04/11/2025"}, "geometry": {"type": "Polygon", "coordinates": [[[-50.379290965955846, -28.05534103372451], [-50.3808543131373, -28.057156654592802], [-50.383753836867434, -28.05975052383138], [-50.389322425911224, -28.056228631647382], [-50.38909044807721, -28.054886783781857], [-50.38821656659175, -28.053208640045575], [-50.38818876810378, -28.05276099667852], [-50.379290965955846, -28.05534103372451]]]}}, {"type": "Feature", "properties": {"cod_imovel": "SC-4209300-C6417C6BE01245E0AE123AB439138D21", "municipio": "Lages", "num_area": 67.9859, "mod_fiscal": 3.3993, "des_condic": "Aguardando analise", "ind_status": "AT", "dat_atuali": "21/10/2025"}, "geometry": {"type": "Polygon", "coordinates": [[[-50.29721260070801, -28.108969655567396], [-50.29270648956299, -28.097802258461535], [-50.29022242220208, -28.09798127240569], [-50.28771907404838, -28.09994408741755], [-50.28747081756592, -28.10060368084938], [-50.28696922696219, -28.10125499243092], [-50.2863414585275, -28.10409210453481], [-50.29111862182617, -28.106206306210375], [-50.29240608215332, -28.106887686636632], [-50.29465072526202, -28.10844876466414], [-50.29522072580754, -28.10829020540977], [-50.296190244018, -28.10842440360578], [-50.29721260070801, -28.108969655567396]]]}}, {"type": "Feature", "properties": {"cod_imovel": "SC-4209300-D95E88E63E714F69A2929CC443A203F1", "municipio": "Lages", "num_area": 130.0636, "mod_fiscal": 6.5032, "des_condic": "Aguardando analise", "ind_status": "AT", "dat_atuali": "21/10/2025"}, "geometry": {"type": "Polygon", "coordinates": [[[-50.29460621685435, -28.10844891963138], [-50.29062509536743, -28.10611166969777], [-50.28632630251029, -28.10406569084263], [-50.2869207855831, -28.10141642613545], [-50.27727253409383, -28.09801188129568], [-50.27878037073917, -28.10648866565988], [-50.28665542602539, -28.112565688540393], [-50.28760450510058, -28.11166935735088], [-50.28883665790477, -28.11229334105398], [-50.28995369316054, -28.11186965025085], [-50.291783809661865, -28.1107866136122], [-50.29460621685435, -28.10844891963138]]]}}, {"type": "Feature", "properties": {"cod_imovel": "SC-4209300-AEC123678A6E4145A1A026BB324EA0D8", "municipio": "Lages", "num_area": 47.7696, "mod_fiscal": 2.3885, "des_condic": "Aguardando analise", "ind_status": "AT", "dat_atuali": "21/10/2025"}, "geometry": {"type": "Polygon", "coordinates": [[[-50.29149096276276, -28.09749480420069], [-50.3006887435913, -28.095398276893267], [-50.299251079559326, -28.091252701875987], [-50.28996733569954, -28.09342546284535], [-50.29002954103596, -28.09469788939295], [-50.28991595610334, -28.09503359786732], [-50.29035167003935, -28.09594224502678], [-50.29032154696576, -28.09653602080985], [-50.29004978260735, -28.09707855658843], [-50.29030903687962, -28.09790845830949], [-50.29149096276276, -28.09749480420069]]]}}, {"type": "Feature", "properties": {"cod_imovel": "SC-4209300-C7D05F523DA94CD489E442524834FFD9", "municipio": "Lages", "num_area": 181.1496, "mod_fiscal": 9.0575, "des_condic": "Aguardando analise", "ind_status": "AT", "dat_atuali": "20/10/2025"}, "geometry": {"type": "Polygon", "coordinates": [[[-50.45882722000089, -28.22752055982042], [-50.456090300000895, -28.226483199820464], [-50.455622180000894, -28.225955479820485], [-50.455271130000895, -28.2251789298205], [-50.451827160000896, -28.222159789820612], [-50.4512381200009, -28.22326458982057], [-50.451431770000895, -28.22399073982055], [-50.44957447000091, -28.22457171982053], [-50.446046670000904, -28.226810279820448], [-50.44207111000091, -28.23484582982016], [-50.44194083000092, -28.236639719820094], [-50.44564361000091, -28.236810829820104], [-50.4471861100009, -28.2366547198201], [-50.447780280000906, -28.236869169820096], [-50.4487252800009, -28.237659169820066], [-50.45127849571072, -28.23810866156512], [-50.452063060000896, -28.2369091698201], [-50.45195972000089, -28.236704169820097], [-50.453066940000895, -28.235914719820133], [-50.4535952739458, -28.2360510518972], [-50.45500691491005, -28.23563641992276], [-50.45652333742315, -28.23573857045936], [-50.45713889000089, -28.23597332982013], [-50.45793583000089, -28.23583999982013], [-50.45882722000089, -28.22752055982042]]]}}, {"type": "Feature", "properties": {"cod_imovel": "SC-4209300-4CAA173F950848258801D46A0F91C88E", "municipio": "Lages", "num_area": 1065.2888, "mod_fiscal": 53.2644, "des_condic": "Aguardando analise", "ind_status": "AT", "dat_atuali": "16/10/2025"}, "geometry": {"type": "Polygon", "coordinates": [[[-50.41602886, -28.09800639], [-50.41553088, -28.09764852], [-50.41488276, -28.09809711], [-50.41430491, -28.09876462], [-50.41463291, -28.09896641], [-50.41285167, -28.09938153], [-50.41185517, -28.10050373], [-50.41186115, -28.10134885], [-50.41124639, -28.10198306], [-50.4116628, -28.10307385], [-50.41092476, -28.10400524], [-50.41135191, -28.10449028], [-50.4112622, -28.10460752], [-50.41162166, -28.10477471], [-50.41157078, -28.10538642], [-50.41109532, -28.10658748], [-50.41124391, -28.10665059], [-50.41137221, -28.10647836], [-50.41151856, -28.10663525], [-50.41112621, -28.10703334], [-50.41074408, -28.1070754], [-50.41041835, -28.10684446], [-50.41038498, -28.10704498], [-50.41017084, -28.10703531], [-50.4101961, -28.10746085], [-50.41037029, -28.10754988], [-50.41006552, -28.10752917], [-50.41022614, -28.10794365], [-50.4096122, -28.10793469], [-50.40958968, -28.10831002], [-50.4100014, -28.10892057], [-50.4093694, -28.1089758], [-50.40912606, -28.10914753], [-50.40857137, -28.10978803], [-50.40852415, -28.11048858], [-50.40818442, -28.11069302], [-50.40819609, -28.11157247], [-50.40892304, -28.11186167], [-50.40996002, -28.11255642], [-50.41053306, -28.11370168], [-50.41067059, -28.11364721], [-50.41144753, -28.11442668], [-50.4122356, -28.11475223], [-50.41270775, -28.11605169], [-50.41356809, -28.11705654], [-50.41410016, -28.1171526], [-50.41550506, -28.11657456], [-50.41591898, -28.11668533], [-50.41587479, -28.11709049], [-50.43994014, -28.10560837], [-50.44005114, -28.1035422], [-50.43888566, -28.10052245], [-50.43856053, -28.09739627], [-50.43889153, -28.09653546], [-50.4386726, -28.0955419], [-50.43920567, -28.09324571], [-50.43851106, -28.09195247], [-50.43663317, -28.09034754], [-50.435723, -28.08791023], [-50.43415485, -28.08550848], [-50.43284129, -28.08404466], [-50.43264732, -28.08241332], [-50.43239212, -28.0817431], [-50.43204997, -28.08132961], [-50.43214519, -28.07961623], [-50.43063909, -28.07928511], [-50.42893934, -28.07833455], [-50.4288475, -28.07709889], [-50.4280192, -28.07475089], [-50.42800214, -28.07398575], [-50.42829694, -28.07290972], [-50.42827591, -28.07113414], [-50.42710972, -28.07148417], [-50.42636139, -28.07188667], [-50.42488361, -28.07193833], [-50.42156531, -28.07246692], [-50.42005556, -28.07254528], [-50.41976361, -28.07288333], [-50.41940778, -28.073775], [-50.41966778, -28.07622333], [-50.41963325, -28.07676618], [-50.41943346, -28.07678654], [-50.41954247, -28.07619773], [-50.41896805, -28.07602712], [-50.41842484, -28.07548655], [-50.41647479, -28.0745188], [-50.41640619, -28.07406671], [-50.41667857, -28.07336322], [-50.41731985, -28.07271953], [-50.41729706, -28.07222882], [-50.41715956, -28.07213571], [-50.41737106, -28.0708305], [-50.40347173, -28.07030239], [-50.40348374, -28.07017146], [-50.3993696, -28.06990257], [-50.40525222, -28.0856483], [-50.41987422, -28.08459427], [-50.42022031, -28.08436148], [-50.42030462, -28.08219555], [-50.42017371, -28.08111917], [-50.42034386, -28.08044152], [-50.42009427, -28.07970711], [-50.42636806, -28.075825], [-50.42618696, -28.08019779], [-50.42575093, -28.08140522], [-50.42560478, -28.08289522], [-50.42475925, -28.08502095], [-50.42444088, -28.08740498], [-50.42293913, -28.08801639], [-50.42048966, -28.08829863], [-50.42038079, -28.08886009], [-50.41873222, -28.08846776], [-50.41807996, -28.08873418], [-50.41783318, -28.08961253], [-50.41733092, -28.08999612], [-50.41773841, -28.09083925], [-50.41735315, -28.09108279], [-50.41715285, -28.09160676], [-50.41736309, -28.09193705], [-50.41720185, -28.09278715], [-50.41741891, -28.09311773], [-50.41826437, -28.09347861], [-50.41870701, -28.09439491], [-50.41811488, -28.09501896], [-50.41704027, -28.09693785], [-50.41602886, -28.09800639]]]}}, {"type": "Feature", "properties": {"cod_imovel": "SC-4209300-2D3CA9E05EC54AE3A27CE788804731E7", "municipio": "Lages", "num_area": 58.3792, "mod_fiscal": 2.919, "des_condic": "Aguardando analise", "ind_status": "AT", "dat_atuali": "14/10/2025"}, "geometry": {"type": "Polygon", "coordinates": [[[-50.4263680083333, -28.075824932544], [-50.4200942611111, -28.0797071130995], [-50.4203438472222, -28.0804414797661], [-50.4201736777778, -28.081119143655], [-50.4203046277778, -28.0821955630994], [-50.4202202916667, -28.0843614519883], [-50.4198741916667, -28.0845942575438], [-50.4196265472222, -28.0852770158772], [-50.419886175, -28.0860273408771], [-50.4204054055556, -28.0864842742105], [-50.4204896305556, -28.0882986714327], [-50.4229390888889, -28.0880163519882], [-50.424440875, -28.0874050019882], [-50.4247592527778, -28.0850209519883], [-50.4256047805556, -28.0828952297661], [-50.4257509777778, -28.0814051797661], [-50.426186925, -28.0801977825439], [-50.4263680083333, -28.075824932544]]]}}, {"type": "Feature", "properties": {"cod_imovel": "SC-4209300-C07139E3691D408B9E7CB3D3D535B7D4", "municipio": "Lages", "num_area": 266.301, "mod_fiscal": 13.3151, "des_condic": "Cancelado por decisao administrativa", "ind_status": "CA", "dat_atuali": "29/07/2019"}, "geometry": {"type": "Polygon", "coordinates": [[[-50.3993696, -28.06990257], [-50.40525222, -28.08564833], [-50.41987419, -28.08459426], [-50.42022029, -28.08436145], [-50.42030463, -28.08219556], [-50.42017368, -28.08111914], [-50.42034385, -28.08044148], [-50.41988636, -28.07897743], [-50.42005167, -28.07876025], [-50.42004819, -28.07825003], [-50.41970909, -28.07749191], [-50.4198275, -28.07690596], [-50.41943345, -28.07678658], [-50.41954247, -28.07619773], [-50.41896805, -28.07602712], [-50.41842484, -28.07548655], [-50.41647479, -28.0745188], [-50.41640619, -28.07406671], [-50.41667857, -28.07336322], [-50.41731985, -28.07271953], [-50.41729706, -28.07222882], [-50.41715956, -28.07213571], [-50.41737106, -28.0708305], [-50.40347173, -28.07030239], [-50.40348374, -28.07017146], [-50.3993696, -28.06990257]]]}}, {"type": "Feature", "properties": {"cod_imovel": "SC-4209300-792D80893CCE48AE83F0327875D68C2E", "municipio": "Lages", "num_area": 741.1962, "mod_fiscal": 37.0598, "des_condic": "Cancelado por decisao administrativa", "ind_status": "CA", "dat_atuali": "10/07/2019"}, "geometry": {"type": "Polygon", "coordinates": [[[-50.42886166, -28.07775826], [-50.42613504, -28.08002275], [-50.42575098, -28.08140518], [-50.42560478, -28.08289523], [-50.42475925, -28.08502095], [-50.42444087, -28.087405], [-50.42293909, -28.08801635], [-50.42048963, -28.08829867], [-50.42038079, -28.0888601], [-50.41873227, -28.08846773], [-50.41808001, -28.0887342], [-50.41783314, -28.08961257], [-50.41733092, -28.08999612], [-50.41773845, -28.09083929], [-50.41735314, -28.0910828], [-50.41715284, -28.09160673], [-50.41736314, -28.09193703], [-50.41720183, -28.09278711], [-50.41741893, -28.09311775], [-50.41826438, -28.09347859], [-50.41870705, -28.09439487], [-50.41811488, -28.09501893], [-50.4170403, -28.09693781], [-50.41615918, -28.09794214], [-50.41602888, -28.09800639], [-50.41553086, -28.0976485], [-50.4148828, -28.09809715], [-50.41430494, -28.09876464], [-50.41462319, -28.098955], [-50.41285163, -28.09938158], [-50.41255291, -28.09959977], [-50.4118552, -28.10050373], [-50.41186111, -28.10134889], [-50.41125306, -28.10192222], [-50.41166278, -28.10307389], [-50.41092472, -28.10400528], [-50.41135194, -28.10449028], [-50.41126222, -28.1046075], [-50.41162167, -28.10477472], [-50.41157083, -28.10538639], [-50.41109528, -28.1065875], [-50.41124389, -28.10665056], [-50.41137222, -28.10647833], [-50.41151861, -28.10663528], [-50.41109611, -28.10702333], [-50.4107875, -28.10706139], [-50.41041833, -28.10684444], [-50.410385, -28.107045], [-50.41017083, -28.10703528], [-50.41019611, -28.10746083], [-50.4103325, -28.10753056], [-50.41006556, -28.10752917], [-50.41022611, -28.10794361], [-50.40961222, -28.10793472], [-50.40958972, -28.10831], [-50.41000139, -28.10892056], [-50.40936944, -28.10897583], [-50.40857139, -28.10978806], [-50.40852417, -28.11048861], [-50.40818444, -28.11069306], [-50.40814111, -28.11122972], [-50.40819611, -28.1115725], [-50.40892306, -28.11186167], [-50.40996, -28.11255639], [-50.41053306, -28.11370167], [-50.41067056, -28.11364722], [-50.4114475, -28.11442667], [-50.41223556, -28.11475222], [-50.41270778, -28.11605167], [-50.41356813, -28.11705653], [-50.41410021, -28.11715261], [-50.41550502, -28.11657453], [-50.41587563, -28.11666383], [-50.41587477, -28.11709045], [-50.43994019, -28.10560835], [-50.4400511, -28.10354218], [-50.43888563, -28.10052247], [-50.43866575, -28.09888671], [-50.43857748, -28.09730704], [-50.43889155, -28.09653549], [-50.43867268, -28.09555366], [-50.43923109, -28.09349198], [-50.43908334, -28.09290025], [-50.43851107, -28.09195249], [-50.43663318, -28.09034751], [-50.43572297, -28.08791024], [-50.43415485, -28.08550851], [-50.43284129, -28.0840447], [-50.43264732, -28.08241336], [-50.43239212, -28.08174314], [-50.43204997, -28.08132964], [-50.43214519, -28.07961627], [-50.43090391, -28.07938248], [-50.42924391, -28.07858125], [-50.42891804, -28.07826581], [-50.42886166, -28.07775826]]]}}, {"type": "Feature", "properties": {"cod_imovel": "SC-4209300-45068900DEE9459E8DC89ABBBC151B8F", "municipio": "Lages", "num_area": 564.9805, "mod_fiscal": 28.249, "des_condic": "Aguardando analise", "ind_status": "AT", "dat_atuali": "02/10/2025"}, "geometry": {"type": "Polygon", "coordinates": [[[-50.301816719545144, -28.107852566196758], [-50.299819106230494, -28.108423943009598], [-50.29912831069952, -28.109029441019388], [-50.298291048658946, -28.109168459972558], [-50.29838617290973, -28.109451964817648], [-50.29797680100215, -28.10965049032779], [-50.29783964207725, -28.109617545574395], [-50.29774108554173, -28.109240877586743], [-50.29730032518009, -28.109295940028947], [-50.29707692849823, -28.10896714956546], [-50.29623854009147, -28.108548916387917], [-50.29461404434079, -28.108590725737283], [-50.294208826527836, -28.108771348806634], [-50.29406472135239, -28.10918259538697], [-50.29372379236748, -28.109417285471523], [-50.29325878802293, -28.109472210027082], [-50.29309158755696, -28.10970779367531], [-50.292922202072845, -28.109660347879316], [-50.29188042089052, -28.11017801844084], [-50.291625522323, -28.110846630445685], [-50.290945479568265, -28.111036571278493], [-50.28945829844876, -28.112307827557117], [-50.2884253867309, -28.11208752156674], [-50.287847126770195, -28.111547144419724], [-50.28744186317914, -28.111731329385677], [-50.28698322089687, -28.11204420567821], [-50.286586874657964, -28.112712072149733], [-50.28607760952121, -28.112839208871105], [-50.28570702952627, -28.11317321715165], [-50.2857353887023, -28.11377164249797], [-50.28625561296468, -28.114533841364118], [-50.28577259913768, -28.1154735239082], [-50.285216893166265, -28.115796635737812], [-50.28446973720941, -28.115742583963577], [-50.2838977784363, -28.115976666995856], [-50.283399065517514, -28.116944294711256], [-50.28269248466026, -28.117275887330347], [-50.28299651706153, -28.117930959655602], [-50.282947113583646, -28.118675860695863], [-50.28266688365515, -28.118895271551715], [-50.28204749466022, -28.11845620323773], [-50.28137374532955, -28.11829862634678], [-50.28066805620206, -28.11771955133607], [-50.27999199371558, -28.117668023185516], [-50.279714823954144, -28.11742295772653], [-50.27864561624907, -28.11718805718015], [-50.27838949283172, -28.11681771244836], [-50.276758902415736, -28.11594215758698], [-50.27658347750755, -28.115590147633593], [-50.27633383447448, -28.11545986052006], [-50.27541443464232, -28.115784594841223], [-50.27520425146957, -28.116396090627756], [-50.27593223354998, -28.117499762581822], [-50.27594266805254, -28.11835245129837], [-50.27569087686149, -28.118540993598558], [-50.275133349800385, -28.11852729980011], [-50.2747358400382, -28.11815261841137], [-50.27417550499922, -28.117956198731957], [-50.27406850923556, -28.117643955373673], [-50.273633893302225, -28.11738013167766], [-50.27185333316675, -28.1185850007311], [-50.27009777816858, -28.119019444954414], [-50.26958444457629, -28.119558889195932], [-50.26946962482619, -28.12071121978192], [-50.26901707894587, -28.12130350102581], [-50.26870492613827, -28.121452300940422], [-50.26761769173655, -28.121489487291225], [-50.26710073214708, -28.120856206812398], [-50.266296308534685, -28.120307366126294], [-50.26525595019875, -28.119990118398253], [-50.26479769003597, -28.119640160511903], [-50.264178890269136, -28.119722820713722], [-50.263828140337424, -28.119606298282275], [-50.263048001670185, -28.11875273804601], [-50.26231217401357, -28.118570728316467], [-50.26132359234396, -28.119664513034344], [-50.26176506979869, -28.120198730163935], [-50.26187332839584, -28.12057941008767], [-50.26208058988306, -28.127255636584728], [-50.262959587606026, -28.12705537770696], [-50.263355089847856, -28.12593117742154], [-50.264213627522025, -28.1260815333248], [-50.273027211679505, -28.130181939854424], [-50.27924203308197, -28.124018639794453], [-50.281343702828906, -28.12438267224721], [-50.28934527716641, -28.119146949049878], [-50.292500053205266, -28.12343975968141], [-50.29211194616781, -28.12804844636193], [-50.29255709657734, -28.129415578702655], [-50.295928839603114, -28.13142151160361], [-50.296976921105944, -28.130798846265495], [-50.29853924090874, -28.13022993263286], [-50.30088987056131, -28.129628889513913], [-50.30310939677737, -28.127959093755017], [-50.303917208657666, -28.127012906259907], [-50.30451470915829, -28.126791822507858], [-50.30481721491638, -28.12633185482394], [-50.305404592725615, -28.12589062531893], [-50.30716954792881, -28.125930391761255], [-50.307833159921344, -28.125346047496446], [-50.30795346126435, -28.12466578411548], [-50.30851283633039, -28.124134276326508], [-50.30822881478275, -28.123643863627112], [-50.30789975082535, -28.123515006702124], [-50.307552043993816, -28.12282614714135], [-50.306585767072825, -28.122581264333384], [-50.30568091010037, -28.12179048981819], [-50.30523690123685, -28.120640252652244], [-50.304388139378815, -28.119974142786763], [-50.304001269163095, -28.119866015718365], [-50.30380008683101, -28.11956283237548], [-50.30380950997553, -28.119024532898937], [-50.304067601374896, -28.118475318614625], [-50.30439081709371, -28.11674648192339], [-50.304248511939306, -28.116122289922348], [-50.304489799783994, -28.115559719881663], [-50.30416061369301, -28.111933827138312], [-50.304948484338006, -28.11086877224905], [-50.30510381030338, -28.110205332863323], [-50.304222578196175, -28.10877637583361], [-50.303096694255984, -28.10881142708159], [-50.30277763383083, -28.108687402948853], [-50.302286897620775, -28.108037069917394], [-50.301816719545144, -28.107852566196758]]]}}, {"type": "Feature", "properties": {"cod_imovel": "SC-4209300-A2AD661572034257BBFD2FA19778FFF2", "municipio": "Lages", "num_area": 578.4744, "mod_fiscal": 28.9237, "des_condic": "Aguardando analise", "ind_status": "AT", "dat_atuali": "02/10/2025"}, "geometry": {"type": "Polygon", "coordinates": [[[-50.233253803237275, -28.20319628672651], [-50.2311982712162, -28.203920375675462], [-50.22766430351094, -28.20587694462788], [-50.22668358212644, -28.20689531856237], [-50.22555883707677, -28.20850454753364], [-50.224184131679294, -28.21086668013469], [-50.226043190990566, -28.211975818917526], [-50.228249858763206, -28.214430302767614], [-50.22955000617366, -28.215476533610907], [-50.230253559122026, -28.21700302374381], [-50.23187065474678, -28.21885796368262], [-50.23260294973095, -28.219342855700322], [-50.23325931468473, -28.22079836371558], [-50.233166422675936, -28.22108014771314], [-50.23290138566609, -28.221402235706364], [-50.23160583086042, -28.222073782120255], [-50.22996101763552, -28.222450086633277], [-50.22857766527517, -28.22227765343276], [-50.22578721367463, -28.22131103453117], [-50.22516740838499, -28.221249330263642], [-50.22253929890816, -28.220201487725415], [-50.22122824171867, -28.220022540419688], [-50.219572794561536, -28.220274155406873], [-50.21883320418283, -28.220938651294496], [-50.218729704263325, -28.221266448215122], [-50.21813909274417, -28.22183625988207], [-50.21760761431004, -28.223017069002946], [-50.21754590157992, -28.224536906326048], [-50.21770247553595, -28.22593162632901], [-50.21814226951395, -28.2266199783394], [-50.21838671211109, -28.22763521318307], [-50.218261890730226, -28.22903761072483], [-50.217524738328926, -28.231206723650125], [-50.218285875709476, -28.235921943433993], [-50.21878596935263, -28.236683077626644], [-50.21949270846736, -28.236842351223718], [-50.22029008419732, -28.236641220385902], [-50.22054939137548, -28.236161750631076], [-50.22174095623902, -28.23527922842257], [-50.221875391786355, -28.234599013494226], [-50.222870200268396, -28.234316060451008], [-50.22311984651588, -28.234050815680835], [-50.224139075290104, -28.233593112482755], [-50.225965841293764, -28.233428919527903], [-50.226932713334705, -28.23210099155256], [-50.22746584534468, -28.231771402565915], [-50.22855648537772, -28.23069171459345], [-50.232277134459565, -28.227991613686864], [-50.23334503449231, -28.226923589713838], [-50.234872401498414, -28.226690401751632], [-50.23536702348473, -28.22711355076359], [-50.237314203465594, -28.227675160811202], [-50.23898026458378, -28.22386978585461], [-50.23998482362411, -28.22256048188017], [-50.24093969664753, -28.22179022090421], [-50.24168983942479, -28.22242361809575], [-50.24469154956808, -28.22422851899512], [-50.24500491157344, -28.224049407003008], [-50.246724212618886, -28.222557922046228], [-50.2471262336685, -28.22096889405713], [-50.24846908970168, -28.21988030109089], [-50.249170840756726, -28.218109075109272], [-50.24989867477063, -28.21764813112748], [-50.25223487077761, -28.217369899185176], [-50.25218311479801, -28.216720695184357], [-50.2518568308145, -28.216202330176642], [-50.25196280882144, -28.215978916179385], [-50.25251670982828, -28.21574793519314], [-50.2525346778434, -28.21526584719386], [-50.25195771885881, -28.214789789179942], [-50.25187497088357, -28.214002839178413], [-50.25107530591138, -28.213137260159257], [-50.251104605922784, -28.212772981160207], [-50.249975363933686, -28.212453418132604], [-50.249683404928696, -28.21261941912527], [-50.24927765088133, -28.214137875114314], [-50.248659904847834, -28.21522093309843], [-50.23839049792016, -28.213170920846768], [-50.2355168979464, -28.212408247776466], [-50.233424496955195, -28.212180031725076], [-50.24143972415291, -28.20567957192651], [-50.24190490316882, -28.20516221293834], [-50.24214103519134, -28.20443814594459], [-50.244111331160056, -28.20538484399252], [-50.25286740214656, -28.208969005208], [-50.25367432064561, -28.207788219206], [-50.254212170554965, -28.20749858602587], [-50.25464341094739, -28.20654561879919], [-50.254074179852495, -28.205046848549568], [-50.25292522119671, -28.20399932721039], [-50.252815320290146, -28.203377131541647], [-50.2523241601491, -28.202771404818794], [-50.25121386932289, -28.20240256880703], [-50.24562875221822, -28.20349427303107], [-50.24126551423016, -28.203223022923765], [-50.23935422422843, -28.203325209876688], [-50.235491692277904, -28.201845668782468], [-50.23488288226038, -28.2024193107671], [-50.23372457324893, -28.202813486738325], [-50.233253803237275, -28.20319628672651]]]}}, {"type": "Feature", "properties": {"cod_imovel": "SC-4209300-7BDE206BA96842FCBFB934EC1DAC92B8", "municipio": "Lages", "num_area": 307.5671, "mod_fiscal": 15.3784, "des_condic": "Aguardando analise", "ind_status": "AT", "dat_atuali": "29/09/2025"}, "geometry": {"type": "Polygon", "coordinates": [[[-50.34470999690968, -28.098183710446904], [-50.34449793730703, -28.09848870707618], [-50.34458668817317, -28.09880940331427], [-50.344014257096646, -28.099417874163915], [-50.343073903988504, -28.09989639995759], [-50.34239566842716, -28.099740596717083], [-50.34148135745787, -28.099820250319745], [-50.3407017192155, -28.10034999107238], [-50.34020496052776, -28.101097280779413], [-50.34019995592604, -28.10268083318229], [-50.339328244798466, -28.104243964909905], [-50.33850276769679, -28.104837742477567], [-50.337959705483094, -28.104879985572865], [-50.33600278, -28.10649139], [-50.33564, -28.10649639], [-50.33537167, -28.10673972], [-50.33473667, -28.10774056], [-50.33435556, -28.10901028], [-50.33311806, -28.11037778], [-50.33190111, -28.11100917], [-50.32940556, -28.11279833], [-50.32809944, -28.11392806], [-50.32719167, -28.11430917], [-50.32664222, -28.11638333], [-50.32552167, -28.11825028], [-50.32515472, -28.1183875], [-50.33213194, -28.12191389], [-50.33818028, -28.12751694], [-50.34212667, -28.12263056], [-50.34615889, -28.09874806], [-50.34470999690968, -28.098183710446904]]]}}, {"type": "Feature", "properties": {"cod_imovel": "SC-4209300-59E150D93D0F40D089AED8E02C888577", "municipio": "Lages", "num_area": 1475.2006, "mod_fiscal": 73.76, "des_condic": "Aguardando analise", "ind_status": "AT", "dat_atuali": "26/09/2025"}, "geometry": {"type": "Polygon", "coordinates": [[[-50.28606052789688, -28.04635758091159], [-50.28358212349257, -28.04839094665702], [-50.28177055242469, -28.04913712265335], [-50.27990555563405, -28.05041878516607], [-50.27851845613691, -28.05181398663486], [-50.27827947048626, -28.05229824218771], [-50.27764202456687, -28.05246599939503], [-50.27639076776021, -28.05194554602712], [-50.27480398596276, -28.05217848857482], [-50.27395472365, -28.05334957118352], [-50.27381287527796, -28.05450662248769], [-50.2731026825699, -28.05557223128158], [-50.27273448966747, -28.05604630920951], [-50.27209447596394, -28.05628078201061], [-50.27163971473406, -28.05683987102636], [-50.27149980396963, -28.05828096651795], [-50.27019075278059, -28.05856877483025], [-50.26961275070969, -28.05884752804226], [-50.26876963035133, -28.05985310640326], [-50.26763570282139, -28.06054477424955], [-50.26682732051914, -28.06046512809159], [-50.2656949200967, -28.06168242340153], [-50.26469855018335, -28.06218004946464], [-50.26427841504228, -28.06370171090991], [-50.26544370955398, -28.06619635567193], [-50.26504934060844, -28.0674035966081], [-50.26469797358229, -28.06771941857966], [-50.26411040162763, -28.0691042310393], [-50.26436549698281, -28.06980607926326], [-50.26354170975402, -28.07104147085248], [-50.26237757170458, -28.07175003202396], [-50.26141568749766, -28.07340779378123], [-50.26131375256696, -28.07391183875938], [-50.26078705091425, -28.07448254808446], [-50.26073691538985, -28.07496692675017], [-50.26104040759673, -28.07547924645626], [-50.26144736277843, -28.07827588382945], [-50.26216953604816, -28.08137622611217], [-50.26290147453146, -28.08354194672588], [-50.28169986721215, -28.08517476371325], [-50.28215511567349, -28.08538718692975], [-50.28264697219745, -28.08539133175697], [-50.28310991459404, -28.08512067948108], [-50.28335870536577, -28.0846546316336], [-50.28324056204426, -28.08399639410522], [-50.28264455276708, -28.08304205014381], [-50.28155610295461, -28.08179280168641], [-50.28086429862114, -28.08061136321536], [-50.30676699378211, -28.07184145162229], [-50.30861778570957, -28.06998703085555], [-50.31096046085602, -28.06864931325773], [-50.31101087270054, -28.06812793205497], [-50.31319852658178, -28.06586264175948], [-50.31375965298015, -28.06468249677775], [-50.3145398729829, -28.06423568810794], [-50.31508734723222, -28.06234163561229], [-50.31539194793522, -28.0617940123176], [-50.31551396764002, -28.06091572976601], [-50.31608825593694, -28.0605286091713], [-50.31745894562314, -28.06005802002643], [-50.31819630226105, -28.0593772518906], [-50.31748855397692, -28.05833818383476], [-50.31703403882906, -28.05730994946564], [-50.31605243682861, -28.05378383168292], [-50.31506436841918, -28.05166978967412], [-50.31468980977036, -28.05038334820031], [-50.31469575564726, -28.04962998531948], [-50.31495785613133, -28.04872674099516], [-50.31434144445933, -28.04812413608893], [-50.31351725099885, -28.04821447783428], [-50.31165493695805, -28.04963338881581], [-50.31174864899612, -28.05049517678399], [-50.31216859817505, -28.05134099087767], [-50.31219068549233, -28.05184501558715], [-50.31150124187916, -28.05216473245459], [-50.31060727545906, -28.05226472737907], [-50.30818554521988, -28.05121503774485], [-50.30717178458985, -28.05125696629831], [-50.30702523775882, -28.05275985046107], [-50.30671834945679, -28.053272544013964], [-50.305988788604736, -28.05323467075659], [-50.30536720514409, -28.05292668950581], [-50.3043370688233, -28.05153208981661], [-50.30328973340602, -28.04954907367291], [-50.30288785682628, -28.04937943072837], [-50.30148947578785, -28.04944793396453], [-50.30077607866235, -28.04871816119951], [-50.30021280027915, -28.04769489409196], [-50.299787521362305, -28.04641726711282], [-50.29867132927151, -28.04583113297515], [-50.29815073669045, -28.04564645909238], [-50.29782314050981, -28.04570997880719], [-50.29790323902481, -28.04684630334273], [-50.29589197298976, -28.04890588032097], [-50.294015407562256, -28.051265242988794], [-50.29256556164843, -28.05239980626864], [-50.28964174800805, -28.05122317728328], [-50.28814774291723, -28.0502497994411], [-50.287299156188965, -28.04931471647253], [-50.28725624084473, -28.047818657596636], [-50.28606052789688, -28.04635758091159]]]}}, {"type": "Feature", "properties": {"cod_imovel": "SC-4209300-8C67CD9A8DF444ECAE928219D5441477", "municipio": "Lages", "num_area": 265.5417, "mod_fiscal": 13.2771, "des_condic": "Aguardando analise", "ind_status": "AT", "dat_atuali": "26/09/2025"}, "geometry": {"type": "Polygon", "coordinates": [[[-50.27493031523996, -28.03544432568535], [-50.27429864472041, -28.035595800710958], [-50.273878275024, -28.037611259166788], [-50.27338214036615, -28.03771190283906], [-50.27297848376493, -28.038054682652792], [-50.27286851876378, -28.038854690924524], [-50.27256637150324, -28.039275998553002], [-50.27167607681952, -28.04008902206414], [-50.268537607553704, -28.04376170082329], [-50.26795459625118, -28.044652160223446], [-50.267296900235344, -28.0452115659697], [-50.2667053035625, -28.046090058430384], [-50.26496097578951, -28.04731948454763], [-50.264605217941686, -28.047925716759977], [-50.26448495539213, -28.04954042140393], [-50.26414258898402, -28.050240602668804], [-50.26468909260359, -28.05249725416984], [-50.26438911454146, -28.061886593464777], [-50.26592191470062, -28.061168410918242], [-50.26641560348257, -28.06051570379597], [-50.267175667527674, -28.059971023323016], [-50.268824598194925, -28.059212265084632], [-50.26989722898975, -28.058352572825594], [-50.27126431700182, -28.057599416766333], [-50.27135186222095, -28.057081110469387], [-50.2716985633438, -28.056443851458365], [-50.272781740154734, -28.055839108859672], [-50.27428774301337, -28.053771901106487], [-50.27516313682278, -28.05299507268158], [-50.276885144400566, -28.052163483098642], [-50.277443946385, -28.05234795392368], [-50.278358046728904, -28.052199846139622], [-50.27843710866577, -28.051970980181814], [-50.278269290466845, -28.051625273497034], [-50.28157691301588, -28.049752940063133], [-50.28291879021431, -28.049366563738168], [-50.28517751945553, -28.047639589239456], [-50.285878002447376, -28.047553416247084], [-50.28637424990027, -28.04708641935573], [-50.285581380276156, -28.045849230670672], [-50.285426425476665, -28.04512537441864], [-50.28488214738495, -28.044994360469147], [-50.2836406665206, -28.045424519280086], [-50.283439958385024, -28.04577254023862], [-50.28171546547816, -28.046511044855215], [-50.281545703310975, -28.046778976139215], [-50.27956014840653, -28.04747979940314], [-50.278217797063334, -28.04705517001657], [-50.27746819211912, -28.04651368061034], [-50.27714207227097, -28.046076329613868], [-50.2771587722181, -28.045146021731103], [-50.27764938632425, -28.043927091460624], [-50.27847848173684, -28.042647471795263], [-50.27852723626306, -28.042019279310594], [-50.2791865330573, -28.041345547064843], [-50.27922143981373, -28.039985655856164], [-50.27891108833136, -28.03904676983276], [-50.277947919050526, -28.03758595125593], [-50.27493031523996, -28.03544432568535]]]}}, {"type": "Feature", "properties": {"cod_imovel": "SC-4209300-6E8B0D40A092421C9F2E2C3F81BB341D", "municipio": "Lages", "num_area": 110.4691, "mod_fiscal": 5.5235, "des_condic": "Aguardando analise", "ind_status": "AT", "dat_atuali": "26/09/2025"}, "geometry": {"type": "Polygon", "coordinates": [[[-50.26447527782191, -28.0565785896334], [-50.26199044382068, -28.05707301301383], [-50.2535605256425, -28.05805623474117], [-50.25038046119158, -28.05874309842535], [-50.24996406815464, -28.05898179362923], [-50.24913178685722, -28.05883886980217], [-50.25147996650215, -28.06588650333185], [-50.25496785070424, -28.06582661767736], [-50.2578695790551, -28.0660724682101], [-50.25855915332018, -28.0659810092128], [-50.2591698801387, -28.06572708264113], [-50.25948247105963, -28.06509258235713], [-50.25947368887174, -28.06460911848548], [-50.26114425807281, -28.06333878996311], [-50.26091067293353, -28.0627814057317], [-50.26191685344862, -28.06231207161289], [-50.26272578654579, -28.06227185837889], [-50.26316483805312, -28.0625527141515], [-50.26419017806983, -28.06266432445188], [-50.26445569768822, -28.06221679626582], [-50.26426947149691, -28.06207103369516], [-50.26424367248852, -28.06178428914128], [-50.26447527782191, -28.0565785896334]]]}}, {"type": "Feature", "properties": {"cod_imovel": "SC-4209300-FEF7FAC990FB4307B4AD316A679B6917", "municipio": "Lages", "num_area": 570.6273, "mod_fiscal": 28.5314, "des_condic": "Aguardando analise", "ind_status": "AT", "dat_atuali": "23/09/2025"}, "geometry": {"type": "Polygon", "coordinates": [[[-50.24369760668872, -28.018457792998788], [-50.24326788531491, -28.018510400929646], [-50.242261907991434, -28.019176093091044], [-50.24079209138002, -28.020941662117874], [-50.23987735458237, -28.021254891338824], [-50.239305119889984, -28.021812471136638], [-50.23712951943414, -28.02218486311043], [-50.23711712617079, -28.023163662411598], [-50.23691646058872, -28.023360867414105], [-50.23573268782605, -28.023508105669002], [-50.23390196581757, -28.0252770058345], [-50.231718028510016, -28.02461930539971], [-50.23039694000128, -28.023586669585516], [-50.22941400604475, -28.02361553157116], [-50.229168200594984, -28.023750006389825], [-50.22870027962183, -28.023572220120254], [-50.227567443419154, -28.02295767142442], [-50.22761157714234, -28.022688830405023], [-50.227281783811584, -28.022533520636657], [-50.22651430438229, -28.022446246552537], [-50.22407248994661, -28.022883098681834], [-50.227597038052075, -28.036579635739816], [-50.22660135256051, -28.037390867677754], [-50.22599784499585, -28.03834457860003], [-50.224919536223524, -28.03878451195279], [-50.22321025621069, -28.040454559913247], [-50.22166089456111, -28.04029639625379], [-50.22041576189081, -28.041842120913763], [-50.21924076328799, -28.04250460158919], [-50.21481447461545, -28.04356348452913], [-50.212727940621704, -28.04367746405716], [-50.21544749015402, -28.050856391035932], [-50.215990381325206, -28.050777618820042], [-50.2159807941705, -28.0500934262109], [-50.216190036688474, -28.04948332859477], [-50.21679961277833, -28.049383901288582], [-50.21687001891947, -28.049117471794066], [-50.2174899143516, -28.0491382464002], [-50.217735953004485, -28.0489815895067], [-50.21751299063142, -28.048831829106998], [-50.217960185149565, -28.048787166391314], [-50.21772352420387, -28.048463563174685], [-50.21796363824833, -28.048253614189836], [-50.218080560294844, -28.048711109892004], [-50.21830202672168, -28.048790917907635], [-50.218579191712585, -28.048536586531196], [-50.218225005359294, -28.04836874918317], [-50.21858747450387, -28.048178993335224], [-50.21876475009117, -28.048469941492804], [-50.21891039731468, -28.048364705471386], [-50.21886463774777, -28.04809355205602], [-50.22168115803701, -28.04851926772737], [-50.22203223238416, -28.048229692360888], [-50.22304628155042, -28.048322270399513], [-50.22358460355291, -28.04857968913271], [-50.225096408123974, -28.047975941871034], [-50.22630184224235, -28.047997451693497], [-50.22665408995605, -28.047783695787686], [-50.22836927313845, -28.0457805526968], [-50.23130529017075, -28.0458103761463], [-50.23360343241741, -28.04466950596561], [-50.23410365726952, -28.044675907005093], [-50.234476023444536, -28.044160477268886], [-50.23519691091709, -28.043852527488085], [-50.23598018012569, -28.043801191408367], [-50.23625007310338, -28.043445231569088], [-50.23760545656005, -28.042856722476134], [-50.23861746205523, -28.042093162871918], [-50.2429716444574, -28.039769719766788], [-50.24482855460658, -28.039554180476582], [-50.245489633586715, -28.038900390928056], [-50.245375563778566, -28.038743149240926], [-50.24548939565148, -28.038613698241637], [-50.245900798590924, -28.038806693748345], [-50.24602319283358, -28.038528888589095], [-50.246184386084025, -28.038829463253514], [-50.24628443306525, -28.038780093989676], [-50.24610594569378, -28.038114470680057], [-50.246849266190075, -28.03774492843636], [-50.247083386704595, -28.03796059856164], [-50.247118024526536, -28.037500782173712], [-50.24749736081143, -28.037330899909723], [-50.24806691370743, -28.03773580202417], [-50.24854962203008, -28.037608637853484], [-50.24832227645033, -28.03739860388154], [-50.24871982984558, -28.037330008453306], [-50.24880660090632, -28.03706780272801], [-50.249032082419156, -28.037048183602685], [-50.24889599887786, -28.036954643978568], [-50.24889000543892, -28.03642600102248], [-50.24920769440167, -28.036606288029244], [-50.24912413480832, -28.036816426884595], [-50.24926663000481, -28.03690964025163], [-50.249468330069256, -28.036475920749677], [-50.249627314477934, -28.036670594955044], [-50.249809240555024, -28.0364619859294], [-50.24990374232412, -28.036639517797752], [-50.25046161826808, -28.03648414219632], [-50.24930376630281, -28.034769314584093], [-50.24921249327456, -28.03412700914646], [-50.24950235215007, -28.033566854043176], [-50.24947532060185, -28.03332803730119], [-50.248826375976215, -28.032550621509806], [-50.24870558361955, -28.03134018670685], [-50.24813051114277, -28.03106054935881], [-50.24718662977487, -28.030158114956677], [-50.24634216436342, -28.02848009350662], [-50.24638312297024, -28.02825184932102], [-50.24570591213197, -28.02717349022451], [-50.245477575956784, -28.02527136820941], [-50.245169332408416, -28.024223917691018], [-50.24481731851983, -28.023779127555265], [-50.24481389678197, -28.022768104253146], [-50.243639514458145, -28.020802733795023], [-50.243820177118664, -28.020525160094834], [-50.2441320007612, -28.02048878232131], [-50.24424830740557, -28.019929487767083], [-50.2441429428417, -28.019213351495182], [-50.24369760668872, -28.018457792998788]]]}}, {"type": "Feature", "properties": {"cod_imovel": "SC-4209300-7154CB80C0FC46EE8D61D395C656F161", "municipio": "Lages", "num_area": 121.1609, "mod_fiscal": 6.058, "des_condic": "Aguardando analise", "ind_status": "AT", "dat_atuali": "21/09/2025"}, "geometry": {"type": "Polygon", "coordinates": [[[-50.32692204799791, -28.18721630110488], [-50.3258250609653, -28.18375842973309], [-50.32410407060782, -28.18416481828417], [-50.31993597308095, -28.18559656983332], [-50.31638139455227, -28.18786630712957], [-50.31520466710045, -28.18834496436479], [-50.31404038133416, -28.18859093845347], [-50.31551065020333, -28.19141729733382], [-50.31868228576622, -28.19600409410066], [-50.31968703744743, -28.19573268540621], [-50.32053770361057, -28.19629178568813], [-50.32081353383037, -28.19675332702291], [-50.32154063756976, -28.19672098180834], [-50.32226808499404, -28.19630531358914], [-50.32341737237726, -28.196291906966], [-50.32380120272469, -28.1961217483695], [-50.3247808757349, -28.19488713928916], [-50.32660343191939, -28.1933571946521], [-50.32630700837444, -28.19198620452708], [-50.32736778420668, -28.19081088138291], [-50.32757143994228, -28.19075695340345], [-50.32774930062874, -28.18920000810014], [-50.32742299672633, -28.18807645822284], [-50.32692204799791, -28.18721630110488]]]}}, {"type": "Feature", "properties": {"cod_imovel": "SC-4209300-AF3FAAD396FA4FA392036C1CF1AFBF2A", "municipio": "Lages", "num_area": 43.885, "mod_fiscal": 2.1942, "des_condic": "Aguardando analise", "ind_status": "AT", "dat_atuali": "18/09/2025"}, "geometry": {"type": "Polygon", "coordinates": [[[-50.4150037555556, -28.1669148186534], [-50.4136004666667, -28.17076516032], [-50.4161196, -28.1713238880978], [-50.4180732277778, -28.1724897130978], [-50.4194462083333, -28.1730802686533], [-50.4197442388889, -28.1726382797644], [-50.4210147555556, -28.1715535325422], [-50.4222616083333, -28.1707828464311], [-50.422172766666705, -28.1702551242089], [-50.4224395194444, -28.168809349209], [-50.42237794166671, -28.166698349209003], [-50.4150037555556, -28.1669148186534]]]}}, {"type": "Feature", "properties": {"cod_imovel": "SC-4209300-6EAD0318F38D430EA490F246C791E5E1", "municipio": "Lages", "num_area": 57.8063, "mod_fiscal": 2.8903, "des_condic": "Aguardando analise", "ind_status": "AT", "dat_atuali": "18/09/2025"}, "geometry": {"type": "Polygon", "coordinates": [[[-50.4069370666667, -28.1619397158758], [-50.414033530555606, -28.1618555436535], [-50.4139533166667, -28.1614352825424], [-50.4204972138889, -28.1600953158758], [-50.4203818055556, -28.1594368242091], [-50.4208604833333, -28.156737118653602], [-50.4210165055556, -28.156510301987], [-50.4209301388889, -28.1561676130981], [-50.4204158333333, -28.155734704764804], [-50.4171917111111, -28.1565263992092], [-50.4155044666667, -28.156158301987002], [-50.4143483361111, -28.156526226987], [-50.4117012388889, -28.1585343908758], [-50.4106424944444, -28.1587493103203], [-50.4100028555556, -28.1581815242092], [-50.4096392055556, -28.1581997158758], [-50.4077996611111, -28.1597583353202], [-50.4069370666667, -28.1619397158758]]]}}, {"type": "Feature", "properties": {"cod_imovel": "SC-4209300-88299D4904FB4B29B96EAC4433B14B60", "municipio": "Lages", "num_area": 400.6623, "mod_fiscal": 20.0331, "des_condic": "Aguardando analise", "ind_status": "PE", "dat_atuali": "11/12/2020"}, "geometry": {"type": "Polygon", "coordinates": [[[-50.30380712415252, -28.25193841649278], [-50.30612497201494, -28.25305509699805], [-50.30739218823027, -28.25415759212443], [-50.30721112032757, -28.25527428701934], [-50.3087528519369, -28.25686878395476], [-50.30953809841414, -28.25731605871931], [-50.30983754501964, -28.25784321512007], [-50.31076550527175, -28.25845368770332], [-50.31217698877109, -28.2601177166658], [-50.312637021855, -28.26022611974383], [-50.31302320965818, -28.26058053565735], [-50.31361464252975, -28.26060931372494], [-50.31410763866908, -28.26102157949235], [-50.31451016359954, -28.26110105374661], [-50.3151835492347, -28.26060887530977], [-50.31627619093761, -28.26102096585135], [-50.3169743937423, -28.26099905890712], [-50.31754952385305, -28.261324474841], [-50.31780415434324, -28.2612882243416], [-50.31386375427246, -28.258122488402876], [-50.3228759765625, -28.251091298573538], [-50.32272871167655, -28.24888182099195], [-50.32193526599372, -28.24787169576074], [-50.32065171487113, -28.24475533697446], [-50.3209122359567, -28.24448738988174], [-50.32056455307909, -28.24410483206241], [-50.32032526923505, -28.24324391274582], [-50.31978203777901, -28.24265095590942], [-50.31941189318034, -28.24039337813548], [-50.318756103515625, -28.23899354286459], [-50.314292907714844, -28.23959846323933], [-50.31349278982424, -28.23888054869663], [-50.3132277255463, -28.23837499814719], [-50.31256532809459, -28.23786955543502], [-50.31212393327189, -28.23814193458921], [-50.30925070608604, -28.22608489709494], [-50.30496822860835, -28.22449100280271], [-50.30183433546719, -28.225891970773], [-50.29697832093205, -28.22581485281351], [-50.29618428313045, -28.22830446290826], [-50.29728804934258, -28.22873221181968], [-50.30064582824707, -28.230524297478233], [-50.30467987060547, -28.23354910514266], [-50.30570983886719, -28.23468338591177], [-50.30881338619422, -28.24000968345398], [-50.308799743652344, -28.24133759020942], [-50.30811309814453, -28.244286479835846], [-50.30718149360826, -28.24553295781833], [-50.30718172040414, -28.24631083340357], [-50.30380712415252, -28.25193841649278]]]}}, {"type": "Feature", "properties": {"cod_imovel": "SC-4209300-FA1F0529885B48DCB5BCBD9DB7C07E95", "municipio": "Lages", "num_area": 673.992, "mod_fiscal": 33.6996, "des_condic": "Aguardando analise", "ind_status": "PE", "dat_atuali": "11/12/2020"}, "geometry": {"type": "Polygon", "coordinates": [[[-50.29167652130127, -28.27360081211999], [-50.2923846244812, -28.272013395213733], [-50.29223442077637, -28.271200779786856], [-50.29059578861357, -28.26877783531261], [-50.29101024032718, -28.26814365712853], [-50.2910755664436, -28.26727891172624], [-50.2902245406002, -28.26641424491436], [-50.29071576073157, -28.264380715269], [-50.29152822499191, -28.26467526872664], [-50.29175925009926, -28.26496286905039], [-50.29267516897625, -28.26462602932233], [-50.29334459205415, -28.26499775888736], [-50.29601273843123, -28.26432393226628], [-50.29843626909015, -28.26408535822168], [-50.30645621251991, -28.26455520217968], [-50.30896404707541, -28.26179589025752], [-50.30935397086285, -28.26082357779603], [-50.31016747247922, -28.25957619755101], [-50.31122648813869, -28.25906527529041], [-50.31074687210542, -28.25845653536921], [-50.30984360366789, -28.25785772073891], [-50.30951700665348, -28.25732530881789], [-50.30876788537864, -28.2568959002327], [-50.30721721649051, -28.25528538626991], [-50.30733877990394, -28.25413477922464], [-50.30606705239345, -28.25303050419257], [-50.30207840159086, -28.25128246508072], [-50.30186334405183, -28.25070859395604], [-50.30067903117553, -28.25063728443876], [-50.29951472437408, -28.25034333182642], [-50.29919375840591, -28.2506822538755], [-50.29824920789628, -28.25085452852377], [-50.2974674522773, -28.25071118155226], [-50.297239342147, -28.25022347619489], [-50.29753235516179, -28.24964963206197], [-50.29613180137923, -28.24962112888368], [-50.29554476489987, -28.25005167639525], [-50.29485160360279, -28.24949594606471], [-50.29375480238637, -28.24741860715787], [-50.29303061043657, -28.24651663543708], [-50.29302012303364, -28.24553255675416], [-50.29235806727125, -28.24500415084459], [-50.29147883323304, -28.24465800343315], [-50.2899869932848, -28.244542822433], [-50.2894510703547, -28.24608350259008], [-50.28873349348044, -28.24695060224107], [-50.28821192121435, -28.24798948148474], [-50.28596563289292, -28.24899522954421], [-50.2855809037324, -28.24970565838771], [-50.28469019524484, -28.25077188071768], [-50.28379416661559, -28.25127338801897], [-50.2828637883235, -28.25100877623502], [-50.28129831490775, -28.25119457121879], [-50.2807763515866, -28.25175462459838], [-50.2795894997147, -28.25215396017467], [-50.27741457524169, -28.25581664045817], [-50.27617136044656, -28.26004048758085], [-50.2756633620985, -28.26127825638498], [-50.27368147186076, -28.26174775618281], [-50.27026867574531, -28.26412488754228], [-50.2686411510999, -28.26621858192421], [-50.26756032256049, -28.26880232829595], [-50.2686146981997, -28.26895406519557], [-50.27033395970998, -28.26882143313118], [-50.27213628464516, -28.26948402399579], [-50.27341374734628, -28.26937029804731], [-50.27430065726635, -28.26947269682943], [-50.27487896270092, -28.26962058613205], [-50.27548602196176, -28.27015524843421], [-50.27781124605773, -28.27037517018211], [-50.27961422055291, -28.27114434677495], [-50.28104188237361, -28.27131493900565], [-50.28247994850177, -28.2719822525858], [-50.28389348443248, -28.27229490826663], [-50.284788861877, -28.27231319259164], [-50.28665466873806, -28.27299204685514], [-50.28687871871485, -28.27323865459682], [-50.28761800859973, -28.27327805608059], [-50.28872698578192, -28.27364296941958], [-50.28978713468116, -28.27434859716702], [-50.29075961665181, -28.27438419580833], [-50.29167652130127, -28.27360081211999]]]}}, {"type": "Feature", "properties": {"cod_imovel": "SC-4209300-B333E20D7F4A47CE83482F550BAB8FC0", "municipio": "Lages", "num_area": 73.9063, "mod_fiscal": 3.6953, "des_condic": "Aguardando analise", "ind_status": "PE", "dat_atuali": "04/05/2016"}, "geometry": {"type": "Polygon", "coordinates": [[[-50.42964521051862, -28.23503555719652], [-50.42960131421664, -28.23606991956956], [-50.43016726446929, -28.23670211978883], [-50.43028224588643, -28.23929655781412], [-50.43014400480957, -28.23945276708432], [-50.43016678287765, -28.24070589893171], [-50.42987608236518, -28.24175727617122], [-50.42987443510171, -28.24353930816862], [-50.42966292477888, -28.24423461236606], [-50.42909415700767, -28.24521781253642], [-50.43429069494689, -28.24780944087462], [-50.43755266213902, -28.24531327064014], [-50.4392258549878, -28.24360830490672], [-50.43987430997002, -28.24386299861007], [-50.44027568904093, -28.24360048400762], [-50.42964521051862, -28.23503555719652]]]}}, {"type": "Feature", "properties": {"cod_imovel": "SC-4209300-783F7BDD77DA4063AC78ED6195673593", "municipio": "Lages", "num_area": 1040.8904, "mod_fiscal": 52.0445, "des_condic": "Aguardando analise", "ind_status": "PE", "dat_atuali": "07/11/2024"}, "geometry": {"type": "Polygon", "coordinates": [[[-50.36776822257285, -28.21677892006377], [-50.36610583032223, -28.21806888991046], [-50.36541056027063, -28.218355559855386], [-50.3645711095684, -28.218452219709793], [-50.36294499972551, -28.219730279711122], [-50.361761669777074, -28.21987222025786], [-50.361310829962925, -28.220468890121214], [-50.361153889986134, -28.220954999394177], [-50.36071749968041, -28.221379169503127], [-50.35874056001337, -28.2228072196014], [-50.357719719679636, -28.22260610941703], [-50.35744999991453, -28.22282388969572], [-50.3563441703478, -28.22286055990429], [-50.35585110960497, -28.223156940014913], [-50.35577582957848, -28.22338556000256], [-50.35516000027555, -28.223650279491657], [-50.353081940158084, -28.22414139000482], [-50.3520125000535, -28.223810279512794], [-50.35124777978152, -28.223354439515056], [-50.351091670135354, -28.222729999540878], [-50.350501669573, -28.22213528004239], [-50.350509439566856, -28.221974439795176], [-50.34977805974413, -28.221617500087593], [-50.34906110975412, -28.22141389010789], [-50.34883250030449, -28.22150332970711], [-50.34857666957657, -28.22132806004168], [-50.34858361043593, -28.221166939753594], [-50.348292780031734, -28.221197499873803], [-50.34819417006219, -28.221373609959027], [-50.34787389003261, -28.221019719721422], [-50.34665138978489, -28.220753060217376], [-50.34645417026941, -28.22104250006425], [-50.34619805982604, -28.221014169974058], [-50.34671139036955, -28.222583889572363], [-50.346662499877056, -28.223555560184458], [-50.347086940135995, -28.22567777962743], [-50.346524170331065, -28.227170279975578], [-50.346988060018006, -28.22863332964336], [-50.3455941696679, -28.22956749960628], [-50.34492917042086, -28.23179611025111], [-50.34346500027341, -28.234040279476574], [-50.33997749954445, -28.23672110966528], [-50.33904666955593, -28.236988609988263], [-50.34207777980217, -28.238771940068094], [-50.34408611047858, -28.239414720143643], [-50.34689055950091, -28.241589169958235], [-50.34902750003237, -28.242351939455162], [-50.351100279702884, -28.24364638972513], [-50.35190167046451, -28.244506669794358], [-50.35392528014568, -28.247400280077358], [-50.355656390443414, -28.248601109589515], [-50.36542749972677, -28.252340829651608], [-50.36531472013847, -28.251833889785654], [-50.36765278032525, -28.25126471951685], [-50.36894417036475, -28.251132500015903], [-50.369069719925804, -28.25201388949535], [-50.369753890162784, -28.25192555959206], [-50.37337888989522, -28.2499558296224], [-50.37422832967863, -28.250253329435584], [-50.37468971956308, -28.25016249950667], [-50.375044719643455, -28.249739719636246], [-50.37590694050555, -28.24961388955361], [-50.37612888982248, -28.249451110106563], [-50.377931110115604, -28.249496389415935], [-50.378446669876894, -28.249331389956136], [-50.37888333005621, -28.248304169453707], [-50.37822999992093, -28.247815280003103], [-50.37798443986792, -28.246275829509568], [-50.37743167033034, -28.24560111023746], [-50.37449832950198, -28.238351110206004], [-50.374845000257274, -28.235843060188746], [-50.37665306010445, -28.235311669824313], [-50.377800279629696, -28.235234999924568], [-50.378905279976905, -28.235395829425425], [-50.38189833049233, -28.236400279390335], [-50.383345559518936, -28.236591109766103], [-50.383031940077096, -28.23503694002935], [-50.38273806012177, -28.23465193945696], [-50.38287000033164, -28.234439719738027], [-50.382331109843044, -28.234448329969183], [-50.38215361034438, -28.234104439610082], [-50.38273778036215, -28.233488609879238], [-50.38287472027876, -28.233040279638743], [-50.38283694019395, -28.232833609853994], [-50.3824916695608, -28.232739999643833], [-50.38276611019585, -28.23154056018615], [-50.38264000017778, -28.231502219618406], [-50.3824411099069, -28.230647780207967], [-50.38205667001004, -28.228428329861014], [-50.37951639039926, -28.22571499990368], [-50.37787388980334, -28.221942780216544], [-50.37754528046557, -28.22097943973399], [-50.37779610978785, -28.220050829678005], [-50.37810750033002, -28.219530279675652], [-50.37819750000011, -28.21885027955469], [-50.377676670065846, -28.21781499967071], [-50.376999440111625, -28.218025279790766], [-50.375059439715, -28.2182047201004], [-50.375025563386735, -28.2180375531261], [-50.373509852498415, -28.21853060956046], [-50.36776822257285, -28.21677892006377]]]}}, {"type": "Feature", "properties": {"cod_imovel": "SC-4209300-686C7430209A475EA2BC90665653E0F0", "municipio": "Lages", "num_area": 86.7734, "mod_fiscal": 4.3387, "des_condic": "Aguardando analise", "ind_status": "AT", "dat_atuali": "31/03/2026"}, "geometry": {"type": "Polygon", "coordinates": [[[-50.36100222, -27.99922611], [-50.35375306, -28.00624222], [-50.35523139, -28.00737306], [-50.35648, -28.00747778], [-50.35791889, -28.00967], [-50.35864306, -28.01001167], [-50.35902667, -28.01061], [-50.35926417, -28.01018444], [-50.35959556, -28.01001778], [-50.36590389, -28.00855444], [-50.36514556, -28.00083972], [-50.36283861, -28.00174111], [-50.36209472, -28.00100528], [-50.36100222, -27.99922611]]]}}, {"type": "Feature", "properties": {"cod_imovel": "SC-4209300-E38E1379D5A9414180364A11CAF5130B", "municipio": "Lages", "num_area": 477.3317, "mod_fiscal": 23.8666, "des_condic": "Aguardando analise", "ind_status": "AT", "dat_atuali": "03/07/2025"}, "geometry": {"type": "Polygon", "coordinates": [[[-50.361034719803534, -28.187744999632752], [-50.346022500014094, -28.202405559622246], [-50.34555000003312, -28.20390306023274], [-50.3507533302611, -28.205594169568116], [-50.354575559870845, -28.20763139010538], [-50.3555258301969, -28.207928889572205], [-50.35680443991805, -28.20888555975457], [-50.357722220311686, -28.209270829551897], [-50.360258060172136, -28.210988329385017], [-50.362001940143735, -28.21187833009071], [-50.36397527978558, -28.214295829682044], [-50.36767971984896, -28.21685889022691], [-50.36846589183305, -28.21578965607577], [-50.36870436632302, -28.213621367603103], [-50.3689824261719, -28.21281286405183], [-50.36844897372701, -28.21035089401278], [-50.36939314662755, -28.209716428166367], [-50.3713629254785, -28.208874272776416], [-50.37154716536693, -28.20850782187121], [-50.37153429181709, -28.208043608761244], [-50.372208846740094, -28.205222965684207], [-50.37193888961168, -28.2030077795957], [-50.371915559697, -28.201602779512754], [-50.372117500234225, -28.199921669617684], [-50.37291139011466, -28.19561944019042], [-50.37415806017975, -28.19315055993864], [-50.37390638965563, -28.192406669610477], [-50.37402166956739, -28.19135249938794], [-50.373753060295066, -28.19065555962505], [-50.373796389539805, -28.189970829998956], [-50.37402972033781, -28.189436389915826], [-50.373074719675294, -28.18932388994471], [-50.372213329734336, -28.18949805981297], [-50.37193667028859, -28.190000829761804], [-50.370963610096645, -28.190920279620297], [-50.369718060001375, -28.1909152795432], [-50.36932889015196, -28.191177219556184], [-50.36871166982219, -28.192269999450776], [-50.36815250038162, -28.19270056023995], [-50.36663749970308, -28.191937499739772], [-50.36498971975574, -28.19083611018119], [-50.36404361026962, -28.19046971958777], [-50.361034719803534, -28.187744999632752]]]}}, {"type": "Feature", "properties": {"cod_imovel": "SC-4209300-0C434038DB834358B10D3442A84C0432", "municipio": "Lages", "num_area": 1304.3699, "mod_fiscal": 65.2185, "des_condic": "Aguardando analise", "ind_status": "PE", "dat_atuali": "12/11/2015"}, "geometry": {"type": "Polygon", "coordinates": [[[-50.4844996764394, -28.2656361145202], [-50.4805549939615, -28.2542104659234], [-50.4798791116025, -28.2538142559548], [-50.4803595255668, -28.2529848542288], [-50.4802722376844, -28.2527567426772], [-50.48094849516181, -28.2513818273148], [-50.4813776956634, -28.2495369168447], [-50.4818079340038, -28.2492600282483], [-50.4830316258374, -28.2471416834235], [-50.4835690201644, -28.246769085786], [-50.4838499167069, -28.2461280187447], [-50.4826966949238, -28.2452588311617], [-50.4821748315659, -28.2444955194116], [-50.4815144115466, -28.2443366379522], [-50.4807317023076, -28.2437228526475], [-50.4802402507443, -28.2430533188758], [-50.4787160503659, -28.2420620822347], [-50.47790965216319, -28.2408747839974], [-50.4761808674281, -28.2418203239837], [-50.47512495441139, -28.2414721127767], [-50.4744893217653, -28.2415418292089], [-50.47280774601129, -28.2425441414345], [-50.4725581122927, -28.2429008018617], [-50.4732899821228, -28.2434919067214], [-50.4733977157334, -28.2439609384447], [-50.47336180687771, -28.244510537625], [-50.4730509792899, -28.245098976823], [-50.471510045728, -28.2453679110989], [-50.47063475799121, -28.2453611420373], [-50.4701614214864, -28.2461099906931], [-50.4695813790959, -28.2463766492448], [-50.4668534040835, -28.2463875119792], [-50.4656377801785, -28.2451710762431], [-50.46575577378, -28.2447814106292], [-50.4656383028085, -28.2446590550939], [-50.46353638684721, -28.243721879064], [-50.4615328269106, -28.2433117710956], [-50.46044719732969, -28.2436376372379], [-50.45850887630211, -28.2437162334355], [-50.45714223048091, -28.2440302977824], [-50.45471870317349, -28.2442088794097], [-50.45423742540759, -28.2444605375523], [-50.4538891347078, -28.2452829471104], [-50.4536318495041, -28.2477294645187], [-50.452831680505, -28.2522306240682], [-50.452391722587, -28.253694299981], [-50.4526013769047, -28.2542558344196], [-50.4529300363007, -28.2545047729412], [-50.4530324362726, -28.2555160231543], [-50.4533929660909, -28.2559196065187], [-50.4535833477531, -28.2576192142561], [-50.4532680037707, -28.2576755350347], [-50.45242942036089, -28.2573399675243], [-50.4487597453903, -28.2554279078438], [-50.4478093132266, -28.2555581256221], [-50.4462781241835, -28.2570252027368], [-50.4450480699502, -28.2576811677253], [-50.44384811962699, -28.2579293729145], [-50.4425017597461, -28.2587705306086], [-50.4423186607029, -28.2592994635895], [-50.4418418180784, -28.259933239654], [-50.4427505110233, -28.2604040101376], [-50.4428037218526, -28.2608483030885], [-50.44312882648631, -28.261274317212], [-50.44266488137661, -28.2619483655857], [-50.4427650172725, -28.2629230184631], [-50.4424864550197, -28.263167734179], [-50.441878772853, -28.2644898241195], [-50.4416180215791, -28.2646746617937], [-50.44078240616351, -28.2646204535415], [-50.4409009237842, -28.2658146015263], [-50.44074809063741, -28.2661240614447], [-50.4410677869177, -28.2677523434744], [-50.4406251267787, -28.2705372210113], [-50.44117981921139, -28.272119188142], [-50.4425967814916, -28.2734660735757], [-50.44312114188891, -28.27358566651], [-50.443181518933, -28.2739196840673], [-50.44379929071241, -28.2739331513088], [-50.4443136849596, -28.2741815724852], [-50.4441153232427, -28.2744003683787], [-50.4450115848958, -28.2741355947931], [-50.4450390859412, -28.2743123591695], [-50.44525983496661, -28.2743120528097], [-50.4463034246268, -28.2750339653009], [-50.44732022299421, -28.2752852763252], [-50.44772809222679, -28.2745215084139], [-50.4484156533545, -28.2739128066668], [-50.4488691232855, -28.273817518589], [-50.4501728393428, -28.2743824823894], [-50.4505304808709, -28.2743212836624], [-50.45096140500061, -28.2739734753829], [-50.45191821000071, -28.2721692936834], [-50.452214728658, -28.2720760450723], [-50.4532308911416, -28.2711809939559], [-50.45398388945901, -28.2718862463375], [-50.4551949256983, -28.2721751956688], [-50.4556900595417, -28.272610045312], [-50.4567422078787, -28.2727929087576], [-50.4570085482558, -28.27264460174], [-50.4587451013299, -28.2726431065267], [-50.459108078304, -28.2730276453723], [-50.4591495667488, -28.2740554569694], [-50.45957509168289, -28.2744887513047], [-50.460430540989, -28.2746283819886], [-50.4609649105432, -28.2749079365279], [-50.4614778096487, -28.2756072008729], [-50.4623132464851, -28.2760876438725], [-50.4658894678836, -28.2773929879686], [-50.4658218680946, -28.277557344316], [-50.46626905656261, -28.2790720866072], [-50.4660958001882, -28.2797986007615], [-50.4656542538088, -28.2801588091205], [-50.46542772565271, -28.2798778951235], [-50.4638972740107, -28.2798249338523], [-50.4630109956675, -28.2812624390744], [-50.4631246010339, -28.2822177473886], [-50.4636261386523, -28.2828557587923], [-50.4642114184225, -28.2834508669708], [-50.4647838513694, -28.2835565207931], [-50.4657164061568, -28.2841423304539], [-50.4665019756324, -28.2839630242206], [-50.4691369032398, -28.2840747594423], [-50.4702932598107, -28.282259590873], [-50.473929283828, -28.2804363715821], [-50.4766695402323, -28.2787894200269], [-50.4842730682255, -28.2720417338343], [-50.4843435317829, -28.2712483892775], [-50.4849136598402, -28.2697077793097], [-50.4868765661416, -28.267612295763], [-50.48700513315839, -28.2668634233643], [-50.48677501095091, -28.2660749938065], [-50.4862316931308, -28.2655858497156], [-50.4844996764394, -28.2656361145202]]]}}, {"type": "Feature", "properties": {"cod_imovel": "SC-4209300-1D1397FFDE914424B5A4228CC195A454", "municipio": "Lages", "num_area": 612.4574, "mod_fiscal": 30.6229, "des_condic": "Aguardando analise", "ind_status": "PE", "dat_atuali": "26/11/2018"}, "geometry": {"type": "Polygon", "coordinates": [[[-50.4832516, -28.2206665964302], [-50.4840123888889, -28.2186962797636], [-50.4626356888889, -28.2209820325413], [-50.4631394722222, -28.221596999208], [-50.4634427694444, -28.2229393714302], [-50.4629832944444, -28.2246429630968], [-50.46306676111109, -28.2254130297635], [-50.4628036, -28.226279010319], [-50.4629028666667, -28.2266721658746], [-50.4622495916667, -28.227306960319], [-50.4622257472222, -28.227676160319], [-50.46070673055559, -28.2286638575412], [-50.4602684, -28.2282619158745], [-50.458842875, -28.22751445476341], [-50.45706888333329, -28.2440126492076], [-50.4615879861111, -28.2432949297632], [-50.4640361194444, -28.2439521380965], [-50.4653666472222, -28.2445114825409], [-50.4652556222222, -28.2446256603187], [-50.46565568888891, -28.2451793019853], [-50.4668252027778, -28.2463887769853], [-50.4699707527778, -28.2462555880964], [-50.4705886222222, -28.2454045825409], [-50.4730357444444, -28.2451233297631], [-50.473378725, -28.2445154630965], [-50.4733876555556, -28.2437351964298], [-50.4727682861111, -28.2425905269854], [-50.47462026944439, -28.2415178269854], [-50.4754664777778, -28.2415430380965], [-50.47616515555559, -28.2417984214299], [-50.4779208916667, -28.2408698908743], [-50.47870250277779, -28.2420372019854], [-50.4804035138889, -28.2431849214298], [-50.4803932416667, -28.2433529353187], [-50.4815214444444, -28.24431819920761], [-50.48207655, -28.244394168652], [-50.4831234666667, -28.2430898714298], [-50.4844151722222, -28.241967982541], [-50.4846277027778, -28.2411171686521], [-50.48488593888891, -28.2371313214299], [-50.48251611055191, -28.23586247102489], [-50.48227268342358, -28.23420733545738], [-50.4818972166667, -28.2287994630968], [-50.48344399523988, -28.22208206603898], [-50.4832516, -28.2206665964302]]]}}, {"type": "Feature", "properties": {"cod_imovel": "SC-4209300-DFA60ED47C2049BFA7833677D7D6049E", "municipio": "Lages", "num_area": 346.4175, "mod_fiscal": 17.3209, "des_condic": "Aguardando analise", "ind_status": "PE", "dat_atuali": "05/05/2016"}, "geometry": {"type": "Polygon", "coordinates": [[[-50.4451023735091, -28.22616172435154], [-50.44353797783442, -28.22670608236306], [-50.44341556492716, -28.22654100834436], [-50.44306235107585, -28.22667626277603], [-50.44210868927543, -28.22748566017799], [-50.44220052461599, -28.22765682104157], [-50.44175300732065, -28.22810413058313], [-50.43899186938207, -28.2284538306177], [-50.43907154081337, -28.2287693807368], [-50.43859237084793, -28.22874130024378], [-50.43845685533788, -28.22882958522598], [-50.43859754812669, -28.22885235960987], [-50.43848561655969, -28.22906334280672], [-50.43830058003979, -28.22892732609095], [-50.43816547958649, -28.22897908120659], [-50.43823579374984, -28.22920100394012], [-50.43756935125727, -28.22927660808694], [-50.43773508005093, -28.22935694160346], [-50.43762989500336, -28.22957538984259], [-50.4372402665647, -28.22959827672253], [-50.43668132988497, -28.22998766447659], [-50.43690189069208, -28.23057704477457], [-50.43468893976022, -28.23107965971973], [-50.43365610817676, -28.23095978091369], [-50.43333379653223, -28.23068875363916], [-50.4329431037883, -28.23066720318508], [-50.43213780368006, -28.231106280663], [-50.43103011641486, -28.23261535347445], [-50.43050006639201, -28.23298574401969], [-50.43013156266327, -28.23366099790448], [-50.43002394253223, -28.23422846679191], [-50.42932335468507, -28.2344141676691], [-50.42973213768962, -28.23486778768586], [-50.42964521051862, -28.23503555719652], [-50.44027568904093, -28.24360048400762], [-50.44038718550972, -28.24367049143416], [-50.44064280479922, -28.24321713150899], [-50.44101780428659, -28.24294779986548], [-50.44242320148055, -28.24408525695108], [-50.44289011068859, -28.24469329680083], [-50.44521007652897, -28.24641585239946], [-50.44478806024343, -28.24642965611351], [-50.44438837005422, -28.24996934667395], [-50.44602419959861, -28.25029993707934], [-50.4467307227549, -28.25073488111956], [-50.44809329256544, -28.25108256561628], [-50.45077394727103, -28.2526600335324], [-50.45255696641715, -28.25315340215526], [-50.45309845089438, -28.25079097082989], [-50.45390112248776, -28.24528784862636], [-50.45416188854042, -28.2445940471068], [-50.45470269256509, -28.2442172532648], [-50.45706840829415, -28.24401506333258], [-50.45793597230258, -28.23583998429765], [-50.45713885507812, -28.23597335191218], [-50.45590590482628, -28.23570352525516], [-50.45459928973179, -28.23571213105791], [-50.45354390380432, -28.23610451727827], [-50.45306702959664, -28.2359147729492], [-50.45195973384051, -28.2367043421673], [-50.45206314100862, -28.23690941118189], [-50.45126056674236, -28.23813625961312], [-50.44872519343197, -28.23765940540694], [-50.44778018036805, -28.23686920868684], [-50.44718600974452, -28.23665489584447], [-50.44564352642694, -28.23681098833191], [-50.44194076271449, -28.23663978229081], [-50.44207104046063, -28.23484604896361], [-50.44604672074496, -28.22681029800745], [-50.4451023735091, -28.22616172435154]]]}}, {"type": "Feature", "properties": {"cod_imovel": "SC-4209300-7E31FBD6FD744A82BA18E3EDAEF209A9", "municipio": "Lages", "num_area": 90.0742, "mod_fiscal": 4.5037, "des_condic": "Aguardando analise", "ind_status": "PE", "dat_atuali": "13/04/2016"}, "geometry": {"type": "Polygon", "coordinates": [[[-50.4405363659119, -28.2435067925752], [-50.4398769791532, -28.2438652800817], [-50.4392259403015, -28.2436080919334], [-50.4375527403758, -28.2453130519428], [-50.4342907721826, -28.2478092189267], [-50.4326261403648, -28.2470122296685], [-50.4313136055526, -28.2485764752671], [-50.4295457771382, -28.2514115764968], [-50.4297801320349, -28.2519908093501], [-50.4297310259604, -28.2529089601885], [-50.4317350156028, -28.254853025307], [-50.4320105453851, -28.2549455358392], [-50.4321988455276, -28.2547292738642], [-50.4323445843781, -28.2539583780457], [-50.4327264669684, -28.2538480084246], [-50.4330036560275, -28.2539666999188], [-50.4352570256538, -28.2517573665505], [-50.436691979596, -28.2515921296594], [-50.4392222146482, -28.2502465949203], [-50.4406616836431, -28.2498267928874], [-50.4426605474877, -28.2497780720711], [-50.4443895674637, -28.2499590608848], [-50.44478813914, -28.2464294397051], [-50.4452101506573, -28.2464156294475], [-50.4428901598733, -28.2446931808681], [-50.4424232760533, -28.2440850328087], [-50.4410178822798, -28.242947577319], [-50.4406428381936, -28.2432168837801], [-50.4405363659119, -28.2435067925752]]]}}, {"type": "Feature", "properties": {"cod_imovel": "SC-4209300-F87022F73CA64E9A9C0C4015D61322D3", "municipio": "Lages", "num_area": 2100.1546, "mod_fiscal": 105.0077, "des_condic": "Aguardando analise", "ind_status": "AT", "dat_atuali": "03/05/2016"}, "geometry": {"type": "Polygon", "coordinates": [[[-50.35340771213636, -28.207100770602953], [-50.35071371378372, -28.205592261579703], [-50.345553068154636, -28.203931668374548], [-50.346024332101585, -28.202431836106005], [-50.36104885986697, -28.187764919056647], [-50.363425342185096, -28.18978044048957], [-50.36752862574967, -28.192400584610407], [-50.370937868297936, -28.190934916359527], [-50.37200682676578, -28.189883647380075], [-50.37311428234048, -28.189350006259332], [-50.37411200863441, -28.189413970804328], [-50.3746323208855, -28.18820322490645], [-50.37529692301354, -28.187705699497464], [-50.375913891243165, -28.18754398994245], [-50.37793131271961, -28.18747705443547], [-50.379059776569285, -28.188436615316817], [-50.37966348164798, -28.187819328313186], [-50.380243715910254, -28.18749674333749], [-50.38092917722245, -28.186285715601297], [-50.38118802026237, -28.184201850884175], [-50.38136422625895, -28.18408009788412], [-50.381749249716066, -28.18306434344787], [-50.382109325451154, -28.18160070327416], [-50.38318483003808, -28.180089318803986], [-50.38329090324757, -28.17926050411251], [-50.38274376418702, -28.17843067671363], [-50.383389549993986, -28.17746789798275], [-50.38175424806176, -28.176815023701575], [-50.38095441721035, -28.176866513867836], [-50.38002289892307, -28.176645820641365], [-50.377427217260916, -28.17692924185016], [-50.37615507386491, -28.17585462562975], [-50.371998349256664, -28.175135313253495], [-50.37082461821266, -28.175366454736974], [-50.37038478966335, -28.176291998829363], [-50.36949953702527, -28.17730824755921], [-50.36606310809913, -28.17825524500106], [-50.36569872043222, -28.178509153248132], [-50.365434833315064, -28.179076836904926], [-50.36491138516582, -28.17947841590652], [-50.36245377015068, -28.179664875186837], [-50.3608111419905, -28.17927893403885], [-50.35906427022157, -28.17787679819624], [-50.35862663680722, -28.177712932806585], [-50.35800198862257, -28.177760493056756], [-50.35635839172186, -28.178805974783764], [-50.355471916699095, -28.178777232922254], [-50.35214164974413, -28.18019358433334], [-50.35153713821252, -28.181389226200693], [-50.350874554391936, -28.182235400588624], [-50.34926455165835, -28.18310462307946], [-50.34797726031821, -28.18281723752049], [-50.34664289799379, -28.18214648887446], [-50.346089935063915, -28.182024441997743], [-50.34571307379986, -28.18213865770544], [-50.344959111349254, -28.18285321695809], [-50.344302469496036, -28.183122331780496], [-50.343413166427425, -28.183144976970638], [-50.339354221736315, -28.1814091646992], [-50.33837583527578, -28.182004676553547], [-50.33772922510311, -28.182167765634624], [-50.336473744507, -28.18379847596762], [-50.33622540110984, -28.18478386835086], [-50.335634416711756, -28.185005583794393], [-50.33535022177938, -28.185687420861868], [-50.334909110142995, -28.1860557904758], [-50.3349547757373, -28.18644490949832], [-50.33569029233833, -28.187580329548567], [-50.33525206602267, -28.188592802601544], [-50.33411763081075, -28.189695664087417], [-50.33427902991485, -28.190911412662132], [-50.33403683386547, -28.191576182654135], [-50.334060606820735, -28.193025464437], [-50.33376560540764, -28.193439732476147], [-50.33260083940178, -28.193328672696488], [-50.33217278464101, -28.193564531155282], [-50.33133557833904, -28.19282785053449], [-50.33083085244691, -28.192896546594657], [-50.33015569455964, -28.192672544084367], [-50.328562539754635, -28.191143641663714], [-50.327560282164775, -28.190749887175553], [-50.32681663570897, -28.191373943698192], [-50.32632635480465, -28.192142853597133], [-50.32660130565803, -28.19337385089935], [-50.325423452542125, -28.194530051598104], [-50.324805574458175, -28.19491262539589], [-50.323733815478235, -28.196197235123755], [-50.32245596788421, -28.196253621509104], [-50.32173078905341, -28.196697124902396], [-50.32091424343859, -28.196780557366324], [-50.32053147379575, -28.196311188976374], [-50.319745776977854, -28.19577287060326], [-50.31824247383818, -28.19604066377786], [-50.317944067125254, -28.19634504956034], [-50.31733605827977, -28.19783593971975], [-50.316404888587826, -28.198550947923607], [-50.315608195847446, -28.198492207300394], [-50.31491316890874, -28.19800514829899], [-50.31431107159314, -28.198243826008948], [-50.31313332705058, -28.19825640527439], [-50.31259311098308, -28.19787214957529], [-50.312220939624154, -28.197861311923802], [-50.31291673035576, -28.19889221037332], [-50.31300811919196, -28.199951692889606], [-50.31415434253178, -28.202126013376382], [-50.31555377767591, -28.205557986872993], [-50.31574309127719, -28.205665087399975], [-50.315829823531814, -28.206327230457312], [-50.313985308645215, -28.210101108668063], [-50.31391754800217, -28.21260398623276], [-50.314296428690156, -28.213859586538188], [-50.320407226174694, -28.223305990899988], [-50.32066728661396, -28.227594629549085], [-50.32788270573258, -28.225355588912063], [-50.338182883335854, -28.234068651586366], [-50.33971412477772, -28.23684682464289], [-50.34350195982297, -28.233997258739457], [-50.344951244686825, -28.23177315017897], [-50.34563927965974, -28.229528742542186], [-50.346986503196995, -28.228596683299227], [-50.346535583498756, -28.227180335021288], [-50.34707696439294, -28.225620784796558], [-50.34666639265074, -28.223602673355558], [-50.346688685972424, -28.222555953217142], [-50.34619613691313, -28.220993913265957], [-50.34648655269139, -28.2210470813679], [-50.34652119972844, -28.220877195244636], [-50.34858608458034, -28.221262615264468], [-50.35015631221439, -28.221832832019533], [-50.35080716820395, -28.222425700276144], [-50.35124016884461, -28.223324392416355], [-50.351909769126884, -28.22377959204333], [-50.35295214831884, -28.224136568531897], [-50.35563930621744, -28.22372150207228], [-50.35595747552867, -28.223129620966166], [-50.3563871696061, -28.222916262719274], [-50.35734173169163, -28.22286621609813], [-50.35784422336374, -28.222614858521148], [-50.35863458093802, -28.22274133941747], [-50.35911218721496, -28.223155705381252], [-50.36117674333145, -28.220966149461855], [-50.361382553149824, -28.220267118819738], [-50.361871783749685, -28.219869812512115], [-50.362987950399784, -28.21969886746298], [-50.36464456494291, -28.21845641440303], [-50.36595464044552, -28.218161266171858], [-50.36769320612082, -28.216884161460786], [-50.36398489730288, -28.21431797138793], [-50.36223688601878, -28.212082283123692], [-50.36024254066433, -28.21099346192766], [-50.35772140296942, -28.20928911095703], [-50.35681679153388, -28.20891184563348], [-50.355537569953604, -28.207949249847573], [-50.35340771213636, -28.207100770602953]]]}}, {"type": "Feature", "properties": {"cod_imovel": "SC-4209300-F0AFF86549DA480AB14F3D077B38FCF6", "municipio": "Lages", "num_area": 179.1362, "mod_fiscal": 8.9568, "des_condic": "Aguardando analise", "ind_status": "AT", "dat_atuali": "15/03/2016"}, "geometry": {"type": "Polygon", "coordinates": [[[-50.37349396, -28.21873395], [-50.37508299, -28.21822717], [-50.37781115, -28.21790426], [-50.3788357, -28.21539046], [-50.38156937, -28.21024449], [-50.38340646000001, -28.20838141], [-50.38459634, -28.20665719], [-50.38440854, -28.20617635], [-50.38367217, -28.20556385], [-50.3818779, -28.20325213], [-50.37204081, -28.20372527], [-50.3723007, -28.20542783], [-50.37144204, -28.20906308], [-50.36936733, -28.20998733], [-50.36854312, -28.21051343], [-50.36907167, -28.21297665], [-50.36877587, -28.21384162], [-50.36856893, -28.21590504], [-50.367884, -28.21702187], [-50.37349396, -28.21873395]]]}}, {"type": "Feature", "properties": {"cod_imovel": "SC-4209300-AF2566B4632E484BA85C32D6581AD92B", "municipio": "Lages", "num_area": 2099.1249, "mod_fiscal": 104.9562, "des_condic": "Aguardando analise", "ind_status": "AT", "dat_atuali": "19/09/2015"}, "geometry": {"type": "Polygon", "coordinates": [[[-50.3205685333333, -28.2235801908746], [-50.3208408055556, -28.2276955825412], [-50.3280430027778, -28.2254556825413], [-50.3385108833333, -28.2341597825411], [-50.3401018527778, -28.2369949603188], [-50.343535825, -28.23431787143], [-50.3452179972222, -28.2317111492078], [-50.3457215916667, -28.229770560319], [-50.3471758222222, -28.2287818492079], [-50.34668305, -28.2273504742079], [-50.347233, -28.2258237464301], [-50.3469975972222, -28.2250262269857], [-50.3470974861111, -28.2245301658746], [-50.3468238027778, -28.2237685880968], [-50.3468775805556, -28.2227979075413], [-50.346498275, -28.2217849547636], [-50.3464300361111, -28.2211488686525], [-50.3475911083333, -28.2211656325413], [-50.3501293611111, -28.2219099047636], [-50.3508201027778, -28.2224062769858], [-50.3514165305556, -28.2234556603191], [-50.3520847361111, -28.223921724208], [-50.3534245472222, -28.224290324208], [-50.354939325, -28.2239352158746], [-50.3558463833333, -28.2238871103191], [-50.3560686361111, -28.2232676880969], [-50.3566926833333, -28.222981699208], [-50.3574889222222, -28.2229932575413], [-50.3581036194444, -28.2227344436524], [-50.3588474083333, -28.2228593853191], [-50.3590747027778, -28.2230901436524], [-50.359533775, -28.2230551769858], [-50.3613415888889, -28.221085049208], [-50.362034475, -28.2200015686525], [-50.3630238555556, -28.2199282519858], [-50.3637140972222, -28.2195515130969], [-50.3647462611111, -28.2186076853192], [-50.3657894194444, -28.2185013242081], [-50.3664446888889, -28.218153538097], [-50.3678661638889, -28.2170545686525], [-50.3642259111111, -28.2145925908748], [-50.3624059, -28.2121896075415], [-50.36054895, -28.211246251986], [-50.3580453972222, -28.2094693658749], [-50.3569763638889, -28.2090625853193], [-50.3557652527778, -28.2081247908749], [-50.3548321722222, -28.2078558492083], [-50.3508398027778, -28.2057438269861], [-50.3457236861111, -28.204074315875], [-50.34637985, -28.2023849269861], [-50.3575164972222, -28.1916375630974], [-50.3612428833333, -28.1878222686531], [-50.3634828083333, -28.189902318653], [-50.3677586361111, -28.1925633492085], [-50.3710889944444, -28.1911179547641], [-50.3719754194444, -28.1903122825419], [-50.3722091388889, -28.1898863964308], [-50.3731860583333, -28.1894909992086], [-50.3742681138889, -28.1896337880975], [-50.3746816583333, -28.1884036603197], [-50.3753280861111, -28.1879466908753], [-50.3763186861111, -28.1876834547642], [-50.3781191555556, -28.1876839658753], [-50.379109225, -28.1886147297642], [-50.3804773083333, -28.1876180103197], [-50.3811721194444, -28.1862960269864], [-50.3811785944444, -28.1848480992087], [-50.3818472777778, -28.1835385214309], [-50.3819510555556, -28.1826940130976], [-50.3823011861111, -28.1819767464309], [-50.3822356416667, -28.1817761547643], [-50.3833764888889, -28.1802045380976], [-50.3834848972222, -28.1795621936532], [-50.3833889388889, -28.1791974603199], [-50.3829336166667, -28.1788026992088], [-50.3828818388889, -28.1785677242088], [-50.3835106611111, -28.177538896431], [-50.3817344222222, -28.1768334242088], [-50.3806208194444, -28.1766928825422], [-50.3775603305556, -28.1771111075421], [-50.3771940194444, -28.1769261436533], [-50.3765423944444, -28.1761081519866], [-50.3756452194444, -28.1758095825422], [-50.3721150555556, -28.1752707936533], [-50.3709772166667, -28.1755065492088], [-50.3705483277778, -28.1768536630977], [-50.3697535277778, -28.1774175936533], [-50.3660998916667, -28.178449021431], [-50.3655918194444, -28.1789893742088], [-50.36548315, -28.1794332769865], [-50.3648020666667, -28.1796347630977], [-50.3619883388889, -28.1798618825421], [-50.3600861472222, -28.1788986353199], [-50.3589959555556, -28.1779586186532], [-50.3581995805556, -28.1779315186532], [-50.3566258388889, -28.1789782297643], [-50.3556427888889, -28.1788953186532], [-50.3542236333333, -28.1796140297643], [-50.3531419, -28.1798839047643], [-50.3525073333333, -28.1802284353199], [-50.3520757, -28.1805898908754], [-50.3517283444444, -28.1814971853198], [-50.3510094472222, -28.1823603464309], [-50.3493891361111, -28.1831978103198], [-50.3460479666667, -28.1821160880976], [-50.3448791916667, -28.1831211880976], [-50.3443805138889, -28.1833447408754], [-50.3434255777778, -28.1833323742087], [-50.3406354111111, -28.1821925103198], [-50.339633325, -28.181633746431], [-50.3392982611111, -28.1816424575421], [-50.3378312555556, -28.1823279992087], [-50.3365805638889, -28.1839884380976], [-50.3364182722222, -28.1848635158753], [-50.3357917194444, -28.1850994047642], [-50.335579275, -28.185763732542], [-50.3350227805556, -28.1861947547642], [-50.3354363416667, -28.1872399630975], [-50.3358711194444, -28.1876469464308], [-50.3353834944444, -28.1887458658753], [-50.3348151722222, -28.1891265880975], [-50.334305975, -28.1898549880975], [-50.3343576194444, -28.1911209103197], [-50.3340314194444, -28.1914879269863], [-50.33401195, -28.1918873658752], [-50.3341874277778, -28.192981768653], [-50.3339236916667, -28.1935599630974], [-50.3330578916667, -28.1935781964307], [-50.3325633361111, -28.1933663214307], [-50.3323413166667, -28.1935551519863], [-50.332063675, -28.193198668653], [-50.3315695305556, -28.1929292714307], [-50.3307130972222, -28.1930772769863], [-50.3303626194444, -28.1928950658752], [-50.3303578277778, -28.1925340547641], [-50.3291334361111, -28.1918883908752], [-50.3287836555556, -28.1912237380974], [-50.3275862861111, -28.190908643653], [-50.3264465916667, -28.1922052325419], [-50.3267754083333, -28.1935098603196], [-50.3260212, -28.1940645325418], [-50.3257558222222, -28.1945269075418], [-50.3249289305556, -28.1950665019863], [-50.3238463888889, -28.1963274769862], [-50.3226339138889, -28.1963863908751], [-50.3217559944444, -28.196852279764], [-50.3210030583333, -28.196881954764], [-50.3206322444444, -28.1963638519862], [-50.3198515027778, -28.1958645964307], [-50.3182511222222, -28.1962035658751], [-50.3174882833333, -28.1979756742084], [-50.3165356916667, -28.1987027936529], [-50.3158314555556, -28.1986303575418], [-50.3151990027778, -28.1981132603195], [-50.3140097138889, -28.1983954908751], [-50.3131536361111, -28.1983482742084], [-50.3127141472222, -28.197959654764], [-50.3124265194444, -28.1979637964307], [-50.3131533, -28.1992596325417], [-50.3130817611111, -28.1999242769862], [-50.3140987444444, -28.2018803214306], [-50.3160318555556, -28.2063479908749], [-50.314143825, -28.2102827936527], [-50.31411555, -28.2129601686526], [-50.3144888777778, -28.2140364186526], [-50.314095825, -28.2142880242081], [-50.3169948666667, -28.2167967742081], [-50.3169525277778, -28.217634038097], [-50.3172076666667, -28.2183127436525], [-50.3176716527778, -28.2181927214303], [-50.3205685333333, -28.2235801908746]]]}}, {"type": "Feature", "properties": {"cod_imovel": "SC-4209300-83D6D3D2F9164773825BCE41230F6880", "municipio": "Lages", "num_area": 86.7472, "mod_fiscal": 4.3374, "des_condic": "Aguardando analise", "ind_status": "AT", "dat_atuali": "28/08/2025"}, "geometry": {"type": "Polygon", "coordinates": [[[-50.261128539651, -28.140835308643], [-50.257683642966, -28.141980592999], [-50.250969885887, -28.145006993149], [-50.252940427248, -28.150043532063], [-50.253878848886, -28.151506453042], [-50.257467079409, -28.153018326962], [-50.25748135737, -28.152115014889], [-50.257661406729, -28.151821450192], [-50.258394571091, -28.151306116073], [-50.259823083978, -28.150691722325], [-50.259966262075, -28.150308591103], [-50.259768377198, -28.149228111802], [-50.260529412614, -28.147661036962], [-50.260319553453, -28.146618586021], [-50.261282109966, -28.145821667437], [-50.262153882003, -28.142176422515], [-50.26168779909, -28.141030320564], [-50.261128539651, -28.140835308643]]]}}, {"type": "Feature", "properties": {"cod_imovel": "SC-4209300-4D64C741399B429592D9C452C1BAFCC0", "municipio": "Lages", "num_area": 220.6654, "mod_fiscal": 11.0333, "des_condic": "Aguardando analise", "ind_status": "AT", "dat_atuali": "28/08/2025"}, "geometry": {"type": "Polygon", "coordinates": [[[-50.261884129944, -28.12731638757], [-50.248791425066, -28.130546959921], [-50.244507254818, -28.134905237556], [-50.245017281515, -28.13586839655], [-50.247200329677, -28.137495097441], [-50.248926208334, -28.138524401069], [-50.249310878709, -28.138955185775], [-50.249840857133, -28.140586049685], [-50.250315501552, -28.143014296207], [-50.250939989278, -28.144883615601], [-50.258019412202, -28.141697077809], [-50.26104128193, -28.140699708569], [-50.261789727384, -28.140882922167], [-50.262470676332, -28.14012699225], [-50.26289776959, -28.138430465776], [-50.262728263851, -28.137382818082], [-50.262772337697, -28.136150910658], [-50.263206922813, -28.13369834557], [-50.262114842745, -28.130499815402], [-50.261884129944, -28.12731638757]]]}}, {"type": "Feature", "properties": {"cod_imovel": "SC-4209300-28F6762EF4DD422EB2EDB03633C01749", "municipio": "Lages", "num_area": 1642.2027, "mod_fiscal": 82.1101, "des_condic": "Aguardando analise", "ind_status": "AT", "dat_atuali": "07/08/2025"}, "geometry": {"type": "Polygon", "coordinates": [[[-50.489069086113, -28.168259278808], [-50.487420488891, -28.167035034364], [-50.486878558335, -28.166430756586], [-50.486513833335, -28.165835476031], [-50.48546674444601, -28.162749392697], [-50.484850308335, -28.16202533992], [-50.48408676666901, -28.161518270475], [-50.480138100002, -28.160684251031], [-50.479111166669, -28.160063073253], [-50.466330038891, -28.164415584364], [-50.46652259444701, -28.165154723253], [-50.46683192778, -28.16547177603101], [-50.467864150002, -28.165567014919], [-50.46855021944601, -28.165360356586], [-50.46887090277999, -28.164609437142], [-50.47024118611301, -28.164055834364], [-50.470880522224, -28.164127984364], [-50.471952297224, -28.164694620475], [-50.472038222224, -28.165633231586], [-50.472600316669, -28.166000670475], [-50.472693463891, -28.166283976031], [-50.47370838055801, -28.166565481586], [-50.474805130558, -28.16779322880801], [-50.474506813891, -28.169741048253], [-50.473270805558, -28.171293378808], [-50.472445630558, -28.171873653808], [-50.471531688891, -28.172040303808], [-50.471256125002, -28.172327631586], [-50.472201861113, -28.17397537603], [-50.473003911113, -28.174662287141], [-50.473488291669, -28.174712939919], [-50.473976380558, -28.176117228808], [-50.474090988891, -28.17788210103], [-50.47321744166901, -28.17838355103], [-50.47139916111301, -28.180556484363], [-50.471051255558, -28.18122865103], [-50.470627141669, -28.181437148252], [-50.47018448333499, -28.182028670474], [-50.47031117778, -28.18230780103], [-50.47119023055799, -28.182804814919], [-50.47339422777999, -28.184797184363], [-50.47407531389101, -28.185232259363], [-50.47483796111301, -28.186129773252], [-50.47506787778001, -28.186051389919], [-50.474905219446, -28.185510673252], [-50.475019344446, -28.185004037141], [-50.477097213891, -28.183330587141], [-50.477683719446, -28.181069659363], [-50.477538055558, -28.179580095474], [-50.477644691669, -28.179065512141], [-50.478474466669, -28.178025612141], [-50.478806994446, -28.177990031586], [-50.480108580558, -28.178449056586], [-50.481476600002, -28.179169487141], [-50.483013944446, -28.179742548252], [-50.482964961113, -28.180020870474], [-50.483142794446, -28.180376114919], [-50.484986058335, -28.180070273252], [-50.486795355558, -28.179460053808], [-50.48827335278001, -28.179444814919], [-50.489313025002, -28.180386928808], [-50.489546461113, -28.180965545474], [-50.48955995278, -28.18131882603], [-50.489070430558, -28.181941234363], [-50.488885050002, -28.182508684363], [-50.48764275000201, -28.184018287141], [-50.487377413891, -28.184816070474], [-50.487317044446, -28.18590895103], [-50.487140841669, -28.186227742696], [-50.486397161113, -28.18680585103], [-50.485656447224, -28.186928289919], [-50.484076330558, -28.188168698252], [-50.48412730000201, -28.188427889919], [-50.485062366669, -28.189170789919], [-50.485109808335, -28.18955005103], [-50.48389694166901, -28.191663928807], [-50.48160345000199, -28.193084862141], [-50.481299138891, -28.193463928807], [-50.48122519722399, -28.193912326029], [-50.481541338891, -28.194668376029], [-50.481665705558, -28.19679851214], [-50.481320463891, -28.197378920474], [-50.48073407778, -28.197720356585], [-50.479349475002, -28.197760798251], [-50.478893919446, -28.198116934363], [-50.478373961113, -28.198175776029], [-50.477879947224, -28.198642492696], [-50.47780954444601, -28.19903343714], [-50.478439491669, -28.200707526029], [-50.479242647224, -28.202011928807], [-50.479706769446, -28.202051398251], [-50.481832122224, -28.20413006214], [-50.48310251111301, -28.204327717696], [-50.48390250555799, -28.205230006584], [-50.486206925002, -28.205810003807], [-50.487840250002, -28.205419009362], [-50.490119230558, -28.205786373251], [-50.490733144446, -28.20563251214], [-50.492636897224, -28.20399022880701], [-50.49341491666901, -28.202778414918], [-50.493404363891, -28.202160020474], [-50.493839358335, -28.20055414825101], [-50.494118958335, -28.200141970474], [-50.495885866669, -28.200060298251], [-50.497035944446, -28.20152579547401], [-50.497384155558, -28.202712892696], [-50.49730854166899, -28.202945723251], [-50.49784227500201, -28.204454426029], [-50.497752925002, -28.205240570473], [-50.497976511113, -28.205651703807], [-50.498545758335, -28.205757942696], [-50.498896250002, -28.206157103807], [-50.49940489722399, -28.206957045473], [-50.49991686111299, -28.20854056214], [-50.501397761113, -28.210108131584], [-50.502306513891, -28.210620923251], [-50.503280769446, -28.211454995473], [-50.503830641669, -28.211626992695], [-50.50543105277999, -28.211537456584], [-50.506378538891, -28.210867095473], [-50.50742576111301, -28.210683734362], [-50.50903411389101, -28.21191623714], [-50.524579972224, -28.201364467696], [-50.524433480557, -28.201042134362], [-50.525979813891, -28.197824945474], [-50.526438205557, -28.196294023252], [-50.528539733335, -28.193745273252], [-50.525553083335, -28.19152911214101], [-50.520102513891, -28.187955384363], [-50.518616011113, -28.186836520474], [-50.51661969166901, -28.18496890103], [-50.51428573055799, -28.183806420474], [-50.50998184166901, -28.183229234363], [-50.50629535000199, -28.181866678808], [-50.506587875002, -28.179338628808], [-50.506411494446, -28.178436831586], [-50.506135119446, -28.177912837141], [-50.505374375002, -28.177021459363], [-50.50239685278, -28.174595392697], [-50.502973061113, -28.173963464919], [-50.502131033335, -28.166263606586], [-50.490047394446, -28.167930637142], [-50.489069086113, -28.168259278808]]]}}, {"type": "Feature", "properties": {"cod_imovel": "SC-4209300-159CB23616FE4CAF9411382F6D2878BA", "municipio": "Lages", "num_area": 22.4774, "mod_fiscal": 1.1239, "des_condic": "Aguardando analise", "ind_status": "AT", "dat_atuali": "11/07/2025"}, "geometry": {"type": "Polygon", "coordinates": [[[-50.47876737605723, -28.09255338977736], [-50.47736793970016, -28.09162352743181], [-50.47477060484623, -28.0935092518062], [-50.47386956564952, -28.09452840703355], [-50.47499724010282, -28.09601108712736], [-50.47579839078949, -28.09656111256833], [-50.47923854592154, -28.09479454842696], [-50.4799948877419, -28.096539475878], [-50.48062224624601, -28.09646579361205], [-50.48182384898322, -28.09753441067968], [-50.48227375787569, -28.09725119974489], [-50.48064836754552, -28.09475377301186], [-50.47876737605723, -28.09255338977736]]]}}, {"type": "Feature", "properties": {"cod_imovel": "SC-4209300-F73202F5515744E29CB39B9613294308", "municipio": "Lages", "num_area": 38.157, "mod_fiscal": 1.9079, "des_condic": "Aguardando analise", "ind_status": "AT", "dat_atuali": "03/07/2025"}, "geometry": {"type": "Polygon", "coordinates": [[[-50.2625014055556, -28.062090310322], [-50.2615199972222, -28.0622746880998], [-50.2608833777778, -28.062900610322], [-50.2611445944444, -28.0633472158776], [-50.2594661166667, -28.0646584325442], [-50.2594988638889, -28.0654631658775], [-50.2593498388889, -28.0657365047664], [-50.2585632111111, -28.0659589214331], [-50.2627625305556, -28.071407721433], [-50.2634369694444, -28.0709869019885], [-50.2642018694444, -28.069925121433], [-50.2639367277778, -28.0694827408775], [-50.2639542277778, -28.0691844992108], [-50.2650784916667, -28.0666497519886], [-50.2652350305556, -28.0659426186553], [-50.2641002055556, -28.0638005297664], [-50.2643675833333, -28.0626127714331], [-50.26370015, -28.0626706658776], [-50.2628729666667, -28.062428010322], [-50.2625014055556, -28.062090310322]]]}}, {"type": "Feature", "properties": {"cod_imovel": "SC-4209300-AFC65545CFF848B09F81E89147291751", "municipio": "Lages", "num_area": 200.4137, "mod_fiscal": 10.0207, "des_condic": "Aguardando analise", "ind_status": "AT", "dat_atuali": "03/07/2025"}, "geometry": {"type": "Polygon", "coordinates": [[[-50.2487208277778, -28.0818474992106], [-50.2417736083333, -28.0829550019883], [-50.2441883333333, -28.0942377742103], [-50.2478452777778, -28.0955061075436], [-50.2484511833333, -28.0949648547659], [-50.2498035833333, -28.0943924686548], [-50.25031315, -28.0938789242103], [-50.2521075527778, -28.0931367019881], [-50.2545137027778, -28.0897832714326], [-50.2555188444444, -28.0892658103215], [-50.2574048611111, -28.0888462658771], [-50.258081325, -28.0892160492104], [-50.2617815277778, -28.0905251214326], [-50.2624084027778, -28.0909014769882], [-50.2629775027778, -28.0910642186548], [-50.2635815722222, -28.0907118075437], [-50.2631771583333, -28.089357429766], [-50.2629727277778, -28.0846991519883], [-50.2627183277778, -28.0835411047661], [-50.2604336138889, -28.0833433269883], [-50.2608374944444, -28.0859472158771], [-50.2590044388889, -28.0847774992105], [-50.2577975, -28.0835013880994], [-50.2562244444444, -28.0829708269883], [-50.2525088916667, -28.0826658269883], [-50.2487208277778, -28.0818474992106]]]}}, {"type": "Feature", "properties": {"cod_imovel": "SC-4209300-47E84C6A6F0A41859E5609D17B55ECE8", "municipio": "Lages", "num_area": 119.022, "mod_fiscal": 5.9511, "des_condic": "Aguardando analise", "ind_status": "AT", "dat_atuali": "03/07/2025"}, "geometry": {"type": "Polygon", "coordinates": [[[-50.2482540333333, -28.0646499380998], [-50.2478827916667, -28.0647543325442], [-50.2484613861111, -28.0739069353218], [-50.2491536111111, -28.0741013880996], [-50.2503174944444, -28.0740088880996], [-50.2526661083333, -28.0741536047663], [-50.25321, -28.0752161103218], [-50.2538294361111, -28.0754694380996], [-50.2560488888889, -28.0749533297662], [-50.2566774972222, -28.0746377742107], [-50.2563797166667, -28.0736694408774], [-50.260723325, -28.0742897186551], [-50.2611088916667, -28.0739661353218], [-50.2615287055556, -28.0728785019885], [-50.2622590805556, -28.0717354853219], [-50.2627625305556, -28.071407721433], [-50.2585632111111, -28.0659589214331], [-50.2570386833333, -28.065723835322], [-50.2546362694444, -28.0661060964331], [-50.2536753416667, -28.0659401992108], [-50.2514509611111, -28.0660194380997], [-50.2497836722222, -28.0656970186553], [-50.2482540333333, -28.0646499380998]]]}}, {"type": "Feature", "properties": {"cod_imovel": "SC-4209300-90335289C9C64A0F8EFD9804F413E2C2", "municipio": "Lages", "num_area": 101.8381, "mod_fiscal": 5.0919, "des_condic": "Aguardando analise", "ind_status": "AT", "dat_atuali": "13/05/2025"}, "geometry": {"type": "Polygon", "coordinates": [[[-50.25888916, -28.20519949], [-50.26564238, -28.19895593], [-50.27115593, -28.20172306], [-50.27340825, -28.19940557], [-50.27333898, -28.19887734], [-50.27281778, -28.1981651], [-50.27083318, -28.19722724], [-50.26894932, -28.19573855], [-50.26837328, -28.19558428], [-50.26722366, -28.19462403], [-50.26522617, -28.19357397], [-50.26468654, -28.19289008], [-50.26298661, -28.19213398], [-50.26216925, -28.1920945], [-50.26190558, -28.1932675], [-50.25977165, -28.19504403], [-50.25962852, -28.19816924], [-50.25888007, -28.19867256], [-50.25872496, -28.19990012], [-50.25754612, -28.20220534], [-50.25753958, -28.20321429], [-50.25721319, -28.20402475], [-50.25888916, -28.20519949]]]}}, {"type": "Feature", "properties": {"cod_imovel": "SC-4209300-5D31B15ABF054B7781A65146E920F2A0", "municipio": "Lages", "num_area": 15.393, "mod_fiscal": 0.7697, "des_condic": "Aguardando analise", "ind_status": "AT", "dat_atuali": "07/11/2025"}, "geometry": {"type": "Polygon", "coordinates": [[[-50.38453290541285, -28.02480405307195], [-50.38330146995187, -28.02638705244453], [-50.39368043228814, -28.03602029300563], [-50.38453290541285, -28.02480405307195]]]}}, {"type": "Feature", "properties": {"cod_imovel": "SC-4209300-E9B523C9DC2747559BE77BCBE8647EEA", "municipio": "Lages", "num_area": 529.1463, "mod_fiscal": 26.4573, "des_condic": "Aguardando analise", "ind_status": "AT", "dat_atuali": "23/04/2021"}, "geometry": {"type": "Polygon", "coordinates": [[[-50.4421903138889, -28.0755411658773], [-50.4308599777778, -28.0790537936551], [-50.4310782055556, -28.0793210853217], [-50.4320636833333, -28.0794641797662], [-50.4323868222222, -28.0796588742106], [-50.4321874, -28.0803432853217], [-50.4322242638889, -28.0812682464328], [-50.4325664111111, -28.081681743655], [-50.4328216166667, -28.0823519658772], [-50.4330155916667, -28.0839833019883], [-50.4343291555556, -28.0854471158772], [-50.4351378083333, -28.086831479766], [-50.4359577083333, -28.0877624603216], [-50.4359990666667, -28.0883985769882], [-50.4366249638889, -28.089604979766], [-50.4367291305556, -28.0902609436548], [-50.4376053361111, -28.0911371714326], [-50.4386442694444, -28.0918078853215], [-50.4394985777778, -28.0933781825437], [-50.4388207527778, -28.0955107325436], [-50.4390387222222, -28.0965622686547], [-50.4387338305556, -28.0972306380992], [-50.4389466694444, -28.0988189853214], [-50.44886245, -28.1073863797656], [-50.4489530916667, -28.1081360686545], [-50.4490850611111, -28.1081105992101], [-50.4499083194444, -28.1073598853212], [-50.4505374416667, -28.1072062408768], [-50.4512450833333, -28.1055856714323], [-50.4510130472222, -28.1052511103212], [-50.4509505333333, -28.1035729325435], [-50.4517207444444, -28.1028552130991], [-50.4522435138889, -28.1017073603213], [-50.4531950361111, -28.1015663658769], [-50.4535350194444, -28.1008681325435], [-50.4533849361111, -28.1002518075436], [-50.4544261361111, -28.0977133353214], [-50.4545091333333, -28.0961966880992], [-50.4549231388889, -28.0954898103214], [-50.4551363416667, -28.0944725964325], [-50.4549751111111, -28.0937658686548], [-50.4558101916667, -28.0908027492104], [-50.4564727805556, -28.0906928103215], [-50.4565091527778, -28.0892106380993], [-50.4632800861111, -28.0896145269882], [-50.4636321583333, -28.0891666325438], [-50.4645785361111, -28.0885388019882], [-50.4645829472222, -28.0862344158771], [-50.4638843527778, -28.0852802464327], [-50.4616657222222, -28.0844942492105], [-50.4484321138889, -28.0822402908772], [-50.4474074444444, -28.0819897353217], [-50.4464639444444, -28.0815518242106], [-50.4455404194444, -28.0809720880995], [-50.4449910083333, -28.0802604380995], [-50.4438424972222, -28.0771855408773], [-50.4432547555556, -28.0762546436551], [-50.4421903138889, -28.0755411658773]]]}}, {"type": "Feature", "properties": {"cod_imovel": "SC-4209300-628770A531444EFC9EF55AC1B268F946", "municipio": "Lages", "num_area": 134.6601, "mod_fiscal": 6.733, "des_condic": "Aguardando analise", "ind_status": "AT", "dat_atuali": "25/04/2018"}, "geometry": {"type": "Polygon", "coordinates": [[[-50.46206351574335, -28.091813758525518], [-50.46328005544956, -28.089614501284757], [-50.45650912310589, -28.089210611903866], [-50.45647275006565, -28.09069278354343], [-50.455810160773865, -28.09080272320665], [-50.45497507989171, -28.093765843923165], [-50.45513631172281, -28.09447257198309], [-50.45492310879632, -28.095489783789787], [-50.45450910368363, -28.096196662948728], [-50.45442610601452, -28.097713310292875], [-50.45338490484363, -28.100251782887312], [-50.45353498814853, -28.100868108116117], [-50.453195004509155, -28.10156634066675], [-50.45224348482117, -28.101707336294112], [-50.45172071324146, -28.10285518852675], [-50.45095050313017, -28.103572908010563], [-50.45105731133549, -28.10492918015052], [-50.45716608079971, -28.107412519090587], [-50.457924527569276, -28.10727036582847], [-50.459093036595334, -28.105890970012467], [-50.4597211366991, -28.104737907777974], [-50.46084811504096, -28.10395844320402], [-50.46119957551127, -28.104011187531626], [-50.4606761318052, -28.101541219885576], [-50.460631298731414, -28.09982189846022], [-50.46066563100027, -28.09918545345562], [-50.46116125276069, -28.097805195453248], [-50.461221318470336, -28.096377187940732], [-50.46106000201513, -28.094598877394905], [-50.46206351574335, -28.091813758525518]]]}}, {"type": "Feature", "properties": {"cod_imovel": "SC-4209300-AAE9D124E01E4FC2B9C584D9B30BCC3D", "municipio": "Lages", "num_area": 145.6328, "mod_fiscal": 7.2816, "des_condic": "Aguardando analise", "ind_status": "AT", "dat_atuali": "02/06/2015"}, "geometry": {"type": "Polygon", "coordinates": [[[-50.4420313968341, -28.1203848316453], [-50.4412674762816, -28.1221013707121], [-50.4409225638206, -28.1224196258039], [-50.441133523873, -28.1236250429636], [-50.4403983594501, -28.1248120412647], [-50.4400351681023, -28.1261278969836], [-50.4405271209094, -28.1270713011373], [-50.4546768752986, -28.1252615993988], [-50.4551248424809, -28.1233742220183], [-50.455581248707, -28.1227112653699], [-50.4571168740738, -28.1212763994533], [-50.458402656575, -28.1194209469233], [-50.4422222014742, -28.1156254150216], [-50.4413986069702, -28.1164693013836], [-50.4412401545911, -28.116836797632], [-50.4415043489592, -28.1175583213135], [-50.4416146905361, -28.1197559727154], [-50.4420313968341, -28.1203848316453]]]}}, {"type": "Feature", "properties": {"cod_imovel": "SC-4209300-23AA7A2D01184EFA86D92012E3FE2FCE", "municipio": "Lages", "num_area": 250.3195, "mod_fiscal": 12.516, "des_condic": "Aguardando analise", "ind_status": "AT", "dat_atuali": "09/05/2025"}, "geometry": {"type": "Polygon", "coordinates": [[[-50.3245008307067, -28.06696864029644], [-50.31162333000196, -28.0751974980865], [-50.31923134017142, -28.08725678825092], [-50.32541634494783, -28.08346483174581], [-50.33117900263942, -28.08179969358799], [-50.33373493304612, -28.08152751007901], [-50.3245008307067, -28.06696864029644]]]}}, {"type": "Feature", "properties": {"cod_imovel": "SC-4209300-B003350F9F1745FA8909C7A1841AE400", "municipio": "Lages", "num_area": 6.1297, "mod_fiscal": 0.3065, "des_condic": "Aguardando analise", "ind_status": "AT", "dat_atuali": "09/04/2025"}, "geometry": {"type": "Polygon", "coordinates": [[[-50.43510789828768, -28.16909808949348], [-50.43512120768868, -28.16783325070007], [-50.43439981403652, -28.16775170301251], [-50.43370253289632, -28.16796079848624], [-50.43292548741564, -28.16790446862087], [-50.43100520705376, -28.1669029236459], [-50.43332408076298, -28.17016641943087], [-50.43510789828768, -28.16909808949348]]]}}, {"type": "Feature", "properties": {"cod_imovel": "SC-4209300-DF40289BE2754D8BB77A703C4B46E571", "municipio": "Lages", "num_area": 5.1727, "mod_fiscal": 0.2586, "des_condic": "Aguardando analise", "ind_status": "AT", "dat_atuali": "09/04/2025"}, "geometry": {"type": "Polygon", "coordinates": [[[-50.427727875, -28.0633528194], [-50.4267409855, -28.0651421237], [-50.4271306289, -28.0666828215], [-50.4284686755, -28.0651078432], [-50.4294185929, -28.0644642478], [-50.4281864777, -28.0628061423], [-50.427727875, -28.0633528194]]]}}, {"type": "Feature", "properties": {"cod_imovel": "SC-4209300-42D21DA286B64C59ADE8C63A6BE367C5", "municipio": "Lages", "num_area": 93.1877, "mod_fiscal": 4.6594, "des_condic": "Aguardando analise", "ind_status": "AT", "dat_atuali": "04/04/2025"}, "geometry": {"type": "Polygon", "coordinates": [[[-50.2664905388889, -28.1113227353211], [-50.2718745527778, -28.1138191297655], [-50.2727452222222, -28.1143530603211], [-50.280167325, -28.1122803075433], [-50.284446025, -28.1156406575433], [-50.285261425, -28.1156190658766], [-50.2859021222222, -28.1150255464322], [-50.2860513833333, -28.1145140186544], [-50.2854528, -28.1134271130989], [-50.2855636694444, -28.1130490269878], [-50.2864106472222, -28.1126054658767], [-50.2787558333333, -28.106413888099], [-50.2664905388889, -28.1113227353211]]]}}, {"type": "Feature", "properties": {"cod_imovel": "SC-4209300-BBBE51B4D9324D009A9F577FCB141830", "municipio": "Lages", "num_area": 92.2619, "mod_fiscal": 4.6131, "des_condic": "Aguardando analise", "ind_status": "AT", "dat_atuali": "06/04/2025"}, "geometry": {"type": "Polygon", "coordinates": [[[-50.27234136933502, -28.09041887011233], [-50.28989928177347, -28.09045822226346], [-50.28990939212993, -28.09027373137056], [-50.28987250884072, -28.08999487575143], [-50.28759400257679, -28.08779030156869], [-50.28444813398288, -28.08551411857502], [-50.28394969005775, -28.08529447448259], [-50.28268514408342, -28.08562672123434], [-50.28074794132456, -28.08509309858945], [-50.27151850094482, -28.08429201572397], [-50.27234136933502, -28.09041887011233]]]}}, {"type": "Feature", "properties": {"cod_imovel": "SC-4209300-51C4C128A79747FFA5DC6993845D5BC5", "municipio": "Lages", "num_area": 49.8885, "mod_fiscal": 2.4944, "des_condic": "Aguardando analise", "ind_status": "AT", "dat_atuali": "04/04/2025"}, "geometry": {"type": "Polygon", "coordinates": [[[-50.44644092691571, -28.13533571108558], [-50.44519524625001, -28.12644892803977], [-50.44060356838449, -28.12702349647182], [-50.439716364847, -28.12791272072673], [-50.43941343142549, -28.12911017395497], [-50.43963743774189, -28.13020676085671], [-50.44012756214949, -28.13087920802892], [-50.44137127625506, -28.13339152387625], [-50.44292536619268, -28.13500824820363], [-50.44362173645862, -28.13627150526721], [-50.44517497046677, -28.13555436912007], [-50.44644092691571, -28.13533571108558]]]}}, {"type": "Feature", "properties": {"cod_imovel": "SC-4209300-C5B04F828AC74BA4A48222F1AF3A22BF", "municipio": "Lages", "num_area": 78.3581, "mod_fiscal": 3.9179, "des_condic": "Aguardando analise", "ind_status": "AT", "dat_atuali": "04/04/2025"}, "geometry": {"type": "Polygon", "coordinates": [[[-50.45465287521639, -28.12571577006885], [-50.45464671377217, -28.12525095998665], [-50.44384663676131, -28.12661201607516], [-50.44546258150037, -28.13548257717959], [-50.44657634438411, -28.13531433891756], [-50.44745910003137, -28.13485892038907], [-50.44747573377161, -28.13463374432629], [-50.44770076256987, -28.13457954273582], [-50.44782548599898, -28.1348310309361], [-50.44799683280591, -28.13484799139979], [-50.44933623569551, -28.13365544124266], [-50.44931650896319, -28.13345860953403], [-50.4496024884531, -28.13333815474305], [-50.45353641730054, -28.13295044431303], [-50.45356535099121, -28.13193393091649], [-50.45275653013171, -28.13013391494366], [-50.45279490458054, -28.12899181187613], [-50.45419488492792, -28.12672999963535], [-50.45465287521639, -28.12571577006885]]]}}, {"type": "Feature", "properties": {"cod_imovel": "SC-4209300-E5ADFF982001442485EE2A7A86229674", "municipio": "Lages", "num_area": 37.3416, "mod_fiscal": 1.8671, "des_condic": "Cancelado por decisao administrativa", "ind_status": "CA", "dat_atuali": "18/06/2020"}, "geometry": {"type": "Polygon", "coordinates": [[[-50.26304176619917, -28.08395948826984], [-50.26268720626831, -28.083661530829495], [-50.26040441905391, -28.08334935563708], [-50.26081002472709, -28.08592966738323], [-50.25884606287417, -28.084627346184636], [-50.25548131931346, -28.0892984994718], [-50.25633441767014, -28.08933534494071], [-50.25732695213687, -28.0888959856583], [-50.25893586760667, -28.08965440175656], [-50.26157560651159, -28.09048536226356], [-50.26260783403173, -28.09103697249945], [-50.26294250274337, -28.09113946988866], [-50.26327574082604, -28.09097248364476], [-50.26363405074645, -28.09069483233427], [-50.26319360483189, -28.08955142209282], [-50.2632728271529, -28.08865488199225], [-50.26304176619917, -28.08395948826984]]]}}, {"type": "Feature", "properties": {"cod_imovel": "SC-4209300-C7DACB1DCB6C4843BF8F6758D1AC1CFA", "municipio": "Lages", "num_area": 98.2412, "mod_fiscal": 4.9121, "des_condic": "Aguardando analise", "ind_status": "AT", "dat_atuali": "13/02/2025"}, "geometry": {"type": "Polygon", "coordinates": [[[-50.41552623055561, -28.0558821380999], [-50.4149718333333, -28.0557411853221], [-50.414187275, -28.0561414547666], [-50.4138081916667, -28.0560577269888], [-50.4132318, -28.0555622936555], [-50.41237378888891, -28.0553301630999], [-50.4058449972222, -28.0565186130999], [-50.40412, -28.0589742297665], [-50.4113677888889, -28.0632063658776], [-50.4149756333333, -28.065789410322], [-50.4159808555556, -28.0670524992108], [-50.4165672805556, -28.0671003075442], [-50.4191127444444, -28.0651255075442], [-50.4183075222222, -28.0637138130998], [-50.4181507111111, -28.0630801408776], [-50.417803125, -28.0626375575442], [-50.4172850111111, -28.061147185322], [-50.4167741472222, -28.0605376103221], [-50.4161624944444, -28.0573707825443], [-50.41547238055559, -28.0563940158777], [-50.41552623055561, -28.0558821380999]]]}}, {"type": "Feature", "properties": {"cod_imovel": "SC-4209300-0BB652406813498DAA0F7F2C4F6A3AA3", "municipio": "Lages", "num_area": 160.8378, "mod_fiscal": 8.0419, "des_condic": "Aguardando analise", "ind_status": "AT", "dat_atuali": "28/11/2024"}, "geometry": {"type": "Polygon", "coordinates": [[[-50.28895195, -28.2069744825416], [-50.2888416083333, -28.2005559658751], [-50.2887156722222, -28.1995714075417], [-50.2884118055556, -28.1992990269862], [-50.2879803944444, -28.1982857992084], [-50.2873257555556, -28.1986705380973], [-50.2862799833333, -28.1996489936528], [-50.2842247472222, -28.2022650103195], [-50.2827148611111, -28.2025459575417], [-50.2822771, -28.2024895019861], [-50.2804895944444, -28.2016225853195], [-50.2795921305556, -28.2017442380973], [-50.278651725, -28.202190615875], [-50.2778374777778, -28.2021595464306], [-50.2773188666667, -28.2019037575417], [-50.2767632194444, -28.2011967436528], [-50.2751090888889, -28.2002040908751], [-50.2743296222222, -28.1994507492084], [-50.2739844916667, -28.1992593575417], [-50.2732908722222, -28.1993730242084], [-50.2729213333333, -28.1997772603195], [-50.2728051638889, -28.2003814269862], [-50.2724993805556, -28.2003978547639], [-50.2719328833333, -28.2012975047639], [-50.2716365527778, -28.2014222992084], [-50.2713587, -28.2018270186528], [-50.2708986694444, -28.2020502353195], [-50.2702719361111, -28.2028141575417], [-50.2690572444444, -28.2031326325417], [-50.2681048722222, -28.2038316186528], [-50.2677026388889, -28.2045425686528], [-50.2669953416667, -28.2051616186527], [-50.2678266666667, -28.2057798797638], [-50.2711589833333, -28.207232901986], [-50.2714012611111, -28.207568176986], [-50.2720035972222, -28.207399876986], [-50.2730402222222, -28.2078025603194], [-50.2754315055556, -28.2082936547638], [-50.2764909055556, -28.2083443936527], [-50.2783805638889, -28.2091848214304], [-50.2811375194444, -28.209858276986], [-50.2825741694444, -28.2099551103193], [-50.2844121388889, -28.2108412936526], [-50.2851319444444, -28.2113956797637], [-50.285278025, -28.2108819242082], [-50.2852236694444, -28.2068016047638], [-50.28895195, -28.2069744825416]]]}}, {"type": "Feature", "properties": {"cod_imovel": "SC-4209300-90F37C1E02914A6DA8B24F405F57CFAF", "municipio": "Lages", "num_area": 305.8895, "mod_fiscal": 15.2945, "des_condic": "Aguardando analise", "ind_status": "AT", "dat_atuali": "07/11/2024"}, "geometry": {"type": "Polygon", "coordinates": [[[-50.31006193990368, -28.12520805985183], [-50.31019632138168, -28.125824577288316], [-50.31040827752407, -28.125788225884303], [-50.325977219559896, -28.13559443986938], [-50.33381278000057, -28.13237943990585], [-50.33629226666057, -28.125701903668244], [-50.332088471725484, -28.121854782849557], [-50.32527923598964, -28.11840820256972], [-50.323409170458504, -28.11829666970353], [-50.32272499973934, -28.118797499480802], [-50.32166332996747, -28.11994332985446], [-50.3207572203599, -28.119990560206638], [-50.31825361046696, -28.12080888983233], [-50.31266666966014, -28.121036668993032], [-50.30963777983814, -28.122175279210772], [-50.30912139007821, -28.12270860903152], [-50.30862305979245, -28.12399333021888], [-50.31006193990368, -28.12520805985183]]]}}, {"type": "Feature", "properties": {"cod_imovel": "SC-4209300-8221DFAA48F2413D9001B2C619CC9117", "municipio": "Lages", "num_area": 99.155, "mod_fiscal": 4.9578, "des_condic": "Aguardando analise", "ind_status": "AT", "dat_atuali": "18/11/2023"}, "geometry": {"type": "Polygon", "coordinates": [[[-50.43994019, -28.10560835], [-50.43431652, -28.10823921], [-50.42625669, -28.11215045], [-50.44153559, -28.11616526], [-50.44212998, -28.11550205], [-50.44248124, -28.11391916], [-50.44320507, -28.11255089], [-50.44179993, -28.10983767], [-50.44237179, -28.10903922], [-50.44234356, -28.10849412], [-50.44013042, -28.1061741], [-50.43994019, -28.10560835]]]}}, {"type": "Feature", "properties": {"cod_imovel": "SC-4209300-4D42D4DD67984100ACC0CA628AE684B4", "municipio": "Lages", "num_area": 3.431, "mod_fiscal": 0.1716, "des_condic": "Aguardando analise", "ind_status": "AT", "dat_atuali": "23/10/2024"}, "geometry": {"type": "Polygon", "coordinates": [[[-50.35685136218041, -28.03313626020108], [-50.35609245300293, -28.03280483864061], [-50.35538719226022, -28.03332006019161], [-50.35524065427648, -28.03320703057483], [-50.35409499175589, -28.03422268120238], [-50.355539917945855, -28.035233895603568], [-50.35685136218041, -28.03313626020108]]]}}, {"type": "Feature", "properties": {"cod_imovel": "SC-4209300-4EEA59B4AE1947C48631209175AFA3B4", "municipio": "Lages", "num_area": 224.7299, "mod_fiscal": 11.2365, "des_condic": "Aguardando analise", "ind_status": "AT", "dat_atuali": "08/10/2024"}, "geometry": {"type": "Polygon", "coordinates": [[[-50.33601626747121, -28.13998726970341], [-50.332838952751814, -28.14064261816163], [-50.33086232003573, -28.14038366182525], [-50.33020091343026, -28.13998939121785], [-50.32844849946163, -28.140389727742203], [-50.32620011743655, -28.14038636439576], [-50.32473278, -28.15234639], [-50.32674373990806, -28.154369133141483], [-50.32806793783896, -28.153737082082685], [-50.3289617456408, -28.153639460626337], [-50.330047417073395, -28.15305334123902], [-50.330679699819406, -28.153148414260745], [-50.33097363301742, -28.152983938225905], [-50.331909961095064, -28.1531229157122], [-50.33219612894299, -28.15332326053616], [-50.33283932220748, -28.154878995677915], [-50.3336381290812, -28.15604498745822], [-50.33387208066578, -28.155929228803075], [-50.334607379306334, -28.15606955746377], [-50.335248442615395, -28.155867942903193], [-50.3361719437116, -28.155102890147848], [-50.337891397962565, -28.154515715891044], [-50.338474298605966, -28.154147170932816], [-50.339463506191464, -28.15426956255845], [-50.341093896651586, -28.152936849255095], [-50.34177384305822, -28.150702202129594], [-50.34282623202647, -28.14851194375272], [-50.34263530228519, -28.14847455972382], [-50.342702930540646, -28.1474897023927], [-50.34207160325754, -28.146691955494585], [-50.34117301589294, -28.145917654334237], [-50.34036586183985, -28.145347882839737], [-50.3385191274386, -28.14446627232267], [-50.33601626747121, -28.13998726970341]]]}}, {"type": "Feature", "properties": {"cod_imovel": "SC-4209300-87588C7DB2F34E609734FABF7D6C0C56", "municipio": "Lages", "num_area": 57.6625, "mod_fiscal": 2.8831, "des_condic": "Aguardando analise", "ind_status": "AT", "dat_atuali": "04/09/2025"}, "geometry": {"type": "Polygon", "coordinates": [[[-50.354282330225566, -28.015984160120897], [-50.3537780798584, -28.01622904023782], [-50.35325164994337, -28.016224979838274], [-50.35239065958228, -28.016663790597377], [-50.35276678991744, -28.017099069982], [-50.352840609805554, -28.018451280116373], [-50.35173132960966, -28.019000960350315], [-50.35149095999628, -28.019808610053975], [-50.350890680008256, -28.02053615979698], [-50.350506670105744, -28.02043263979782], [-50.35027175981217, -28.02079532065401], [-50.34587306968173, -28.023474839898125], [-50.34684821047219, -28.024746690318295], [-50.34727224019744, -28.02577878041745], [-50.34765372040002, -28.026219270305788], [-50.349194529571314, -28.02579328999619], [-50.35005808023021, -28.025855730058915], [-50.350454700276366, -28.026625420463915], [-50.35260226018166, -28.026680690145703], [-50.35283295031295, -28.024885570191522], [-50.353294500499324, -28.023266400466206], [-50.35516282014986, -28.024433859882578], [-50.355900159538926, -28.023704310153263], [-50.356410809696406, -28.023622890219922], [-50.354282330225566, -28.015984160120897]]]}}, {"type": "Feature", "properties": {"cod_imovel": "SC-4209300-486A876EE54D428CB5C6C0B68C5CC880", "municipio": "Lages", "num_area": 237.9322, "mod_fiscal": 11.8966, "des_condic": "Aguardando analise", "ind_status": "AT", "dat_atuali": "19/08/2025"}, "geometry": {"type": "Polygon", "coordinates": [[[-50.29196833, -28.04003361], [-50.29128556, -28.04027333], [-50.28835639, -28.04058139], [-50.28551639, -28.04459139], [-50.28537306, -28.04491472], [-50.28564306, -28.04551056], [-50.28708417, -28.04799111], [-50.28693056, -28.04946139], [-50.28750611, -28.04988083], [-50.2886, -28.05023639], [-50.28992056, -28.05120861], [-50.29126917, -28.05160333], [-50.29237028, -28.05218028], [-50.29293611, -28.05213139], [-50.29490417, -28.05022194], [-50.29596806, -28.04834111], [-50.29713167, -28.04765806], [-50.29733139, -28.04713583], [-50.29786028, -28.04673889], [-50.29755333, -28.04647917], [-50.29778917, -28.04641611], [-50.29773, -28.04574056], [-50.29812611, -28.04556444], [-50.29910278, -28.04588778], [-50.29989583, -28.04645278], [-50.30029, -28.04787417], [-50.3013625, -28.0491375], [-50.30233444, -28.04907333], [-50.30324417, -28.04940722], [-50.30532389, -28.05264], [-50.30620139, -28.05325639], [-50.3066525, -28.05329583], [-50.3068375, -28.05304722], [-50.30659917, -28.05246444], [-50.30677861, -28.05168472], [-50.30717472, -28.05103639], [-50.30836556, -28.05112556], [-50.30888694, -28.05149611], [-50.31059917, -28.05221028], [-50.31159306, -28.05195083], [-50.31184833, -28.05154722], [-50.31142944, -28.05063583], [-50.31145667, -28.0496775], [-50.31153722, -28.04943722], [-50.31212889, -28.04901778], [-50.31258861, -28.04843333], [-50.31260528, -28.04813667], [-50.31141667, -28.04690889], [-50.31132083, -28.04653056], [-50.31093194, -28.04637833], [-50.31082194, -28.04619389], [-50.31119889, -28.04615444], [-50.31097417, -28.04591972], [-50.31025333, -28.04566833], [-50.31000528, -28.04578111], [-50.3089275, -28.04508417], [-50.30851139, -28.04346694], [-50.30868222, -28.04327583], [-50.30838361, -28.04311278], [-50.30831, -28.04285528], [-50.30832194, -28.04191389], [-50.30513361, -28.04166639], [-50.29196833, -28.04003361]]]}}, {"type": "Feature", "properties": {"cod_imovel": "SC-4209300-2D148E05E77A4104A3BFD6CA3FA9AA0F", "municipio": "Lages", "num_area": 3.1015, "mod_fiscal": 0.1551, "des_condic": "Aguardando analise", "ind_status": "AT", "dat_atuali": "29/08/2025"}, "geometry": {"type": "Polygon", "coordinates": [[[-50.2623141138889, -28.1177450908766], [-50.2607462722222, -28.1182621464321], [-50.2597752277778, -28.1180184658766], [-50.25999495, -28.1185268269877], [-50.2606211916667, -28.1188966547654], [-50.2613621111111, -28.1196641547654], [-50.2623304166667, -28.118570185321], [-50.2626695388889, -28.1187365658765], [-50.2631019722222, -28.1186719297654], [-50.26261535, -28.1178351742099], [-50.2623141138889, -28.1177450908766]]]}}, {"type": "Feature", "properties": {"cod_imovel": "SC-4209300-A9DED3F1509A415EB265BBC29DCD7FFC", "municipio": "Lages", "num_area": 147.3561, "mod_fiscal": 7.3678, "des_condic": "Aguardando analise", "ind_status": "AT", "dat_atuali": "29/08/2025"}, "geometry": {"type": "Polygon", "coordinates": [[[-50.33059892576163, -28.00588457235301], [-50.32968527999908, -28.00651360962563], [-50.32816417011795, -28.00841972010747], [-50.32766306050806, -28.008528059532853], [-50.327046940411314, -28.009664719679098], [-50.325633329978146, -28.010135279743363], [-50.327992220245754, -28.01476416979466], [-50.32788472002847, -28.01811527965781], [-50.328573890406496, -28.01925888961041], [-50.328893889762846, -28.02036443988538], [-50.32896055968377, -28.020970829377738], [-50.32880056025896, -28.021277219710765], [-50.32984306010878, -28.022637780017924], [-50.330063889706935, -28.022589439781285], [-50.329925830067275, -28.021688610206894], [-50.33019916953901, -28.02128860937564], [-50.33082667017103, -28.020751669454743], [-50.331979999522986, -28.020478329583042], [-50.34141027967382, -28.01249389017449], [-50.34102388988047, -28.01231416956464], [-50.34074417042546, -28.011768330138057], [-50.34019278039261, -28.01122221994814], [-50.33897833012966, -28.010584169491093], [-50.33849805954704, -28.010156940032108], [-50.33787194046151, -28.0101144398792], [-50.337549169657265, -28.009570279617144], [-50.336731110298935, -28.00890193997244], [-50.33588832396144, -28.007396151908498], [-50.335228991962225, -28.006940895661753], [-50.33293490416381, -28.00671737899012], [-50.33258244041678, -28.006509944199067], [-50.331428980953426, -28.006342847405584], [-50.33059892576163, -28.00588457235301]]]}}, {"type": "Feature", "properties": {"cod_imovel": "SC-4209300-FAF77D9401F04AC085B220286F6A975A", "municipio": "Lages", "num_area": 48.226, "mod_fiscal": 2.4113, "des_condic": "Aguardando analise", "ind_status": "AT", "dat_atuali": "02/06/2015"}, "geometry": {"type": "Polygon", "coordinates": [[[-50.4401569576398, -28.1037302076579], [-50.4401084255426, -28.1058957845324], [-50.4424437389299, -28.1082840535256], [-50.4424908237285, -28.1091223839406], [-50.4419832505954, -28.1098245714624], [-50.4429530170606, -28.1116817575053], [-50.4431402433979, -28.1116402816888], [-50.4432352257057, -28.1112490883684], [-50.4429877014735, -28.1100445352306], [-50.4445874473869, -28.1087338778298], [-50.4453303551782, -28.1079022473563], [-50.4463267784222, -28.1075643342854], [-50.4473627093865, -28.1082301577659], [-50.449048758762, -28.1081223179695], [-50.4488770400825, -28.1073860605701], [-50.4391675142004, -28.0990628428219], [-50.4389107937807, -28.0987025286543], [-50.4387860265235, -28.098795521084], [-50.4387977953373, -28.0992413808688], [-50.4389878607241, -28.1004373397441], [-50.4401569576398, -28.1037302076579]]]}}, {"type": "Feature", "properties": {"cod_imovel": "SC-4209300-290DC098CA8E43BC856F4EF7838D8FA4", "municipio": "Lages", "num_area": 49.2312, "mod_fiscal": 2.4616, "des_condic": "Aguardando analise", "ind_status": "AT", "dat_atuali": "14/08/2025"}, "geometry": {"type": "Polygon", "coordinates": [[[-50.4087852722222, -28.17575722143109], [-50.4081054138889, -28.1694197797645], [-50.4071389027778, -28.1693211630978], [-50.4046899111111, -28.1687041714312], [-50.4044146472222, -28.1692878130978], [-50.40358239166671, -28.1699046130978], [-50.4010060694444, -28.1730660436533], [-50.4010958305556, -28.1743869464311], [-50.4013908277778, -28.1744255547644], [-50.4020652833333, -28.1749569464311], [-50.4025675, -28.1760575019866], [-50.40351555277779, -28.1765055547644], [-50.40343666388889, -28.1766911075422], [-50.4036388861111, -28.1767722186533], [-50.4049911166667, -28.1768805547644], [-50.407687775, -28.1758930519866], [-50.4087852722222, -28.17575722143109]]]}}, {"type": "Feature", "properties": {"cod_imovel": "SC-4209300-9A3A4FF3DD464D7289641D6AB97119D5", "municipio": "Lages", "num_area": 8.0002, "mod_fiscal": 0.4, "des_condic": "Aguardando analise", "ind_status": "AT", "dat_atuali": "03/02/2016"}, "geometry": {"type": "Polygon", "coordinates": [[[-50.46398162841797, -28.084153742730464], [-50.47202825546264, -28.086785145002498], [-50.47342300415039, -28.08682300643507], [-50.473165512084954, -28.086633699138744], [-50.470783710479736, -28.08602791354745], [-50.46895980834961, -28.085194952778576], [-50.46623468399048, -28.083434355344966], [-50.4651403427124, -28.083320767422485], [-50.46372413635254, -28.083491149261164], [-50.46398162841797, -28.084153742730464]]]}}, {"type": "Feature", "properties": {"cod_imovel": "SC-4209300-E8971476C6B84ED3BDF2C6543DDB6C75", "municipio": "Lages", "num_area": 166.4612, "mod_fiscal": 8.3231, "des_condic": "Aguardando analise", "ind_status": "AT", "dat_atuali": "22/01/2025"}, "geometry": {"type": "Polygon", "coordinates": [[[-50.3016785880556, -28.0813548777778], [-50.30201333138889, -28.0817965477778], [-50.3039144513889, -28.0823815736111], [-50.3040696844445, -28.0827732219445], [-50.3048608294444, -28.082771545], [-50.3057572686111, -28.0830146616667], [-50.30640054861109, -28.0829466027778], [-50.3059055369444, -28.081562365], [-50.309424985, -28.0792963341667], [-50.30866199833341, -28.0770979811111], [-50.3154704138889, -28.0727144636111], [-50.3120408205556, -28.0672877125], [-50.3120291666666, -28.0676474638889], [-50.31146391527769, -28.0676865144444], [-50.31106674916659, -28.0680814322222], [-50.3110189572222, -28.0688092972222], [-50.3104510975, -28.0692717794444], [-50.3096203097222, -28.0692338433333], [-50.3065736413889, -28.0718914227778], [-50.2945322186111, -28.0759818569444], [-50.2967630219444, -28.0832415638889], [-50.3016785880556, -28.0813548777778]]]}}, {"type": "Feature", "properties": {"cod_imovel": "SC-4209300-91F20E6A1A3240F2B5D4F6328DB0734C", "municipio": "Lages", "num_area": 1.9979, "mod_fiscal": 0.0999, "des_condic": "Aguardando analise", "ind_status": "AT", "dat_atuali": "10/01/2025"}, "geometry": {"type": "Polygon", "coordinates": [[[-50.47725575027678, -28.09164330090368], [-50.47648849033226, -28.09106025889202], [-50.47498329865433, -28.09227028408678], [-50.47560942903417, -28.09291845705535], [-50.47725575027678, -28.09164330090368]]]}}, {"type": "Feature", "properties": {"cod_imovel": "SC-4209300-0993183B92D54850B35C7407CBC02ECC", "municipio": "Lages", "num_area": 119.4849, "mod_fiscal": 5.9742, "des_condic": "Aguardando analise", "ind_status": "AT", "dat_atuali": "12/12/2024"}, "geometry": {"type": "Polygon", "coordinates": [[[-50.29782499383833, -28.02688092698244], [-50.29020241137944, -28.02893830007702], [-50.28707169363841, -28.03107115542669], [-50.2880611681937, -28.03300175026774], [-50.28753284535907, -28.03413807788882], [-50.28562721127754, -28.03408032058455], [-50.28541878799061, -28.03432699400367], [-50.28622892644952, -28.0344162309874], [-50.28723855478047, -28.03482442833107], [-50.28791410400203, -28.03544630243091], [-50.28886243224167, -28.0364309222526], [-50.28953373189854, -28.03740442558543], [-50.29032516449271, -28.03904455027147], [-50.29028368261287, -28.03936469321384], [-50.29110923628664, -28.03829396963078], [-50.30351276918937, -28.03287597359654], [-50.3026012871769, -28.03254509598785], [-50.30165356176446, -28.03166492489069], [-50.30136041708187, -28.03157778962449], [-50.3012489200666, -28.03080361338595], [-50.30091063111814, -28.03033835628807], [-50.30042052268982, -28.030105822150176], [-50.30029826687119, -28.02984312104039], [-50.29878860889154, -28.02861019419042], [-50.2986259983287, -28.02799097253273], [-50.29794824806763, -28.0274651048743], [-50.29782499383833, -28.02688092698244]]]}}, {"type": "Feature", "properties": {"cod_imovel": "SC-4209300-05ECED1E992B43A19A7B9A500314B558", "municipio": "Lages", "num_area": 181.4591, "mod_fiscal": 9.073, "des_condic": "Aguardando analise", "ind_status": "AT", "dat_atuali": "04/12/2024"}, "geometry": {"type": "Polygon", "coordinates": [[[-50.449171360000896, -28.20918864982107], [-50.44244082000091, -28.213206279820934], [-50.44146887000091, -28.213202309820925], [-50.44115676000091, -28.21230522982096], [-50.44213267000091, -28.21155037982098], [-50.44102233000091, -28.208711389821076], [-50.439953280000914, -28.208508069821097], [-50.43735258000092, -28.20977316982104], [-50.43539647000092, -28.210525642921016], [-50.44023111376372, -28.22187907240202], [-50.451363834043065, -28.22013407713149], [-50.45274252528434, -28.220866796905863], [-50.45334920146374, -28.220127763093174], [-50.453772183617815, -28.21879637785741], [-50.45417774734928, -28.218062494470548], [-50.455525835425824, -28.217534203136523], [-50.45596622243294, -28.216943527284588], [-50.449171360000896, -28.20918864982107]]]}}, {"type": "Feature", "properties": {"cod_imovel": "SC-4209300-5AF953B09A404D2989E7C701F8F41749", "municipio": "Lages", "num_area": 175.8625, "mod_fiscal": 8.7931, "des_condic": "Aguardando analise", "ind_status": "AT", "dat_atuali": "28/11/2024"}, "geometry": {"type": "Polygon", "coordinates": [[[-50.26307930651295, -28.10140808840032], [-50.26406579453476, -28.10846115487048], [-50.26394400392566, -28.10883144602396], [-50.26411167308443, -28.1088346927629], [-50.26437607590076, -28.11063450797757], [-50.26537695683824, -28.110836240804], [-50.26649054722841, -28.11132283927564], [-50.27876086566083, -28.10640404334419], [-50.27589686437502, -28.09047138222019], [-50.27232449789177, -28.09044736388768], [-50.27369528482211, -28.10095122308375], [-50.26383028492465, -28.10104316753927], [-50.26307930651295, -28.10140808840032]]]}}, {"type": "Feature", "properties": {"cod_imovel": "SC-4209300-4683412714F14102ADF5E84F7F122B2B", "municipio": "Lages", "num_area": 161.133, "mod_fiscal": 8.0567, "des_condic": "Aguardando analise", "ind_status": "AT", "dat_atuali": "08/03/2024"}, "geometry": {"type": "Polygon", "coordinates": [[[-50.43279139, -28.20760639], [-50.4317175, -28.20789583], [-50.43114, -28.20767389], [-50.430435, -28.20783722], [-50.43025056, -28.20771639], [-50.42986306, -28.20800806], [-50.43061417, -28.20968611], [-50.43107889, -28.2121775], [-50.43735258, -28.20977317], [-50.43995328, -28.20850807], [-50.44102233, -28.20871139], [-50.44213267, -28.21155038], [-50.44115676, -28.21230523], [-50.44146887, -28.21320231], [-50.44244082, -28.21320628], [-50.44917136, -28.20918865], [-50.44967815, -28.20976227], [-50.45352111, -28.20472722], [-50.4524175, -28.20433417], [-50.45189, -28.20451056], [-50.45178389, -28.2042325], [-50.45163111, -28.20435389], [-50.45141417, -28.20417833], [-50.45116639, -28.20449417], [-50.45101861, -28.20433556], [-50.45088694, -28.2044925], [-50.45047417, -28.20432806], [-50.45025028, -28.20480611], [-50.44957278, -28.2046575], [-50.44821972, -28.20323028], [-50.4480775, -28.20287833], [-50.44771444, -28.20272639], [-50.4476325, -28.20235028], [-50.44710778, -28.20221111], [-50.44699833, -28.20254972], [-50.44676889, -28.20259111], [-50.44669167, -28.20280111], [-50.44644278, -28.20270694], [-50.44612778, -28.20292722], [-50.44544611, -28.202405], [-50.44561722, -28.20216361], [-50.44542778, -28.202135], [-50.44533944, -28.202495], [-50.44480278, -28.20240278], [-50.44329667, -28.20033444], [-50.44253083, -28.19996528], [-50.44221194, -28.19998167], [-50.44133722, -28.20017056], [-50.44036778, -28.20083444], [-50.43982972, -28.20149917], [-50.43977889, -28.20213361], [-50.43959833, -28.20240306], [-50.43757889, -28.20210889], [-50.43690806, -28.20242722], [-50.43623306, -28.20380639], [-50.43632944, -28.20386139], [-50.4361875, -28.20427417], [-50.43632596, -28.20456138], [-50.43565306, -28.2053], [-50.43560889, -28.20562083], [-50.43573361, -28.20572861], [-50.43543056, -28.20599722], [-50.43561583, -28.20630444], [-50.43548111, -28.20653], [-50.4350225, -28.20693194], [-50.433115, -28.20736722], [-50.43279139, -28.20760639]]]}}, {"type": "Feature", "properties": {"cod_imovel": "SC-4209300-F20D3A44E2D04CD7A3EC3D17A0EDE763", "municipio": "Lages", "num_area": 204.4227, "mod_fiscal": 10.2211, "des_condic": "Aguardando analise", "ind_status": "AT", "dat_atuali": "19/09/2024"}, "geometry": {"type": "Polygon", "coordinates": [[[-50.48714422226425, -28.22835163941031], [-50.48914052732233, -28.238964505853], [-50.48841780042032, -28.24583199433267], [-50.4873094598506, -28.24580843485927], [-50.48637177107916, -28.24742097802256], [-50.48632463322378, -28.24785534960334], [-50.4871582394652, -28.24846092593713], [-50.48759384357735, -28.24841399536903], [-50.48839195116313, -28.24795905648209], [-50.48848902792571, -28.24577331601538], [-50.48941368952624, -28.24583761295285], [-50.49287911170543, -28.24674244721361], [-50.49381761697822, -28.24821656762893], [-50.49423957646354, -28.24812244555568], [-50.49495948654538, -28.24740386763215], [-50.49532610645785, -28.24446953250982], [-50.49609440820167, -28.24357636804754], [-50.4991568000956, -28.24595751239682], [-50.49919735639552, -28.24624426128476], [-50.49950405474627, -28.24607577120508], [-50.49978666833915, -28.24619704227936], [-50.50029915494815, -28.2458798196796], [-50.50037139950783, -28.2433923019216], [-50.50011031577981, -28.24189037345419], [-50.50057698870535, -28.24074675989685], [-50.49922555974309, -28.23756483792406], [-50.4989125281645, -28.23043261156748], [-50.48714422226425, -28.22835163941031]]]}}, {"type": "Feature", "properties": {"cod_imovel": "SC-4209300-478A619C1D1D4465A2BACC4699CEB70F", "municipio": "Lages", "num_area": 521.09, "mod_fiscal": 26.0545, "des_condic": "Aguardando analise", "ind_status": "AT", "dat_atuali": "09/08/2024"}, "geometry": {"type": "Polygon", "coordinates": [[[-50.2786139580345, -28.0368381538817], [-50.29018651295381, -28.02892618060591], [-50.29778145651838, -28.02681253017142], [-50.29774350899974, -28.02638401485544], [-50.29794581314596, -28.02599111122068], [-50.29915008444308, -28.02503455813696], [-50.29930636128749, -28.02473727203599], [-50.29830877234044, -28.02267911371499], [-50.29905065311136, -28.02200332508818], [-50.29786218386535, -28.02020368427868], [-50.2978428699423, -28.01975826512294], [-50.29664436673404, -28.01895354431873], [-50.29603817986577, -28.01824987136883], [-50.295172531065845, -28.016727956870202], [-50.29365795900122, -28.01569704974137], [-50.292383874562795, -28.01577272790564], [-50.29196632392571, -28.01478499820424], [-50.29137374981303, -28.0141157626196], [-50.29167503307506, -28.01361649134567], [-50.29193155035359, -28.01181310217175], [-50.29085953920165, -28.01098248305748], [-50.28988969630484, -28.01126566784559], [-50.28769659629731, -28.01107891209436], [-50.28641409996059, -28.01132645044645], [-50.28288442714022, -28.0095575439238], [-50.28254277889063, -28.0102939877103], [-50.28221825807023, -28.01048269159475], [-50.28116714878543, -28.01063203412331], [-50.27984559102786, -28.01015315061333], [-50.27884468102833, -28.01027467675991], [-50.27692475034531, -28.01120769383244], [-50.27674402381559, -28.01150806203137], [-50.27708730675279, -28.013704899136474], [-50.27633908559037, -28.01704796497259], [-50.27589908660017, -28.02177495530511], [-50.2773154739508, -28.02475224372819], [-50.28038063455977, -28.03044536574155], [-50.27905317006307, -28.03141967262423], [-50.27891840414397, -28.03166547741872], [-50.27887574073568, -28.03207800420327], [-50.27959346137277, -28.03457369286974], [-50.27857748232153, -28.03634498594324], [-50.27845806288497, -28.03628227440535], [-50.27946729112258, -28.03455484805171], [-50.27875206778608, -28.032088486196045], [-50.27879887674789, -28.03163587957751], [-50.27895680984357, -28.03134781977383], [-50.28024568455872, -28.030426104227594], [-50.2772049605192, -28.02479845814693], [-50.27577751524648, -28.02179791859023], [-50.27621823098296, -28.01703193054937], [-50.27696524435684, -28.01369427806572], [-50.27662583162098, -28.01147453637576], [-50.27683422264933, -28.01112819019224], [-50.27880581966209, -28.01017006548491], [-50.27985419343817, -28.01004277646207], [-50.28119025499115, -28.01052434431714], [-50.28153925711746, -28.01053480493889], [-50.28244900636735, -28.0102190150326], [-50.28266349751524, -28.00984959031348], [-50.28262360637628, -28.00973858965476], [-50.28234857047746, -28.010051406035323], [-50.28087984029906, -28.01040522717027], [-50.28021516098869, -28.010081595427273], [-50.278943168593734, -28.00988523177104], [-50.27822443325756, -28.01008033998157], [-50.277790928759536, -28.00984886242554], [-50.27630183611691, -28.00961679677661], [-50.2755600675766, -28.00955410382202], [-50.27457370922804, -28.00980164108999], [-50.27404874689915, -28.01024426480592], [-50.27374700024287, -28.01027433085236], [-50.27296713099958, -28.0114665444347], [-50.2727382855139, -28.01242984613758], [-50.27239220915943, -28.01297472345433], [-50.27163890313593, -28.01304039946831], [-50.2725478600735, -28.01492830477969], [-50.27295072924348, -28.01519946332237], [-50.27307635783999, -28.01573831151475], [-50.27279139880191, -28.01708926343803], [-50.27349376095014, -28.01904088438453], [-50.27428101298235, -28.01997171192472], [-50.27459799571096, -28.02066024855027], [-50.27481184786185, -28.02184532518896], [-50.27426488394437, -28.02215938256257], [-50.27246805647669, -28.02392788554758], [-50.27183787484784, -28.02425934653379], [-50.27319668494022, -28.025952693707925], [-50.27350014249114, -28.02794593569523], [-50.27301105521751, -28.02900014310221], [-50.27299097261759, -28.02935805617902], [-50.273513026376904, -28.02976200144575], [-50.274656158402266, -28.03259639679975], [-50.27537046009885, -28.03319022413031], [-50.27741041455409, -28.03414203568872], [-50.2786139580345, -28.0368381538817]]]}}, {"type": "Feature", "properties": {"cod_imovel": "SC-4209300-F9766AE0C06D4284950B4080ADA95273", "municipio": "Lages", "num_area": 181.4624, "mod_fiscal": 9.0731, "des_condic": "Aguardando analise", "ind_status": "AT", "dat_atuali": "02/06/2024"}, "geometry": {"type": "Polygon", "coordinates": [[[-50.43539647, -28.2105256431], [-50.4310788899, -28.2121775306], [-50.4305214187, -28.212803294], [-50.4299916186, -28.2138397077], [-50.4300108245, -28.2156347601], [-50.4304188889, -28.216723914], [-50.4295022466, -28.2206697535], [-50.4293027397, -28.2235758074], [-50.4294555374, -28.2246630854], [-50.4297924525, -28.2256060709], [-50.429483046, -28.2277313927], [-50.4302791386, -28.23058942], [-50.4292386205, -28.2340958523], [-50.42932333, -28.23441417], [-50.43002389, -28.23422833], [-50.43013167, -28.23366083], [-50.4305, -28.23298556], [-50.43103, -28.23261528], [-50.43213778, -28.23110611], [-50.43311222, -28.23060833], [-50.43365611, -28.23095972], [-50.43468889, -28.23107944], [-50.43690194, -28.23057694], [-50.4366389179, -28.2298900151], [-50.4374135613, -28.2294339227], [-50.4376083584, -28.2295258038], [-50.4375216391, -28.2292508533], [-50.4376441281, -28.229157208], [-50.4381891715, -28.2291227994], [-50.4381886493, -28.2289111199], [-50.4384480428, -28.2290263736], [-50.4385560749, -28.2288711056], [-50.4384302997, -28.2287749959], [-50.4387016941, -28.22866138], [-50.4390341953, -28.2287511161], [-50.4389630937, -28.2284125016], [-50.4394403169, -28.2284052512], [-50.4380937438, -28.2227844496], [-50.4402311138, -28.2218790726], [-50.43539647, -28.2105256431]]]}}, {"type": "Feature", "properties": {"cod_imovel": "SC-4209300-9475F52F4DE14A9B84F5A8AD30AEC525", "municipio": "Lages", "num_area": 432.8379, "mod_fiscal": 21.6419, "des_condic": "Aguardando analise", "ind_status": "AT", "dat_atuali": "20/08/2024"}, "geometry": {"type": "Polygon", "coordinates": [[[-50.33626472, -28.12571194], [-50.33531196107929, -28.128671312946746], [-50.333815329221004, -28.132381006883495], [-50.32952303699387, -28.134390110062775], [-50.32597722, -28.13559444], [-50.328832453343686, -28.13731194605134], [-50.3265027182252, -28.137919663289864], [-50.32620011743655, -28.14038636439576], [-50.32844849946163, -28.140389727742203], [-50.33020091343026, -28.13998939121785], [-50.33086232003573, -28.14038366182525], [-50.332838952751814, -28.14064261816163], [-50.33601626747121, -28.13998726970341], [-50.3385191274386, -28.14446627232267], [-50.34036586183985, -28.145347882839737], [-50.34207160325754, -28.146691955494585], [-50.342702930540646, -28.1474897023927], [-50.342676083908145, -28.148517271460204], [-50.34338543503159, -28.14823028139541], [-50.344861695048095, -28.148756026205476], [-50.34518750477345, -28.148686542948997], [-50.3464615840057, -28.149184946099894], [-50.34651765503145, -28.14962842808081], [-50.350040585507976, -28.1474588996161], [-50.353015552447026, -28.14485340638919], [-50.35420095726624, -28.144463083248013], [-50.35483322396626, -28.14401246542914], [-50.35505345665976, -28.14357768877577], [-50.35484644440907, -28.142384004628326], [-50.3559330080321, -28.141691615480205], [-50.355882369826574, -28.14036804961584], [-50.35664791427723, -28.140154731699173], [-50.35724780008837, -28.13937356927913], [-50.35742330934507, -28.1385119720872], [-50.35788056126745, -28.137978916306583], [-50.358279148518996, -28.137925178108866], [-50.358606963801215, -28.138076286717176], [-50.35947148269752, -28.137826225435496], [-50.35567913505294, -28.135410570310217], [-50.358069732646825, -28.1323635062839], [-50.35610154648436, -28.13223891213513], [-50.35578315264394, -28.132082425854655], [-50.35454660296591, -28.130648839007748], [-50.35313612391707, -28.1296808354932], [-50.35241773151041, -28.130835943550185], [-50.351043056617655, -28.130485611410922], [-50.347923203703424, -28.1307927012761], [-50.34548985149138, -28.131249414187593], [-50.3449494344364, -28.130935588799115], [-50.34206150343204, -28.131360910989212], [-50.33626472, -28.12571194]]]}}, {"type": "Feature", "properties": {"cod_imovel": "SC-4209300-062713C99A9B4DBA832C9FA0B09F388D", "municipio": "Lages", "num_area": 80.9253, "mod_fiscal": 4.0463, "des_condic": "Aguardando analise", "ind_status": "AT", "dat_atuali": "11/09/2024"}, "geometry": {"type": "Polygon", "coordinates": [[[-50.40582597255707, -28.056524860226016], [-50.39894878864288, -28.047932283051722], [-50.39684057235718, -28.045262053118357], [-50.39276361465454, -28.05236121505638], [-50.40409326553345, -28.058896574638595], [-50.40582597255707, -28.056524860226016]]]}}, {"type": "Feature", "properties": {"cod_imovel": "SC-4209300-85483D501114453090F794C6041A07F4", "municipio": "Lages", "num_area": 93.3157, "mod_fiscal": 4.6658, "des_condic": "Aguardando analise", "ind_status": "AT", "dat_atuali": "02/10/2024"}, "geometry": {"type": "Polygon", "coordinates": [[[-50.47581433, -28.09658558], [-50.47520534, -28.09616946], [-50.47378844, -28.09464199], [-50.47488123, -28.0933943], [-50.47564388, -28.09290696], [-50.47497147, -28.09230196], [-50.47646068, -28.09112542], [-50.47293821, -28.08859474], [-50.47109549, -28.08763847], [-50.46918207, -28.08697692], [-50.46887866, -28.08703016], [-50.46855009, -28.08677069], [-50.46741295, -28.08640237], [-50.46643173, -28.08656367], [-50.46564984, -28.08605788], [-50.46475343, -28.08634865], [-50.4648384, -28.08782084], [-50.46459752, -28.0887555], [-50.46670267, -28.09540414], [-50.47383467, -28.09756489], [-50.47581433, -28.09658558]]]}}, {"type": "Feature", "properties": {"cod_imovel": "SC-4209300-8C73B49854A1471AB869AEE500B4933A", "municipio": "Lages", "num_area": 795.8557, "mod_fiscal": 39.7928, "des_condic": "Aguardando analise", "ind_status": "AT", "dat_atuali": "02/10/2024"}, "geometry": {"type": "Polygon", "coordinates": [[[-50.3497516361111, -28.2444919103187], [-50.3510947777778, -28.2438007658743], [-50.3491940583333, -28.2425997436521], [-50.3468173166667, -28.2417016130965], [-50.3437878555556, -28.2394076603188], [-50.3423721666667, -28.2390644186521], [-50.3388257888889, -28.2369600464299], [-50.3358266722222, -28.237407532541], [-50.333375075, -28.239465132541], [-50.3338495305556, -28.2400740714299], [-50.3345880388889, -28.2404651186521], [-50.3351505916667, -28.2413371019854], [-50.3360763055556, -28.2417037853187], [-50.336492975, -28.2422528214298], [-50.3372383222222, -28.2427182214298], [-50.3363751361111, -28.2444933658743], [-50.3358139666667, -28.2452397630965], [-50.3348599111111, -28.245682168652], [-50.3342191666667, -28.2457506742076], [-50.3337468861111, -28.2467327019853], [-50.3329556277778, -28.2470003547631], [-50.33239895, -28.2474501242075], [-50.3324179527778, -28.2476364464297], [-50.3335744694444, -28.2484284353186], [-50.3336584972222, -28.2487825797631], [-50.3328119055556, -28.2496164103186], [-50.3334730222222, -28.2499496130964], [-50.3336237583333, -28.2502760908741], [-50.3344449833333, -28.2509120825408], [-50.3345477333333, -28.2512935436519], [-50.3343040944444, -28.2515254325408], [-50.3351219472222, -28.2528848880963], [-50.3359994861111, -28.2529260825408], [-50.3370226444444, -28.2546789742074], [-50.3374188055556, -28.254822179763], [-50.3375984944444, -28.2551268158741], [-50.3382072361111, -28.2555171130963], [-50.3386691833333, -28.2561017019852], [-50.3386003472222, -28.2561999325407], [-50.3394318694444, -28.2564011575407], [-50.3391749222222, -28.2567890269851], [-50.3393920055556, -28.2573360047629], [-50.3408412722222, -28.2587054186518], [-50.3420787944444, -28.2590023103184], [-50.3429931833333, -28.260152215874], [-50.3433177444444, -28.2611353658739], [-50.3446593444444, -28.2638187686517], [-50.3448659305556, -28.2654138408739], [-50.3451567805556, -28.2657829908739], [-50.3451098583333, -28.2660384630961], [-50.3448656111111, -28.2659797186516], [-50.3445713583333, -28.2662801130961], [-50.3443932472222, -28.266139626985], [-50.3441713222222, -28.2677104575405], [-50.3446362138889, -28.2679460436516], [-50.3450541083333, -28.2677912908738], [-50.3453756444444, -28.2681002686516], [-50.3451610138889, -28.2681991908738], [-50.343754625, -28.2740485575404], [-50.3418961861111, -28.2738659547626], [-50.3411040222222, -28.2752750269848], [-50.3402936666667, -28.2779985769848], [-50.3401195083333, -28.2890491908734], [-50.3621830555556, -28.2741700269848], [-50.3624005472222, -28.2729206019848], [-50.3616057944444, -28.2733976492071], [-50.359349675, -28.2723542603182], [-50.3586408222222, -28.2722242547626], [-50.3560182166667, -28.2707868242071], [-50.3610681027778, -28.2659190186516], [-50.3633213555556, -28.2661220186516], [-50.3669885305556, -28.2590363936518], [-50.3653388111111, -28.2524709075408], [-50.3618609694444, -28.2511073519852], [-50.3608852027778, -28.2530044019852], [-50.3593357416667, -28.2544690964296], [-50.3590204277778, -28.2556847630963], [-50.3579305527778, -28.2568265019851], [-50.3573447444444, -28.2571258325407], [-50.3569139666667, -28.2588951853184], [-50.3425979, -28.2509745714297], [-50.3497516361111, -28.2444919103187]]]}}, {"type": "Feature", "properties": {"cod_imovel": "SC-4209300-0F318C15CBA74FDE86A61FCB580E95D5", "municipio": "Lages", "num_area": 103.9736, "mod_fiscal": 5.1987, "des_condic": "Aguardando analise", "ind_status": "AT", "dat_atuali": "21/08/2024"}, "geometry": {"type": "Polygon", "coordinates": [[[-50.34212667, -28.12263056], [-50.33818028000001, -28.12751694], [-50.34206150343204, -28.131360910989212], [-50.3449494344364, -28.130935588799115], [-50.345463228144794, -28.131240350534163], [-50.347923203703424, -28.1307927012761], [-50.351043056617655, -28.130485611410922], [-50.35241773151041, -28.130835943550185], [-50.35313612391707, -28.1296808354932], [-50.35454660296591, -28.130648839007748], [-50.35578315264394, -28.132082425854655], [-50.35610154648436, -28.13223891213513], [-50.358069732646825, -28.1323635062839], [-50.35975194, -28.13025806], [-50.35081722000001, -28.12675222], [-50.34212667, -28.12263056]]]}}, {"type": "Feature", "properties": {"cod_imovel": "SC-4209300-5F6F718E8E6C492983902B971A58C9AC", "municipio": "Lages", "num_area": 250.3195, "mod_fiscal": 12.516, "des_condic": "Aguardando analise", "ind_status": "AT", "dat_atuali": "26/09/2024"}, "geometry": {"type": "Polygon", "coordinates": [[[-50.3245008307067, -28.06696864029644], [-50.31162333000196, -28.0751974980865], [-50.31923134017143, -28.08725678825092], [-50.32541634494783, -28.08346483174581], [-50.33117900263942, -28.08179969358799], [-50.33373493304612, -28.08152751007901], [-50.3245008307067, -28.06696864029644]]]}}, {"type": "Feature", "properties": {"cod_imovel": "SC-4209300-C260BB04B46F439390EAE6912B8E82DC", "municipio": "Lages", "num_area": 20.8172, "mod_fiscal": 1.0409, "des_condic": "Aguardando analise", "ind_status": "AT", "dat_atuali": "20/09/2024"}, "geometry": {"type": "Polygon", "coordinates": [[[-50.48303667161036, -28.24714677883123], [-50.48181750495603, -28.2492576121691], [-50.481389171627, -28.24952900105862], [-50.48102250496414, -28.25117205661764], [-50.48028250497167, -28.25275400106548], [-50.48036611608197, -28.25297733439928], [-50.47988389386465, -28.25381400106773], [-50.48056333830239, -28.25420677884622], [-50.48070389385661, -28.2546753899583], [-50.48122989503193, -28.25536616008487], [-50.48126137584971, -28.25478448956986], [-50.48304550269794, -28.25268862788986], [-50.48406186399415, -28.25180941588828], [-50.48401699060766, -28.25140256377416], [-50.48425430055666, -28.2504469654012], [-50.48411017210942, -28.24943770765186], [-50.48451453402719, -28.24726522641251], [-50.48481242210485, -28.24695631591655], [-50.48525840047438, -28.24702355727712], [-50.48462517172634, -28.246371090701], [-50.48354995518816, -28.24675948572386], [-50.48303667161036, -28.24714677883123]]]}}, {"type": "Feature", "properties": {"cod_imovel": "SC-4209300-D181FFF5E1D344D28E011BA6E9872E60", "municipio": "Lages", "num_area": 28.7942, "mod_fiscal": 1.4397, "des_condic": "Aguardando analise", "ind_status": "AT", "dat_atuali": "20/09/2024"}, "geometry": {"type": "Polygon", "coordinates": [[[-50.49181780283348, -28.25342547725114], [-50.49535822296978, -28.25005052826616], [-50.49596696179138, -28.24743535219225], [-50.49567202840866, -28.24729301346671], [-50.49495947647934, -28.24740384051464], [-50.49423960433324, -28.24812240477682], [-50.49204474468354, -28.24841470988853], [-50.49092532530427, -28.24880001498522], [-50.49035535673947, -28.24872933295156], [-50.49026872095915, -28.24977693676702], [-50.486436744015, -28.25106612256834], [-50.48674177733821, -28.25153123492709], [-50.48794374766145, -28.25222508071663], [-50.48952539966213, -28.25244158190042], [-50.49028910172117, -28.25223784521206], [-50.49096781538787, -28.2525055717513], [-50.49090633833042, -28.25292098026876], [-50.49181780283348, -28.25342547725114]]]}}, {"type": "Feature", "properties": {"cod_imovel": "SC-4209300-8E3523A12F37449D990F2CBE7D2F9146", "municipio": "Lages", "num_area": 85.7197, "mod_fiscal": 4.286, "des_condic": "Aguardando analise", "ind_status": "AT", "dat_atuali": "20/09/2024"}, "geometry": {"type": "Polygon", "coordinates": [[[-50.48219079886663, -28.22745096741943], [-50.48192052730693, -28.2293892597714], [-50.48224885922835, -28.2341731658006], [-50.48251609613084, -28.23586534515902], [-50.48299808487815, -28.23599679289937], [-50.48488917997695, -28.237132638619], [-50.48475003728019, -28.23989286489759], [-50.48439640019426, -28.24197870318102], [-50.48489203513827, -28.24230995841273], [-50.48590167168278, -28.24220516636409], [-50.48658850652661, -28.24307531068677], [-50.48687890500251, -28.24403585682971], [-50.48669596272577, -28.24439154715948], [-50.48722073826739, -28.24455879665195], [-50.4884303323265, -28.24576921488156], [-50.48914052732233, -28.238964505853], [-50.48714422226425, -28.22835163941031], [-50.48219079886663, -28.22745096741943]]]}}, {"type": "Feature", "properties": {"cod_imovel": "SC-4209300-8E8A2E7887BC46AB9290CA79FBE67DE0", "municipio": "Lages", "num_area": 153.8315, "mod_fiscal": 7.6916, "des_condic": "Aguardando analise", "ind_status": "AT", "dat_atuali": "19/09/2024"}, "geometry": {"type": "Polygon", "coordinates": [[[-50.48439640019426, -28.24197870318102], [-50.483086912616, -28.24313369914359], [-50.48207441516957, -28.24439812875475], [-50.48255722093419, -28.24514953992479], [-50.48386392454748, -28.24612485712699], [-50.48354996122857, -28.2467595170576], [-50.48462512279765, -28.24637109051655], [-50.48525837995728, -28.24702358428018], [-50.48481242227837, -28.24695627981014], [-50.48451450344652, -28.2472652262972], [-50.48411016191565, -28.24943770761339], [-50.4842543412018, -28.25044699263484], [-50.48401701095212, -28.25140257287772], [-50.48406184369306, -28.25180939775814], [-50.48304552503783, -28.25268864602787], [-50.48126137584971, -28.25478448956986], [-50.48122991371479, -28.25536614457994], [-50.4816007517578, -28.25665955099886], [-50.48369063405499, -28.25613434135146], [-50.48393189310477, -28.25591120838699], [-50.48244259960163, -28.25474392385486], [-50.48362012854236, -28.25352353655745], [-50.48429083655338, -28.25332820210388], [-50.48439090220957, -28.25291325832854], [-50.48497074890225, -28.25270196140935], [-50.48672718559929, -28.25283692863236], [-50.48704536885641, -28.2531948607142], [-50.48764955262293, -28.25343633591507], [-50.48821782423074, -28.25317190444441], [-50.48863400515191, -28.25367435716271], [-50.48806291123586, -28.25450791712725], [-50.48819200026022, -28.25486504791186], [-50.4879110696391, -28.25539233202196], [-50.48747162216367, -28.2557680034827], [-50.48831490304276, -28.25611228427711], [-50.49104608475139, -28.25631619588094], [-50.49177482560518, -28.25618088833548], [-50.49248843841595, -28.25549398544492], [-50.49308974707357, -28.25568054334658], [-50.49297327573648, -28.25638049794917], [-50.4939791289894, -28.25684440996717], [-50.49418616104397, -28.25717293808035], [-50.4937241252588, -28.25741287384686], [-50.49317613922412, -28.25877496707652], [-50.49589253815595, -28.25776038543084], [-50.4972969673182, -28.25421812897842], [-50.50212913501038, -28.25039681769436], [-50.50240527743135, -28.24976315032848], [-50.50241222117865, -28.24907984837644], [-50.50190359491849, -28.24773065878861], [-50.50100888679016, -28.24753313964686], [-50.49964668707278, -28.2460926317735], [-50.49919735639553, -28.24624426128476], [-50.49915680009561, -28.24595751239682], [-50.49609440820167, -28.24357636804754], [-50.49532610645785, -28.24446953250982], [-50.49495948654538, -28.24740386763215], [-50.49567204259473, -28.2472930315726], [-50.4959669922024, -28.24743538841148], [-50.49535824327248, -28.25005054639465], [-50.49181776229404, -28.25342544756701], [-50.49090633833042, -28.25292098026876], [-50.49096784618443, -28.25250552673215], [-50.49028906077329, -28.25223788116643], [-50.48952535897186, -28.25244156369494], [-50.48794373759677, -28.25222505359862], [-50.48674179759648, -28.25153126208343], [-50.48643677451026, -28.25106614073646], [-50.49026875464165, -28.24977692786585], [-50.49035538935934, -28.24872933307316], [-50.49092530003433, -28.24879996975724], [-50.49204478439611, -28.24841471906287], [-50.49381761697822, -28.24821656762893], [-50.49287911170543, -28.24674244721361], [-50.48941368952623, -28.24583761295285], [-50.48848902792571, -28.24577331601538], [-50.48839195116313, -28.24795905648209], [-50.48759384357735, -28.24841399536903], [-50.48715823946521, -28.24846092593713], [-50.48675718056476, -28.2482760871179], [-50.48632463322378, -28.24785534960334], [-50.48637177107915, -28.24742097802256], [-50.4873094598506, -28.24580843485927], [-50.4884303323265, -28.24576921488156], [-50.48770440987337, -28.24503009242116], [-50.48768672520998, -28.24536049634613], [-50.48634199904698, -28.24474163005208], [-50.48627194322684, -28.24423658964008], [-50.48564698140127, -28.24400306420061], [-50.48489203513827, -28.24230995841273], [-50.48439640019426, -28.24197870318102]]]}}, {"type": "Feature", "properties": {"cod_imovel": "SC-4209300-01B42F03EE0E4980A54D9C112364E253", "municipio": "Lages", "num_area": 3.5247, "mod_fiscal": 0.1762, "des_condic": "Aguardando analise", "ind_status": "AT", "dat_atuali": "19/09/2024"}, "geometry": {"type": "Polygon", "coordinates": [[[-50.48578064045973, -28.24217040947088], [-50.48489203513827, -28.24230995841273], [-50.48564698140127, -28.2440030642006], [-50.48627194322683, -28.24423658964008], [-50.48634199904698, -28.24474163005208], [-50.48772349169521, -28.24534592047558], [-50.48770440987337, -28.24503009242116], [-50.48722073826739, -28.24455879665195], [-50.48669596272577, -28.24439154715948], [-50.48687890500252, -28.24403585682971], [-50.48658850652661, -28.24307531068677], [-50.48578064045973, -28.24217040947088]]]}}, {"type": "Feature", "properties": {"cod_imovel": "SC-4209300-E9EC3E397CEF4962AE56DE20889997C7", "municipio": "Lages", "num_area": 50.5904, "mod_fiscal": 2.5295, "des_condic": "Aguardando analise", "ind_status": "AT", "dat_atuali": "19/09/2024"}, "geometry": {"type": "Polygon", "coordinates": [[[-50.50298374469464, -28.24772871100305], [-50.50211887093465, -28.2477574284557], [-50.50253464546448, -28.24906006228859], [-50.50252731094194, -28.24978380280438], [-50.50223725736882, -28.25044973563184], [-50.49740334326785, -28.25427420365884], [-50.49612376133346, -28.25767348623947], [-50.50886664870884, -28.25289975236501], [-50.50767565231748, -28.25161176952855], [-50.50356450870902, -28.24911047455534], [-50.50323789306948, -28.24853897603227], [-50.50331273329331, -28.2481392712648], [-50.50298374469464, -28.24772871100305]]]}}, {"type": "Feature", "properties": {"cod_imovel": "SC-4209300-78836AC5EBE0418996600FABAD7E5E51", "municipio": "Lages", "num_area": 42.9375, "mod_fiscal": 2.1469, "des_condic": "Aguardando analise", "ind_status": "AT", "dat_atuali": "18/09/2024"}, "geometry": {"type": "Polygon", "coordinates": [[[-50.43751290555561, -28.1565358714314], [-50.43038635000001, -28.1626401353202], [-50.4361572944444, -28.1644022464313], [-50.4370361527778, -28.1634049658757], [-50.44027343055561, -28.1615755825424], [-50.4407390444444, -28.1610015714313], [-50.43751290555561, -28.1565358714314]]]}}, {"type": "Feature", "properties": {"cod_imovel": "SC-4209300-BB6FFE883695473E853A9D2FF5A4224B", "municipio": "Lages", "num_area": 23.2267, "mod_fiscal": 1.1613, "des_condic": "Aguardando analise", "ind_status": "AT", "dat_atuali": "18/09/2024"}, "geometry": {"type": "Polygon", "coordinates": [[[-50.4368705666667, -28.1520736686537], [-50.4359472611111, -28.1537537575426], [-50.4368662777778, -28.155279726987], [-50.4388106, -28.1575101075425], [-50.4410628777778, -28.1606240992091], [-50.4414154944444, -28.1606194353202], [-50.4419149694444, -28.1600832297647], [-50.4421198138889, -28.1595009186536], [-50.4383371861111, -28.1519807103204], [-50.4377201333333, -28.1516698936537], [-50.4368952027778, -28.1516473325426], [-50.4367673194444, -28.1517242686537], [-50.4368705666667, -28.1520736686537]]]}}, {"type": "Feature", "properties": {"cod_imovel": "SC-4209300-818C60DE0DCA461D977E97338AE68322", "municipio": "Lages", "num_area": 100.4777, "mod_fiscal": 5.0239, "des_condic": "Aguardando analise", "ind_status": "AT", "dat_atuali": "28/08/2024"}, "geometry": {"type": "Polygon", "coordinates": [[[-50.32938482222221, -27.9903301547678], [-50.3293939472222, -27.99154383810111], [-50.32954049166671, -27.9917014853233], [-50.3293170972222, -27.9927038408789], [-50.32943865833331, -27.9943545353233], [-50.32870116111109, -27.9954791797677], [-50.327604775, -27.9961643047677], [-50.3259422416667, -27.9977639436565], [-50.32439502499999, -27.9986269547676], [-50.3243534527778, -27.998895663101], [-50.3250745, -28.0003600714343], [-50.3255011972222, -28.0008295547676], [-50.3256396138889, -28.0015292075454], [-50.32615954722219, -28.0021578186565], [-50.3262113305556, -28.0025313103231], [-50.3269271, -28.0025827853231], [-50.32718557222219, -28.0028038381009], [-50.3274703472222, -28.0026675881009], [-50.32821288333331, -28.0026890936565], [-50.33011465277779, -28.0048377047675], [-50.3302343305556, -28.005467674212], [-50.33098751944441, -28.0061779242119], [-50.3327457194444, -28.0065519881008], [-50.3329348944444, -28.006717385323], [-50.3344453888889, -28.0067868769897], [-50.3331899722222, -27.9957094353233], [-50.3340181555556, -27.9936653742122], [-50.3342771305556, -27.9922611131011], [-50.32938482222221, -27.9903301547678]]]}}, {"type": "Feature", "properties": {"cod_imovel": "SC-4209300-33D7A803B05F47A3859E8E6202E9C7E4", "municipio": "Lages", "num_area": 155.6087, "mod_fiscal": 7.7804, "des_condic": "Aguardando analise", "ind_status": "AT", "dat_atuali": "28/08/2024"}, "geometry": {"type": "Polygon", "coordinates": [[[-50.3342771305556, -27.9922611131011], [-50.3340181555556, -27.9936653742122], [-50.3331899722222, -27.9957094353233], [-50.3344453888889, -28.0067868769897], [-50.3352289611111, -28.0069409214342], [-50.3360780555556, -28.0076794381008], [-50.33751167222221, -28.0072002797675], [-50.3376441694444, -28.0070902769897], [-50.3376077777778, -28.0060530575453], [-50.3381327833333, -28.0056155575453], [-50.3383211083333, -28.0049541658786], [-50.3390702777778, -28.0045744408786], [-50.3394333277778, -28.0040297214342], [-50.3400400027778, -28.0039916714342], [-50.3404697222222, -28.0037291714342], [-50.3421691694444, -28.0044066714342], [-50.3424025, -28.0048997186564], [-50.34347749444439, -28.0051794408786], [-50.34383388611111, -28.0055622131008], [-50.3443022194444, -28.0056630603231], [-50.3454797166667, -28.0055272186564], [-50.34565499444441, -28.0053880631009], [-50.3460652777778, -28.0049661075453], [-50.34606305833329, -28.004328324212], [-50.3466205583333, -28.0025872186565], [-50.3467411138889, -28.0010672186565], [-50.3473555555556, -28.0002466686565], [-50.3480997222222, -27.9997755603232], [-50.3469886083333, -27.9982652769899], [-50.3461622888889, -27.997646938101], [-50.3451367361111, -27.9960281714344], [-50.34353507777779, -27.9948727547677], [-50.3433714194444, -27.9948822353233], [-50.3431843472222, -27.9953053297677], [-50.34158576111109, -27.9948627297677], [-50.3413039277778, -27.9950666714344], [-50.3342771305556, -27.9922611131011]]]}}, {"type": "Feature", "properties": {"cod_imovel": "SC-4209300-455072D086D34CFD99B275803C35FB3C", "municipio": "Lages", "num_area": 9.999999999999998, "mod_fiscal": 0.5, "des_condic": "Aguardando analise", "ind_status": "AT", "dat_atuali": "09/08/2024"}, "geometry": {"type": "Polygon", "coordinates": [[[-50.4202997694444, -28.1667640130979], [-50.4223779333333, -28.166698349209], [-50.4225247111111, -28.1660629019868], [-50.42256735, -28.1649511380979], [-50.4221081694444, -28.1643634603202], [-50.4224747805556, -28.1621088158758], [-50.4227706805556, -28.1616331103202], [-50.4212909555556, -28.1607878242091], [-50.4202997694444, -28.1667640130979]]]}}, {"type": "Feature", "properties": {"cod_imovel": "SC-4209300-B32224AC6CD2421993AB2981A4EF8CC3", "municipio": "Lages", "num_area": 78.8179, "mod_fiscal": 3.9409, "des_condic": "Aguardando analise", "ind_status": "AT", "dat_atuali": "05/08/2024"}, "geometry": {"type": "Polygon", "coordinates": [[[-50.404672075, -28.1687981908756], [-50.4082180777778, -28.1695763242089], [-50.4078750055556, -28.1758289158755], [-50.4089597833333, -28.1757998603199], [-50.4093984083333, -28.1751567242088], [-50.4108953694444, -28.1755667519866], [-50.4136086583333, -28.1707590492089], [-50.4143278166667, -28.1687858408756], [-50.4117918777778, -28.1682619630979], [-50.4122558694444, -28.1650590575424], [-50.4102182388889, -28.1634425936535], [-50.4106013916667, -28.1618981658758], [-50.4069370666667, -28.1619397158758], [-50.4056811194444, -28.1650197797646], [-50.405835575, -28.1656913853201], [-50.404672075, -28.1687981908756]]]}}, {"type": "Feature", "properties": {"cod_imovel": "SC-4209300-4F61AA38F5454149A7BBBA055AA2EB2D", "municipio": "Lages", "num_area": 99.963, "mod_fiscal": 4.9982, "des_condic": "Aguardando analise", "ind_status": "AT", "dat_atuali": "13/07/2024"}, "geometry": {"type": "Polygon", "coordinates": [[[-50.318138923767165, -28.05933657827489], [-50.31771178568317, -28.059861804641876], [-50.31700417640459, -28.06029356161883], [-50.31579876290277, -28.060515307601957], [-50.31534793209871, -28.06135644025932], [-50.31537411425518, -28.061849526455436], [-50.31497324594291, -28.062625370889606], [-50.314604555245644, -28.063974399156777], [-50.313548102586864, -28.064640357372845], [-50.31330086693341, -28.065097052945244], [-50.313223868946636, -28.065843549138275], [-50.312335532417684, -28.066696924234037], [-50.31204776141682, -28.067285024712124], [-50.31547735486647, -28.072711776046955], [-50.32450083070579, -28.0669686420353], [-50.319675536571914, -28.05940639485355], [-50.31868032882526, -28.0596508722273], [-50.318138923767165, -28.05933657827489]]]}}, {"type": "Feature", "properties": {"cod_imovel": "SC-4209300-A5F6FE154D904FDEB8B6D9E41D743920", "municipio": "Lages", "num_area": 15.0, "mod_fiscal": 0.75, "des_condic": "Aguardando analise", "ind_status": "AT", "dat_atuali": "02/07/2024"}, "geometry": {"type": "Polygon", "coordinates": [[[-50.4153468361111, -28.1611436242091], [-50.4139533166667, -28.1614352825424], [-50.4140335305556, -28.1618555436535], [-50.4106013916667, -28.1618981658758], [-50.4102182388889, -28.1634425936535], [-50.4122558694444, -28.1650590575424], [-50.4150932694444, -28.1644874380979], [-50.4153468361111, -28.1611436242091]]]}}, {"type": "Feature", "properties": {"cod_imovel": "SC-4209300-1E0231D84B56433DACF8B11669478BC6", "municipio": "Lages", "num_area": 181.4628, "mod_fiscal": 9.0731, "des_condic": "Aguardando analise", "ind_status": "AT", "dat_atuali": "19/06/2024"}, "geometry": {"type": "Polygon", "coordinates": [[[-50.456105006738014, -28.203790866996346], [-50.455300874288355, -28.204026066425303], [-50.45500941947833, -28.20441387086167], [-50.455055579444306, -28.20467474869467], [-50.454698604448986, -28.20494169342332], [-50.45408024715699, -28.20469026879857], [-50.45352115567307, -28.20472721352407], [-50.449678096063586, -28.20976230283885], [-50.45596622243205, -28.21694352746379], [-50.45633669961366, -28.216492938819105], [-50.45802921604192, -28.215922030240154], [-50.46145194000001, -28.21564444], [-50.46190583, -28.21503639], [-50.46550639, -28.21365167], [-50.46689694, -28.21252778], [-50.466765, -28.21247472], [-50.466715, -28.21193139], [-50.46642389, -28.21167583], [-50.46661833, -28.21120167], [-50.46656722, -28.21073528], [-50.46745528, -28.210345], [-50.46764778, -28.20991361], [-50.46806889, -28.20984028], [-50.46880778, -28.21014611], [-50.46967694, -28.20974556], [-50.47077611, -28.20839389], [-50.47141389, -28.20786861], [-50.47171250000001, -28.20708861], [-50.47153833869866, -28.20644808027072], [-50.471084734174156, -28.206562502772073], [-50.47102444885891, -28.206347792700154], [-50.47054136011709, -28.206428068341943], [-50.470527725289536, -28.206279434274098], [-50.4706974571598, -28.206265016145014], [-50.470673872749366, -28.205943570425493], [-50.47033831609315, -28.206192766011984], [-50.470149115491644, -28.206001928896306], [-50.469880250134295, -28.206199477401803], [-50.469841387588204, -28.206021679202582], [-50.46935948976153, -28.205696109884343], [-50.46932720787467, -28.205444678274795], [-50.4691111427401, -28.205391394421323], [-50.4686591621003, -28.205651688476067], [-50.468275838629694, -28.205524997657115], [-50.466846144811555, -28.205662238897474], [-50.46557222485722, -28.206152480193346], [-50.46470189837065, -28.205950849646324], [-50.46393753265315, -28.205507529772838], [-50.46310778062678, -28.205609439045435], [-50.46244360449949, -28.205305516758166], [-50.462114767549444, -28.205389708428687], [-50.46107636251368, -28.206236128257974], [-50.46047197209558, -28.20610051096942], [-50.46015782047823, -28.20583695306773], [-50.459670290542334, -28.20586725453526], [-50.45922413543566, -28.20537055249789], [-50.459320878306954, -28.205180017889184], [-50.45796471671818, -28.204637196942926], [-50.457436976974876, -28.20474135100874], [-50.45705412918193, -28.204161124220537], [-50.456105006738014, -28.203790866996346]]]}}, {"type": "Feature", "properties": {"cod_imovel": "SC-4209300-ED244807E9594D0385B6E27729494744", "municipio": "Lages", "num_area": 104.7167, "mod_fiscal": 5.2358, "des_condic": "Aguardando analise", "ind_status": "AT", "dat_atuali": "11/06/2024"}, "geometry": {"type": "Polygon", "coordinates": [[[-50.2643320881613, -28.110631765920676], [-50.265741124299076, -28.119801330523625], [-50.2677269931277, -28.12138717164153], [-50.2689114677691, -28.12124366711068], [-50.269380699940434, -28.12064012088747], [-50.26953778043431, -28.11959169575763], [-50.27007225029521, -28.11898174985046], [-50.27187912615492, -28.1185577774792], [-50.27342831485965, -28.11734474596587], [-50.273795392895494, -28.117339946025123], [-50.273781858270304, -28.1175888310241], [-50.2740268595031, -28.11750255977094], [-50.27414168305577, -28.117718994048797], [-50.27542113659177, -28.118473927302393], [-50.275868829917734, -28.118319240177982], [-50.27580113188118, -28.1174772559547], [-50.27513291923384, -28.11648805347342], [-50.27535147064891, -28.1157429693933], [-50.27565958847537, -28.11557646467872], [-50.276158242632356, -28.115679784802396], [-50.27631905233749, -28.115359784371126], [-50.27665740808066, -28.115545118553893], [-50.27683948370051, -28.115861628836317], [-50.27881149168437, -28.117057615499217], [-50.279780440820275, -28.117364287456283], [-50.280020082619224, -28.11760594207373], [-50.280734011319076, -28.11761498829172], [-50.281506749298025, -28.118257365999483], [-50.281845623112815, -28.118286119644186], [-50.28264748494327, -28.118799773892153], [-50.28284392082449, -28.118676508494858], [-50.282901631335065, -28.1178428910597], [-50.28256111991168, -28.117325631069846], [-50.28336689966825, -28.116840862566562], [-50.2835333783746, -28.11655552877785], [-50.283521711873796, -28.116112293078945], [-50.28386168935982, -28.11584406155483], [-50.27962021080999, -28.11242048383904], [-50.272807063651534, -28.11432607799142], [-50.26557584450573, -28.110941456417876], [-50.2643320881613, -28.110631765920676]]]}}, {"type": "Feature", "properties": {"cod_imovel": "SC-4209300-F6C18617A7F4484D82A536A710D3E2B1", "municipio": "Lages", "num_area": 181.4651, "mod_fiscal": 9.0733, "des_condic": "Aguardando analise", "ind_status": "AT", "dat_atuali": "05/06/2024"}, "geometry": {"type": "Polygon", "coordinates": [[[-50.46145194000001, -28.21564444], [-50.45802921604192, -28.215922030240154], [-50.45633669961366, -28.216492938819105], [-50.45552583542493, -28.21753420331575], [-50.45417774734839, -28.21806249464979], [-50.45377218361692, -28.21879637803668], [-50.45334920146284, -28.220127763272487], [-50.45274252528345, -28.220866797085208], [-50.45136383404216, -28.220134077310806], [-50.440231113762806, -28.221879072581405], [-50.438093743811415, -28.22278444955689], [-50.43944031685599, -28.22840525115194], [-50.44172282296281, -28.22806696679526], [-50.44216445107087, -28.227633047095843], [-50.44207696748764, -28.227463889847787], [-50.44301526451526, -28.226651694988487], [-50.44342946182688, -28.22649360742004], [-50.443540027411025, -28.226653650453873], [-50.44380077875672, -28.2264480884779], [-50.44516086638295, -28.226112761995687], [-50.44616420213646, -28.226712233832963], [-50.44957443987243, -28.224571671855518], [-50.45143176327348, -28.2239907684529], [-50.45123806752988, -28.223264600047827], [-50.45182717061615, -28.22215982833579], [-50.45527108749686, -28.22517896117807], [-50.45562222373826, -28.2259554882126], [-50.45609030307696, -28.22648315994768], [-50.45882722000001, -28.22752056], [-50.46026889, -28.22826139], [-50.46070806, -28.22865667], [-50.46222972, -28.22768306], [-50.46226278, -28.22730028], [-50.46290194, -28.22667167], [-50.46279639, -28.22628556], [-50.46306611, -28.22541694], [-50.46297528, -28.22464833], [-50.46344333, -28.2229375], [-50.46314028, -28.22159444], [-50.46263833, -28.22105694], [-50.46273889, -28.21926278], [-50.46243611, -28.218595], [-50.46254389, -28.21825], [-50.46244194, -28.21743583], [-50.46155889, -28.21636111], [-50.46145194000001, -28.21564444]]]}}, {"type": "Feature", "properties": {"cod_imovel": "SC-4209300-814DE796A401477D8985A57BA778123A", "municipio": "Lages", "num_area": 15.5848, "mod_fiscal": 0.7792, "des_condic": "Aguardando analise", "ind_status": "AT", "dat_atuali": "14/03/2024"}, "geometry": {"type": "Polygon", "coordinates": [[[-50.4338092277778, -28.1636742325424], [-50.4322806555556, -28.1675466714312], [-50.433089925, -28.1679502464312], [-50.4343958472222, -28.167759474209], [-50.4351251916667, -28.1678110658756], [-50.4351221888889, -28.1681908769868], [-50.4349302916667, -28.1681925769868], [-50.4351093722222, -28.1689710408756], [-50.4365782083333, -28.1679389325423], [-50.4366736, -28.1675523519868], [-50.4365458388889, -28.1657820714312], [-50.4362085305556, -28.1650064075424], [-50.4361573361111, -28.1644022658757], [-50.4338092277778, -28.1636742325424]]]}}, {"type": "Feature", "properties": {"cod_imovel": "SC-4209300-97EA2FF610A744408C52EC574F81D641", "municipio": "Lages", "num_area": 3.8038, "mod_fiscal": 0.1902, "des_condic": "Aguardando analise", "ind_status": "AT", "dat_atuali": "08/02/2024"}, "geometry": {"type": "Polygon", "coordinates": [[[-50.4267188555556, -28.059974424211], [-50.4255820611111, -28.0575714519888], [-50.4246540138889, -28.0565604353221], [-50.42439160277781, -28.0555864103222], [-50.4229794833333, -28.0561043353221], [-50.42408443888889, -28.0572865964332], [-50.42467135, -28.057468749211], [-50.42562687777781, -28.0589144908776], [-50.4267188555556, -28.059974424211]]]}}, {"type": "Feature", "properties": {"cod_imovel": "SC-4209300-6257C621C56546B5818FB7E20D6F523B", "municipio": "Lages", "num_area": 170.0019, "mod_fiscal": 8.5001, "des_condic": "Aguardando analise", "ind_status": "AT", "dat_atuali": "30/01/2024"}, "geometry": {"type": "Polygon", "coordinates": [[[-50.32211802570412, -28.16544439934659], [-50.32069655544768, -28.16153196426826], [-50.31084341707813, -28.16196464141355], [-50.30960723644468, -28.16722579175592], [-50.309271812438965, -28.168213110105242], [-50.308499336242676, -28.169196755421957], [-50.30817610834895, -28.17017459853587], [-50.308048725128174, -28.17475796460848], [-50.31944274902343, -28.174417490721332], [-50.31929819085332, -28.17110857279641], [-50.32390594482422, -28.16957507813586], [-50.32294465211331, -28.16822828340822], [-50.32297526159463, -28.16763170481803], [-50.32319784164429, -28.167191622705182], [-50.32211802570412, -28.16544439934659]]]}}, {"type": "Feature", "properties": {"cod_imovel": "SC-4209300-458EF6C63D7149DEA827BEEF51E8BAF2", "municipio": "Lages", "num_area": 0.1017, "mod_fiscal": 0.0051, "des_condic": "Aguardando analise", "ind_status": "AT", "dat_atuali": "16/01/2024"}, "geometry": {"type": "Polygon", "coordinates": [[[-50.261724293231964, -28.120978042046392], [-50.26171088218689, -28.12066578425087], [-50.26128172874451, -28.120869225039073], [-50.261324644088745, -28.121030084923884], [-50.261724293231964, -28.120978042046392]]]}}, {"type": "Feature", "properties": {"cod_imovel": "SC-4209300-D5D3C8D089DA451DA74461ABB2C08E6F", "municipio": "Lages", "num_area": 178.6917, "mod_fiscal": 8.9346, "des_condic": "Aguardando analise", "ind_status": "AT", "dat_atuali": "30/06/2021"}, "geometry": {"type": "Polygon", "coordinates": [[[-50.38331807, -28.09071452], [-50.38234713, -28.08897222], [-50.38190093, -28.08885004], [-50.38159208, -28.08905311], [-50.38129748, -28.08890983], [-50.38131072, -28.08853617], [-50.38161249, -28.08817365], [-50.38151894, -28.08803554], [-50.3810626, -28.0881915], [-50.38083203, -28.08811558], [-50.3807005, -28.087471], [-50.37924748, -28.0873596], [-50.37886531, -28.08719313], [-50.3780401, -28.08666521], [-50.37745767, -28.08599211], [-50.37735776, -28.08555295], [-50.37659086, -28.08530742], [-50.37629601, -28.08594943], [-50.37659668, -28.0860241], [-50.37667216, -28.08624435], [-50.37630989, -28.09069855], [-50.37590451, -28.09341419], [-50.37670967, -28.09459449], [-50.37684238, -28.0997069], [-50.37658561, -28.10020315], [-50.37726634, -28.10195507], [-50.37707519, -28.10233643], [-50.3777108, -28.10474787], [-50.377653, -28.10555395], [-50.3769275, -28.10643554], [-50.37685404, -28.10688551], [-50.37639609, -28.10744891], [-50.37616141, -28.10855469], [-50.3889652, -28.10442604], [-50.38732392, -28.10105713], [-50.38255164, -28.09440301], [-50.38460289, -28.09318645], [-50.38424362, -28.09240491], [-50.38438441, -28.09191848], [-50.38353946, -28.09147194], [-50.38331807, -28.09071452]]]}}, {"type": "Feature", "properties": {"cod_imovel": "SC-4209300-C359690F393F4E2A8B4AF6C4B45546DE", "municipio": "Lages", "num_area": 649.4811, "mod_fiscal": 32.4741, "des_condic": "Aguardando analise", "ind_status": "AT", "dat_atuali": "16/07/2021"}, "geometry": {"type": "Polygon", "coordinates": [[[-50.34807715, -28.09264841], [-50.34759768, -28.09504284], [-50.34137433, -28.09295744], [-50.34031018, -28.09446467], [-50.33956099, -28.094549], [-50.33957131, -28.09533055], [-50.33876577, -28.0953174], [-50.33888818, -28.09562975], [-50.34007408, -28.09682012], [-50.34142582, -28.09648219], [-50.34210447, -28.09652191], [-50.34256863, -28.09693501], [-50.34515555, -28.09824043], [-50.34622207, -28.09840318], [-50.3465788, -28.09864847], [-50.34668802, -28.09903606], [-50.34781121, -28.0998155], [-50.3481602, -28.09985627], [-50.35244337, -28.10267089], [-50.35279748, -28.10274034], [-50.35362682, -28.10338806], [-50.35496514, -28.10410616], [-50.35608709, -28.10455801], [-50.35720667, -28.10419032], [-50.35744865, -28.10445023], [-50.357959, -28.10447348], [-50.35938933, -28.10343606], [-50.36029901, -28.10316934], [-50.3655591, -28.09085445], [-50.36983852, -28.09582333], [-50.36611933, -28.10685943], [-50.36697041, -28.10722489], [-50.36858325, -28.10825076], [-50.37075549, -28.10906797], [-50.3725898, -28.11057982], [-50.37526607, -28.11461252], [-50.3749319, -28.11575982], [-50.37526772, -28.1169101], [-50.37592491, -28.11749056], [-50.37842253, -28.11792719], [-50.37953418, -28.11839524], [-50.38167306, -28.11828798], [-50.38258072, -28.1185344], [-50.38343524, -28.11805626], [-50.38449189, -28.11789224], [-50.38680677, -28.11692719], [-50.38751565, -28.11689141], [-50.38797896, -28.11706657], [-50.38807603, -28.11625537], [-50.38826857, -28.11591437], [-50.37689043, -28.11221042], [-50.37643933, -28.10984446], [-50.37637549, -28.10849654], [-50.37721215, -28.10402383], [-50.37665386, -28.0954737], [-50.37672593, -28.09461091], [-50.37593146, -28.09343782], [-50.37680824, -28.08759481], [-50.3777226, -28.08623121], [-50.37727933, -28.08546108], [-50.37674072, -28.08534928], [-50.37676538, -28.08572998], [-50.376218, -28.0860304], [-50.37622604, -28.08568428], [-50.37585936, -28.08553288], [-50.37254991, -28.08274848], [-50.37391559, -28.08201189], [-50.37134189, -28.07193999], [-50.37066507, -28.07270282], [-50.36999486, -28.07382903], [-50.36938712, -28.07547805], [-50.36773078, -28.07803357], [-50.36745771, -28.0787723], [-50.36715166, -28.08027833], [-50.36720464, -28.08095408], [-50.36831706, -28.08310989], [-50.36846272, -28.08400649], [-50.36734568, -28.08629172], [-50.36596267, -28.08762947], [-50.3629669, -28.08881559], [-50.36195492, -28.08897938], [-50.36053347, -28.08895491], [-50.35825819, -28.08984216], [-50.35752196, -28.09034366], [-50.35651607, -28.08993413], [-50.35580833, -28.08916518], [-50.3554518, -28.08851361], [-50.35321697, -28.08645438], [-50.3518374, -28.08593636], [-50.35089113, -28.08514612], [-50.35029672, -28.08641879], [-50.35028317, -28.08756027], [-50.35009948, -28.08821427], [-50.34920858, -28.08951322], [-50.34845502, -28.09221315], [-50.34807715, -28.09264841]]]}}, {"type": "Feature", "properties": {"cod_imovel": "SC-4209300-8C657C4E1829473B981B0E63CD9DBB28", "municipio": "Lages", "num_area": 168.0278, "mod_fiscal": 8.4014, "des_condic": "Aguardando analise", "ind_status": "AT", "dat_atuali": "28/08/2024"}, "geometry": {"type": "Polygon", "coordinates": [[[-50.30168556, -28.08135222], [-50.29642939567565, -28.083368095738138], [-50.30008792877197, -28.09541720609234], [-50.30682563781738, -28.094281448239567], [-50.3107583261, -28.0925784938], [-50.31424556, -28.09025778], [-50.31184444, -28.0876475], [-50.309675, -28.08481139], [-50.30787706375122, -28.08404015556896], [-50.30656417, -28.08327611], [-50.3064075, -28.08294389], [-50.30576417, -28.08301194], [-50.30486778, -28.08276889], [-50.30407667, -28.08277056], [-50.30392139, -28.08237889], [-50.30202028, -28.08179389], [-50.30168556, -28.08135222]]]}}, {"type": "Feature", "properties": {"cod_imovel": "SC-4209300-E257387F8DA047B096151FC30860C841", "municipio": "Lages", "num_area": 112.8995, "mod_fiscal": 5.645, "des_condic": "Aguardando analise", "ind_status": "AT", "dat_atuali": "23/08/2024"}, "geometry": {"type": "Polygon", "coordinates": [[[-50.2628671972222, -28.0835490269883], [-50.2630837527778, -28.0841220353216], [-50.2633471972222, -28.0899572769882], [-50.2645716305556, -28.0922545575437], [-50.2645696833333, -28.092870215877], [-50.2649820055556, -28.0937328742103], [-50.2646483444444, -28.0942174853214], [-50.2638432138889, -28.0941774575437], [-50.2637095888889, -28.0944347964325], [-50.2650220166667, -28.0964375325436], [-50.26519805, -28.0971483297658], [-50.2728855555556, -28.0950741686548], [-50.2714973111111, -28.0842908075438], [-50.2628671972222, -28.0835490269883]]]}}, {"type": "Feature", "properties": {"cod_imovel": "SC-4209300-5AAC474A5DE2407DA06C1B6BF78B0DF3", "municipio": "Lages", "num_area": 16.9999, "mod_fiscal": 0.85, "des_condic": "Aguardando analise", "ind_status": "AT", "dat_atuali": "09/08/2024"}, "geometry": {"type": "Polygon", "coordinates": [[[-50.4136086583333, -28.1707590492089], [-50.4108953694444, -28.1755667519866], [-50.4141501333333, -28.1762680242088], [-50.4161250972222, -28.1713204714311], [-50.4136086583333, -28.1707590492089]]]}}, {"type": "Feature", "properties": {"cod_imovel": "SC-4209300-7A4D7797F1704F92913CC37E6B16830C", "municipio": "Lages", "num_area": 19.372, "mod_fiscal": 0.9686, "des_condic": "Aguardando analise", "ind_status": "AT", "dat_atuali": "09/08/2024"}, "geometry": {"type": "Polygon", "coordinates": [[[-50.41612555200216, -28.17132211608367], [-50.4141501333333, -28.1762680242088], [-50.41462417184011, -28.17636195254349], [-50.41471846329079, -28.17611845606275], [-50.41494130881497, -28.17603869990467], [-50.41624940292558, -28.17618476768474], [-50.4168137805556, -28.1760675353199], [-50.4188778638889, -28.1764920130977], [-50.41930803888889, -28.1761091880977], [-50.41939873888889, -28.1757969214311], [-50.41944397495497, -28.17309231867625], [-50.41727255884423, -28.17204869656468], [-50.41612555200216, -28.17132211608367]]]}}, {"type": "Feature", "properties": {"cod_imovel": "SC-4209300-99A0FA509FED44DDBBCEF3AC5F9C8764", "municipio": "Lages", "num_area": 50.0, "mod_fiscal": 2.5, "des_condic": "Aguardando analise", "ind_status": "AT", "dat_atuali": "09/08/2024"}, "geometry": {"type": "Polygon", "coordinates": [[[-50.4202997694444, -28.1667640130979], [-50.4212909555556, -28.1607878242091], [-50.4208252888889, -28.160535488098], [-50.4204972027778, -28.1600953242091], [-50.4153468361111, -28.1611436242091], [-50.4150932694444, -28.1644874380979], [-50.4122558694444, -28.1650590575424], [-50.4117918666667, -28.1682619714312], [-50.4143278166667, -28.1687858408756], [-50.4150119472222, -28.1669087047646], [-50.4202997694444, -28.1667640130979]]]}}, {"type": "Feature", "properties": {"cod_imovel": "SC-4209300-B9091E3BAC1240CBB06389EC1AE2BF1C", "municipio": "Lages", "num_area": 142.7151, "mod_fiscal": 7.1358, "des_condic": "Aguardando analise", "ind_status": "AT", "dat_atuali": "08/03/2023"}, "geometry": {"type": "Polygon", "coordinates": [[[-50.35109697, -28.24382021], [-50.34991952, -28.24451664], [-50.3427586, -28.25098843], [-50.35687576, -28.25884031], [-50.35716242, -28.25800998], [-50.3571092, -28.25730688], [-50.35791205, -28.25680839], [-50.35901507, -28.25568046], [-50.35933208, -28.25446741], [-50.36088086, -28.25300144], [-50.36185688, -28.25110158], [-50.35632287, -28.24910495], [-50.35449225, -28.24803256], [-50.35366173, -28.24733427], [-50.35109697, -28.24382021]]]}}, {"type": "Feature", "properties": {"cod_imovel": "SC-4209300-D1724E286FE1408D99F7C3890E661960", "municipio": "Lages", "num_area": 31.6641, "mod_fiscal": 1.5832, "des_condic": "Aguardando analise", "ind_status": "AT", "dat_atuali": "08/03/2023"}, "geometry": {"type": "Polygon", "coordinates": [[[-50.42932333, -28.23441417], [-50.42916417, -28.23452139], [-50.42945944, -28.234805], [-50.42936167, -28.23679306], [-50.4285825, -28.23822806], [-50.42795472, -28.2389425], [-50.42778139, -28.24002639], [-50.42765194, -28.24002556], [-50.42775194, -28.24255444], [-50.42793028, -28.24283833], [-50.42800417, -28.24369361], [-50.42765472, -28.24503028], [-50.42682722, -28.24562472], [-50.42643306, -28.24716278], [-50.42595222, -28.24756722], [-50.42575778, -28.24834139], [-50.42756317, -28.2500373], [-50.42832557, -28.25027428], [-50.42860823, -28.25021996], [-50.42919967, -28.24860514], [-50.42869914, -28.24705067], [-50.42909417, -28.24521778], [-50.42966278, -28.24423444], [-50.42987444, -28.24353917], [-50.42987611, -28.24175722], [-50.43016667, -28.24070583], [-50.43014389, -28.23945278], [-50.43028222, -28.23929639], [-50.43016722, -28.23670194], [-50.42960139, -28.23606972], [-50.42973222, -28.23486778], [-50.42932333, -28.23441417]]]}}, {"type": "Feature", "properties": {"cod_imovel": "SC-4209300-16D6DD4932C14C6E9AE429130219C640", "municipio": "Lages", "num_area": 50.3131, "mod_fiscal": 2.5157, "des_condic": "Aguardando analise", "ind_status": "AT", "dat_atuali": "08/03/2023"}, "geometry": {"type": "Polygon", "coordinates": [[[-50.42192239, -28.21471335], [-50.42122808, -28.21497724], [-50.41940425, -28.21686903], [-50.41777994, -28.21810302], [-50.41565584, -28.21840628], [-50.41524189, -28.21882611], [-50.41447901, -28.21923391], [-50.41392537, -28.2193106], [-50.41330913, -28.21914752], [-50.41217417, -28.21944767], [-50.41071731, -28.22055377], [-50.40920554, -28.22115248], [-50.42106257, -28.22287428], [-50.42262309, -28.21512356], [-50.42192239, -28.21471335]]]}}, {"type": "Feature", "properties": {"cod_imovel": "SC-4209300-5BC06368EDFD4C808D22833578FF74F1", "municipio": "Lages", "num_area": 100.4777, "mod_fiscal": 5.0239, "des_condic": "Aguardando analise", "ind_status": "AT", "dat_atuali": "01/04/2022"}, "geometry": {"type": "Polygon", "coordinates": [[[-50.32938482222221, -27.9903301547678], [-50.3293939472222, -27.99154383810111], [-50.32954049166671, -27.9917014853233], [-50.3293170972222, -27.9927038408789], [-50.32943865833331, -27.9943545353233], [-50.32870116111109, -27.9954791797677], [-50.327604775, -27.9961643047677], [-50.3259422416667, -27.9977639436565], [-50.32439502499999, -27.9986269547676], [-50.3243534527778, -27.998895663101], [-50.3250745, -28.0003600714343], [-50.3255011972222, -28.0008295547676], [-50.3256396138889, -28.0015292075454], [-50.32615954722219, -28.0021578186565], [-50.3262113305556, -28.0025313103231], [-50.3269271, -28.0025827853231], [-50.32718557222219, -28.0028038381009], [-50.3274703472222, -28.0026675881009], [-50.32821288333331, -28.0026890936565], [-50.33011465277779, -28.0048377047675], [-50.3302343305556, -28.005467674212], [-50.33098751944441, -28.0061779242119], [-50.3327457194444, -28.0065519881008], [-50.3329348944444, -28.006717385323], [-50.3344453888889, -28.0067868769897], [-50.3331899722222, -27.9957094353233], [-50.3340181555556, -27.9936653742122], [-50.3342771305556, -27.9922611131011], [-50.32938482222221, -27.9903301547678]]]}}, {"type": "Feature", "properties": {"cod_imovel": "SC-4209300-A4B1DF6766DB4CCF9CB56D60287CA98C", "municipio": "Lages", "num_area": 155.6087, "mod_fiscal": 7.7804, "des_condic": "Aguardando analise", "ind_status": "AT", "dat_atuali": "01/04/2022"}, "geometry": {"type": "Polygon", "coordinates": [[[-50.3342771305556, -27.9922611131011], [-50.3340181555556, -27.9936653742122], [-50.3331899722222, -27.9957094353233], [-50.3344453888889, -28.0067868769897], [-50.3352289611111, -28.0069409214342], [-50.3360780555556, -28.0076794381008], [-50.33751167222221, -28.0072002797675], [-50.3376441694444, -28.0070902769897], [-50.3376077777778, -28.0060530575453], [-50.3381327833333, -28.0056155575453], [-50.3383211083333, -28.0049541658786], [-50.3390702777778, -28.0045744408786], [-50.3394333277778, -28.0040297214342], [-50.3400400027778, -28.0039916714342], [-50.3404697222222, -28.0037291714342], [-50.3421691694444, -28.0044066714342], [-50.3424025, -28.0048997186564], [-50.34347749444439, -28.0051794408786], [-50.34383388611111, -28.0055622131008], [-50.3443022194444, -28.0056630603231], [-50.3454797166667, -28.0055272186564], [-50.34565499444441, -28.0053880631009], [-50.3460652777778, -28.0049661075453], [-50.34606305833329, -28.004328324212], [-50.3466205583333, -28.0025872186565], [-50.3467411138889, -28.0010672186565], [-50.3473555555556, -28.0002466686565], [-50.3480997222222, -27.9997755603232], [-50.3469886083333, -27.9982652769899], [-50.3461622888889, -27.997646938101], [-50.3451367361111, -27.9960281714344], [-50.34353507777779, -27.9948727547677], [-50.3433714194444, -27.9948822353233], [-50.3431843472222, -27.9953053297677], [-50.34158576111109, -27.9948627297677], [-50.3413039277778, -27.9950666714344], [-50.3342771305556, -27.9922611131011]]]}}, {"type": "Feature", "properties": {"cod_imovel": "SC-4209300-5FBE2258D27A414D9BB0B7A371E39969", "municipio": "Lages", "num_area": 47.2295, "mod_fiscal": 2.3615, "des_condic": "Aguardando analise", "ind_status": "AT", "dat_atuali": "04/03/2022"}, "geometry": {"type": "Polygon", "coordinates": [[[-50.30516851, -28.14926], [-50.30599234, -28.15159293], [-50.30640276, -28.15217506], [-50.30632792, -28.1530654], [-50.30706239, -28.15336847], [-50.30727712, -28.15336688], [-50.31020638, -28.15153453], [-50.31374628, -28.15035581], [-50.31306663, -28.14969005], [-50.31213659, -28.14817527], [-50.31184712, -28.14794005], [-50.30992471, -28.14725254], [-50.30128827, -28.14657257], [-50.30050125, -28.14669363], [-50.30118431, -28.14712821], [-50.30232434, -28.14865029], [-50.30341978, -28.14957819], [-50.30481437, -28.14912933], [-50.30516851, -28.14926]]]}}, {"type": "Feature", "properties": {"cod_imovel": "SC-4209300-EB2CF4EBAF6443F4809D76B6704EFDE0", "municipio": "Lages", "num_area": 364.3061, "mod_fiscal": 18.2153, "des_condic": "Aguardando analise", "ind_status": "AT", "dat_atuali": "01/03/2023"}, "geometry": {"type": "Polygon", "coordinates": [[[-50.33847417, -28.15414722], [-50.33653008, -28.15490736], [-50.33514676, -28.15579257], [-50.33383491, -28.15610523], [-50.3329376, -28.15485009], [-50.3322465, -28.15326886], [-50.33202389, -28.15305875], [-50.33060867, -28.15287391], [-50.32997052, -28.15298637], [-50.32963323, -28.15333397], [-50.32892923, -28.15367547], [-50.32759017, -28.15389561], [-50.32694787, -28.15431493], [-50.32473278, -28.15234639], [-50.32447972, -28.15441056], [-50.32308472, -28.15385139], [-50.32112194, -28.15341333], [-50.32034083, -28.15296389], [-50.31881111, -28.15319556], [-50.31946111, -28.15391083], [-50.32035694, -28.15424444], [-50.32076306, -28.15472806], [-50.32118889, -28.15683444], [-50.3211325, -28.15758667], [-50.32050333, -28.15897111], [-50.32035833, -28.15975556], [-50.32043111, -28.16063139], [-50.32082028, -28.16205833], [-50.32212944, -28.16535528], [-50.32311, -28.167235], [-50.32296556, -28.16759], [-50.32302806, -28.16831806], [-50.32376222, -28.16955278], [-50.32930528, -28.16943222], [-50.33247806, -28.16961778], [-50.33554333, -28.17108917], [-50.33630139, -28.17087472], [-50.33722611, -28.16993], [-50.34470889, -28.17029194], [-50.34530139, -28.16883472], [-50.34484639, -28.16563528], [-50.34428944, -28.16401472], [-50.34029444, -28.15795528], [-50.33847417, -28.15414722]]]}}, {"type": "Feature", "properties": {"cod_imovel": "SC-4209300-81FA401407A14D88A99B8F4CE24C959A", "municipio": "Lages", "num_area": 106.2936, "mod_fiscal": 5.3147, "des_condic": "Aguardando analise", "ind_status": "AT", "dat_atuali": "23/02/2023"}, "geometry": {"type": "Polygon", "coordinates": [[[-50.50120974, -28.16000387], [-50.48520566, -28.16111801], [-50.48638443, -28.16244735], [-50.48733375, -28.16527142], [-50.48778014, -28.16602864], [-50.490029, -28.16784983], [-50.50206406, -28.16631001], [-50.50174399, -28.16295752], [-50.50120974, -28.16000387]]]}}, {"type": "Feature", "properties": {"cod_imovel": "SC-4209300-023A9E75F6524B1A87E1D9DDF055C177", "municipio": "Lages", "num_area": 312.9683, "mod_fiscal": 15.6484, "des_condic": "Aguardando analise", "ind_status": "AT", "dat_atuali": "23/02/2023"}, "geometry": {"type": "Polygon", "coordinates": [[[-50.4854555, -28.13786323], [-50.48477269, -28.13819116], [-50.48398675, -28.13925685], [-50.48401858, -28.13946851], [-50.48162486, -28.14065596], [-50.47865384, -28.14100877], [-50.47789424, -28.14123136], [-50.47588491, -28.1402695], [-50.4738825, -28.13967904], [-50.47359024, -28.14071863], [-50.47266776, -28.14097795], [-50.47213154, -28.14138281], [-50.47179545, -28.14216106], [-50.47185302, -28.14268493], [-50.47333937, -28.14287378], [-50.47282252, -28.14373437], [-50.47179257, -28.14430873], [-50.47186951, -28.14446512], [-50.47149565, -28.14523454], [-50.47168192, -28.14619464], [-50.47149146, -28.1467461], [-50.47127425, -28.14685093], [-50.47129994, -28.14701176], [-50.47038423, -28.1473002], [-50.47023312, -28.1481034], [-50.47065604, -28.14947893], [-50.47016151, -28.1504648], [-50.4702757, -28.1506507], [-50.46992309, -28.15098998], [-50.4690326, -28.1507414], [-50.46570856, -28.15164895], [-50.46552915, -28.15229864], [-50.46589653, -28.15359197], [-50.46498918, -28.15368446], [-50.46504694, -28.15538314], [-50.46532251, -28.15599038], [-50.46500697, -28.15646214], [-50.46589608, -28.15705144], [-50.46598323, -28.1575278], [-50.46910011, -28.16017331], [-50.46906142, -28.16106288], [-50.46787734, -28.16211057], [-50.46719768, -28.16218508], [-50.46677965, -28.1624151], [-50.46648426, -28.16281728], [-50.46639307, -28.16339933], [-50.4665899, -28.16372788], [-50.48149092, -28.16106391], [-50.47957688, -28.1604187], [-50.47849881, -28.15949901], [-50.47783149, -28.15816565], [-50.47775902, -28.15697955], [-50.47804088, -28.15600119], [-50.47859213, -28.15516754], [-50.47939084, -28.15445661], [-50.48255467, -28.15231585], [-50.48322419, -28.15130929], [-50.4854555, -28.13786323]]]}}, {"type": "Feature", "properties": {"cod_imovel": "SC-4209300-8E30356FE85B45B0B8A3FC149EF568A0", "municipio": "Lages", "num_area": 93.1743, "mod_fiscal": 4.6587, "des_condic": "Aguardando analise", "ind_status": "AT", "dat_atuali": "24/06/2021"}, "geometry": {"type": "Polygon", "coordinates": [[[-50.36611933255378, -28.10685943096093], [-50.36983851503263, -28.09582333431857], [-50.36555909724632, -28.09085445261532], [-50.36029901017339, -28.10316933518696], [-50.36061767769831, -28.10345307025065], [-50.36126669795834, -28.1047190572874], [-50.36152648800498, -28.1053363452936], [-50.36165025058912, -28.10658668748027], [-50.36211182272064, -28.1071124513982], [-50.36251082178391, -28.10728016534083], [-50.36360545711767, -28.10664499868187], [-50.36533750431543, -28.10663503633322], [-50.36611933255378, -28.10685943096093]]]}}, {"type": "Feature", "properties": {"cod_imovel": "SC-4209300-AB1AD3F7822C4A7DBA112839DD3A6E75", "municipio": "Lages", "num_area": 1.7779, "mod_fiscal": 0.0889, "des_condic": "Aguardando analise", "ind_status": "AT", "dat_atuali": "08/11/2022"}, "geometry": {"type": "Polygon", "coordinates": [[[-50.443425178527825, -28.161540162042773], [-50.44229811020414, -28.159642091629006], [-50.441644321975765, -28.16041170671592], [-50.441654920578, -28.160868587882582], [-50.44223427772522, -28.161048305324318], [-50.44254541397095, -28.161459762541405], [-50.443425178527825, -28.161540162042773]]]}}, {"type": "Feature", "properties": {"cod_imovel": "SC-4209300-2BAD7B80FDCF412488F1DC56B9E6EA96", "municipio": "Lages", "num_area": 157.0046, "mod_fiscal": 7.8502, "des_condic": "Aguardando analise", "ind_status": "AT", "dat_atuali": "12/12/2022"}, "geometry": {"type": "Polygon", "coordinates": [[[-50.51244898, -28.13798311], [-50.49470671, -28.12252627], [-50.49191171, -28.12379599], [-50.4909926, -28.1278483], [-50.48965129, -28.1289609], [-50.50381212, -28.13599897], [-50.50847818, -28.13857038], [-50.50825012, -28.1389282], [-50.50867218, -28.13896252], [-50.50883558, -28.13920589], [-50.50915458, -28.13896246], [-50.50940888, -28.13908942], [-50.51358577, -28.14197197], [-50.51388984, -28.14178303], [-50.51410316, -28.14188859], [-50.51691449, -28.13949873], [-50.51684335, -28.13922375], [-50.51478852, -28.1370212], [-50.51370375, -28.1362258], [-50.51244898, -28.13798311]]]}}, {"type": "Feature", "properties": {"cod_imovel": "SC-4209300-ACD90A9B002F440BA5BB0581816D07DE", "municipio": "Lages", "num_area": 76.2837, "mod_fiscal": 3.8142, "des_condic": "Aguardando analise", "ind_status": "AT", "dat_atuali": "02/02/2024"}, "geometry": {"type": "Polygon", "coordinates": [[[-50.27105447530023, -28.20202506432873], [-50.26582890992999, -28.19908546678163], [-50.25837349740161, -28.20523928729176], [-50.25746065267903, -28.20419092805463], [-50.25428685198668, -28.20590875120777], [-50.25459384370033, -28.20606988723812], [-50.25470796350535, -28.20632631506649], [-50.2545549431192, -28.20704058463636], [-50.25424774569773, -28.20753144888283], [-50.25360961945399, -28.20786779442802], [-50.25238901091696, -28.20996206552496], [-50.24947468290239, -28.20746209930452], [-50.24766022656578, -28.21210968843834], [-50.25191655340403, -28.21179478150417], [-50.25267760203398, -28.21120392766026], [-50.25314617427848, -28.20996752366969], [-50.25640226125665, -28.20791442986554], [-50.2569609342141, -28.20773859672365], [-50.25761794308961, -28.20651361048884], [-50.25889771528368, -28.20628925915291], [-50.25981713301208, -28.20633171801103], [-50.2604383296787, -28.20575692210884], [-50.26176482025836, -28.20588493983708], [-50.26308339520326, -28.20525924478117], [-50.26358733636039, -28.20535144543167], [-50.26406618022413, -28.20567031662499], [-50.26504903182393, -28.20556738046207], [-50.26603198107146, -28.20513725755317], [-50.26704515781596, -28.20504356188964], [-50.26782975382014, -28.20373928224884], [-50.26948062172832, -28.20268737392704], [-50.27105447530023, -28.20202506432873]]]}}, {"type": "Feature", "properties": {"cod_imovel": "SC-4209300-537C2784AF254F93AFB9B9DD7B0C5729", "municipio": "Lages", "num_area": 93.5052, "mod_fiscal": 4.6753, "des_condic": "Aguardando analise", "ind_status": "AT", "dat_atuali": "31/01/2024"}, "geometry": {"type": "Polygon", "coordinates": [[[-50.32021905, -27.99582279], [-50.31868469, -27.99770455], [-50.31885204, -27.99869716], [-50.31963215, -28.00003761], [-50.31973455, -28.00072069], [-50.31958078, -28.00259923], [-50.3214151, -28.00592852], [-50.32159456, -28.00672738], [-50.32151004, -28.00735407], [-50.32369707, -28.00883566], [-50.3248965, -28.00898512], [-50.32492304, -28.00925215], [-50.32481413, -28.00926487], [-50.32506589, -28.01018916], [-50.32590333, -28.01007306], [-50.32704694, -28.00966472], [-50.32766306, -28.00852806], [-50.32816417, -28.00841972], [-50.32968528, -28.00651361], [-50.33059889, -28.00588444], [-50.33023434, -28.00546765], [-50.33011466, -28.00483771], [-50.32810021, -28.00261627], [-50.32718553, -28.0028038], [-50.32692705, -28.00258282], [-50.32621137, -28.00253129], [-50.32615959, -28.00215787], [-50.32563962, -28.00152921], [-50.32550119, -28.00082957], [-50.32472356, -27.99973792], [-50.32419421, -27.99817167], [-50.32302402, -27.99692308], [-50.32057673, -27.99607873], [-50.32021905, -27.99582279]]]}}, {"type": "Feature", "properties": {"cod_imovel": "SC-4209300-80546F5628344BA984F0487C8EAEF599", "municipio": "Lages", "num_area": 54.079, "mod_fiscal": 2.704, "des_condic": "Aguardando analise", "ind_status": "AT", "dat_atuali": "11/10/2023"}, "geometry": {"type": "Polygon", "coordinates": [[[-50.2854285, -28.13604029], [-50.28951529, -28.13801151], [-50.29010969, -28.13591061], [-50.29187116, -28.13461585], [-50.29465459, -28.13222472], [-50.29597029, -28.13136334], [-50.29261972, -28.12943089], [-50.29214462, -28.1281331], [-50.29237267, -28.12467527], [-50.2854285, -28.13604029]]]}}, {"type": "Feature", "properties": {"cod_imovel": "SC-4209300-CCC9CA0DA8DC43E88F53D80882AAB744", "municipio": "Lages", "num_area": 99.6023, "mod_fiscal": 4.9801, "des_condic": "Aguardando analise", "ind_status": "AT", "dat_atuali": "22/08/2023"}, "geometry": {"type": "Polygon", "coordinates": [[[-50.29456562, -28.092285], [-50.29923159, -28.09117412], [-50.2945633, -28.07595899], [-50.28802385, -28.07815783], [-50.29456562, -28.092285]]]}}, {"type": "Feature", "properties": {"cod_imovel": "SC-4209300-1F96098B62174F5EB6938D794F424973", "municipio": "Lages", "num_area": 96.8636, "mod_fiscal": 4.8432, "des_condic": "Aguardando analise", "ind_status": "AT", "dat_atuali": "31/07/2023"}, "geometry": {"type": "Polygon", "coordinates": [[[-50.42939152, -28.22420582], [-50.42945197, -28.22166981], [-50.42984206, -28.21929378], [-50.43046183, -28.21685127], [-50.43013565, -28.21604179], [-50.43004125, -28.21402766], [-50.43063132, -28.21284943], [-50.43117728, -28.21222405], [-50.43075335, -28.21010055], [-50.42991696, -28.20823392], [-50.42932289, -28.20917231], [-50.42892254, -28.20948012], [-50.42888285, -28.20983493], [-50.4279481, -28.21030122], [-50.42777216, -28.21109604], [-50.42618477, -28.21357583], [-50.42358214, -28.21525328], [-50.42281957, -28.21526716], [-50.4212591, -28.2230179], [-50.42939152, -28.22420582]]]}}, {"type": "Feature", "properties": {"cod_imovel": "SC-4209300-46A7C48BF41A47A38CCDC256EC128498", "municipio": "Lages", "num_area": 400.7505, "mod_fiscal": 20.0375, "des_condic": "Aguardando analise", "ind_status": "AT", "dat_atuali": "17/05/2023"}, "geometry": {"type": "Polygon", "coordinates": [[[-50.48414147, -28.15171513], [-50.48313546, -28.15308101], [-50.47993867, -28.15522268], [-50.47905238, -28.156213], [-50.47875309, -28.15740024], [-50.47890128, -28.15822022], [-50.47938164, -28.15903929], [-50.48013557, -28.15966388], [-50.48122808, -28.1600757], [-50.48402778, -28.16053764], [-50.48520566, -28.16111801], [-50.50120974, -28.16000387], [-50.50088632, -28.15577874], [-50.50062952, -28.15515614], [-50.50101362, -28.15263388], [-50.50101849, -28.15158407], [-50.50051709, -28.14648445], [-50.50111665, -28.14562622], [-50.50024135, -28.14474478], [-50.49907205, -28.14407364], [-50.49846996, -28.14290486], [-50.49679537, -28.14171218], [-50.49580067, -28.14031686], [-50.49326543, -28.13886322], [-50.49223275, -28.13755337], [-50.49146342, -28.13689737], [-50.49114946, -28.13698354], [-50.4906898, -28.13656164], [-50.48941636, -28.13677453], [-50.48810904, -28.13664177], [-50.48656518, -28.13731033], [-50.48414147, -28.15171513]]]}}, {"type": "Feature", "properties": {"cod_imovel": "SC-4209300-1DC032B9A09B4BA19D3A64C4D73BF443", "municipio": "Lages", "num_area": 9.8305, "mod_fiscal": 0.4915, "des_condic": "Aguardando analise", "ind_status": "AT", "dat_atuali": "05/05/2016"}, "geometry": {"type": "Polygon", "coordinates": [[[-50.3518418, -28.04255795], [-50.34681478, -28.043024], [-50.34689011, -28.04381394], [-50.34731729, -28.04444162], [-50.34788236, -28.04605755], [-50.34855767, -28.04527462], [-50.34932639, -28.04505805], [-50.34928706, -28.04451914], [-50.35022481, -28.04462731], [-50.35052536, -28.04446867], [-50.35113005, -28.04347599], [-50.3517522, -28.04322891], [-50.35206338, -28.04286162], [-50.3518418, -28.04255795]]]}}, {"type": "Feature", "properties": {"cod_imovel": "SC-4209300-CA5E5D6785DB45728AFE387249ED2DA4", "municipio": "Lages", "num_area": 326.3543, "mod_fiscal": 16.3177, "des_condic": "Aguardando analise", "ind_status": "AT", "dat_atuali": "16/03/2016"}, "geometry": {"type": "Polygon", "coordinates": [[[-50.28147566, -28.25121335], [-50.28299917, -28.25102539], [-50.28398063, -28.25129945], [-50.28476341, -28.25081525], [-50.28573559, -28.24964342], [-50.28607475, -28.24899965], [-50.28771397, -28.24843155], [-50.28867325, -28.24751416], [-50.29029746, -28.24460077], [-50.28953425, -28.24317897], [-50.28574925, -28.24155401], [-50.28302732, -28.23940296], [-50.28211688, -28.23978171], [-50.28141899, -28.2397229], [-50.28015711, -28.2390376], [-50.27656764, -28.23770726], [-50.27326796, -28.23612316], [-50.27159156, -28.23636893], [-50.27034813, -28.23714628], [-50.26880552, -28.23871038], [-50.26460684, -28.23903999], [-50.25802206, -28.24047944], [-50.25688668, -28.24181091], [-50.25870382, -28.24300097], [-50.25906715, -28.24387305], [-50.26058331, -28.24542103], [-50.2615795, -28.24604582], [-50.26475738, -28.24713097], [-50.26870997000001, -28.24759793], [-50.26981167, -28.24819831], [-50.27269078, -28.24868683], [-50.27976985, -28.25227083], [-50.28085561, -28.25181814], [-50.28147566, -28.25121335]]]}}, {"type": "Feature", "properties": {"cod_imovel": "SC-4209300-E2EB8A17A4D44CBFAD84BA92B29B14C7", "municipio": "Lages", "num_area": 625.3092, "mod_fiscal": 31.2655, "des_condic": "Aguardando analise", "ind_status": "AT", "dat_atuali": "23/05/2023"}, "geometry": {"type": "Polygon", "coordinates": [[[-50.27922436, -28.13308748], [-50.27786553, -28.1353143], [-50.27542704, -28.13870438], [-50.27047612, -28.14654908], [-50.27134373, -28.14685642], [-50.27335186, -28.14918442], [-50.27614758, -28.15132682], [-50.27846101, -28.15277713], [-50.27989787, -28.15313272], [-50.28166617, -28.15548367], [-50.28197817, -28.15565155], [-50.28214764, -28.1560503], [-50.28259417, -28.15640826], [-50.28287617, -28.15720119], [-50.28331602, -28.1576851], [-50.28432359, -28.15782961], [-50.28513661, -28.15858738], [-50.2863236, -28.15920936], [-50.28773403, -28.15914439], [-50.28806539, -28.1596674], [-50.28810245, -28.16013461], [-50.28932219, -28.16129441], [-50.29006068, -28.16113762], [-50.29070918, -28.16054544], [-50.29261443, -28.15983758], [-50.29292413, -28.1595074], [-50.29337715, -28.15935489], [-50.29374659, -28.15953328], [-50.29443321, -28.1595055], [-50.29460066, -28.1593641], [-50.29474817, -28.15848039], [-50.29543054, -28.15792093], [-50.29580405, -28.15718071], [-50.29630907, -28.15670018], [-50.29676283, -28.15654979], [-50.29750446, -28.15665528], [-50.2974643, -28.15692888], [-50.29791427, -28.15752883], [-50.29895276, -28.15806051], [-50.30132485, -28.15822874], [-50.30186788, -28.15739739], [-50.3039893, -28.15690161], [-50.30484128, -28.1554442], [-50.30545355, -28.15496158], [-50.30660278, -28.15471779], [-50.30684693, -28.15387181], [-50.30727712, -28.15336688], [-50.30632805, -28.15306527], [-50.30640278, -28.152175], [-50.3059925, -28.15159306], [-50.30516862, -28.14926], [-50.30481445, -28.14912944], [-50.30341972, -28.14957833], [-50.302683, -28.14904111], [-50.30118444, -28.14712806], [-50.30050139, -28.14669361], [-50.29983278, -28.14581528], [-50.30085222, -28.14021806], [-50.29054566, -28.13850187], [-50.27922436, -28.13308748]]]}}, {"type": "Feature", "properties": {"cod_imovel": "SC-4209300-DE064B01F2304014859885281193BDF4", "municipio": "Lages", "num_area": 134.657, "mod_fiscal": 6.7329, "des_condic": "Aguardando analise", "ind_status": "AT", "dat_atuali": "26/03/2015"}, "geometry": {"type": "Polygon", "coordinates": [[[-50.46224355697632, -28.091290561732997], [-50.46318769454956, -28.089492203779127], [-50.456600189208984, -28.08909466795507], [-50.45644351668005, -28.09047254697847], [-50.45539855957031, -28.090590152217036], [-50.455055236816406, -28.09369463530671], [-50.45511183737857, -28.09455266258435], [-50.45490503311157, -28.09498183366932], [-50.45490503311157, -28.09541720609234], [-50.4546046257019, -28.095795789372424], [-50.45437545309203, -28.09767443684257], [-50.45396089553833, -28.098616192773807], [-50.45373245042109, -28.09986528305945], [-50.453360080718994, -28.100774035257302], [-50.45175075531006, -28.10240185262624], [-50.4514718055725, -28.10334824672041], [-50.45076370239258, -28.104332487722843], [-50.45552524315312, -28.10650377333573], [-50.45724391937256, -28.107512281558723], [-50.45795202255249, -28.10734193784973], [-50.45893907546997, -28.10637665172268], [-50.45999050140381, -28.10471103955031], [-50.46039819717407, -28.10435141534594], [-50.46125650405884, -28.10440819819519], [-50.460591316223145, -28.101682587531684], [-50.460591316223145, -28.09941119242138], [-50.46112775802612, -28.097556184082045], [-50.461063385009766, -28.094451812683666], [-50.46224355697632, -28.091290561732997]]]}}, {"type": "Feature", "properties": {"cod_imovel": "SC-4209300-71043899B9B44EF28C5F5F4E2965B01C", "municipio": "Lages", "num_area": 528.6836, "mod_fiscal": 26.4342, "des_condic": "Aguardando analise", "ind_status": "AT", "dat_atuali": "30/11/2016"}, "geometry": {"type": "Polygon", "coordinates": [[[-50.304057598114014, -28.060108448429006], [-50.301053524017334, -28.05671895458896], [-50.3001656887864, -28.05739319920113], [-50.29845714569092, -28.058252761130124], [-50.29762029647827, -28.059048059609598], [-50.29575815588458, -28.05957077746354], [-50.29532432556152, -28.05940783556013], [-50.29470205307007, -28.059426771103123], [-50.29274940490723, -28.058593604056128], [-50.29234170913696, -28.05808233926185], [-50.29111862182617, -28.057949788733062], [-50.29002293065032, -28.05734019032858], [-50.28955445775996, -28.05687596783335], [-50.28950929641723, -28.055980447338012], [-50.28770171839773, -28.05733507409757], [-50.2870272519619, -28.05764442292676], [-50.28610848076941, -28.05884433862213], [-50.28609197654981, -28.06082191019684], [-50.28439482237, -28.06211170780825], [-50.28384553297592, -28.06406987371219], [-50.28294299418509, -28.06568091627978], [-50.28281022791933, -28.06631960550555], [-50.28287929244473, -28.06745144245039], [-50.28175841309052, -28.06915891617308], [-50.2828574180603, -28.071014697641424], [-50.28294324874877, -28.0715069675023], [-50.28268575668335, -28.07199923510757], [-50.28151247758887, -28.07237701102218], [-50.28034687042236, -28.072131768308225], [-50.27923107147217, -28.07249150045721], [-50.27899503707885, -28.073741086983507], [-50.27961493960343, -28.07554059430773], [-50.27943356623407, -28.07691096674009], [-50.27985534213538, -28.07790705103192], [-50.28003968550343, -28.07920711713471], [-50.28088331222534, -28.08110577891858], [-50.30609607696533, -28.072851231401636], [-50.3098726272583, -28.06942427190648], [-50.31090259552001, -28.06906452948733], [-50.312018394470215, -28.067739152286777], [-50.313735008239746, -28.065220890566483], [-50.30890703201293, -28.062626829948606], [-50.30667543411255, -28.061850493064913], [-50.304057598114014, -28.060108448429006]]]}}, {"type": "Feature", "properties": {"cod_imovel": "SC-4209300-B2CE3360A3C24329A7E38CF09EAE10EF", "municipio": "Lages", "num_area": 99.6469, "mod_fiscal": 4.9823, "des_condic": "Aguardando analise", "ind_status": "AT", "dat_atuali": "10/02/2017"}, "geometry": {"type": "Polygon", "coordinates": [[[-50.318734645843506, -28.05946464217908], [-50.31639575958252, -28.055658532333247], [-50.316267013549805, -28.0536134027301], [-50.31521558761597, -28.051946972067594], [-50.31487226486206, -28.050640320869544], [-50.314829349517815, -28.049826022961643], [-50.31517267227172, -28.048803407552256], [-50.31417804277838, -28.048064369002], [-50.31362326354239, -28.04822095410029], [-50.31168601860726, -28.04960731899926], [-50.31169089588023, -28.05099563484168], [-50.3121462751863, -28.05135350359247], [-50.31226660583227, -28.05165383744493], [-50.31206240057015, -28.05193725571427], [-50.31151677740907, -28.05219329874706], [-50.310494899749756, -28.05224996138186], [-50.30888557434082, -28.05145461261092], [-50.30741786582538, -28.05114554957703], [-50.3071071904308, -28.05138956433006], [-50.30692276003065, -28.05189350609134], [-50.30669689178467, -28.053367227099063], [-50.30541594516444, -28.05298493434297], [-50.3050878362253, -28.05305988273288], [-50.30459403991699, -28.05365127585407], [-50.315237045288086, -28.062778309662306], [-50.316009521484375, -28.060733315513257], [-50.317533016204834, -28.06035460862312], [-50.318734645843506, -28.05946464217908]]]}}, {"type": "Feature", "properties": {"cod_imovel": "SC-4209300-D053ABE689344B33A841D83E6B568078", "municipio": "Lages", "num_area": 13.2549, "mod_fiscal": 0.6627, "des_condic": "Aguardando analise", "ind_status": "AT", "dat_atuali": "13/04/2016"}, "geometry": {"type": "Polygon", "coordinates": [[[-50.40853256029217, -28.05603832375705], [-50.40381434541319, -28.05128200011678], [-50.40250341769595, -28.05238366959816], [-50.40582487444115, -28.05654601052282], [-50.40853256029217, -28.05603832375705]]]}}, {"type": "Feature", "properties": {"cod_imovel": "SC-4209300-3F4F4A62603B4BA7937460E7675D7947", "municipio": "Lages", "num_area": 1241.398, "mod_fiscal": 62.0699, "des_condic": "Aguardando analise", "ind_status": "AT", "dat_atuali": "24/08/2015"}, "geometry": {"type": "Polygon", "coordinates": [[[-50.25213752062456, -28.18889647449271], [-50.25063579294763, -28.18945663195812], [-50.24888158492225, -28.18983824023636], [-50.24745118191013, -28.19094580235077], [-50.2462156856746, -28.1914147847846], [-50.24594912311894, -28.19197899154864], [-50.24534249392245, -28.1925355814501], [-50.24562747175978, -28.19495127710313], [-50.24568062106818, -28.19523086001789], [-50.25432662685542, -28.19903030328105], [-50.25293315443268, -28.20246585298431], [-50.25348491604757, -28.20312866542402], [-50.25379483543386, -28.20392811131789], [-50.25453430184879, -28.20459174391174], [-50.25479382297612, -28.2050784587464], [-50.25508579938002, -28.20599720350945], [-50.25499737872667, -28.20670120752691], [-50.25730821561606, -28.20552792338358], [-50.25801956986695, -28.20545711073732], [-50.25879224714064, -28.20471641972592], [-50.26038610115739, -28.20382844466802], [-50.26693248768864, -28.20462187626942], [-50.26737861223595, -28.2040392301894], [-50.26852327827007, -28.20311576893029], [-50.26611565461715, -28.20242303588857], [-50.25998867351924, -28.19649458020338], [-50.25993196255575, -28.19586735659324], [-50.26021777828722, -28.19470480646593], [-50.26145478442154, -28.19400440196111], [-50.26214829501159, -28.19326474469668], [-50.26246457998106, -28.19199330626977], [-50.26409246223166, -28.1924247427898], [-50.26491993429599, -28.19287070199736], [-50.26548907495878, -28.19351245233371], [-50.26712618776242, -28.19412156582301], [-50.26854122633445, -28.19514259332132], [-50.2707520165404, -28.19711266581246], [-50.27233815223759, -28.19809038919246], [-50.27322223294807, -28.19915020963288], [-50.27307623698363, -28.19932939613679], [-50.27377083763748, -28.19925462313067], [-50.27429775338474, -28.19942676609679], [-50.27755272944181, -28.2019652090137], [-50.27820119633107, -28.20226197494513], [-50.27876494937151, -28.20219449829865], [-50.27969976443408, -28.20157622158737], [-50.28042356815682, -28.20162992353694], [-50.28152140497224, -28.20227536412581], [-50.28231306400348, -28.20251705406063], [-50.28336074490467, -28.20253551577226], [-50.28408494670582, -28.20237061651896], [-50.28707002794434, -28.19888244570901], [-50.28922590129948, -28.19749730740289], [-50.28966363593089, -28.19628037513633], [-50.29046360630416, -28.19496988288174], [-50.28886882943192, -28.19249019894699], [-50.2874883715529, -28.19086158923899], [-50.28711343124931, -28.18916082037146], [-50.28613861455199, -28.18669722171937], [-50.28496937226493, -28.18578626031267], [-50.28392724174114, -28.18456617705991], [-50.28232541927711, -28.1834584146382], [-50.28203084083767, -28.18298830527042], [-50.28151862094007, -28.18036772400184], [-50.28004368520449, -28.17672996678112], [-50.27966589118181, -28.1752877933126], [-50.27970947903007, -28.17414439790744], [-50.27935882832381, -28.17284298346794], [-50.27930436234908, -28.17130008388076], [-50.27905121236898, -28.17073784304273], [-50.27772051573683, -28.16939623786687], [-50.27668999653585, -28.16861904573093], [-50.2746357876679, -28.16773754847113], [-50.27364823702415, -28.16588661174539], [-50.27288039727091, -28.16502954128377], [-50.27247434550095, -28.1648557443839], [-50.27240110752537, -28.16498887581675], [-50.27202447382726, -28.16493169222442], [-50.27130007606523, -28.16441365719715], [-50.27028591948131, -28.16437777939432], [-50.26901414432885, -28.16401822505528], [-50.26841860910948, -28.16420505002677], [-50.26843769529393, -28.1636022856196], [-50.26739526076206, -28.16326299210747], [-50.26513776254903, -28.16331122761643], [-50.2639685026368, -28.16285241736441], [-50.26268365849671, -28.16163798371461], [-50.26283713496557, -28.16088934994692], [-50.26042815120712, -28.15946488311215], [-50.26007890591797, -28.15891332729414], [-50.25971968909431, -28.15749333323886], [-50.25869799211537, -28.1565292643552], [-50.25795105655997, -28.15552253814692], [-50.25759653495934, -28.15437891749164], [-50.25514930684833, -28.15622588551728], [-50.25471248835338, -28.15695531044084], [-50.25369275144875, -28.15750336405832], [-50.25355230161153, -28.15795543029395], [-50.25384407683614, -28.15805163731151], [-50.25451549452575, -28.15906505190539], [-50.25528168386419, -28.15984828263989], [-50.25574548065495, -28.16008923352427], [-50.25607296957779, -28.16090331255715], [-50.25727328033843, -28.16165225085826], [-50.25767060225462, -28.16172446960057], [-50.25741117015911, -28.16222327573997], [-50.25731890049397, -28.16352160330035], [-50.25797185619201, -28.16488291391929], [-50.25291546062969, -28.16429079216979], [-50.25162437909981, -28.16373354258086], [-50.25044051617713, -28.16548406105662], [-50.24986333780877, -28.16506986377343], [-50.24955241504555, -28.16511580320151], [-50.2488757266297, -28.16468580152229], [-50.24852838921368, -28.16532685523027], [-50.24662765069469, -28.16654458413312], [-50.24695739149508, -28.16693913834734], [-50.24731006240245, -28.16703697873139], [-50.24770643059572, -28.1668161291679], [-50.24808888120956, -28.16691769865995], [-50.24864095370319, -28.1672709171412], [-50.25180132389821, -28.16828813521605], [-50.25366500367479, -28.16920269805319], [-50.25707774617074, -28.17012211715279], [-50.25729899775904, -28.17035303545605], [-50.25735885603383, -28.17073853118021], [-50.25767326013049, -28.17062097055963], [-50.25831037092752, -28.17098727159605], [-50.25916145345655, -28.17110550443922], [-50.25213752062456, -28.18889647449271]]]}}, {"type": "Feature", "properties": {"cod_imovel": "SC-4209300-C70AD0F4C1A543288BCBE10705EDE708", "municipio": "Lages", "num_area": 270.7126, "mod_fiscal": 13.5356, "des_condic": "Aguardando analise", "ind_status": "AT", "dat_atuali": "27/08/2015"}, "geometry": {"type": "Polygon", "coordinates": [[[-50.31184673309326, -28.103244143778678], [-50.308992862701416, -28.09835119158247], [-50.308274030685425, -28.096439377883762], [-50.30707508325577, -28.094160773261386], [-50.301053524017334, -28.095294166238777], [-50.290775299072266, -28.097717078932487], [-50.28721332550049, -28.100054759250835], [-50.28639793395996, -28.10412428364841], [-50.288779735565186, -28.105051735052985], [-50.29046416282654, -28.105903469076186], [-50.292041301727295, -28.10700124962023], [-50.29269576072693, -28.107199984552253], [-50.29494881629944, -28.10848702091322], [-50.29649376869202, -28.108524874690065], [-50.29785633087158, -28.109007509173917], [-50.29814600944519, -28.108884484903864], [-50.29865026473999, -28.109158923466456], [-50.301010608673096, -28.1080895554498], [-50.30169725418091, -28.108051701519347], [-50.30221223831177, -28.108108482410028], [-50.30251264572143, -28.10859111876739], [-50.3033173084259, -28.10871414337392], [-50.30388593673706, -28.108619509073748], [-50.30457258224487, -28.10792867615306], [-50.30558109283447, -28.106480751624808], [-50.30731916427612, -28.105364038313326], [-50.30856370925903, -28.105222082398598], [-50.310527086257935, -28.104673184427668], [-50.31184673309326, -28.103244143778678]]]}}, {"type": "Feature", "properties": {"cod_imovel": "SC-4209300-16F416578E164ED98EFD83AA1A974486", "municipio": "Lages", "num_area": 176.6063, "mod_fiscal": 8.8303, "des_condic": "Aguardando analise", "ind_status": "AT", "dat_atuali": "28/12/2015"}, "geometry": {"type": "Polygon", "coordinates": [[[-50.31113015879296, -28.10360007927162], [-50.31360023322586, -28.10203778254351], [-50.31245003210093, -28.09826388940397], [-50.3104507748125, -28.09269638754783], [-50.30681761439467, -28.09427646337764], [-50.30094705148126, -28.09528424114686], [-50.29665470123291, -28.09651509392546], [-50.30119276408597, -28.107970380279], [-50.30172951674734, -28.1078357599845], [-50.30329008625072, -28.10876033105788], [-50.30403077637369, -28.10852309858332], [-50.30478418392937, -28.10791040250858], [-50.30527208123353, -28.10724685388561], [-50.3054389421451, -28.10660210356674], [-50.30604531024005, -28.10561735392058], [-50.30973551580889, -28.10481914190291], [-50.31063419327003, -28.10449486342742], [-50.31113015879296, -28.10360007927162]]]}}, {"type": "Feature", "properties": {"cod_imovel": "SC-4209300-2E8F56DD5FEE4E4AA0E253E65A968651", "municipio": "Lages", "num_area": 144.5119, "mod_fiscal": 7.2256, "des_condic": "Aguardando analise", "ind_status": "AT", "dat_atuali": "19/12/2016"}, "geometry": {"type": "Polygon", "coordinates": [[[-50.2618150658463, -27.99672476298594], [-50.26856906735966, -28.01192168660481], [-50.26948421872093, -28.012081156515258], [-50.27014730247269, -28.012684992839258], [-50.2715760874841, -28.013036161858995], [-50.27239216439513, -28.012974524922086], [-50.27273829499068, -28.01242959915036], [-50.27296710901211, -28.011466288258777], [-50.2737470006172, -28.01027407931476], [-50.27404877531593, -28.01024407931332], [-50.274573722944105, -28.0098013742807], [-50.27556004011661, -28.009553913527075], [-50.27725739991413, -28.00979547104899], [-50.26623047414169, -27.99323458115279], [-50.2618150658463, -27.99672476298594]]]}}, {"type": "Feature", "properties": {"cod_imovel": "SC-4209300-907C5B6A89A2466884B9B6D5E4DF5F2C", "municipio": "Lages", "num_area": 731.7868, "mod_fiscal": 36.5893, "des_condic": "Aguardando analise", "ind_status": "AT", "dat_atuali": "16/08/2022"}, "geometry": {"type": "Polygon", "coordinates": [[[-50.34615889, -28.09874806], [-50.34231662750244, -28.12236899754111], [-50.35081722000001, -28.12675222], [-50.36813083, -28.13337083], [-50.36842056, -28.12619083], [-50.37465444, -28.11663722], [-50.37481082999999, -28.11450472], [-50.37263631820679, -28.11093802539328], [-50.37098407745361, -28.1095185315546], [-50.368473529815674, -28.108420776771585], [-50.36608889, -28.10706306], [-50.36532056, -28.10683528], [-50.36386306, -28.10688111], [-50.36232054233551, -28.107441305046176], [-50.361521244049065, -28.10635772445689], [-50.36045917, -28.1035525], [-50.359955, -28.10350306], [-50.35759778000001, -28.10482778], [-50.35714387893677, -28.10442712580494], [-50.35544872283935, -28.104767822209226], [-50.34636528, -28.09905722], [-50.34615889, -28.09874806]]]}}, {"type": "Feature", "properties": {"cod_imovel": "SC-4209300-FBF07C87A5A548499E1A9A8A229AB7ED", "municipio": "Lages", "num_area": 875.645, "mod_fiscal": 43.7822, "des_condic": "Aguardando analise", "ind_status": "AT", "dat_atuali": "04/09/2014"}, "geometry": {"type": "Polygon", "coordinates": [[[-50.30785624357844, -28.174834879799832], [-50.30791616018376, -28.178980047913093], [-50.30632740443333, -28.17900005950239], [-50.30621625798618, -28.179194903497027], [-50.30167193502727, -28.17836050740152], [-50.29417971121469, -28.17804980746035], [-50.29285311471454, -28.177681696870177], [-50.291903244550944, -28.177739789695305], [-50.291628866724004, -28.178020671739667], [-50.28961160106607, -28.17684157920866], [-50.28799757725593, -28.176926762960907], [-50.28645808245531, -28.176370025745616], [-50.28424881727359, -28.17693947635095], [-50.282587624891406, -28.178536869108434], [-50.28105249591519, -28.179540640386854], [-50.28184272075527, -28.18285176520999], [-50.28226105491612, -28.183565105505046], [-50.28348906490909, -28.18433366798031], [-50.2859973168456, -28.186789685088527], [-50.2869702264055, -28.189339484309045], [-50.2873425560108, -28.19095479477339], [-50.288532045691035, -28.19227844114944], [-50.2899158302075, -28.19452998664487], [-50.29076334725536, -28.19506221097079], [-50.29199385751425, -28.19530391478369], [-50.29241257686018, -28.19473955810102], [-50.292722565057026, -28.194648023252427], [-50.29400201495438, -28.194731445648348], [-50.295278584930394, -28.19589958580292], [-50.297170914709476, -28.19662283670541], [-50.2990503579959, -28.19758889591847], [-50.299456584806826, -28.197574498567953], [-50.299729031979126, -28.197808645310268], [-50.30064189991451, -28.197888977271713], [-50.30777258098378, -28.197233999222966], [-50.30886649468228, -28.198016240207224], [-50.310208238609256, -28.197897181994133], [-50.31101322737567, -28.198279626834275], [-50.31233844846799, -28.197775995033215], [-50.3129993300553, -28.19821454961723], [-50.314259976231135, -28.19822873232481], [-50.31490509719397, -28.19797121678821], [-50.31564100419757, -28.1984835590888], [-50.316397712701956, -28.198545091754422], [-50.31736960195771, -28.197787740826485], [-50.31811676190892, -28.19605421639633], [-50.31968624067555, -28.195731010895926], [-50.32053679495505, -28.196292054312433], [-50.32081320753538, -28.19675273289057], [-50.32154506582531, -28.196722822286297], [-50.32227437376756, -28.196309628331583], [-50.32342153145253, -28.196289964208795], [-50.32380633200579, -28.196119599635033], [-50.32478370168205, -28.194889485999717], [-50.32660571098239, -28.193357554972305], [-50.326307791250876, -28.191986784319315], [-50.327375125951356, -28.190809275819557], [-50.32757466093078, -28.19075608963694], [-50.327749713190336, -28.189176365080055], [-50.327419696724796, -28.188069548867094], [-50.32639286690674, -28.185925726438864], [-50.325278361822065, -28.181156218424718], [-50.32371094472166, -28.177597796056393], [-50.32321648449619, -28.177655932151005], [-50.32326645430711, -28.17805345736379], [-50.32243365320644, -28.178029380749628], [-50.321527791665005, -28.178593314258965], [-50.320456161474596, -28.17859408759339], [-50.3204975136308, -28.178385875147235], [-50.31998590818468, -28.17785186525492], [-50.31966538895587, -28.177184115510972], [-50.31944080229699, -28.17436442615211], [-50.30785624357844, -28.174834879799832]]]}}, {"type": "Feature", "properties": {"cod_imovel": "SC-4209300-B5903B0AB4B347C2B484883690C35136", "municipio": "Lages", "num_area": 305.3484, "mod_fiscal": 15.2674, "des_condic": "Aguardando analise", "ind_status": "AT", "dat_atuali": "01/07/2016"}, "geometry": {"type": "Polygon", "coordinates": [[[-50.38430931056023, -28.02488040232529], [-50.38584213646147, -28.02351972520645], [-50.386270586976, -28.02328203787434], [-50.38703260467038, -28.02329377513342], [-50.38756808432789, -28.02295756821334], [-50.38982319595143, -28.02029783626912], [-50.38673443296058, -28.01840663474264], [-50.37901678014746, -28.01570123037796], [-50.37649990957478, -28.01519634699665], [-50.37537157686692, -28.01406840094861], [-50.37409110129563, -28.01195931950479], [-50.37124749764342, -28.00813839366435], [-50.37048389392238, -28.00869173254298], [-50.36592958056141, -28.00855104491359], [-50.36731929203869, -28.02660348880453], [-50.37793159656287, -28.02884676912842], [-50.38001265143212, -28.02647045350752], [-50.38312139402566, -28.02825740361195], [-50.38319354218955, -28.02789079492939], [-50.38273108638855, -28.02667256922728], [-50.3834514412542, -28.02612041393439], [-50.38430931056023, -28.02488040232529]]]}}, {"type": "Feature", "properties": {"cod_imovel": "SC-4209300-80BEF3C85CD34E8BBB3440810244A527", "municipio": "Lages", "num_area": 45.6417, "mod_fiscal": 2.2821, "des_condic": "Aguardando analise", "ind_status": "AT", "dat_atuali": "25/12/2017"}, "geometry": {"type": "Polygon", "coordinates": [[[-50.34611394617018, -28.03938178662012], [-50.34626603999992, -28.03902842821654], [-50.34583242952785, -28.03857221976852], [-50.34618783636301, -28.03784593461328], [-50.34005331431884, -28.03471532399729], [-50.33507050287365, -28.03730451842079], [-50.33662170699995, -28.03890759421653], [-50.33640680405504, -28.03909589942666], [-50.33640966877853, -28.03933092922583], [-50.33689501564681, -28.0399007505325], [-50.34012353499997, -28.04094209221648], [-50.34611394617018, -28.03938178662012]]]}}, {"type": "Feature", "properties": {"cod_imovel": "SC-4209300-2C5FA3A5B496494E838D00DD0F7CF482", "municipio": "Lages", "num_area": 3.8868, "mod_fiscal": 0.1943, "des_condic": "Aguardando analise", "ind_status": "AT", "dat_atuali": "01/06/2017"}, "geometry": {"type": "Polygon", "coordinates": [[[-50.24940326703104, -28.12784540209782], [-50.25122216755222, -28.12763119307698], [-50.25015592575073, -28.125794266781266], [-50.24880306227469, -28.12632645458535], [-50.24860140072515, -28.12757678420019], [-50.24940326703104, -28.12784540209782]]]}}, {"type": "Feature", "properties": {"cod_imovel": "SC-4209300-25EA635C261B4B04983CC688A6668BE8", "municipio": "Lages", "num_area": 246.9735, "mod_fiscal": 12.3487, "des_condic": "Aguardando analise", "ind_status": "AT", "dat_atuali": "11/07/2023"}, "geometry": {"type": "Polygon", "coordinates": [[[-50.31892776489258, -28.120817182083478], [-50.31510829925537, -28.101360809481005], [-50.31339168548584, -28.102345068715127], [-50.31210422515869, -28.102875050716808], [-50.31109571456909, -28.103632163320814], [-50.31064510345459, -28.104512300007435], [-50.30609607696533, -28.10561955848647], [-50.304272174835205, -28.107739406083283], [-50.30371427536011, -28.108666826234266], [-50.30433654785156, -28.1100106248794], [-50.304744243621826, -28.11040808322438], [-50.30399322509765, -28.11161937576303], [-50.303757190704346, -28.11245213144797], [-50.30441164970398, -28.115574907677445], [-50.3043258190155, -28.116984858661677], [-50.30406832695007, -28.117694558518465], [-50.3039288520813, -28.118867918645172], [-50.30416488647461, -28.11981416745882], [-50.30480861663818, -28.120533310971943], [-50.305752754211426, -28.1211010524434], [-50.30622482299805, -28.121725564589493], [-50.30813455581665, -28.122615015002054], [-50.307995080947876, -28.122894149514416], [-50.30810236930847, -28.123083392838204], [-50.30871391296387, -28.123504458035033], [-50.31008720397949, -28.12200943254419], [-50.31081676483154, -28.121839111861558], [-50.31193256378174, -28.121044278431544], [-50.31266212463379, -28.120892880919627], [-50.31609535217285, -28.121082127776123], [-50.31892776489258, -28.120817182083478]]]}}, {"type": "Feature", "properties": {"cod_imovel": "SC-4209300-33013BA27AE74E2C933B8B001865064A", "municipio": "Lages", "num_area": 99.9662, "mod_fiscal": 4.9983, "des_condic": "Aguardando analise", "ind_status": "AT", "dat_atuali": "20/06/2023"}, "geometry": {"type": "Polygon", "coordinates": [[[-50.31923134016944, -28.0872567901657], [-50.31162333, -28.0751975], [-50.30866889, -28.07709528000002], [-50.30943194, -28.07929361000001], [-50.30591250000001, -28.08155972], [-50.30656417, -28.08327610999999], [-50.309675, -28.08481139], [-50.31184443999999, -28.08764750000001], [-50.31424556000002, -28.09025778], [-50.31923134016944, -28.0872567901657]]]}}, {"type": "Feature", "properties": {"cod_imovel": "SC-4209300-119FE49F6DD44B6C8D255463C4EF9CFB", "municipio": "Lages", "num_area": 310.0087, "mod_fiscal": 15.5004, "des_condic": "Aguardando analise", "ind_status": "AT", "dat_atuali": "02/06/2016"}, "geometry": {"type": "Polygon", "coordinates": [[[-50.37349462509155, -28.05266657029487], [-50.37409543991089, -28.05349978327813], [-50.373923778533936, -28.053954260365586], [-50.37381649017334, -28.055620659916364], [-50.37400960922241, -28.05747639265312], [-50.37053346633911, -28.05759000790243], [-50.36856917212718, -28.0569640771655], [-50.36701440811157, -28.057779366384437], [-50.3633333926969, -28.06275164215913], [-50.36423685761017, -28.06341484738848], [-50.36489937455324, -28.06570797431587], [-50.36528206406893, -28.06615503751596], [-50.36650692416148, -28.06632524703875], [-50.36790075605419, -28.06732246869207], [-50.36985874080232, -28.06917082984536], [-50.37033471697042, -28.06988630447742], [-50.37030640138353, -28.07050089811816], [-50.37153550847571, -28.0718561548325], [-50.38426154141929, -28.07281548832749], [-50.38421173708471, -28.07186968671153], [-50.38395148117688, -28.07132528195431], [-50.3851047664567, -28.06992317136099], [-50.38465426563097, -28.06926832214953], [-50.3840175586332, -28.06707145288418], [-50.38341853395129, -28.06665191305726], [-50.38361984261695, -28.06596759137642], [-50.3847656863431, -28.06584055849195], [-50.38501163717162, -28.06521225387896], [-50.38536176175282, -28.06505055352826], [-50.38560264904159, -28.0644672172659], [-50.38559675216675, -28.064028009153684], [-50.38406085216169, -28.06013564875612], [-50.3822922706604, -28.058593604056128], [-50.37988901138306, -28.056150872538527], [-50.3756356620809, -28.05150864905235], [-50.37349462509155, -28.05266657029487]]]}}, {"type": "Feature", "properties": {"cod_imovel": "SC-4209300-16151AC946CE4153BCEC49C130E6E5D5", "municipio": "Lages", "num_area": 80.0908, "mod_fiscal": 4.0045, "des_condic": "Aguardando analise", "ind_status": "AT", "dat_atuali": "17/08/2017"}, "geometry": {"type": "Polygon", "coordinates": [[[-50.4302174, -28.1726234992089], [-50.4278146388889, -28.1741366686533], [-50.4280649416667, -28.1744810130977], [-50.4187093611111, -28.1783310603199], [-50.4187824944444, -28.1801000908754], [-50.4196684694444, -28.1818919880976], [-50.4316971805556, -28.1810200575421], [-50.4311142944444, -28.1744536436533], [-50.4302174, -28.1726234992089]]]}}, {"type": "Feature", "properties": {"cod_imovel": "SC-4209300-12995C3F4A534527BCF1125842213C4B", "municipio": "Lages", "num_area": 559.4782, "mod_fiscal": 27.9739, "des_condic": "Aguardando analise", "ind_status": "AT", "dat_atuali": "09/11/2015"}, "geometry": {"type": "Polygon", "coordinates": [[[-50.415521262592, -28.2422501597848], [-50.4144793704001, -28.2439757637643], [-50.4139853505394, -28.2465564686022], [-50.4140512207491, -28.2478043669647], [-50.4143579445885, -28.2488109969815], [-50.4142019828886, -28.2543533104535], [-50.41456345561441, -28.2562211903604], [-50.4146737893654, -28.2579141955971], [-50.4135439236101, -28.2577072184591], [-50.41170629156931, -28.2570335117833], [-50.41088174413719, -28.2572445071495], [-50.4104427640437, -28.2569202243315], [-50.410436639923, -28.25652148135911], [-50.41026259876081, -28.2563381397143], [-50.409769844157, -28.2562143577595], [-50.4097572088364, -28.2558079481184], [-50.4087694570171, -28.255360469662], [-50.4065255111227, -28.2554114779864], [-50.4016325266842, -28.2548181326786], [-50.3922649101373, -28.2539971584221], [-50.3898080416806, -28.26873481368], [-50.39081836707489, -28.269433190112], [-50.3921605892231, -28.270043945601], [-50.39244903793771, -28.2704558153688], [-50.3938110262045, -28.2715124583815], [-50.3942030544005, -28.271509945837], [-50.3951084508749, -28.2709492684564], [-50.39587079047939, -28.2709565490428], [-50.39692027580949, -28.2731291191287], [-50.398833170714, -28.2740461180052], [-50.4006612758811, -28.274330987307], [-50.40179397861721, -28.2741207491555], [-50.4018049976463, -28.2740117709748], [-50.4018973018582, -28.2741581377931], [-50.40207186370891, -28.2740097088866], [-50.4021301815093, -28.2741512591457], [-50.40233749543759, -28.2737941488698], [-50.4024293387234, -28.2739811963808], [-50.4026127059662, -28.2737820117177], [-50.4030200289091, -28.2738178325782], [-50.4039527128387, -28.2729003539107], [-50.4044540499385, -28.2728281685142], [-50.40474594017081, -28.2726030167035], [-50.4059473296416, -28.271208616027], [-50.4061131988075, -28.2696583380408], [-50.40647724573891, -28.2695524669203], [-50.4066548511018, -28.2697965781984], [-50.4068087313842, -28.2694663015394], [-50.4083694552896, -28.2682744974532], [-50.40897949892479, -28.2676230458444], [-50.4101125296737, -28.2674632773045], [-50.41143139943159, -28.267001734862], [-50.411773438979, -28.2671394368547], [-50.4133224155394, -28.266541057009], [-50.4147675501322, -28.2666598604837], [-50.4153000728317, -28.2664226549802], [-50.4160767676549, -28.266332557412], [-50.416662609806, -28.266002887518], [-50.4170527237975, -28.2653371449949], [-50.4170450860522, -28.2649982772281], [-50.4177881288909, -28.2645396757779], [-50.4180026928357, -28.2641734043342], [-50.4179443788075, -28.2636472500171], [-50.4173695183925, -28.2630141694441], [-50.4175875066316, -28.2624896557945], [-50.41729764656189, -28.2620273997539], [-50.4174931309864, -28.2619179542344], [-50.4171390685812, -28.2616642741215], [-50.4172332908276, -28.2615033232432], [-50.41708304151101, -28.2613166620569], [-50.4184295637957, -28.2607525691728], [-50.4191935787875, -28.2602420924738], [-50.4206991676435, -28.2587779432376], [-50.4213803353235, -28.2565969973896], [-50.422360617051, -28.25452172580591], [-50.4225922987634, -28.2531642204438], [-50.42315209004239, -28.2520932092875], [-50.4224509891721, -28.2519436196709], [-50.4225817719937, -28.2516025208375], [-50.42492384524729, -28.2494916108518], [-50.42572403906159, -28.2485434436752], [-50.4210285913932, -28.2459418437406], [-50.41935327019541, -28.2443232166583], [-50.4175549662819, -28.2436543959639], [-50.4167117833276, -28.2428260323785], [-50.415521262592, -28.2422501597848]]]}}, {"type": "Feature", "properties": {"cod_imovel": "SC-4209300-1AA0FFEB72EE4C4BA60BB725DF9F28C2", "municipio": "Lages", "num_area": 452.4195, "mod_fiscal": 22.621, "des_condic": "Aguardando analise", "ind_status": "AT", "dat_atuali": "27/11/2015"}, "geometry": {"type": "Polygon", "coordinates": [[[-50.2896115744489, -28.1768415991071], [-50.2916288506087, -28.1780206438514], [-50.2919032017067, -28.1777397986783], [-50.2928531085718, -28.1776817015297], [-50.294179679724, -28.1780497939359], [-50.3016719144066, -28.1783605453863], [-50.306216254091, -28.1791948756724], [-50.3063274296312, -28.1790001013308], [-50.3079161315319, -28.1789800678049], [-50.3078176891625, -28.1767070994973], [-50.307936099845, -28.1707087599061], [-50.3097851746477, -28.1668823358579], [-50.3108267763535, -28.1620128743821], [-50.3206771267351, -28.1616073233628], [-50.3203583984435, -28.159755569264], [-50.3205034308889, -28.1589710712976], [-50.3211324227754, -28.1575867987253], [-50.3211888269826, -28.1568345462685], [-50.3207630580546, -28.1547281046124], [-50.3203568775344, -28.154244414328], [-50.3194612318478, -28.1539108532859], [-50.3188110249013, -28.1531955295428], [-50.3172985231323, -28.1520203020222], [-50.3171199381581, -28.1516911095081], [-50.3175773793786, -28.1508953345965], [-50.3171368430806, -28.1506800183113], [-50.3167909129808, -28.1499365664422], [-50.3155957423683, -28.1497024055896], [-50.3153943498521, -28.1500463112035], [-50.3137462809509, -28.1503558076629], [-50.3102063795906, -28.1515345251134], [-50.3072771197493, -28.1533668762883], [-50.3068469270531, -28.1538718128955], [-50.3066027775147, -28.1547177897261], [-50.3054535528693, -28.1549615842428], [-50.3048412824683, -28.1554441976892], [-50.3039893045914, -28.1569016137382], [-50.3018678770537, -28.15739738928], [-50.3013248521815, -28.1582287434397], [-50.3004135157155, -28.1582559927193], [-50.2996456654851, -28.1580627880466], [-50.2989159348046, -28.1592882677266], [-50.2986799092676, -28.1604795239622], [-50.2981773232825, -28.1610419134435], [-50.2981562604234, -28.1623111680765], [-50.2976437424927, -28.1633711827188], [-50.2967401992489, -28.1640334032226], [-50.2967229220605, -28.1651601627558], [-50.2955009691812, -28.1663838879077], [-50.2952214289888, -28.1673568996782], [-50.2953394944452, -28.1724420897927], [-50.2950252042441, -28.1728768042777], [-50.2896115744489, -28.1768415991071]]]}}, {"type": "Feature", "properties": {"cod_imovel": "SC-4209300-1F8A1331E4B44297ACB92F86A8BB90E1", "municipio": "Lages", "num_area": 249.1099, "mod_fiscal": 12.4555, "des_condic": "Aguardando analise", "ind_status": "AT", "dat_atuali": "24/04/2015"}, "geometry": {"type": "Polygon", "coordinates": [[[-50.33007684089672, -28.10091826580342], [-50.32946919746793, -28.101015810414694], [-50.32920410627825, -28.10137343321945], [-50.329030704174805, -28.10181362276886], [-50.32881208612586, -28.103855493014215], [-50.32823844796724, -28.104421534643837], [-50.327596593289556, -28.10433999889127], [-50.32692518794226, -28.104702946971493], [-50.32644081026208, -28.105177838243478], [-50.32593351138385, -28.10532070653004], [-50.325499087696684, -28.10528862167501], [-50.325126390018305, -28.105035373657515], [-50.3244099739147, -28.104982004268106], [-50.32365669232693, -28.10460238482585], [-50.32364990684757, -28.104261426885316], [-50.3213394004108, -28.10369245527289], [-50.3190943031971, -28.10277927975111], [-50.31878617405382, -28.10229647664663], [-50.31789460466222, -28.101642810982636], [-50.317008748834766, -28.101540209359808], [-50.316262102876536, -28.101119658858494], [-50.3157497652893, -28.101423302292286], [-50.31553476739409, -28.101991396630584], [-50.319187727731055, -28.12051094829661], [-50.32072771621145, -28.119992848562575], [-50.32166795264405, -28.119938757188127], [-50.322725230415955, -28.118790116707434], [-50.32341399409247, -28.118290228518923], [-50.325243802170135, -28.11837236244422], [-50.32551577686718, -28.11825848262627], [-50.326638322388675, -28.116382608441434], [-50.32719568573279, -28.114302067850634], [-50.327996547171715, -28.11396317507737], [-50.33165712419369, -28.111152416215653], [-50.33310434228194, -28.110366907773788], [-50.334308563057725, -28.109046055415376], [-50.3345845169611, -28.10842621081816], [-50.334615694924366, -28.10789014584234], [-50.33536518279009, -28.106761425482315], [-50.335645817491866, -28.10649950899294], [-50.33600677034387, -28.10648764450318], [-50.33643030504377, -28.106241881051986], [-50.3372596900576, -28.10535871731292], [-50.33781948202771, -28.10499797418348], [-50.33641934851506, -28.103899675102383], [-50.33423675248059, -28.102765521020164], [-50.333837857351845, -28.10238082903654], [-50.33155701432041, -28.10136088647977], [-50.33007684089672, -28.10091826580342]]]}}, {"type": "Feature", "properties": {"cod_imovel": "SC-4209300-4DC7785263D4443E87F0337326C1D5CF", "municipio": "Lages", "num_area": 61.6666, "mod_fiscal": 3.0833, "des_condic": "Aguardando analise", "ind_status": "AT", "dat_atuali": "10/11/2016"}, "geometry": {"type": "Polygon", "coordinates": [[[-50.46519243, -28.1679512], [-50.46702435, -28.16584946], [-50.46656553, -28.1655902], [-50.46573819, -28.16405476], [-50.4657926, -28.16385302], [-50.46618541, -28.16368165], [-50.46611078, -28.16293522], [-50.4668246, -28.161929], [-50.46817863, -28.16154492], [-50.46891287, -28.16071855], [-50.46871641, -28.16012706], [-50.46706908, -28.15895267], [-50.46475752, -28.15644746], [-50.46493082, -28.15602086], [-50.46481772, -28.15574651], [-50.46302616, -28.15477607], [-50.46233817, -28.15521117], [-50.46209071, -28.15558997], [-50.46195992, -28.1561866], [-50.46217854, -28.15683965], [-50.46172879, -28.15726536], [-50.46161421, -28.15903979], [-50.46119526, -28.1616234], [-50.46035329, -28.16295099], [-50.46519243, -28.1679512]]]}}, {"type": "Feature", "properties": {"cod_imovel": "SC-4209300-13679661BCD84C4E9CE2DE91F96A81F6", "municipio": "Lages", "num_area": 403.8309, "mod_fiscal": 20.1915, "des_condic": "Aguardando analise", "ind_status": "AT", "dat_atuali": "28/04/2016"}, "geometry": {"type": "Polygon", "coordinates": [[[-50.40157447, -28.15487507], [-50.40066372, -28.15317025], [-50.40964774, -28.14654258], [-50.4220078, -28.15112826], [-50.42318601, -28.14868545], [-50.42414634, -28.148078], [-50.42628383, -28.14609311], [-50.42730233, -28.14486078], [-50.42709413, -28.14480032], [-50.42683399, -28.1441943], [-50.42816233, -28.14377309], [-50.42950949, -28.14312427], [-50.42902303, -28.14254575], [-50.42816411, -28.14204101], [-50.42685191, -28.14092246], [-50.42597556, -28.13949011], [-50.42568313, -28.1387137], [-50.4264988, -28.13827423], [-50.42682972, -28.13826296], [-50.42687531, -28.13703929], [-50.42611211, -28.13654702], [-50.42388996, -28.13659296], [-50.42258382, -28.13680404], [-50.42206818, -28.13677719], [-50.42184006, -28.13653913], [-50.41533641, -28.13627332], [-50.39808139, -28.14045242], [-50.3978627, -28.14116374], [-50.3972763, -28.14186277], [-50.39585446, -28.14302507], [-50.39556868, -28.1439512], [-50.39594408, -28.14479168], [-50.39638921, -28.1450748], [-50.39683672, -28.14501953], [-50.39814348, -28.14584018], [-50.39889578, -28.14608571], [-50.39907636, -28.14728984], [-50.39782102, -28.14922439], [-50.39733065, -28.14974399], [-50.39673489, -28.14994788], [-50.39587105, -28.15133188], [-50.39616584, -28.15200302], [-50.39582805, -28.15285344], [-50.39575128, -28.15462018], [-50.39540574, -28.15560892], [-50.39540438, -28.15640844], [-50.396055, -28.15732354], [-50.39705337, -28.15714857], [-50.39822857, -28.1567479], [-50.39916289, -28.15595859], [-50.40157447, -28.15487507]]]}}, {"type": "Feature", "properties": {"cod_imovel": "SC-4209300-60B152E8A60C4850AD9889F6D71F107A", "municipio": "Lages", "num_area": 537.163, "mod_fiscal": 26.8582, "des_condic": "Aguardando analise", "ind_status": "AT", "dat_atuali": "29/04/2016"}, "geometry": {"type": "Polygon", "coordinates": [[[-50.33373480492746, -28.08151979183153], [-50.334913627484724, -28.08139776916117], [-50.339799594595384, -28.082944408801634], [-50.34011632854238, -28.0824617098022], [-50.34078698687444, -28.079810143072063], [-50.34065494394243, -28.079384380514224], [-50.340786559718026, -28.078998098292903], [-50.341112023889316, -28.078617523427067], [-50.3422998635845, -28.078126441799455], [-50.34491508398001, -28.0758270143379], [-50.346231790118225, -28.074057543955142], [-50.346670057991304, -28.07371928885008], [-50.34778159364493, -28.073588438351624], [-50.348061168204225, -28.07344288210167], [-50.34809047918283, -28.07309672705195], [-50.34739585299525, -28.071250783753523], [-50.347336794451216, -28.069884357746062], [-50.346537990747755, -28.06839977047913], [-50.345607855655274, -28.067340621189153], [-50.34407469069213, -28.066191665101897], [-50.3424333354448, -28.064686307333986], [-50.33964786624195, -28.061661685203394], [-50.33897970869009, -28.061381419405386], [-50.338647963584314, -28.060684329420436], [-50.33897632732284, -28.060173844834704], [-50.339520601002334, -28.059929984624034], [-50.340596448001, -28.0597574611581], [-50.342157835116026, -28.059787879311546], [-50.34287526591211, -28.05940344378794], [-50.34266000621858, -28.05856004457541], [-50.342382381627395, -28.058283327547226], [-50.34228517691498, -28.057621761493504], [-50.343246963080425, -28.056720695503554], [-50.34340826314565, -28.05605081272139], [-50.34326209234802, -28.055648867586996], [-50.342859399435376, -28.05563738755341], [-50.34216909028948, -28.055993293007806], [-50.3407307349186, -28.056281597129875], [-50.33979450298041, -28.056170099967073], [-50.337073606065054, -28.05539366842888], [-50.33622565392267, -28.05493769286887], [-50.33541715390266, -28.054021425693215], [-50.33441082220701, -28.053406084821294], [-50.33442705004704, -28.05321910647779], [-50.334211645214076, -28.05304896581903], [-50.333904486004016, -28.053003409804056], [-50.33164609014448, -28.051452143073586], [-50.331293207411704, -28.051411172867294], [-50.33016205377354, -28.052265472483292], [-50.32906287461215, -28.05232017400951], [-50.32795645206804, -28.052959622850086], [-50.32620020320573, -28.053542137328527], [-50.323790028053004, -28.05364612579553], [-50.323115358819095, -28.053904327824846], [-50.32283217546121, -28.054199088884157], [-50.32248488367828, -28.0550571870417], [-50.32224927028906, -28.056351711822067], [-50.32240272627305, -28.056781658141954], [-50.32227658259091, -28.057319850419333], [-50.32130256907062, -28.058596157396483], [-50.31970297406429, -28.059414496383525], [-50.33373480492746, -28.08151979183153]]]}}, {"type": "Feature", "properties": {"cod_imovel": "SC-4209300-EA9F7E090BE141918607AA8586EB49D6", "municipio": "Lages", "num_area": 182.7343, "mod_fiscal": 9.1367, "des_condic": "Aguardando analise", "ind_status": "AT", "dat_atuali": "14/09/2016"}, "geometry": {"type": "Polygon", "coordinates": [[[-50.48148286, -28.11727683], [-50.48409001, -28.11757571], [-50.48535469, -28.1183908], [-50.48717497, -28.11780337], [-50.48810204, -28.11779603], [-50.48791734, -28.11149299], [-50.48640375, -28.10742688], [-50.48594106, -28.10915333], [-50.48440761, -28.10994292], [-50.48427887, -28.10904889], [-50.48438211, -28.10832266], [-50.48351219, -28.10774745], [-50.48304421, -28.10693886], [-50.48278452, -28.10583725], [-50.48230282, -28.10531739], [-50.47152675, -28.10465031], [-50.47096421, -28.11301456], [-50.48148286, -28.11727683]]]}}, {"type": "Feature", "properties": {"cod_imovel": "SC-4209300-10BA35F373C240B1B0F79724F3C62A1E", "municipio": "Lages", "num_area": 23.3161, "mod_fiscal": 1.1658, "des_condic": "Aguardando analise", "ind_status": "AT", "dat_atuali": "05/05/2022"}, "geometry": {"type": "Polygon", "coordinates": [[[-50.44016417222731, -28.14984556949898], [-50.44052253624601, -28.15143199623469], [-50.44034381793975, -28.1516712994991], [-50.44053503057534, -28.15186366644808], [-50.44055055577739, -28.1521848602833], [-50.43833022102616, -28.15196603698375], [-50.44088121288099, -28.15673099939525], [-50.44220410665199, -28.1549141048109], [-50.4427351755713, -28.15247094520635], [-50.44273052764701, -28.15203376007912], [-50.44213870911, -28.15073092521073], [-50.44202314791841, -28.14852108655518], [-50.44146922779637, -28.14737993726737], [-50.43964086330722, -28.14793433057344], [-50.43964562755129, -28.14935573258867], [-50.43950517749512, -28.14986082974005], [-50.44016417222731, -28.14984556949898]]]}}, {"type": "Feature", "properties": {"cod_imovel": "SC-4209300-0C21DF2E0D49433083A0194F01515A27", "municipio": "Lages", "num_area": 1212.1387, "mod_fiscal": 60.6069, "des_condic": "Aguardando analise", "ind_status": "AT", "dat_atuali": "30/04/2016"}, "geometry": {"type": "Polygon", "coordinates": [[[-50.28695068199031, -27.99119480560385], [-50.28608485403886, -27.992060754126612], [-50.28585796136, -27.99286347664967], [-50.28598945317374, -27.994065658791687], [-50.28627356294851, -27.994515904981544], [-50.28623515051443, -27.994907030706788], [-50.28319968658416, -27.997900370810168], [-50.282647892281744, -27.99888209351952], [-50.281511594469805, -27.99998445573377], [-50.28123862443596, -28.00051182461033], [-50.280982320397925, -28.002691506523178], [-50.282503152347594, -28.00722760417017], [-50.282882843336765, -28.009552147815263], [-50.285705910135555, -28.01111919230137], [-50.286426330387904, -28.011322408660668], [-50.28740262789901, -28.01106552392748], [-50.29001615028409, -28.0112608940748], [-50.290854860393765, -28.01098871003093], [-50.29194457424216, -28.011806542129836], [-50.29171890569275, -28.01349339890766], [-50.291382170926575, -28.014099307226203], [-50.29197513678501, -28.01478353160929], [-50.29238364134141, -28.01576944014997], [-50.29368830574389, -28.015715227807203], [-50.29517259010919, -28.016715823783464], [-50.29603632108552, -28.0182331576205], [-50.29665705176049, -28.018950154439786], [-50.29785103719011, -28.01976216241867], [-50.297867354275525, -28.020194410239732], [-50.29883768566885, -28.0214089850157], [-50.2990539924763, -28.021982528451645], [-50.29830249899089, -28.022682384524792], [-50.29898791585709, -28.023791170599598], [-50.299373322085216, -28.02413787987035], [-50.29921747349047, -28.02434303375507], [-50.2993100859487, -28.024716660826442], [-50.299149926955074, -28.02502646711377], [-50.29805704078398, -28.025860688266114], [-50.29776700212145, -28.026330635392917], [-50.29795565414159, -28.027479987953196], [-50.29809455704388, -28.02743052635673], [-50.298714090093085, -28.02813517700862], [-50.29896298026896, -28.02872332133397], [-50.300305724649796, -28.02982071100593], [-50.30030853782056, -28.03009638180311], [-50.30090723445575, -28.03031286739406], [-50.301259717650076, -28.03078755355555], [-50.30137094635849, -28.031570785691247], [-50.301655874859605, -28.03164659560776], [-50.30193569690719, -28.03203138061572], [-50.30259114487458, -28.032544275763037], [-50.30449974997365, -28.03323532908572], [-50.30543071001842, -28.033786569374907], [-50.30597910943895, -28.034334510121223], [-50.306597957328165, -28.034488890673], [-50.307109137215726, -28.034856156292335], [-50.307412694974275, -28.03654656154567], [-50.307207645702334, -28.03753878221943], [-50.30724552932761, -28.038143275430258], [-50.30804761151646, -28.039063610454164], [-50.30804448858569, -28.039336700999378], [-50.307840188874465, -28.03932201411536], [-50.30777838984309, -28.039496049881024], [-50.30827354070728, -28.04002728253454], [-50.30820956935316, -28.04060580128175], [-50.30839307932521, -28.040984228825888], [-50.309085401614745, -28.041667416999374], [-50.308967601259475, -28.041781537524958], [-50.30855529719815, -28.041710948934668], [-50.30836116786038, -28.041941393614657], [-50.30843266855878, -28.0422278530337], [-50.308206062084714, -28.042480249700297], [-50.30846219182095, -28.043081138292223], [-50.30872282542853, -28.043224046170224], [-50.30859483283932, -28.04352839268152], [-50.30896526276639, -28.045019175239254], [-50.309994334796585, -28.04572351636792], [-50.31024352389876, -28.045593805754613], [-50.311156009268124, -28.0459212409774], [-50.31125879172659, -28.046204252263834], [-50.3110952846944, -28.046322839249207], [-50.31137691391158, -28.046473034647118], [-50.31150866219204, -28.046888992006043], [-50.311710985986984, -28.04693637877105], [-50.31278043547223, -28.048238525262825], [-50.31409912339276, -28.04782731560273], [-50.314855001222455, -28.04817770475247], [-50.315208405222506, -28.04889286752746], [-50.314915604607876, -28.049911246819978], [-50.31539811346255, -28.051640129473736], [-50.31655794767297, -28.05349428577041], [-50.31647499190874, -28.0542945810697], [-50.31729476878757, -28.05712094632768], [-50.31828103696816, -28.05878073905947], [-50.31874080038732, -28.05926603045395], [-50.31922687778957, -28.059305839534122], [-50.319669897599894, -28.059109263677918], [-50.321168692201795, -28.0582919263756], [-50.3216477596707, -28.057685113576014], [-50.32204724607413, -28.05675520029746], [-50.32194056185412, -28.056003582014682], [-50.32204670949857, -28.05526129576294], [-50.32277639169428, -28.053779397154614], [-50.32325958973576, -28.05351050373899], [-50.32532637870482, -28.053187113677435], [-50.32451750531058, -28.052289540144976], [-50.3235393965133, -28.05215520562819], [-50.32306676107804, -28.051390025265015], [-50.32402569382143, -28.050378955985696], [-50.32408506066759, -28.04921419177573], [-50.32354850865301, -28.048364188014048], [-50.323659998291966, -28.04727247564357], [-50.32328831563883, -28.04727130374371], [-50.32113490336343, -28.044735156301122], [-50.31865281034417, -28.04308116354882], [-50.316766553278626, -28.041298600974027], [-50.31656593161136, -28.04037311253052], [-50.31596386295505, -28.039334138190938], [-50.31502692119707, -28.038803985619655], [-50.314698115991, -28.038377875094614], [-50.31462409390911, -28.03775433700628], [-50.31411188076953, -28.037668570083632], [-50.317686178148826, -28.03475651236222], [-50.32056988068961, -28.030731764549692], [-50.32332466178857, -28.02811666912103], [-50.32278767679745, -28.02657411443335], [-50.32392981322531, -28.02513265422875], [-50.324367041113376, -28.025022997759876], [-50.32477412245653, -28.024589989701994], [-50.32519915851826, -28.024442023732064], [-50.326057022989175, -28.025265752784904], [-50.326417161798524, -28.02531396012871], [-50.32455627269579, -28.022586264636654], [-50.32444294283065, -28.021445987618524], [-50.32330301848146, -28.020829814306293], [-50.30455941998058, -28.00445737592125], [-50.304137038764, -28.004127588879246], [-50.30357835971328, -28.004802489425124], [-50.30308918735041, -28.004450842556246], [-50.302888576093686, -28.003865892569813], [-50.30315150355794, -28.003676150738304], [-50.30291821169649, -28.003548167404354], [-50.303012429896064, -28.003239068960067], [-50.30275852646204, -28.003369418788683], [-50.302569944993394, -28.003187744028462], [-50.302959972412296, -28.003132609824316], [-50.302975994756984, -28.002960068113893], [-50.30283639888265, -28.002886386061988], [-50.30267181504684, -28.00306898942865], [-50.302303658372, -28.00276666805173], [-50.30172447987217, -28.001724604947604], [-50.30093005966227, -28.000725900778928], [-50.30102040195031, -28.000056211213682], [-50.29980067300769, -27.9988490625358], [-50.299557163302595, -27.99796346524363], [-50.29918084526002, -27.99756987733461], [-50.29916773347659, -27.997102161683944], [-50.29850510909768, -27.996510581655894], [-50.29803277145719, -27.99572229648042], [-50.29701341958981, -27.99466063054209], [-50.29664136276152, -27.99386288935693], [-50.2960741526601, -27.99326347741718], [-50.29576842841611, -27.993077186710774], [-50.294739363341854, -27.993076905671522], [-50.29404488555264, -27.991723709344193], [-50.29320397873265, -27.99170365611936], [-50.29287856333616, -27.99148284555313], [-50.29181432404467, -27.99136536264207], [-50.29126146394907, -27.991061358533244], [-50.28930939534269, -27.990534862527216], [-50.28826787734972, -27.990572084952227], [-50.28695068199031, -27.99119480560385]]]}}, {"type": "Feature", "properties": {"cod_imovel": "SC-4209300-8A71C60C557D489583AD5809F4B783C2", "municipio": "Lages", "num_area": 178.4364, "mod_fiscal": 8.9218, "des_condic": "Aguardando analise", "ind_status": "AT", "dat_atuali": "22/09/2017"}, "geometry": {"type": "Polygon", "coordinates": [[[-50.27301947, -28.13016511], [-50.2854285, -28.13604029], [-50.29237267, -28.12467527], [-50.29246665, -28.12342653], [-50.28932255, -28.11913971], [-50.28133925, -28.12435624], [-50.27923448, -28.12400994], [-50.27301947, -28.13016511]]]}}, {"type": "Feature", "properties": {"cod_imovel": "SC-4209300-F368A7BBAE5747C68EF4D39492893A4D", "municipio": "Lages", "num_area": 440.0699, "mod_fiscal": 22.0035, "des_condic": "Aguardando analise", "ind_status": "AT", "dat_atuali": "26/09/2019"}, "geometry": {"type": "Polygon", "coordinates": [[[-50.4150764, -28.24294661], [-50.41308741, -28.24353621], [-50.41170178, -28.24294817], [-50.40951446, -28.24250797], [-50.40843293, -28.24276884], [-50.40804314, -28.24311337], [-50.40514697, -28.2428831], [-50.40394553, -28.24317371], [-50.40163742, -28.24320211], [-50.3995451, -28.24294461], [-50.39877252, -28.24262286], [-50.39743856, -28.24246384], [-50.39573553, -28.24181701], [-50.39453222, -28.24104393], [-50.39250906, -28.24061131], [-50.38804596, -28.23924779], [-50.38761228, -28.23943637], [-50.38717773, -28.23995554], [-50.38542758, -28.24081807], [-50.38558308, -28.24311412], [-50.38535593, -28.24540555], [-50.38513529, -28.2457473], [-50.38260479, -28.24683941], [-50.38262516, -28.24709955], [-50.3808244, -28.24808998], [-50.38052494, -28.24881267], [-50.37925907, -28.25012897], [-50.37992392, -28.25211338], [-50.37961139, -28.25238321], [-50.39110393, -28.25386206], [-50.40161476, -28.25478672], [-50.40650852, -28.25539722], [-50.40875917, -28.2553237], [-50.40974165, -28.2557243], [-50.4097963, -28.25615462], [-50.41030664, -28.2562812], [-50.41051044, -28.25649295], [-50.41041387, -28.256769], [-50.41066048, -28.25705004], [-50.41102067, -28.25716727], [-50.41164662, -28.25695369], [-50.41393212, -28.25775336], [-50.41468317, -28.25771997], [-50.41419266, -28.25431569], [-50.4143485, -28.24876094], [-50.41398257, -28.24705261], [-50.41410899, -28.24538097], [-50.41448353, -28.24395209], [-50.4150764, -28.24294661]]]}}, {"type": "Feature", "properties": {"cod_imovel": "SC-4209300-17AE7735F2FA44558B19762ACA828D5F", "municipio": "Lages", "num_area": 4.832, "mod_fiscal": 0.2416, "des_condic": "Aguardando analise", "ind_status": "AT", "dat_atuali": "05/05/2016"}, "geometry": {"type": "Polygon", "coordinates": [[[-50.34896239, -28.0447004], [-50.34748115, -28.04568633], [-50.34776977, -28.04675287], [-50.34735969, -28.04726546], [-50.34792766, -28.04756604], [-50.34848992, -28.04712639], [-50.34954958, -28.04687866], [-50.34928579, -28.045063], [-50.34981832, -28.0444878], [-50.34979939, -28.04425301], [-50.34887403, -28.04416739], [-50.34882088, -28.04454627], [-50.34896239, -28.0447004]]]}}, {"type": "Feature", "properties": {"cod_imovel": "SC-4209300-F6DA45A5B0274CC4BBF65F94D50759D3", "municipio": "Lages", "num_area": 89.84, "mod_fiscal": 4.492, "des_condic": "Aguardando analise", "ind_status": "AT", "dat_atuali": "05/05/2016"}, "geometry": {"type": "Polygon", "coordinates": [[[-50.348453521728516, -28.047742907226546], [-50.34761328748409, -28.04731334578629], [-50.34642536680329, -28.04723260870461], [-50.3459089837293, -28.04746699075074], [-50.34489371998691, -28.04848200793878], [-50.34483877333864, -28.04920270452699], [-50.34286076320166, -28.05040946812677], [-50.3461853446512, -28.05314432244792], [-50.34786616395356, -28.05514532091274], [-50.35156873519804, -28.06139111749782], [-50.35293360833471, -28.0607666636098], [-50.35288802341319, -28.06015788323846], [-50.35341951531824, -28.05895216481358], [-50.35518726633736, -28.05836680622087], [-50.35715313353848, -28.05715578139732], [-50.35287702120427, -28.05223223242686], [-50.348453521728516, -28.047742907226546]]]}}, {"type": "Feature", "properties": {"cod_imovel": "SC-4209300-B4C6C34574A9449DA51350BDBA713F72", "municipio": "Lages", "num_area": 4.8778, "mod_fiscal": 0.2439, "des_condic": "Aguardando analise", "ind_status": "AT", "dat_atuali": "25/12/2017"}, "geometry": {"type": "Polygon", "coordinates": [[[-50.35826770064163, -28.01532297624126], [-50.35864195327191, -28.01713970856861], [-50.36333041125328, -28.01589138579107], [-50.35826770064163, -28.01532297624126]]]}}, {"type": "Feature", "properties": {"cod_imovel": "SC-4209300-8C2EECBAD29343F78C77CC8E787C2D12", "municipio": "Lages", "num_area": 21.5833, "mod_fiscal": 1.0792, "des_condic": "Aguardando analise", "ind_status": "AT", "dat_atuali": "24/10/2016"}, "geometry": {"type": "Polygon", "coordinates": [[[-50.3889652, -28.10442604], [-50.39494138, -28.10884919], [-50.39552687, -28.10803955], [-50.3953546, -28.10708065], [-50.39569277, -28.10676848], [-50.39653454, -28.10531687], [-50.39662015, -28.10417508], [-50.39637746, -28.10359694], [-50.39456825, -28.10351534], [-50.3941474, -28.10352934], [-50.39276453, -28.10426883], [-50.39149181, -28.10452494], [-50.39090941, -28.10460961], [-50.3889652, -28.10442604]]]}}, {"type": "Feature", "properties": {"cod_imovel": "SC-4209300-DBD7435C9FD240E0A8999D7C5BDFEE15", "municipio": "Lages", "num_area": 76.6839, "mod_fiscal": 3.8342, "des_condic": "Aguardando analise", "ind_status": "AT", "dat_atuali": "25/04/2016"}, "geometry": {"type": "Polygon", "coordinates": [[[-50.46269017827704, -28.15395774946977], [-50.46357271355096, -28.15472135827978], [-50.46396758343475, -28.15489187656454], [-50.4643233338434, -28.15477282329797], [-50.46504104373534, -28.1553699721057], [-50.46509696409483, -28.1538835124876], [-50.4656411082056, -28.15339042233243], [-50.46646906107184, -28.15142541871471], [-50.46728863026116, -28.1511703255681], [-50.46799211931339, -28.1512799529304], [-50.46910867005266, -28.15068150432204], [-50.46991901658445, -28.15077401329097], [-50.47026136623271, -28.15023146201578], [-50.4705120636582, -28.14905705992073], [-50.47020627694756, -28.14822951138756], [-50.47042488752225, -28.14727144282124], [-50.47093598417547, -28.1470905142299], [-50.4713651714219, -28.14671629625029], [-50.47150375359438, -28.14650356565191], [-50.47149770672326, -28.14524322710298], [-50.47190667381958, -28.14430370805021], [-50.47322303150523, -28.14332450931345], [-50.47333472807311, -28.14293723991781], [-50.47211802075742, -28.14265721313799], [-50.47190930336076, -28.1424842346116], [-50.47199681695017, -28.14155989915016], [-50.47021853381517, -28.14138703005601], [-50.46699471548774, -28.14072928441044], [-50.46299808851317, -28.15238001732837], [-50.46269017827704, -28.15395774946977]]]}}, {"type": "Feature", "properties": {"cod_imovel": "SC-4209300-219E3960C16C4130825520F4BAE2FB2B", "municipio": "Lages", "num_area": 51.7744, "mod_fiscal": 2.5887, "des_condic": "Aguardando analise", "ind_status": "AT", "dat_atuali": "05/05/2016"}, "geometry": {"type": "Polygon", "coordinates": [[[-50.33440303380655, -28.049009704002334], [-50.33411198933448, -28.050001296186974], [-50.33318098169559, -28.051101733082508], [-50.332464888755545, -28.051553976477756], [-50.33260045176027, -28.05172031482693], [-50.335812147747404, -28.053985142460814], [-50.33664779952773, -28.054710393894826], [-50.33683576400048, -28.055095928358078], [-50.33731360185957, -28.055276678703542], [-50.33840533851988, -28.055335680136107], [-50.34056573538411, -28.055936006294615], [-50.341937548697175, -28.055560975643907], [-50.341393720760344, -28.055305633493862], [-50.34144031275733, -28.054355749638876], [-50.34105701475344, -28.05453480975928], [-50.34091798095766, -28.054344225764037], [-50.34082693714628, -28.053932993006907], [-50.34113357747627, -28.05393174752222], [-50.340848626213045, -28.053755249306455], [-50.34101956613258, -28.053615873070786], [-50.340855375867584, -28.053419345933882], [-50.34094677873671, -28.05328275641572], [-50.34072697712965, -28.05312698041527], [-50.340723197155626, -28.052784175059934], [-50.34055930703106, -28.052647145257307], [-50.340761663064846, -28.05254001979283], [-50.3406052214706, -28.05229291576066], [-50.340741072403006, -28.0521173449963], [-50.34056815507089, -28.0520174716939], [-50.34059356607652, -28.051726665960455], [-50.34040001208581, -28.05164718440611], [-50.340276275936354, -28.05117491677503], [-50.33974545548996, -28.051168041828653], [-50.339484728054984, -28.050735492099204], [-50.339466268902456, -28.050392778522372], [-50.33969746383298, -28.050324599878543], [-50.33934705226351, -28.050042620525083], [-50.33956402070393, -28.050007953705027], [-50.339550595694945, -28.04964062991359], [-50.340056290658254, -28.048293603022703], [-50.33991136106666, -28.048010364627384], [-50.33950762944064, -28.047890108049028], [-50.33957355013392, -28.04771546572468], [-50.339350345157676, -28.04761760582297], [-50.33952000489307, -28.047501604744475], [-50.339290819642784, -28.047388442477963], [-50.33931746319618, -28.047069442714367], [-50.33956711855326, -28.046937893874663], [-50.33938917000101, -28.046360829826686], [-50.339070000001016, -28.046077499826687], [-50.33440303380655, -28.049009704002334]]]}}, {"type": "Feature", "properties": {"cod_imovel": "SC-4209300-26CE29CBF93E486D88FA82BF8E1BBBED", "municipio": "Lages", "num_area": 349.4708, "mod_fiscal": 17.4735, "des_condic": "Aguardando analise", "ind_status": "AT", "dat_atuali": "20/09/2015"}, "geometry": {"type": "Polygon", "coordinates": [[[-50.32265876, -28.00811947], [-50.32159706, -28.00738055], [-50.32169308, -28.00700941], [-50.32151605, -28.00599383], [-50.3196958, -28.00269421], [-50.31982519, -28.00073802], [-50.31972222, -28.00006985], [-50.31937211, -27.99965143], [-50.31885939, -27.99837547], [-50.31876753, -27.99774311], [-50.32029328, -27.99585849], [-50.31994341, -27.99558545], [-50.31952765, -27.99490155], [-50.31698856, -27.99390691], [-50.31681068, -27.99354488], [-50.31291835, -27.99515151], [-50.31211892, -27.99602659], [-50.31217052, -27.9963659], [-50.31262509, -27.99672513], [-50.31227205, -27.99766743], [-50.31188332, -27.99820926], [-50.31197211, -27.99829891], [-50.31132963, -27.99872291], [-50.3112036, -27.99903557], [-50.31008548, -27.99904118], [-50.30926999, -27.99869917], [-50.30880307, -27.9990688], [-50.30887916, -27.9997811], [-50.30863325, -28.0000527], [-50.30596185, -28.00039699], [-50.30583503, -28.00088142], [-50.30602765, -28.00165935], [-50.30552056, -28.00280406], [-50.30423284, -28.00413081], [-50.32339834, -28.0208668], [-50.32454412, -28.02146645], [-50.3246709, -28.02270233], [-50.32649408, -28.02532199], [-50.32687753, -28.02551456], [-50.32745379, -28.02532394], [-50.32808356, -28.02543396], [-50.328653, -28.02533375], [-50.32919058, -28.02495833], [-50.32951906, -28.02442583], [-50.33002394, -28.02411111], [-50.33037248, -28.02406197], [-50.33061269, -28.02420509], [-50.33020043, -28.02272179], [-50.32990664, -28.02278269], [-50.32910377, -28.02177424], [-50.32920708, -28.02168466], [-50.3288949, -28.02124951], [-50.32906361, -28.02096327], [-50.32899803, -28.02035962], [-50.32867397, -28.01926172], [-50.32798693, -28.0180934], [-50.32809447, -28.01476009], [-50.32573968, -28.01014034], [-50.3246492, -28.01031513], [-50.32430051, -28.00999614], [-50.32356437, -28.01029948], [-50.32335282, -28.00970302], [-50.32344785, -28.00931173], [-50.32265876, -28.00811947]]]}}, {"type": "Feature", "properties": {"cod_imovel": "SC-4209300-2739536CEF5F4EEEA3FF767E2673749A", "municipio": "Lages", "num_area": 396.4849, "mod_fiscal": 19.8242, "des_condic": "Aguardando analise", "ind_status": "AT", "dat_atuali": "02/05/2016"}, "geometry": {"type": "Polygon", "coordinates": [[[-50.395166873931885, -27.98922876024898], [-50.39574134862913, -27.99005841977879], [-50.39630761662801, -27.99188710534668], [-50.39740374267342, -27.99266012109193], [-50.39786069100192, -27.99358132588225], [-50.3978466502351, -27.99412800782191], [-50.3976221193556, -27.99466960713758], [-50.39717217120312, -27.99519875836788], [-50.396432876586914, -27.995424543336917], [-50.39458751678466, -27.995310862450893], [-50.39325164833623, -27.99540621735651], [-50.391883850097656, -27.995765585275517], [-50.38548946380615, -27.99318879723613], [-50.38098155261305, -27.9921591525891], [-50.3792667388916, -27.991407745970047], [-50.37609100341797, -27.99368142324177], [-50.37677764892578, -27.997053956193284], [-50.37729263305664, -27.998607559462215], [-50.38012504577637, -28.001222109520796], [-50.37184238433838, -28.0082697110624], [-50.3737735748291, -28.011338683756115], [-50.37810802459717, -28.015051644930143], [-50.38433074951172, -28.017571081393754], [-50.38922309875488, -28.008497045371694], [-50.38355827331542, -28.003419798176274], [-50.38235664367676, -28.001942046948315], [-50.38525680386554, -28.00110095653072], [-50.388407707214355, -27.99982011230493], [-50.39051055908203, -27.999175945306064], [-50.39381504058838, -28.001525241655532], [-50.39627092839835, -28.00122597418071], [-50.39795637130737, -28.001525241655532], [-50.40152095394092, -27.99885750605155], [-50.40352798823434, -27.99765958129702], [-50.40444880015068, -27.99732875444871], [-50.405659675598145, -27.99728131416821], [-50.40567916453625, -27.99654767706447], [-50.404887199401855, -27.995159287749676], [-50.40253110970981, -27.99306544988501], [-50.40259122848511, -27.99133195590169], [-50.395166873931885, -27.98922876024898]]]}}, {"type": "Feature", "properties": {"cod_imovel": "SC-4209300-29FE2D49DBFB4767A57F294FA2C17282", "municipio": "Lages", "num_area": 1301.3947, "mod_fiscal": 65.0697, "des_condic": "Aguardando analise", "ind_status": "AT", "dat_atuali": "25/04/2016"}, "geometry": {"type": "Polygon", "coordinates": [[[-50.29206546, -28.19545031], [-50.29038702, -28.19503935], [-50.28884704, -28.19816533], [-50.28836333, -28.1986051], [-50.28895937, -28.19974673], [-50.2891441, -28.20716426], [-50.28526466, -28.20695223], [-50.28531642, -28.21153966], [-50.28424627, -28.21092173], [-50.28239576, -28.21020142], [-50.2797552, -28.20946524], [-50.27840453000001, -28.20938791], [-50.2769645, -28.20860688], [-50.27556585, -28.20859146], [-50.27426753, -28.20806497], [-50.27283629, -28.20789035], [-50.27213482, -28.20759857], [-50.27163765, -28.20784821], [-50.27141269, -28.20776781], [-50.27123515, -28.2074215], [-50.27061808, -28.20708959], [-50.26977727, -28.20674277], [-50.26930544, -28.20671249], [-50.26875737, -28.2063485], [-50.26821695, -28.20627406], [-50.26770353, -28.20591498], [-50.26703531, -28.20599741], [-50.26616334, -28.20565908], [-50.26586075, -28.20584208], [-50.26529597, -28.20557015], [-50.26407526, -28.20571707], [-50.26370229, -28.20542606], [-50.26280204, -28.20545536], [-50.26182527, -28.20599964], [-50.26131252, -28.20581584], [-50.26048071, -28.20589667], [-50.25985266, -28.20657347], [-50.25776475, -28.20669162], [-50.2573277, -28.20719362], [-50.25718012, -28.20782784], [-50.25480072, -28.20917689], [-50.25531334, -28.20927224], [-50.25672743, -28.21067258], [-50.25726147, -28.21081421], [-50.25830439, -28.2116713], [-50.258939, -28.21193583], [-50.25948429, -28.21187491], [-50.26009475, -28.21210837], [-50.26065344, -28.21268099], [-50.26089029, -28.21331023], [-50.26258151, -28.21454955], [-50.2633909, -28.21533897], [-50.26385475, -28.21617911], [-50.2646408, -28.21669691], [-50.26539941, -28.21693258], [-50.26639827, -28.2177067], [-50.26702822, -28.21792961], [-50.26748453, -28.21786215], [-50.26803091, -28.21818962], [-50.26860695, -28.21865232], [-50.26890157, -28.21963186], [-50.26957703, -28.22099831], [-50.27114995, -28.22171573], [-50.27178835, -28.22183416], [-50.27298016, -28.22249482], [-50.27802368, -28.22376222], [-50.2792189, -28.22384429], [-50.28333358, -28.2246791], [-50.28532907, -28.22486259], [-50.29144655, -28.22184028], [-50.3038458, -28.21803829], [-50.30399395, -28.2188285], [-50.30423563, -28.21915526], [-50.30387711, -28.22009496], [-50.30331881, -28.2206572], [-50.30353674, -28.22117062], [-50.30338474, -28.22149514], [-50.30346278, -28.22203081], [-50.30409174, -28.22262292], [-50.30456323, -28.22404676], [-50.30515162, -28.22395035], [-50.3050322, -28.22447368], [-50.30976594, -28.2262341], [-50.31307426, -28.22798467], [-50.31973398, -28.23032676], [-50.32177804, -28.23085509], [-50.32292288, -28.2305419], [-50.32574892, -28.23269822], [-50.32681923, -28.23242534], [-50.32790368, -28.23366603], [-50.32937183, -28.23251123], [-50.33226472, -28.23448474], [-50.33328294754028, -28.234475435340073], [-50.335965156555176, -28.23218795230388], [-50.32795129, -28.2254891], [-50.32070947, -28.22774701], [-50.32044055, -28.22336715], [-50.31756389, -28.21822422], [-50.31699228, -28.21830124], [-50.31662071, -28.21654198], [-50.31400536, -28.21431293], [-50.31437301, -28.21404569], [-50.31398866, -28.21284721], [-50.31402697, -28.21025616], [-50.31586446, -28.20650436], [-50.31418904, -28.20226296], [-50.31305265, -28.20011195], [-50.31284071, -28.19846039], [-50.31236113, -28.19798389], [-50.31108508, -28.19844556], [-50.31023269, -28.19804964], [-50.30889719, -28.19817819], [-50.30855603, -28.19805537], [-50.30791117, -28.19742854], [-50.30204081, -28.19811067], [-50.29976397, -28.1979664], [-50.29951453, -28.19774906], [-50.29893465, -28.1977058], [-50.29727973, -28.1968004], [-50.2953479, -28.19607895], [-50.29403988, -28.19489903], [-50.29257095, -28.19483514], [-50.29206546, -28.19545031]]]}}, {"type": "Feature", "properties": {"cod_imovel": "SC-4209300-2B39BBB2DD4347CA9153417D18B65B33", "municipio": "Lages", "num_area": 175.9959, "mod_fiscal": 8.7998, "des_condic": "Aguardando analise", "ind_status": "AT", "dat_atuali": "03/02/2016"}, "geometry": {"type": "Polygon", "coordinates": [[[-50.4436166, -28.13629039], [-50.44349221, -28.13748188], [-50.44290199, -28.13794481], [-50.44167363, -28.14029373], [-50.44130254, -28.14033244], [-50.44057781, -28.14109453], [-50.43962237, -28.14169464], [-50.4376147, -28.14142522], [-50.43694953, -28.14147891], [-50.43705249, -28.14228373], [-50.4358175, -28.14304169], [-50.43546906, -28.1435111], [-50.43597996, -28.14424561], [-50.43671105, -28.14483156], [-50.43840315, -28.14560829], [-50.43839277, -28.14616368], [-50.4392654, -28.14712031], [-50.43958566, -28.14781559], [-50.43955555, -28.14931007], [-50.44215026, -28.14918768], [-50.44218283, -28.15064441], [-50.44286697, -28.15241487], [-50.44397516, -28.1524137], [-50.44433849, -28.15227036], [-50.44448788, -28.15152842], [-50.44671012, -28.14926997], [-50.44863997, -28.14606929], [-50.44997219, -28.14310216], [-50.45042067, -28.14135684], [-50.45035324, -28.14015897], [-50.45118183, -28.13866788], [-50.45277047, -28.13733387], [-50.45357392, -28.13584904], [-50.45360828, -28.13297552], [-50.45260069, -28.13294345], [-50.44958665, -28.13334252], [-50.44932672, -28.13350856], [-50.44940004, -28.13372068], [-50.44815098, -28.13492557], [-50.44776742, -28.13455381], [-50.44745021, -28.13471183], [-50.44742148, -28.13496395], [-50.44657197, -28.13534357], [-50.44514008, -28.13556735], [-50.4436166, -28.13629039]]]}}, {"type": "Feature", "properties": {"cod_imovel": "SC-4209300-3134E19495A64C8A9851ECDCB738F960", "municipio": "Lages", "num_area": 469.4388, "mod_fiscal": 23.4719, "des_condic": "Aguardando analise", "ind_status": "AT", "dat_atuali": "25/04/2015"}, "geometry": {"type": "Polygon", "coordinates": [[[-50.28805420876694, -28.03299580981323], [-50.28703874521432, -28.03107870021032], [-50.27969710078549, -28.03612539008608], [-50.27863651523743, -28.03681520546773], [-50.2782205161978, -28.03688840082545], [-50.27852275695773, -28.03751251559927], [-50.27906338925138, -28.03806961262906], [-50.27946460106542, -28.03984870300748], [-50.27945473007725, -28.04103331173922], [-50.2793757779021, -28.04144924859327], [-50.27880332030876, -28.04181513455098], [-50.27860839687295, -28.04288863893326], [-50.27751344180081, -28.04483155795219], [-50.27747784710527, -28.04596786880283], [-50.27790923938876, -28.04654528605864], [-50.27893205138426, -28.04709894745092], [-50.27999288628568, -28.04723620226621], [-50.28029810299077, -28.04707859044324], [-50.28081866524823, -28.04615363452894], [-50.28469044313987, -28.04489463850281], [-50.28522437140071, -28.04495289509518], [-50.28544366787325, -28.04510270368514], [-50.28705123607759, -28.04807095353147], [-50.28688420647112, -28.04939047699393], [-50.28711054382899, -28.04969536635513], [-50.28775908151035, -28.05004591722404], [-50.28836278295518, -28.05015813038433], [-50.28947457744206, -28.05110248818384], [-50.2923309222158, -28.05221023620499], [-50.29277436367911, -28.05222574165479], [-50.29312411580956, -28.05206471746287], [-50.29465665738328, -28.05063479270335], [-50.29599551322144, -28.04845083070481], [-50.29726492020197, -28.04760092903471], [-50.29744307663339, -28.04707824926225], [-50.29781732693184, -28.0467687526531], [-50.29772838326262, -28.04581452827913], [-50.29813819743463, -28.04564989446913], [-50.29973175653575, -28.04635834713012], [-50.30023048042055, -28.04776391897554], [-50.30127912516736, -28.04910084924391], [-50.30151342666147, -28.04923185625434], [-50.30225789756816, -28.04913848454693], [-50.30347222176296, -28.0496143038404], [-50.30450007869298, -28.05155917321134], [-50.30509789785769, -28.05219625301079], [-50.30523069403628, -28.05256726099369], [-50.30614999399709, -28.05327559695668], [-50.30674963634829, -28.05327326782797], [-50.30665825110653, -28.05234373250722], [-50.30684349029257, -28.0522900097902], [-50.30679476096623, -28.0518009907135], [-50.30703968873218, -28.05143087598464], [-50.30704433622517, -28.05110234340315], [-50.30819327296196, -28.05118050757078], [-50.30834930256599, -28.05107521406211], [-50.30897248149004, -28.05160745638008], [-50.30999237578673, -28.05191883624111], [-50.310226530146, -28.05231532885544], [-50.31163606244476, -28.05198769391294], [-50.31189792833884, -28.05150642930348], [-50.3114906432918, -28.0505420671292], [-50.3115943861752, -28.04950921663415], [-50.31268488868074, -28.04831980141353], [-50.31099253602946, -28.04593878334528], [-50.31005226211775, -28.04565483635692], [-50.30956685689127, -28.04581744840252], [-50.30891177219221, -28.04508084469445], [-50.30887424728938, -28.04397458660292], [-50.30849882038291, -28.04302146918455], [-50.30825247416811, -28.04010601165863], [-50.30755934432396, -28.03872409520524], [-50.30716543148751, -28.03744573790631], [-50.30740553488694, -28.03632513209823], [-50.30723674573071, -28.03508312520197], [-50.30691049944986, -28.03466316464929], [-50.30458156125101, -28.03326195250588], [-50.30355175922548, -28.03288007588377], [-50.29115231948575, -28.03829168923833], [-50.29024668843839, -28.03942014588276], [-50.29027830117194, -28.039037227478], [-50.28998936774299, -28.03824151677237], [-50.28883434028379, -28.03642125552064], [-50.2872364505638, -28.03483242352909], [-50.2862471342491, -28.03443734875336], [-50.28540306584765, -28.03433620678456], [-50.28582496834123, -28.03404579059062], [-50.28754699167929, -28.03412789789818], [-50.28805420876694, -28.03299580981323]]]}}, {"type": "Feature", "properties": {"cod_imovel": "SC-4209300-37968D22A06241DA85219F6EC4EA5C5D", "municipio": "Lages", "num_area": 589.6968, "mod_fiscal": 29.4848, "des_condic": "Aguardando analise", "ind_status": "AT", "dat_atuali": "21/03/2016"}, "geometry": {"type": "Polygon", "coordinates": [[[-50.50571680068969, -28.119397819009663], [-50.50492286682129, -28.118924693809493], [-50.5046010017395, -28.120306213541546], [-50.503528118133545, -28.120041265931448], [-50.50166130065918, -28.118413716248362], [-50.501017570495605, -28.11729712717736], [-50.499794483184814, -28.11589664309158], [-50.4990005493164, -28.11544242810869], [-50.497756004333496, -28.115877717505708], [-50.49617825515313, -28.11715741709068], [-50.495867729187005, -28.117694558518465], [-50.494301319122314, -28.118640817687275], [-50.49360273543783, -28.11779871460045], [-50.49267067548346, -28.11730849774079], [-50.49212541479132, -28.11653111915784], [-50.49057305371694, -28.11577996821974], [-50.489258766174316, -28.114855730908328], [-50.48918982823308, -28.11718382645119], [-50.489301681518555, -28.117751334304078], [-50.489065647125244, -28.119284269152036], [-50.48791004568059, -28.11898213981067], [-50.4881738099263, -28.11787468503231], [-50.48787262712995, -28.11771865137897], [-50.48608680359787, -28.11824120473272], [-50.48500364741469, -28.11837024727993], [-50.48417330437891, -28.11751888282428], [-50.48280317872991, -28.11751816556147], [-50.48145166440765, -28.11729759393034], [-50.481148457762, -28.11745463726427], [-50.48072660144981, -28.11785062499972], [-50.48065609344733, -28.11822939088429], [-50.48050620829265, -28.11986303835906], [-50.48063278198242, -28.120306213541546], [-50.48022508621216, -28.120892880919627], [-50.47923267423736, -28.12173916970088], [-50.47921886363654, -28.12226450217235], [-50.47945671859241, -28.12267497426244], [-50.47934745947504, -28.12304308915437], [-50.4789838091457, -28.12340772651038], [-50.47894069206254, -28.12404687366812], [-50.4780278028748, -28.12694714201705], [-50.47816099835961, -28.12812063898359], [-50.47842264175415, -28.128765268030147], [-50.47835826873779, -28.12954112103681], [-50.4772424697876, -28.130222353192206], [-50.47548294067382, -28.132682322144987], [-50.47475337982178, -28.133439224308088], [-50.47449588775634, -28.134082586943098], [-50.4745049185218, -28.13460632117586], [-50.47481775283813, -28.13580450910792], [-50.474581718444824, -28.136088339775153], [-50.47407779456667, -28.13748628574582], [-50.47383069992065, -28.138888762049895], [-50.47389507293701, -28.139456406290865], [-50.47549321287566, -28.14010447626831], [-50.476813316345215, -28.14032678828517], [-50.47794442887855, -28.14109910057261], [-50.48155118161042, -28.14066154929979], [-50.48298485350933, -28.13994999452245], [-50.485053062438965, -28.138302193174447], [-50.48546075820923, -28.136353247719548], [-50.48762798309326, -28.136466779495215], [-50.48839371893834, -28.13668749168926], [-50.49104056551825, -28.1364820141715], [-50.49223549692635, -28.13753567463407], [-50.49328729373308, -28.13885498074671], [-50.49561524105774, -28.14021246749875], [-50.49673753903971, -28.14167083244846], [-50.49838533736202, -28.14284027926183], [-50.49867254082617, -28.14382640723636], [-50.4989945941424, -28.14435735295421], [-50.49949407577514, -28.144451545910808], [-50.50447225570679, -28.136731686503904], [-50.50209045410156, -28.135331456324998], [-50.49039602279663, -28.129692506334443], [-50.48917293548584, -28.128954500988677], [-50.49071788787842, -28.127648786773957], [-50.49116849899292, -28.125983504985243], [-50.49121141433716, -28.123769397086463], [-50.49168348312378, -28.123674776071834], [-50.49485921859741, -28.121971583526992], [-50.50020217895508, -28.1264187515865], [-50.51193952560425, -28.137280420366903], [-50.51331281661987, -28.135728820803006], [-50.51207436591447, -28.13401369777182], [-50.51063293121898, -28.13080889599295], [-50.50681114196777, -28.125775342942486], [-50.50582408905029, -28.123977563024646], [-50.50546665756146, -28.12317209197276], [-50.50571680068969, -28.119397819009663]]]}}, {"type": "Feature", "properties": {"cod_imovel": "SC-4209300-3B11C1B9143A47DD93E3F33D6832F00E", "municipio": "Lages", "num_area": 21.7285, "mod_fiscal": 1.0864, "des_condic": "Aguardando analise", "ind_status": "AT", "dat_atuali": "01/08/2016"}, "geometry": {"type": "Polygon", "coordinates": [[[-50.43389271, -28.16378764], [-50.43236414, -28.16766007], [-50.43102984, -28.16694977], [-50.43344214, -28.17031457], [-50.43666169, -28.16805233], [-50.43675709, -28.16766575], [-50.43662932, -28.16589547], [-50.43629201, -28.16511981], [-50.43624082, -28.16451567], [-50.43389271, -28.16378764]]]}}, {"type": "Feature", "properties": {"cod_imovel": "SC-4209300-469E2245BF034CA99A9946BF4B942F5E", "municipio": "Lages", "num_area": 862.1815, "mod_fiscal": 43.1091, "des_condic": "Aguardando analise", "ind_status": "AT", "dat_atuali": "09/10/2014"}, "geometry": {"type": "Polygon", "coordinates": [[[-50.35837648, -28.15070678], [-50.36462943, -28.17945697], [-50.36518209, -28.17932952], [-50.36530294, -28.17882055], [-50.3663594, -28.17808783], [-50.36730603, -28.17794789], [-50.36969175, -28.1772015], [-50.3709415, -28.1752028], [-50.37198289, -28.17506276], [-50.37605132, -28.17579502], [-50.37743587, -28.17692328], [-50.38097721, -28.1764228], [-50.38168621, -28.17650586], [-50.38184792, -28.17665273], [-50.38293151, -28.17504678], [-50.38403241, -28.17381113], [-50.3843929, -28.17388728], [-50.38497138, -28.17373346], [-50.38607096, -28.17300159], [-50.386498, -28.17295978], [-50.38703302, -28.17346323], [-50.38738379, -28.17338286], [-50.38913055, -28.17208234], [-50.38887716, -28.17133813], [-50.39078387, -28.17081968], [-50.39094474, -28.17062347], [-50.39201733, -28.17070852], [-50.3923997, -28.17051103], [-50.3926208, -28.17061099], [-50.39258875, -28.17092077], [-50.39278286, -28.17093379], [-50.3931085, -28.17076121], [-50.39325268, -28.17028005], [-50.39360317, -28.16991347], [-50.39421858, -28.16944957], [-50.39463681, -28.16936643], [-50.39552253, -28.16967915], [-50.39634871, -28.16962643], [-50.39690363, -28.1700354], [-50.39695176, -28.17029608], [-50.39643545, -28.17094636], [-50.39650799, -28.17175989], [-50.39676587, -28.1727304], [-50.39720823, -28.17320974], [-50.39915812, -28.17441136], [-50.40116551, -28.17415119], [-50.40100372, -28.17322421], [-50.4010922, -28.17290031], [-50.40358285, -28.16990568], [-50.40441439, -28.1692884], [-50.40465568, -28.16888444], [-50.40583556, -28.16569244], [-50.40568134, -28.16502075], [-50.40607817, -28.16430262], [-50.40766529, -28.15997597], [-50.40828988, -28.15925626], [-50.40964327, -28.15820054], [-50.41000353, -28.15818316], [-50.40990264, -28.15721146], [-50.41013811, -28.15668089], [-50.41190448, -28.15490794], [-50.4122638, -28.15483514], [-50.41136178, -28.15382799], [-50.40969805, -28.15261391], [-50.40925226, -28.15253024], [-50.40830474, -28.15298324], [-50.40755438, -28.15358343], [-50.40624142, -28.1540696], [-50.40584852, -28.15437976], [-50.40504082, -28.15439153], [-50.40395004, -28.15469879], [-50.40281483, -28.15471549], [-50.40201664, -28.15493346], [-50.39990436, -28.15617228], [-50.39646182, -28.1577973], [-50.39525182, -28.15728479], [-50.39518011, -28.15698075], [-50.39471389, -28.1565514], [-50.39506933, -28.1561758], [-50.39482288, -28.15614977], [-50.39526818, -28.1545947], [-50.39394354, -28.15450373], [-50.38890906, -28.15610139], [-50.38498938, -28.15784522], [-50.38403294, -28.15850269], [-50.37620771, -28.16091296], [-50.37246138, -28.16178047], [-50.37076261, -28.16200513], [-50.37034012, -28.16061518], [-50.36641313, -28.15381213], [-50.35837648, -28.15070678]]]}}, {"type": "Feature", "properties": {"cod_imovel": "SC-4209300-496AC6B96E164006A156C237EABA1141", "municipio": "Lages", "num_area": 149.8723, "mod_fiscal": 7.4936, "des_condic": "Aguardando analise", "ind_status": "AT", "dat_atuali": "26/01/2016"}, "geometry": {"type": "Polygon", "coordinates": [[[-50.4436166, -28.13629039], [-50.44308917, -28.1353019], [-50.44133845, -28.1333839], [-50.44020078, -28.1311694], [-50.43857538, -28.13155246], [-50.43176996, -28.13417184], [-50.42963235, -28.13516913], [-50.42812312, -28.13557927], [-50.42719876, -28.13630858], [-50.42646444, -28.13651754], [-50.4269491, -28.13700729], [-50.42697226, -28.13778486], [-50.42656864, -28.13834763], [-50.42572345, -28.13859323], [-50.42566337, -28.1388384], [-50.42702719, -28.14098574], [-50.42971698, -28.14310325], [-50.42947842, -28.14338307], [-50.42694949, -28.14425723], [-50.42701963, -28.14444352], [-50.42718467, -28.14475063], [-50.42918822, -28.14495527], [-50.43041801, -28.1447998], [-50.43191465, -28.14370866], [-50.43364403, -28.14128313], [-50.43458394, -28.14083649], [-50.43654237, -28.14102659], [-50.43694953, -28.14147891], [-50.4376147, -28.14142522], [-50.43962237, -28.14169464], [-50.44057781, -28.14109453], [-50.44130254, -28.14033244], [-50.44167363, -28.14029373], [-50.44179936, -28.14013335], [-50.44290199, -28.13794481], [-50.44349221, -28.13748188], [-50.4436166, -28.13629039]]]}}, {"type": "Feature", "properties": {"cod_imovel": "SC-4209300-565BF7D4A21649EDAA78888BB428AE43", "municipio": "Lages", "num_area": 6.7445, "mod_fiscal": 0.3372, "des_condic": "Aguardando analise", "ind_status": "AT", "dat_atuali": "28/01/2016"}, "geometry": {"type": "Polygon", "coordinates": [[[-50.36075573977148, -28.02610355066187], [-50.36111271397176, -28.0258981638009], [-50.35992739737561, -28.02536223436619], [-50.35926840120904, -28.02446765467306], [-50.35799120213867, -28.02386907114193], [-50.35818619706116, -28.02349037947413], [-50.35584689315535, -28.02232596122227], [-50.35544398042691, -28.02363091039021], [-50.35782999892373, -28.02458457045393], [-50.35771924521371, -28.0248275751382], [-50.35961509961594, -28.02612281305871], [-50.36009847011023, -28.02597529158532], [-50.36075573977148, -28.02610355066187]]]}}, {"type": "Feature", "properties": {"cod_imovel": "SC-4209300-5E2D8593EFA6424682F57A180895327C", "municipio": "Lages", "num_area": 15.3641, "mod_fiscal": 0.7682, "des_condic": "Aguardando analise", "ind_status": "AT", "dat_atuali": "27/01/2016"}, "geometry": {"type": "Polygon", "coordinates": [[[-50.3646728163849, -28.0224747850655], [-50.36143461718697, -28.02107550782797], [-50.3592901527312, -28.02445636987416], [-50.35996376517962, -28.02537022636904], [-50.36150756112852, -28.02602653489936], [-50.36341458332404, -28.02431442707357], [-50.36313845163056, -28.02397335334316], [-50.3646728163849, -28.0224747850655]]]}}, {"type": "Feature", "properties": {"cod_imovel": "SC-4209300-5C46C8C7A3804AEF8C08D61CA50F519F", "municipio": "Lages", "num_area": 1054.8066, "mod_fiscal": 52.7403, "des_condic": "Aguardando analise", "ind_status": "AT", "dat_atuali": "28/04/2016"}, "geometry": {"type": "Polygon", "coordinates": [[[-50.41664314, -28.13625633], [-50.41347075, -28.11695527], [-50.4127077, -28.11605169], [-50.41223568, -28.11475223], [-50.41144738, -28.11442666], [-50.4106706, -28.11364716], [-50.41053316, -28.11370175], [-50.40996, -28.11255644], [-50.40892305, -28.11186169], [-50.40819615, -28.1115725], [-50.40814107, -28.11122969], [-50.40818452, -28.11069316], [-50.40852428, -28.11048865], [-50.40857128, -28.10978793], [-50.40936948, -28.1089757], [-50.41000137, -28.10892055], [-50.40958976, -28.10830994], [-50.40961223, -28.10793478], [-50.41022614, -28.10794361], [-50.41006546, -28.10752926], [-50.41033247, -28.10753065], [-50.4101961, -28.10746086], [-50.41017081, -28.10703541], [-50.41038508, -28.10704501], [-50.4104182, -28.10684453], [-50.41078745, -28.10706127], [-50.41109608, -28.10702324], [-50.41151865, -28.10663517], [-50.41137209, -28.10647845], [-50.41124376, -28.10665059], [-50.41109534, -28.10658739], [-50.41157075, -28.10538652], [-50.41162165, -28.10477485], [-50.41126214, -28.10460744], [-50.41135201, -28.10449034], [-50.41092483, -28.10400531], [-50.4116628, -28.10307376], [-50.41124636, -28.10198292], [-50.41186671, -28.1011788], [-50.41068186, -28.10023822], [-50.4054581, -28.08616805], [-50.39526997, -28.09146066], [-50.39327442, -28.09277672], [-50.39518701, -28.09607796], [-50.39505859, -28.09719646], [-50.39571447, -28.0986742], [-50.39623386, -28.10178421], [-50.39634147, -28.10358664], [-50.39662015, -28.10417508], [-50.39658481, -28.10510511], [-50.39631065, -28.10581278], [-50.3953546, -28.10708065], [-50.39552687, -28.10803955], [-50.39507381, -28.10856102], [-50.39458608, -28.1095885], [-50.39418844, -28.11108414], [-50.39397878, -28.11123281], [-50.3936183, -28.11224869], [-50.39138419, -28.11349472], [-50.39047771, -28.11468793], [-50.3893338, -28.1149725], [-50.38836514, -28.11575856], [-50.3880507, -28.11627009], [-50.38811104, -28.11707246], [-50.38840581, -28.11761856], [-50.38876847, -28.11979567], [-50.38856202, -28.12047188], [-50.38861274, -28.12094906], [-50.38950063, -28.12647101], [-50.38928904, -28.127791], [-50.38934961, -28.12886476], [-50.38958889, -28.12974624], [-50.39045685, -28.13112593], [-50.39274184, -28.13300038], [-50.39321306, -28.13367974], [-50.39584658, -28.13494627], [-50.39633109, -28.1357287], [-50.39594924, -28.1362548], [-50.39377292, -28.13743076], [-50.39212891, -28.13903744], [-50.39212602, -28.13995316], [-50.39278004, -28.14081642], [-50.39378545, -28.14068239], [-50.39723531, -28.13964678], [-50.39748397, -28.13970556], [-50.39808139, -28.14045242], [-50.41533641, -28.13627332], [-50.41664314, -28.13625633]]]}}, {"type": "Feature", "properties": {"cod_imovel": "SC-4209300-6064D5387F5A4AB19FBF80ECE67CD2F2", "municipio": "Lages", "num_area": 6.2242, "mod_fiscal": 0.3112, "des_condic": "Aguardando analise", "ind_status": "AT", "dat_atuali": "27/01/2016"}, "geometry": {"type": "Polygon", "coordinates": [[[-50.36143273115158, -28.02106243983255], [-50.3601211309433, -28.0204716753721], [-50.35798609256744, -28.02387178237253], [-50.35929769277573, -28.0244483219013], [-50.36143273115158, -28.02106243983255]]]}}, {"type": "Feature", "properties": {"cod_imovel": "SC-4209300-6547476FDE2A4BF0AEA7F503A8302440", "municipio": "Lages", "num_area": 200.0, "mod_fiscal": 9.999999999999998, "des_condic": "Aguardando analise", "ind_status": "AT", "dat_atuali": "03/02/2016"}, "geometry": {"type": "Polygon", "coordinates": [[[-50.43757266, -28.13192984], [-50.42270664, -28.11384598], [-50.41582096, -28.11709481], [-50.41559241, -28.11784656], [-50.41584839, -28.11789448], [-50.41722873, -28.1173888], [-50.41749306, -28.11791272], [-50.41733195, -28.11881611], [-50.41747628, -28.11931215], [-50.41832045, -28.12081263], [-50.41935639, -28.12205705], [-50.42280768, -28.12462291], [-50.42287124, -28.12637248], [-50.42337205, -28.12769099], [-50.42469428, -28.1284551], [-50.42751059, -28.13086385], [-50.42692341, -28.13141416], [-50.42592075, -28.13136194], [-50.42572066, -28.1316757], [-50.42591694, -28.13237541], [-50.42586608, -28.13295093], [-50.42690681, -28.13410857], [-50.42736218, -28.13555764], [-50.42696283, -28.13619776], [-50.42646444, -28.13651754], [-50.42719876, -28.13630858], [-50.42812312, -28.13557927], [-50.42963235, -28.13516913], [-50.43176996, -28.13417184], [-50.43757266, -28.13192984]]]}}, {"type": "Feature", "properties": {"cod_imovel": "SC-4209300-674A89BED6604219949D4A20C75513C1", "municipio": "Lages", "num_area": 70.2012, "mod_fiscal": 3.5101, "des_condic": "Aguardando analise", "ind_status": "AT", "dat_atuali": "05/05/2016"}, "geometry": {"type": "Polygon", "coordinates": [[[-50.3779943, -28.0799551], [-50.37784021, -28.08025965], [-50.37747414, -28.08026846], [-50.37691128, -28.08061672], [-50.37674674, -28.08055792], [-50.37254217, -28.08272264], [-50.37584442, -28.08542901], [-50.37584257, -28.0857484], [-50.37627785, -28.08602788], [-50.37659086, -28.08530742], [-50.37723305, -28.08546665], [-50.37764413, -28.08622492], [-50.37853959, -28.08700694], [-50.37924748, -28.0873596], [-50.3807005, -28.087471], [-50.38083203, -28.08811558], [-50.3810626, -28.0881915], [-50.38151894, -28.08803554], [-50.38161249, -28.08817365], [-50.38131072, -28.08853617], [-50.38129748, -28.08890983], [-50.38159208, -28.08905311], [-50.38190093, -28.08885004], [-50.38234713, -28.08897222], [-50.38266593, -28.08956428], [-50.38661296, -28.08652815], [-50.3838501, -28.08433199], [-50.38103978, -28.0806913], [-50.37878956, -28.07977986], [-50.3779943, -28.0799551]]]}}, {"type": "Feature", "properties": {"cod_imovel": "SC-4209300-72554A710DAF4F20AFCA9B23C3FBBE3E", "municipio": "Lages", "num_area": 208.3299, "mod_fiscal": 10.4165, "des_condic": "Aguardando analise", "ind_status": "AT", "dat_atuali": "03/02/2016"}, "geometry": {"type": "Polygon", "coordinates": [[[-50.4273345, -28.14474962], [-50.42636473, -28.14607234], [-50.42414909, -28.14806841], [-50.42294653, -28.14893682], [-50.42184989, -28.15152262], [-50.42169119, -28.15233231], [-50.42181856, -28.15299965], [-50.42143885, -28.1551123], [-50.42080727, -28.15557337], [-50.42125732, -28.15647546], [-50.42106184, -28.15692406], [-50.42081219, -28.15922755], [-50.42067841, -28.15939953], [-50.42079417, -28.16016215], [-50.42215755, -28.16103863], [-50.42389814, -28.16169407], [-50.42433562, -28.16171073], [-50.42540029, -28.16100805], [-50.42603634, -28.16038099], [-50.42723389, -28.15833251], [-50.42733054, -28.15771239], [-50.42694883, -28.15724148], [-50.42717602, -28.15657375], [-50.42906254, -28.15529819], [-50.43081253, -28.15325687], [-50.43186442, -28.15271787], [-50.43455004, -28.1517555], [-50.43544656, -28.15216945], [-50.43549468, -28.15267023], [-50.43577489, -28.1533481], [-50.43588969, -28.15333144], [-50.43672599, -28.15226953], [-50.43661144, -28.15155945], [-50.43675694, -28.15144128], [-50.43723181, -28.15163142], [-50.43778663, -28.15155953], [-50.4382699, -28.15184456], [-50.44050486, -28.15208389], [-50.44016788, -28.14997402], [-50.43946218, -28.14995168], [-50.43940816, -28.14971838], [-50.43955555, -28.14931007], [-50.43958566, -28.14781559], [-50.4392654, -28.14712031], [-50.43839277, -28.14616368], [-50.43840315, -28.14560829], [-50.43671105, -28.14483156], [-50.4354934, -28.14369804], [-50.43546906, -28.1435111], [-50.4358175, -28.14304169], [-50.43705249, -28.14228373], [-50.4370131, -28.1416244], [-50.43654237, -28.14102659], [-50.43458394, -28.14083649], [-50.43364403, -28.14128313], [-50.43191465, -28.14370866], [-50.43041801, -28.1447998], [-50.42918822, -28.14495527], [-50.4273345, -28.14474962]]]}}, {"type": "Feature", "properties": {"cod_imovel": "SC-4209300-7D5D748371B44B3EB5481AFB94CD308E", "municipio": "Lages", "num_area": 164.7648, "mod_fiscal": 8.2382, "des_condic": "Aguardando analise", "ind_status": "AT", "dat_atuali": "27/01/2016"}, "geometry": {"type": "Polygon", "coordinates": [[[-50.42692341, -28.13141416], [-50.42751059, -28.13086385], [-50.42469428, -28.1284551], [-50.42337205, -28.12769099], [-50.42287124, -28.12637248], [-50.42280768, -28.12462291], [-50.41935639, -28.12205705], [-50.41832045, -28.12081263], [-50.41747628, -28.11931215], [-50.41733195, -28.11881611], [-50.41749306, -28.11791272], [-50.41722873, -28.1173888], [-50.41584839, -28.11789448], [-50.41559241, -28.11784656], [-50.41582096, -28.11709481], [-50.41575092, -28.1166451], [-50.4154681, -28.11655635], [-50.41413613, -28.11713642], [-50.4136874, -28.1170801], [-50.41355163, -28.11749351], [-50.41666415, -28.13624454], [-50.42178708, -28.13652882], [-50.42201397, -28.13676712], [-50.42255241, -28.13679524], [-50.42348629, -28.13660279], [-50.42646444, -28.13651754], [-50.42696283, -28.13619776], [-50.42736218, -28.13555764], [-50.42690681, -28.13410857], [-50.42586608, -28.13295093], [-50.42591694, -28.13237541], [-50.42572066, -28.1316757], [-50.42592075, -28.13136194], [-50.42692341, -28.13141416]]]}}, {"type": "Feature", "properties": {"cod_imovel": "SC-4209300-94A3BBFADCD74EB0AA34879366009BDC", "municipio": "Lages", "num_area": 27.4814, "mod_fiscal": 1.3741, "des_condic": "Aguardando analise", "ind_status": "AT", "dat_atuali": "14/07/2015"}, "geometry": {"type": "Polygon", "coordinates": [[[-50.3908537361111, -28.0425172908779], [-50.3926130972222, -28.0476494297667], [-50.3946894111111, -28.0482092686556], [-50.3952765638889, -28.047882551989], [-50.39684955, -28.0452469881001], [-50.3933930166667, -28.0409827325446], [-50.3908537361111, -28.0425172908779]]]}}, {"type": "Feature", "properties": {"cod_imovel": "SC-4209300-B3F8A3AE346649D4AE4CDF4327AC5724", "municipio": "Lages", "num_area": 462.65, "mod_fiscal": 23.1325, "des_condic": "Aguardando analise", "ind_status": "AT", "dat_atuali": "11/05/2015"}, "geometry": {"type": "Polygon", "coordinates": [[[-50.25819195595269, -28.24082091922227], [-50.26270866394042, -28.239541752099903], [-50.26003005209871, -28.23173379721046], [-50.25923252105713, -28.230467581515647], [-50.26221513748168, -28.221619522265833], [-50.2547182365721, -28.21698169320571], [-50.25449037551879, -28.217119586883083], [-50.25304244798318, -28.21705581162323], [-50.25114425305976, -28.21757448174511], [-50.25055495188307, -28.21749416562063], [-50.24986338768162, -28.21762290240333], [-50.24894819079303, -28.21881758088766], [-50.24838336765199, -28.21989905638581], [-50.24733164507954, -28.22066888852547], [-50.24703803903161, -28.22122773269652], [-50.24692122949468, -28.22205967940606], [-50.24665832519531, -28.222356888549555], [-50.24576815041874, -28.22201493058911], [-50.24202346801758, -28.22127919764793], [-50.24040271728762, -28.22232245361772], [-50.23891105545062, -28.22400983290217], [-50.23732120156338, -28.22767603222587], [-50.23917725869355, -28.22834793482803], [-50.241572856903076, -28.228803899870684], [-50.24191541562161, -28.22962485659699], [-50.24266191608775, -28.23028332132656], [-50.24408838743214, -28.2328350655908], [-50.2444052696228, -28.23424857970875], [-50.24529888648454, -28.23486596117604], [-50.24512903680822, -28.23544862895016], [-50.24541803611038, -28.23694511348356], [-50.24534528614898, -28.23764919384874], [-50.24486215178499, -28.23822893200596], [-50.24471506434337, -28.23882383236312], [-50.24413975063195, -28.23940231123432], [-50.24378799225059, -28.23947486635837], [-50.24255990982056, -28.240411319591352], [-50.24569430934439, -28.24170962758884], [-50.2460170112459, -28.2423866241917], [-50.24647469395011, -28.24227043700212], [-50.249125957489014, -28.243624877077472], [-50.25045218113031, -28.24314554493813], [-50.25263970280081, -28.24266306152724], [-50.2532889777037, -28.2420985204509], [-50.25375446388575, -28.24196601315907], [-50.2551953760672, -28.24180550135765], [-50.25640449123661, -28.24197054988298], [-50.25714576442524, -28.24183115017843], [-50.25753207936166, -28.24125344704406], [-50.25819195595269, -28.24082091922227]]]}}, {"type": "Feature", "properties": {"cod_imovel": "SC-4209300-B75C2801607340529613A54D40F3C7BB", "municipio": "Lages", "num_area": 339.2975, "mod_fiscal": 16.9649, "des_condic": "Aguardando analise", "ind_status": "AT", "dat_atuali": "15/03/2016"}, "geometry": {"type": "Polygon", "coordinates": [[[-50.34690856933593, -28.000881084849894], [-50.346479415893555, -28.002529360760636], [-50.346457958221436, -28.00366608807712], [-50.3459878330855, -28.00541720956877], [-50.34605026245117, -28.005901616813063], [-50.344741344451904, -28.006261570493905], [-50.3439199055321, -28.00570569514931], [-50.34344407116745, -28.00511967008306], [-50.3425735298348, -28.00488094148556], [-50.34223160858696, -28.00433040290923], [-50.34091294921888, -28.00377329213032], [-50.34018570876284, -28.00388598477363], [-50.33952975219847, -28.00379615783529], [-50.33920962708861, -28.00447358302271], [-50.3383962352594, -28.0048714808959], [-50.33820434595129, -28.00549562198854], [-50.33767351384948, -28.00600086955348], [-50.3375594096296, -28.00645843935866], [-50.3376817703247, -28.00739825843227], [-50.336952209472656, -28.008819101488573], [-50.33693075180054, -28.0091790454209], [-50.33796232855188, -28.01002116494227], [-50.33836261655851, -28.01004932569173], [-50.34028526545534, -28.01130107815056], [-50.34102855476341, -28.012128775241], [-50.34212350845336, -28.01285419357389], [-50.33759593963623, -28.016983849591792], [-50.33373355865478, -28.019957861562375], [-50.333476066589355, -28.019976804050504], [-50.33317565917969, -28.020317768266985], [-50.33214569091797, -28.020886039561574], [-50.33120155334473, -28.020753443194444], [-50.33046370193135, -28.02109853692013], [-50.33010721206665, -28.02149219230305], [-50.33004483621095, -28.02255844654636], [-50.33046918515597, -28.02253257958525], [-50.33110195438689, -28.02322269200998], [-50.33376619792653, -28.0221324676779], [-50.33556832082034, -28.02258637321703], [-50.33696830968492, -28.02221107116129], [-50.3377890586853, -28.021321712189444], [-50.33805466161012, -28.02146012723294], [-50.33929109573364, -28.021170174084055], [-50.34132957458496, -28.021227000898573], [-50.34216642379761, -28.021056520365057], [-50.34257411956787, -28.021454307856686], [-50.34330368041992, -28.021795267394015], [-50.344226360321045, -28.021908920333164], [-50.344698429107666, -28.022136225851504], [-50.34551382064819, -28.022856023493404], [-50.34660816192627, -28.0221741100579], [-50.34965515136719, -28.01976843649777], [-50.35086829686022, -28.02051256859749], [-50.35127380346681, -28.02010417746551], [-50.35163676461636, -28.01895952336804], [-50.35240173339844, -28.01813936718516], [-50.35255193710327, -28.018158309993215], [-50.35216569900512, -28.017002792603137], [-50.3523847264368, -28.01639944465452], [-50.35351753234863, -28.015828319598487], [-50.35575870909284, -28.01576529653471], [-50.35739489763338, -28.01379843831771], [-50.35812488277082, -28.01327699367841], [-50.35771270255594, -28.01205575628424], [-50.35834264611698, -28.01108784360849], [-50.35832488423535, -28.01065146266251], [-50.35686640666619, -28.0079063737348], [-50.35632848739624, -28.007511926566433], [-50.35522258891477, -28.00729855123544], [-50.35400699474909, -28.00650601464918], [-50.35332441329956, -28.00584478191141], [-50.35296070843317, -28.00493895964419], [-50.35103447109744, -28.00324635688541], [-50.34902270247299, -28.0006176966004], [-50.34794910753436, -27.99974479503499], [-50.346994400024414, -28.00025587015006], [-50.347058773040764, -28.000464275453062], [-50.3468203298526, -28.00018907002604], [-50.34690856933593, -28.000881084849894]]]}}, {"type": "Feature", "properties": {"cod_imovel": "SC-4209300-C119337A85EA4BB3A5832A751E9CA110", "municipio": "Lages", "num_area": 243.6105, "mod_fiscal": 12.1805, "des_condic": "Aguardando analise", "ind_status": "AT", "dat_atuali": "04/05/2015"}, "geometry": {"type": "Polygon", "coordinates": [[[-50.32285433, -28.08502789], [-50.31046878, -28.09269751], [-50.31402558, -28.10256825], [-50.31486201, -28.10238694], [-50.31552828, -28.10197991], [-50.31577272, -28.10143203], [-50.31626095, -28.10111201], [-50.31700364, -28.10156509], [-50.31817717, -28.10178568], [-50.31908578, -28.10278762], [-50.32280411, -28.10401137], [-50.32293873, -28.10379154], [-50.32393329, -28.10432893], [-50.32406663, -28.10467344], [-50.32490384, -28.10477945], [-50.32586703, -28.10516006], [-50.32780994, -28.10411976], [-50.32842888, -28.10423204], [-50.32880578, -28.1038583], [-50.32895615, -28.10294004], [-50.32873089, -28.10199668], [-50.32922434, -28.100821], [-50.32970206, -28.10052852], [-50.32847581, -28.09951621], [-50.32285433, -28.08502789]]]}}, {"type": "Feature", "properties": {"cod_imovel": "SC-4209300-C12EDC6696DF4520BA6439E3C611AA6E", "municipio": "Lages", "num_area": 191.7663, "mod_fiscal": 9.5883, "des_condic": "Aguardando analise", "ind_status": "AT", "dat_atuali": "14/05/2015"}, "geometry": {"type": "Polygon", "coordinates": [[[-50.28618157451119, -27.99166372805359], [-50.28630692452691, -27.99175402050177], [-50.28738453979463, -27.99091837968469], [-50.28831930013979, -27.99057908632131], [-50.28926048805822, -27.99052354408932], [-50.29129126739532, -27.99107807215752], [-50.29159030811307, -27.99130560875102], [-50.29326021307536, -27.99171502494268], [-50.29403874263786, -27.9917271281212], [-50.29491845038977, -27.99312493332998], [-50.29593813391417, -27.99315074996686], [-50.29709504774975, -27.99477729301811], [-50.29921356640547, -27.99718406370287], [-50.2991795630611, -27.99758625097689], [-50.29979071618189, -27.99879941022704], [-50.3010000533526, -28.00006240103515], [-50.30091104289656, -28.00062143106684], [-50.30253263095557, -28.00311500290004], [-50.30293449332661, -28.0029549353162], [-50.30255956076215, -28.00331015442842], [-50.3029284988426, -28.00316345417364], [-50.30303057724726, -28.00325554420755], [-50.30270147838323, -28.00337971722221], [-50.30315154430497, -28.00364609595682], [-50.30309394858278, -28.00381853218762], [-50.30289920487161, -28.00382730409847], [-50.30311365092331, -28.00448075619696], [-50.30336452619647, -28.00474432937723], [-50.30367021491991, -28.00471387373429], [-50.30621914220817, -28.00157196742425], [-50.30611157571151, -28.00110568042017], [-50.30633620334878, -28.00034334656633], [-50.30755797399042, -28.00010633725298], [-50.30815908433074, -28.00014135152983], [-50.30870497003994, -27.99993312660062], [-50.30883376533274, -27.99963087907125], [-50.30860815232345, -27.99909521830016], [-50.30916034898776, -27.99865401250219], [-50.31076942258748, -27.99913728721132], [-50.31172311074765, -27.99831605511367], [-50.31064057663869, -27.99678900153983], [-50.30972421922819, -27.99603012559518], [-50.30783259545832, -27.99489030712591], [-50.29975231140179, -27.98835279844042], [-50.29591284302207, -27.98635731426813], [-50.29530975047905, -27.98579509571791], [-50.29458581685539, -27.98592386557721], [-50.29306654369229, -27.98579732025436], [-50.29116127067676, -27.98590185096895], [-50.2906276769259, -27.98575672139243], [-50.28856611309985, -27.9865697742637], [-50.28614858676837, -27.98655410176511], [-50.2867517346116, -27.98904693163517], [-50.28670615480505, -27.99047296718784], [-50.28618157451119, -27.99166372805359]]]}}, {"type": "Feature", "properties": {"cod_imovel": "SC-4209300-C9ACC3A7A7BD4AD78357E3E07EF8B81A", "municipio": "Lages", "num_area": 294.1173, "mod_fiscal": 14.7059, "des_condic": "Aguardando analise", "ind_status": "AT", "dat_atuali": "02/05/2016"}, "geometry": {"type": "Polygon", "coordinates": [[[-50.38413763046265, -28.07544504518539], [-50.384159088134766, -28.075994092625827], [-50.3997802734375, -28.071109365097545], [-50.39938556012606, -28.0698171057411], [-50.39723652421407, -28.06976688566288], [-50.39722681045532, -28.06698178654637], [-50.3963041305542, -28.06686818122488], [-50.39530192219618, -28.06118731189051], [-50.392699241638184, -28.052552949842312], [-50.39527470490749, -28.04793452884388], [-50.39480370825385, -28.04823949142481], [-50.39443271816213, -28.04818107256797], [-50.39109797548031, -28.04722559386315], [-50.3890918996353, -28.04693873846974], [-50.38902558466616, -28.04716246168197], [-50.386948585510254, -28.04802697083926], [-50.38673400878906, -28.04844359611396], [-50.38718461990356, -28.049863897419662], [-50.38626194000244, -28.05022370410565], [-50.3857914826287, -28.05014550777345], [-50.38485648774055, -28.05069570907627], [-50.38503955244293, -28.05161452431588], [-50.38499453152065, -28.05250659613735], [-50.3844650076839, -28.05329226785808], [-50.38360118865967, -28.0536134027301], [-50.38523197174072, -28.055431297631852], [-50.38709878921509, -28.058101275038332], [-50.384180545806885, -28.05990015859366], [-50.38565646975017, -28.06380539058983], [-50.38571870865849, -28.06463869609767], [-50.3848671913147, -28.066035071864093], [-50.38388013839722, -28.066470561653865], [-50.3838586807251, -28.066887115453476], [-50.38448095321655, -28.067360470083848], [-50.38484573364258, -28.06948107323098], [-50.3853178024292, -28.07001121747824], [-50.385446548461914, -28.070427757551684], [-50.38439512252807, -28.0709200301019], [-50.3843092918396, -28.071450167248848], [-50.38450241088867, -28.07224536806434], [-50.38439512252807, -28.072908030914324], [-50.38460969924927, -28.073362425934715], [-50.38422898201036, -28.07372922587689], [-50.38463115692139, -28.074914927752367], [-50.38413763046265, -28.07544504518539]]]}}, {"type": "Feature", "properties": {"cod_imovel": "SC-4209300-CB5CE2190DDB4C7D92FECAA294DC681D", "municipio": "Lages", "num_area": 52.4113, "mod_fiscal": 2.6206, "des_condic": "Aguardando analise", "ind_status": "AT", "dat_atuali": "04/03/2015"}, "geometry": {"type": "Polygon", "coordinates": [[[-50.34778833389282, -28.026379174097883], [-50.34841060638428, -28.027193649493828], [-50.34879684448242, -28.0280649419315], [-50.35126447677612, -28.029599157122497], [-50.35375356674194, -28.030356786187046], [-50.35424749681516, -28.03076027228075], [-50.354440212249756, -28.030565133244764], [-50.35783241011237, -28.0317555442208], [-50.35861971565375, -28.02789269374312], [-50.35649607252805, -28.02720630973941], [-50.35789489746094, -28.0245797298628], [-50.35716533660889, -28.02387888554772], [-50.35677909851074, -28.02372735104182], [-50.355727672576904, -28.023841001941243], [-50.35362482070923, -28.02259083544841], [-50.352315902709954, -28.027174708275542], [-50.35071315237447, -28.02666399674655], [-50.35025596618652, -28.026095053323782], [-50.34920454025268, -28.026019287657377], [-50.34778833389282, -28.026379174097883]]]}}, {"type": "Feature", "properties": {"cod_imovel": "SC-4209300-D093998353AC45B89278A2A69DD5E2C1", "municipio": "Lages", "num_area": 288.748, "mod_fiscal": 14.4374, "des_condic": "Aguardando analise", "ind_status": "AT", "dat_atuali": "05/07/2016"}, "geometry": {"type": "Polygon", "coordinates": [[[-50.41359228420485, -28.00078377352101], [-50.4099585718569, -28.00259053230444], [-50.4096381670134, -28.00200232995833], [-50.4101530867781, -28.00179395028563], [-50.40991441209892, -28.00124450325081], [-50.40909875628491, -28.00059403326331], [-50.40847607251259, -28.00071508738025], [-50.40836147168752, -28.0002861498753], [-50.4060865866949, -28.0008569953458], [-50.40586125042501, -28.00254514985663], [-50.40545015326674, -28.00386295482906], [-50.40424256443324, -28.00544801157563], [-50.40401030118148, -28.00713198161806], [-50.40428007949971, -28.00775672247756], [-50.40419037876025, -28.00820016817471], [-50.40317392339968, -28.00971269016826], [-50.40353336453285, -28.01138021530365], [-50.40315112753812, -28.01187637092576], [-50.40205249369589, -28.01203950863428], [-50.40169381540184, -28.01228305832188], [-50.40103591824631, -28.01310329553645], [-50.40048363029128, -28.01326477638523], [-50.39906615350171, -28.01307367430006], [-50.39652187003423, -28.01030295125899], [-50.39857553422245, -28.00938616392488], [-50.39926647921205, -28.009224454371], [-50.39864412183883, -28.00806460379974], [-50.39752918742796, -28.0068782243816], [-50.39709627476828, -28.00758477223898], [-50.39657272417497, -28.00798533851792], [-50.39598395948409, -28.00881828904522], [-50.39518418755599, -28.00905021505457], [-50.39471210964685, -28.00968286539061], [-50.39373279456206, -28.00878946969288], [-50.39273642313314, -28.00969520873936], [-50.39167922678639, -28.01107622916846], [-50.39077569372282, -28.0125897070219], [-50.39199604993861, -28.01290145513358], [-50.39373190801543, -28.01360239687556], [-50.39408613730146, -28.01429089455345], [-50.39257151959839, -28.01753420090463], [-50.39171485157825, -28.01852246723157], [-50.38973990065575, -28.0202824876438], [-50.3893480008677, -28.02117750371441], [-50.38823259444097, -28.02231801512739], [-50.39324697887805, -28.02600173211627], [-50.40776380255977, -28.02156588798852], [-50.40632311414417, -28.01992400212663], [-50.40535967926527, -28.01800945648969], [-50.40526612348328, -28.01723932518415], [-50.40539605703466, -28.01603846838089], [-50.40437692956319, -28.01460894355688], [-50.40375272484658, -28.01212780550157], [-50.40450789376816, -28.01152002810973], [-50.40605545773896, -28.01098738056467], [-50.41549651228585, -28.00465085661713], [-50.41359228420485, -28.00078377352101]]]}}, {"type": "Feature", "properties": {"cod_imovel": "SC-4209300-D775D4DF33734338AED3F810320783FD", "municipio": "Lages", "num_area": 139.9905, "mod_fiscal": 6.9995, "des_condic": "Aguardando analise", "ind_status": "AT", "dat_atuali": "03/02/2016"}, "geometry": {"type": "Polygon", "coordinates": [[[-50.43757266, -28.13192984], [-50.44020078, -28.1311694], [-50.43967009, -28.13026612], [-50.43943423, -28.12913075], [-50.43951556, -28.12854549], [-50.43971455, -28.12790509], [-50.44054179, -28.12706946], [-50.44005188, -28.12612092], [-50.44041735, -28.12480795], [-50.44114646, -28.12367401], [-50.44117153, -28.12319937], [-50.4409354, -28.12242126], [-50.44160995, -28.12131688], [-50.44183697, -28.12042504], [-50.44143543, -28.11965071], [-50.44141526, -28.11762477], [-50.44087307, -28.1168543], [-50.44035843, -28.11704913], [-50.43956818, -28.11799797], [-50.43861384, -28.11836089], [-50.43825725, -28.1195432], [-50.43771068, -28.12038992], [-50.43753844, -28.12042447], [-50.43717187, -28.12148179], [-50.43675705, -28.12208625], [-50.43582326, -28.12292367], [-50.42625728, -28.11215015], [-50.42270664, -28.11384598], [-50.43757266, -28.13192984]]]}}, {"type": "Feature", "properties": {"cod_imovel": "SC-4209300-DD35227F75F6449A89C2D728EDFC2DA8", "municipio": "Lages", "num_area": 145.3935, "mod_fiscal": 7.2697, "des_condic": "Aguardando analise", "ind_status": "AT", "dat_atuali": "23/10/2016"}, "geometry": {"type": "Polygon", "coordinates": [[[-50.39418844, -28.11108414], [-50.39494138, -28.10884919], [-50.3889652, -28.10442604], [-50.37616141, -28.10855469], [-50.37625214, -28.10957907], [-50.37667146, -28.11102745], [-50.376676, -28.11211347], [-50.38416327, -28.1145617], [-50.38836515, -28.11575857], [-50.3893338, -28.1149725], [-50.39047771, -28.11468793], [-50.39138419, -28.11349472], [-50.3936183, -28.11224869], [-50.39397878, -28.11123281], [-50.39418844, -28.11108414]]]}}, {"type": "Feature", "properties": {"cod_imovel": "SC-4209300-E2DAB341AE05419F98735DC053D6862B", "municipio": "Lages", "num_area": 895.4555, "mod_fiscal": 44.7728, "des_condic": "Aguardando analise", "ind_status": "AT", "dat_atuali": "11/03/2016"}, "geometry": {"type": "Polygon", "coordinates": [[[-50.35489278000098, -28.06578749982599], [-50.354307220001004, -28.06581166982599], [-50.353659170000995, -28.066148059826002], [-50.352709170000985, -28.06533971982602], [-50.351546390001005, -28.065859999826003], [-50.347356110001, -28.0691333298259], [-50.3477358022899, -28.070287383254094], [-50.34766788513655, -28.071082440248063], [-50.34837425886983, -28.07287217787794], [-50.348280810750595, -28.073643648350004], [-50.346824348748115, -28.07410507079576], [-50.34539387116899, -28.075896061517806], [-50.343456009214755, -28.07742482412765], [-50.34299528261168, -28.07806596384768], [-50.342378516138545, -28.078541179885036], [-50.34141653532964, -28.0788259924758], [-50.34102154106084, -28.07919660871328], [-50.34119180465909, -28.079530481127712], [-50.34066576162536, -28.081632760510097], [-50.34009006258188, -28.081646197443778], [-50.34000921939628, -28.082422431327235], [-50.339714370696676, -28.082889246645745], [-50.33492532278254, -28.08139330216763], [-50.331179032069656, -28.08179970901158], [-50.325416319671746, -28.083464806281025], [-50.32285428682541, -28.085027938825945], [-50.32847583172736, -28.09951618291766], [-50.32970208522411, -28.100528490327587], [-50.329864794864875, -28.100935540028633], [-50.330354777611774, -28.100926328056687], [-50.33381423824856, -28.102334978130624], [-50.33420665902601, -28.102732316926254], [-50.336136641585846, -28.103722880730594], [-50.337814170001025, -28.104998889824675], [-50.338916940001006, -28.104628059824655], [-50.33967556000102, -28.103668889824686], [-50.340200000001026, -28.102680829824727], [-50.34026972000102, -28.1008766698248], [-50.340701744791815, -28.10034997025862], [-50.341481390001, -28.09982027982484], [-50.34307389000101, -28.099896389824845], [-50.34458667000101, -28.098809439824883], [-50.344497959691296, -28.0984887088136], [-50.34470999375271, -28.09818372740792], [-50.34442577881109, -28.098356136011432], [-50.343539589283516, -28.09832218683575], [-50.342839165974546, -28.09880318971531], [-50.34162446376517, -28.099110832470267], [-50.3409411390567, -28.099529453526724], [-50.34062147534476, -28.100012068502295], [-50.340802791197405, -28.10022499721156], [-50.34069013088936, -28.100337565800963], [-50.34046238904955, -28.100006149404024], [-50.3410008593619, -28.099305095159274], [-50.341648443853515, -28.09895242972855], [-50.34277403083648, -28.098680407669388], [-50.34347230317505, -28.098199347873138], [-50.344410215163485, -28.098220845130562], [-50.34451585971489, -28.09806197027547], [-50.342392937093315, -28.097049744417685], [-50.34200653781422, -28.09667000655981], [-50.341448807369396, -28.0966372826746], [-50.33999339344618, -28.096960077318435], [-50.33872672745235, -28.095699773695525], [-50.33860833624576, -28.095128688943394], [-50.338751909823735, -28.095025842335478], [-50.33940436061618, -28.095263510011506], [-50.339431815429144, -28.094434005518853], [-50.33981263118909, -28.09431362424917], [-50.34112735383405, -28.09279975345447], [-50.34744634987279, -28.094979416978596], [-50.34782175041409, -28.093777404200708], [-50.34793525222476, -28.092594297785222], [-50.34833969109792, -28.092084454223706], [-50.349064584000615, -28.089467371714317], [-50.34997014081239, -28.088119988632627], [-50.350147607265974, -28.08638820066699], [-50.3508199061983, -28.08501882677918], [-50.35113129847779, -28.085070667191676], [-50.351960238512824, -28.085837675734812], [-50.35331645885923, -28.086351285526586], [-50.355665917903046, -28.088523317790266], [-50.35593878946664, -28.089094588537044], [-50.35652996481699, -28.08975077210604], [-50.35747481273735, -28.090196636299655], [-50.35819240243807, -28.089719716762563], [-50.3604997359987, -28.088821756640677], [-50.36254192390986, -28.08877153187801], [-50.36560633324637, -28.087686027880796], [-50.36721926873268, -28.086213692261072], [-50.36831797938154, -28.08380804369049], [-50.3681731394979, -28.083155711215316], [-50.36705379658821, -28.08097629846446], [-50.36699884268918, -28.080271700349932], [-50.36730978896228, -28.078735307631007], [-50.36759362094002, -28.07797329814044], [-50.36925015903176, -28.075417997808206], [-50.36985846485101, -28.073768006244762], [-50.371114424232196, -28.07192095059113], [-50.365429650240564, -28.071780232851623], [-50.36046676283911, -28.070785033607283], [-50.35761588814365, -28.068028011679118], [-50.35587848088848, -28.065716357194532], [-50.35516778000098, -28.06527443982604], [-50.35489278000098, -28.06578749982599]]]}}, {"type": "Feature", "properties": {"cod_imovel": "SC-4209300-E6285BE54F2D483D9FCA37A72B530D4A", "municipio": "Lages", "num_area": 345.8979, "mod_fiscal": 17.2949, "des_condic": "Aguardando analise", "ind_status": "AT", "dat_atuali": "14/03/2016"}, "geometry": {"type": "Polygon", "coordinates": [[[-50.39982748, -28.07113877], [-50.38379519, -28.07612433], [-50.38324869, -28.07697379], [-50.3826666, -28.07735652], [-50.38240121, -28.07723599], [-50.38175453, -28.07782934], [-50.38097112, -28.07801697], [-50.38051434, -28.07853439], [-50.3790851, -28.0782033], [-50.37838686, -28.07826769], [-50.37823303, -28.07858012], [-50.37792767, -28.07872471], [-50.37808194, -28.07894831], [-50.37787261, -28.07949592], [-50.37746419, -28.07953276], [-50.3779943, -28.07995511], [-50.37878956, -28.07977986], [-50.38103978, -28.0806913], [-50.3838501, -28.08433199], [-50.38837655, -28.0880324], [-50.38880792, -28.08825471], [-50.38969378, -28.08816953], [-50.39083533, -28.08961943], [-50.39275477, -28.09070014], [-50.39305805, -28.09244658], [-50.39327442, -28.09277672], [-50.39526997, -28.09146066], [-50.4054581, -28.08616805], [-50.39982748, -28.07113877]]]}}, {"type": "Feature", "properties": {"cod_imovel": "SC-4209300-F1FF44613FA64A24B8C4E56583FEAA3A", "municipio": "Lages", "num_area": 162.2729, "mod_fiscal": 8.1136, "des_condic": "Aguardando analise", "ind_status": "AT", "dat_atuali": "25/04/2017"}, "geometry": {"type": "Polygon", "coordinates": [[[-50.45105731, -28.10492918], [-50.45101302, -28.10525108], [-50.45124505, -28.10558565], [-50.45053741, -28.10720622], [-50.44990829, -28.10735986], [-50.44943139, -28.10788747], [-50.44895306, -28.10813604], [-50.44738281, -28.10821725], [-50.44632527, -28.10757392], [-50.44559937, -28.10776448], [-50.44299199, -28.11007319], [-50.44327798, -28.11129749], [-50.44296048, -28.11167891], [-50.44336273, -28.11255729], [-50.44263203, -28.11394302], [-50.44222955, -28.11562267], [-50.45841057, -28.11941808], [-50.45865568, -28.11890759], [-50.45823591, -28.11788367], [-50.45627226, -28.11492641], [-50.45650553, -28.11446029], [-50.45751093, -28.11404718], [-50.45821957, -28.11297567], [-50.45798247, -28.11192539], [-50.45732148, -28.11056983], [-50.45703876, -28.10799516], [-50.45716608, -28.10741252], [-50.45105731, -28.10492918]]]}}, {"type": "Feature", "properties": {"cod_imovel": "SC-4209300-F7CBD6FBB58749E7A61264C364AAFD91", "municipio": "Lages", "num_area": 317.826, "mod_fiscal": 15.8913, "des_condic": "Aguardando analise", "ind_status": "AT", "dat_atuali": "20/06/2016"}, "geometry": {"type": "Polygon", "coordinates": [[[-50.45763664, -28.10767502], [-50.45736137, -28.1078106], [-50.45730867, -28.10803395], [-50.45755667, -28.11049823], [-50.45824362, -28.11201099], [-50.45848804, -28.11312552], [-50.4578114, -28.11420091], [-50.45663568, -28.11476024], [-50.45656031, -28.11511544], [-50.45857196, -28.11813177], [-50.45892617, -28.11903407], [-50.45862049, -28.11964166], [-50.46130998, -28.12399097], [-50.46300938, -28.12593024], [-50.47825002, -28.12693827], [-50.47855097, -28.12515539], [-50.47897568, -28.12483663], [-50.47912274, -28.12434347], [-50.47943079, -28.12444028], [-50.47940981, -28.12386355], [-50.4791206, -28.12372991], [-50.47933493, -28.12327417], [-50.47924265, -28.12176144], [-50.47953138, -28.12165897], [-50.47997804, -28.12055906], [-50.48029514, -28.12027303], [-50.48030816, -28.11983534], [-50.480659, -28.11964004], [-50.4807121, -28.1191008], [-50.48095159, -28.11886538], [-50.48094925, -28.11843448], [-50.48076289, -28.11832243], [-50.48080927, -28.118039], [-50.4810437, -28.11800786], [-50.48096782, -28.11765995], [-50.48158797, -28.11740676], [-50.45763664, -28.10767502]]]}}, {"type": "Feature", "properties": {"cod_imovel": "SC-4209300-FB30B428C7A04E44BDFCEB3477D572C0", "municipio": "Lages", "num_area": 770.2166, "mod_fiscal": 38.5108, "des_condic": "Aguardando analise", "ind_status": "AT", "dat_atuali": "02/04/2015"}, "geometry": {"type": "Polygon", "coordinates": [[[-50.262947380542755, -28.09105866989931], [-50.261724293231964, -28.090464740571303], [-50.2589026093483, -28.089601052617095], [-50.257312059402466, -28.088810712893746], [-50.255316495895386, -28.089265040631346], [-50.25459498167038, -28.089688604863202], [-50.25225341320038, -28.09297531185105], [-50.25027930736542, -28.093926521445844], [-50.24972677230835, -28.09442815097149], [-50.24835616350174, -28.09498183366932], [-50.247843861579895, -28.09548819055908], [-50.24417459964752, -28.094243589437482], [-50.2417927980423, -28.0829516058446], [-50.24399757385254, -28.082641603795643], [-50.24649202823639, -28.082591908727473], [-50.248726308345795, -28.081825181903834], [-50.25279521942139, -28.082700764561107], [-50.256308913230896, -28.082972903662434], [-50.257821679115295, -28.083510080559883], [-50.25972604751587, -28.085284874990908], [-50.260847210884094, -28.085968754615102], [-50.26041805744171, -28.083325500254993], [-50.26272475719452, -28.083538477501705], [-50.26148021221161, -28.078831581864062], [-50.26092767715454, -28.075513676268915], [-50.26060312986374, -28.07488179532595], [-50.26074528694153, -28.074259377130243], [-50.25639474391937, -28.073679554653893], [-50.25667369365692, -28.074626201978575], [-50.2560219168663, -28.074969359573604], [-50.25366961956024, -28.075454511544343], [-50.25288105010986, -28.074176545539522], [-50.25029271841049, -28.073989582571393], [-50.24902671575546, -28.074060581205206], [-50.24846613407135, -28.073920950514097], [-50.2487450838089, -28.07900907035945], [-50.248715579509735, -28.081787318708958], [-50.246462523937225, -28.082544580069733], [-50.24353623390198, -28.082653435951343], [-50.23824691772461, -28.083429622517276], [-50.22996962070465, -28.08290427734539], [-50.22999107837677, -28.083902904255172], [-50.22983014583588, -28.084290993723624], [-50.229347348213196, -28.084863659767546], [-50.22829860448837, -28.08681590741749], [-50.2283576130867, -28.08712826374733], [-50.229001343250275, -28.087828695849954], [-50.229028165340424, -28.088718427337103], [-50.22796332836151, -28.090964020027293], [-50.22701382637024, -28.092487872821945], [-50.22748053073883, -28.094780709942746], [-50.22792309522629, -28.09606552914478], [-50.22700309753418, -28.098675344736108], [-50.226638317108154, -28.09889065760354], [-50.2265390753746, -28.099127264651937], [-50.22668927907944, -28.102683405741587], [-50.228759944438934, -28.104039109137858], [-50.23114711046219, -28.105309621901547], [-50.23065894842148, -28.10711244659186], [-50.233343839645386, -28.10834506913106], [-50.23404657840729, -28.111072876330848], [-50.23567199707031, -28.111477428126268], [-50.2395236492157, -28.11282119155873], [-50.24124562740326, -28.11223448001809], [-50.2420449256897, -28.11024720740503], [-50.24181425571442, -28.110043746464402], [-50.24273157119751, -28.106546996964482], [-50.242871046066284, -28.10491451060565], [-50.243506729602814, -28.103639261226203], [-50.25652885437012, -28.098819675387293], [-50.261702835559845, -28.10312347887892], [-50.262306332588196, -28.102522518337572], [-50.26290714740753, -28.101398665772344], [-50.26377081871033, -28.100937291311084], [-50.26389688253403, -28.100601314814043], [-50.263599157333374, -28.09985127897937], [-50.2640175819397, -28.098573603340768], [-50.26502341032028, -28.097210732558807], [-50.26486247777939, -28.096455940772437], [-50.26367425918579, -28.094712091173335], [-50.263556241989136, -28.094314574680435], [-50.26362597942352, -28.094125280594916], [-50.26450037956238, -28.094063759945254], [-50.264795422554016, -28.093711198618987], [-50.2644145488739, -28.09289959331213], [-50.26437163352966, -28.092196828074396], [-50.2635857462883, -28.090708464956048], [-50.262947380542755, -28.09105866989931]]]}}, {"type": "Feature", "properties": {"cod_imovel": "SC-4209300-FF5FB54E70444D08A7977039724C66EA", "municipio": "Lages", "num_area": 317.2181, "mod_fiscal": 15.8609, "des_condic": "Aguardando analise", "ind_status": "AT", "dat_atuali": "29/01/2016"}, "geometry": {"type": "Polygon", "coordinates": [[[-50.33951098, -28.04360237], [-50.33777185, -28.0439547], [-50.3376549, -28.04415664], [-50.33827643, -28.04484418], [-50.33837096, -28.04533436], [-50.33938917, -28.04636091], [-50.33959293, -28.04691141], [-50.33935237, -28.04708571], [-50.33955075, -28.04749104], [-50.33940734, -28.0476135], [-50.33959469, -28.04768208], [-50.33956634, -28.04785037], [-50.33997559, -28.04797436], [-50.34012957, -28.04830159], [-50.34015873, -28.04859234], [-50.33979161, -28.0493531], [-50.33997187, -28.04938599], [-50.33960106, -28.04972374], [-50.33966266, -28.05004601], [-50.33943892, -28.05009506], [-50.33973035, -28.05032654], [-50.3394998, -28.05047976], [-50.3396719, -28.05051889], [-50.3395644, -28.0507979], [-50.33999066, -28.05115323], [-50.34024704, -28.05109657], [-50.34035641, -28.05152198], [-50.34062193, -28.05166193], [-50.34083611, -28.05250473], [-50.34064871, -28.05265227], [-50.34079669, -28.05276358], [-50.34081476, -28.05311885], [-50.34094764, -28.053107], [-50.34095801, -28.05348294], [-50.34112095, -28.05354095], [-50.34096445, -28.05379168], [-50.3412094, -28.05391009], [-50.34090949, -28.05403533], [-50.34111641, -28.05448119], [-50.34136406, -28.05426534], [-50.34157162, -28.05434117], [-50.34156234, -28.05530615], [-50.34215045, -28.05548862], [-50.34335105, -28.05545278], [-50.34360957, -28.05571561], [-50.34363652, -28.0561151], [-50.34323344, -28.05726267], [-50.3428746, -28.05772007], [-50.34322758, -28.05945865], [-50.34310725, -28.05968302], [-50.34218209, -28.05998093], [-50.33999381, -28.06019205], [-50.33925296, -28.06061809], [-50.33920036, -28.06119159], [-50.34003623, -28.06168119], [-50.34191627, -28.06345535], [-50.34314709, -28.06485696], [-50.34649144, -28.0677163], [-50.34735618, -28.06913338], [-50.35154632, -28.06586012], [-50.35270912, -28.06533983], [-50.35365915, -28.06614814], [-50.3543072, -28.06581177], [-50.35489288, -28.06578748], [-50.35521559, -28.06489853], [-50.35441617, -28.06366711], [-50.35971628, -28.05781051], [-50.35894752, -28.05602773], [-50.35727251, -28.05309069], [-50.35620024, -28.05165368], [-50.35529956, -28.05217246], [-50.35416575, -28.05147199], [-50.35274609, -28.05018702], [-50.35168603000001, -28.04896793], [-50.35146803, -28.04864046], [-50.35153636, -28.04845435], [-50.35105506, -28.04812154], [-50.35047642, -28.04844289], [-50.34990626, -28.04907542], [-50.34766233, -28.04744582], [-50.34688113, -28.04705482], [-50.34607202, -28.0471694], [-50.34553656, -28.04745631], [-50.34548962, -28.0476637], [-50.34475734, -28.04795773], [-50.34299826, -28.04664087], [-50.34222618, -28.04654098], [-50.3418104, -28.04628624], [-50.34218084, -28.04619517], [-50.34311675, -28.04525063], [-50.34296457, -28.04478241], [-50.34311035, -28.04427029], [-50.34280859, -28.0436251], [-50.34193359, -28.04426931], [-50.34101216, -28.04452782], [-50.34054241, -28.04451547], [-50.33951039, -28.04376067], [-50.33951098, -28.04360237]]]}}, {"type": "Feature", "properties": {"cod_imovel": "SC-4209300-014574B8BEB04D8593010ABDFE8A8B2F", "municipio": "Lages", "num_area": 237.0839, "mod_fiscal": 11.8542, "des_condic": "Aguardando analise", "ind_status": "AT", "dat_atuali": "04/05/2016"}, "geometry": {"type": "Polygon", "coordinates": [[[-50.25750533297407, -28.1531614005848], [-50.25607116515841, -28.1524407632055], [-50.25395200617044, -28.15170071343713], [-50.2531719726567, -28.15068058161727], [-50.25092102032635, -28.14512681340857], [-50.24845419363979, -28.14620213815044], [-50.24582185802107, -28.15060615631354], [-50.24545536850164, -28.15167303978684], [-50.2428347514857, -28.15537749122786], [-50.24084675019626, -28.16014315332118], [-50.24069547599058, -28.16166188604888], [-50.2409092242033, -28.16418102925809], [-50.24206931564567, -28.16486106380346], [-50.24503540908755, -28.16602657004328], [-50.24683387336908, -28.16634745383191], [-50.24851986462222, -28.16531311142255], [-50.24882745232556, -28.16462489297777], [-50.25051532869437, -28.16557868625331], [-50.25164726229285, -28.16363591944383], [-50.25317107112821, -28.16428542250987], [-50.2580669236913, -28.16463769455219], [-50.25741699340599, -28.16354082670441], [-50.25767241623981, -28.16169224144936], [-50.25677677029616, -28.161645317498], [-50.25606485561736, -28.16111321874059], [-50.25564878494417, -28.16045297589452], [-50.25480637340979, -28.15997162086364], [-50.25353194756436, -28.15816665756298], [-50.25347665991139, -28.15756961766317], [-50.25762003793888, -28.15434273765719], [-50.25750533297407, -28.1531614005848]]]}}, {"type": "Feature", "properties": {"cod_imovel": "SC-4209300-AB78E40F93274B4A9700F94C0C50433D", "municipio": "Lages", "num_area": 308.8024, "mod_fiscal": 15.4401, "des_condic": "Aguardando analise", "ind_status": "AT", "dat_atuali": "04/05/2016"}, "geometry": {"type": "Polygon", "coordinates": [[[-50.41812494, -28.06587495], [-50.41656581, -28.06711413], [-50.41599248, -28.06707327], [-50.41497884, -28.06580532], [-50.41126384, -28.06315491], [-50.39274288, -28.05239765], [-50.39704571, -28.06688425], [-50.39745683, -28.06691694], [-50.39726389, -28.06978694], [-50.40348194, -28.07019112], [-50.40347072, -28.07031819], [-50.41738271, -28.07084484], [-50.41715104, -28.07212852], [-50.41730855, -28.0723029], [-50.41731944, -28.07275721], [-50.41669475, -28.07338796], [-50.41650487, -28.07382475], [-50.41648023, -28.07452617], [-50.41831135, -28.07544569], [-50.41922438, -28.07630594], [-50.41953963, -28.07622458], [-50.41926672, -28.07375221], [-50.41972125, -28.07271243], [-50.42005879, -28.0724348], [-50.42109526, -28.0724129], [-50.42540317, -28.07176947], [-50.4263026, -28.0718037], [-50.4270638, -28.07138158], [-50.42828316, -28.0710045], [-50.42867983, -28.06962088], [-50.42802551, -28.06887497], [-50.42780441, -28.06827532], [-50.4272677, -28.06778263], [-50.42715077, -28.0674173], [-50.41812494, -28.06587495]]]}}, {"type": "Feature", "properties": {"cod_imovel": "SC-4209300-B91315EC93CF4587891441E462919B38", "municipio": "Lages", "num_area": 504.6067, "mod_fiscal": 25.2303, "des_condic": "Aguardando analise", "ind_status": "AT", "dat_atuali": "15/09/2015"}, "geometry": {"type": "Polygon", "coordinates": [[[-50.42964547699057, -28.22583029465508], [-50.42920767074565, -28.22407029408311], [-50.40950058813053, -28.22117651888335], [-50.40922279313917, -28.22133860698025], [-50.4092502255563, -28.22409714044585], [-50.40630616758405, -28.22439964277899], [-50.4016400990538, -28.22788741868299], [-50.40147898485986, -28.23172158032558], [-50.4010683992751, -28.23331611670215], [-50.40096060797113, -28.23445103493605], [-50.40027035686983, -28.23609999198967], [-50.39895145540618, -28.23752781250007], [-50.39776042252697, -28.24041104295237], [-50.3975513063037, -28.24135208495477], [-50.39831090361877, -28.24248989610678], [-50.39996137164649, -28.24292066229542], [-50.40146536124923, -28.2430696153844], [-50.40394782700862, -28.24303822021032], [-50.40496210047784, -28.24278237898447], [-50.40619333087341, -28.24302381632816], [-50.40733609724856, -28.24298725637097], [-50.40986598999665, -28.24244428537801], [-50.41121437678546, -28.24274938795956], [-50.41237894516222, -28.24268500893709], [-50.41332859176929, -28.24338040958868], [-50.41470619909571, -28.24299749315779], [-50.41546913869836, -28.24218455501046], [-50.41553755965645, -28.23956033475921], [-50.41522400959558, -28.23874022533523], [-50.41576006720275, -28.2379349302285], [-50.41653782295911, -28.2378925819697], [-50.4178786483421, -28.23736408144295], [-50.41921836229619, -28.23632233654338], [-50.42336812614634, -28.23468891668815], [-50.42664285000508, -28.2342480887507], [-50.42813600372745, -28.23424944874755], [-50.4290186607038, -28.23444598215244], [-50.43014591674287, -28.23065244857054], [-50.42934824745213, -28.22774503817477], [-50.42964547699057, -28.22583029465508]]]}}, {"type": "Feature", "properties": {"cod_imovel": "SC-4209300-505EB08AEDEF488389886475C590D438", "municipio": "Lages", "num_area": 51.4005, "mod_fiscal": 2.57, "des_condic": "Aguardando analise", "ind_status": "AT", "dat_atuali": "10/09/2015"}, "geometry": {"type": "Polygon", "coordinates": [[[-50.38255164, -28.09440301], [-50.38732392, -28.10105713], [-50.38768528, -28.10024129], [-50.39216607, -28.09801506], [-50.39290443, -28.09844762], [-50.39190694, -28.09673655], [-50.39254307, -28.09524374], [-50.39237525, -28.0950799], [-50.39152117, -28.09527106], [-50.39046018, -28.09446601], [-50.39022431, -28.09391757], [-50.3890487, -28.0936455], [-50.38816854, -28.09306628], [-50.38830589, -28.09251739], [-50.38809468, -28.09238078], [-50.38752327, -28.09296297], [-50.38651673, -28.09305925], [-50.3862876, -28.09293869], [-50.38631432, -28.09252017], [-50.38594123, -28.09234184], [-50.38553061, -28.09297763], [-50.38455909, -28.09345202], [-50.38421895, -28.0933497], [-50.38255164, -28.09440301]]]}}, {"type": "Feature", "properties": {"cod_imovel": "SC-4209300-8FF527924F4F4E4AACDF30E0F39DC220", "municipio": "Lages", "num_area": 456.6129, "mod_fiscal": 22.8306, "des_condic": "Aguardando analise", "ind_status": "AT", "dat_atuali": "24/08/2015"}, "geometry": {"type": "Polygon", "coordinates": [[[-50.25211006280451, -28.18888082688504], [-50.25504882908847, -28.18163572364951], [-50.24387656980937, -28.17824500240299], [-50.24274178552641, -28.1788813993859], [-50.24228404225561, -28.17964796237017], [-50.24155108380774, -28.17985178703464], [-50.2405434489222, -28.17966529980102], [-50.23910279103746, -28.17966005561837], [-50.23832520674419, -28.1798821780173], [-50.23810270025898, -28.18037251147297], [-50.23757563198286, -28.18055790727795], [-50.23659729405782, -28.18067800277728], [-50.23410510039069, -28.18140471101062], [-50.23396564738954, -28.18175460635458], [-50.23305198151876, -28.18240728260638], [-50.23310918011885, -28.18279744572356], [-50.23348204829279, -28.18313576280209], [-50.23362075399179, -28.18357611748463], [-50.23249496445019, -28.18438155356802], [-50.23156031118905, -28.1844126952039], [-50.23126050016811, -28.184503243042], [-50.23116896756702, -28.18472765773193], [-50.23204957275852, -28.18677937400523], [-50.23114399899784, -28.18868561473965], [-50.23095453334951, -28.18873886320483], [-50.23017698650303, -28.18817351315369], [-50.22987949202519, -28.1881366642068], [-50.22919210144495, -28.18861366506894], [-50.22844231051831, -28.1897864732159], [-50.22791121483387, -28.19011703481913], [-50.22705359879782, -28.19032659986286], [-50.2254128684301, -28.19153104567105], [-50.23794927001571, -28.20123228170046], [-50.24016706639441, -28.20113908684174], [-50.2413721659503, -28.20185753172224], [-50.24345155843846, -28.20176953730933], [-50.2440862768842, -28.20135976905747], [-50.2441830313483, -28.19996267881632], [-50.24468590660698, -28.19925163762871], [-50.24629048325241, -28.20052665086403], [-50.24752835468416, -28.20117340875365], [-50.25045581174013, -28.20209730360796], [-50.25243969118122, -28.20294224527116], [-50.25294607425905, -28.20239097867354], [-50.25428917301549, -28.19905061689157], [-50.24568751697843, -28.19524435879883], [-50.24531745692098, -28.19267922049149], [-50.24563268281926, -28.19215760899055], [-50.24593607815451, -28.19197659702246], [-50.24614244493442, -28.19141354936234], [-50.24744072587961, -28.19094762532462], [-50.24875680621432, -28.1898798248072], [-50.25084635074207, -28.18938844726358], [-50.25129492025649, -28.18909966660624], [-50.25211006280451, -28.18888082688504]]]}}, {"type": "Feature", "properties": {"cod_imovel": "SC-4209300-F9B547A5988B42878861A3D27630A9E7", "municipio": "Lages", "num_area": 105.9383, "mod_fiscal": 5.2969, "des_condic": "Aguardando analise", "ind_status": "AT", "dat_atuali": "28/09/2015"}, "geometry": {"type": "Polygon", "coordinates": [[[-50.25084835710428, -28.14498394128785], [-50.24954230385205, -28.13958269937628], [-50.24882594934356, -28.13841498822239], [-50.24543642891975, -28.13648273625904], [-50.24488470224819, -28.13592029618849], [-50.24451118474726, -28.13490090686706], [-50.23847586947152, -28.14124274131088], [-50.23812116317403, -28.1421077254959], [-50.24070751139789, -28.14427292189389], [-50.24082135166952, -28.14536261933059], [-50.24036427914814, -28.14594382092712], [-50.24017286865052, -28.14806656549905], [-50.24085254957877, -28.14762302489175], [-50.24302535903101, -28.14718173472146], [-50.24453927642096, -28.14656064371833], [-50.24562543895709, -28.14647353515312], [-50.24745535968152, -28.14671795093687], [-50.24823465225513, -28.14662167977875], [-50.24937292330875, -28.14568357416487], [-50.25084835710428, -28.14498394128785]]]}}, {"type": "Feature", "properties": {"cod_imovel": "SC-4209300-15D01AF062684682B6CFFA4087E12F29", "municipio": "Lages", "num_area": 7.5883, "mod_fiscal": 0.3794, "des_condic": "Aguardando analise", "ind_status": "AT", "dat_atuali": "09/10/2015"}, "geometry": {"type": "Polygon", "coordinates": [[[-50.2891657, -28.228324], [-50.28335827, -28.2270172], [-50.28293301, -28.22817401], [-50.28453335, -28.22839159], [-50.28725127, -28.2291442], [-50.28892233, -28.22928234], [-50.2891657, -28.228324]]]}}, {"type": "Feature", "properties": {"cod_imovel": "SC-4209300-DDAB2966C6054270BF185246EB356EA0", "municipio": "Lages", "num_area": 52.7834, "mod_fiscal": 2.6392, "des_condic": "Aguardando analise", "ind_status": "AT", "dat_atuali": "09/10/2015"}, "geometry": {"type": "Polygon", "coordinates": [[[-50.28335827, -28.2270172], [-50.2891657, -28.228324], [-50.28917933, -28.22776419], [-50.28980455, -28.22728382], [-50.29116572, -28.22714947], [-50.29341675, -28.22746605], [-50.29622935, -28.22828518], [-50.29687799, -28.22589897], [-50.29513751, -28.2251131], [-50.29328995, -28.22399566], [-50.29245287, -28.22317917], [-50.29044143, -28.22207733], [-50.28522111, -28.22468367], [-50.28423495, -28.22461066], [-50.28335827, -28.2270172]]]}}, {"type": "Feature", "properties": {"cod_imovel": "SC-4209300-C3D1C039F763454D89CD088F55CAEC90", "municipio": "Lages", "num_area": 32.9131, "mod_fiscal": 1.6457, "des_condic": "Aguardando analise", "ind_status": "AT", "dat_atuali": "25/12/2017"}, "geometry": {"type": "Polygon", "coordinates": [[[-50.34005331431884, -28.03471532399729], [-50.34618783636301, -28.03784593461328], [-50.34822055799999, -28.03406819021662], [-50.34790736799993, -28.03389693721661], [-50.35038059490483, -28.03226091580571], [-50.34715067441437, -28.03123086720332], [-50.34005331431884, -28.03471532399729]]]}}, {"type": "Feature", "properties": {"cod_imovel": "SC-4209300-B64385814A2641F5BAEFDE8F2393B5C0", "municipio": "Lages", "num_area": 7.9379, "mod_fiscal": 0.3969, "des_condic": "Aguardando analise", "ind_status": "AT", "dat_atuali": "25/12/2017"}, "geometry": {"type": "Polygon", "coordinates": [[[-50.36688248557605, -28.02057656104505], [-50.35920826815545, -28.02011728797745], [-50.3643595190585, -28.0223102688094], [-50.36688248557605, -28.02057656104505]]]}}, {"type": "Feature", "properties": {"cod_imovel": "SC-4209300-8497DF0F0593455F8F63FEA3B4265E14", "municipio": "Lages", "num_area": 29.315, "mod_fiscal": 1.4658, "des_condic": "Aguardando analise", "ind_status": "AT", "dat_atuali": "25/12/2017"}, "geometry": {"type": "Polygon", "coordinates": [[[-50.36372804925421, -28.02038773181363], [-50.36688248557605, -28.02057656104505], [-50.36606117628817, -28.01180524544228], [-50.36297014795141, -28.01181737151873], [-50.36372804925421, -28.02038773181363]]]}}, {"type": "Feature", "properties": {"cod_imovel": "SC-4209300-72D788676B72492B826262006AF33AAD", "municipio": "Lages", "num_area": 54.2, "mod_fiscal": 2.71, "des_condic": "Aguardando analise", "ind_status": "AT", "dat_atuali": "02/05/2016"}, "geometry": {"type": "Polygon", "coordinates": [[[-50.39027452468872, -28.009141156642574], [-50.38510322570801, -28.01728693737335], [-50.39008140563965, -28.020241998534416], [-50.3923773765564, -28.01789311037712], [-50.3933985654025, -28.01602177168077], [-50.39404265903583, -28.01443741587444], [-50.39394833200934, -28.01401206762759], [-50.39332151412964, -28.01353616603451], [-50.39053201675415, -28.012664756012885], [-50.39207696914673, -28.010391479291023], [-50.39027452468872, -28.009141156642574]]]}}, {"type": "Feature", "properties": {"cod_imovel": "SC-4209300-82CFCDF4FD4446A38875572C29E477A9", "municipio": "Lages", "num_area": 223.1973, "mod_fiscal": 11.1599, "des_condic": "Aguardando analise", "ind_status": "AT", "dat_atuali": "25/12/2017"}, "geometry": {"type": "Polygon", "coordinates": [[[-50.33350690742485, -28.03384554869892], [-50.33147685063979, -28.0293467335315], [-50.31658053820163, -28.04039542711886], [-50.31677985074636, -28.04130251638094], [-50.31869246661459, -28.04310997048562], [-50.32029068979881, -28.04409234270198], [-50.32082546529543, -28.04463815674538], [-50.3210816391542, -28.04468474835731], [-50.32307109118694, -28.04702848910173], [-50.32366262585319, -28.04727463699335], [-50.32354986583914, -28.04837161434279], [-50.32408927834855, -28.04921918145421], [-50.32402212572041, -28.05039496549596], [-50.3373170682828, -28.04003688678352], [-50.33689501564681, -28.0399007505325], [-50.33640966877853, -28.03933092922583], [-50.33640680405504, -28.03909589942666], [-50.33662170699995, -28.03890759421653], [-50.33507050287365, -28.03730451842079], [-50.33383462782547, -28.03500311144392], [-50.33350690742485, -28.03384554869892]]]}}, {"type": "Feature", "properties": {"cod_imovel": "SC-4209300-43CB7B50670344049315F9A060767F9A", "municipio": "Lages", "num_area": 111.7094, "mod_fiscal": 5.5855, "des_condic": "Aguardando analise", "ind_status": "AT", "dat_atuali": "31/05/2018"}, "geometry": {"type": "Polygon", "coordinates": [[[-50.3245033259699, -28.024960612275844], [-50.32384156634488, -28.02523494955512], [-50.32282714510016, -28.026395697346207], [-50.323020035971766, -28.027564272002635], [-50.32331681335754, -28.028126072324415], [-50.32055403302718, -28.03074451827475], [-50.318618240209844, -28.033249021708652], [-50.31773488021871, -28.034745529333453], [-50.314111428076544, -28.037668864261473], [-50.31462985940887, -28.037745613950758], [-50.314686915601754, -28.038371616964227], [-50.31530741574865, -28.03907436055894], [-50.31598472409133, -28.039348604574013], [-50.316578572258244, -28.040391336448703], [-50.331476851000936, -28.029346733827197], [-50.329746601000956, -28.02558736082734], [-50.32958612304011, -28.024522863074147], [-50.32923014062367, -28.025090827227178], [-50.32814519340868, -28.02544822019038], [-50.32760878231565, -28.02535726446759], [-50.32659690835347, -28.025482242779557], [-50.32585267955132, -28.025099656409353], [-50.32518570222903, -28.024438137405483], [-50.32477253583902, -28.02459427376826], [-50.3245033259699, -28.024960612275844]]]}}, {"type": "Feature", "properties": {"cod_imovel": "SC-4209300-AB31C8A00C6C4F0FBD14A61F6AD9C667", "municipio": "Lages", "num_area": 183.7464, "mod_fiscal": 9.1873, "des_condic": "Aguardando analise", "ind_status": "AT", "dat_atuali": "29/09/2014"}, "geometry": {"type": "Polygon", "coordinates": [[[-50.259060859680176, -28.171031608094953], [-50.25764465332031, -28.170312803580348], [-50.25352478027344, -28.168799515132612], [-50.25273084640503, -28.168648185110637], [-50.25094985961914, -28.167815866163984], [-50.25004863739013, -28.167683451189152], [-50.24826765060425, -28.166756541777225], [-50.24569272994995, -28.166491709041903], [-50.24421215057373, -28.16547020520882], [-50.2439546585083, -28.166151208847676], [-50.243375301361084, -28.16991556743463], [-50.2430534362793, -28.170747870047673], [-50.24268865585327, -28.171088355614096], [-50.24245262145996, -28.17165582915013], [-50.24243116378784, -28.172734020575874], [-50.24301052093506, -28.173793285780334], [-50.24301052093506, -28.17417159223999], [-50.24369716644287, -28.175268673407274], [-50.24223804473877, -28.17647923267176], [-50.251078605651855, -28.180375627281535], [-50.25513410568237, -28.181680698593738], [-50.259060859680176, -28.171031608094953]]]}}, {"type": "Feature", "properties": {"cod_imovel": "SC-4209300-0C84B8495F034C4D8C0F6BAF9E7F1A4E", "municipio": "Lages", "num_area": 63.3807, "mod_fiscal": 3.169, "des_condic": "Aguardando analise", "ind_status": "AT", "dat_atuali": "14/03/2016"}, "geometry": {"type": "Polygon", "coordinates": [[[-50.38661296, -28.08652815], [-50.38272311, -28.08953727], [-50.38310086, -28.0900825], [-50.38363243, -28.09149089], [-50.38450382, -28.091941], [-50.38433369, -28.09236844], [-50.38470872, -28.09291173], [-50.38455909, -28.09345202], [-50.38553061, -28.09297763], [-50.38594123, -28.09234184], [-50.38631432, -28.09252017], [-50.3862876, -28.09293869], [-50.38651673, -28.09305925], [-50.38752327, -28.09296297], [-50.38809468, -28.09238078], [-50.38830589, -28.09251739], [-50.38816854, -28.09306628], [-50.3890487, -28.0936455], [-50.39022431, -28.09391757], [-50.39046018, -28.09446601], [-50.39152117, -28.09527106], [-50.39237525, -28.0950799], [-50.39254307, -28.09524374], [-50.39190694, -28.09673655], [-50.39290443, -28.09844762], [-50.39343316, -28.09736408], [-50.39433674, -28.09749853], [-50.39518701, -28.09607796], [-50.39305805, -28.09244658], [-50.39275477, -28.09070014], [-50.39083533, -28.08961943], [-50.38969378, -28.08816953], [-50.38880792, -28.08825471], [-50.38837655, -28.0880324], [-50.38661296, -28.08652815]]]}}, {"type": "Feature", "properties": {"cod_imovel": "SC-4209300-BE37295CC2034882ACC97CB901C3A7F4", "municipio": "Lages", "num_area": 181.4747, "mod_fiscal": 9.0737, "des_condic": "Aguardando analise", "ind_status": "AT", "dat_atuali": "03/10/2019"}, "geometry": {"type": "Polygon", "coordinates": [[[-50.4530371361111, -28.1287721658764], [-50.4528626083333, -28.1293340519875], [-50.4528938666667, -28.1302345019874], [-50.4532416444444, -28.1307780186541], [-50.4537434472222, -28.1322619992096], [-50.453581375, -28.1339946714318], [-50.4536673472222, -28.1357440353207], [-50.4528193944444, -28.137383818654], [-50.4523391, -28.137768143654], [-50.47079295, -28.1414487103206], [-50.4721315305556, -28.1413828575428], [-50.4726677611111, -28.1409779630984], [-50.4737064666667, -28.1405960186539], [-50.4738824888889, -28.1396790575428], [-50.474198875, -28.1394132464317], [-50.4738586972222, -28.1390234408762], [-50.4739290944444, -28.1386692075428], [-50.4737036972222, -28.1386598742095], [-50.4739687611111, -28.1378140242095], [-50.4743279333333, -28.137451643654], [-50.4740745166667, -28.1369651047651], [-50.4738003555556, -28.1369036019873], [-50.4739201805556, -28.1362224214318], [-50.4743144583333, -28.1358209464318], [-50.4746243138889, -28.1359479047651], [-50.4746324027778, -28.1352563492096], [-50.4744587333333, -28.1350007103207], [-50.4530371361111, -28.1287721658764]]]}}, {"type": "Feature", "properties": {"cod_imovel": "SC-4209300-E545C0F5E84A4A6FB94139A43A6486A3", "municipio": "Lages", "num_area": 302.2799, "mod_fiscal": 15.114, "des_condic": "Aguardando analise", "ind_status": "AT", "dat_atuali": "19/12/2016"}, "geometry": {"type": "Polygon", "coordinates": [[[-50.25513348677163, -27.979610688958946], [-50.25363689789908, -27.98165931794138], [-50.25357956310448, -27.982067672169247], [-50.2532959227137, -27.98216980650921], [-50.25304026213406, -27.98256459045993], [-50.24807235345039, -27.990987067234812], [-50.25291098391282, -28.00374450078176], [-50.26623047414169, -27.99323458115279], [-50.26848657823057, -27.99016778939229], [-50.268044858226915, -27.98884436186485], [-50.25601666723179, -27.977899293004167], [-50.25513348677163, -27.979610688958946]]]}}, {"type": "Feature", "properties": {"cod_imovel": "SC-4209300-1F598D1CA6034B6FABFA2BDA9BD8B5A9", "municipio": "Lages", "num_area": 441.9278, "mod_fiscal": 22.0964, "des_condic": "Aguardando analise", "ind_status": "AT", "dat_atuali": "05/05/2016"}, "geometry": {"type": "Polygon", "coordinates": [[[-50.37323543, -28.05265004], [-50.37290065, -28.05269778], [-50.37239481, -28.04702509], [-50.3687406, -28.04072487], [-50.36931653, -28.03721003], [-50.36863631, -28.03700493], [-50.36768488, -28.03627186], [-50.36606024, -28.03637508], [-50.36448635, -28.03597061], [-50.36246585, -28.03478343], [-50.35662973, -28.04211691], [-50.35809887, -28.04287552], [-50.35923693, -28.04427512], [-50.35831304, -28.0464018], [-50.36062729, -28.04896146], [-50.35620024, -28.05165368], [-50.35727251, -28.05309069], [-50.35894752, -28.05602773], [-50.35971628, -28.05781051], [-50.35441617, -28.06366711], [-50.35521559, -28.06489853], [-50.3551677, -28.06527455], [-50.35604216, -28.06581335], [-50.35761757, -28.06802732], [-50.3604668, -28.0707852], [-50.36542891, -28.07178012], [-50.37144399, -28.07193711], [-50.37115991, -28.07107286], [-50.37035901, -28.07056221], [-50.3699692, -28.06959422], [-50.36856527, -28.06830224], [-50.36842362, -28.06790055], [-50.36781518, -28.06731602], [-50.3663717, -28.06628384], [-50.36498385, -28.06602508], [-50.36454302, -28.06516284], [-50.36455236, -28.06443459], [-50.36422746, -28.06365577], [-50.36310308, -28.06263543], [-50.36879238, -28.05725311], [-50.37359942, -28.05733424], [-50.37342337, -28.05562207], [-50.37359303, -28.0539868], [-50.37376536, -28.05356601], [-50.37369783, -28.05320383], [-50.37323543, -28.05265004]]]}}, {"type": "Feature", "properties": {"cod_imovel": "SC-4209300-DDF1AD5061994FADBAEF444FF90927F7", "municipio": "Lages", "num_area": 9.129, "mod_fiscal": 0.4565, "des_condic": "Aguardando analise", "ind_status": "AT", "dat_atuali": "29/10/2014"}, "geometry": {"type": "Polygon", "coordinates": [[[-50.25513410568237, -28.20677657963893], [-50.25902691078604, -28.2058097381476], [-50.26197910308838, -28.204261583728147], [-50.26107788085937, -28.20333499136274], [-50.25902849588536, -28.20503751229334], [-50.25818438648942, -28.20509395143083], [-50.25719547125169, -28.20437965918045], [-50.25480333563264, -28.20579045337869], [-50.25513410568237, -28.20677657963893]]]}}, {"type": "Feature", "properties": {"cod_imovel": "SC-4209300-98D8A355D08E47F58A0F3D601BD64E81", "municipio": "Lages", "num_area": 48.0444, "mod_fiscal": 2.4022, "des_condic": "Aguardando analise", "ind_status": "AT", "dat_atuali": "30/07/2018"}, "geometry": {"type": "Polygon", "coordinates": [[[-50.26387006044388, -28.101079252895076], [-50.273703038692474, -28.100968049670218], [-50.27291178703308, -28.09506464921189], [-50.265184342861176, -28.097135017007865], [-50.264969766139984, -28.097646095939982], [-50.26415169239044, -28.098635121405287], [-50.26376008987427, -28.1000192685336], [-50.264044404029846, -28.100639171373338], [-50.26387006044388, -28.101079252895076]]]}}, {"type": "Feature", "properties": {"cod_imovel": "SC-4209300-059A15DD56F3421EB58D4ED9274CB299", "municipio": "Lages", "num_area": 186.4284, "mod_fiscal": 9.3214, "des_condic": "Aguardando analise", "ind_status": "AT", "dat_atuali": "15/12/2015"}, "geometry": {"type": "Polygon", "coordinates": [[[-50.25276160892432, -28.00342222996714], [-50.24954222996117, -27.99492760693375], [-50.24440524807099, -27.99592814903529], [-50.24280883303899, -27.99142435496073], [-50.2373803987449, -27.99200182563324], [-50.23824732704601, -27.9967068078067], [-50.2384344119194, -27.99717759297923], [-50.2391474175965, -27.99799090543739], [-50.23968112823633, -28.00043249513359], [-50.23964512904634, -28.00147861598761], [-50.23919431095721, -28.00251213760196], [-50.23919983489286, -28.00332806564617], [-50.2398201281601, -28.00424146048941], [-50.24008753104022, -28.00516133782698], [-50.23996207310897, -28.00588624296037], [-50.24138028896723, -28.00712626979128], [-50.2415903479721, -28.00713000340095], [-50.24218203996456, -28.00780144651377], [-50.24253934183552, -28.00948069329479], [-50.25367583240557, -28.00510659240771], [-50.25276160892432, -28.00342222996714]]]}}, {"type": "Feature", "properties": {"cod_imovel": "SC-4209300-10DA5FE279384099B4F52A4BF000ABE9", "municipio": "Lages", "num_area": 122.4073, "mod_fiscal": 6.1204, "des_condic": "Aguardando analise", "ind_status": "AT", "dat_atuali": "12/10/2021"}, "geometry": {"type": "Polygon", "coordinates": [[[-50.38714359, -28.04768469], [-50.38082843, -28.04511514], [-50.38019802, -28.04465591], [-50.379935, -28.04482023], [-50.37957225, -28.04832687], [-50.37577403, -28.05154174], [-50.38085333, -28.05716316], [-50.38375319, -28.05975049], [-50.3893038, -28.05623784], [-50.38911687, -28.05476294], [-50.38683007, -28.04979039], [-50.38683214, -28.04920975], [-50.38653407, -28.04895303], [-50.38647754, -28.04868763], [-50.38677746, -28.04852024], [-50.38656726, -28.04848903], [-50.386676, -28.04833299], [-50.38644442, -28.04796451], [-50.38691516, -28.048012], [-50.38714359, -28.04768469]]]}}, {"type": "Feature", "properties": {"cod_imovel": "SC-4209300-283B6C3234D54C4A9CCEA7C392A50A15", "municipio": "Lages", "num_area": 30.885, "mod_fiscal": 1.5443, "des_condic": "Aguardando analise", "ind_status": "AT", "dat_atuali": "15/12/2017"}, "geometry": {"type": "Polygon", "coordinates": [[[-50.24994583040955, -28.20267249609852], [-50.25230281471366, -28.20272160796016], [-50.24795773956927, -28.2013505224838], [-50.24626185002202, -28.20043664792255], [-50.24471546916373, -28.19928513475109], [-50.24418886851841, -28.20002042895631], [-50.24414337794344, -28.20128570244564], [-50.24372512597845, -28.20164578188895], [-50.24314519214153, -28.20186009970032], [-50.24136727155649, -28.20163942424711], [-50.24014273385088, -28.20095741816959], [-50.23922588533477, -28.20127239911227], [-50.23757711255802, -28.20113037730694], [-50.23648574572603, -28.20140693405084], [-50.23571688274919, -28.20193533796883], [-50.23930850170157, -28.20334854276057], [-50.24253685902665, -28.2032958281966], [-50.24562345984622, -28.20351550494656], [-50.24994583040955, -28.20267249609852]]]}}, {"type": "Feature", "properties": {"cod_imovel": "SC-4209300-37A59ED2BEDA4B009C4B56B24E4282C1", "municipio": "Lages", "num_area": 168.6327, "mod_fiscal": 8.4316, "des_condic": "Aguardando analise", "ind_status": "AT", "dat_atuali": "05/05/2016"}, "geometry": {"type": "Polygon", "coordinates": [[[-50.35375294, -28.00624209], [-50.36100222, -27.99922608], [-50.36209459, -28.00100519], [-50.36283861, -28.00174116], [-50.3651457, -28.00083968], [-50.36503741, -27.99960216], [-50.36439996, -27.99955273], [-50.36407191, -27.99881966], [-50.3640286, -27.99807177], [-50.36465493, -27.99740882], [-50.3651644, -27.99596687], [-50.36176903, -27.99499325], [-50.35647956, -27.99243747], [-50.35522909, -27.99148574], [-50.34698864, -27.99826551], [-50.34809976, -27.99977588], [-50.34735557, -28.00024713], [-50.34674134, -28.00106746], [-50.3466206, -28.0025875], [-50.3460632, -28.00432871], [-50.34606541, -28.00496614], [-50.35212249, -28.00415606], [-50.35375294, -28.00624209]]]}}, {"type": "Feature", "properties": {"cod_imovel": "SC-4209300-D7635A56E46A4F37922519F851ABC5D5", "municipio": "Lages", "num_area": 15.4222, "mod_fiscal": 0.7711, "des_condic": "Aguardando analise", "ind_status": "AT", "dat_atuali": "25/12/2017"}, "geometry": {"type": "Polygon", "coordinates": [[[-50.36096337108103, -28.01182520686737], [-50.36606117628817, -28.01180524544228], [-50.36590337557656, -28.00855423861053], [-50.36048695505454, -28.00975899882961], [-50.36096337108103, -28.01182520686737]]]}}, {"type": "Feature", "properties": {"cod_imovel": "SC-4209300-F7B0850B36004B4FA535B7B2BF4B57A8", "municipio": "Lages", "num_area": 10.1033, "mod_fiscal": 0.5052, "des_condic": "Aguardando analise", "ind_status": "AT", "dat_atuali": "25/12/2017"}, "geometry": {"type": "Polygon", "coordinates": [[[-50.35858120607493, -28.02791017118059], [-50.35787164541416, -28.03182246627116], [-50.35766606617241, -28.03285081522942], [-50.3601150744422, -28.032412992434], [-50.36039397439098, -28.02871296716593], [-50.35858120607493, -28.02791017118059]]]}}, {"type": "Feature", "properties": {"cod_imovel": "SC-4209300-0A85E32410D64BBC9A78D203B6823220", "municipio": "Lages", "num_area": 47.1466, "mod_fiscal": 2.3573, "des_condic": "Aguardando analise", "ind_status": "AT", "dat_atuali": "25/12/2017"}, "geometry": {"type": "Polygon", "coordinates": [[[-50.3397632451301, -28.04275959723886], [-50.33951028, -28.04376055921648], [-50.34054250000001, -28.04451555921646], [-50.34193360999998, -28.04426943921646], [-50.34280861, -28.04362499921647], [-50.34311640582428, -28.04424196486307], [-50.34296444, -28.04478249921646], [-50.34311667, -28.04525055921645], [-50.34218083, -28.04619527921644], [-50.34181027999998, -28.04628610921644], [-50.34222610999998, -28.04654110921643], [-50.34299833, -28.04664082921643], [-50.34475722, -28.0479577792164], [-50.34548972, -28.0476636092164], [-50.34553666999999, -28.04745638921642], [-50.34607194, -28.04716943921643], [-50.34688111, -28.04705471921641], [-50.34775361, -28.0475558292164], [-50.3480407401166, -28.04717272745246], [-50.34817183287173, -28.04686190570504], [-50.34729564294594, -28.04445565897299], [-50.34686888642273, -28.04384447535552], [-50.34661924020094, -28.04123279394615], [-50.34674851975872, -28.04104329411809], [-50.34611394617018, -28.03938178662012], [-50.34012353499997, -28.04094209221648], [-50.34028193199999, -28.04214472521646], [-50.3397632451301, -28.04275959723886]]]}}, {"type": "Feature", "properties": {"cod_imovel": "SC-4209300-F675E188DAEF473F946FCEB4808B510A", "municipio": "Lages", "num_area": 46.6007, "mod_fiscal": 2.33, "des_condic": "Aguardando analise", "ind_status": "AT", "dat_atuali": "25/12/2017"}, "geometry": {"type": "Polygon", "coordinates": [[[-50.33774692754336, -28.02167928345958], [-50.33705907036119, -28.02237098539854], [-50.33613996699994, -28.02252485821679], [-50.34066577999993, -28.02803227621674], [-50.34705360983921, -28.02560692833372], [-50.34569203084062, -28.02345369520905], [-50.34380556498962, -28.02208093430726], [-50.34323475225814, -28.02211880996994], [-50.34275931139894, -28.02196368054162], [-50.34185303489453, -28.02140046201921], [-50.3387734800778, -28.02149554459378], [-50.33774692754336, -28.02167928345958]]]}}, {"type": "Feature", "properties": {"cod_imovel": "SC-4209300-9FF5777882A84B58BB62B88F8AB2FEE3", "municipio": "Lages", "num_area": 28.4186, "mod_fiscal": 1.4209, "des_condic": "Aguardando analise", "ind_status": "AT", "dat_atuali": "25/12/2017"}, "geometry": {"type": "Polygon", "coordinates": [[[-50.35435395295746, -28.04557280982527], [-50.35592062599996, -28.04656587021636], [-50.35767104399995, -28.0473290602164], [-50.35831306, -28.04640193921642], [-50.35923694, -28.04427499921647], [-50.35809888999999, -28.0428755592165], [-50.35662972, -28.04211693921651], [-50.35332566699997, -28.03986224621652], [-50.35290970029224, -28.04098988390643], [-50.35171653238463, -28.04261502879692], [-50.35496200803831, -28.04454590173065], [-50.35435395295746, -28.04557280982527]]]}}, {"type": "Feature", "properties": {"cod_imovel": "SC-4209300-75280BBBB039490DB874BA2B6B212037", "municipio": "Lages", "num_area": 48.363, "mod_fiscal": 2.4181, "des_condic": "Aguardando analise", "ind_status": "AT", "dat_atuali": "29/12/2017"}, "geometry": {"type": "Polygon", "coordinates": [[[-50.43145591648165, -28.05498509739792], [-50.42577164250815, -28.05751166727642], [-50.42817975436391, -28.06238707627355], [-50.43098442054802, -28.06609064276908], [-50.43139480059151, -28.06630329820351], [-50.43402413089481, -28.06630831075842], [-50.43198621616407, -28.06222305117225], [-50.43145591648165, -28.05498509739792]]]}}, {"type": "Feature", "properties": {"cod_imovel": "SC-4209300-BE4AF1D7B08748708A713E8625544848", "municipio": "Lages", "num_area": 79.5787, "mod_fiscal": 3.9789, "des_condic": "Aguardando analise", "ind_status": "AT", "dat_atuali": "29/12/2017"}, "geometry": {"type": "Polygon", "coordinates": [[[-50.40776417594486, -28.09238666643901], [-50.41083851929145, -28.10007015661473], [-50.41165691951257, -28.10105091940634], [-50.4117001677484, -28.10008540210309], [-50.41217377431239, -28.09973706878173], [-50.41442222106565, -28.09901571406429], [-50.41559504551294, -28.09779241241792], [-50.41609812444055, -28.0978476246598], [-50.41708422978001, -28.09688227250375], [-50.41819781388983, -28.09498008866393], [-50.41859271745648, -28.09411697340121], [-50.41835952057241, -28.0935377568007], [-50.41804592224728, -28.09324155806777], [-50.41739402581219, -28.09309904535871], [-50.41725944030302, -28.09288756886027], [-50.41711331612462, -28.09166721115647], [-50.41716953361894, -28.09109141574633], [-50.41771527842803, -28.09069021780703], [-50.41733576995268, -28.09005403772148], [-50.41827772374381, -28.08862490513035], [-50.40776417594486, -28.09238666643901]]]}}, {"type": "Feature", "properties": {"cod_imovel": "SC-4209300-51B35CD35C3E48F4AB8033963B26B286", "municipio": "Lages", "num_area": 33.4433, "mod_fiscal": 1.6722, "des_condic": "Aguardando analise", "ind_status": "AT", "dat_atuali": "15/03/2016"}, "geometry": {"type": "Polygon", "coordinates": [[[-50.26092075425456, -28.00739511338891], [-50.255486801164, -28.0017210817973], [-50.25291303742066, -28.00373972491423], [-50.25623791233094, -28.00926927173747], [-50.25670268057036, -28.00979403145459], [-50.26092075425456, -28.00739511338891]]]}}, {"type": "Feature", "properties": {"cod_imovel": "SC-4209300-EE4F853C95D942FD8507F9E1F5CDD53E", "municipio": "Lages", "num_area": 50.0, "mod_fiscal": 2.5, "des_condic": "Aguardando analise", "ind_status": "AT", "dat_atuali": "28/01/2016"}, "geometry": {"type": "Polygon", "coordinates": [[[-50.4494601277778, -28.1709972575423], [-50.4508960833333, -28.1735850519867], [-50.457578975, -28.1733536992089], [-50.4547431444444, -28.1702044158756], [-50.4555332777778, -28.1688455547645], [-50.4563328777778, -28.1653453019868], [-50.455382225, -28.1661396880979], [-50.454324525, -28.1666626380979], [-50.4518733111111, -28.1668261825423], [-50.4511507222222, -28.1666104269868], [-50.44867355, -28.1647511214313], [-50.4494601277778, -28.1709972575423]]]}}, {"type": "Feature", "properties": {"cod_imovel": "SC-4209300-DF3E7898DC1942EEAB4DD1EB131ACD70", "municipio": "Lages", "num_area": 5.7786, "mod_fiscal": 0.2889, "des_condic": "Aguardando analise", "ind_status": "AT", "dat_atuali": "28/01/2016"}, "geometry": {"type": "Polygon", "coordinates": [[[-50.36014840788322, -28.02043441150834], [-50.3592907405821, -28.02005954820136], [-50.35698607921706, -28.018488531528], [-50.35651093127331, -28.02026772402835], [-50.35937063397736, -28.02164812045654], [-50.36014840788322, -28.02043441150834]]]}}, {"type": "Feature", "properties": {"cod_imovel": "SC-4209300-A2983E787B2541689D1DD533943757B3", "municipio": "Lages", "num_area": 6.0333, "mod_fiscal": 0.3017, "des_condic": "Aguardando analise", "ind_status": "AT", "dat_atuali": "27/01/2016"}, "geometry": {"type": "Polygon", "coordinates": [[[-50.35820029524066, -28.02347629261359], [-50.359203815460205, -28.021700556519747], [-50.35652160644531, -28.020507192365105], [-50.35579496022188, -28.02227161150845], [-50.35820029524066, -28.02347629261359]]]}}, {"type": "Feature", "properties": {"cod_imovel": "SC-4209300-48C1D88FAAD1424BBEF327CD08DE298C", "municipio": "Lages", "num_area": 5.3201, "mod_fiscal": 0.266, "des_condic": "Aguardando analise", "ind_status": "AT", "dat_atuali": "28/01/2016"}, "geometry": {"type": "Polygon", "coordinates": [[[-50.35858422517777, -28.0279524793095], [-50.35882025957108, -28.02653188870409], [-50.35963028669357, -28.02613885532537], [-50.35768032073975, -28.02486977389475], [-50.35645991563797, -28.02719483331985], [-50.35858422517777, -28.0279524793095]]]}}, {"type": "Feature", "properties": {"cod_imovel": "SC-4209300-B2E70A4904FA40408639EF52C38C26A8", "municipio": "Lages", "num_area": 130.4311, "mod_fiscal": 6.5216, "des_condic": "Aguardando analise", "ind_status": "AT", "dat_atuali": "03/02/2016"}, "geometry": {"type": "Polygon", "coordinates": [[[-50.40133918, -28.15500439], [-50.40223777, -28.1544472], [-50.40311478, -28.1544169], [-50.40368381, -28.15417002], [-50.40392417000001, -28.15418074], [-50.4041528, -28.1544472], [-50.40448679, -28.15435158], [-50.40733882, -28.15334763], [-50.40844707, -28.1524612], [-50.40944171, -28.1522446], [-50.411175, -28.15326468], [-50.41243659, -28.15425179], [-50.41258059, -28.15483747], [-50.41140509, -28.15595374], [-50.41078219, -28.15634311], [-50.41011856, -28.15733942], [-50.41020848, -28.15795045], [-50.41041299, -28.15796303], [-50.41064136, -28.15835114], [-50.41118214, -28.15843296], [-50.41206447, -28.15800687], [-50.41469564, -28.15598044], [-50.41526777, -28.1558301], [-50.41676653, -28.15611656], [-50.41830137, -28.1558239], [-50.41871468, -28.15591863], [-50.42025865, -28.15549755], [-50.42080727, -28.15557337], [-50.42109524, -28.15544891], [-50.42143885, -28.1551123], [-50.42181856, -28.15299965], [-50.42169119, -28.15233231], [-50.42199754, -28.15112941], [-50.40964672, -28.14652534], [-50.40064143, -28.15316085], [-50.40133918, -28.15500439]]]}}, {"type": "Feature", "properties": {"cod_imovel": "SC-4209300-1A1E6939DC5D4F04869283ADD62E20C2", "municipio": "Lages", "num_area": 24.6838, "mod_fiscal": 1.2342, "des_condic": "Aguardando analise", "ind_status": "AT", "dat_atuali": "25/12/2017"}, "geometry": {"type": "Polygon", "coordinates": [[[-50.36333041125328, -28.01589138579107], [-50.36297014795141, -28.01181737151873], [-50.36096337108103, -28.01182520686737], [-50.36048695505454, -28.00975899882961], [-50.35925734256662, -28.01019256295974], [-50.35888607202625, -28.01116359481497], [-50.35821667909043, -28.01156054613111], [-50.35809081109154, -28.01206863950706], [-50.35789307120628, -28.0119794692449], [-50.35786322813218, -28.01212750832736], [-50.35829838095359, -28.0132135035465], [-50.35788310936193, -28.01358787923941], [-50.35826769962986, -28.01532297533385], [-50.36333041125328, -28.01589138579107]]]}}, {"type": "Feature", "properties": {"cod_imovel": "SC-4209300-0F11A644656A4316862668CB7320B604", "municipio": "Lages", "num_area": 46.6143, "mod_fiscal": 2.3307, "des_condic": "Aguardando analise", "ind_status": "AT", "dat_atuali": "25/12/2017"}, "geometry": {"type": "Polygon", "coordinates": [[[-50.34066577999993, -28.02803227621674], [-50.34433762322345, -28.03252880907538], [-50.34715067441437, -28.03123086720332], [-50.35038059490483, -28.03226091580571], [-50.35086941801956, -28.03195593130059], [-50.35266637550403, -28.03018305451015], [-50.35075069898191, -28.02958136575122], [-50.34876049267872, -28.02842115809458], [-50.34705360983921, -28.02560692833372], [-50.34066577999993, -28.02803227621674]]]}}, {"type": "Feature", "properties": {"cod_imovel": "SC-4209300-83D03EAD2FE340E6967E050E215F5748", "municipio": "Lages", "num_area": 4.6034, "mod_fiscal": 0.2302, "des_condic": "Aguardando analise", "ind_status": "AT", "dat_atuali": "25/12/2017"}, "geometry": {"type": "Polygon", "coordinates": [[[-50.35858120607493, -28.02791017118059], [-50.36039397439098, -28.02871296716593], [-50.36058963775206, -28.02611702611558], [-50.35900086287095, -28.02576202238251], [-50.35858120607493, -28.02791017118059]]]}}, {"type": "Feature", "properties": {"cod_imovel": "SC-4209300-5A577A27F3C24651950E3533DC48A697", "municipio": "Lages", "num_area": 57.8044, "mod_fiscal": 2.8902, "des_condic": "Aguardando analise", "ind_status": "AT", "dat_atuali": "25/12/2017"}, "geometry": {"type": "Polygon", "coordinates": [[[-50.36259419939614, -28.02523840613008], [-50.36219223667014, -28.0251530723973], [-50.36145597459233, -28.02606624940056], [-50.36114050729103, -28.02582221363111], [-50.36058963775206, -28.02611702611558], [-50.36019685012334, -28.03132814578061], [-50.36824264354479, -28.03050812481695], [-50.36736964047694, -28.02517612852196], [-50.36688248557605, -28.02057656104505], [-50.36466597640912, -28.02213701075885], [-50.36496646768635, -28.02250235841615], [-50.36477506048477, -28.02286762696027], [-50.36259419939614, -28.02523840613008]]]}}, {"type": "Feature", "properties": {"cod_imovel": "SC-4209300-7BA0693E4A3B41BB9094F37CA54AF31C", "municipio": "Lages", "num_area": 4.7952, "mod_fiscal": 0.2398, "des_condic": "Aguardando analise", "ind_status": "AT", "dat_atuali": "25/12/2017"}, "geometry": {"type": "Polygon", "coordinates": [[[-50.35116411732945, -28.04350633734737], [-50.35435233779285, -28.04557280223266], [-50.35496200803831, -28.04454590173065], [-50.35171653238463, -28.04261502879692], [-50.35116411732945, -28.04350633734737]]]}}, {"type": "Feature", "properties": {"cod_imovel": "SC-4209300-6E23F16577494563A60AE9454297F7B7", "municipio": "Lages", "num_area": 44.0101, "mod_fiscal": 2.2005, "des_condic": "Aguardando analise", "ind_status": "AT", "dat_atuali": "25/09/2014"}, "geometry": {"type": "Polygon", "coordinates": [[[-50.33324389533622, -28.179917012072202], [-50.336304018353886, -28.184103447030008], [-50.33769314013137, -28.182136788676377], [-50.338312891791844, -28.181977143314295], [-50.33930182379255, -28.181378297125757], [-50.34376673803754, -28.183257758409447], [-50.344510476368725, -28.182986506293872], [-50.34513279479367, -28.18227652437576], [-50.34423582448385, -28.181035049289626], [-50.34435814808143, -28.177438947665138], [-50.33324389533622, -28.179917012072202]]]}}, {"type": "Feature", "properties": {"cod_imovel": "SC-4209300-2C267EB83D7445C1B991A2E7F9959D5B", "municipio": "Lages", "num_area": 844.427, "mod_fiscal": 42.2214, "des_condic": "Aguardando analise", "ind_status": "AT", "dat_atuali": "10/10/2014"}, "geometry": {"type": "Polygon", "coordinates": [[[-50.34651769543042, -28.149628404961206], [-50.346461559303606, -28.14918491003231], [-50.34518745926471, -28.148686578995953], [-50.344861648471365, -28.14875607037131], [-50.343385473459975, -28.14823024743522], [-50.34282618356655, -28.148511962633876], [-50.34177389351025, -28.15070220072391], [-50.341093898153474, -28.152936858446296], [-50.33946346986663, -28.154269595036805], [-50.338474324783384, -28.154147142330753], [-50.340294414473206, -28.157955190920227], [-50.344289402246396, -28.164014838099977], [-50.34484654479414, -28.16563524148357], [-50.345301316385225, -28.168834743622643], [-50.344708849392255, -28.1702920880694], [-50.337226005077895, -28.169930108090046], [-50.33630124567039, -28.170874791687904], [-50.33554344518862, -28.17108908464153], [-50.33247812852812, -28.16961775153332], [-50.32930527825754, -28.16943228734792], [-50.3237621637412, -28.16955272682885], [-50.324215940343535, -28.170220832914623], [-50.3244119216376, -28.1714600450118], [-50.3246671268365, -28.171817447654284], [-50.32461209487405, -28.17278990921821], [-50.324500123497984, -28.173285665838197], [-50.32395819217066, -28.17379805516035], [-50.32355877644905, -28.173771818004035], [-50.323050137982776, -28.17652954498565], [-50.32317006679804, -28.176527133745743], [-50.32319402224918, -28.177004677734086], [-50.32347517500905, -28.17699914002573], [-50.324846850772765, -28.179976171788486], [-50.3254806289101, -28.18191931249745], [-50.32787757001701, -28.18111903121678], [-50.344358147121135, -28.17744341042107], [-50.34423582417598, -28.181039512362133], [-50.34513279470793, -28.182280987390676], [-50.34476033048294, -28.18274633038372], [-50.34479272043412, -28.18293971603941], [-50.34602976247431, -28.181996010513952], [-50.348485523598654, -28.18293561695441], [-50.349361904839995, -28.18309372558911], [-50.350785569644394, -28.182254041680842], [-50.351613032873885, -28.181255579979187], [-50.35200462844698, -28.180292248184962], [-50.35290044834619, -28.1797415923017], [-50.354078558734265, -28.179436368947357], [-50.35549022046967, -28.17874486486802], [-50.356333888725395, -28.178788710948186], [-50.35780559452895, -28.17779382951055], [-50.35887949719761, -28.17776718532944], [-50.36066295853951, -28.179221353136487], [-50.361947124955655, -28.17979319956229], [-50.36462981942834, -28.179456452330374], [-50.358376696812755, -28.15070574528458], [-50.3500405645843, -28.147458912311745], [-50.34651769543042, -28.149628404961206]]]}}, {"type": "Feature", "properties": {"cod_imovel": "SC-4209300-D7E490A01D69403A9F31B396840F8806", "municipio": "Lages", "num_area": 841.382, "mod_fiscal": 42.0691, "des_condic": "Aguardando analise", "ind_status": "AT", "dat_atuali": "09/08/2016"}, "geometry": {"type": "Polygon", "coordinates": [[[-50.27139028157126, -28.032605571553187], [-50.26930057601537, -28.032928018699383], [-50.26756097320016, -28.033738032299578], [-50.26716903445663, -28.035204065168227], [-50.266616922246065, -28.03605956909024], [-50.2662196594791, -28.037347558211582], [-50.26545793572736, -28.038864597616183], [-50.26326955698686, -28.040942134393354], [-50.26285192117851, -28.041717553706683], [-50.262112644563146, -28.042065540084288], [-50.26155419619854, -28.04212464527336], [-50.261097252260654, -28.04175660440474], [-50.259438603984584, -28.04123432206752], [-50.25790486341867, -28.042364055313744], [-50.25628194889671, -28.041351322416016], [-50.255684643648124, -28.0405520149009], [-50.25533898645477, -28.040780958046778], [-50.25549794869543, -28.04104025473981], [-50.25439985911706, -28.040379136941052], [-50.2531727984098, -28.03891979296664], [-50.2528274448832, -28.038751553442925], [-50.25226166619881, -28.038768966649844], [-50.25173889096922, -28.038188226064406], [-50.25085324959178, -28.036590984992156], [-50.25046154173529, -28.03643367826988], [-50.249782587727644, -28.036679655606093], [-50.2498904190338, -28.036402038017563], [-50.24961454502462, -28.036617897072286], [-50.24944405162006, -28.036542224554353], [-50.24914150406671, -28.036848384668808], [-50.24907239921665, -28.0365006569578], [-50.248939573028125, -28.036480342642953], [-50.24889712499382, -28.037069649926465], [-50.248339844107456, -28.037285772787047], [-50.24844828597713, -28.03760898436065], [-50.2477377932356, -28.03766332017673], [-50.247443031885865, -28.037316972711526], [-50.24709990704287, -28.037575786839984], [-50.24719355935165, -28.03775791770845], [-50.24705102617984, -28.037977120789066], [-50.246893898697756, -28.037983841974214], [-50.24689339717704, -28.03776367534254], [-50.2465503010483, -28.03794540105807], [-50.2465382762634, -28.03813778576476], [-50.246232075634914, -28.038105054613776], [-50.24613793887103, -28.038343025405126], [-50.246271145681746, -28.03882000803483], [-50.24601431277065, -28.03862262928113], [-50.24580186332516, -28.038771758456576], [-50.24557007027155, -28.03860204721834], [-50.245458067196616, -28.03897974460757], [-50.24498122932518, -28.039256323649088], [-50.24489367966762, -28.03948259485492], [-50.242895952705396, -28.039687524283806], [-50.24285634021774, -28.039881741462917], [-50.237966374129726, -28.042365125829466], [-50.238046524936394, -28.042472919807178], [-50.23766849892361, -28.042925353747627], [-50.23643976304237, -28.043342169413233], [-50.235984439230634, -28.04381124476499], [-50.23535810500152, -28.043795154337012], [-50.234735626382864, -28.043997788055425], [-50.23428194489579, -28.044255239137204], [-50.23413302729918, -28.04458098713115], [-50.233630814620774, -28.044613368625217], [-50.231340921085234, -28.04573966297671], [-50.23019442630172, -28.045664694184634], [-50.22895681891782, -28.047347454481518], [-50.23001470778861, -28.04970431311595], [-50.229587236181544, -28.054042464728134], [-50.23507562122003, -28.06388139181033], [-50.236121395128684, -28.063484544231613], [-50.2364470075324, -28.063894217263197], [-50.23657662091452, -28.063591648741134], [-50.23713987691422, -28.0635490492294], [-50.237495362911005, -28.064124291355494], [-50.23828704458591, -28.064292309850224], [-50.239929208906936, -28.06425254320407], [-50.242023353868056, -28.063873884130707], [-50.24237156504461, -28.064267566233386], [-50.243901942458955, -28.06442782999754], [-50.245862374684805, -28.063727029775198], [-50.24652806061862, -28.063643936651836], [-50.24762992963977, -28.064344134199562], [-50.24778965460598, -28.064641988582], [-50.248355034175425, -28.064598957525263], [-50.24979805499699, -28.06558832763433], [-50.25134912201063, -28.065954069479282], [-50.25109690868849, -28.064698698211696], [-50.25073605822201, -28.064038951427655], [-50.250754564333754, -28.063615697329983], [-50.24914353409831, -28.05883671086891], [-50.25009563618911, -28.05898715162286], [-50.250463832800726, -28.058687578074377], [-50.253851894533625, -28.057979458899815], [-50.25994024697409, -28.057393612311053], [-50.264453839789425, -28.056576920172535], [-50.26459042878256, -28.052340119513055], [-50.26402254967397, -28.050190148380203], [-50.26437016635215, -28.04954072714149], [-50.2643881516659, -28.048452824153486], [-50.26468111222355, -28.0473858002379], [-50.26674800731437, -28.045774370956355], [-50.27051957511035, -28.041095273265366], [-50.27257946613555, -28.0390122439635], [-50.27273363775349, -28.03811353857621], [-50.27292066932278, -28.037835599307805], [-50.273376155736, -28.037424578283613], [-50.27381121597657, -28.037388874925227], [-50.274081377538295, -28.03583498242244], [-50.27430960846054, -28.035343684543196], [-50.27497746866283, -28.035195379297267], [-50.27579833679766, -28.03592798947028], [-50.27731724871481, -28.036854465302127], [-50.27800531307123, -28.036774131800662], [-50.278037098542384, -28.03623431468606], [-50.27728920067006, -28.034596529122382], [-50.27737213725133, -28.034456145655625], [-50.276595991448396, -28.033851418070043], [-50.27435600861504, -28.032749260311736], [-50.27204207566754, -28.032771777984756], [-50.27139028157126, -28.032605571553187]]]}}, {"type": "Feature", "properties": {"cod_imovel": "SC-4209300-8C207687A6B7474284654124937112BC", "municipio": "Lages", "num_area": 7.1406, "mod_fiscal": 0.357, "des_condic": "Aguardando analise", "ind_status": "AT", "dat_atuali": "28/01/2016"}, "geometry": {"type": "Polygon", "coordinates": [[[-50.35706363561984, -28.01855466158747], [-50.35923617279161, -28.01999315858795], [-50.35956012142547, -28.01667241158152], [-50.35751303237007, -28.01582684497166], [-50.35740840861815, -28.01743552934308], [-50.35706363561984, -28.01855466158747]]]}}, {"type": "Feature", "properties": {"cod_imovel": "SC-4209300-5C1104D8D8AB4B2AAE50467C623CB117", "municipio": "Lages", "num_area": 90.7618, "mod_fiscal": 4.5381, "des_condic": "Aguardando analise", "ind_status": "AT", "dat_atuali": "01/03/2023"}, "geometry": {"type": "Polygon", "coordinates": [[[-50.30086263, -28.12962398], [-50.29853625, -28.13020663], [-50.296934, -28.13079063], [-50.29460668, -28.13223159], [-50.29247529, -28.13412969], [-50.29005737, -28.13582876], [-50.28951528, -28.13801139], [-50.29054556, -28.13850194], [-50.30085222, -28.14021806], [-50.30117841, -28.1379652], [-50.30121995, -28.13461676], [-50.30205221, -28.13332132], [-50.30188267, -28.13219079], [-50.30086263, -28.12962398]]]}}, {"type": "Feature", "properties": {"cod_imovel": "SC-4209300-B634423E57094EEBA3756A132DA808CE", "municipio": "Lages", "num_area": 561.3646, "mod_fiscal": 28.0682, "des_condic": "Aguardando analise", "ind_status": "AT", "dat_atuali": "04/03/2022"}, "geometry": {"type": "Polygon", "coordinates": [[[-50.3012199527778, -28.1346167630985], [-50.3011784111111, -28.1379652019873], [-50.3004078111111, -28.1422893742094], [-50.3004592416667, -28.1428202380983], [-50.2998329, -28.1454176686538], [-50.2998328611111, -28.1458152603205], [-50.3005012472222, -28.1466936242094], [-50.3012882694444, -28.146572565876], [-50.3099247138889, -28.1472525380982], [-50.311847125, -28.1479400492093], [-50.3121365916667, -28.1481752686538], [-50.3130666277778, -28.1496900464315], [-50.3137462805556, -28.1503558047649], [-50.31539435, -28.1500463103204], [-50.3155957416667, -28.1497024047649], [-50.3167909138889, -28.149936565876], [-50.3171368444444, -28.150680015876], [-50.3175773805556, -28.1508953325426], [-50.3171199388889, -28.1516911075426], [-50.3172985222222, -28.1520202992093], [-50.3177932805556, -28.1523107186537], [-50.3184857583333, -28.1530456908759], [-50.3188111055556, -28.1531955547648], [-50.3203408361111, -28.1529638908759], [-50.3211219444444, -28.1534133325426], [-50.3230847277778, -28.1538513908759], [-50.3244797222222, -28.1544105575426], [-50.3265027388889, -28.1379196353206], [-50.3288325055556, -28.1373119269873], [-50.3104028333333, -28.1257848575431], [-50.3101963416667, -28.1258245853209], [-50.3098349972222, -28.124899996432], [-50.3086230527778, -28.1239933353209], [-50.3079376, -28.1246416797653], [-50.3078168833333, -28.1253373130986], [-50.3071485055556, -28.1259104047653], [-50.3053894722222, -28.1258745575431], [-50.3048126611111, -28.1262989880986], [-50.304518225, -28.1267531297653], [-50.303907225, -28.1270039325431], [-50.3030960055556, -28.1279434047653], [-50.3008626305556, -28.1296239797652], [-50.3018826666667, -28.1321907908763], [-50.3020522138889, -28.1333213158763], [-50.3012199527778, -28.1346167630985]]]}}, {"type": "Feature", "properties": {"cod_imovel": "SC-4209300-0BFAA26D96944977A41D724894CAB595", "municipio": "Lages", "num_area": 86.0651, "mod_fiscal": 4.3033, "des_condic": "Aguardando analise", "ind_status": "AT", "dat_atuali": "13/04/2016"}, "geometry": {"type": "Polygon", "coordinates": [[[-50.45136730550757, -28.173543956437598], [-50.45830674936986, -28.182556229016438], [-50.46510897437124, -28.179550992910702], [-50.46479766851952, -28.179262803969614], [-50.46450113726444, -28.178342690538262], [-50.464018939416725, -28.17759244159474], [-50.46394030754912, -28.17683581488464], [-50.462651252746575, -28.174890370827487], [-50.460677146911614, -28.171107271447127], [-50.458617210388184, -28.172885344818678], [-50.457316505097275, -28.17328903017636], [-50.45136730550757, -28.173543956437598]]]}}, {"type": "Feature", "properties": {"cod_imovel": "SC-4209300-D73449690BEF4D2DA71C18B1D71A8CF9", "municipio": "Lages", "num_area": 75.3271, "mod_fiscal": 3.7664, "des_condic": "Aguardando analise", "ind_status": "AT", "dat_atuali": "30/06/2022"}, "geometry": {"type": "Polygon", "coordinates": [[[-50.4414796361111, -28.1629376297646], [-50.4415598638889, -28.1614081492091], [-50.4407815277778, -28.1615110769869], [-50.44044105, -28.1620468103202], [-50.4370002944444, -28.1639918880979], [-50.4370159027778, -28.1676711908757], [-50.4368574583333, -28.1679883297645], [-50.4335262583333, -28.1703329936534], [-50.4416499222222, -28.1764694853199], [-50.4416904805556, -28.1758783769866], [-50.4422753277778, -28.1742809158755], [-50.4421934333333, -28.1731107519867], [-50.4425574027778, -28.1721756630978], [-50.4419483694444, -28.1694148880978], [-50.442136375, -28.1672434630979], [-50.4416487277778, -28.1663387658757], [-50.4415022638889, -28.1657145408757], [-50.4416498666667, -28.1637546936535], [-50.4414796361111, -28.1629376297646]]]}}, {"type": "Feature", "properties": {"cod_imovel": "SC-4209300-F576304DC4094D078DA32169A71D1172", "municipio": "Lages", "num_area": 6.1437, "mod_fiscal": 0.3072, "des_condic": "Aguardando analise", "ind_status": "AT", "dat_atuali": "05/07/2022"}, "geometry": {"type": "Polygon", "coordinates": [[[-50.4309463638889, -28.1668363630979], [-50.4333586555556, -28.1702011686534], [-50.4351093722222, -28.1689710408756], [-50.4349302916667, -28.1681925769868], [-50.4351221888889, -28.1681908769868], [-50.4351251916667, -28.1678110658756], [-50.4343958472222, -28.167759474209], [-50.433089925, -28.1679502464312], [-50.4309463638889, -28.1668363630979]]]}}, {"type": "Feature", "properties": {"cod_imovel": "SC-4209300-D2B68C90A5454DD5B7866AEB9714E824", "municipio": "Lages", "num_area": 31.0081, "mod_fiscal": 1.5504, "des_condic": "Aguardando analise", "ind_status": "AT", "dat_atuali": "21/09/2020"}, "geometry": {"type": "Polygon", "coordinates": [[[-50.43703409750682, -28.07126095050008], [-50.43428706528315, -28.06672437455552], [-50.43279925117803, -28.06683236843816], [-50.43139534539887, -28.06664741114911], [-50.43091623811154, -28.06644454720328], [-50.42941944382197, -28.06442889051022], [-50.4284977682315, -28.06505423589553], [-50.42716336313146, -28.06666183406181], [-50.42724083186251, -28.06730243992818], [-50.42757252824122, -28.06787194667411], [-50.42920666760726, -28.06991111828208], [-50.4300978997399, -28.0699646137629], [-50.4311215286526, -28.06977968092716], [-50.43208135218952, -28.06898581463228], [-50.43489321537527, -28.07018114188854], [-50.43563599124978, -28.07094258021985], [-50.43613325931113, -28.07121698196804], [-50.43703409750682, -28.07126095050008]]]}}, {"type": "Feature", "properties": {"cod_imovel": "SC-4209300-F3FA6F6914AF47369C9D6400458F6BF3", "municipio": "Lages", "num_area": 58.6549, "mod_fiscal": 2.9327, "des_condic": "Aguardando analise", "ind_status": "AT", "dat_atuali": "09/03/2023"}, "geometry": {"type": "Polygon", "coordinates": [[[-50.26527854951793, -28.00464819066963], [-50.26181624854303, -27.99672160882625], [-50.25545584936203, -28.00174267637183], [-50.26091523892644, -28.00741893681464], [-50.26527854951793, -28.00464819066963]]]}}, {"type": "Feature", "properties": {"cod_imovel": "SC-4209300-3F2817785F3746D1BD8632CD709EE49C", "municipio": "Lages", "num_area": 86.845, "mod_fiscal": 4.3423, "des_condic": "Cancelado por decisao administrativa", "ind_status": "CA", "dat_atuali": "05/05/2016"}, "geometry": {"type": "Polygon", "coordinates": [[[-50.3537528, -28.00624193], [-50.3551919, -28.00735308], [-50.35634093, -28.00744137], [-50.35796037, -28.00972154], [-50.35864248, -28.01001554], [-50.35902664, -28.01060971], [-50.35926396, -28.01018424], [-50.35959552, -28.01001767], [-50.36590361, -28.00855429], [-50.36514556, -28.00083952], [-50.36283847, -28.001741], [-50.36209445, -28.00100503], [-50.36100208, -27.99922592], [-50.3537528, -28.00624193]]]}}, {"type": "Feature", "properties": {"cod_imovel": "SC-4209300-9BDD77EEC0B64E6B8B44CB44312A8C4F", "municipio": "Lages", "num_area": 236.6861, "mod_fiscal": 11.8343, "des_condic": "Aguardando analise", "ind_status": "AT", "dat_atuali": "14/12/2018"}, "geometry": {"type": "Polygon", "coordinates": [[[-50.46066041, -28.18574251], [-50.44941502, -28.17099783], [-50.44189233, -28.16902168], [-50.44213668, -28.17080195], [-50.4425293, -28.17179832], [-50.44216348, -28.17299671], [-50.44222697, -28.17436338], [-50.44174518, -28.17556574], [-50.4415345, -28.17670849], [-50.44217711, -28.17777226], [-50.44185149, -28.17864855], [-50.44113957, -28.17925964], [-50.44064699, -28.18028135], [-50.43929273, -28.18104929], [-50.43892616, -28.1814584], [-50.43760755, -28.18525118], [-50.43760241, -28.18600027], [-50.43791742, -28.18669265], [-50.44059015, -28.18663066], [-50.44060859, -28.18682626], [-50.44099152, -28.1868512], [-50.44226637, -28.18649289], [-50.44403649, -28.18651914], [-50.44462635, -28.18679847], [-50.44619233, -28.18682079], [-50.44847075, -28.18626907], [-50.44850747, -28.18604138], [-50.44885324, -28.18576492], [-50.45006778, -28.18507222], [-50.45087778, -28.18493278], [-50.45144667, -28.18452], [-50.45270333, -28.18423389], [-50.45595, -28.18423944], [-50.45673944, -28.18392278], [-50.45772667, -28.18396889], [-50.45819833, -28.18536944], [-50.45906389, -28.18590167], [-50.45957167, -28.18608944], [-50.46014722, -28.18604944], [-50.46066041, -28.18574251]]]}}, {"type": "Feature", "properties": {"cod_imovel": "SC-4209300-742E8E80A4414D9684899FD24D187A17", "municipio": "Lages", "num_area": 730.1169, "mod_fiscal": 36.5058, "des_condic": "Aguardando analise", "ind_status": "AT", "dat_atuali": "21/06/2018"}, "geometry": {"type": "Polygon", "coordinates": [[[-50.26256707, -28.14131461], [-50.26231169, -28.14145944], [-50.2621983, -28.14297638], [-50.2614008, -28.14591444], [-50.26044638, -28.14674548], [-50.26068101, -28.14769001], [-50.25992598, -28.14922675], [-50.26012079, -28.15022802], [-50.26004218, -28.15063363], [-50.25971383, -28.15095767], [-50.25842645, -28.1514537], [-50.2576313, -28.15216847], [-50.25759642, -28.15323078], [-50.25781372, -28.15489793], [-50.25864887, -28.15637232], [-50.25976039, -28.15754146], [-50.25983027, -28.15829529], [-50.26051472, -28.15958195], [-50.262187, -28.16065467], [-50.26286331, -28.16090663], [-50.26270802, -28.16157043], [-50.2638881, -28.16280812], [-50.26442807, -28.1631028], [-50.26533511, -28.16326538], [-50.26692987, -28.1631899], [-50.26855612, -28.16358427], [-50.27116607, -28.16336331], [-50.27187308, -28.16370035], [-50.27211469, -28.16461408], [-50.27290538, -28.16511782], [-50.27463636, -28.16782841], [-50.27609213, -28.16838005], [-50.27681739, -28.16882234], [-50.27776537, -28.16958893], [-50.27907283, -28.17103134], [-50.27921029, -28.17286207], [-50.27955906, -28.17423351], [-50.27953332, -28.17540597], [-50.27988442, -28.17670034], [-50.28105013, -28.17954218], [-50.28258762, -28.17853687], [-50.28424882, -28.17693948], [-50.28645808, -28.17637002], [-50.28799758, -28.17692676], [-50.2896116, -28.17684158], [-50.2950252, -28.1728768], [-50.29533949, -28.17244209], [-50.29522143, -28.1673569], [-50.29550097, -28.16638389], [-50.29672292, -28.16516016], [-50.2967402, -28.1640334], [-50.29764374, -28.16337118], [-50.29815626, -28.16231117], [-50.29817732, -28.16104191], [-50.29867991, -28.16047952], [-50.29891593, -28.15928827], [-50.29964556, -28.15806278], [-50.29895278, -28.15806056], [-50.29839556, -28.15783139], [-50.29783917, -28.15743389], [-50.29746444, -28.15692889], [-50.29750444, -28.15665528], [-50.29676278, -28.15654972], [-50.29630917, -28.15670028], [-50.29580417, -28.15718083], [-50.29543056, -28.15792083], [-50.29474806, -28.15848028], [-50.29460056, -28.15936417], [-50.29443333, -28.15950556], [-50.29374667, -28.15953333], [-50.29337722, -28.159355], [-50.29292417, -28.1595075], [-50.29261444, -28.1598375], [-50.29070917, -28.16054556], [-50.29006056, -28.1611375], [-50.28922222, -28.1613], [-50.2881025, -28.16013472], [-50.28806528, -28.1596675], [-50.28773417, -28.15914444], [-50.28632361, -28.15920944], [-50.28513667, -28.1585875], [-50.28432361, -28.15782972], [-50.2832225, -28.15761], [-50.28287611, -28.15720111], [-50.28259417, -28.15640833], [-50.28214778, -28.15605028], [-50.28197806, -28.15565167], [-50.28166611, -28.15548361], [-50.27989778, -28.15313278], [-50.27846111, -28.15277722], [-50.2761475, -28.15132694], [-50.27335194, -28.14918444], [-50.27134361, -28.14685639], [-50.27029032, -28.14649237], [-50.26930068, -28.14563901], [-50.26919656, -28.14517226], [-50.26875412, -28.1447891], [-50.26866031, -28.14395332], [-50.26825471, -28.14350625], [-50.26798081, -28.14326862], [-50.26654171, -28.14299292], [-50.26593298, -28.14230222], [-50.26577824, -28.14154801], [-50.26256707, -28.14131461]]]}}, {"type": "Feature", "properties": {"cod_imovel": "SC-4209300-938DE3393DB541AA8F7862C9C59FA351", "municipio": "Lages", "num_area": 175.0966, "mod_fiscal": 8.7548, "des_condic": "Aguardando analise", "ind_status": "AT", "dat_atuali": "20/11/2018"}, "geometry": {"type": "Polygon", "coordinates": [[[-50.275925562001014, -28.090537848825086], [-50.27237368700105, -28.090550769825082], [-50.27351427400106, -28.100862843824743], [-50.26914355600105, -28.10111957082476], [-50.26324169700104, -28.101140553824763], [-50.26398436000102, -28.10822419582453], [-50.26487439800105, -28.111643766824404], [-50.266021670001074, -28.111543285824403], [-50.278785361001034, -28.106098303824556], [-50.275925562001014, -28.090537848825086]]]}}, {"type": "Feature", "properties": {"cod_imovel": "SC-4209300-B3BCA661F33E4C2395E08BA861F2D2FC", "municipio": "Lages", "num_area": 116.3034, "mod_fiscal": 5.8152, "des_condic": "Aguardando analise", "ind_status": "AT", "dat_atuali": "26/06/2019"}, "geometry": {"type": "Polygon", "coordinates": [[[-50.46459752, -28.0887555], [-50.4636405, -28.08936607], [-50.46299648, -28.0903532], [-50.46222624, -28.09175079], [-50.46121336, -28.09466787], [-50.46138136, -28.09616948], [-50.46131729, -28.09769766], [-50.46079483, -28.09928382], [-50.4607602, -28.09990541], [-50.46083911, -28.10162168], [-50.46132341, -28.10401643], [-50.47249713, -28.10471084], [-50.46847216, -28.10022876], [-50.47383467, -28.09756489], [-50.46670267, -28.09540414], [-50.46459752, -28.0887555]]]}}, {"type": "Feature", "properties": {"cod_imovel": "SC-4209300-74121BB137134571BF8BBFECC87212B4", "municipio": "Lages", "num_area": 4.1833, "mod_fiscal": 0.2092, "des_condic": "Aguardando analise", "ind_status": "AT", "dat_atuali": "25/12/2017"}, "geometry": {"type": "Polygon", "coordinates": [[[-50.35787164541416, -28.03182246627116], [-50.35432900520212, -28.03058319217541], [-50.35424331749951, -28.03071961975046], [-50.35491344633671, -28.03164740732936], [-50.35658080067044, -28.03292459899162], [-50.3567747799571, -28.03258840726006], [-50.35766606617241, -28.03285081522942], [-50.35787164541416, -28.03182246627116]]]}}, {"type": "Feature", "properties": {"cod_imovel": "SC-4209300-5050F4896AC44E4D9DB3B488B7CDF47B", "municipio": "Lages", "num_area": 731.2202, "mod_fiscal": 36.561, "des_condic": "Aguardando analise", "ind_status": "AT", "dat_atuali": "14/12/2018"}, "geometry": {"type": "Polygon", "coordinates": [[[-50.44908866, -28.18759768], [-50.45452364, -28.19944539], [-50.45595416, -28.20188805], [-50.45805972, -28.20474194], [-50.45839461, -28.20474883], [-50.45932083, -28.20518], [-50.45922417, -28.20537056], [-50.45967028, -28.20586722], [-50.46015778, -28.20583694], [-50.46047194, -28.20610056], [-50.46107639, -28.20623611], [-50.46211472, -28.20538972], [-50.46244361, -28.20530556], [-50.46310778, -28.20560944], [-50.4639375, -28.2055075], [-50.46470194, -28.20595083], [-50.46557222, -28.2061525], [-50.46684611, -28.20566222], [-50.46827583, -28.205525], [-50.46865917, -28.20565167], [-50.46911111, -28.20539139], [-50.46932722, -28.20544472], [-50.46935944, -28.20569611], [-50.46984139, -28.20602167], [-50.46988028, -28.20619944], [-50.47014917, -28.20600194], [-50.47033833, -28.20619278], [-50.47067389, -28.20594361], [-50.4706975, -28.206265], [-50.47052778, -28.20627944], [-50.47054139, -28.20642806], [-50.47102444, -28.20634778], [-50.47108472, -28.2065625], [-50.47153833, -28.20644806], [-50.47157639, -28.206725], [-50.47251722, -28.20732083], [-50.47491, -28.2061925], [-50.47615583, -28.20514], [-50.477345, -28.20469167], [-50.47918639, -28.20448444], [-50.48075667, -28.20478111], [-50.48112639, -28.20415111], [-50.47833139, -28.20119138], [-50.47767132, -28.19990181], [-50.4774904, -28.19886925], [-50.47792301, -28.19807222], [-50.4786494, -28.19757782], [-50.48021859, -28.19740713], [-50.48076, -28.19697127], [-50.48072891, -28.19356442], [-50.48096679, -28.19304215], [-50.48351885, -28.19147155], [-50.4842651, -28.19037342], [-50.48446564, -28.18939592], [-50.48370957, -28.18813491], [-50.48399072, -28.18773155], [-50.48589467, -28.18643851], [-50.48624592, -28.18596804], [-50.48664736, -28.18432507], [-50.48734437, -28.1836243], [-50.4879601, -28.18259139], [-50.48699151, -28.18006901], [-50.48609745, -28.17999223], [-50.48399813, -28.18056175], [-50.48350348, -28.18083738], [-50.48298489, -28.18062512], [-50.48219156, -28.17996271], [-50.47874676, -28.17824972], [-50.47841102, -28.17849734], [-50.47799694, -28.1792385], [-50.47783244, -28.17983666], [-50.47783046, -28.18160678], [-50.47728347, -28.18334893], [-50.47695865, -28.18395122], [-50.47547995, -28.18485869], [-50.47512162, -28.18553962], [-50.47528469, -28.18598092], [-50.47508546, -28.18623125], [-50.47477123, -28.18612115], [-50.47317, -28.18477111], [-50.47229556, -28.18512833], [-50.47211778, -28.18559889], [-50.47185529, -28.18574163], [-50.47089444, -28.185355], [-50.47070778, -28.18541778], [-50.47056889, -28.18590222], [-50.47019583, -28.18625156], [-50.46951333, -28.18636056], [-50.46876111, -28.18602778], [-50.46700839, -28.18588566], [-50.46711753, -28.18366825], [-50.46508314, -28.17953647], [-50.45823834, -28.18256716], [-50.46066041, -28.18574251], [-50.46014722, -28.18604944], [-50.45957167, -28.18608944], [-50.45830722, -28.18547111], [-50.45772667, -28.18396889], [-50.45673944, -28.18392278], [-50.45595, -28.18423944], [-50.45270333, -28.18423389], [-50.45131333, -28.18456389], [-50.45087778, -28.18493278], [-50.45006778, -28.18507222], [-50.44885324, -28.18576492], [-50.44949181, -28.18608569], [-50.44977538, -28.18663394], [-50.44900954, -28.18703382], [-50.44908866, -28.18759768]]]}}, {"type": "Feature", "properties": {"cod_imovel": "SC-4209300-B7303E6C42FF445EB2D2B8D41CA14B15", "municipio": "Lages", "num_area": 252.9473, "mod_fiscal": 12.6474, "des_condic": "Aguardando analise", "ind_status": "AT", "dat_atuali": "14/10/2019"}, "geometry": {"type": "Polygon", "coordinates": [[[-50.45965496, -28.16236781], [-50.45721546, -28.16530145], [-50.45615259, -28.16611191], [-50.45589186, -28.16750564], [-50.45471354, -28.17028842], [-50.45728805, -28.17326704], [-50.46059774, -28.17310875], [-50.46392863, -28.17683869], [-50.46396502, -28.17750113], [-50.46589631, -28.18110366], [-50.46700297, -28.18417987], [-50.46709889, -28.18575855], [-50.4690881, -28.18611954], [-50.46967795, -28.18637744], [-50.47243896, -28.18564276], [-50.47353232, -28.18574443], [-50.47359748, -28.18521825], [-50.47262392, -28.18449858], [-50.47124194, -28.1831387], [-50.47000511, -28.18233217], [-50.4699019, -28.18197692], [-50.47018259, -28.18141106], [-50.47271455, -28.17835612], [-50.47356712, -28.17794678], [-50.47378084, -28.17663656], [-50.47334489, -28.17565293], [-50.4729553, -28.17537569], [-50.47271008, -28.17473846], [-50.47157298, -28.17371035], [-50.47117074, -28.1730707], [-50.47094903, -28.17231543], [-50.47100398, -28.1718035], [-50.47144279, -28.1717569], [-50.47181815, -28.17145432], [-50.47316008, -28.17096324], [-50.47325713, -28.17053232], [-50.47402987, -28.16976063], [-50.47449386, -28.16805038], [-50.47403735, -28.16738174], [-50.47332933, -28.1667634], [-50.47279645, -28.16671136], [-50.47174962, -28.165666], [-50.47169782, -28.1648707], [-50.47088258, -28.16438449], [-50.47012312, -28.16426458], [-50.46813586, -28.16579891], [-50.46779844, -28.1657586], [-50.46725765, -28.16601261], [-50.46681056, -28.16571734], [-50.46509517, -28.16776471], [-50.45965496, -28.16236781]]]}}, {"type": "Feature", "properties": {"cod_imovel": "SC-4209300-D1CD0DD3A81047C19B8FA1F8ACDAA178", "municipio": "Lages", "num_area": 105.2411, "mod_fiscal": 5.2621, "des_condic": "Aguardando analise", "ind_status": "AT", "dat_atuali": "08/04/2019"}, "geometry": {"type": "Polygon", "coordinates": [[[-50.33324386, -28.17992149], [-50.3278776, -28.181119], [-50.3254806, -28.18191935], [-50.32639278, -28.18592583], [-50.32772583, -28.18889056], [-50.32757472, -28.19075611], [-50.32854732, -28.19110549], [-50.33023381, -28.19277853], [-50.33140815, -28.19283529], [-50.33216654, -28.19355178], [-50.33260886, -28.19325017], [-50.33366619, -28.19335763], [-50.33405335, -28.1929476], [-50.3339451, -28.1924968], [-50.33403103, -28.19113298], [-50.33419953, -28.19072516], [-50.33410121, -28.18974428], [-50.33531972, -28.18847482], [-50.33567454, -28.18756237], [-50.33530563, -28.1871492], [-50.33487445, -28.18604443], [-50.33539021, -28.18558707], [-50.33561494, -28.18497362], [-50.33621822, -28.18474719], [-50.33630699, -28.1845478], [-50.33630389, -28.18410778], [-50.33324386, -28.17992149]]]}}, {"type": "Feature", "properties": {"cod_imovel": "SC-4209300-FA9B259F24A94F01B4D83C726B6480D5", "municipio": "Lages", "num_area": 104.768, "mod_fiscal": 5.2384, "des_condic": "Aguardando analise", "ind_status": "AT", "dat_atuali": "25/12/2017"}, "geometry": {"type": "Polygon", "coordinates": [[[-50.32402212572041, -28.05039496549596], [-50.32309046324164, -28.05139829127452], [-50.32354582803608, -28.05215174071291], [-50.32497154368626, -28.05286626783864], [-50.32524626458654, -28.05319856268474], [-50.3231440880312, -28.0536182668062], [-50.32343817399993, -28.05382085421628], [-50.32578793399995, -28.05378377121626], [-50.32764950699992, -28.05337574721625], [-50.33016904599998, -28.05262621221626], [-50.33088125199996, -28.05190708221629], [-50.330877619, -28.05130356621628], [-50.33164091899994, -28.05109621221629], [-50.33246485839752, -28.05155394863917], [-50.33302132648316, -28.05124170437216], [-50.33411199956372, -28.0500012865993], [-50.33440300305966, -28.04900973935048], [-50.33907, -28.04607749921645], [-50.33837083, -28.04533443921644], [-50.33827638999998, -28.04484416921648], [-50.33768972, -28.04424499921649], [-50.33767749999997, -28.04398943921648], [-50.33951111000001, -28.0436024992165], [-50.3397632451301, -28.04275959723886], [-50.34028193199999, -28.04214472521646], [-50.34012353499997, -28.04094209221648], [-50.3373170682828, -28.04003688678352], [-50.32402212572041, -28.05039496549596]]]}}, {"type": "Feature", "properties": {"cod_imovel": "SC-4209300-DE4B34C786364E6BA63F0587B43201AF", "municipio": "Lages", "num_area": 196.4955, "mod_fiscal": 9.8248, "des_condic": "Aguardando analise", "ind_status": "AT", "dat_atuali": "20/01/2020"}, "geometry": {"type": "Polygon", "coordinates": [[[-50.46847216, -28.10022876], [-50.47249713, -28.10471084], [-50.46134093, -28.10401752], [-50.46184283, -28.10588244], [-50.46181941, -28.10681807], [-50.46155166, -28.10714884], [-50.46027662, -28.10781964], [-50.45972563, -28.10782962], [-50.45873191, -28.10751232], [-50.45752947, -28.10754322], [-50.47097802, -28.11299702], [-50.47109729, -28.11128552], [-50.47432991, -28.10482642], [-50.48257262, -28.1053196], [-50.48272494, -28.10483766], [-50.48259199, -28.10465108], [-50.48201349, -28.10455646], [-50.48156069, -28.10398464], [-50.48156621, -28.10283632], [-50.4826684, -28.10294986], [-50.48294747, -28.10318925], [-50.48344792, -28.10209044], [-50.48384057, -28.10186029], [-50.48402095, -28.10126968], [-50.48511177, -28.10138812], [-50.4822953, -28.09725598], [-50.48180958, -28.09756079], [-50.48066655, -28.09651601], [-50.48000454, -28.09655927], [-50.47929186, -28.09485725], [-50.46847216, -28.10022876]]]}}, {"type": "Feature", "properties": {"cod_imovel": "SC-4209300-7CEEE4981A1F4EF3B7D653CAB8ACCDAB", "municipio": "Lages", "num_area": 18.1014, "mod_fiscal": 0.9051, "des_condic": "Aguardando analise", "ind_status": "AT", "dat_atuali": "15/07/2020"}, "geometry": {"type": "Polygon", "coordinates": [[[-50.33817529678344, -28.234059532980883], [-50.33580094932098, -28.23194184511814], [-50.33310698884453, -28.23433506894432], [-50.33727407455444, -28.237065336278402], [-50.339618693499375, -28.236792698147273], [-50.33817529678344, -28.234059532980883]]]}}, {"type": "Feature", "properties": {"cod_imovel": "SC-4209300-231A21F584524AC7AF7A9D20BE4CED04", "municipio": "Lages", "num_area": 308.079, "mod_fiscal": 15.4039, "des_condic": "Aguardando analise", "ind_status": "AT", "dat_atuali": "21/09/2020"}, "geometry": {"type": "Polygon", "coordinates": [[[-50.274524825215, -27.9819755309176], [-50.26623056, -27.99323444], [-50.2772573999143, -28.0097954710404], [-50.2782243989686, -28.0100801144406], [-50.2789431677629, -28.0098850244617], [-50.2802151808078, -28.0100813458013], [-50.2808798487401, -28.0104050081759], [-50.2815576511548, -28.0102673719684], [-50.2823485669415, -28.0100511571938], [-50.2826236318228, -28.0097383670648], [-50.2826634792258, -28.009849334909], [-50.28273333, -28.00957667], [-50.28233806, -28.00716083], [-50.28087889, -28.002805], [-50.28110528, -28.00033], [-50.28123167, -27.99995972], [-50.28250861, -27.99879028], [-50.28290889, -27.99788917], [-50.28520611, -27.99586056], [-50.28603833, -27.99481389], [-50.28552028, -27.99367361], [-50.28559444, -27.993075], [-50.28359, -27.99237778], [-50.28283694, -27.991695], [-50.28240667, -27.99184722], [-50.28175028, -27.99159528], [-50.2798302080226, -27.9885733796899], [-50.2798967182603, -27.9880370780872], [-50.277967674585, -27.9865379753775], [-50.2770615479733, -27.9851014570579], [-50.2771838670107, -27.9844017017801], [-50.2770845874265, -27.9839340372455], [-50.2767391815052, -27.9839305965591], [-50.2749814879093, -27.982158386712], [-50.2747388924961, -27.9822915185294], [-50.274524825215, -27.9819755309176]]]}}, {"type": "Feature", "properties": {"cod_imovel": "SC-4209300-38046B8BCD154794BE60EE27C95BBF80", "municipio": "Lages", "num_area": 49.7684, "mod_fiscal": 2.4884, "des_condic": "Aguardando analise", "ind_status": "AT", "dat_atuali": "03/08/2020"}, "geometry": {"type": "Polygon", "coordinates": [[[-50.3744502583333, -28.0229858992116], [-50.3711500861111, -28.0259502742116], [-50.3806019888889, -28.0316303631004], [-50.3811793361111, -28.0311829714337], [-50.381462075, -28.0304668714337], [-50.3823048, -28.0301672658782], [-50.3827145916667, -28.0298428742115], [-50.382853, -28.0296196269893], [-50.3827657333333, -28.029081318656], [-50.3831063111111, -28.0282278131004], [-50.3744502583333, -28.0229858992116]]]}}, {"type": "Feature", "properties": {"cod_imovel": "SC-4209300-50680BA0F2964B5B9F793155E44C176E", "municipio": "Lages", "num_area": 400.3911, "mod_fiscal": 20.0196, "des_condic": "Aguardando analise", "ind_status": "AT", "dat_atuali": "29/09/2020"}, "geometry": {"type": "Polygon", "coordinates": [[[-50.37289962, -28.13790113], [-50.37495924, -28.13796578], [-50.37667406, -28.13745012], [-50.37886826, -28.13552911], [-50.38006839, -28.13547467], [-50.37994389, -28.13655184], [-50.38228501, -28.13619459], [-50.38303564, -28.13692644], [-50.38227142, -28.13845743], [-50.38278042, -28.13951153], [-50.38369359, -28.13996495], [-50.38494371, -28.13863352], [-50.38925347, -28.13721298], [-50.3904399, -28.13726193], [-50.39148119, -28.13751247], [-50.39191919, -28.13809442], [-50.39256683, -28.13795999], [-50.39360429, -28.13721567], [-50.39555323, -28.13623041], [-50.39589236, -28.13586592], [-50.39576332, -28.13527926], [-50.39422141, -28.13478831], [-50.39314498, -28.1342202], [-50.38977693, -28.13107244], [-50.38915832, -28.12988984], [-50.38891924, -28.12806684], [-50.38926984, -28.12653251], [-50.38904663, -28.1246121], [-50.38856933, -28.12280769], [-50.38833092, -28.12065165], [-50.38853916, -28.11966642], [-50.38805908, -28.11742082], [-50.3875305, -28.11713946], [-50.38691851, -28.11707735], [-50.38472493, -28.11805396], [-50.38248767, -28.11876363], [-50.38140878, -28.11857502], [-50.37948647, -28.11868017], [-50.37651285, -28.1179748], [-50.3753852, -28.11756416], [-50.37466807, -28.11666432], [-50.3697306, -28.12423551], [-50.37196136, -28.13410039], [-50.37239128, -28.13658322], [-50.37289962, -28.13790113]]]}}, {"type": "Feature", "properties": {"cod_imovel": "SC-4209300-6763F1EA40174C058191FBA7C1DBFB20", "municipio": "Lages", "num_area": 129.8458, "mod_fiscal": 6.4923, "des_condic": "Aguardando analise", "ind_status": "AT", "dat_atuali": "03/08/2020"}, "geometry": {"type": "Polygon", "coordinates": [[[-50.3357174861111, -28.0227363242116], [-50.3351529638889, -28.022745507545], [-50.3337282305556, -28.0223811436561], [-50.3311127888889, -28.0234237742116], [-50.3303674555556, -28.0227167658783], [-50.33009775, -28.0227552603228], [-50.3305067666667, -28.0242045408783], [-50.3300455638889, -28.0240701381005], [-50.3293081027778, -28.0245228519894], [-50.3350700833333, -28.0373069686558], [-50.3443828638889, -28.0325828964337], [-50.3361584055556, -28.0225456381005], [-50.3357174861111, -28.0227363242116]]]}}, {"type": "Feature", "properties": {"cod_imovel": "SC-4209300-7C0B70D2774F47C5A0A6DD947FB61D01", "municipio": "Lages", "num_area": 291.0148, "mod_fiscal": 14.5507, "des_condic": "Aguardando analise", "ind_status": "AT", "dat_atuali": "09/12/2020"}, "geometry": {"type": "Polygon", "coordinates": [[[-50.4312455555556, -28.1671547658757], [-50.4324829111111, -28.1678284880979], [-50.4340114916667, -28.1639560464313], [-50.4363596055556, -28.164684074209], [-50.4372384361111, -28.1636867853202], [-50.4397688416667, -28.1623495575424], [-50.4404756583333, -28.161857388098], [-50.4409412916667, -28.1612833575424], [-50.4377151555556, -28.1568176630981], [-50.4360494666667, -28.1541634742092], [-50.4352523027778, -28.1524817575426], [-50.4349769555556, -28.1523542908759], [-50.4343129277778, -28.1525087992093], [-50.4337728388889, -28.1528500297648], [-50.4324993444444, -28.1531215047648], [-50.4312764888889, -28.1537769825426], [-50.4295383527778, -28.1556262825425], [-50.4284396305556, -28.1564442992092], [-50.4279510444444, -28.1575280825425], [-50.4277904694444, -28.1585270325425], [-50.426949075, -28.160179163098], [-50.4258103361111, -28.1616369964313], [-50.4243424694444, -28.1622259186535], [-50.4235660611111, -28.1621631686535], [-50.4229729083333, -28.1619149408758], [-50.4226770222222, -28.1623906353202], [-50.4223104027778, -28.1646452908757], [-50.4227695861111, -28.1652329686535], [-50.4225801694444, -28.1669801797646], [-50.4205020027778, -28.1670458464312], [-50.4200221638889, -28.1729832519867], [-50.4197026666667, -28.1736292297644], [-50.4198801916667, -28.1737384825422], [-50.4198957527778, -28.17428886032], [-50.41970305, -28.1760894964311], [-50.4196039861111, -28.1764305519866], [-50.4191283416667, -28.1768539325422], [-50.4188525166667, -28.1779456186532], [-50.4188092444444, -28.1790040353199], [-50.4281837305556, -28.1746494242089], [-50.4279334277778, -28.1743050908755], [-50.4303361805556, -28.17279191032], [-50.4312332527778, -28.1746219547644], [-50.4352226888889, -28.1716622519867], [-50.4335609277778, -28.1704829825423], [-50.4312455555556, -28.1671547658757]]]}}, {"type": "Feature", "properties": {"cod_imovel": "SC-4209300-D5D744D4B7F344D19A6F16D9A5918A23", "municipio": "Lages", "num_area": 847.8274, "mod_fiscal": 42.3914, "des_condic": "Aguardando analise", "ind_status": "AT", "dat_atuali": "28/09/2020"}, "geometry": {"type": "Polygon", "coordinates": [[[-50.37492282, -28.13810179], [-50.36977099, -28.13761247], [-50.36703512, -28.13683526], [-50.3635089, -28.13472224], [-50.36274347, -28.13487852], [-50.36125515, -28.13664655], [-50.35954471, -28.13785199], [-50.3576984, -28.13821563], [-50.35747085, -28.13936415], [-50.35662643, -28.14047624], [-50.35494028, -28.14204615], [-50.3542596, -28.14223565], [-50.35451125, -28.14323341], [-50.34969597, -28.14729175], [-50.36646569, -28.15382261], [-50.37039044, -28.16060888], [-50.37082061, -28.16198696], [-50.37309384, -28.16169844], [-50.37653268, -28.16087159], [-50.38397406, -28.15855112], [-50.38501383, -28.15787075], [-50.38892749, -28.15614643], [-50.39267414, -28.15486954], [-50.39401399, -28.15453267], [-50.39521623, -28.15472429], [-50.39537135, -28.1540729], [-50.39536208, -28.15136417], [-50.39619786, -28.14984181], [-50.39861906, -28.14728705], [-50.39857981, -28.14666226], [-50.39814452, -28.14615877], [-50.39693901, -28.14581277], [-50.39572452, -28.14516387], [-50.39514049, -28.14434279], [-50.39533042, -28.14286727], [-50.39721079, -28.14120686], [-50.39762004, -28.14063136], [-50.39739789, -28.1402329], [-50.39665008, -28.14021068], [-50.39443417, -28.14094856], [-50.39227407, -28.14126077], [-50.39157011, -28.14103997], [-50.39148886, -28.14029197], [-50.39190606, -28.13832995], [-50.39132888, -28.13763493], [-50.38917702, -28.1374328], [-50.38826278, -28.13753938], [-50.38513322, -28.13870663], [-50.38367179, -28.14013163], [-50.38249987, -28.13963386], [-50.38210888, -28.13855823], [-50.38219053, -28.13803008], [-50.38277769, -28.13697367], [-50.38249567, -28.13657988], [-50.38218669, -28.13642493], [-50.38125023, -28.13642811], [-50.37956759, -28.1367871], [-50.37972416, -28.13573246], [-50.3789591, -28.1357364], [-50.37669658, -28.13751863], [-50.37492282, -28.13810179]]]}}, {"type": "Feature", "properties": {"cod_imovel": "SC-4209300-CC8F41C2491F433D8A6443E10BDFBDFB", "municipio": "Lages", "num_area": 149.9491, "mod_fiscal": 7.4975, "des_condic": "Aguardando analise", "ind_status": "AT", "dat_atuali": "26/09/2020"}, "geometry": {"type": "Polygon", "coordinates": [[[-50.37996163, -28.03217723], [-50.3782328, -28.03502195], [-50.37756289, -28.0355757], [-50.37743829, -28.03625453], [-50.37720502, -28.03649782], [-50.37641609, -28.03848336], [-50.3763856, -28.03921422], [-50.37611227, -28.03989433], [-50.37554825, -28.04054634], [-50.37493667, -28.04094249], [-50.37512382, -28.04279894], [-50.37584642, -28.04476285], [-50.37586248, -28.04638739], [-50.37616259, -28.04802213], [-50.37609561, -28.04869098], [-50.37592905, -28.0490566], [-50.37531209, -28.04950612], [-50.37449862, -28.0506909], [-50.37315731, -28.05151876], [-50.37315849, -28.05231105], [-50.37334294, -28.05255451], [-50.37577403, -28.05154174], [-50.37957225, -28.04832687], [-50.379935, -28.04482023], [-50.38019802, -28.04465591], [-50.38082843, -28.04511514], [-50.38453102, -28.04662711], [-50.38620357, -28.03269564], [-50.38085839, -28.03166068], [-50.37996163, -28.03217723]]]}}, {"type": "Feature", "properties": {"cod_imovel": "SC-4209300-F56824BCC0FE43DEB8652BCA1B7B99DE", "municipio": "Lages", "num_area": 79.7366, "mod_fiscal": 3.9868, "des_condic": "Aguardando analise", "ind_status": "AT", "dat_atuali": "28/09/2020"}, "geometry": {"type": "Polygon", "coordinates": [[[-50.36977099, -28.13761247], [-50.37289962, -28.13790113], [-50.37239128, -28.13658322], [-50.37196136, -28.13410039], [-50.37106195, -28.13329022], [-50.36816312, -28.13166041], [-50.3640973, -28.13168892], [-50.36254904, -28.13118749], [-50.35992884, -28.12998559], [-50.35976199, -28.13062615], [-50.3589849, -28.13129741], [-50.35655653, -28.13430526], [-50.35568481, -28.13509835], [-50.35730218, -28.13584991], [-50.35772581, -28.13665375], [-50.35925182, -28.13766636], [-50.36084944, -28.13666978], [-50.36247372, -28.13498208], [-50.36281438, -28.13475679], [-50.36355483, -28.13467991], [-50.36446915, -28.13494937], [-50.36703512, -28.13683526], [-50.36977099, -28.13761247]]]}}, {"type": "Feature", "properties": {"cod_imovel": "SC-4209300-E68FAD68C1904D698DD1442D82C8653E", "municipio": "Lages", "num_area": 565.6441, "mod_fiscal": 28.2822, "des_condic": "Aguardando analise", "ind_status": "AT", "dat_atuali": "28/07/2020"}, "geometry": {"type": "Polygon", "coordinates": [[[-50.49444531, -28.20014686], [-50.49403942, -28.20067822], [-50.49363914, -28.20289979], [-50.49295878, -28.2040891], [-50.4909601, -28.20583258], [-50.48972521, -28.2060875], [-50.48760837, -28.2057809], [-50.48556589, -28.20608311], [-50.48515416, -28.2059098], [-50.48413512, -28.20584323], [-50.48272635, -28.20433602], [-50.48232188, -28.20428466], [-50.4819737, -28.2046295], [-50.48098186, -28.20398327], [-50.48072238, -28.20448552], [-50.4790376, -28.20434146], [-50.47636754, -28.20484063], [-50.47511703, -28.2057277], [-50.47405097, -28.20626295], [-50.47375246, -28.20690266], [-50.47315348, -28.20722997], [-50.47171333, -28.20684389], [-50.47141389, -28.20786861], [-50.47077611, -28.20839389], [-50.46967694, -28.20974556], [-50.46880778, -28.21014611], [-50.46806889, -28.20984028], [-50.46764778, -28.20991361], [-50.46745528, -28.210345], [-50.46656722, -28.21073528], [-50.46661833, -28.21120167], [-50.46642389, -28.21167583], [-50.466715, -28.21193139], [-50.466765, -28.21247472], [-50.46689694, -28.21252778], [-50.46661556, -28.2128425], [-50.46550639, -28.21365167], [-50.46275833, -28.21463806], [-50.46169083, -28.21518389], [-50.46179278, -28.21526389], [-50.46145194, -28.21564444], [-50.46155889, -28.21636111], [-50.46244194, -28.21743583], [-50.46254389, -28.21825], [-50.46243611, -28.218595], [-50.46273889, -28.21926278], [-50.46263556, -28.22098194], [-50.48401178, -28.21869705], [-50.49871076, -28.22316012], [-50.49837417, -28.222575], [-50.49812823, -28.22126155], [-50.49811311, -28.22013494], [-50.49786973, -28.21996371], [-50.49767537, -28.2193146], [-50.49877741, -28.21831613], [-50.49910962, -28.2184495], [-50.49951417, -28.21802111], [-50.49961678, -28.21810987], [-50.49997, -28.21793], [-50.50022056, -28.21804194], [-50.50093121, -28.21751989], [-50.50101056, -28.21727111], [-50.50076942, -28.21718134], [-50.50110478, -28.21663951], [-50.50109101, -28.21635647], [-50.50131083, -28.21639917], [-50.50122799, -28.21615684], [-50.50141027, -28.21596587], [-50.5012425, -28.21550611], [-50.50144778, -28.21479306], [-50.50133649, -28.21440865], [-50.50150639, -28.2143075], [-50.50131611, -28.21410306], [-50.5016525, -28.21365528], [-50.50230944, -28.21338444], [-50.50246083, -28.21299842], [-50.50307944, -28.21272463], [-50.50332556, -28.21225278], [-50.50098981, -28.21009736], [-50.50016921, -28.20995086], [-50.49762178, -28.2076278], [-50.49768638, -28.20579411], [-50.49724189, -28.20442753], [-50.49687836, -28.202244], [-50.49569852, -28.20040686], [-50.49444531, -28.20014686]]]}}, {"type": "Feature", "properties": {"cod_imovel": "SC-4209300-1FB876568EE745EE9070C41CC17E926F", "municipio": "Lages", "num_area": 79.7047, "mod_fiscal": 3.9852, "des_condic": "Aguardando analise", "ind_status": "AT", "dat_atuali": "29/12/2017"}, "geometry": {"type": "Polygon", "coordinates": [[[-50.4203648771677, -28.08884931894887], [-50.42048770932508, -28.08860918947415], [-50.42041009346947, -28.08648095993764], [-50.41988962872078, -28.08602793474767], [-50.41962556630878, -28.08528376996176], [-50.41987426162493, -28.08459446458416], [-50.40529950437921, -28.08562321980851], [-50.40776716868279, -28.09240415963465], [-50.41873926329788, -28.08847426457516], [-50.4203648771677, -28.08884931894887]]]}}, {"type": "Feature", "properties": {"cod_imovel": "SC-4209300-2885CFFD973B403DAA7138ECDF514857", "municipio": "Lages", "num_area": 217.13, "mod_fiscal": 10.8565, "des_condic": "Aguardando analise", "ind_status": "AT", "dat_atuali": "15/07/2020"}, "geometry": {"type": "Polygon", "coordinates": [[[-50.26292465, -28.13617554], [-50.26302937, -28.13854685], [-50.26264117, -28.14013701], [-50.26223634, -28.14069589], [-50.26202835, -28.14131284], [-50.2622744, -28.14191745], [-50.26231169, -28.14145944], [-50.26256707, -28.14131461], [-50.26577824, -28.14154801], [-50.26593298, -28.14230222], [-50.26654171, -28.14299292], [-50.26798081, -28.14326862], [-50.26825471, -28.14350625], [-50.26866031, -28.14395332], [-50.26875412, -28.1447891], [-50.26919656, -28.14517226], [-50.26930068, -28.14563901], [-50.27047611, -28.14654917], [-50.27542694, -28.13870444], [-50.27786556, -28.13531444], [-50.27922444, -28.1330875], [-50.26362785, -28.12571644], [-50.26314489, -28.12625574], [-50.26297606, -28.12703538], [-50.26205743, -28.12734007], [-50.26225499, -28.13036572], [-50.26336031, -28.13368655], [-50.26292465, -28.13617554]]]}}, {"type": "Feature", "properties": {"cod_imovel": "SC-4209300-CAFD7D0D16A243B589B6429564F0022C", "municipio": "Lages", "num_area": 19.0182, "mod_fiscal": 0.9509, "des_condic": "Aguardando analise", "ind_status": "AT", "dat_atuali": "25/12/2017"}, "geometry": {"type": "Polygon", "coordinates": [[[-50.3592082691673, -28.02011728888487], [-50.36372804925421, -28.02038773181363], [-50.36333041125328, -28.01589138579107], [-50.35864195327191, -28.01713970856861], [-50.3592082691673, -28.02011728888487]]]}}, {"type": "Feature", "properties": {"cod_imovel": "SC-4209300-64B59CB9D69242B79BA8DA5D078CE7E9", "municipio": "Lages", "num_area": 42.9631, "mod_fiscal": 2.1482, "des_condic": "Aguardando analise", "ind_status": "AT", "dat_atuali": "25/12/2017"}, "geometry": {"type": "Polygon", "coordinates": [[[-50.36089823693516, -28.03244371855158], [-50.3610700476384, -28.03332077049843], [-50.36244992681768, -28.03317932792903], [-50.36439368173642, -28.03259956657392], [-50.36540990265692, -28.03323573408354], [-50.36663815434584, -28.03322879402168], [-50.36740643972465, -28.03397013031947], [-50.36865256965812, -28.03343911261883], [-50.36866844488438, -28.03357527200186], [-50.36739141290742, -28.03410804969099], [-50.36657289168755, -28.03335549793404], [-50.36537070639712, -28.03336804454661], [-50.36427667767249, -28.03273487985392], [-50.36247741332084, -28.03331309204978], [-50.36149859407165, -28.03335703913972], [-50.35997251781783, -28.03374915042491], [-50.35857269829889, -28.03375706758193], [-50.35971036293505, -28.03455618960609], [-50.36008131191267, -28.03446767116797], [-50.36205222275524, -28.0346496382147], [-50.36334733628017, -28.03519603336092], [-50.36448639, -28.03597055921659], [-50.36606027999996, -28.03637499921658], [-50.367685, -28.03627193921659], [-50.36863639, -28.03700499921657], [-50.36931666999998, -28.0372099992166], [-50.36824264354479, -28.03050812481695], [-50.36019685012332, -28.03132814578061], [-50.3601150744422, -28.032412992434], [-50.36089823693516, -28.03244371855158]]]}}, {"type": "Feature", "properties": {"cod_imovel": "SC-4209300-E03D344907E14B0782539A9D8DE73845", "municipio": "Lages", "num_area": 50.5822, "mod_fiscal": 2.5291, "des_condic": "Aguardando analise", "ind_status": "AT", "dat_atuali": "02/02/2018"}, "geometry": {"type": "Polygon", "coordinates": [[[-50.39634147, -28.10358664], [-50.39623386, -28.10178421], [-50.39571447, -28.0986742], [-50.39505859, -28.09719646], [-50.39518701, -28.09607796], [-50.39433674, -28.09749853], [-50.39343316, -28.09736408], [-50.39290443, -28.09844762], [-50.39253753, -28.09781825], [-50.38769716, -28.10024671], [-50.38732392, -28.10105713], [-50.3889652, -28.10442604], [-50.39090941, -28.10460961], [-50.39276453, -28.10426883], [-50.3941474, -28.10352934], [-50.39634147, -28.10358664]]]}}]}