{"type": "FeatureCollection", "features": [{"type": "Feature", "properties": {"cod_imovel": "SC-4201000-FE22621F2AF341879A87FC5F92AB961A", "municipio": "Anita Garibaldi", "num_area": 22.8678, "mod_fiscal": 1.1434, "des_condic": "Aguardando analise", "ind_status": "AT", "dat_atuali": "12/05/2015"}, "geometry": {"type": "Polygon", "coordinates": [[[-51.17651953298112, -27.75643781366206], [-51.17777539145071, -27.75731341972371], [-51.17839094599086, -27.75886349218363], [-51.18351924167238, -27.75696212098071], [-51.18303799542902, -27.75562621204635], [-51.18254806938579, -27.75524129767421], [-51.1823204346573, -27.75467824368393], [-51.18252088690071, -27.75411222547876], [-51.18215404849124, -27.75386873117109], [-51.18200759501997, -27.75344581369094], [-51.18144362701222, -27.75333945254864], [-51.18096308067759, -27.75366492993904], [-51.18014711179226, -27.75380602924375], [-51.17651953298112, -27.75643781366206]]]}}, {"type": "Feature", "properties": {"cod_imovel": "SC-4201000-D1B2CBF37AD4493E826669B0DE2761F5", "municipio": "Anita Garibaldi", "num_area": 24.3541, "mod_fiscal": 1.2177, "des_condic": "Aguardando analise", "ind_status": "AT", "dat_atuali": "06/03/2026"}, "geometry": {"type": "Polygon", "coordinates": [[[-51.03861693274064, -27.81471234744095], [-51.03700393120209, -27.81630606760005], [-51.03756539658778, -27.81760847158324], [-51.03844518735988, -27.818667119308], [-51.0384695036399, -27.81968434440696], [-51.03927711626989, -27.82027059917229], [-51.03964229317042, -27.8213931702227], [-51.0403766833946, -27.82240332771868], [-51.04147128585929, -27.82144080180679], [-51.04295607760282, -27.81817715721148], [-51.03992325582069, -27.81595551107689], [-51.03861693274064, -27.81471234744095]]]}}, {"type": "Feature", "properties": {"cod_imovel": "SC-4201000-9EC1CD2E69A143F48B3B1F468DE5077F", "municipio": "Anita Garibaldi", "num_area": 35.8815, "mod_fiscal": 1.7941, "des_condic": "Aguardando analise", "ind_status": "AT", "dat_atuali": "26/02/2026"}, "geometry": {"type": "Polygon", "coordinates": [[[-51.04315298521126, -27.84348428762526], [-51.04299494145532, -27.84288371908288], [-51.0421928491355, -27.84265056480928], [-51.04166134142289, -27.84163354435841], [-51.04072838012126, -27.84208724638301], [-51.03965479939821, -27.84225716771067], [-51.0393908489304, -27.84651254707677], [-51.04443780618283, -27.84636653309321], [-51.04434282406923, -27.84527609072083], [-51.04740129904598, -27.84411701303104], [-51.0518684120839, -27.84294219117704], [-51.05013292112238, -27.84214546869931], [-51.04955148902295, -27.84142179448459], [-51.04568145657599, -27.8423964033496], [-51.04315298521126, -27.84348428762526]]]}}, {"type": "Feature", "properties": {"cod_imovel": "SC-4201000-01B86AF319AA48CDB8D0362580905ED8", "municipio": "Anita Garibaldi", "num_area": 55.6453, "mod_fiscal": 2.7823, "des_condic": "Aguardando analise", "ind_status": "AT", "dat_atuali": "08/02/2026"}, "geometry": {"type": "Polygon", "coordinates": [[[-51.0268208138889, -27.7823018408828], [-51.02748277222221, -27.7833734825494], [-51.0291988611111, -27.783467713105], [-51.0282035666667, -27.7861115908827], [-51.0261635055556, -27.786300499216], [-51.0242398305556, -27.7869190019938], [-51.0231210861111, -27.7869450131049], [-51.0226204222222, -27.7871459519938], [-51.0224509111111, -27.78736839088271], [-51.022961925, -27.7879298325493], [-51.022909675, -27.7883408464382], [-51.02445264166669, -27.7888729381049], [-51.02501848611111, -27.789296349216], [-51.02505288611109, -27.7897243297715], [-51.02544631666671, -27.7897242575493], [-51.02565228055561, -27.7903301325493], [-51.0255616416667, -27.7904120381048], [-51.0258873388889, -27.79055054366041], [-51.02681845, -27.7904891408826], [-51.02707190833329, -27.79023735754931], [-51.02760987777779, -27.7903824492159], [-51.0278635138889, -27.79010433254931], [-51.02978438333331, -27.7894942631049], [-51.03115946111109, -27.7905230853271], [-51.034633725, -27.7913111964382], [-51.0356298444444, -27.7910951825493], [-51.035649525, -27.7907179603271], [-51.03528830555561, -27.79023422143821], [-51.03500161111111, -27.79036028254931], [-51.03445776388891, -27.7896020408826], [-51.034272825, -27.7889613186604], [-51.03394624722219, -27.7887537908826], [-51.0340085833333, -27.7883989464382], [-51.0330196, -27.7873349436604], [-51.0321240055556, -27.7860425769938], [-51.0317147333333, -27.7859703158827], [-51.03152406388891, -27.7853031853272], [-51.0313767361111, -27.7855041547716], [-51.03128270833331, -27.7846450769938], [-51.0306117611111, -27.7843245853272], [-51.0306080972222, -27.7838566408827], [-51.0308180444444, -27.7835483742161], [-51.02973305, -27.7822949436605], [-51.0268208138889, -27.7823018408828]]]}}, {"type": "Feature", "properties": {"cod_imovel": "SC-4201000-A7DA6C2A3CC746C8BA5A1476D1BCB4A2", "municipio": "Anita Garibaldi", "num_area": 8.2987, "mod_fiscal": 0.4149, "des_condic": "Aguardando analise", "ind_status": "AT", "dat_atuali": "05/02/2026"}, "geometry": {"type": "Polygon", "coordinates": [[[-51.07337696687853, -27.77747075144762], [-51.07413060338745, -27.77988083795392], [-51.07528127297433, -27.78087473023794], [-51.07591101481036, -27.78113326453094], [-51.07686079601812, -27.77980076599084], [-51.07666188912081, -27.77849172633047], [-51.0764259124558, -27.77826720651959], [-51.07337696687853, -27.77747075144762]]]}}, {"type": "Feature", "properties": {"cod_imovel": "SC-4201000-41AEAC708162459FBCF64B90C7769AB0", "municipio": "Anita Garibaldi", "num_area": 6.0951, "mod_fiscal": 0.3048, "des_condic": "Aguardando analise", "ind_status": "AT", "dat_atuali": "05/02/2026"}, "geometry": {"type": "Polygon", "coordinates": [[[-51.07376046862783, -27.77220627531786], [-51.0738982206783, -27.77257977462644], [-51.07701267905343, -27.77114542424642], [-51.0761521259639, -27.76912345644217], [-51.07524552645727, -27.7697445247998], [-51.07428781302003, -27.77087079063408], [-51.0738454645046, -27.77159167139391], [-51.07376046862783, -27.77220627531786]]]}}, {"type": "Feature", "properties": {"cod_imovel": "SC-4201000-E18A9D978A444041AFD54820E326BE22", "municipio": "Anita Garibaldi", "num_area": 32.8809, "mod_fiscal": 1.644, "des_condic": "Aguardando analise", "ind_status": "AT", "dat_atuali": "05/02/2026"}, "geometry": {"type": "Polygon", "coordinates": [[[-51.12460692243768, -27.7621707563435], [-51.1244470653668, -27.76273704906997], [-51.12319069140925, -27.76357722710947], [-51.12182391861319, -27.76648706048231], [-51.12103835904223, -27.76697890866398], [-51.12075514656267, -27.76742738793097], [-51.12058048644896, -27.76855250887064], [-51.12137244641186, -27.76898449436165], [-51.123571306793, -27.76837377202126], [-51.12684698443971, -27.76788135321232], [-51.12706235282004, -27.76824082641623], [-51.12706745817913, -27.76929278444757], [-51.12951910215864, -27.76881961957613], [-51.12635340729843, -27.76430180986831], [-51.12460692243768, -27.7621707563435]]]}}, {"type": "Feature", "properties": {"cod_imovel": "SC-4201000-9D0C73A9AA9C4AA8ADC2BEF78B592F8D", "municipio": "Anita Garibaldi", "num_area": 3.5622, "mod_fiscal": 0.1781, "des_condic": "Aguardando analise", "ind_status": "AT", "dat_atuali": "04/02/2026"}, "geometry": {"type": "Polygon", "coordinates": [[[-51.01836370467122, -27.80567262662615], [-51.019918243001, -27.80354633567073], [-51.01962780942044, -27.8033429447422], [-51.01893371243123, -27.80341967850998], [-51.01890432381437, -27.80368594604669], [-51.01839388895739, -27.80430608802825], [-51.01770205862191, -27.80376914683701], [-51.01714636082699, -27.80420431358569], [-51.01680441143967, -27.80481278921411], [-51.01706214486976, -27.80516756649058], [-51.01786251466125, -27.80528734880642], [-51.01836370467122, -27.80567262662615]]]}}, {"type": "Feature", "properties": {"cod_imovel": "SC-4201000-A5FB06ACFC9A4127A91A3298391DF55C", "municipio": "Anita Garibaldi", "num_area": 65.3826, "mod_fiscal": 3.2691, "des_condic": "Aguardando analise", "ind_status": "AT", "dat_atuali": "21/01/2026"}, "geometry": {"type": "Polygon", "coordinates": [[[-51.25247057954005, -27.75473271735131], [-51.25185424174486, -27.75412753828045], [-51.24937352776421, -27.75317637047072], [-51.24908958567407, -27.75278280270017], [-51.24845403574088, -27.75239906759694], [-51.24590211746565, -27.75154176189475], [-51.24060145668857, -27.75385242026247], [-51.23832108741308, -27.75508450846281], [-51.23827006222354, -27.75572299867772], [-51.24422832548953, -27.7599492144138], [-51.24627512533367, -27.7579603198333], [-51.24935119403921, -27.75630164655871], [-51.25164372469937, -27.75532186732219], [-51.25247057954005, -27.75473271735131]]]}}, {"type": "Feature", "properties": {"cod_imovel": "SC-4201000-7682EBD6758E4249B887416FB6EDCDCD", "municipio": "Anita Garibaldi", "num_area": 14.2889, "mod_fiscal": 0.7144, "des_condic": "Aguardando analise", "ind_status": "AT", "dat_atuali": "18/12/2025"}, "geometry": {"type": "Polygon", "coordinates": [[[-51.06490400810793, -27.76927330027399], [-51.06426718473954, -27.77157547709245], [-51.07118720176553, -27.77098645163093], [-51.07116984363877, -27.76943255932803], [-51.06798060648413, -27.76924333968825], [-51.06490400810793, -27.76927330027399]]]}}, {"type": "Feature", "properties": {"cod_imovel": "SC-4201000-FB13C14C5D4A47DEBF04119217EF14FE", "municipio": "Anita Garibaldi", "num_area": 10.496, "mod_fiscal": 0.5248, "des_condic": "Aguardando analise", "ind_status": "AT", "dat_atuali": "16/12/2025"}, "geometry": {"type": "Polygon", "coordinates": [[[-51.01726413083893, -27.80441040124938], [-51.01801614810163, -27.80389860241801], [-51.01838944514243, -27.80430837882642], [-51.01895352824238, -27.80340666153661], [-51.01933677430633, -27.80327856907196], [-51.01981953038899, -27.80346922292111], [-51.02014769737668, -27.80331734227706], [-51.02115376385908, -27.80181774471686], [-51.01680719550596, -27.80180439073489], [-51.01615848323974, -27.8011941924175], [-51.01574657334076, -27.80107562276278], [-51.01682437634747, -27.80493956561426], [-51.01726413083893, -27.80441040124938]]]}}, {"type": "Feature", "properties": {"cod_imovel": "SC-4201000-F51EE9F9FF1940C68F8DAB1742C8AA41", "municipio": "Anita Garibaldi", "num_area": 157.8567, "mod_fiscal": 7.8928, "des_condic": "Aguardando analise", "ind_status": "AT", "dat_atuali": "16/12/2025"}, "geometry": {"type": "Polygon", "coordinates": [[[-51.0859919611111, -27.8281329992152], [-51.0867693083333, -27.8268895686597], [-51.0862653444444, -27.8255420381042], [-51.0865950611111, -27.8254243131042], [-51.087213375, -27.8247996797709], [-51.087513, -27.8233349825487], [-51.0873030666667, -27.8227544464376], [-51.0868089888889, -27.8223542881042], [-51.0871646111111, -27.821528215882], [-51.0868528277778, -27.821007065882], [-51.0869672055556, -27.8205561575487], [-51.0866766194444, -27.8201918992154], [-51.0860221805556, -27.820028729771], [-51.0844855638889, -27.8180026381043], [-51.0843358638889, -27.8173003881043], [-51.0839665888889, -27.8166537881043], [-51.0841484527778, -27.8164089408821], [-51.0839688111111, -27.8158465464377], [-51.0828799305556, -27.8143330158822], [-51.0824084333333, -27.8139577519933], [-51.0803059444444, -27.8156668186599], [-51.0813847416667, -27.8164845353266], [-51.0831799444444, -27.8184459603265], [-51.0795917083333, -27.8213107936598], [-51.0789714638889, -27.8220916686598], [-51.0775738416667, -27.8211933214376], [-51.0751613777778, -27.8206049769932], [-51.0743454277778, -27.8198786131043], [-51.0728756583333, -27.8191016742154], [-51.0711118361111, -27.8212459992154], [-51.0724867916667, -27.8215765964376], [-51.0723624944444, -27.8220163019931], [-51.0726261444444, -27.8231631992153], [-51.071049625, -27.8237921547709], [-51.070841575, -27.8245879492153], [-51.0713666805556, -27.8254091825486], [-51.0732713194444, -27.826773326993], [-51.0743572527778, -27.827247501993], [-51.0745077916667, -27.827618451993], [-51.0748418333333, -27.8277072825486], [-51.0751359555556, -27.8280721075486], [-51.0757954611111, -27.8281733964375], [-51.0760002194444, -27.8285244547708], [-51.0770064944444, -27.8290391881041], [-51.0773432861111, -27.829701526993], [-51.0779505277778, -27.8298322658819], [-51.0796390722222, -27.8306965908819], [-51.0807715388889, -27.8309815631041], [-51.0817115361111, -27.8308020825485], [-51.0834380694444, -27.8297338547708], [-51.0838687472222, -27.8292029908819], [-51.0845802444444, -27.8290997075486], [-51.0850434583333, -27.8287211881041], [-51.085440475, -27.8286203492152], [-51.0859919611111, -27.8281329992152]]]}}, {"type": "Feature", "properties": {"cod_imovel": "SC-4201000-BD71D1493F014D8BB8AD773B23325E71", "municipio": "Anita Garibaldi", "num_area": 91.3085, "mod_fiscal": 4.5654, "des_condic": "Aguardando analise", "ind_status": "AT", "dat_atuali": "16/12/2025"}, "geometry": {"type": "Polygon", "coordinates": [[[-51.00698803488908, -27.75491851487298], [-51.00127581266909, -27.75637904716346], [-51.00016175606191, -27.75631432953603], [-50.99835455710858, -27.76234763407812], [-50.997271692117, -27.76660297548781], [-50.99889746002175, -27.76679850079719], [-50.99865062283315, -27.76771434838736], [-51.00438124531331, -27.76814402514428], [-51.00513843977799, -27.76364930522863], [-51.00612729238363, -27.75951718942455], [-51.00698803488908, -27.75491851487298]]]}}, {"type": "Feature", "properties": {"cod_imovel": "SC-4201000-8CFF26E50A784C119CDF196060B5EAF9", "municipio": "Anita Garibaldi", "num_area": 15.5488, "mod_fiscal": 0.7774, "des_condic": "Aguardando analise", "ind_status": "AT", "dat_atuali": "16/12/2025"}, "geometry": {"type": "Polygon", "coordinates": [[[-51.12333297729492, -27.822282611702384], [-51.12114429473876, -27.821865113487465], [-51.12012505531311, -27.823544585181942], [-51.12561375862421, -27.82682556756597], [-51.12530654588168, -27.8255180075523], [-51.12528215116495, -27.82430874049783], [-51.125510931015015, -27.822984764170517], [-51.12333297729492, -27.822282611702384]]]}}, {"type": "Feature", "properties": {"cod_imovel": "SC-4201000-BD970FBC9E6145828ED482AFD7A86DB8", "municipio": "Anita Garibaldi", "num_area": 14.0989, "mod_fiscal": 0.7049, "des_condic": "Aguardando analise", "ind_status": "AT", "dat_atuali": "12/12/2025"}, "geometry": {"type": "Polygon", "coordinates": [[[-51.12131047590276, -27.75271504784197], [-51.1202293551631, -27.75247603368036], [-51.11849795993638, -27.75290226538893], [-51.11823344979823, -27.75325651183867], [-51.11917502140297, -27.75627246632334], [-51.12080154984956, -27.75594838488293], [-51.12343925556445, -27.75591747923089], [-51.12131047590276, -27.75271504784197]]]}}, {"type": "Feature", "properties": {"cod_imovel": "SC-4201000-20DB1E6B3986427599305F7438B1C649", "municipio": "Anita Garibaldi", "num_area": 24.2112, "mod_fiscal": 1.2106, "des_condic": "Aguardando analise", "ind_status": "AT", "dat_atuali": "03/12/2025"}, "geometry": {"type": "Polygon", "coordinates": [[[-51.161227226257324, -27.77917694155474], [-51.16328716278076, -27.775000230812463], [-51.16251637390276, -27.77425656386841], [-51.16033484571649, -27.77333613231078], [-51.15955352783203, -27.772797900576876], [-51.15706443786621, -27.777278456552967], [-51.161227226257324, -27.77917694155474]]]}}, {"type": "Feature", "properties": {"cod_imovel": "SC-4201000-0EBCB146D32E455FBEF400C1AC011FA3", "municipio": "Anita Garibaldi", "num_area": 9.6142, "mod_fiscal": 0.4807, "des_condic": "Aguardando analise", "ind_status": "AT", "dat_atuali": "03/12/2025"}, "geometry": {"type": "Polygon", "coordinates": [[[-51.164982318878174, -27.776594993840753], [-51.16359762076636, -27.77595420748505], [-51.16341005026931, -27.77504521550455], [-51.161205768585205, -27.779290849601107], [-51.16330862045288, -27.780145156146435], [-51.164982318878174, -27.776594993840753]]]}}, {"type": "Feature", "properties": {"cod_imovel": "SC-4201000-63E519BAB33A41928BEADFB8FDF5EB3E", "municipio": "Anita Garibaldi", "num_area": 100.6964, "mod_fiscal": 5.0051, "des_condic": "Aguardando analise", "ind_status": "AT", "dat_atuali": "02/12/2025"}, "geometry": {"type": "Polygon", "coordinates": [[[-51.02712349290028, -27.83030291406715], [-51.02327321410592, -27.82706127021415], [-51.02205651547458, -27.82842111979259], [-51.02152567653262, -27.82863641986016], [-51.01893499554775, -27.82873698994803], [-51.01796635169815, -27.82891446467911], [-51.01712563204752, -27.82937016711553], [-51.0165263636917, -27.82987043453516], [-51.01590191182527, -27.83109769570128], [-51.0147149254985, -27.83170655602267], [-51.01428971559324, -27.83284482638161], [-51.01439277102524, -27.83306659932403], [-51.01552243870439, -27.83386824358513], [-51.01583594327876, -27.83465563292541], [-51.01628367753774, -27.83500545952679], [-51.01633685526922, -27.8352219475763], [-51.01516591099314, -27.83642437396659], [-51.01522132396107, -27.83704949477128], [-51.01542984879138, -27.83733518727469], [-51.01606961512836, -27.8376962433939], [-51.01684428807207, -27.83778657263461], [-51.0174662300668, -27.83766618517369], [-51.01814834164247, -27.83710495103084], [-51.01864602134366, -27.83718639626721], [-51.02010508714272, -27.83786988808327], [-51.0204633988927, -27.83824415230198], [-51.02031695570875, -27.83859845944729], [-51.0184855553516, -27.83999021294366], [-51.01883820526577, -27.84076329965669], [-51.0238210622164, -27.83803735261053], [-51.02228748557923, -27.83601452005817], [-51.02374298952542, -27.83559899961559], [-51.02459042025136, -27.83468221521661], [-51.02629843402072, -27.83151509905919], [-51.02712349290028, -27.83030291406715]]]}}, {"type": "Feature", "properties": {"cod_imovel": "SC-4201000-3E30E961F0994ACCADB9882A31AF0569", "municipio": "Anita Garibaldi", "num_area": 32.2097, "mod_fiscal": 1.6105, "des_condic": "Aguardando analise", "ind_status": "AT", "dat_atuali": "02/12/2025"}, "geometry": {"type": "Polygon", "coordinates": [[[-51.2313947048631, -27.74631099765022], [-51.23158055950827, -27.74701136447056], [-51.23274698041055, -27.7483047314354], [-51.2335887217038, -27.75045424174069], [-51.23944426622162, -27.74542424812585], [-51.23846987140348, -27.74521279036003], [-51.23704266134255, -27.74527350286632], [-51.23623011289558, -27.74508319239086], [-51.23556198971122, -27.74472552956969], [-51.23481748631807, -27.74378458530759], [-51.23503074327021, -27.74309801235587], [-51.23488205991718, -27.74271143743344], [-51.23398119738465, -27.74240753496143], [-51.23325031643834, -27.74113165666591], [-51.23295459352551, -27.74089197660945], [-51.23265841068395, -27.74113679317428], [-51.23244616530509, -27.74110293969782], [-51.23183488230968, -27.74209826415971], [-51.23282699387471, -27.7434783942761], [-51.2333200163525, -27.74477314272457], [-51.23171853071124, -27.74655373554558], [-51.2313947048631, -27.74631099765022]]]}}, {"type": "Feature", "properties": {"cod_imovel": "SC-4201000-D4A5866F8C864D7C958AD86020B20B47", "municipio": "Anita Garibaldi", "num_area": 13.5142, "mod_fiscal": 0.6757, "des_condic": "Aguardando analise", "ind_status": "AT", "dat_atuali": "01/12/2025"}, "geometry": {"type": "Polygon", "coordinates": [[[-51.0285686157919, -27.75194060756216], [-51.03068296790121, -27.75618071588964], [-51.03346046913015, -27.75358316560119], [-51.03306275082944, -27.75347367062991], [-51.02993068852255, -27.75065931541003], [-51.0285686157919, -27.75194060756216]]]}}, {"type": "Feature", "properties": {"cod_imovel": "SC-4201000-D5D75BA2A50D4E7980A97EF5B3EDD925", "municipio": "Anita Garibaldi", "num_area": 25.2315, "mod_fiscal": 1.2616, "des_condic": "Cancelado por decisao administrativa", "ind_status": "CA", "dat_atuali": "18/05/2015"}, "geometry": {"type": "Polygon", "coordinates": [[[-51.23143841729215, -27.7464862629211], [-51.23139422873268, -27.74682203771125], [-51.23278803094504, -27.74837751371198], [-51.23347754327823, -27.7503617277258], [-51.2336846202488, -27.75143203851758], [-51.23469429524239, -27.74940297385099], [-51.23635238179459, -27.74486906058563], [-51.23570490714914, -27.74495288169328], [-51.23536359613058, -27.74459910077784], [-51.23479606452907, -27.74362657971795], [-51.23490530899724, -27.7430135623654], [-51.23457262437825, -27.74269760248156], [-51.23418407343413, -27.74273189926181], [-51.23396366823275, -27.74251308344029], [-51.23309992579007, -27.7409364633992], [-51.23167053245684, -27.74206582294098], [-51.23244011124589, -27.74309728534044], [-51.23334498700241, -27.74478692931331], [-51.23143841729215, -27.7464862629211]]]}}, {"type": "Feature", "properties": {"cod_imovel": "SC-4201000-0578F2A9833B47FCB1A4757E6A3E9457", "municipio": "Anita Garibaldi", "num_area": 9.9044, "mod_fiscal": 0.4952, "des_condic": "Aguardando analise", "ind_status": "AT", "dat_atuali": "13/11/2025"}, "geometry": {"type": "Polygon", "coordinates": [[[-51.05401519277381, -27.80707735974881], [-51.05335577355614, -27.8074219977486], [-51.05220846487924, -27.80737496647028], [-51.05361765186015, -27.81034546459318], [-51.05647967870415, -27.80841064474766], [-51.0575019061939, -27.80793387422446], [-51.05568622909169, -27.80703411116149], [-51.05477365154592, -27.80703964557925], [-51.05464209994161, -27.8073478538986], [-51.05401519277381, -27.80707735974881]]]}}, {"type": "Feature", "properties": {"cod_imovel": "SC-4201000-B5280E6198AB466BA3C3693FE27F621D", "municipio": "Anita Garibaldi", "num_area": 18.9242, "mod_fiscal": 0.9462, "des_condic": "Aguardando analise", "ind_status": "AT", "dat_atuali": "04/11/2025"}, "geometry": {"type": "Polygon", "coordinates": [[[-51.00410707369761, -27.79081631270637], [-51.00706490533947, -27.79089719142723], [-51.00877917457947, -27.79064895971044], [-51.00863549783003, -27.78947388883866], [-51.00967638292683, -27.78964750321529], [-51.01001286227167, -27.78885673717905], [-51.00877677542201, -27.7886094674568], [-51.00803084989016, -27.7875902678101], [-51.00749252339094, -27.78719666606809], [-51.0067976298788, -27.78704551857512], [-51.00634633515141, -27.78717660216639], [-51.00566285274722, -27.7870825670737], [-51.00515370387592, -27.78729727698152], [-51.00458533133143, -27.78791695074565], [-51.00345176917245, -27.7880063657588], [-51.00304910524559, -27.78788163969945], [-51.00294678075197, -27.78792668074352], [-51.00393155288766, -27.78910953576643], [-51.00410707369761, -27.79081631270637]]]}}, {"type": "Feature", "properties": {"cod_imovel": "SC-4201000-E9E24208CB99454EB3A695BEC2F9F660", "municipio": "Anita Garibaldi", "num_area": 28.3382, "mod_fiscal": 1.4169, "des_condic": "Aguardando analise", "ind_status": "AT", "dat_atuali": "30/10/2025"}, "geometry": {"type": "Polygon", "coordinates": [[[-51.08479907401941, -27.75126128121016], [-51.08867432688907, -27.75177205910431], [-51.08877428210917, -27.75144024549068], [-51.08829533183217, -27.7484276951952], [-51.08496756155042, -27.74801302827242], [-51.08068461199672, -27.74724314523712], [-51.08141674182719, -27.74835999049229], [-51.08147187181779, -27.7495972929188], [-51.08183606391549, -27.75016443760867], [-51.08143768855718, -27.75084878563835], [-51.08281662914739, -27.75169399090564], [-51.08312233230027, -27.75260575632374], [-51.08327544214461, -27.75267136827622], [-51.08395302543419, -27.75183853281817], [-51.08479907401941, -27.75126128121016]]]}}, {"type": "Feature", "properties": {"cod_imovel": "SC-4201000-FE13093B4FF446819AAE40D73D225489", "municipio": "Anita Garibaldi", "num_area": 16.0534, "mod_fiscal": 0.8027, "des_condic": "Aguardando analise", "ind_status": "AT", "dat_atuali": "30/10/2025"}, "geometry": {"type": "Polygon", "coordinates": [[[-51.09351441501525, -27.81371524278079], [-51.08987998200914, -27.81330460132511], [-51.09060792508481, -27.81418901263949], [-51.08998889426038, -27.81888094639721], [-51.09013795852661, -27.818468136522483], [-51.092777252197266, -27.818525069972974], [-51.09344647505495, -27.81589660042896], [-51.09363902989836, -27.81460049795932], [-51.09351441501525, -27.81371524278079]]]}}, {"type": "Feature", "properties": {"cod_imovel": "SC-4201000-B1DCCCE705214670AAECAAC06A5AF5D2", "municipio": "Anita Garibaldi", "num_area": 43.9772, "mod_fiscal": 2.1989, "des_condic": "Aguardando analise", "ind_status": "AT", "dat_atuali": "17/10/2025"}, "geometry": {"type": "Polygon", "coordinates": [[[-51.10663920405416, -27.77150145383664], [-51.10576408132431, -27.77165035233292], [-51.10541720191046, -27.77326959598893], [-51.10573140046856, -27.77460587352886], [-51.10447885049319, -27.77494045129822], [-51.10126315326188, -27.77627589816155], [-51.1004306644945, -27.77727346583787], [-51.10030833485438, -27.77781145768964], [-51.10082325032801, -27.77859173023327], [-51.10142153119102, -27.77893103053845], [-51.10110913495847, -27.77946913914514], [-51.10101302759904, -27.78035343860429], [-51.10061663447482, -27.7809112593769], [-51.10029375101851, -27.78183581228523], [-51.10167573183575, -27.78194632632], [-51.10249992747635, -27.78231891062239], [-51.10408769238767, -27.78117637973195], [-51.10609183991079, -27.77669847058593], [-51.10870888107057, -27.77471572805623], [-51.10882460603552, -27.77416990274511], [-51.1091879010898, -27.77392254556429], [-51.10920755687673, -27.77304002795856], [-51.10890812032057, -27.77291486362325], [-51.10877352153613, -27.7725595300082], [-51.10663920405416, -27.77150145383664]]]}}, {"type": "Feature", "properties": {"cod_imovel": "SC-4201000-50CB179BFFE145C2968CD539C65B624D", "municipio": "Anita Garibaldi", "num_area": 168.4871, "mod_fiscal": 8.4244, "des_condic": "Aguardando analise", "ind_status": "AT", "dat_atuali": "15/10/2025"}, "geometry": {"type": "Polygon", "coordinates": [[[-51.13585555273524, -27.75061388381836], [-51.13563767577307, -27.75191109832315], [-51.1358433526007, -27.75246244627108], [-51.13708403046942, -27.75365552376666], [-51.1377928127625, -27.75556514943236], [-51.13749208581049, -27.75605604776811], [-51.13743403537573, -27.75687575174676], [-51.13826048540025, -27.75783829928668], [-51.13953684440089, -27.7581578572557], [-51.14055880707846, -27.75883863417536], [-51.1400979798647, -27.76004089832815], [-51.14040306958644, -27.76204439131842], [-51.14111379382833, -27.76374981060037], [-51.14203753604356, -27.76467058774327], [-51.14352597453997, -27.76526325984737], [-51.14501620287054, -27.76521471960859], [-51.14719644504365, -27.76387812107046], [-51.14866501032094, -27.76630277051391], [-51.15078069036544, -27.76419296629378], [-51.15218613347205, -27.76420093493723], [-51.15354066079817, -27.76285745461121], [-51.15588576358848, -27.7612062455684], [-51.15268674899511, -27.75910759826332], [-51.14758143660632, -27.76224964559401], [-51.14654330741581, -27.76269876362476], [-51.142733994259, -27.75792059486649], [-51.14162970968271, -27.75721338618643], [-51.14922685733431, -27.75415645768733], [-51.14955860256099, -27.75186995470605], [-51.14929929173781, -27.7515787386135], [-51.15006332148381, -27.74926150933196], [-51.14871928336568, -27.74842794029753], [-51.14671587581867, -27.74807273863186], [-51.14697905394402, -27.74686387342452], [-51.14612484230471, -27.74637192081483], [-51.14371427816018, -27.74807436528355], [-51.14134394672819, -27.7508659029221], [-51.13788719760024, -27.75203346861591], [-51.13698319428934, -27.75003684672882], [-51.13585555273524, -27.75061388381836]]]}}, {"type": "Feature", "properties": {"cod_imovel": "SC-4201000-846BF2CD2D4741CE969F01095B147E28", "municipio": "Anita Garibaldi", "num_area": 0.8306, "mod_fiscal": 0.0415, "des_condic": "Aguardando analise", "ind_status": "AT", "dat_atuali": "13/10/2025"}, "geometry": {"type": "Polygon", "coordinates": [[[-51.02816761808625, -27.81455627293348], [-51.02796357092109, -27.81388125875211], [-51.02685650853624, -27.81405980787287], [-51.02704632521862, -27.81465282993668], [-51.02816761808625, -27.81455627293348]]]}}, {"type": "Feature", "properties": {"cod_imovel": "SC-4201000-4E632BAEA6874379B74526EAF90ED4C9", "municipio": "Anita Garibaldi", "num_area": 40.9429, "mod_fiscal": 2.0471, "des_condic": "Aguardando analise", "ind_status": "AT", "dat_atuali": "13/10/2025"}, "geometry": {"type": "Polygon", "coordinates": [[[-51.02966607450811, -27.81272058150168], [-51.03043763891122, -27.81175974699709], [-51.0286278488004, -27.80931203827112], [-51.02598505065394, -27.80943395622223], [-51.02518366620545, -27.80717936622352], [-51.02311072494192, -27.80659490006251], [-51.02314376040361, -27.81459654520394], [-51.02685776472548, -27.81463448028608], [-51.02698802947998, -27.81404621401261], [-51.027932167053216, -27.813837449271638], [-51.02788743607841, -27.81321821652039], [-51.02821079084372, -27.81321042427386], [-51.02881373514619, -27.81375502315743], [-51.02919509980154, -27.81385220922861], [-51.02948277574395, -27.81372326373891], [-51.02966607450811, -27.81272058150168]]]}}, {"type": "Feature", "properties": {"cod_imovel": "SC-4201000-327CB342A35648E59515E905A2DF331D", "municipio": "Anita Garibaldi", "num_area": 10.9277, "mod_fiscal": 0.5464, "des_condic": "Aguardando analise", "ind_status": "AT", "dat_atuali": "06/10/2025"}, "geometry": {"type": "Polygon", "coordinates": [[[-51.05080467017917, -27.79730057453477], [-51.0516222163736, -27.79548587246649], [-51.04941180696962, -27.7934729431461], [-51.04880835993316, -27.79353802499569], [-51.04732806744897, -27.79509480699333], [-51.04687411390997, -27.79516659467812], [-51.04689801520406, -27.79588132274544], [-51.04819448112544, -27.79613859597854], [-51.04874216364236, -27.79650345961366], [-51.05080467017917, -27.79730057453477]]]}}, {"type": "Feature", "properties": {"cod_imovel": "SC-4201000-CD134ADBB0334E62ADCE1702A3C8EF82", "municipio": "Anita Garibaldi", "num_area": 15.2579, "mod_fiscal": 0.7629, "des_condic": "Aguardando analise", "ind_status": "AT", "dat_atuali": "25/09/2025"}, "geometry": {"type": "Polygon", "coordinates": [[[-51.19523583913947, -27.74936320495371], [-51.19250757129584, -27.75139427799829], [-51.19347195263831, -27.75223698613394], [-51.19320607751296, -27.7532378527756], [-51.19354610955472, -27.7536940810036], [-51.19435663969792, -27.75412199279412], [-51.19611570704693, -27.75319246334891], [-51.19640335774438, -27.75265315987913], [-51.19700431741492, -27.75231492495245], [-51.19724499939852, -27.75176133521825], [-51.19588842249629, -27.74852590819103], [-51.19523583913947, -27.74936320495371]]]}}, {"type": "Feature", "properties": {"cod_imovel": "SC-4201000-206EAE6F66FF48C39736935F52267CC3", "municipio": "Anita Garibaldi", "num_area": 36.1382, "mod_fiscal": 1.8069, "des_condic": "Aguardando analise", "ind_status": "AT", "dat_atuali": "25/09/2025"}, "geometry": {"type": "Polygon", "coordinates": [[[-51.00818908907427, -27.80282953494991], [-51.00941019950222, -27.79776802431523], [-51.01121275212405, -27.79876725017996], [-51.01254913474507, -27.79686524731555], [-51.01618789161984, -27.79079372999816], [-51.01328366235321, -27.79022891028495], [-51.01278688930366, -27.78997614599153], [-51.0125506124677, -27.79161838626668], [-51.01136866246383, -27.79284867653981], [-51.01034922792336, -27.7948835919108], [-51.00902911134918, -27.79685787036532], [-51.00867181734044, -27.79892823527485], [-51.00715805794791, -27.79907227084911], [-51.00723393247137, -27.79964403340231], [-51.00704711353892, -27.80093054668938], [-51.00604990477443, -27.80184192587517], [-51.00818908907427, -27.80282953494991]]]}}, {"type": "Feature", "properties": {"cod_imovel": "SC-4201000-44A0981EFF2D476BAE4FFBE6702C7EF7", "municipio": "Anita Garibaldi", "num_area": 33.1736, "mod_fiscal": 1.6587, "des_condic": "Aguardando analise", "ind_status": "AT", "dat_atuali": "18/09/2025"}, "geometry": {"type": "Polygon", "coordinates": [[[-51.01353866982826, -27.75850169942205], [-51.01278820159443, -27.75850921251912], [-51.01240485676272, -27.76084824370213], [-51.01498510397356, -27.7623755811127], [-51.01540962081423, -27.76208583618218], [-51.01797391352977, -27.76342288612263], [-51.01837034753741, -27.76285392617497], [-51.01880352041093, -27.76161944458092], [-51.01949877238608, -27.76179085824705], [-51.0198468542115, -27.7603393678153], [-51.01795627551473, -27.75891150549865], [-51.01756918730646, -27.75756711389802], [-51.01642577876007, -27.75631646776286], [-51.01621662813565, -27.75584624150287], [-51.01421785350097, -27.75803304701706], [-51.01353866982826, -27.75850169942205]]]}}, {"type": "Feature", "properties": {"cod_imovel": "SC-4201000-6EE32F7D6BAA4524860B0D1F1F11F300", "municipio": "Anita Garibaldi", "num_area": 31.191, "mod_fiscal": 1.5596, "des_condic": "Aguardando analise", "ind_status": "AT", "dat_atuali": "16/09/2025"}, "geometry": {"type": "Polygon", "coordinates": [[[-51.14135227940962, -27.78729989981396], [-51.14186663590041, -27.7787115663067], [-51.14116502548927, -27.77885719872906], [-51.14009385323232, -27.77967873493645], [-51.13912891274747, -27.77989475034052], [-51.13805510251547, -27.78037301638661], [-51.13772342431862, -27.78192083719722], [-51.13731432560709, -27.78592419141884], [-51.13874357743099, -27.78603597676204], [-51.13855937692537, -27.78708779477067], [-51.14135227940962, -27.78729989981396]]]}}, {"type": "Feature", "properties": {"cod_imovel": "SC-4201000-7AE50A70A22B47248AB5B19E7B5DBB6F", "municipio": "Anita Garibaldi", "num_area": 11.4965, "mod_fiscal": 0.5748, "des_condic": "Aguardando analise", "ind_status": "AT", "dat_atuali": "11/09/2025"}, "geometry": {"type": "Polygon", "coordinates": [[[-51.1129482580379, -27.81980951565883], [-51.11320710885612, -27.82025571992371], [-51.11257854821539, -27.8218465606604], [-51.11259633238318, -27.82237320351553], [-51.11302322401684, -27.82301585860759], [-51.11381894293398, -27.82370689075431], [-51.11542668846963, -27.82479477501934], [-51.11644040681509, -27.82325670562818], [-51.11613108135709, -27.82252373586855], [-51.11350274093039, -27.81961717763733], [-51.1129482580379, -27.81980951565883]]]}}, {"type": "Feature", "properties": {"cod_imovel": "SC-4201000-6E53681F01B14A57820559888A9E48E6", "municipio": "Anita Garibaldi", "num_area": 5.566, "mod_fiscal": 0.2783, "des_condic": "Aguardando analise", "ind_status": "AT", "dat_atuali": "08/09/2025"}, "geometry": {"type": "Polygon", "coordinates": [[[-51.03159351164234, -27.77326511252263], [-51.03022458455909, -27.7723663847562], [-51.02978907309355, -27.77223627908391], [-51.02907459573928, -27.77510706359319], [-51.03023878341509, -27.77549235108909], [-51.03111201983768, -27.77479086347412], [-51.03159351164234, -27.77326511252263]]]}}, {"type": "Feature", "properties": {"cod_imovel": "SC-4201000-382F9E83F41B47949FB95E8339E00988", "municipio": "Anita Garibaldi", "num_area": 76.5339, "mod_fiscal": 3.8267, "des_condic": "Aguardando analise", "ind_status": "AT", "dat_atuali": "07/08/2025"}, "geometry": {"type": "Polygon", "coordinates": [[[-51.07249975204467, -27.784891181422022], [-51.069860458374016, -27.788118360296455], [-51.07601881027222, -27.793395540529698], [-51.07682310629637, -27.79074846482452], [-51.07877386868587, -27.7909840688174], [-51.07862197804997, -27.79061239686756], [-51.0809326171875, -27.78997869047653], [-51.0824990272522, -27.789124461183075], [-51.08318567276, -27.788479039043338], [-51.08309005946958, -27.78758638421538], [-51.08329642647031, -27.78722912831239], [-51.0845055136373, -27.78760014615183], [-51.08548415827335, -27.7876649869344], [-51.08617606661295, -27.78739659159777], [-51.086812019348145, -27.786770550179224], [-51.08694076538086, -27.785669509797398], [-51.084837913513184, -27.784568458266644], [-51.08067512512207, -27.785479674121987], [-51.0813216059555, -27.78637544656625], [-51.08046054840088, -27.78771971397364], [-51.07277870178223, -27.784055895992473], [-51.07249975204467, -27.784891181422022]]]}}, {"type": "Feature", "properties": {"cod_imovel": "SC-4201000-E8252C28AD174545A6360BA06B146CB0", "municipio": "Anita Garibaldi", "num_area": 33.7057, "mod_fiscal": 1.6853, "des_condic": "Aguardando analise", "ind_status": "AT", "dat_atuali": "06/08/2025"}, "geometry": {"type": "Polygon", "coordinates": [[[-51.01123787896216, -27.78576228891203], [-51.01171556738468, -27.78619017680105], [-51.01347203110109, -27.78656551603469], [-51.01336097578255, -27.78553232197977], [-51.01394808072925, -27.78572759195539], [-51.01450521333462, -27.78620967007376], [-51.01916217679754, -27.78353436332117], [-51.01968482804939, -27.78245241861975], [-51.02087367126751, -27.78139846003218], [-51.01815320568869, -27.78020997919053], [-51.01734760414165, -27.78056484822941], [-51.01665648768188, -27.78172891178331], [-51.01568021519427, -27.78193800857392], [-51.0122144091735, -27.78159819911818], [-51.01214516121802, -27.78317644541905], [-51.01123787896216, -27.78576228891203]]]}}, {"type": "Feature", "properties": {"cod_imovel": "SC-4201000-18A9CAA744574CC0B601E3D05A2C5FCC", "municipio": "Anita Garibaldi", "num_area": 0.0155, "mod_fiscal": 0.0008, "des_condic": "Aguardando analise", "ind_status": "AT", "dat_atuali": "04/08/2025"}, "geometry": {"type": "Polygon", "coordinates": [[[-51.04866564273834, -27.785489165913624], [-51.04855835437774, -27.785365772557643], [-51.04853689670563, -27.785489165913624], [-51.04866564273834, -27.785489165913624]]]}}, {"type": "Feature", "properties": {"cod_imovel": "SC-4201000-8532DFFC69A6446085A56070A07DBFDB", "municipio": "Anita Garibaldi", "num_area": 15.0362, "mod_fiscal": 0.7518, "des_condic": "Aguardando analise", "ind_status": "AT", "dat_atuali": "29/07/2025"}, "geometry": {"type": "Polygon", "coordinates": [[[-51.04755235282587, -27.78500628871148], [-51.04184724628432, -27.78533904642997], [-51.04106478202528, -27.78566579079446], [-51.04172602479813, -27.78682706759293], [-51.04186910682429, -27.78780076197039], [-51.04264559356764, -27.78770576375377], [-51.04298988552291, -27.78796186924211], [-51.04457248638817, -27.78731425858055], [-51.04797383397702, -27.7868630681829], [-51.04755235282587, -27.78500628871148]]]}}, {"type": "Feature", "properties": {"cod_imovel": "SC-4201000-B88719B854634774B914822F09AC1600", "municipio": "Anita Garibaldi", "num_area": 14.4626, "mod_fiscal": 0.7231, "des_condic": "Aguardando analise", "ind_status": "AT", "dat_atuali": "25/07/2025"}, "geometry": {"type": "Polygon", "coordinates": [[[-51.04583248980459, -27.78387519412505], [-51.04374573473491, -27.78274375747794], [-51.04339612084313, -27.783283961549], [-51.04210336514324, -27.78349284678527], [-51.04049974121616, -27.7846135927877], [-51.04042494217036, -27.78485670311268], [-51.04090390240948, -27.78563686391648], [-51.04173607499285, -27.78533927588192], [-51.04360156144322, -27.78502047174801], [-51.04465686838351, -27.78535225761053], [-51.04716077026585, -27.78540673815598], [-51.04846885383707, -27.78578547005833], [-51.04930610949536, -27.78513323236315], [-51.04687167644044, -27.78396389904129], [-51.04583248980459, -27.78387519412505]]]}}, {"type": "Feature", "properties": {"cod_imovel": "SC-4201000-4DA58974F30448D1965DE643FA2A5AFB", "municipio": "Anita Garibaldi", "num_area": 33.8202, "mod_fiscal": 1.691, "des_condic": "Aguardando analise", "ind_status": "AT", "dat_atuali": "25/07/2025"}, "geometry": {"type": "Polygon", "coordinates": [[[-51.065282689616, -27.81690060281562], [-51.0620029197141, -27.81768610335495], [-51.06326897489843, -27.82182851040088], [-51.070675849914544, -27.819303157471214], [-51.06913089752197, -27.815735295794912], [-51.065282689616, -27.81690060281562]]]}}, {"type": "Feature", "properties": {"cod_imovel": "SC-4201000-53AE663CD4F747B2A7274754C1D1C530", "municipio": "Anita Garibaldi", "num_area": 8.5103, "mod_fiscal": 0.4255, "des_condic": "Aguardando analise", "ind_status": "AT", "dat_atuali": "24/07/2025"}, "geometry": {"type": "Polygon", "coordinates": [[[-51.05448005495047, -27.78735491879979], [-51.05648381105718, -27.78613526298537], [-51.05669646287684, -27.78577463391899], [-51.05670877394806, -27.78534247041814], [-51.05491324487615, -27.78482094469532], [-51.05389839928228, -27.78433274164096], [-51.05293127956613, -27.78509492337163], [-51.05242058782908, -27.78507043898435], [-51.05176864481109, -27.78538110721223], [-51.054148229779, -27.78692743133256], [-51.05448005495047, -27.78735491879979]]]}}, {"type": "Feature", "properties": {"cod_imovel": "SC-4201000-ECD8CAE6ACBE413FA413F6AF32AAB91E", "municipio": "Anita Garibaldi", "num_area": 14.2367, "mod_fiscal": 0.7118, "des_condic": "Aguardando analise", "ind_status": "AT", "dat_atuali": "21/07/2025"}, "geometry": {"type": "Polygon", "coordinates": [[[-51.02319870781431, -27.80291433750139], [-51.01976351599851, -27.80471915452609], [-51.0189503764768, -27.80471999098215], [-51.01837107028152, -27.80565670709405], [-51.01898139524198, -27.80630378772639], [-51.02177799930199, -27.80639187766438], [-51.02357790393484, -27.80669737756989], [-51.02469339943819, -27.80713481311937], [-51.02319870781431, -27.80291433750139]]]}}, {"type": "Feature", "properties": {"cod_imovel": "SC-4201000-0419D72FA81E4679B7E12E486294A91A", "municipio": "Anita Garibaldi", "num_area": 4.5759, "mod_fiscal": 0.2288, "des_condic": "Aguardando analise", "ind_status": "AT", "dat_atuali": "02/07/2025"}, "geometry": {"type": "Polygon", "coordinates": [[[-51.14714369216333, -27.79731942645134], [-51.15052523601849, -27.79989747460816], [-51.15177096914877, -27.80053647887058], [-51.15273750977767, -27.80056563584052], [-51.15283136219326, -27.80016807982483], [-51.15206596691744, -27.80011876975018], [-51.15175177267182, -27.79995454648941], [-51.15112124893818, -27.79924901224873], [-51.15057420549092, -27.79901026795692], [-51.14770836149956, -27.79694544357125], [-51.14714369216333, -27.79731942645134]]]}}, {"type": "Feature", "properties": {"cod_imovel": "SC-4201000-0FF61A8C823949AC8859AA4BCAD4C92B", "municipio": "Anita Garibaldi", "num_area": 4.2739, "mod_fiscal": 0.2137, "des_condic": "Aguardando analise", "ind_status": "AT", "dat_atuali": "30/06/2025"}, "geometry": {"type": "Polygon", "coordinates": [[[-51.13424386050836, -27.78574436241128], [-51.13519039573822, -27.78392006173074], [-51.13154215659458, -27.78663542408627], [-51.13336472736732, -27.78720203011043], [-51.13395436491441, -27.78765288051032], [-51.13362573516132, -27.78639240979453], [-51.13424386050836, -27.78574436241128]]]}}, {"type": "Feature", "properties": {"cod_imovel": "SC-4201000-618A40E639B0495BB8E26C12F5B9CE2B", "municipio": "Anita Garibaldi", "num_area": 22.3041, "mod_fiscal": 1.1152, "des_condic": "Aguardando analise", "ind_status": "AT", "dat_atuali": "26/06/2025"}, "geometry": {"type": "Polygon", "coordinates": [[[-51.06491826255986, -27.76912517717053], [-51.06193072197693, -27.76866760235737], [-51.06024943994585, -27.77292968676815], [-51.06069340035725, -27.77431985550099], [-51.06191056453137, -27.77505547143655], [-51.06266489834855, -27.77668739959666], [-51.06491826255986, -27.76912517717053]]]}}, {"type": "Feature", "properties": {"cod_imovel": "SC-4201000-0EC508B43DB744C595B06D72E5413703", "municipio": "Anita Garibaldi", "num_area": 24.8753, "mod_fiscal": 1.2438, "des_condic": "Aguardando analise", "ind_status": "AT", "dat_atuali": "17/06/2025"}, "geometry": {"type": "Polygon", "coordinates": [[[-51.0506824564736, -27.78522374600989], [-51.04841853010925, -27.78494940055556], [-51.04763216043966, -27.78511945640212], [-51.04823458804556, -27.78744085490449], [-51.04903792974843, -27.78837413227658], [-51.05111011725948, -27.78987871426224], [-51.05285652681927, -27.79019349266247], [-51.05331141548466, -27.79008829981407], [-51.05353528500133, -27.78963833556094], [-51.05343204835046, -27.78792727153806], [-51.05462729574949, -27.78733093663706], [-51.05183441388453, -27.78512816275056], [-51.0506824564736, -27.78522374600989]]]}}, {"type": "Feature", "properties": {"cod_imovel": "SC-4201000-A864423158E74F2C943AC806C2EC36EB", "municipio": "Anita Garibaldi", "num_area": 13660.4212, "mod_fiscal": 593.9294, "des_condic": "Aguardando analise", "ind_status": "AT", "dat_atuali": "05/05/2016"}, "geometry": {"type": "Polygon", "coordinates": [[[-50.75673653817163, -28.22156789973805], [-50.75765618917944, -28.2156526654574], [-50.75829708594444, -28.21313575880434], [-50.75916179702887, -28.21134837728799], [-50.76001229846783, -28.21057990504719], [-50.75981145394032, -28.21119162538156], [-50.75992318213114, -28.21195837570983], [-50.76027031176818, -28.21254226789595], [-50.7613192608646, -28.21348674882255], [-50.76298919439569, -28.21425862737966], [-50.76352872785608, -28.21465912612029], [-50.7637120415128, -28.21524771359305], [-50.7642543054412, -28.21551605208679], [-50.76476885068928, -28.21661867643089], [-50.76540854739965, -28.21730315006213], [-50.76603754099844, -28.21757922586836], [-50.76729094313454, -28.21766894260253], [-50.77060798056938, -28.21731193672628], [-50.77118065833173, -28.21775175779317], [-50.77155279958912, -28.21844574196687], [-50.77231756293869, -28.21838352043378], [-50.77257170864817, -28.21815250081557], [-50.77231409721605, -28.21745207278452], [-50.77148842650165, -28.21660661211439], [-50.77092417373592, -28.21634666620893], [-50.76967940683792, -28.21629359482221], [-50.7679255513834, -28.21659682078472], [-50.76649697883195, -28.21629374349922], [-50.76594326813908, -28.21577192698857], [-50.76451616442856, -28.21347802444815], [-50.76235531308646, -28.21228905945096], [-50.76246747473711, -28.21153534173577], [-50.76224101934114, -28.21116475828462], [-50.76225370490348, -28.21024866566558], [-50.76251840572111, -28.2087254442603], [-50.76249194248933, -28.20798284832144], [-50.76189114737728, -28.20638034348279], [-50.76193041875428, -28.20569922446864], [-50.76222616886266, -28.2054929233831], [-50.76306315008101, -28.20598481335603], [-50.76385168452136, -28.20538673868901], [-50.76369824567865, -28.20513726634889], [-50.76275956018331, -28.20466175114859], [-50.76238024327913, -28.20412053026589], [-50.76232196419151, -28.19896905664833], [-50.76247782155381, -28.19617920742059], [-50.76300555354746, -28.1931542832315], [-50.76343030379747, -28.19255811587731], [-50.76325839099792, -28.19190558738453], [-50.76333474803709, -28.19160332933457], [-50.7641723167493, -28.19036191373832], [-50.76489464462881, -28.19003497233523], [-50.76617965460589, -28.18987559990575], [-50.76642668569399, -28.19023463927314], [-50.76670005382593, -28.19128813880672], [-50.76699024203323, -28.19133140522114], [-50.76767914564258, -28.19101703458351], [-50.76807903584172, -28.1912627005571], [-50.76859260159238, -28.19192954427668], [-50.76967828414604, -28.19522770491775], [-50.76970125285233, -28.19545046195642], [-50.76877793848348, -28.1960610181767], [-50.76880584431116, -28.19657230927662], [-50.769519466552, -28.1966978931673], [-50.77030502997044, -28.19633810740783], [-50.77238736373591, -28.19814382357656], [-50.77564337310503, -28.20048338117395], [-50.77443549457481, -28.20238208251094], [-50.77394099048064, -28.20223178484681], [-50.77369998482323, -28.2025645997493], [-50.77420092233371, -28.20334599339773], [-50.7743247058372, -28.20400371170287], [-50.77687199366133, -28.20654044850426], [-50.77719368664239, -28.20724076234326], [-50.77727912904078, -28.20790183796811], [-50.77748728185524, -28.20805596130357], [-50.77801793890333, -28.20779372513232], [-50.77790954152101, -28.20635461996936], [-50.77628153174917, -28.20446059725383], [-50.77578232780656, -28.20357370378111], [-50.77686444704474, -28.20205156583968], [-50.77747125934046, -28.20165075266861], [-50.77822126075836, -28.20197694040971], [-50.78129469814133, -28.20241847247548], [-50.78515789976635, -28.20174967141575], [-50.78556446962595, -28.20185095997949], [-50.78588581958638, -28.20149017415261], [-50.78962854824981, -28.19941019896963], [-50.79111295804011, -28.19896441829937], [-50.79108372900248, -28.19867377708485], [-50.79062320993671, -28.19818461145549], [-50.7909186998023, -28.19751771551561], [-50.79106088023357, -28.19664670020609], [-50.79139979784494, -28.19297819594387], [-50.79042899360768, -28.18808197031654], [-50.79088366403152, -28.18781800196211], [-50.79180624538914, -28.18818824909051], [-50.79222237964799, -28.18809854419388], [-50.79242132501509, -28.18790022726671], [-50.79250349731334, -28.18742468759198], [-50.79219424759507, -28.18722424551506], [-50.79183537242713, -28.18735733484223], [-50.79054044679758, -28.18681806915062], [-50.78972361341672, -28.18689984491952], [-50.78729135519796, -28.18398446172384], [-50.78548192506695, -28.18124101569154], [-50.78591011357549, -28.18083356432321], [-50.78588462018037, -28.18057061665245], [-50.7853940050065, -28.18040097132098], [-50.78482753890876, -28.17994158745652], [-50.78449813632965, -28.17938523461984], [-50.78410837152639, -28.17834656247547], [-50.78426914522045, -28.17734387620776], [-50.78410571975708, -28.17684883851054], [-50.78469323467918, -28.17582408331486], [-50.78514880216777, -28.17548597439714], [-50.78633010939895, -28.17587985900937], [-50.7876639840548, -28.17455342459606], [-50.78727742247338, -28.17438826534928], [-50.78709120293814, -28.17380068454128], [-50.78903242652211, -28.17158631818815], [-50.7899843749722, -28.17186981377915], [-50.79079206129929, -28.17153828338711], [-50.79070722855496, -28.17118795913001], [-50.78982814618049, -28.17052783203747], [-50.79148500373818, -28.16767667814707], [-50.79399577910953, -28.16811201810036], [-50.79436157813024, -28.16793476919242], [-50.79420991428063, -28.16749174674305], [-50.79309506842649, -28.16700391523177], [-50.79222747060804, -28.16625617547858], [-50.79292962693285, -28.16436915012779], [-50.7932448094752, -28.16408031137389], [-50.7931902717662, -28.16376659569071], [-50.79380017577758, -28.162318905976], [-50.7941179393032, -28.1618561267607], [-50.79399569223522, -28.16161218970849], [-50.79428653669982, -28.16014298459382], [-50.79425807440184, -28.15874440835265], [-50.79444144068752, -28.15834946595258], [-50.79425548256628, -28.15782298371765], [-50.79421660700742, -28.15598255249147], [-50.79430721137387, -28.15584637174475], [-50.79689945342352, -28.15524239986763], [-50.79721759900864, -28.15482098662738], [-50.79691729233719, -28.15452789571741], [-50.79425871044578, -28.15447503126724], [-50.79382000887514, -28.15429703872935], [-50.79152315790631, -28.15129717231548], [-50.78859435181635, -28.14909344403137], [-50.78712646463748, -28.14736197803823], [-50.78670748267367, -28.14643543536966], [-50.78664489103453, -28.14536955278667], [-50.78749858959702, -28.14353107257011], [-50.78809070951362, -28.14284689173211], [-50.78873140673286, -28.1427700643151], [-50.78957352473608, -28.14323068963489], [-50.79005679955118, -28.14318524089347], [-50.79240778980907, -28.14631296806036], [-50.79357642603442, -28.14722915090563], [-50.7938936092371, -28.14687242941287], [-50.79354501279031, -28.14070878133519], [-50.79418995876575, -28.14070195051424], [-50.79483163299054, -28.14041172996596], [-50.79862297384226, -28.14039526561043], [-50.79455160131171, -28.1463695666177], [-50.80115891891411, -28.14198706608679], [-50.80138500983899, -28.14226819656639], [-50.80164931805369, -28.1422569523579], [-50.80292688950792, -28.14165956498471], [-50.80357036012469, -28.14105860746143], [-50.8053061959126, -28.14130028305339], [-50.80728647605544, -28.1421039531253], [-50.8075064244246, -28.14310479372458], [-50.80835516288101, -28.14478388708642], [-50.80867665090983, -28.14502469012161], [-50.80907846858207, -28.144807335781], [-50.80915485377677, -28.14436676396022], [-50.81452960111098, -28.14492697086637], [-50.81458174775307, -28.14308776468499], [-50.81687631304458, -28.14314316814151], [-50.81697916041716, -28.14319279871275], [-50.81663671816472, -28.14395940067801], [-50.81664471172778, -28.14435163939535], [-50.81689333902718, -28.14520109675948], [-50.8174829934465, -28.14628073622595], [-50.81749707575249, -28.14676966891252], [-50.81731682106411, -28.14785456798441], [-50.81697251143026, -28.1483422068398], [-50.81700279575921, -28.1487685674537], [-50.81727272252284, -28.14912373462144], [-50.81890721149848, -28.14954936035077], [-50.81921817348995, -28.14924969389828], [-50.81927077493817, -28.14897500390515], [-50.81840184898272, -28.1483362848634], [-50.81889622325137, -28.14747423404942], [-50.8194518888088, -28.14584978474663], [-50.8202495871473, -28.14585521312399], [-50.82049065424999, -28.14559024069794], [-50.82003838366435, -28.14516585078017], [-50.81907752374682, -28.14479138276834], [-50.81880453074792, -28.14439854487518], [-50.81889981138789, -28.14401192503159], [-50.81907042451041, -28.14367965297947], [-50.82014556702486, -28.14280082449935], [-50.82054137334866, -28.14220389153384], [-50.82226339501432, -28.14065743101421], [-50.82335878841416, -28.13922755166661], [-50.82437563625247, -28.1368917233078], [-50.82533451956608, -28.13330683899952], [-50.82572878156855, -28.13310885614157], [-50.82567452624688, -28.13259793861448], [-50.82597883330321, -28.1324139807437], [-50.827600950163, -28.13250770194675], [-50.82818748868516, -28.13273942942198], [-50.82889569828959, -28.13338691218358], [-50.82928417868904, -28.13319575933436], [-50.82901990505412, -28.13247634543796], [-50.82850741007842, -28.13203679265184], [-50.82885652034724, -28.13140049339373], [-50.82874569701801, -28.13111431597164], [-50.82696194452084, -28.13134300978339], [-50.82638929756819, -28.13123806550213], [-50.82574566722564, -28.13071575253019], [-50.82555618870974, -28.13014272044384], [-50.82558872267679, -28.1283120130166], [-50.82591760224951, -28.1280466286498], [-50.82563796451893, -28.12752475344366], [-50.82593706808485, -28.1272297291354], [-50.82570485171332, -28.12677570873447], [-50.8260097697955, -28.12563156404976], [-50.82696353392734, -28.12424911348733], [-50.82792954919736, -28.1243298009936], [-50.82822631102391, -28.12411518606451], [-50.82802807857403, -28.12358945834871], [-50.8272804461171, -28.12271863833697], [-50.8273413317658, -28.12224064735471], [-50.82756125680567, -28.1219165840757], [-50.8294916156647, -28.11998165483624], [-50.83067396738329, -28.11938156789532], [-50.83142460907535, -28.11930038946464], [-50.8318344510802, -28.11945998259819], [-50.83315800164298, -28.11943966357206], [-50.83403082717716, -28.11959999201674], [-50.83572359217705, -28.12053045297469], [-50.84154970342855, -28.12654661827571], [-50.84089198602158, -28.12689232396383], [-50.84027093533523, -28.12696854673987], [-50.8400973110693, -28.12722122947748], [-50.84064525048212, -28.12774350386354], [-50.84137457350601, -28.12813913273625], [-50.8412376038947, -28.12885430428177], [-50.84139256895666, -28.12914077995371], [-50.84182324113332, -28.12916942884029], [-50.8427170404424, -28.1282540473043], [-50.84310059646948, -28.12817067523165], [-50.84451834551839, -28.12958615227781], [-50.84596116667858, -28.13065720405426], [-50.8470749564553, -28.13179741467945], [-50.84882059375823, -28.13321469178749], [-50.8490589760584, -28.13365847372879], [-50.84856097334291, -28.1345976158716], [-50.84773759715099, -28.13549779525975], [-50.8474038256091, -28.13635704350218], [-50.84750550504776, -28.1365667130744], [-50.84803022922043, -28.13664682826123], [-50.85067130667688, -28.1348117274027], [-50.85162659920649, -28.13533290085563], [-50.85387260225953, -28.13719790864728], [-50.85387089652002, -28.1375995491334], [-50.85365729024032, -28.13785246366868], [-50.85243677114351, -28.13775566601456], [-50.85170068151488, -28.13789202709652], [-50.85081416579541, -28.13854528038174], [-50.85059203470394, -28.13906172022525], [-50.85058281053113, -28.14032611575918], [-50.85110001268373, -28.14088280519936], [-50.85185107689132, -28.14132967455473], [-50.85196621629393, -28.14237200725525], [-50.85035326839512, -28.14304995291753], [-50.84981888123931, -28.14361885643099], [-50.84975427583221, -28.14403166216677], [-50.8480325300776, -28.14529969035906], [-50.84678319904241, -28.14583407964716], [-50.84603420447951, -28.14700079250833], [-50.84566048437205, -28.14727021807678], [-50.84580063973048, -28.14844343908388], [-50.84644252713818, -28.14886837284173], [-50.84692673748214, -28.14898829313986], [-50.84696015814381, -28.14981986435108], [-50.84724620469291, -28.15028679867403], [-50.84790577797377, -28.15002874469642], [-50.84793393416882, -28.14900281990454], [-50.84778156632536, -28.14861360254749], [-50.8468548146621, -28.14754875664127], [-50.84724841413955, -28.14700431373977], [-50.8494637091746, -28.14606905384831], [-50.85170660783571, -28.14450524502158], [-50.85397711294672, -28.14498909148485], [-50.8541300697832, -28.14459771899722], [-50.85389222176659, -28.14422778973951], [-50.85378100704079, -28.14355416995368], [-50.85412609297908, -28.14193654134934], [-50.85481375005221, -28.14119082642652], [-50.85493960110603, -28.14076870320441], [-50.85599417127409, -28.14047500726651], [-50.85656546145409, -28.13996027644267], [-50.85730171748304, -28.14076429443877], [-50.85875433730072, -28.14156068422656], [-50.86147748353425, -28.14240973434298], [-50.86395313968032, -28.14276641384595], [-50.8641724840196, -28.14411396542582], [-50.86464658447608, -28.14492364781924], [-50.86484565384536, -28.14563393897723], [-50.86524505141262, -28.14586209343806], [-50.86669209306444, -28.14802506920689], [-50.86707129663057, -28.14828612378131], [-50.8672024507855, -28.14870472002328], [-50.87432775974236, -28.14784494568268], [-50.87440319562646, -28.14727426621834], [-50.87752415257353, -28.14432939967943], [-50.87904492349456, -28.14530080356345], [-50.8792686739218, -28.14565205548225], [-50.87911798409973, -28.14607441220724], [-50.87924003752282, -28.14638509251933], [-50.87955608886281, -28.14664499620411], [-50.87981210874291, -28.14663679911212], [-50.87996742704198, -28.14624617201293], [-50.88031050590021, -28.14628777790798], [-50.88093949671081, -28.14592551704172], [-50.88092242237595, -28.14557330102273], [-50.88028988156609, -28.14549326363808], [-50.8799086083315, -28.14483972779044], [-50.87909333131412, -28.14436532747181], [-50.87786194803998, -28.1424596423284], [-50.87664813050296, -28.14207988540069], [-50.87610847889263, -28.14039708224125], [-50.87568485864815, -28.13989456937632], [-50.87458063475462, -28.13960301015572], [-50.87378000406962, -28.13892303383736], [-50.87490231658521, -28.13920824348136], [-50.87568875065627, -28.13882379930376], [-50.87566294619409, -28.13863893468394], [-50.87512158665454, -28.13821920579542], [-50.87450040837194, -28.1374253808054], [-50.87531254088273, -28.13604524567599], [-50.87631294388207, -28.13319517833761], [-50.87671505070914, -28.13296737760703], [-50.87662109375957, -28.13195499303692], [-50.87732146620159, -28.12957220347531], [-50.87696731020915, -28.12921068135677], [-50.87686400330661, -28.1278890669868], [-50.87650001927856, -28.12762020805262], [-50.87584575181341, -28.12596229966247], [-50.87553722829704, -28.12561501544804], [-50.87482520368427, -28.12410234474274], [-50.87454466088541, -28.12384921216619], [-50.87444711202254, -28.12320865503364], [-50.87399819543027, -28.12275676797558], [-50.8735687947735, -28.12183797849168], [-50.87385635228689, -28.1211053148255], [-50.87304280732626, -28.12073066130338], [-50.87173094865774, -28.11802556111471], [-50.87070194742864, -28.1163717890991], [-50.87065378488738, -28.11540271607297], [-50.8702534318617, -28.11434341312191], [-50.87016751369657, -28.11293536803916], [-50.87020699215369, -28.11238161858658], [-50.87055162344182, -28.11152937376184], [-50.87162378628481, -28.11129167701836], [-50.87315935700256, -28.1112521202403], [-50.87320972918975, -28.11072900871494], [-50.87207888326738, -28.1102584068266], [-50.87305604380461, -28.10989679789062], [-50.87429137660671, -28.10873103977331], [-50.87713516637103, -28.10907210494488], [-50.87759801436794, -28.10854917702594], [-50.87752620274397, -28.10803548564821], [-50.87772517872534, -28.10774195806271], [-50.87999205368701, -28.10890180098055], [-50.88075050259535, -28.1094962344495], [-50.88093658943028, -28.10981388645159], [-50.88073153100324, -28.11068147054269], [-50.88104306876584, -28.11131311158194], [-50.88094458701601, -28.1119006436351], [-50.88216050793635, -28.11424852734165], [-50.88253263025562, -28.11418060307851], [-50.88407003578791, -28.11276572924412], [-50.88344857624734, -28.11259031095115], [-50.88260526737041, -28.11274540903761], [-50.8819863692141, -28.11182614157448], [-50.88207481667333, -28.11129844190313], [-50.88180327833467, -28.11054806517899], [-50.88200756789398, -28.10968369507385], [-50.88156666947952, -28.10893108910556], [-50.88045875588145, -28.10806276661062], [-50.8783371913725, -28.10698869275881], [-50.87239275786453, -28.10475215655592], [-50.87383842345685, -28.10257970371175], [-50.87470651939865, -28.10171330980405], [-50.87540682960206, -28.10153438001666], [-50.87645767705526, -28.10216060229019], [-50.87706135324684, -28.10236024898816], [-50.87734709417762, -28.10223358371521], [-50.87729373007676, -28.10154349876381], [-50.87607252603542, -28.09967032982573], [-50.87739608160222, -28.09636830533846], [-50.8782847475276, -28.09488129622894], [-50.87887108525326, -28.09434605683901], [-50.8831637543264, -28.09195120278914], [-50.88606877025546, -28.09105777470528], [-50.88925379144125, -28.09062209590864], [-50.89300211647138, -28.09098361540148], [-50.894899558066, -28.09141108124874], [-50.89530225673511, -28.09203968204919], [-50.89469404048661, -28.09280869692939], [-50.89304965088145, -28.09331677433875], [-50.89133962740835, -28.09430363852623], [-50.88918117150975, -28.09637380960113], [-50.88905583042055, -28.09676244747448], [-50.88954478012947, -28.09724583869842], [-50.89040744663177, -28.09857236361127], [-50.89340614395443, -28.09810122493329], [-50.89421332746493, -28.10071041021204], [-50.89510915142144, -28.10200869874116], [-50.89517268115145, -28.10300285471774], [-50.89485082172204, -28.10342472518098], [-50.89421151097522, -28.10362426126282], [-50.89428423379319, -28.10431708484479], [-50.89299595961274, -28.1056829421519], [-50.89270930376689, -28.10631982453646], [-50.89276248995049, -28.10710597297589], [-50.89328118759155, -28.10818977275653], [-50.8946694108757, -28.10792151588264], [-50.89658530757215, -28.10710811138799], [-50.89966357116136, -28.10517127867314], [-50.90024084679554, -28.10498917466363], [-50.90100721069085, -28.1055859335957], [-50.90128617109421, -28.10864511524816], [-50.90081114559763, -28.11084441596373], [-50.90054675592599, -28.11133480724813], [-50.89834037044807, -28.11267480323773], [-50.89798062698361, -28.11310808745945], [-50.89773805438917, -28.11361708621512], [-50.89832135693741, -28.11393057274751], [-50.89994210100621, -28.11290575332986], [-50.90041275215735, -28.11326967190707], [-50.90076536257767, -28.11308447007744], [-50.90084582138948, -28.11286274378963], [-50.9006425801776, -28.11251721263742], [-50.9016902128895, -28.11160711758542], [-50.90201929112194, -28.11085961004593], [-50.90206962415426, -28.10997521547234], [-50.90241554374457, -28.10873130933147], [-50.90240943418556, -28.1069250824694], [-50.90341318018434, -28.10671472636022], [-50.90354237181788, -28.10649906482227], [-50.90336482031826, -28.10624753585104], [-50.90247814229781, -28.10595075793532], [-50.90200924109464, -28.10466280039654], [-50.90129092482859, -28.10387404501262], [-50.90072320155298, -28.10354937773441], [-50.90011248949871, -28.10352362154095], [-50.89888502984273, -28.10406545065351], [-50.89598457375121, -28.10593413661578], [-50.89472944858007, -28.10637692504284], [-50.89629300816719, -28.10478781402871], [-50.89690201201461, -28.10378430033888], [-50.89713995454953, -28.10270973182754], [-50.89697199276358, -28.10179449641568], [-50.89592967801376, -28.09971332543524], [-50.89558494401561, -28.0966044227676], [-50.89506606459157, -28.09591724984181], [-50.89451287393552, -28.0955460823063], [-50.89657102692385, -28.09489972542525], [-50.89761263076302, -28.09420814616033], [-50.89835971977501, -28.09320949211678], [-50.89859411114592, -28.09160308800329], [-50.89933497016792, -28.09150748489962], [-50.90049218926723, -28.09207569138863], [-50.90120775341333, -28.09189310389766], [-50.90197882196385, -28.09278288871564], [-50.90248963419317, -28.09297624751402], [-50.9036701492193, -28.09291425593579], [-50.90416207361071, -28.09333175104466], [-50.90448122717754, -28.09324774455417], [-50.90541733692767, -28.09240011280234], [-50.90604963780667, -28.09307441671651], [-50.90682288706886, -28.09343528394878], [-50.90915277073344, -28.09404471656772], [-50.90944985627545, -28.09451441813343], [-50.90918985147341, -28.09540765202571], [-50.90934211809538, -28.09596258720644], [-50.9100750713058, -28.09666086455292], [-50.91074982844629, -28.09659249782703], [-50.91106532696935, -28.09672288442406], [-50.91161983131991, -28.09739258293467], [-50.91259054052692, -28.09791239031202], [-50.9129102406478, -28.09792201996165], [-50.91316317368967, -28.09779860885841], [-50.9131199350933, -28.09741041844731], [-50.91227317373847, -28.0968725121251], [-50.91200503529599, -28.09623218727881], [-50.91078741780394, -28.09546630384769], [-50.91139793858493, -28.09400764789845], [-50.91367838391824, -28.09331102171323], [-50.91420150050709, -28.09293623688397], [-50.91486413596361, -28.09197939282718], [-50.9161359157905, -28.09107668682186], [-50.91942013815097, -28.0896082345388], [-50.92034045315295, -28.08764363107299], [-50.92109228037879, -28.086754606983], [-50.923746619964, -28.08776167689953], [-50.92461221216645, -28.08851922688352], [-50.92433586336484, -28.08891349947341], [-50.92428548603452, -28.08955011543052], [-50.92458712384659, -28.08994062800805], [-50.92509982895166, -28.0901838047998], [-50.92537841817504, -28.08996724885231], [-50.92513308754375, -28.08939973169272], [-50.92575468697646, -28.08840466568707], [-50.92524359630167, -28.08767945201369], [-50.92648683068108, -28.0870580122655], [-50.92708738627626, -28.08642889011429], [-50.9284999581839, -28.08597449733584], [-50.92828630728927, -28.08562131982974], [-50.92769946093965, -28.0854534127857], [-50.92708306186799, -28.08549568760097], [-50.92653534709168, -28.08569679356868], [-50.92546932977107, -28.08665699366491], [-50.92439732286965, -28.08672868266884], [-50.92302488369333, -28.0863466927868], [-50.92202166095542, -28.08560594699392], [-50.92148249069843, -28.08548904008651], [-50.92092724041582, -28.08479160539225], [-50.92062688463551, -28.08481315430741], [-50.92039089859283, -28.08500018027912], [-50.92039932457953, -28.08537185744462], [-50.91961487616713, -28.08601389292693], [-50.91858420639066, -28.08778680934052], [-50.917823067927, -28.08863055312852], [-50.91735138429061, -28.08861878860568], [-50.91664446005174, -28.08894007758443], [-50.91634129241191, -28.08892486350628], [-50.91453819008872, -28.08985360176381], [-50.91381584293867, -28.09002980522108], [-50.91307365572888, -28.09061005900115], [-50.91234113595537, -28.09148709948086], [-50.91091823480407, -28.09182890314849], [-50.90999533412415, -28.09192516123206], [-50.90943601473561, -28.09148964548477], [-50.90848423782527, -28.09126775697993], [-50.90790435543376, -28.09048137101729], [-50.90673539842637, -28.08941763602925], [-50.90532916537387, -28.08954484313454], [-50.90397021448988, -28.09005577136197], [-50.90558692203831, -28.08794864541204], [-50.90611817705344, -28.08667512834613], [-50.90648217987812, -28.08531660523636], [-50.90621955229307, -28.0849253965413], [-50.90598283910893, -28.08365774828585], [-50.90464804009759, -28.08137546069731], [-50.90375788696754, -28.08028669430554], [-50.9033567465934, -28.07942709784293], [-50.90331458487484, -28.07889220675504], [-50.9009519076351, -28.07568492512474], [-50.89882617588076, -28.07349222741524], [-50.89915225665046, -28.07296588183562], [-50.90048551538157, -28.07205398185029], [-50.90127732189732, -28.0719078602374], [-50.90176850214266, -28.07152096450639], [-50.90318946023963, -28.07085081869438], [-50.9044457956232, -28.06959558489235], [-50.90633697903954, -28.06931018361452], [-50.90640722327459, -28.06906717851381], [-50.90625216080895, -28.06880452253172], [-50.90538181090583, -28.06857699215789], [-50.90538798178431, -28.06737293778956], [-50.905942391693, -28.06704430468019], [-50.90605729486333, -28.0665955607601], [-50.90564154163212, -28.06645601138822], [-50.90564952085213, -28.06598041640836], [-50.90503302671171, -28.06588941153798], [-50.90437653204721, -28.0672828684809], [-50.90431784844099, -28.06797046643362], [-50.90335898101692, -28.06824706965539], [-50.9027062060916, -28.06932061037011], [-50.89791917330058, -28.07068304093099], [-50.89520319689854, -28.07097130898475], [-50.89282197362162, -28.07101812705094], [-50.89129021322102, -28.07069320738575], [-50.88920116785766, -28.06917233332641], [-50.88840682725268, -28.07033844797285], [-50.8880484321964, -28.0702347062011], [-50.88714951197136, -28.0705741069055], [-50.88562868089121, -28.06948506126649], [-50.88489786571303, -28.06850080665233], [-50.88586563964191, -28.06726583069914], [-50.88586995263845, -28.06696431365436], [-50.88552772511591, -28.06685249187657], [-50.88369126986315, -28.06705810098086], [-50.88333363793882, -28.06630576121757], [-50.88369894590493, -28.06540508675248], [-50.88362985434619, -28.06514830394258], [-50.88249276355619, -28.06494274111156], [-50.88115476447646, -28.06336661048326], [-50.88110971761216, -28.06317226176616], [-50.88174329565207, -28.06196006753505], [-50.88148112751606, -28.06178625499055], [-50.88035135760105, -28.06175009969694], [-50.88013860021459, -28.06154307021651], [-50.87933436773414, -28.05991084303132], [-50.88006792324408, -28.05936692829236], [-50.88015654349155, -28.05906071254525], [-50.8792794191303, -28.05841941617569], [-50.87863388095022, -28.0582294504395], [-50.87826551152319, -28.05772161553365], [-50.87800969202088, -28.0566490971012], [-50.87848356348595, -28.05585918622721], [-50.87829725227248, -28.05563214069297], [-50.8775932008323, -28.05534841190678], [-50.87733442124259, -28.05419597017604], [-50.87747833547711, -28.05316631854303], [-50.87802512653316, -28.05271090314848], [-50.87919691328246, -28.05260980322559], [-50.88003164110337, -28.05225833954446], [-50.88060835761354, -28.05228041302094], [-50.88158262961386, -28.05185536685463], [-50.88362275544636, -28.05234132457136], [-50.88460357837861, -28.05231373976075], [-50.88489805905749, -28.05201998488837], [-50.88469409730373, -28.05178724548863], [-50.88315961965235, -28.05124352672786], [-50.88246853536261, -28.05059082243042], [-50.88147178150933, -28.05036592656626], [-50.88054100868391, -28.05042215965191], [-50.88029298520541, -28.05021539292218], [-50.88002656864166, -28.05021694603045], [-50.88084493461847, -28.04786655607662], [-50.88091578071177, -28.04636367507448], [-50.88161699330354, -28.04473233936624], [-50.87697636675526, -28.04345942621644], [-50.87693910374423, -28.04312359902937], [-50.87711211922174, -28.04217107086527], [-50.87812999776134, -28.04105877673775], [-50.87856207367788, -28.04079115062662], [-50.88015503055798, -28.04094582369586], [-50.88049390800021, -28.04077127476743], [-50.88187295857127, -28.0413648588326], [-50.88323683452085, -28.04166595136488], [-50.88391716436292, -28.03956260210776], [-50.88138649947457, -28.03865558280212], [-50.88140304959904, -28.03837389669845], [-50.88264886721913, -28.03629994589336], [-50.88358568464954, -28.03554187749961], [-50.88430788930779, -28.0354001994875], [-50.88509947930895, -28.03452111461346], [-50.88576042616907, -28.0347873786868], [-50.88659460156302, -28.03538892206768], [-50.88706255316288, -28.03626353271516], [-50.88769888797263, -28.03620985340641], [-50.88779537586597, -28.03545001006844], [-50.88759057950923, -28.03453489456984], [-50.88709969229811, -28.03378521603542], [-50.8869639873168, -28.03320625263152], [-50.8857415815006, -28.03196160823635], [-50.88573854106506, -28.03162609634728], [-50.88605731928285, -28.03129191364011], [-50.88862461343059, -28.03241805039424], [-50.88906484163824, -28.03235891857109], [-50.88909911266461, -28.0317452658756], [-50.88810612154373, -28.03047402755151], [-50.88775980665087, -28.02897808743608], [-50.88852584143478, -28.02833778138882], [-50.88862949453855, -28.02769539444647], [-50.88942486095072, -28.02654081338875], [-50.89042132714554, -28.02558598214238], [-50.89073797037769, -28.02499840613012], [-50.89113509703921, -28.02478159707538], [-50.89230795019349, -28.0235072467441], [-50.89304026192846, -28.02306973734963], [-50.89382933509029, -28.02283183472918], [-50.89401050822817, -28.02290965675496], [-50.89403936023378, -28.02368270676593], [-50.89371843373523, -28.02502904992915], [-50.89403111853887, -28.0260105300694], [-50.89479160897332, -28.02642019308404], [-50.89573848772318, -28.02661464192111], [-50.89705680533816, -28.02715029650625], [-50.89727165970297, -28.02763467971221], [-50.89705037214582, -28.02823459478917], [-50.89722024921237, -28.02960410811399], [-50.89746345839333, -28.02982358307041], [-50.89790867370899, -28.02986385391295], [-50.89822048582504, -28.02944165564491], [-50.8983900909039, -28.02843946051304], [-50.898790239083, -28.02784643040176], [-50.90086541918875, -28.0276345461886], [-50.90168235998492, -28.02779128612909], [-50.90199541486518, -28.02742949989193], [-50.90186321126346, -28.02714448191472], [-50.90079945849649, -28.02669825738437], [-50.89902345225483, -28.02652714900157], [-50.8985474378099, -28.02599275898292], [-50.89815717427308, -28.02590700856796], [-50.89671685137205, -28.02493851349123], [-50.89661700626742, -28.02437908966845], [-50.89747096364054, -28.02261426355102], [-50.89883164721846, -28.02148090433202], [-50.89920153627208, -28.02140623497312], [-50.89980564814953, -28.02034922816096], [-50.90112000279275, -28.01955577506118], [-50.90393777979842, -28.01836601966989], [-50.90481312971238, -28.01819971636289], [-50.90557854390492, -28.01865614548658], [-50.90609859165905, -28.01865413709702], [-50.90657426504207, -28.01774227177527], [-50.90718185253158, -28.01743849550576], [-50.90996374410427, -28.01658990167892], [-50.91037172538511, -28.01661891903565], [-50.91096211789069, -28.01700275990377], [-50.91146475805161, -28.01700808647609], [-50.91193647697184, -28.01638223873041], [-50.91386588750294, -28.01568500552768], [-50.91546127500493, -28.01566058127471], [-50.91621523666669, -28.0161189710822], [-50.91669689297206, -28.01577713253075], [-50.91822447509358, -28.01562910865078], [-50.91909580627776, -28.01572839901466], [-50.9200665818792, -28.01611967614997], [-50.92083614010839, -28.01552275142361], [-50.92146327348903, -28.01548078008697], [-50.92084595501648, -28.01671908612301], [-50.92077552884819, -28.01781698108049], [-50.92053073072258, -28.01830367608808], [-50.92062924675897, -28.01850350012287], [-50.92101499058927, -28.01862600955877], [-50.92142595533601, -28.01926834728175], [-50.92167416686386, -28.01933367743148], [-50.92203276751337, -28.019145969604], [-50.92319033639546, -28.01929924174508], [-50.92432843734295, -28.01924831363051], [-50.92576251301564, -28.02071734516349], [-50.9266629008523, -28.0211231138431], [-50.92714624157264, -28.02123220326075], [-50.92843503980632, -28.02085088652682], [-50.92873422695821, -28.02096945170833], [-50.92886844123059, -28.02162292587682], [-50.92873140392758, -28.02191800442559], [-50.92852352991283, -28.02215167050381], [-50.9272506508723, -28.02275254038617], [-50.92715176645577, -28.02306388705407], [-50.92738546284567, -28.0232340951728], [-50.92877766312237, -28.02312261132372], [-50.92915816163234, -28.02352034335727], [-50.92915642169837, -28.02411719335266], [-50.92964274346623, -28.02494946926278], [-50.9269340734941, -28.02608710042344], [-50.92998129554588, -28.03216470779876], [-50.93241757941489, -28.03069598563947], [-50.93325117016009, -28.03077902034643], [-50.93433863525175, -28.03354886425523], [-50.93374665349965, -28.03399543828367], [-50.93369264147201, -28.03432960080902], [-50.93399798668473, -28.03446081688317], [-50.93492111142976, -28.03431465644546], [-50.93526989378053, -28.03467850624329], [-50.93619551827935, -28.03505903939472], [-50.93742198449518, -28.03501615046504], [-50.93779476904674, -28.03053140911572], [-50.93445386148376, -28.0304155310095], [-50.93399950000077, -28.02953563224471], [-50.93359134363032, -28.02934773805558], [-50.93284587126235, -28.02951704651376], [-50.93231572294845, -28.02844968630325], [-50.93239510919352, -28.02708683308046], [-50.93268406346251, -28.02646378948946], [-50.93309812661297, -28.02604746490468], [-50.93478541848927, -28.02575914775096], [-50.93501450197254, -28.02550280627675], [-50.93493728658734, -28.02531674773315], [-50.93452254428295, -28.02515262603088], [-50.93335227294989, -28.0248843151173], [-50.93283330489323, -28.02497386494359], [-50.93177300999865, -28.02424790383212], [-50.93143794399202, -28.02187216995625], [-50.9315437033731, -28.02164081618773], [-50.93189430186382, -28.02148917513193], [-50.93202776318049, -28.02095039915345], [-50.93098293032106, -28.01983299074423], [-50.93128715187327, -28.01820977896974], [-50.9310793775978, -28.01807543506262], [-50.93020810606513, -28.01824768090182], [-50.92914905787293, -28.0180288169941], [-50.92743192349289, -28.0182463332929], [-50.92668899516095, -28.01728856848704], [-50.92548702945264, -28.01664305286772], [-50.92604920942909, -28.01535827132181], [-50.92614639822422, -28.0147112744754], [-50.9260373285521, -28.01373263115888], [-50.92565976846928, -28.01301969969951], [-50.92627969961717, -28.01294133256449], [-50.92767625366706, -28.01320808336697], [-50.92841148759186, -28.01291587414361], [-50.92853504877438, -28.01265715059138], [-50.92742366655892, -28.01192333886977], [-50.92968002722781, -28.01185802897724], [-50.92898134087741, -28.00641449058667], [-50.92619270902006, -28.00675861547521], [-50.92501436807554, -28.00502719600779], [-50.92878436431873, -28.00460512663421], [-50.92831116117815, -28.00030628409669], [-50.92938128380901, -27.99997840267075], [-50.93146829171204, -28.00033012060713], [-50.93146157128989, -28.00248842845429], [-50.93311041068978, -28.00235301829385], [-50.93464030840467, -28.00195936188865], [-50.93538127912827, -28.00206931846053], [-50.93589545413345, -28.00242216799528], [-50.93617869289497, -28.0043525668424], [-50.93667467650974, -28.00454116184631], [-50.93688329578881, -28.00443264343886], [-50.93698940852153, -28.0038812851069], [-50.93692759614903, -28.00220254191741], [-50.94179051418706, -27.99874793055204], [-50.94061388676355, -27.99755251464317], [-50.93599421857331, -28.00088423807765], [-50.93566604974763, -28.00084242451714], [-50.93547963364449, -28.00020899338184], [-50.93508475063243, -27.99988668732498], [-50.93397569695885, -27.999759724954], [-50.93361185645189, -27.99883134690781], [-50.93318086637329, -27.99840202392458], [-50.93828562388573, -27.99518696596917], [-50.93729544026765, -27.99418088168189], [-50.93377970911604, -27.99636434113934], [-50.93373269960161, -27.99605611566897], [-50.93331838876494, -27.99598038099917], [-50.9323622616625, -27.99670459424651], [-50.93106339170369, -27.99731287536136], [-50.92808058677348, -27.99711985734086], [-50.92810332300103, -27.99683517265596], [-50.93006382393851, -27.99354331806999], [-50.93028037043378, -27.99327894157906], [-50.93147644526617, -27.99274210481016], [-50.93216855282892, -27.99223492622151], [-50.93262305260569, -27.99135765262859], [-50.93255653491731, -27.99105775825463], [-50.93232741199101, -27.99095616320921], [-50.93144553201381, -27.99141629332966], [-50.93071517334736, -27.99123549524213], [-50.93027469665556, -27.98829622800307], [-50.93096017336557, -27.98739492454358], [-50.93100070853377, -27.98712894266998], [-50.93076111394763, -27.98691407841002], [-50.92958865735364, -27.98682518677214], [-50.92866459728427, -27.9851618821891], [-50.92807478760204, -27.98449806177411], [-50.92690897809906, -27.9819721532685], [-50.92950198763217, -27.98116218242645], [-50.9292603221698, -27.98037253557856], [-50.92908585720686, -27.97850017225475], [-50.92918121490752, -27.97681086903438], [-50.92667545461411, -27.97684130097626], [-50.92682855216247, -27.97430822934949], [-50.93121424369185, -27.97455036639778], [-50.93073475686577, -27.96983232040066], [-50.93151192212716, -27.96978844798085], [-50.9319756868392, -27.97032915805259], [-50.93223780864316, -27.97099362449145], [-50.93245364590639, -27.97339308538298], [-50.93291124621129, -27.97426428272715], [-50.93341434575038, -27.97404569008667], [-50.93383327956014, -27.97279687127974], [-50.93501467022594, -27.97117546183156], [-50.93557928921003, -27.97109920472879], [-50.93635499798247, -27.97131406593337], [-50.93674145408539, -27.97210976539361], [-50.93717647881796, -27.97249715637399], [-50.93743945085613, -27.97242322633672], [-50.93791557641179, -27.97171485267482], [-50.93838764283833, -27.97135454516463], [-50.94037181865379, -27.97105165512619], [-50.94243843990845, -27.97093751464308], [-50.94281280734855, -27.97108416185776], [-50.94334763000456, -27.97242963586521], [-50.94336918163919, -27.97323208303639], [-50.94408920186411, -27.9737538596239], [-50.94462961136528, -27.9748579887297], [-50.94450413891103, -27.97541080790346], [-50.94399470437589, -27.97598339392633], [-50.9440874449286, -27.97623370859474], [-50.9446410813358, -27.9766869729676], [-50.94449966243429, -27.97780711341139], [-50.9442671934175, -27.9779853251592], [-50.94410264808606, -27.97857557765787], [-50.94416233099648, -27.97880351519189], [-50.94440553769272, -27.97890502908899], [-50.94551689943616, -27.9782006990356], [-50.94558012978296, -27.97734722121965], [-50.94614262993015, -27.97666950460011], [-50.9461888408117, -27.975991682831], [-50.94669310823818, -27.97515520292408], [-50.94644102357481, -27.9732830328477], [-50.94921618576311, -27.9721208563947], [-50.94762070864347, -27.97045490279215], [-50.94866485446098, -27.96944536500408], [-50.95101454069253, -27.96815567041097], [-50.95234888795971, -27.96930258736776], [-50.95061970484743, -27.97137544218985], [-50.95363310992983, -27.97449662073341], [-50.95205081358724, -27.97480371106685], [-50.95281605682371, -27.97741711573501], [-50.95575421673974, -27.97694427121408], [-50.95619230737946, -27.97588610699341], [-50.95603236519173, -27.97533558014961], [-50.95615568340042, -27.9749659232912], [-50.95600015746963, -27.9738786398874], [-50.95642677194876, -27.97260358142124], [-50.96261592296284, -27.97085004644224], [-50.96192346475738, -27.9693024720975], [-50.96094226515928, -27.96764694462221], [-50.96164051138157, -27.96774039088472], [-50.96185068947231, -27.96613708018711], [-50.96128721892867, -27.96574578896092], [-50.96099898973803, -27.96502134311261], [-50.9633991466019, -27.96496640985887], [-50.96171889093453, -27.96124564810203], [-50.96264733550255, -27.96074233030205], [-50.96388454691696, -27.9604939934317], [-50.96477146257186, -27.96109015014044], [-50.96625832692546, -27.96490091607909], [-50.96932095585624, -27.96486552355181], [-50.9674809815409, -27.95943309670392], [-50.96809708532274, -27.95923622103668], [-50.96857240012996, -27.95881328563611], [-50.96913340689546, -27.95858986465038], [-50.97029488472736, -27.95829146990853], [-50.97104547042505, -27.95839188758342], [-50.9722307173963, -27.95744417609939], [-50.97317779256498, -27.95750048783854], [-50.97380284810863, -27.95676710053786], [-50.97452618816959, -27.95659659281707], [-50.9750299386077, -27.95592479581665], [-50.97632012828715, -27.95526067821687], [-50.9789846577781, -27.95308541754008], [-50.97972180790742, -27.95189497717898], [-50.98010686378793, -27.95163767489664], [-50.98122455488128, -27.94751993939302], [-50.98214361876409, -27.94546141978881], [-50.98286235178116, -27.9451150460575], [-50.98323850455387, -27.94441246436264], [-50.98400975249075, -27.94364077199826], [-50.98498782354619, -27.94300780206265], [-50.9857992270528, -27.94311519662749], [-50.98645320804746, -27.94340136365974], [-50.98822081146402, -27.94485053582041], [-50.98897918598642, -27.94606776523865], [-50.98991125617999, -27.94625957955235], [-50.99092984565861, -27.94759422661906], [-50.99123938683923, -27.94828655511066], [-50.99069781939992, -27.94886376137883], [-50.98626733453582, -27.94713439938842], [-50.98357938754031, -27.94992034725571], [-50.98485885416964, -27.95075724006807], [-50.98709423956619, -27.95140890786371], [-50.98624090111766, -27.95147535930898], [-50.98590204882651, -27.95222949746442], [-50.98505611711699, -27.95309771070265], [-50.98272809642922, -27.95376859264567], [-50.9822980477302, -27.95407178584927], [-50.98202068440716, -27.95494286860483], [-50.98124048721992, -27.95551946015418], [-50.98111683001666, -27.95603306213456], [-50.9813765494282, -27.95624822614174], [-50.9816907491722, -27.95619543225869], [-50.9818486773251, -27.9559638008107], [-50.98276073415271, -27.95549892796446], [-50.9831071034602, -27.95481736452709], [-50.98595255576429, -27.95447670907637], [-50.98683614690989, -27.95370578521684], [-50.98839496806896, -27.95331034538567], [-50.98983509977091, -27.9525386789464], [-50.99255409415059, -27.9516964793313], [-50.99318179984358, -27.95180575581589], [-50.99353293749296, -27.95227116994523], [-50.99316723064885, -27.95273969402245], [-50.99239111940145, -27.95328976862019], [-50.99205538198948, -27.95381435280893], [-50.99068891420889, -27.95424304431562], [-50.98976511644517, -27.9552409608644], [-50.99534002989365, -27.95836403795295], [-50.99620929965551, -27.95720326708833], [-50.99647705929052, -27.95751417101371], [-50.99639382826349, -27.95822029740967], [-50.9970968524801, -27.95853390489501], [-50.99749319211597, -27.95903553110804], [-50.99752842862362, -27.95990902244799], [-50.99823934351578, -27.96117295884625], [-50.99739526418561, -27.96207228761061], [-50.99620171948406, -27.96424201975261], [-50.99579520005116, -27.96458752051228], [-50.99520557791153, -27.96477536350262], [-50.9923408783576, -27.96289405273295], [-50.9917737401768, -27.96269201346698], [-50.9921536326084, -27.9694165618015], [-50.99166013355403, -27.96954903489455], [-50.99219703291678, -27.97190958566404], [-50.99782515169498, -27.97108060597073], [-50.99808341744457, -27.97240473895353], [-50.99786061657153, -27.97323406033948], [-50.99821771646909, -27.9735654366759], [-50.99833872784381, -27.97397263172371], [-50.99809759318217, -27.97461988496686], [-50.99769835875115, -27.97491501144058], [-50.99373661492301, -27.97627298480429], [-50.99349785144001, -27.97653673308866], [-50.99354428850698, -27.97683548334529], [-50.99388612154654, -27.9769571991522], [-50.99599619017095, -27.97674016306626], [-50.99713559854768, -27.97698275247672], [-50.99632464375244, -27.97857728533552], [-50.99470565176201, -27.98048656089877], [-50.99391951210669, -27.9830864997437], [-50.99294029223053, -27.98437482002903], [-50.99298403303003, -27.98463648220421], [-50.99350223666945, -27.98494898075241], [-50.99355145612428, -27.98580229736745], [-50.99280184263677, -27.98790554844843], [-50.99235218560309, -27.98872707483935], [-50.9912403049491, -27.98995762917027], [-50.9904886090409, -27.99029742332411], [-50.98873389340222, -27.99073427274009], [-50.98797609684969, -27.99124372192153], [-50.98655278411895, -27.99124702836008], [-50.98636151606315, -27.99143813471865], [-50.98649190764697, -27.99179998980708], [-50.98736744123108, -27.99234429463069], [-50.98785642365102, -27.99340033222904], [-50.98876759564886, -27.99439839345323], [-50.98894440587273, -27.99480647490208], [-50.98875625859403, -27.99569189627932], [-50.98754593651711, -27.99726801592417], [-50.98767429493609, -27.9976641349552], [-50.98804224602605, -27.99768560160221], [-50.98990326345539, -27.99634087676526], [-50.9901438854548, -27.9963705425151], [-50.99174951169033, -27.9973976174726], [-50.99365730206699, -27.99823335597756], [-50.99528225715893, -27.99817558429217], [-50.99658175290371, -27.99853986333054], [-50.99651899356529, -27.99900182122364], [-50.99689202741369, -27.99934880806404], [-50.99907419525766, -27.99930665821019], [-51.00005607160674, -27.99871923156925], [-51.00194975599706, -27.99798518968032], [-51.00269936754029, -27.99710686638073], [-51.00276385797482, -27.99649469617209], [-51.00261713474754, -27.9959512926437], [-51.00226807980055, -27.99548663183757], [-50.99978687432294, -27.99429731516918], [-50.99893386492162, -27.99416590681194], [-50.9978477511163, -27.99348449770667], [-50.99691615964555, -27.99361105246461], [-50.99638374371324, -27.99396701619562], [-50.99468874443716, -27.99605585722253], [-50.99366765447782, -27.99621599892781], [-50.9928846439216, -27.99587305602564], [-50.99197367244557, -27.995217352646], [-50.99031702256007, -27.99318175949694], [-50.9903164812252, -27.99286673303451], [-50.9909103981948, -27.99241569314172], [-50.9921707738069, -27.99203069348075], [-50.99451732982593, -27.98984428827077], [-50.99547572817395, -27.98802364238731], [-50.99628644947881, -27.9856825980267], [-50.99632997216861, -27.98388118617742], [-50.99760777339889, -27.9814490328512], [-50.99992920444377, -27.9788816083177], [-51.00142588063891, -27.97751111972927], [-51.00194720086891, -27.97658742995504], [-51.00231178605296, -27.97552895846504], [-51.00175780800662, -27.97181568429583], [-51.00202145711532, -27.97097533298888], [-51.00266151110643, -27.97032676904437], [-51.00322925479557, -27.96934288155188], [-51.00622867885168, -27.97019336155087], [-51.0085538789482, -27.96725986768742], [-51.0090008516056, -27.96811140413897], [-51.0094272008826, -27.96853015873157], [-51.01142263951836, -27.96921874198055], [-51.0093200767544, -27.9703913326736], [-51.00819140404913, -27.97185382295085], [-51.00799006069866, -27.97279516440514], [-51.0081574751671, -27.9742656615918], [-51.00780917414478, -27.97496088728453], [-51.00539604303226, -27.97475403088934], [-51.00456226379759, -27.97534295948389], [-51.00406440906106, -27.97626382228651], [-51.00277573488373, -27.97592167770585], [-51.00304047079869, -27.97784006934104], [-51.00394350846778, -27.97982813404749], [-51.00409768501834, -27.98032625720547], [-51.00402063073724, -27.98099861441311], [-51.00437890139353, -27.98156678306315], [-51.00439325144538, -27.98186125380031], [-51.00473921385797, -27.98223253599041], [-51.00498067228857, -27.9832723843504], [-51.00667725358041, -27.98458127350536], [-51.00720401493052, -27.98456328256558], [-51.00829805095309, -27.98505773730865], [-51.01180795534327, -27.98555219573803], [-51.01176044116066, -27.98438042286958], [-51.01199107318129, -27.98419328882701], [-51.01198133771154, -27.98311530200156], [-51.01245782598831, -27.98194141513465], [-51.01318879581732, -27.98119168401674], [-51.01386039248482, -27.98070224780828], [-51.01425222076, -27.98061271565192], [-51.01509834744352, -27.98055312085715], [-51.01725660539487, -27.98090707294982], [-51.01798921954135, -27.98134359924528], [-51.01829498014798, -27.98185044195966], [-51.01813279610839, -27.98237531374418], [-51.01836641460765, -27.98267987493546], [-51.01847563032263, -27.98481852126814], [-51.01869286290949, -27.98500628901542], [-51.01995631691829, -27.98504435684567], [-51.02145435679353, -27.98402284619357], [-51.02248758842311, -27.98365312372185], [-51.02335434762235, -27.98279868425238], [-51.02390887525482, -27.98163245173688], [-51.02601106933802, -27.98183701217596], [-51.02672292107642, -27.98227650241832], [-51.02702287056779, -27.98222144976297], [-51.02742717873246, -27.98154138133537], [-51.02673912928342, -27.98093814417758], [-51.02540524404957, -27.98084539263172], [-51.02377179998705, -27.98046744499176], [-51.02274749429668, -27.98087874779647], [-51.02220235617708, -27.98213584833766], [-51.02003206046608, -27.98311574639029], [-51.01975963981426, -27.98108850310302], [-51.01927485885449, -27.97984328968091], [-51.01856543000799, -27.97931484900546], [-51.01740355674022, -27.97924138049334], [-51.01707218679262, -27.97902723501217], [-51.01550290008554, -27.97910099288273], [-51.01411669570668, -27.97878013869426], [-51.01279695911423, -27.97874584465044], [-51.01170593228869, -27.97929903344791], [-51.01037682480213, -27.98140120046229], [-51.00954200325391, -27.98136556386102], [-51.0086164348467, -27.98104172045145], [-51.00805461266063, -27.98067554647978], [-51.00746116988023, -27.97988615723508], [-51.00734515355019, -27.97818084533816], [-51.0075441125032, -27.97795765989909], [-51.01016099992733, -27.97738776026119], [-51.01182071305096, -27.97561359476386], [-51.01203256712752, -27.97466283484924], [-51.01179999564346, -27.97325720763893], [-51.01201589281214, -27.97306703369209], [-51.01419739470262, -27.97288533059158], [-51.01499223524865, -27.97245555670257], [-51.01577604512427, -27.97172249442963], [-51.0161841084791, -27.97107984175563], [-51.01729388576101, -27.97052781865002], [-51.01830079243206, -27.97050148219494], [-51.01897553677928, -27.97085645567008], [-51.01943532559452, -27.97055479523779], [-51.02003717195224, -27.97051993990595], [-51.02127094377476, -27.97080864195941], [-51.02172904970617, -27.97055640127287], [-51.02171298888112, -27.97030513396037], [-51.02001250932997, -27.9691181065497], [-51.01983730376868, -27.96872185812097], [-51.01906221644581, -27.96876320543848], [-51.01717115749623, -27.96808448703683], [-51.01665637591644, -27.96753930594956], [-51.01376303673885, -27.96562863596474], [-51.01351620076734, -27.96532347303468], [-51.01339939641477, -27.96467096802187], [-51.01383323874943, -27.96397591103354], [-51.01516692149556, -27.96293910372563], [-51.01602680260648, -27.96264247105652], [-51.01716228215186, -27.96158196634844], [-51.01760287392336, -27.96138390732088], [-51.018795493828, -27.9613113209899], [-51.01977065689736, -27.96077502960185], [-51.01984419508391, -27.95995472024252], [-51.01968748577291, -27.95956457422249], [-51.02054110522169, -27.95848410216979], [-51.02278399172499, -27.95633691503589], [-51.02342940610336, -27.95549525157771], [-51.02406209179429, -27.95566345525282], [-51.02476502795068, -27.95486273244459], [-51.02579142643907, -27.9547093649417], [-51.02647363068628, -27.95418969580107], [-51.02771968600118, -27.95368081374834], [-51.02975874354708, -27.95323898923612], [-51.0301899465758, -27.95410688954962], [-51.03113769553175, -27.95514349508929], [-51.03105761949624, -27.95608996333467], [-51.03129175030778, -27.95639706373791], [-51.03197885522392, -27.95640134063567], [-51.03341019976231, -27.95698897831876], [-51.03429106585283, -27.95704231770307], [-51.03574606627604, -27.95698764302833], [-51.03664985687367, -27.95665591920946], [-51.03741787657294, -27.95733410168363], [-51.03711711264899, -27.95825755030123], [-51.03729452825625, -27.95875044530912], [-51.03780065614246, -27.95927666175133], [-51.04000597862324, -27.9594334762487], [-51.03959597492142, -27.96064335107157], [-51.04047477971345, -27.96145679420889], [-51.03971279169148, -27.9624817593259], [-51.03969392426089, -27.9627592551677], [-51.04046500758774, -27.96335777611854], [-51.04152827691616, -27.96338916165196], [-51.04110974215745, -27.96388721957593], [-51.04000830574394, -27.96451348066274], [-51.03976921915021, -27.96505011723979], [-51.03989026850872, -27.96525071481461], [-51.04047405840185, -27.96530919132716], [-51.04090460110159, -27.96480739479795], [-51.04135785480611, -27.96469317113302], [-51.04265947059772, -27.96383372157769], [-51.0428070976531, -27.96344432636815], [-51.04274772830267, -27.96285795779461], [-51.04251511091548, -27.96255119079174], [-51.04142065448656, -27.96232405817243], [-51.04199300505314, -27.96174852696941], [-51.04218730303401, -27.96109154950268], [-51.04198455355132, -27.96065413629909], [-51.04134834079431, -27.96031522962324], [-51.04212817553574, -27.95890294092647], [-51.04210526137203, -27.95865117581265], [-51.04128216774885, -27.95781544562519], [-51.04042980659662, -27.95756371530505], [-51.03962160826487, -27.95761469187412], [-51.03969589792638, -27.95701915862301], [-51.03957962085162, -27.95625710865762], [-51.03940410325977, -27.95603600811519], [-51.04032671651214, -27.95492494833543], [-51.04107251988403, -27.95432292602926], [-51.04129206776041, -27.95375082541597], [-51.04117827145582, -27.95346594250375], [-51.04050851189012, -27.95353230877798], [-51.04028530343748, -27.95378002692142], [-51.03848255941545, -27.95464733002584], [-51.03770046296969, -27.95459584240423], [-51.0364870383588, -27.9542255091136], [-51.03476486217969, -27.95462889666981], [-51.03420249337845, -27.95439919423794], [-51.03396094976315, -27.95368706096397], [-51.03461788644907, -27.9523069071443], [-51.03427846732505, -27.95051037774987], [-51.03372913427168, -27.94995990537352], [-51.03276976928782, -27.94959010428629], [-51.03228601367947, -27.94861203847995], [-51.03163366503889, -27.94860742165588], [-51.03081110086336, -27.94944935617693], [-51.02905671075427, -27.94968757888322], [-51.02845094841883, -27.94961575330552], [-51.02853431167069, -27.94917266324472], [-51.02752146497898, -27.94719046947853], [-51.02779077466306, -27.94601100114839], [-51.02653402482304, -27.94534755824817], [-51.02613013864005, -27.9448007529177], [-51.02645364871638, -27.94348701641582], [-51.02635281252917, -27.94277349368096], [-51.02570922234227, -27.94153979920242], [-51.02559361770999, -27.94087144415468], [-51.02581806551965, -27.94057422738797], [-51.02661745019349, -27.94045648450567], [-51.02726872268413, -27.94057446765109], [-51.0277207420166, -27.94083638666863], [-51.02883695841776, -27.94082292835255], [-51.03083330353556, -27.94024240480782], [-51.03101331843918, -27.94009765438489], [-51.03102815147348, -27.93974100316062], [-51.03082849157357, -27.93958743464946], [-51.02970081797402, -27.93952691293797], [-51.02904556801182, -27.93967111005472], [-51.02860039427975, -27.93946970953172], [-51.02805856379927, -27.93888877295064], [-51.02818338816765, -27.9377118732787], [-51.02796033013688, -27.93748485330878], [-51.02730258562922, -27.93756538490612], [-51.02692071055028, -27.938066192408], [-51.02625706474375, -27.9382946993463], [-51.02384031157751, -27.93790935962865], [-51.02354228806428, -27.93771616854893], [-51.02295489057459, -27.93671511110631], [-51.02272972514168, -27.93658498697292], [-51.02243019782943, -27.93671646172891], [-51.02149476148356, -27.93844815737202], [-51.01977476534124, -27.93614202616455], [-51.01915063582798, -27.93441182727273], [-51.01929155240051, -27.93378476615397], [-51.01903136656691, -27.93334096434755], [-51.01910416233904, -27.93188735786241], [-51.0195093571941, -27.93043256501582], [-51.01964675786967, -27.9302719892534], [-51.02033134730035, -27.9301497103293], [-51.02150160231081, -27.93015211552629], [-51.02209817263529, -27.92986324931889], [-51.02342612494682, -27.93000936792321], [-51.0215643269024, -27.92787884172726], [-51.02099047393013, -27.92842394920709], [-51.02090064264357, -27.92832844280317], [-51.02009024471546, -27.9267181292769], [-51.02014241085043, -27.92617164150457], [-51.02046322168654, -27.92583441631101], [-51.0211612375117, -27.92534460415598], [-51.02268960948372, -27.9246469323103], [-51.02355851195818, -27.92474369727595], [-51.02387960673305, -27.92501565301182], [-51.02482246480711, -27.92522003966626], [-51.02729760275643, -27.92633954964955], [-51.02758549009409, -27.92620382785989], [-51.02774442336274, -27.92554660685017], [-51.02786968857643, -27.92550506403714], [-51.02975845365641, -27.92508227469451], [-51.03050334368186, -27.92546649486416], [-51.02952866687503, -27.92309772554814], [-51.02750163995051, -27.92373881479018], [-51.02734210708663, -27.9226653251835], [-51.0285178414015, -27.92178987318135], [-51.03005231640977, -27.92105111072043], [-51.03239242421907, -27.92033835873128], [-51.03339779485382, -27.92102419388094], [-51.03336850143214, -27.92170977139359], [-51.03212528949963, -27.9217100669268], [-51.03278859087191, -27.92294144629127], [-51.03352139927963, -27.92294088773761], [-51.03362752522515, -27.92040803072277], [-51.03414439876398, -27.92027744021842], [-51.03459466325737, -27.91961473814774], [-51.03746364953374, -27.91896169254148], [-51.03678994878697, -27.92153667542111], [-51.03927598691043, -27.922111124578], [-51.04062033094641, -27.9216547065405], [-51.04079575501335, -27.9217376834469], [-51.04135605327276, -27.92281414543948], [-51.04175048160599, -27.92488551755031], [-51.04125561607163, -27.9255510740167], [-51.04129904432386, -27.92579730841787], [-51.04252834687266, -27.92647136630356], [-51.04276084162231, -27.92703375225599], [-51.04250780395334, -27.92770022351817], [-51.04336926556498, -27.9280381056364], [-51.0443670643442, -27.92954944390487], [-51.04377435919066, -27.93038847912065], [-51.04385161291482, -27.9308029451756], [-51.04421941277454, -27.93097513599811], [-51.04514780796733, -27.93062010727521], [-51.0454533060833, -27.93080161432501], [-51.0462001227414, -27.93191240401804], [-51.04664962392216, -27.93288175287175], [-51.04688162130273, -27.93383780477721], [-51.04723402346449, -27.93413282376544], [-51.04751701488167, -27.93416162667164], [-51.04875346529365, -27.93598634385439], [-51.0491744698599, -27.9360824603221], [-51.04932189985455, -27.93583932014847], [-51.04912683591038, -27.93499087078469], [-51.04965284820184, -27.9349823216401], [-51.04952005784118, -27.92947304930512], [-51.04863742308005, -27.92923835114656], [-51.04813914311226, -27.92891964979771], [-51.04662256296372, -27.92880913283151], [-51.0452168941685, -27.926733845278], [-51.04463534170935, -27.92490653777251], [-51.0452243184687, -27.92227111898563], [-51.04508985501758, -27.92153217308334], [-51.04462859759662, -27.92089070816671], [-51.04467425105969, -27.91970479457312], [-51.04521679018175, -27.9192069026627], [-51.04569335752903, -27.91913244178424], [-51.0478893463794, -27.91952009712484], [-51.04870597554962, -27.91932619440838], [-51.04982055569238, -27.91949722325961], [-51.05040622380891, -27.91989878833567], [-51.05077502450765, -27.92090792261164], [-51.05104071920046, -27.92103881089101], [-51.05191618595015, -27.92098770133869], [-51.05225604380071, -27.92138865970264], [-51.05307572958431, -27.92172491817679], [-51.053789781854, -27.92148010377848], [-51.05423874278669, -27.92168289116359], [-51.05566683764492, -27.92177150088108], [-51.05604105854047, -27.92140572895386], [-51.0560492063925, -27.9211013654614], [-51.05580742474701, -27.92084369082611], [-51.05536454850278, -27.92104314781239], [-51.05474444783756, -27.92090758681811], [-51.0545157102553, -27.92066355668372], [-51.05393161174342, -27.9204678932531], [-51.05328121879383, -27.9204612525767], [-51.05308034383889, -27.91983493287652], [-51.05234311230124, -27.91947461971759], [-51.05232737247551, -27.91904545368163], [-51.05310850518291, -27.91682880601257], [-51.04507220685557, -27.91419715897672], [-51.04677364341272, -27.91305040623443], [-51.04898970174468, -27.91233212361411], [-51.05097438030388, -27.91210683079195], [-51.0514654877617, -27.91118201889964], [-51.05265333398808, -27.91081780319955], [-51.05306656348983, -27.90994900704216], [-51.05363879022521, -27.90964391644635], [-51.05412726615004, -27.90960640034909], [-51.05513965042984, -27.91028109251525], [-51.05600642780287, -27.91039867050804], [-51.05612625083463, -27.90996030064704], [-51.05580972872005, -27.90910592931435], [-51.05574865346798, -27.90827548491367], [-51.05610572384169, -27.90776822096533], [-51.05758468988555, -27.90684490711289], [-51.05901129353206, -27.90656078108515], [-51.06017385110299, -27.90701617240098], [-51.06076620520595, -27.90660480534198], [-51.06177607826389, -27.90659095388382], [-51.0621626561069, -27.90636190870725], [-51.06217155310943, -27.90616465248154], [-51.06190030428892, -27.90587449922536], [-51.06099953945376, -27.90533778670418], [-51.06059161244672, -27.90460311727298], [-51.06085151036241, -27.90403538898498], [-51.06149796572571, -27.90357375347578], [-51.06171127563205, -27.90160359347729], [-51.06220675329909, -27.90042477908241], [-51.06238431912903, -27.89876939747581], [-51.06267788185256, -27.89775001110474], [-51.06266159976274, -27.8974116834995], [-51.06224197116151, -27.89672633347941], [-51.06216003599008, -27.89487995242494], [-51.06177436882862, -27.8943722126657], [-51.06118441605704, -27.8926408004877], [-51.06103674049824, -27.89106874332591], [-51.06126151143631, -27.89007457994897], [-51.06185381607144, -27.88949956862793], [-51.06358528334749, -27.8889042235928], [-51.06509098565891, -27.88901338415195], [-51.06571727104123, -27.88943857207594], [-51.06676696657375, -27.88975629389458], [-51.06847097012363, -27.88911257660672], [-51.06884402150496, -27.88919995661141], [-51.06899235526837, -27.89000538279037], [-51.06878809672651, -27.89152276762433], [-51.06892430489123, -27.8923764990961], [-51.06878909155534, -27.89273508219915], [-51.06925490741354, -27.89318283216364], [-51.06951273145093, -27.89388065646972], [-51.06890374215586, -27.89643097310759], [-51.06832403766484, -27.89726135329136], [-51.06813954320204, -27.89781579541355], [-51.0682240537397, -27.89801006984911], [-51.06859267012734, -27.89812212586129], [-51.06888172749497, -27.89892308940749], [-51.0692784592381, -27.89938947244968], [-51.0689451884172, -27.89997055871937], [-51.06885101804938, -27.90054303127004], [-51.06935531158571, -27.90120579923425], [-51.06952857477851, -27.90220191318234], [-51.07053087159195, -27.90371869348933], [-51.07166967587582, -27.90419394992873], [-51.07224812467163, -27.90507407659911], [-51.07328984119902, -27.90483865167058], [-51.07436979544192, -27.90494726879267], [-51.07526229423854, -27.90526000395324], [-51.07596446597763, -27.90684589460243], [-51.07624490947544, -27.90699902094566], [-51.0771870226024, -27.90615964539979], [-51.07872120066261, -27.90706345007724], [-51.08000996295319, -27.9072108354482], [-51.08065853275657, -27.90710806471245], [-51.08163502701272, -27.90661902090079], [-51.0824137177214, -27.90643661774993], [-51.08380459969535, -27.90554567176233], [-51.08457826629527, -27.90549853737092], [-51.08380339614209, -27.90749934252476], [-51.08322430076985, -27.9080254096182], [-51.08276433368304, -27.90912638744345], [-51.08264430197631, -27.91050122380072], [-51.08290872451812, -27.91102088493549], [-51.08288507994733, -27.91147594617444], [-51.08328594130141, -27.91198744922303], [-51.08335950107323, -27.91234331505064], [-51.08319964700357, -27.91311938971667], [-51.08336200584025, -27.91335022680275], [-51.08380172456786, -27.91330971594334], [-51.08420726766049, -27.91274420767318], [-51.08621482613095, -27.9114953318093], [-51.08704738235197, -27.91194722325809], [-51.08833802878597, -27.91221377396344], [-51.09096320867291, -27.91191511648118], [-51.09114522149743, -27.91233830442243], [-51.09143345347665, -27.91247416099042], [-51.09214129229304, -27.9119044381187], [-51.09258767770637, -27.91178425943748], [-51.0929909306794, -27.91200332134156], [-51.0945539630439, -27.91410953735529], [-51.09498619758266, -27.91436242490688], [-51.0959794470303, -27.91449422663788], [-51.09678421302278, -27.91422121926179], [-51.09756022791277, -27.91340692186841], [-51.09791769839994, -27.91246817820579], [-51.09812796093753, -27.91042773440382], [-51.09855056501226, -27.91015500644564], [-51.09907656371388, -27.91039722776285], [-51.10196969249369, -27.91252282714313], [-51.10347948159349, -27.91295155839624], [-51.10377237305042, -27.91276547106434], [-51.10366493476377, -27.91229676678213], [-51.10230364210654, -27.91186713310743], [-51.1000722913326, -27.91012866658143], [-51.09984058498422, -27.90975105061604], [-51.09988207512527, -27.90941380665217], [-51.0995968436301, -27.90925213707108], [-51.09888055686534, -27.90937397009113], [-51.0986963266373, -27.90913579782431], [-51.09841765865522, -27.90911468770586], [-51.09733991469778, -27.90972966749068], [-51.09699018454002, -27.91053965934683], [-51.09694152280619, -27.91216795504934], [-51.09664720331696, -27.91282799426687], [-51.09590477103166, -27.91334229169212], [-51.09561019152168, -27.91314051078189], [-51.09472421787732, -27.91184097583365], [-51.09345439907852, -27.91064315372951], [-51.09202831197226, -27.91046457704786], [-51.08916476179128, -27.91044290772271], [-51.08867608377221, -27.90978787482469], [-51.08869277953386, -27.90925067243207], [-51.08847086757089, -27.9090372564994], [-51.08743423714145, -27.90932128092379], [-51.08592710661252, -27.9091439686027], [-51.09447990962044, -27.90213755217209], [-51.09290366428671, -27.90031914543571], [-51.09240375691538, -27.89908102697543], [-51.0910372898706, -27.90030068474217], [-51.08993594697199, -27.90102030635938], [-51.08935891431813, -27.90192766394631], [-51.08911005277023, -27.90190508323674], [-51.08732417071624, -27.90295579544937], [-51.08695575084085, -27.90297565032116], [-51.0858441276267, -27.90233198154617], [-51.08552073786227, -27.90191321656515], [-51.08524258504849, -27.90185684965939], [-51.08486051120952, -27.90211951691099], [-51.08348230526363, -27.9024141162779], [-51.08251748447656, -27.902887419404], [-51.0812542427223, -27.90396872645857], [-51.08064758583524, -27.90422311896252], [-51.07993821328027, -27.90418531933851], [-51.07910911521337, -27.90388642887834], [-51.07862441166036, -27.90322896562679], [-51.07742925218956, -27.9031782098057], [-51.07447954994054, -27.90191938572812], [-51.07407540132023, -27.90157719056571], [-51.07401366277781, -27.90129103230685], [-51.07831484696933, -27.89935649536111], [-51.0799859461713, -27.90034351028684], [-51.07962638853781, -27.89521610917273], [-51.07742568768556, -27.89574560143793], [-51.07660691656176, -27.89534298194765], [-51.07662366721802, -27.89509460467687], [-51.07566565749569, -27.8932673499342], [-51.07622088128056, -27.89096296584269], [-51.08147575007855, -27.89279533403574], [-51.08178176040685, -27.89303048510025], [-51.08174213727477, -27.8922239204061], [-51.08120980301708, -27.89114860773871], [-51.08065848718916, -27.89045027076229], [-51.0799765870726, -27.88994108574215], [-51.08027668810365, -27.88982801507073], [-51.08042271047777, -27.88928435926073], [-51.08131988134405, -27.88829881075612], [-51.08140982951884, -27.8879232922053], [-51.08095522139594, -27.8877455547548], [-51.07998869635282, -27.88838055668199], [-51.07905105770919, -27.88839645441169], [-51.07707480600443, -27.8880967089497], [-51.07531569543523, -27.88759287989418], [-51.07501456536585, -27.88713010451659], [-51.07518438413522, -27.88616530134531], [-51.07458177614041, -27.88513306213877], [-51.07453156305954, -27.88462430744316], [-51.07487245421657, -27.88364532687884], [-51.07478561381577, -27.88334213883219], [-51.07251486594467, -27.88209489249326], [-51.07139451774918, -27.88203882240139], [-51.07025567561623, -27.88163501897639], [-51.06796183688413, -27.88177957410976], [-51.0670744846143, -27.88199346644616], [-51.06680754459034, -27.88242265897489], [-51.06573359338875, -27.88309974068591], [-51.06513992074413, -27.88328190131736], [-51.0645771587809, -27.88315330352332], [-51.06616754284805, -27.87959319814377], [-51.06693506400841, -27.87938032799609], [-51.06697688296951, -27.87915714384415], [-51.0665997680231, -27.87863649366207], [-51.06752834489172, -27.87658705432809], [-51.0680490647944, -27.87685906639248], [-51.06834123769457, -27.87650320329001], [-51.06796305124655, -27.87609944846667], [-51.06733096414076, -27.87578117961237], [-51.06505037311134, -27.87491842694323], [-51.06495088748378, -27.87529393033203], [-51.06296128316099, -27.8749036987009], [-51.06273813400404, -27.87593107585213], [-51.06169043239799, -27.87532975144412], [-51.06037366666253, -27.87399491349549], [-51.0597380354483, -27.87355770473199], [-51.05713358113217, -27.87240745395337], [-51.05695719635039, -27.87221069320282], [-51.05717041846474, -27.87157524700589], [-51.05788848971163, -27.87124129801975], [-51.05833043018349, -27.87129092407607], [-51.05914432309598, -27.87168831586911], [-51.05981927827655, -27.87163036185809], [-51.06151526856055, -27.87017008143623], [-51.06176565145537, -27.87013189978113], [-51.06283925319125, -27.87060560316818], [-51.06503414345223, -27.87244293305669], [-51.06624002556561, -27.87314563313787], [-51.07034331729357, -27.87420390033935], [-51.07054277264256, -27.87409289163545], [-51.07059408626057, -27.87381562959487], [-51.06801949484933, -27.87067472795558], [-51.06777781224281, -27.86970642010219], [-51.06915585654827, -27.86913600651115], [-51.0718453025729, -27.86865213437894], [-51.07289944470342, -27.86914303718339], [-51.07473069853036, -27.87064234904417], [-51.07406011380221, -27.87166554231862], [-51.07338939017162, -27.8736970792301], [-51.072574633598, -27.8753406881395], [-51.07519229532139, -27.87520585992896], [-51.07735395984236, -27.87359649987285], [-51.07948593940458, -27.87608754378895], [-51.08120052197976, -27.87716034374212], [-51.08131321254515, -27.87814069866092], [-51.0814952251468, -27.87835922234179], [-51.08224280934678, -27.87813899400847], [-51.08385349950316, -27.87887816694524], [-51.08421688777447, -27.87881770095685], [-51.0846512965358, -27.87835345283495], [-51.08560196810135, -27.87832332514931], [-51.08649766644907, -27.87852121314676], [-51.0867219984625, -27.87826188859848], [-51.08672518248924, -27.87789496258529], [-51.08611541052996, -27.87726578438301], [-51.08610510340284, -27.87685673207501], [-51.08588721134272, -27.87676024141547], [-51.0853417727641, -27.87688961863066], [-51.08461919397488, -27.87653941332761], [-51.0839797123504, -27.87600247058675], [-51.08359233473822, -27.87560123054186], [-51.08387172736628, -27.87525540326129], [-51.08371222883666, -27.87484479011869], [-51.08289827634057, -27.87430152946356], [-51.08210255351447, -27.87317700935055], [-51.08138263835315, -27.8725975330341], [-51.08017198395384, -27.86977114462869], [-51.0786868706072, -27.86755189191654], [-51.07847221478587, -27.86660476611496], [-51.07887148364295, -27.86599820462294], [-51.08045646914448, -27.86519739215999], [-51.08133969475617, -27.86450157852775], [-51.08177698896227, -27.86436031090741], [-51.08228564309359, -27.86442320070645], [-51.08256468782905, -27.86470017726492], [-51.08351091281076, -27.86498162577217], [-51.08480039284512, -27.86566936403608], [-51.0876049559426, -27.86981797425337], [-51.08776716113309, -27.86949580998269], [-51.08927758649607, -27.86974736433474], [-51.08996051865925, -27.87007520266156], [-51.09192245181204, -27.87038055246462], [-51.09387617239613, -27.86996040723444], [-51.09449528112925, -27.87003299679442], [-51.09509237926096, -27.87094648350253], [-51.09507741755113, -27.87148743653871], [-51.09452931221793, -27.87207138252792], [-51.09480098274034, -27.87232587662527], [-51.09537223237738, -27.87246744339022], [-51.0963827260807, -27.87354013920475], [-51.09661429556875, -27.87427783796557], [-51.0971309987086, -27.87484576226333], [-51.09720748171731, -27.87541775890741], [-51.0976259173637, -27.87613068527455], [-51.09741065432674, -27.87673582895688], [-51.09747501118862, -27.87705180999885], [-51.09784007466444, -27.87748335755948], [-51.09821768749694, -27.8776265681272], [-51.09842255627307, -27.87701026337592], [-51.09866856513595, -27.8769222178386], [-51.09929240033658, -27.87619302320587], [-51.099042465768, -27.87542117357022], [-51.0991417650568, -27.87432049755129], [-51.09890311037363, -27.87366814392302], [-51.09887340983118, -27.87274199880198], [-51.09836220768602, -27.87092707394946], [-51.09874356927631, -27.87074407265748], [-51.09916408533655, -27.87076098239734], [-51.10070011062973, -27.87117047011337], [-51.10186270708405, -27.87093421807278], [-51.10239288418115, -27.8709831765577], [-51.10430151067409, -27.87124973197551], [-51.10415685010774, -27.87238644002016], [-51.10414670439347, -27.87726353717791], [-51.10563032194188, -27.87768527175936], [-51.10728619645225, -27.87709662155646], [-51.11253395871223, -27.87912088346736], [-51.11296961500869, -27.87846665506567], [-51.1129856643568, -27.87773042843337], [-51.11142408388839, -27.87684124191463], [-51.11058532509338, -27.87611154419848], [-51.11058485628618, -27.87574004802214], [-51.10969749404462, -27.87496966182659], [-51.10890375985478, -27.87364022502736], [-51.11005184078824, -27.8729905678034], [-51.11095927847445, -27.87167005744811], [-51.10975611526938, -27.87172335975411], [-51.10869605334713, -27.87314737523038], [-51.10825909536887, -27.87255179196633], [-51.10713231507491, -27.87196105580838], [-51.10679976514488, -27.87150612031906], [-51.1069848375114, -27.87070303565951], [-51.10654849021917, -27.8698613771765], [-51.10688912326112, -27.86902424682392], [-51.1067938428357, -27.86877102249754], [-51.10722882444818, -27.86827040673651], [-51.10675153613125, -27.86806564458089], [-51.105614579841, -27.86801900577785], [-51.1049859610743, -27.86831340675473], [-51.10406633429908, -27.86831575807577], [-51.10385209849701, -27.86809253958809], [-51.10290280939182, -27.86782165930153], [-51.1021209740231, -27.86738884293433], [-51.10136795444239, -27.86753640441079], [-51.1009972802342, -27.86743766131225], [-51.10066171646505, -27.86799818765163], [-51.09996812411518, -27.86760992446672], [-51.09846209992145, -27.86711061694451], [-51.0982584760041, -27.86659345383736], [-51.09891172971786, -27.86493644757988], [-51.0985576778953, -27.8642241220723], [-51.09818101149381, -27.86419842563459], [-51.09784756252444, -27.8645938342618], [-51.09549204769027, -27.8626368466136], [-51.09460398245313, -27.86154140764058], [-51.09271453435931, -27.86151299005976], [-51.09223723865715, -27.86100910772216], [-51.09304356680213, -27.85923750150122], [-51.09372122976066, -27.85872444900045], [-51.09368241058472, -27.85827849824902], [-51.09327494073695, -27.8580131055433], [-51.09309653986775, -27.85722993680303], [-51.09287911935039, -27.85702517483816], [-51.09260496223274, -27.85566448113781], [-51.09270212452496, -27.85514922150388], [-51.0885385478429, -27.85754256125728], [-51.08733259477901, -27.85794803171072], [-51.08630097695235, -27.85641918051761], [-51.08818058171018, -27.85504621096491], [-51.08815014009015, -27.85147526927382], [-51.08686669796963, -27.85196115643814], [-51.08627308058304, -27.85253378244836], [-51.08592492767593, -27.85252309655782], [-51.08473306739467, -27.85315713790187], [-51.0842580576044, -27.85318004358281], [-51.08377554572725, -27.85269266981281], [-51.08280647176685, -27.85054771700883], [-51.08373848657078, -27.85009003089011], [-51.08410917003859, -27.84965395832203], [-51.08635599082541, -27.84912960812804], [-51.08603949206504, -27.84729939197341], [-51.08478751895284, -27.84794802256163], [-51.08481699652578, -27.84719000999928], [-51.08460289031264, -27.84639590605305], [-51.0850260787804, -27.84571659794927], [-51.08592755592505, -27.84496260496525], [-51.08398543260414, -27.84472926607643], [-51.08256213221767, -27.84430034878121], [-51.08228173195025, -27.8416164379694], [-51.08296994621917, -27.84089147885351], [-51.08466868389283, -27.84052160487593], [-51.08588803434131, -27.84168139580691], [-51.08642850199295, -27.84179624565211], [-51.08673900588778, -27.84208492661614], [-51.08999659790252, -27.83935296679336], [-51.09056955417067, -27.83997737121229], [-51.09126906755311, -27.84042525365461], [-51.09152056596667, -27.84038673065091], [-51.09176517835551, -27.83987238853428], [-51.0910202851407, -27.83791530078284], [-51.09103690983311, -27.83737397947432], [-51.09064528578798, -27.83670088116086], [-51.09033375703462, -27.83657400696244], [-51.09027792047492, -27.83627388066614], [-51.09179181566283, -27.83799348246651], [-51.09247298377142, -27.83792306465102], [-51.09395649720095, -27.83722243132941], [-51.0917238608803, -27.83405046880974], [-51.09276926435229, -27.833315421388], [-51.09510597787942, -27.83255065582987], [-51.09572573300513, -27.83277361746447], [-51.09662282843197, -27.83340506479163], [-51.09741841676889, -27.83444143353297], [-51.09860596509822, -27.83492936197211], [-51.09811950619368, -27.83915674633877], [-51.10014245107341, -27.83966318055329], [-51.10059607802363, -27.8375450893622], [-51.10236450428991, -27.83357630307037], [-51.10253910852867, -27.83395101505572], [-51.10200535554471, -27.83594926500057], [-51.10203812393628, -27.83652840116504], [-51.10161144497436, -27.83711004338196], [-51.10131733102805, -27.83787612747766], [-51.10112773576452, -27.8391467386722], [-51.10018519504732, -27.84078692378867], [-51.0998508355694, -27.84108475384006], [-51.09974901066171, -27.84181898747214], [-51.10077829780928, -27.84359898762299], [-51.10039692709209, -27.84471775357631], [-51.10073464335854, -27.84492175485429], [-51.10153181323259, -27.84487252572607], [-51.10226450855713, -27.84529511752984], [-51.10339244195593, -27.84704471205579], [-51.10376220957793, -27.84715187744415], [-51.10408243590145, -27.84682168794755], [-51.10399603274996, -27.84527929451765], [-51.10381049258664, -27.84503694751303], [-51.10604486590351, -27.8445053630791], [-51.10576853482664, -27.8403889122727], [-51.10636342321107, -27.83992637260379], [-51.10658127205557, -27.83952150181852], [-51.10846884095315, -27.83826272690657], [-51.10646127929091, -27.83718924924353], [-51.1073270681352, -27.8362488440235], [-51.10842345118201, -27.83447798887057], [-51.10866967123226, -27.83419439944394], [-51.10904107886997, -27.83419551222575], [-51.10926900847041, -27.83436290175157], [-51.10951939947677, -27.83538569116195], [-51.1098625070738, -27.83552532215844], [-51.11037938998523, -27.83629315941634], [-51.11478813924526, -27.83822348969968], [-51.11351316739971, -27.84119637267356], [-51.11395429613168, -27.84158658971668], [-51.11371924828706, -27.84253185300433], [-51.11330259583414, -27.84328441032608], [-51.11358435113289, -27.84351808035686], [-51.11515429128237, -27.84347566640793], [-51.11550196669292, -27.84390426969788], [-51.11493153770609, -27.84608606918479], [-51.1144915337746, -27.84656310686693], [-51.11413055495777, -27.84780650536701], [-51.11271104947034, -27.84915570785582], [-51.11281312806924, -27.84977163450078], [-51.11250896257519, -27.8509669642805], [-51.11224160449073, -27.85139688808202], [-51.11218838785027, -27.85254026297977], [-51.11241600907532, -27.85271788906947], [-51.11293331501405, -27.85255502020515], [-51.11321551534827, -27.85163151128046], [-51.11366421881927, -27.8512979395339], [-51.1138562026093, -27.85077671454889], [-51.1144148950555, -27.85007840400969], [-51.11486827170374, -27.84972586212725], [-51.11597078901763, -27.84938180572325], [-51.11668988238931, -27.84830662016011], [-51.11751606577794, -27.84789281466875], [-51.11872700562785, -27.84660949673758], [-51.11902730609848, -27.84657379082045], [-51.12024773233777, -27.84747429673709], [-51.12127701219474, -27.84891974261242], [-51.12227027764233, -27.85126670147019], [-51.12214094485998, -27.85169337598801], [-51.12249134732249, -27.85249192131722], [-51.12282413508939, -27.85272014713259], [-51.12313575355425, -27.85392897097478], [-51.1237167128509, -27.85480954934691], [-51.12371463667744, -27.85508369878632], [-51.12288695019415, -27.85639413183783], [-51.12284745044733, -27.85680637553872], [-51.12318445318506, -27.85697273211927], [-51.12464572650283, -27.85649275241631], [-51.12524972561272, -27.856919956351], [-51.12528174294204, -27.85729637396148], [-51.12321130664922, -27.85906687261929], [-51.12193009389014, -27.85974618022495], [-51.12330467624886, -27.86169035192229], [-51.12366899806956, -27.86121355612136], [-51.12566880894616, -27.85960506679845], [-51.12585707015536, -27.86004424182604], [-51.12608116688499, -27.86017230578194], [-51.12607584368626, -27.86116435957662], [-51.12634037212495, -27.8614749619924], [-51.12596913001597, -27.86168975011603], [-51.12505207245503, -27.86273045818634], [-51.12402628198864, -27.86453651001009], [-51.12613928460491, -27.86547444883883], [-51.12773744275371, -27.8626663379954], [-51.12817857508703, -27.86306834924866], [-51.12829085511257, -27.86385245970804], [-51.1287357737519, -27.86440632531109], [-51.12905461485893, -27.86442345274686], [-51.12921557592457, -27.86418720660648], [-51.12913122402097, -27.86296154404013], [-51.12891199878466, -27.86249674685347], [-51.12862376748436, -27.86228657410272], [-51.12821347532608, -27.86135179835338], [-51.12766247403975, -27.86093964566652], [-51.12758604372328, -27.86071625417019], [-51.12761691296364, -27.85979462114815], [-51.12735153777298, -27.85911525840375], [-51.12764346497331, -27.85800909743772], [-51.12732326760646, -27.85731158213384], [-51.1273909481784, -27.85609126516454], [-51.12710426465819, -27.85538401722472], [-51.12775648800222, -27.85483696485169], [-51.12888432055785, -27.85648931178696], [-51.12956723667551, -27.85661650114193], [-51.12987894747136, -27.85686121363101], [-51.1308731909864, -27.85690820995967], [-51.13351926825473, -27.85750744570355], [-51.13408984406995, -27.85602932047475], [-51.13202766433279, -27.85482066311433], [-51.13066612130169, -27.85430883164819], [-51.13060268146392, -27.85401875320946], [-51.12980329730498, -27.85359905136604], [-51.12824812171894, -27.85322096634877], [-51.12669584828539, -27.85357480823778], [-51.12633048443314, -27.85333348576282], [-51.12624437768782, -27.85306203246325], [-51.12984336088054, -27.8504366318211], [-51.13049254290293, -27.85021924555668], [-51.13057080688751, -27.8499515519873], [-51.12994467845479, -27.84954575139945], [-51.12666043733843, -27.8503619954567], [-51.12589209819554, -27.85012236132806], [-51.12528503088898, -27.84924853224788], [-51.12485423313784, -27.84786565512903], [-51.12419543984358, -27.84683007176321], [-51.12374876200068, -27.84517153893843], [-51.12389450170118, -27.84491423202808], [-51.12450923160371, -27.84472925135807], [-51.12528085311518, -27.84422098959896], [-51.12568527780931, -27.84380972213564], [-51.12567061066446, -27.84360917379416], [-51.12548434971034, -27.84346667964689], [-51.12444894764583, -27.8435210988642], [-51.12304631600361, -27.84263965819462], [-51.12276436582027, -27.84204680767537], [-51.12368708835096, -27.83865619965757], [-51.12443137903031, -27.83755722759498], [-51.12404850169593, -27.83617380794787], [-51.12420256562051, -27.83597868617837], [-51.12608264665891, -27.83617585988765], [-51.12984727435552, -27.83914632599944], [-51.13163977726031, -27.83995235152926], [-51.13184783769658, -27.83980397741329], [-51.13184870194656, -27.83957412947656], [-51.13095853435223, -27.83819123925727], [-51.13077232164024, -27.83744352117681], [-51.13030793341569, -27.83658460473074], [-51.13036603445284, -27.83565607843313], [-51.13062403683573, -27.83532435035973], [-51.13627752284696, -27.84039939615329], [-51.13672539916824, -27.84018670634357], [-51.13086680989124, -27.83510157147087], [-51.13199849034419, -27.83479760272064], [-51.13323134835588, -27.83512692313129], [-51.13436781390825, -27.8352010777227], [-51.13453514286661, -27.83431318489159], [-51.13405651844174, -27.83364350199026], [-51.13387071239491, -27.83290269203728], [-51.13443522226808, -27.83220983645876], [-51.13480724390894, -27.83106189753238], [-51.13533118541093, -27.83061282483704], [-51.13611941207272, -27.83043237629097], [-51.13681918424157, -27.83001770136589], [-51.13760669275243, -27.82986616529475], [-51.13844734857521, -27.83006984002046], [-51.1387332727179, -27.82987516590626], [-51.13859799291136, -27.82915573287782], [-51.1389518653628, -27.82856831699046], [-51.13882678354907, -27.82821324344349], [-51.13785479075923, -27.82827377228858], [-51.13705722047173, -27.82784610009293], [-51.13493933447253, -27.82728335218799], [-51.13486021319018, -27.82622888379661], [-51.13442240319564, -27.82573013936863], [-51.13434145564647, -27.82476763095974], [-51.13362398422685, -27.82432212591658], [-51.13327505878942, -27.82334206896089], [-51.13348225874632, -27.82232840900976], [-51.1341115686868, -27.82143696153478], [-51.13425036004707, -27.82027407123218], [-51.13484117440931, -27.81998749810115], [-51.13598101755158, -27.81982929458037], [-51.13614291029161, -27.81963655524425], [-51.13583050807496, -27.8188418166928], [-51.13497360819471, -27.81766417900306], [-51.13488229774262, -27.81676392657589], [-51.13516676497521, -27.8148384392582], [-51.13556672684397, -27.81350593719374], [-51.13646595604784, -27.81357885434117], [-51.13626965235285, -27.81253802906695], [-51.13724739716601, -27.81334643071479], [-51.1376755592336, -27.81431941157157], [-51.13905876855475, -27.81644449583351], [-51.14000578079378, -27.81729332516126], [-51.14050537348057, -27.81866307253592], [-51.14112674726697, -27.81898682341288], [-51.14154361706432, -27.81942896187429], [-51.1424081693906, -27.81976291671484], [-51.14257557182644, -27.82023543591914], [-51.14316468921116, -27.82029151687644], [-51.14622754037655, -27.82319172172293], [-51.14633410146119, -27.824719358731], [-51.14561403232718, -27.82624708035295], [-51.14700057882123, -27.82834373316937], [-51.14675514872883, -27.82929121678965], [-51.14693989131521, -27.82970127927232], [-51.14821581396864, -27.83059226725492], [-51.14822477076306, -27.83090788807538], [-51.14659932166137, -27.83228973959028], [-51.14666330547892, -27.83257758934595], [-51.1476177955135, -27.83273035234298], [-51.14815014748014, -27.83242713416169], [-51.14843285023264, -27.83188451500868], [-51.14919257371655, -27.8313497249965], [-51.15087621304145, -27.83054281825953], [-51.15128654469797, -27.83055730705432], [-51.15143549729424, -27.83037542258429], [-51.15127743974514, -27.83008104169148], [-51.15074438258994, -27.82990272536479], [-51.14945360888037, -27.83024792913677], [-51.14906340562216, -27.82972108898136], [-51.14835635511499, -27.8292314178541], [-51.1484766989716, -27.82810439355863], [-51.14835385870779, -27.82761115443515], [-51.14775304379784, -27.82663016741195], [-51.14771805877909, -27.82613523158078], [-51.14849066146963, -27.82410593442076], [-51.15187186718393, -27.8228384122741], [-51.15202351551105, -27.82258358495766], [-51.15181401265336, -27.82214577341879], [-51.15210231620831, -27.82182553529802], [-51.14936014121595, -27.8219513826193], [-51.14862202997137, -27.82123604678371], [-51.1478612675202, -27.8208817228269], [-51.14697515380012, -27.81966406347651], [-51.14679175763185, -27.81905208244558], [-51.14680386046087, -27.81836253778823], [-51.14736280330427, -27.817345051788], [-51.14727529255937, -27.81687452848781], [-51.14685794215042, -27.81704866969568], [-51.1450953590833, -27.81693373200837], [-51.14376183142337, -27.81630287035919], [-51.14289353168184, -27.8146176695309], [-51.1425542816367, -27.81352782522783], [-51.14266287625106, -27.8119746917147], [-51.14210913833187, -27.81141199259663], [-51.14183367338976, -27.8107839000703], [-51.14251293396343, -27.81064943345237], [-51.14279441194941, -27.8085057361982], [-51.14498644716683, -27.80836976746799], [-51.14517914922737, -27.80738084372054], [-51.14572110918076, -27.80732966957499], [-51.14669381041474, -27.80761521339031], [-51.14708914474886, -27.8080720660248], [-51.14775827186681, -27.80809789967129], [-51.14846573401931, -27.80844305307834], [-51.14907441228039, -27.80830236377497], [-51.14996449427785, -27.80906114041485], [-51.15020999007644, -27.80942634119078], [-51.15026099066795, -27.80998651732549], [-51.15092083562662, -27.81037363119218], [-51.15145018934904, -27.81045485663431], [-51.151471338933, -27.81124043030439], [-51.15311659112259, -27.80918068131759], [-51.1532340679863, -27.80846385551661], [-51.15481036296234, -27.80781076155518], [-51.15595523684031, -27.8075706052223], [-51.15668996770662, -27.80777352505494], [-51.1569595039743, -27.80846879013879], [-51.15835550831042, -27.81009104411587], [-51.15837143011204, -27.80992504103652], [-51.15838776702312, -27.80984355032363], [-51.15844791487131, -27.80961619011506], [-51.16015780790502, -27.80750161059875], [-51.16177179083802, -27.80470751463349], [-51.16252392072081, -27.80398686660753], [-51.16326275459695, -27.80355160273426], [-51.16376448991442, -27.8057892828244], [-51.16326835402015, -27.80634190358878], [-51.16378631509394, -27.80687075499067], [-51.16379818617841, -27.80754275012996], [-51.16447951908356, -27.80814389602506], [-51.16432393229342, -27.80871922493391], [-51.1635484053048, -27.8084061680072], [-51.16284668887377, -27.80931615929105], [-51.16429819958502, -27.81030625209899], [-51.16393860746044, -27.81082761277505], [-51.16394563533746, -27.81118159271952], [-51.16416332578132, -27.81134670106296], [-51.16460592218888, -27.81124231406466], [-51.16489742259711, -27.81212399432728], [-51.16558043149873, -27.81206666488901], [-51.16654564522413, -27.81244357693165], [-51.16684679377166, -27.81291445002546], [-51.16708157526879, -27.81438470411301], [-51.16488008670949, -27.81839162530847], [-51.16787425666284, -27.81789418786781], [-51.16834291913435, -27.81841726602884], [-51.16761756192604, -27.81974927499487], [-51.16776012940531, -27.82043297793647], [-51.16760638406192, -27.82139501338435], [-51.16683804554554, -27.82211834725962], [-51.16628046448308, -27.82226932240024], [-51.16568097728078, -27.82292565640283], [-51.16566232631612, -27.82343661161385], [-51.16525700638285, -27.82418872405087], [-51.16564555395669, -27.82419321454548], [-51.16683482318967, -27.8231473058864], [-51.16768931170914, -27.82273879480686], [-51.16829135307789, -27.82207321369633], [-51.1687313584543, -27.82089681568711], [-51.16905995350326, -27.82067077262213], [-51.16887853877052, -27.81996250871588], [-51.17015710461651, -27.81872083980204], [-51.16992826845254, -27.81820757255844], [-51.17055071546622, -27.81443622876556], [-51.17074859325977, -27.81430877002415], [-51.17246078654823, -27.81455611459973], [-51.17278169133538, -27.8144612654141], [-51.17383161864009, -27.81569379848702], [-51.17403159826689, -27.81647888695465], [-51.17490186728585, -27.81700969029103], [-51.17719395540317, -27.81378059865696], [-51.17387720489931, -27.81268711333039], [-51.17485536067281, -27.81198676125873], [-51.17622995287306, -27.81033518874914], [-51.17646647330611, -27.80944707515758], [-51.17487427621514, -27.80887842533126], [-51.16977989594536, -27.80844541330214], [-51.16968568400922, -27.80810819920082], [-51.17031371837952, -27.80549382164727], [-51.17071066219549, -27.80519468311095], [-51.17137931148103, -27.80514868687097], [-51.17285875263395, -27.80538642145058], [-51.17452714372626, -27.8050458441092], [-51.17601818154292, -27.8053042522239], [-51.17647260737518, -27.8051985573227], [-51.17639816891299, -27.80482433889034], [-51.17538438313453, -27.80415037151175], [-51.17510342114509, -27.80369861793197], [-51.1742788169392, -27.80325363605244], [-51.17421220969042, -27.80278751358754], [-51.17462477529699, -27.80177919961279], [-51.17457531706609, -27.80159745016536], [-51.17613407896286, -27.80008776208012], [-51.17706951918026, -27.79992841227806], [-51.17881951960676, -27.79926420187558], [-51.17786134148808, -27.7982991313381], [-51.1779582848299, -27.7977703028618], [-51.1781808973647, -27.79829252669174], [-51.17919828824764, -27.79923560838696], [-51.18021531428056, -27.80173148160498], [-51.18112022946987, -27.80226493560752], [-51.18161887471107, -27.80207893837201], [-51.18156613622327, -27.80173096765903], [-51.18201482510476, -27.80158574245684], [-51.18215387500288, -27.80071655133751], [-51.1824507809392, -27.80023538922631], [-51.18192091807981, -27.79992052836089], [-51.18286691313149, -27.79929057493668], [-51.18569078233603, -27.79945815694736], [-51.18571973517243, -27.79894594146521], [-51.18544085658411, -27.79859393532803], [-51.18710697148584, -27.79773858700452], [-51.18801959735077, -27.79771288883506], [-51.18898654621681, -27.79664507991594], [-51.19065773090269, -27.79566527507951], [-51.19246304545352, -27.80044310539759], [-51.19270668482866, -27.80040999585248], [-51.19358940117399, -27.79995247397247], [-51.19426387962268, -27.79880917792461], [-51.1944371745576, -27.79794279626682], [-51.19476767428928, -27.79742699727716], [-51.19466624311106, -27.79650115661457], [-51.19495682385609, -27.79581727878782], [-51.19532087628726, -27.79357887513588], [-51.19503402399531, -27.79309461964766], [-51.19552119913697, -27.7918060222869], [-51.19685751471794, -27.78970617708425], [-51.19691498739866, -27.78937424413815], [-51.19726661068583, -27.78921155942314], [-51.20017882213222, -27.7889745511969], [-51.20359241436521, -27.78838071405348], [-51.20470931638444, -27.7886223669474], [-51.20648977783027, -27.78864672837706], [-51.20684165054609, -27.77902461447386], [-51.20447380604741, -27.77922143779025], [-51.20450100302182, -27.77864707737738], [-51.19951840009427, -27.77851435231432], [-51.1989628968128, -27.77838147670766], [-51.19897144774602, -27.77780159645808], [-51.19879832645257, -27.77773759443541], [-51.19676000004158, -27.77878876848292], [-51.1968949171236, -27.77842565723257], [-51.19586541670317, -27.77910152349824], [-51.19497887263586, -27.77793090972573], [-51.1959041882183, -27.77744565708273], [-51.19628555714244, -27.77700429732581], [-51.19450233099893, -27.77628382867929], [-51.19409209921834, -27.77632629898417], [-51.19376303629217, -27.77711938983614], [-51.19347675346209, -27.77708126586665], [-51.19346905300382, -27.77689109158401], [-51.19325015185562, -27.77687395803154], [-51.19332656633297, -27.77641993813598], [-51.19239759618193, -27.77651261386885], [-51.19187742190173, -27.77564144699744], [-51.19272036077436, -27.7752717063956], [-51.19426567379679, -27.7750767736584], [-51.19943985154319, -27.77677252695708], [-51.20162583500511, -27.77705635141121], [-51.20662145433217, -27.77715923134064], [-51.2078220170807, -27.77706269823414], [-51.21062806507441, -27.77631295179319], [-51.21230937885231, -27.77511934398095], [-51.20741199027418, -27.77107684376793], [-51.20076295554602, -27.77455924081299], [-51.20061053369713, -27.77449353758674], [-51.20034439695707, -27.77432502122996], [-51.19947499060123, -27.77266940165743], [-51.19923905417874, -27.77248251908114], [-51.19822491262238, -27.77252948707766], [-51.19643745780856, -27.7709250876841], [-51.19650573771259, -27.77007911170173], [-51.19724322159098, -27.76908803942582], [-51.19730751884185, -27.76859125787956], [-51.19715349589861, -27.7684576121014], [-51.19614146753002, -27.76865787988381], [-51.19507516522308, -27.76859714582953], [-51.19453148768468, -27.76790605672778], [-51.19375754692852, -27.76743055723104], [-51.19310849844816, -27.76664653630468], [-51.19105458397243, -27.76669823297714], [-51.19019704112374, -27.7664129473038], [-51.18971993748332, -27.76535749213908], [-51.1889204541296, -27.7642803379373], [-51.18865095713367, -27.76399635795208], [-51.18784149169257, -27.76372437572953], [-51.18742320131912, -27.76266264278815], [-51.18725557958099, -27.76173052661771], [-51.18617962938149, -27.76060386627735], [-51.18160063946715, -27.76384978833557], [-51.17886855772145, -27.76065713349245], [-51.17746984307044, -27.75954197045311], [-51.17214896193216, -27.76282141336807], [-51.17220335837922, -27.7630669320324], [-51.1731415615806, -27.76346703579772], [-51.17371225674063, -27.76396986301012], [-51.17447078759213, -27.76502158515331], [-51.17556319730518, -27.76579521496886], [-51.17356567756045, -27.7680039416744], [-51.17489757605546, -27.76983943732518], [-51.17565773678533, -27.77035479736006], [-51.17638170650818, -27.77136851157234], [-51.17704499882369, -27.77270959407833], [-51.17605435357774, -27.77100321285605], [-51.17431795329241, -27.77234509586306], [-51.17341994738875, -27.7711785079512], [-51.17310405532955, -27.77144938552815], [-51.17314160038293, -27.77096034943072], [-51.17225820502178, -27.7698314868448], [-51.17074512906497, -27.76954268879347], [-51.17013537951192, -27.7695692893293], [-51.16968515815306, -27.76977036772669], [-51.16955392911955, -27.76959819570722], [-51.1696202478804, -27.76822360721213], [-51.1692468691909, -27.76814667265797], [-51.16832538519259, -27.76846667468973], [-51.16736254396853, -27.76806262977236], [-51.16703384895187, -27.76659441297293], [-51.16681556257898, -27.76623477794743], [-51.16562089024559, -27.76572603817031], [-51.16554006718403, -27.76541807224041], [-51.16506281582272, -27.76494945226901], [-51.16423442355067, -27.76456085680585], [-51.16390515966378, -27.76458143649885], [-51.16255716469248, -27.76547564033683], [-51.16185069682244, -27.76450546772502], [-51.16208745482374, -27.76388007123165], [-51.16172112065951, -27.7637234503826], [-51.16145613389805, -27.7631942964907], [-51.1590013889294, -27.76264367948276], [-51.15887905914677, -27.76217006231823], [-51.15850778748563, -27.76186372305701], [-51.15795509904894, -27.76178649959522], [-51.15738182722746, -27.7619744160847], [-51.15739329645617, -27.7617135982603], [-51.15798923840661, -27.76142731711944], [-51.15854116240004, -27.7614383297596], [-51.15859091599586, -27.76129951264762], [-51.15845953782206, -27.76104032249921], [-51.15793517534382, -27.76113541236659], [-51.15729828736264, -27.76100797963206], [-51.15669679119741, -27.7614294521733], [-51.15647422123715, -27.76238682938343], [-51.15654830041049, -27.76260058379835], [-51.1571987022335, -27.76289277232766], [-51.15783639552184, -27.76272431588248], [-51.15819744539425, -27.76343251225041], [-51.16022091656333, -27.76407934689463], [-51.16016338590465, -27.76450173553935], [-51.16050547230051, -27.76521649168702], [-51.15987747046606, -27.76577693527431], [-51.15965452938908, -27.76630704528944], [-51.1597582304089, -27.76650356891849], [-51.15999783944112, -27.76656848059394], [-51.16107796435479, -27.76612806910654], [-51.16176022105919, -27.7671861411278], [-51.16248800551149, -27.76752024925033], [-51.16314262859605, -27.76746871949355], [-51.16353733825271, -27.76812852063731], [-51.16472511458455, -27.76847519471312], [-51.16559813857161, -27.77028545267601], [-51.16646956108096, -27.77062663107606], [-51.16641481985629, -27.77223859217521], [-51.16655967348404, -27.77255118941365], [-51.16762148529791, -27.77291950939593], [-51.16830830601174, -27.77357034144078], [-51.16940503201434, -27.77313897819395], [-51.16970926631997, -27.77364367562595], [-51.17051773610814, -27.77434467025895], [-51.17082938886943, -27.77511467041689], [-51.17070565962658, -27.77570898500533], [-51.17082116877541, -27.776181817462], [-51.17202927503702, -27.77676057070621], [-51.17247246084665, -27.77773678149106], [-51.17258512831014, -27.77874508352191], [-51.1733980159424, -27.77944314100393], [-51.17412586886332, -27.78065977404914], [-51.17452146437659, -27.78091670132259], [-51.17502611103973, -27.78156897013675], [-51.17606616762264, -27.78204993874986], [-51.17642173880025, -27.7823933776987], [-51.17680679399001, -27.78303288477991], [-51.17660267405315, -27.78352451633852], [-51.17564911961001, -27.78375203942373], [-51.17441711220553, -27.7835749626077], [-51.17343730536203, -27.78370323426168], [-51.17325425355707, -27.78396019924668], [-51.17330938232462, -27.78567180244532], [-51.17233973470572, -27.78615426817146], [-51.17131736401689, -27.78576633997371], [-51.16966423942788, -27.78560892762975], [-51.16791367749066, -27.78493990345899], [-51.1665248156319, -27.7837663845991], [-51.16553246032078, -27.78332484715287], [-51.16424289209, -27.78246883865155], [-51.16232855320349, -27.78293394292016], [-51.16187700012404, -27.78091778837155], [-51.16050259077325, -27.77933361058576], [-51.16028120220983, -27.77931704669277], [-51.16007105702427, -27.77951715696507], [-51.16009253718734, -27.78126485316792], [-51.15950288881635, -27.78231081661284], [-51.15762984888903, -27.78217186294954], [-51.15695985934171, -27.78227138553812], [-51.15588996455205, -27.78201704920248], [-51.15454523783338, -27.7819362795474], [-51.15151914125769, -27.78091406619279], [-51.1488523915488, -27.78054540229972], [-51.15013502643919, -27.77914060772649], [-51.14677680484143, -27.77834809842274], [-51.14572786858863, -27.78039434448208], [-51.14525892761235, -27.77923452242411], [-51.1452371026148, -27.77841458264735], [-51.1449120091313, -27.77821335989941], [-51.14467108962579, -27.77835993883332], [-51.14441604470513, -27.77917455826097], [-51.1441137496027, -27.77955786991932], [-51.14458136355239, -27.78000803091114], [-51.14497389060224, -27.78116639340228], [-51.14493027469472, -27.78165003996195], [-51.14547864878822, -27.78205100059845], [-51.14615089309513, -27.78205670173342], [-51.14681114301864, -27.78182163706352], [-51.14770986027857, -27.78240142658286], [-51.14860196302225, -27.78233988745911], [-51.1492285755767, -27.78314583552288], [-51.15023924762277, -27.78317665042419], [-51.15062289451748, -27.78337426220146], [-51.15186224940214, -27.78301065180279], [-51.15321164051913, -27.7834024018601], [-51.15413749667193, -27.78399995645222], [-51.1556844620849, -27.78433071172884], [-51.15652834051131, -27.78473178979134], [-51.15779610562646, -27.78474979964146], [-51.15949848471481, -27.78514468367677], [-51.16005320617222, -27.78572338034269], [-51.1612202307407, -27.78609492400018], [-51.1615336982622, -27.78637795959557], [-51.16325742663253, -27.78658375692364], [-51.16387496090809, -27.78715488113043], [-51.16389439461439, -27.78799358139298], [-51.16406211194232, -27.78834443064319], [-51.16713403839651, -27.78989933450475], [-51.16722150759017, -27.7902419122182], [-51.16662906464781, -27.79104662958769], [-51.16552714000212, -27.79171701182029], [-51.16504983485521, -27.79227762441455], [-51.16466539647441, -27.79252631705728], [-51.16374778593962, -27.79268077026979], [-51.16296248204752, -27.79334638213585], [-51.16202589926426, -27.79385710183094], [-51.1613414598418, -27.79479384593048], [-51.16089545728134, -27.7944354530369], [-51.16059106072101, -27.79461583278721], [-51.16018426949684, -27.79458930065345], [-51.15973040574542, -27.79508509295765], [-51.15803596295795, -27.79470715244735], [-51.15740615102891, -27.79631398842342], [-51.1574308303305, -27.79674930958738], [-51.15663099229617, -27.79665746494032], [-51.15598888054037, -27.79714129797422], [-51.15529127868234, -27.79840475062824], [-51.15525592885918, -27.79897959392362], [-51.15453014450634, -27.79988885613177], [-51.15375857615256, -27.79853748116086], [-51.15119245145203, -27.80027207297501], [-51.1502973373357, -27.79984611581252], [-51.14944540880486, -27.79899338056674], [-51.14836393107515, -27.79830374993071], [-51.14812994636542, -27.79794785899565], [-51.14755235665876, -27.79785871411601], [-51.14666440749769, -27.7970045679319], [-51.14638828053381, -27.79661910646666], [-51.14740909049257, -27.79640059067734], [-51.1463782296906, -27.79503248917177], [-51.1461821980361, -27.79374468206406], [-51.14418007678184, -27.79170161185108], [-51.14370661318032, -27.79097261550393], [-51.14221327565268, -27.79223366674577], [-51.14222087425533, -27.79295938375411], [-51.14235978377232, -27.79332317537706], [-51.14270939373161, -27.7936365094568], [-51.14277386184496, -27.79407250652617], [-51.14330760797502, -27.79444335977053], [-51.14336656470653, -27.79491333993169], [-51.1436586562069, -27.79518309234786], [-51.14360549194226, -27.79603945102758], [-51.14401820541666, -27.79662675053537], [-51.1441621717751, -27.79748109921785], [-51.14476158597607, -27.79849186323563], [-51.1449921828581, -27.79970016491684], [-51.14240239650981, -27.79907915312506], [-51.13740790734566, -27.79855749826833], [-51.13596347351053, -27.79818234801022], [-51.13456330212152, -27.79803547193085], [-51.13415343554446, -27.79703732640584], [-51.13421796698587, -27.79530400069316], [-51.13445466343798, -27.79482187976394], [-51.13439604697547, -27.79457509266463], [-51.1340227878742, -27.79445547573397], [-51.13193608977951, -27.79481651395363], [-51.12972098672142, -27.79366772025829], [-51.12928404351447, -27.79311970616581], [-51.12903458801858, -27.79145846911921], [-51.12834428931863, -27.79139319205568], [-51.12795779580248, -27.79158789578966], [-51.12768489798938, -27.7913406689519], [-51.12822603894876, -27.7907689165091], [-51.12745625714455, -27.78980111918472], [-51.12689214996088, -27.79018581504102], [-51.12591075021486, -27.78919764625654], [-51.12549747238326, -27.78898310965638], [-51.12525489745653, -27.78855647425218], [-51.12420343727612, -27.78793078950322], [-51.12445852065822, -27.78684101294812], [-51.12438081017188, -27.78661574613701], [-51.12402790771544, -27.78653819662837], [-51.12375774629293, -27.78669985077357], [-51.12193955322366, -27.78592728049348], [-51.12170386913379, -27.78614386088305], [-51.12177936569707, -27.78651797627134], [-51.12211305559434, -27.78692249782092], [-51.12262263895194, -27.78708453753854], [-51.12280271181028, -27.78740087146748], [-51.12265784829043, -27.78839739308179], [-51.123019951294, -27.7890982942222], [-51.12348561779417, -27.78940720373245], [-51.12342086042514, -27.78997911006943], [-51.12418283218587, -27.79060967032018], [-51.12471759971805, -27.79154705997794], [-51.12497226326638, -27.79269240255539], [-51.12541930784268, -27.79347613770386], [-51.12559350735542, -27.79455165419979], [-51.12507731482367, -27.79553798114023], [-51.12510882177333, -27.79574258896259], [-51.12664908035759, -27.79612102202998], [-51.12500580489022, -27.79789783407738], [-51.12670802252793, -27.79875390054753], [-51.12681196827426, -27.79951171291822], [-51.12665416033935, -27.80098087412466], [-51.12590716886184, -27.80059669321327], [-51.12515516115403, -27.80042896168906], [-51.12412883179449, -27.80081889511789], [-51.1233650100532, -27.80092393001419], [-51.12222391670249, -27.80080781509456], [-51.12169590792456, -27.80053651933424], [-51.12117608209967, -27.80071686346264], [-51.12050675087155, -27.80060496586249], [-51.11839139379294, -27.80131873936814], [-51.11831158224582, -27.79951316030056], [-51.11676045066707, -27.79906404140904], [-51.11634299931545, -27.79981574519269], [-51.11434081051073, -27.79847195294352], [-51.11462815128999, -27.79800386418968], [-51.11326631529835, -27.79764996400623], [-51.1116539528328, -27.80014400925941], [-51.11195608458948, -27.80037424134174], [-51.11132179853638, -27.80160123415914], [-51.11112453558391, -27.8016601230012], [-51.11045086747777, -27.80137319483575], [-51.10956248769185, -27.80145656465471], [-51.10947542515813, -27.80127289286418], [-51.10920679814878, -27.79952335475778], [-51.1092623034157, -27.79895006513424], [-51.10971661884989, -27.79808805198753], [-51.10952918615439, -27.7978237638167], [-51.10915909914807, -27.79781462986421], [-51.10803185098618, -27.79830428659204], [-51.10609749054904, -27.79987514895617], [-51.10379678259187, -27.79934720771686], [-51.1031329007009, -27.79887611115128], [-51.10255653069593, -27.79797077239698], [-51.10224963736914, -27.79705562469239], [-51.10220675579363, -27.79580327483585], [-51.10283190806314, -27.7943363415459], [-51.10308108327628, -27.79299674881129], [-51.10288331525972, -27.79232054316354], [-51.10656801003695, -27.78898124073037], [-51.10793968697163, -27.78940517763016], [-51.10938307991257, -27.78682288723255], [-51.10594138190468, -27.78836631117097], [-51.10549379751422, -27.78735176492683], [-51.10523354839062, -27.78736834364215], [-51.10486396543278, -27.78767179495601], [-51.10423087974033, -27.78764664180675], [-51.1040600724931, -27.78800113283095], [-51.10076759281701, -27.78930848384272], [-51.09977699217858, -27.78994118329797], [-51.09868362932963, -27.79026714621248], [-51.09765141161301, -27.78991670383065], [-51.09370455734675, -27.78948955232227], [-51.09266682313792, -27.78911276256253], [-51.09250408057387, -27.78828638790683], [-51.09252746146619, -27.78763824402961], [-51.09319729800485, -27.78593888858733], [-51.0938154548668, -27.78504244390548], [-51.09469769503318, -27.78424592833754], [-51.09522866182328, -27.78404856145805], [-51.09625867796387, -27.78417812636117], [-51.09744699194144, -27.78397216175868], [-51.10065386035426, -27.78223034824783], [-51.10079643148083, -27.78099694319708], [-51.1013943303137, -27.78060189178188], [-51.10129455761822, -27.77975289878537], [-51.1018659022099, -27.77904114543206], [-51.10174963980408, -27.77877016025054], [-51.10115176701808, -27.77857753831967], [-51.10062603901932, -27.77764881755192], [-51.10097806833695, -27.77709816520549], [-51.10155766991747, -27.77663293813234], [-51.10141379829491, -27.77624953327971], [-51.10008602985719, -27.77627005546054], [-51.09857031955012, -27.77675125630271], [-51.09754564781701, -27.77672299081106], [-51.09578861600113, -27.77632327802149], [-51.09702188727267, -27.77422244468642], [-51.09743428299515, -27.77312216777757], [-51.09798442826855, -27.77258896249942], [-51.09794659316304, -27.77238697448444], [-51.09754511823719, -27.77214521259109], [-51.09722413728456, -27.77137945214395], [-51.099665044809, -27.76927092378841], [-51.09872394198839, -27.76430833615239], [-51.10104715475878, -27.76393740691508], [-51.10208511609621, -27.76400536299956], [-51.10227203283735, -27.7653343909479], [-51.10500960809897, -27.76466222050022], [-51.10729181955324, -27.76440248470823], [-51.10564525374853, -27.76370749024596], [-51.10444311624633, -27.76362215852595], [-51.10254353317975, -27.7638116190523], [-51.10229002569114, -27.76349214630667], [-51.10134584685608, -27.76323199781376], [-51.09933078470576, -27.76327862140425], [-51.09771682020466, -27.76310536204372], [-51.096685926576, -27.76364958232778], [-51.09691951876196, -27.76253258517882], [-51.09582411791397, -27.76166063481515], [-51.09551477062881, -27.76094123253245], [-51.09564966608802, -27.76017632817242], [-51.09700544456548, -27.75938673978852], [-51.09743678909567, -27.75892542000465], [-51.09736524149392, -27.75843303459609], [-51.09668313151028, -27.75780820058655], [-51.0964004630722, -27.75787584892368], [-51.09623937021867, -27.75812397378407], [-51.09659337305581, -27.75863221400827], [-51.09502826924509, -27.7591541605041], [-51.09405954356032, -27.75997693129599], [-51.09414651152262, -27.76187717365092], [-51.09430639668571, -27.76236072174273], [-51.09479722632555, -27.762831256215], [-51.09430005178137, -27.76423090721601], [-51.09445039281766, -27.76532851918082], [-51.09397545904523, -27.76576224934582], [-51.09349880504904, -27.7652726244494], [-51.09172109539676, -27.764487861253], [-51.09115645969967, -27.76389360633574], [-51.09093956585785, -27.76341666926911], [-51.09035933784669, -27.76305322146493], [-51.08957481859432, -27.76286356300187], [-51.08916074252965, -27.76300681102459], [-51.08802075027127, -27.76297208814114], [-51.08871928088847, -27.76078071700028], [-51.08662048232586, -27.75969112961281], [-51.08643594112222, -27.76100191804102], [-51.08662871384315, -27.76176824020543], [-51.08633953319485, -27.76190168945864], [-51.08613633519444, -27.76235114536464], [-51.08359258823493, -27.76248675353504], [-51.08167636811626, -27.7632800629247], [-51.08079611432005, -27.76304100138139], [-51.08052739813975, -27.7633098324206], [-51.08074221261623, -27.76378280604987], [-51.07888560803205, -27.76462331461555], [-51.07642253478686, -27.76517306395331], [-51.07531360505564, -27.76510278603168], [-51.07474612114177, -27.76492998761508], [-51.07364688278171, -27.76422350279503], [-51.07310761357457, -27.76384849968942], [-51.07294694993084, -27.76354425092024], [-51.07238587721663, -27.76372706336646], [-51.07252187395266, -27.76433905392279], [-51.07480489421648, -27.76591752488966], [-51.073471120583, -27.7669331024189], [-51.07171790572822, -27.76760156785561], [-51.07091487776529, -27.7684055155191], [-51.07093676031797, -27.7691574580791], [-51.07137562607576, -27.770052313509], [-51.07160693205642, -27.77006597894443], [-51.07195392579273, -27.76975021116488], [-51.07185237339399, -27.76885427789856], [-51.07437247484437, -27.76759658399971], [-51.07472954628641, -27.76726565419667], [-51.0754175928007, -27.76703833327386], [-51.07597540072319, -27.76660117946683], [-51.07724798724602, -27.76660426468592], [-51.07915887382287, -27.76586426516091], [-51.08003483524761, -27.76565305738578], [-51.08049004870912, -27.7657602369868], [-51.08304627564348, -27.76444337174945], [-51.08444161552957, -27.76402134144984], [-51.0850135959792, -27.76409803780175], [-51.08661613629668, -27.76439377678975], [-51.08799549219868, -27.76496780368912], [-51.08903368060699, -27.7651642596404], [-51.08969187272612, -27.76572386217406], [-51.08663896145653, -27.76871819243552], [-51.08755593637569, -27.77023834734662], [-51.08935069928524, -27.76840832407593], [-51.09026496412394, -27.76808918013862], [-51.09053318404455, -27.76831939687638], [-51.09111464728951, -27.76832629819347], [-51.09228497343472, -27.76907214163907], [-51.0924993873701, -27.76938908626057], [-51.09240411055179, -27.77143552996531], [-51.09253494765724, -27.77189560461919], [-51.09313872236539, -27.77270805354024], [-51.09388657413861, -27.77309383743574], [-51.09210073720547, -27.77616616485969], [-51.09185159758729, -27.77712829447899], [-51.091838572116, -27.77787454759865], [-51.09210414776358, -27.77844426320845], [-51.09260201258986, -27.77893669285909], [-51.09433955194656, -27.77992422596073], [-51.09237055476573, -27.78069943634089], [-51.09091554822468, -27.77954269191159], [-51.0890338677849, -27.77872477059103], [-51.0887514251006, -27.77834585863153], [-51.08820490291031, -27.77803893805995], [-51.08748532598135, -27.77810310791015], [-51.08639286155036, -27.77792613951845], [-51.08572528476423, -27.77821774364554], [-51.08556857505617, -27.77844362995591], [-51.08573055845799, -27.77869411032912], [-51.08661803977726, -27.77874888922746], [-51.08751897751877, -27.77920919213264], [-51.08787271480561, -27.77982347457229], [-51.0874330601105, -27.78032149161691], [-51.08835892153728, -27.78143181437718], [-51.08870234623647, -27.78156305851856], [-51.08852192774625, -27.78220801126449], [-51.08896666963251, -27.78290008466046], [-51.08896022363088, -27.78328545357305], [-51.08866596470718, -27.78385067613542], [-51.08757915691267, -27.78402516181768], [-51.08726050435454, -27.78392921748603], [-51.08624056208259, -27.78423101313967], [-51.08625052271403, -27.78591741560559], [-51.0868877890157, -27.78642681938911], [-51.08670775665093, -27.7869666630417], [-51.08535781276116, -27.78766344331955], [-51.08458890238289, -27.78766496079025], [-51.08339418080886, -27.78713681406733], [-51.08307906326627, -27.78716060188924], [-51.08296325249472, -27.78744519365933], [-51.08319729907244, -27.78827542210407], [-51.08264227405002, -27.78892252085063], [-51.0819456869259, -27.78922416182794], [-51.081879368636, -27.78910089695169], [-51.0785637993025, -27.78997867632365], [-51.0788288321281, -27.79038813408635], [-51.07851281125314, -27.79043217683892], [-51.07833507621511, -27.79064327670766], [-51.07854362734277, -27.79093733241621], [-51.0803067266469, -27.7913915171022], [-51.0812039663588, -27.79142507784847], [-51.08199315693185, -27.79124093374125], [-51.08303725268045, -27.79139340937402], [-51.08507822254312, -27.79252601050639], [-51.08579451027577, -27.79322647357801], [-51.08651432556159, -27.79349727950164], [-51.08738147669728, -27.79469889880157], [-51.08845328906657, -27.79527224611292], [-51.0891395668811, -27.79537036466595], [-51.08996365333827, -27.79513538536286], [-51.0907594730397, -27.79519691248819], [-51.09122398503866, -27.79462516674753], [-51.09176121542461, -27.79473071689114], [-51.09218140656474, -27.79457155823975], [-51.09401610727794, -27.79454053783375], [-51.09417523536402, -27.7971146974363], [-51.09161726655362, -27.79712896562681], [-51.09161907638921, -27.79928793374362], [-51.08931177120481, -27.79907108341217], [-51.08821170346852, -27.79940330406693], [-51.08709636948561, -27.79919292939335], [-51.08647975746673, -27.79923454189818], [-51.084375771464, -27.79991761259604], [-51.08338144407264, -27.79983898929046], [-51.08171067679809, -27.80086936357394], [-51.08018146570128, -27.80084503634467], [-51.07903218621114, -27.80132894243658], [-51.078119212841, -27.8019647433873], [-51.07766480634704, -27.80208787834002], [-51.07697648496117, -27.80198128799263], [-51.07679488084038, -27.80216991910517], [-51.07681970146793, -27.80244546821838], [-51.07720936148287, -27.8027614366286], [-51.07780967271797, -27.80281401566168], [-51.07957786303232, -27.80231434011636], [-51.08009143954974, -27.80244780155936], [-51.080678555522, -27.80220526898329], [-51.08194749986496, -27.8025211246227], [-51.08286481517308, -27.80224400491637], [-51.0832865249885, -27.80232350066065], [-51.08383065115839, -27.80184646742505], [-51.08536424364424, -27.80183879463755], [-51.08632050749165, -27.80157164593466], [-51.08671125690677, -27.80160609024037], [-51.08746247411712, -27.80195955953951], [-51.08882991014877, -27.80224531790706], [-51.08940286256961, -27.8036016507594], [-51.08971415520636, -27.80355374039504], [-51.09034412262345, -27.80306573955702], [-51.09109889642687, -27.80286988264119], [-51.09260778782741, -27.80324784238265], [-51.09402270570398, -27.80332682592904], [-51.0947828582173, -27.80363651692605], [-51.09544681675139, -27.80396215061862], [-51.09584208095061, -27.80440360159925], [-51.09642663903863, -27.80614940722566], [-51.09664984850753, -27.80635202501036], [-51.09773831115753, -27.80600853716656], [-51.09789621026108, -27.80547136512447], [-51.09827757017973, -27.80518766416669], [-51.09845425408907, -27.8046120549723], [-51.0992640792709, -27.80395671297489], [-51.102000325183, -27.80434181198242], [-51.10331708252537, -27.80524263832342], [-51.10454091210068, -27.80557488794699], [-51.10511263358275, -27.8062493283231], [-51.10652157148639, -27.80675332571805], [-51.10780548990053, -27.80855793849676], [-51.10706773612931, -27.80953504794704], [-51.10474557419065, -27.81110294168283], [-51.10359514811996, -27.81212083733156], [-51.1036058872948, -27.81241657531083], [-51.10396844554395, -27.81262177756813], [-51.10511983673077, -27.81251867209725], [-51.1057519630713, -27.81270704701014], [-51.10733354422291, -27.81227713808049], [-51.108092188968, -27.81224628242706], [-51.10886089352726, -27.81236784626042], [-51.10923649650195, -27.81259349627797], [-51.11057795687489, -27.81261371752915], [-51.11102376090448, -27.81275830014845], [-51.11335187753144, -27.81161657294353], [-51.11414968957181, -27.81149786848345], [-51.11506479076789, -27.81180208755821], [-51.11644711491825, -27.81171018074718], [-51.11848340182637, -27.81138629951204], [-51.1187870616141, -27.81120378159075], [-51.11939735969017, -27.81152553540777], [-51.11922201700115, -27.81161794825886], [-51.11960060772795, -27.81219612693256], [-51.12406251275856, -27.80888408289856], [-51.12522334192115, -27.81094616184977], [-51.12369588049405, -27.81110495139485], [-51.12271610893492, -27.81147343553518], [-51.12118553611513, -27.81312974839563], [-51.12167290243634, -27.81374670319847], [-51.12209977025192, -27.81372918208268], [-51.12223286044643, -27.81394885225813], [-51.12339277956023, -27.81422123093163], [-51.12385192411829, -27.81442914662669], [-51.12407903777371, -27.81492077345652], [-51.12537951520704, -27.81507071844459], [-51.12643149271247, -27.81550409072921], [-51.12685312824635, -27.81591994149902], [-51.12675218038029, -27.81707816881653], [-51.12352300102017, -27.81776813496513], [-51.12291580332682, -27.81756780450319], [-51.1229092437648, -27.81798941457467], [-51.12309401273784, -27.81805614394782], [-51.12231150715108, -27.81909941882371], [-51.12596352539672, -27.82038785900866], [-51.12596037950756, -27.82127967275789], [-51.12559450306109, -27.82263164989823], [-51.12527763579975, -27.82312639561935], [-51.12528565006463, -27.82615576497671], [-51.12545572917917, -27.82668507337387], [-51.12477181861357, -27.82605403746106], [-51.12343295413674, -27.82545359298524], [-51.12176639113999, -27.82442435065155], [-51.12045277040644, -27.82333579338367], [-51.11966727873924, -27.82314744380998], [-51.11939555713317, -27.82325325569877], [-51.11899432625083, -27.8228672105673], [-51.11849950866079, -27.82197778046627], [-51.11795237489942, -27.82146807625539], [-51.11770104222832, -27.82084429976418], [-51.11715911259801, -27.82017514745865], [-51.11686441598863, -27.82027348007119], [-51.11670881178246, -27.81967159084765], [-51.11564177285989, -27.81926901009101], [-51.12003139126713, -27.82489238544937], [-51.12069767144777, -27.82729911221127], [-51.12049453448153, -27.82765645464636], [-51.11905978899042, -27.82778438175399], [-51.11761096566437, -27.82740917690434], [-51.1176270691555, -27.82637608290347], [-51.11579958369842, -27.8252946704783], [-51.11403306411128, -27.8238059054116], [-51.11376184400898, -27.82522306085022], [-51.11154945559382, -27.82478764148819], [-51.11139371297094, -27.82533214279766], [-51.10969397094481, -27.82512744723334], [-51.10852436780612, -27.8246896418476], [-51.10834674698557, -27.82436162507622], [-51.10838002372798, -27.82395627945998], [-51.10859990300151, -27.8232265077111], [-51.10902616221603, -27.82257247433153], [-51.10952921389745, -27.82099458837655], [-51.1092506086897, -27.82071101033818], [-51.10766998797152, -27.82169871636427], [-51.10612151390046, -27.82230864036202], [-51.10573570241654, -27.82277129590021], [-51.10529741986334, -27.82288559029725], [-51.10448872279309, -27.82258983105533], [-51.1036437484997, -27.82192347158867], [-51.10334613394577, -27.82185532373663], [-51.10295286966497, -27.8222957550081], [-51.10297566927698, -27.8230045317432], [-51.10272725253381, -27.8240753736876], [-51.10076238833376, -27.82431162640311], [-51.09967585672763, -27.82317767247023], [-51.09912377514873, -27.8216361927845], [-51.09845790831527, -27.82136585634017], [-51.0969801260373, -27.81979827906059], [-51.09671687877764, -27.81975139287097], [-51.0964019908637, -27.8201846609264], [-51.09669304081251, -27.8224758254595], [-51.09637842382007, -27.82329430515097], [-51.09631611669288, -27.82404713472137], [-51.09605670229689, -27.82448131913258], [-51.09502954395616, -27.82515053205014], [-51.09270983624908, -27.82546320346688], [-51.09393849850981, -27.82483268026979], [-51.0928483814574, -27.82198256299939], [-51.09249133990387, -27.82005603095292], [-51.08980424956024, -27.82053316149853], [-51.08958014320628, -27.82028478893253], [-51.08958638070551, -27.81990343363154], [-51.09041467073572, -27.81808571862457], [-51.09039280439986, -27.81783962368717], [-51.08993448271143, -27.81765116188832], [-51.08817953928677, -27.81874087203672], [-51.08787512731702, -27.8187032146707], [-51.08756098833952, -27.81848553841801], [-51.0865598627344, -27.81827237569226], [-51.08463724126012, -27.81646211571672], [-51.08410469170578, -27.81642039067842], [-51.08396259154217, -27.81665227585889], [-51.08433182696125, -27.81729889817363], [-51.08448159555004, -27.81800120201232], [-51.08601822547066, -27.82002722613925], [-51.08667261000017, -27.82019043332042], [-51.08696324795907, -27.82055465942621], [-51.08684878979169, -27.82100561415105], [-51.08716441438996, -27.82200252001932], [-51.08703156642865, -27.82232523020609], [-51.08761625454921, -27.82339892443206], [-51.08753029529425, -27.82435157372733], [-51.08731185338095, -27.82485670670146], [-51.08639409926907, -27.82573305415777], [-51.08682210196133, -27.82681743122756], [-51.08671444153194, -27.82713579898601], [-51.08604144004297, -27.82814327821196], [-51.08533514497559, -27.82876835884873], [-51.08456009719599, -27.82921025981168], [-51.08381904165267, -27.82937176245128], [-51.08227629723377, -27.83049661723203], [-51.0810549888441, -27.83097637349847], [-51.07963506782318, -27.8306951302932], [-51.07794655771376, -27.82983076484561], [-51.07736211392329, -27.82971197935229], [-51.07709269987486, -27.82910272565435], [-51.07599620180409, -27.8285229455512], [-51.07579142157502, -27.82817190948516], [-51.0753262259269, -27.82800947825531], [-51.07504674127525, -27.828130347491], [-51.07498547141064, -27.82839708559599], [-51.07581312113366, -27.82984677697172], [-51.07565310520532, -27.8308143360052], [-51.07660375589504, -27.83141081575751], [-51.07669113209564, -27.83220720203095], [-51.07741965567162, -27.83319893031829], [-51.07757935117423, -27.83371397935467], [-51.07749004241243, -27.83409123927301], [-51.0765353035011, -27.83563897602777], [-51.07522724437442, -27.83620519901881], [-51.0751709054263, -27.83711388062432], [-51.07433600056412, -27.83745259228356], [-51.07287093078558, -27.83774577215488], [-51.07105182260096, -27.837853160077], [-51.07096380347837, -27.83819868097326], [-51.07202616301863, -27.83914668908324], [-51.07155039693603, -27.83942909665718], [-51.07135149853587, -27.83914679990765], [-51.0692423913007, -27.84015608505082], [-51.06981212086449, -27.84142082185747], [-51.07347154243599, -27.84323023534673], [-51.07321895323557, -27.84385323484011], [-51.07269224574726, -27.84438722555741], [-51.07192564869949, -27.84420661574485], [-51.07132839933098, -27.84378218197414], [-51.069118364361, -27.84176496533782], [-51.06818567774163, -27.84040448829851], [-51.06628332278956, -27.83969793861871], [-51.06502865693189, -27.83812831067132], [-51.06462338743659, -27.83847484719031], [-51.06429146570439, -27.83783716947704], [-51.06278397846105, -27.83697498151845], [-51.06219869341175, -27.83631722903825], [-51.06200209051615, -27.83569299280691], [-51.06147342866313, -27.83548800627246], [-51.06074093977956, -27.83455761422202], [-51.05946749090414, -27.83244032232814], [-51.05896206041312, -27.8321639128613], [-51.05898020537288, -27.83182622561393], [-51.05878055175244, -27.83144740663097], [-51.05775957322572, -27.83093138475278], [-51.05774921062665, -27.83006069847347], [-51.05690982435966, -27.82949528846948], [-51.05690284109773, -27.82905539228582], [-51.05654072201668, -27.82895466417956], [-51.05604485156765, -27.82954061865912], [-51.05623479648817, -27.83005145977655], [-51.05673783191837, -27.83039034600017], [-51.05652902915737, -27.83119997750593], [-51.05662102701013, -27.83156021938873], [-51.05720455172833, -27.83211524446425], [-51.0575031252531, -27.83217423516259], [-51.05746912531388, -27.83275716665401], [-51.05808727031939, -27.83383931212997], [-51.05775252348501, -27.83438435374174], [-51.05729125362622, -27.83471735349025], [-51.05729204996599, -27.8349488641855], [-51.05757004777832, -27.8351031722866], [-51.05874059117233, -27.83514443216686], [-51.05957305766319, -27.83696479744982], [-51.05805318590198, -27.83860050668765], [-51.05865240990236, -27.84022049121878], [-51.05953362721799, -27.84005183166601], [-51.06092069707744, -27.83940857956038], [-51.06146579671976, -27.83971287722727], [-51.06210224853499, -27.84107933691857], [-51.06193594702933, -27.84218461411395], [-51.06234407768458, -27.84306338846128], [-51.0628951545912, -27.84360438637877], [-51.06325533526323, -27.84353464545088], [-51.06438991199707, -27.84437023871917], [-51.06469239412059, -27.84485967842607], [-51.0649640592802, -27.84627471569941], [-51.06575763280148, -27.84657639916569], [-51.06666212358193, -27.84786659555592], [-51.06777959182847, -27.84883893816148], [-51.06879796473949, -27.85031670268562], [-51.07095453466006, -27.85177404449958], [-51.07299238458276, -27.85259608098613], [-51.07343772930311, -27.85341923824161], [-51.07264329239908, -27.85353190861359], [-51.07013510133076, -27.85276699851917], [-51.0695269800248, -27.85273316433392], [-51.0686374480557, -27.85246397673276], [-51.06785506308568, -27.85193171489531], [-51.06677101271178, -27.85315936803563], [-51.06685501139148, -27.85397516417823], [-51.06648349882465, -27.85377210075898], [-51.0647566195977, -27.85363408725074], [-51.06239295655581, -27.85298074430196], [-51.0611863240079, -27.85292369762373], [-51.06045140726451, -27.85256230581909], [-51.05917774419495, -27.85304216323246], [-51.05866859004124, -27.85755339667432], [-51.06203040559091, -27.85671108804565], [-51.06286730327094, -27.85430816224482], [-51.06787175272995, -27.85546644497337], [-51.06826959616928, -27.85584315715729], [-51.06955008271289, -27.85647997414766], [-51.06863147386796, -27.85834801134361], [-51.06674618523387, -27.85849314155417], [-51.06636604711971, -27.85834522012354], [-51.06704598864308, -27.85890356590313], [-51.06712320883468, -27.86021212438491], [-51.06697966501312, -27.86133114242427], [-51.06595855118455, -27.86097940860464], [-51.06458889566598, -27.8609754936849], [-51.06283389493968, -27.86064509902091], [-51.05929720646539, -27.86086281315253], [-51.05552653159269, -27.86044729918892], [-51.05501417370976, -27.85980215611172], [-51.05456704210012, -27.85984777363963], [-51.0528582876768, -27.85918359671108], [-51.05239941195415, -27.85852589948513], [-51.05212011465908, -27.85840794861881], [-51.05186449175528, -27.8585763526336], [-51.05194258540958, -27.85920388606602], [-51.05225293292736, -27.85990399951014], [-51.05299350488581, -27.86036821678774], [-51.05310641307668, -27.86106787379337], [-51.05351867789513, -27.86155099960395], [-51.05548443797829, -27.86259812035666], [-51.05565705401105, -27.86283603712375], [-51.0548279341277, -27.86302904000295], [-51.05240418862339, -27.86285159981982], [-51.05241995810474, -27.86340883180957], [-51.05113583845145, -27.86304577742683], [-51.05019491250257, -27.86302490844764], [-51.04976155233051, -27.86318421982563], [-51.04827831289338, -27.86319178833265], [-51.04556609123096, -27.86358468484413], [-51.04556985928461, -27.8640663874507], [-51.04519630788826, -27.86444939413352], [-51.04431059739136, -27.86513870866007], [-51.0433913366677, -27.86541747961346], [-51.04271402197761, -27.86477226011897], [-51.04242040550723, -27.86271056216033], [-51.04330896986299, -27.86252286811782], [-51.04346334539211, -27.86137481346738], [-51.04268372718326, -27.86036552308792], [-51.04187566790191, -27.86062380314739], [-51.04115085680046, -27.85938763579754], [-51.03992984170778, -27.85883066505922], [-51.03977024806815, -27.85893221944], [-51.03949815301708, -27.85882450712125], [-51.03918828853622, -27.85851479118659], [-51.03905415769347, -27.85831805378456], [-51.03913351287234, -27.85795061228586], [-51.03883946912925, -27.85773727943575], [-51.03863173029467, -27.85695903627513], [-51.03917166722852, -27.85603380170556], [-51.03875711465653, -27.85561443052156], [-51.03867539811498, -27.85484204449097], [-51.03833800192439, -27.85472823641744], [-51.03715836832924, -27.85564607757982], [-51.03568099554569, -27.85586311557422], [-51.0354366678449, -27.85607342848843], [-51.03465405416735, -27.85622321688341], [-51.03371801948972, -27.85590633278234], [-51.03234383875725, -27.85466195951777], [-51.03197414191504, -27.85378262350403], [-51.03137787651458, -27.85312286191841], [-51.03137622648801, -27.85287977554042], [-51.03092467529209, -27.85237541180961], [-51.03079758727518, -27.85192829473465], [-51.03010525106474, -27.85187212237885], [-51.029545111172, -27.85156080279707], [-51.02969826757227, -27.85090851938062], [-51.02950721341168, -27.84982212152334], [-51.02966315061774, -27.84954601397266], [-51.02951864530148, -27.84923629231318], [-51.02953625887435, -27.84860025394657], [-51.02970179889138, -27.84814917473097], [-51.02904980315901, -27.84773478370055], [-51.02872466294987, -27.84679427834017], [-51.02913515548022, -27.84611094146326], [-51.02904083608155, -27.8455349975081], [-51.02941342169212, -27.84500176951036], [-51.02934628259107, -27.84467356015468], [-51.02900774741233, -27.84463345873918], [-51.0281837924517, -27.84505559622503], [-51.02787599735244, -27.84573956789365], [-51.0273121510629, -27.84606500215852], [-51.0264797337616, -27.84712757246921], [-51.02617212797056, -27.84719950197593], [-51.02538838443046, -27.846758020042], [-51.02481412793945, -27.84670138893251], [-51.02467382760741, -27.84633765754279], [-51.02476817462827, -27.84542533647036], [-51.02441532981637, -27.84483733702002], [-51.0235253179264, -27.84431643827524], [-51.02226904533608, -27.84417823341426], [-51.02219181477738, -27.84403325078839], [-51.02213238558491, -27.84377267690319], [-51.0225576530968, -27.8423553581666], [-51.02255798286422, -27.84163244804851], [-51.02186020579421, -27.84078131736382], [-51.02111214968659, -27.84056118728945], [-51.01977704895975, -27.84072057945981], [-51.01903585801068, -27.84037916993949], [-51.01854607094614, -27.83981403221232], [-51.01817170541716, -27.83985321477685], [-51.01821289438423, -27.84058510743031], [-51.01901829917588, -27.84140537931001], [-51.01978992664926, -27.84165256213178], [-51.02073022098871, -27.84159480213056], [-51.02109966558393, -27.84173385759776], [-51.02115361368275, -27.84269953025069], [-51.02065575740263, -27.84393889280027], [-51.02002160454851, -27.8443872539808], [-51.02001327710433, -27.84463755052296], [-51.02068828723473, -27.84480123008237], [-51.02130416614767, -27.84562638038206], [-51.02196038836283, -27.8461517149004], [-51.02262292331425, -27.84618408915194], [-51.02265322778973, -27.84784802781893], [-51.02290728141018, -27.84846016305472], [-51.02321856381491, -27.8486357889147], [-51.0233217769856, -27.8489045573783], [-51.02362716125075, -27.84899866043462], [-51.02228802700188, -27.8507164951572], [-51.02157675993354, -27.85242400465476], [-51.02235613910875, -27.85250735777641], [-51.02450787329904, -27.85437441861648], [-51.02510403139294, -27.85500894375261], [-51.02548054002368, -27.85645017504123], [-51.0245164229253, -27.85620005033409], [-51.02281278730476, -27.85638623764273], [-51.02197909519079, -27.85665508287647], [-51.02088191030923, -27.85631034200179], [-51.01971947440164, -27.85565154740417], [-51.01880146041662, -27.8555259972337], [-51.01838527333424, -27.85519552662115], [-51.0181163537343, -27.85520776235673], [-51.01786294776883, -27.85546564306403], [-51.01761770911124, -27.85543735100415], [-51.01585477951187, -27.85437183641354], [-51.01515833503832, -27.85423831450267], [-51.01499897222811, -27.854502224256], [-51.0152281777569, -27.8550268167738], [-51.01593419302065, -27.85568739271282], [-51.01494667632278, -27.85574402904372], [-51.01450948416695, -27.85604002605585], [-51.01251203357773, -27.85612687628033], [-51.01193898892366, -27.85697382975538], [-51.01146224628024, -27.85829720720795], [-51.01122652140547, -27.85954843728733], [-51.01231143262644, -27.86037598236978], [-51.01337861608118, -27.86094630432345], [-51.01243054344324, -27.86159166810888], [-51.01151565296737, -27.86307776468683], [-51.01070886703586, -27.86236953858442], [-51.00999073375757, -27.86213760524718], [-51.00947110855583, -27.86254402171027], [-51.00913043705703, -27.86319301148096], [-51.00920150749248, -27.86338710390866], [-51.00974296507705, -27.86343683194338], [-51.01012899080515, -27.86289217089428], [-51.01104293717428, -27.86412492285385], [-51.01187302686125, -27.86425856873668], [-51.01334281135254, -27.86232188616618], [-51.0140624129117, -27.86243203055962], [-51.01466130475806, -27.8622643529048], [-51.01549807558313, -27.86132991676379], [-51.01610253279034, -27.85993575681138], [-51.01591610825177, -27.85805189621355], [-51.01742562031362, -27.85796684209115], [-51.01825796561607, -27.8582617587353], [-51.01985490892342, -27.85841004484807], [-51.02133779096797, -27.85899208403864], [-51.02360726757556, -27.85886177797701], [-51.02438368542296, -27.85919247667304], [-51.02471139753308, -27.85952071717448], [-51.02565007845218, -27.85967181671944], [-51.02641680138849, -27.85966924670546], [-51.02708931816462, -27.85944256675258], [-51.02792397897795, -27.85974189613839], [-51.02861464394345, -27.85976537398421], [-51.02927147835388, -27.85952007534301], [-51.03030093790374, -27.85868752996681], [-51.03151775074539, -27.85939658022109], [-51.03172982920473, -27.85979096084367], [-51.03265339564814, -27.86063634424909], [-51.03267482414739, -27.86107580805487], [-51.03216682943284, -27.86175330129138], [-51.03097859736313, -27.86285232561358], [-51.02924418749225, -27.86388095791237], [-51.02914846618273, -27.86434910664535], [-51.02947253760906, -27.86448777813495], [-51.03286723764413, -27.86425263888867], [-51.03318352013385, -27.86433781856715], [-51.03364391645161, -27.86485434659829], [-51.03415181554484, -27.86514277568628], [-51.0366638929308, -27.86600326450715], [-51.03709777918242, -27.86639552341097], [-51.03722243226671, -27.86698147569336], [-51.03698443090006, -27.86792320406041], [-51.03770036374503, -27.86846062884568], [-51.03779456310979, -27.86914221571551], [-51.03759489456329, -27.86969824231228], [-51.03636902520088, -27.87050942712398], [-51.0356402888381, -27.87173638040149], [-51.03514400900291, -27.87224179867813], [-51.03509747915867, -27.87253180617349], [-51.03437707805756, -27.87328597389497], [-51.03414510969817, -27.87489990151268], [-51.03279026811847, -27.87529713695882], [-51.03250854796617, -27.87516985972814], [-51.03223168132789, -27.87477128815277], [-51.03182850456287, -27.87471247068815], [-51.03117267341645, -27.87518312291732], [-51.03103942682299, -27.87578566007401], [-51.03183557498241, -27.87727646316795], [-51.031556851937, -27.87789460432627], [-51.0303785772536, -27.87916959056871], [-51.02957470950257, -27.87925535113117], [-51.02831296913275, -27.87978310748795], [-51.02803986475697, -27.88041609922249], [-51.02553038413745, -27.87865159614239], [-51.02498718039002, -27.87878584390735], [-51.02460710569086, -27.87920174274477], [-51.02401610039117, -27.87913629886521], [-51.02393914766937, -27.87857084984547], [-51.0233221379821, -27.87780676067562], [-51.02150514084035, -27.87824759233258], [-51.02136054366384, -27.87753842402982], [-51.02086892274217, -27.87714459076966], [-51.02008620117907, -27.87705701331153], [-51.01901414820931, -27.87768070246338], [-51.01779668433505, -27.87708256545526], [-51.01704881297389, -27.87702989693569], [-51.01632707321782, -27.87675565133133], [-51.01378782927201, -27.87682695858062], [-51.01353758878384, -27.87697472301306], [-51.01352086577251, -27.87718413114225], [-51.01481584714102, -27.87765939885878], [-51.01626709029173, -27.87770118147864], [-51.01681361249712, -27.87805851762695], [-51.01759357357154, -27.87805308014817], [-51.01884749893973, -27.87890569257795], [-51.01931701278243, -27.87902592289528], [-51.01992868158193, -27.87893622385408], [-51.02034999279448, -27.8800279360132], [-51.02053295312766, -27.88013580900623], [-51.02219698277662, -27.87977774932437], [-51.02246650423194, -27.87999168743881], [-51.02268953497578, -27.88085632012001], [-51.02317631285, -27.88135313189462], [-51.02433338257589, -27.88149916674896], [-51.02471989076451, -27.88178240857366], [-51.02513168786857, -27.88144124393153], [-51.02693817887601, -27.88281424371414], [-51.02744131284399, -27.88370046099418], [-51.02736461789107, -27.88407450469134], [-51.02774682217694, -27.88428178045308], [-51.02827595776338, -27.88407647215531], [-51.02855726133735, -27.88327582559821], [-51.02876590005563, -27.88313546046044], [-51.02933186283009, -27.88316944401943], [-51.03085930800145, -27.88183386445993], [-51.03195173634058, -27.88178307547687], [-51.03239296279256, -27.88136726841241], [-51.03336787560936, -27.88129033752537], [-51.03351469448496, -27.88112215905105], [-51.03348798721037, -27.8805042357031], [-51.03389116637602, -27.88000124231039], [-51.03489590358646, -27.87923539740449], [-51.03605032811555, -27.87869536758231], [-51.03675981440521, -27.87864285588315], [-51.03742110495983, -27.87887124319648], [-51.03790983365041, -27.87874191105749], [-51.03810322537541, -27.87757638285903], [-51.03838579881813, -27.87690989852706], [-51.03830304583206, -27.87622228606901], [-51.03843398124112, -27.8757059520903], [-51.0392340327693, -27.87451395985693], [-51.03992671236666, -27.87387177665684], [-51.0407479384671, -27.87361058472713], [-51.04170090111968, -27.87359852249039], [-51.04206870285122, -27.87324949289917], [-51.04312789098767, -27.87318854715776], [-51.04390845113902, -27.87290772879067], [-51.04471708992767, -27.87236957609735], [-51.04561624537053, -27.87225896602905], [-51.04723423748444, -27.87235669835623], [-51.04732905693269, -27.87312762271569], [-51.04817483780107, -27.87344565453838], [-51.04846856177149, -27.87372604424087], [-51.04897682799735, -27.87479590823338], [-51.04908772274208, -27.87688254943951], [-51.04874793960852, -27.87721003698844], [-51.04920552097736, -27.87829646011716], [-51.0492331978426, -27.87877761933622], [-51.04853777331773, -27.87985102090773], [-51.04909157560474, -27.88093686582947], [-51.04905327777598, -27.8814027356688], [-51.04878039451665, -27.88185050484483], [-51.04832829674786, -27.882095531946], [-51.04776981421568, -27.88215506052109], [-51.04660905577761, -27.88271262711979], [-51.04612992619303, -27.88269395586299], [-51.04547693305241, -27.88307861335388], [-51.04560936903435, -27.88335701086765], [-51.04596076938613, -27.88344193279405], [-51.0464357518716, -27.88384110086719], [-51.04737327005206, -27.88388591508283], [-51.04781513561383, -27.88411128708549], [-51.04438334033383, -27.88497229576976], [-51.04484798281619, -27.88603891862003], [-51.0471835019325, -27.88546074375464], [-51.05035730545599, -27.88502265585991], [-51.05061797757504, -27.88523763996771], [-51.05065972440105, -27.88643938259557], [-51.05155988223761, -27.88682251293302], [-51.05253839742694, -27.88799171808289], [-51.0528084811781, -27.88883935156631], [-51.05291472924524, -27.89051394201285], [-51.05201972527931, -27.89134025231767], [-51.05097096889629, -27.89156287330867], [-51.05030624778216, -27.89198414945596], [-51.04954039136081, -27.89208822051933], [-51.0494958652936, -27.89236351623434], [-51.05020856715177, -27.89304281997303], [-51.05159992151848, -27.89356628513712], [-51.05186231441721, -27.89379972841544], [-51.04999826237079, -27.8953110211102], [-51.04877673585638, -27.89489476564416], [-51.0471457102871, -27.89391143317681], [-51.0457944700697, -27.89639136332322], [-51.04446801477746, -27.89825587161092], [-51.04704237665367, -27.89927283083063], [-51.04694709782965, -27.89949099119837], [-51.04640147904732, -27.90016030691011], [-51.04586147429874, -27.90029751858996], [-51.04402755355232, -27.9013270866959], [-51.04301786162648, -27.90129932190519], [-51.04280196617039, -27.90163650792577], [-51.04312062806545, -27.90194707680134], [-51.04353148605764, -27.90203898816891], [-51.04353611899176, -27.90242661726046], [-51.04746657630776, -27.9017312010212], [-51.04940332462953, -27.90086823472923], [-51.04911919169904, -27.90059497747505], [-51.05016167255166, -27.90040387080668], [-51.05353863684641, -27.90157113474461], [-51.05336273674082, -27.90194662731347], [-51.05258751962409, -27.90219000759359], [-51.05201364655052, -27.90265921674445], [-51.05186102884898, -27.90339603317543], [-51.05164901670097, -27.90362057015114], [-51.05078419902314, -27.90382515795269], [-51.05052072632679, -27.90439794542343], [-51.05018618122714, -27.90468249616647], [-51.04788587537004, -27.9059769819888], [-51.04688908971668, -27.90637638591799], [-51.04661893380744, -27.90666907886452], [-51.04516745624312, -27.90689880872148], [-51.04298349008328, -27.90688929551336], [-51.04153547695522, -27.90670855190363], [-51.0400934230211, -27.90690719282398], [-51.03812411887315, -27.90689652026116], [-51.03624031519271, -27.90577678064951], [-51.03612016228525, -27.90540879421115], [-51.03477911159984, -27.90449516848566], [-51.03451816564334, -27.9045162798999], [-51.03387983383274, -27.90517842910424], [-51.03311180320248, -27.90480441076205], [-51.03232665843184, -27.90528272679285], [-51.03101937841709, -27.90551974671084], [-51.03023409484531, -27.90495854267512], [-51.02927813725583, -27.90458820257286], [-51.02723734787966, -27.90433420495964], [-51.0273050780848, -27.90378395086368], [-51.02715008546687, -27.90304823274551], [-51.0274490832547, -27.9020230862704], [-51.02605163110004, -27.90096884712858], [-51.0256908556968, -27.90092013145076], [-51.02514224316393, -27.89912658023607], [-51.02467450479484, -27.90080250860024], [-51.02471853974792, -27.90230439345688], [-51.02406346943021, -27.90385812894411], [-51.02352463242042, -27.90447966970091], [-51.02276260679492, -27.90486098137509], [-51.0225321188198, -27.90534421110876], [-51.02292560716276, -27.90597355461762], [-51.0248552628136, -27.90697614963572], [-51.02567512785481, -27.90736459771379], [-51.02700395343441, -27.90762553885388], [-51.02801418386468, -27.90815054792323], [-51.02720535679311, -27.90925228792862], [-51.02533600395659, -27.90936657754648], [-51.02463536955493, -27.90966010542931], [-51.02382748989769, -27.90923428966993], [-51.02234583387086, -27.90938023166189], [-51.02191973186234, -27.91085506399687], [-51.01991182739604, -27.91185385370886], [-51.01965541220281, -27.91245630880985], [-51.01904993541528, -27.9123124053061], [-51.01867890357729, -27.91195562195896], [-51.01857783979284, -27.91144193985821], [-51.01818919606156, -27.91133306109986], [-51.01785150495612, -27.91214153775543], [-51.01797495766618, -27.91257001541367], [-51.01758988339663, -27.91279156386835], [-51.01742289268437, -27.91332083865278], [-51.01679657330312, -27.91380162683093], [-51.01686932324595, -27.91401474103097], [-51.01728508757837, -27.91413153468567], [-51.01798728783952, -27.91393080166971], [-51.01833608883791, -27.91340614161224], [-51.01867263268808, -27.91337287084201], [-51.02004656344169, -27.91368217404193], [-51.02063924449931, -27.9134368150725], [-51.02104385692594, -27.9126328848674], [-51.02323102813364, -27.91204189590975], [-51.02367915135397, -27.91144993045535], [-51.02462256288037, -27.91173200338822], [-51.02626621502993, -27.91494767895557], [-51.0223194907921, -27.9161838096913], [-51.02086133260272, -27.91689370027929], [-51.0221126108666, -27.91813814424147], [-51.02062657015616, -27.91897786214329], [-51.01801265367252, -27.92000002587934], [-51.01581960276463, -27.92149107687715], [-51.0138831348098, -27.92331428116933], [-51.01297610431193, -27.92339667059837], [-51.01264822940482, -27.92383136280682], [-51.01171934313973, -27.92427377220229], [-51.01095440766961, -27.92433975852852], [-51.01018994222627, -27.92438059150206], [-51.00768198193334, -27.92363190395594], [-51.00720238888201, -27.92387770449491], [-51.00721802787202, -27.9241495234616], [-51.00830696975735, -27.92494058193172], [-51.00867729387929, -27.92542533982899], [-51.01027208099946, -27.92649984014996], [-51.01165593210351, -27.92685800262193], [-51.01272953837125, -27.92744317349761], [-51.01200458333351, -27.92861989665391], [-51.01309032970291, -27.92933290868999], [-51.0129528566646, -27.9319868651757], [-51.01278677123379, -27.93242611518407], [-51.01233758727269, -27.93275031814755], [-51.01057636029989, -27.93324780527246], [-51.00874899464383, -27.93251445570609], [-51.005680057951, -27.93266391934703], [-51.0051006893481, -27.93246230077203], [-51.00472507416903, -27.93264709768435], [-51.00414455851381, -27.93251035135908], [-51.00285308076597, -27.93311843118865], [-51.00156996909395, -27.93322576206155], [-51.00060137832735, -27.93312500941024], [-51.00033021889325, -27.93328725214691], [-51.00034847708787, -27.93353556355015], [-51.0006707994571, -27.93386531417358], [-51.00260160151865, -27.93428860156622], [-51.00342723617765, -27.93425519651301], [-51.00389008682502, -27.93494882500684], [-51.00418737799275, -27.93488375805853], [-51.00476305761291, -27.93439037089721], [-51.00527827691004, -27.93434579992193], [-51.00760219549245, -27.93504024006846], [-51.00924356730531, -27.93584034873181], [-51.00985175163009, -27.93630297435379], [-51.0107679459962, -27.93608499810842], [-51.01293779218201, -27.9361883318176], [-51.01384284202384, -27.93666751066901], [-51.01433331586483, -27.93780617257054], [-51.01427252862095, -27.93830740056046], [-51.01388754389963, -27.93883416261361], [-51.01317516333413, -27.93931478030968], [-51.01310874519207, -27.93957878858295], [-51.01474477448433, -27.94053043288224], [-51.01615891181121, -27.94274672728467], [-51.01666064647471, -27.94501393584234], [-51.01641096164135, -27.94551560727431], [-51.01444324719674, -27.94703149905887], [-51.01409286197577, -27.94753104813621], [-51.01218781506788, -27.94843320695762], [-51.01202760177534, -27.94868279253624], [-51.01214521136187, -27.94888555811236], [-51.01273174350482, -27.94904563026975], [-51.01386835353788, -27.94902479935856], [-51.01633175944878, -27.94884407564934], [-51.01768218796152, -27.94840926268864], [-51.01826932401711, -27.94888655185282], [-51.01862809880906, -27.94951028753138], [-51.01874528151939, -27.95019586726014], [-51.01873054066893, -27.95243919205854], [-51.0185390731402, -27.95301079184234], [-51.01803854044097, -27.95338404339018], [-51.01721311764387, -27.95360281993292], [-51.01650569850932, -27.95402705679888], [-51.01647420543548, -27.95422952343415], [-51.01687521527863, -27.95474383467491], [-51.01664643330201, -27.95560090263445], [-51.01483662559067, -27.95685477908451], [-51.01263728895425, -27.9588499621003], [-51.01119846194221, -27.95959246292871], [-51.01083096036588, -27.95999529192209], [-51.00831592493698, -27.96149790827255], [-51.00645245667595, -27.96203306138649], [-51.00505334336266, -27.9617427565425], [-51.0045020738327, -27.96147810933228], [-51.00342765418676, -27.95999154670152], [-51.00332488235389, -27.95943415546975], [-51.00271224083765, -27.95875437553599], [-51.00222850950864, -27.95770514854721], [-51.00207307804116, -27.95694469908273], [-51.00101259836433, -27.95514103068744], [-50.99985222998108, -27.95234854088511], [-51.00000120404805, -27.95178693367568], [-50.99913949164, -27.9510612262391], [-50.99882361038904, -27.95039224246053], [-50.99888887396766, -27.95008951451199], [-50.99873604141369, -27.94977890132853], [-50.99840966477479, -27.94959438184037], [-50.99760999996769, -27.9486313096823], [-50.99719771484207, -27.94758251121175], [-50.99649617556297, -27.9464696008224], [-50.99635525264369, -27.94582729634722], [-50.99683270495879, -27.9451344497034], [-50.99688227204862, -27.94461928819424], [-50.99492730398813, -27.94431420845753], [-50.99421488448877, -27.94342578788195], [-50.99413898609154, -27.94226372131048], [-50.99280023842265, -27.94209354345511], [-50.99187105214714, -27.94125768529314], [-50.99069056653186, -27.9398260631267], [-50.98814258259781, -27.93828156781061], [-50.9876118154607, -27.93742450714131], [-50.98729348238077, -27.93735908624217], [-50.98640967582341, -27.93763496454353], [-50.98386441670833, -27.93747014401601], [-50.9834909301976, -27.93730219596686], [-50.98304364710786, -27.93624985898914], [-50.9827626380206, -27.93616300381502], [-50.98205182436845, -27.93667337041993], [-50.98150292061617, -27.93735190164129], [-50.98054681702451, -27.937982643319], [-50.97981080645051, -27.93695662034402], [-50.97956339174706, -27.93625879944614], [-50.97881420052542, -27.93544493974714], [-50.97852540385145, -27.93399510785611], [-50.97866510702837, -27.93371762153242], [-50.9795555632744, -27.9330978869618], [-50.97955338861575, -27.93285556867203], [-50.9783002759133, -27.93247802759324], [-50.97757353337271, -27.93135434249717], [-50.97703992097212, -27.92955707609743], [-50.97646662419792, -27.92862243581925], [-50.97705840637542, -27.92604980538288], [-50.97737774391704, -27.92563752482507], [-50.97860811592938, -27.92539640994276], [-50.97891335624962, -27.92510872941523], [-50.97873611811086, -27.92478243705646], [-50.97790809454326, -27.92471825815438], [-50.97733269764101, -27.92439332721406], [-50.9772121282267, -27.92347803286519], [-50.97814885103225, -27.92231764342115], [-50.97810309316162, -27.92180423512981], [-50.97829591600436, -27.92105122702996], [-50.97812749644144, -27.92087084590466], [-50.97752407063774, -27.9209974937045], [-50.97729218004607, -27.92203597957485], [-50.97614948603582, -27.92319507444725], [-50.97600801046813, -27.92366016607929], [-50.97606928956528, -27.92500050667477], [-50.97554417257231, -27.92577086006935], [-50.97527257275475, -27.92682979118181], [-50.97452351701701, -27.92645145335108], [-50.9741525467786, -27.92666328497787], [-50.97411600549427, -27.92693065565885], [-50.97457824039181, -27.9277814957881], [-50.97443059499753, -27.92931810805769], [-50.97483180545504, -27.93028770647943], [-50.97516788605136, -27.93188806134125], [-50.97492503938063, -27.93233020434998], [-50.97321523662837, -27.93257965166826], [-50.97292143488536, -27.93286715104237], [-50.97480935542041, -27.93421300562735], [-50.97498885167054, -27.93618245314803], [-50.97479572812022, -27.93691906863005], [-50.9756847633015, -27.9374720859404], [-50.97576715802522, -27.93805873603456], [-50.97643455729337, -27.93923281758756], [-50.97645921364212, -27.93998609471503], [-50.97539646160765, -27.93982879317917], [-50.97675688413519, -27.94159104824943], [-50.97653841932931, -27.94187540797196], [-50.97670238453059, -27.94271780738939], [-50.97660619678531, -27.94320714673512], [-50.97591220103478, -27.94431541983712], [-50.97551725279031, -27.94454248192], [-50.97462054446798, -27.94473159001258], [-50.97388301760329, -27.94463605271282], [-50.97329963923334, -27.94429800133244], [-50.97236816847366, -27.94324454107837], [-50.97154164829299, -27.94284461348843], [-50.96973816052676, -27.94260858699007], [-50.96894699611848, -27.94276029404599], [-50.96845003838024, -27.94268280206492], [-50.96757074405432, -27.94307255416337], [-50.96671290070874, -27.94305495296906], [-50.96479652796605, -27.94256122438927], [-50.96389603345141, -27.94255651824692], [-50.96296611949483, -27.94271932814423], [-50.96162658455932, -27.94325525056969], [-50.96188695764554, -27.94216111904244], [-50.96117540618848, -27.94064987054254], [-50.96224594607727, -27.93925218433206], [-50.96231343014225, -27.93870421219839], [-50.96298008244912, -27.93738953437204], [-50.96286308846489, -27.93570747332411], [-50.96297075448877, -27.93482107687281], [-50.9628401486329, -27.93414231509065], [-50.96309918690287, -27.93274250685742], [-50.9626395872214, -27.93261517759158], [-50.96191059616484, -27.93301403572526], [-50.95823316995638, -27.93268175326427], [-50.9577564888216, -27.93241459424891], [-50.95621380254217, -27.93059528930707], [-50.95593235339287, -27.93023305940904], [-50.95584452254194, -27.92952337325859], [-50.95563574601671, -27.92938874897417], [-50.95539510202244, -27.92943781993272], [-50.95494330716232, -27.93007511444115], [-50.95333312986773, -27.93039949139695], [-50.9519887559309, -27.93097001372931], [-50.95150612093161, -27.93093820772224], [-50.95071658913871, -27.9301410204863], [-50.95049155898705, -27.92907291410374], [-50.9500718333826, -27.92865165147031], [-50.94982594060645, -27.92863895010412], [-50.94957778120721, -27.92890371131057], [-50.94982567016571, -27.93084448818721], [-50.9479858879362, -27.93071300463814], [-50.94500065610231, -27.93132941926075], [-50.94242323124715, -27.93029157441219], [-50.94144400054921, -27.93005967278745], [-50.93837804640771, -27.93024387256735], [-50.93762454430497, -27.93007071943213], [-50.93715405224452, -27.93045250543066], [-50.93716298060823, -27.93067010694692], [-50.93802474957974, -27.93101678851534], [-50.94173323386486, -27.9310933750622], [-50.94371085018239, -27.93206559140075], [-50.94504152415268, -27.93245470680534], [-50.94767334021491, -27.93218171540808], [-50.94741026464704, -27.9327338999817], [-50.94776836415495, -27.93350752263594], [-50.94792843518354, -27.93464488967634], [-50.94852438040907, -27.9351067513667], [-50.94992055094415, -27.93547842687626], [-50.95122720946958, -27.9350866920355], [-50.95344548298906, -27.93277513060915], [-50.95439855833952, -27.93245498389454], [-50.95650661883072, -27.93441311037727], [-50.95747885075818, -27.93498997102271], [-50.95861114926975, -27.93529991218792], [-50.95910527798672, -27.93522871971059], [-50.95939366942972, -27.93548575580218], [-50.95855067605307, -27.93669464175815], [-50.95835318202721, -27.93824516525347], [-50.95799379999523, -27.93891817254757], [-50.95749960518987, -27.93941173874911], [-50.95684195789812, -27.94062657222479], [-50.95569619036625, -27.94158408456987], [-50.95582543482023, -27.94189609558879], [-50.95703614245643, -27.94208180345703], [-50.95772868516394, -27.94255480582532], [-50.9573195425903, -27.94442791522466], [-50.95752774976554, -27.9454570085367], [-50.9573427564629, -27.94654747556619], [-50.95685075039687, -27.94725655991311], [-50.95690565569998, -27.94746354805845], [-50.9572244237349, -27.9475658473422], [-50.95875270373356, -27.94706658230388], [-50.96034386860518, -27.94749651874077], [-50.95972094143665, -27.949692668034], [-50.96064272801319, -27.94998855139192], [-50.96153274045122, -27.9472751210559], [-50.96227499668594, -27.94677199911879], [-50.96303756591862, -27.9463770842095], [-50.96393680158898, -27.94622512094267], [-50.96661465024771, -27.94674206882785], [-50.96380694414501, -27.94951560441276], [-50.96299348059351, -27.95131918140548], [-50.96310347830674, -27.9513814431927], [-50.96421908395723, -27.94941367200067], [-50.96720276832556, -27.94679463223618], [-50.96839870097684, -27.94664317714758], [-50.96448742089582, -27.9495349058823], [-50.96342438152787, -27.95156308249271], [-50.96402784076402, -27.95190465192507], [-50.96485168093064, -27.95029815901099], [-50.96852672760912, -27.94826336951094], [-50.9684501877278, -27.94853896445047], [-50.96871391642582, -27.94873400706562], [-50.97024975108038, -27.94829388445743], [-50.96989809050413, -27.9492663729209], [-50.97080001846722, -27.94899857763879], [-50.97383986155078, -27.95077596650695], [-50.97282844093489, -27.95188910464302], [-50.97104732297999, -27.95288726533082], [-50.96780531165046, -27.95438751712204], [-50.96658568185223, -27.95469982816863], [-50.96614821759418, -27.95501643354992], [-50.96484713869497, -27.9554053555357], [-50.96190908347576, -27.95604951050248], [-50.96116204948865, -27.95600840055052], [-50.96015790664837, -27.95663095180841], [-50.95699858584016, -27.95761959573891], [-50.9557964766211, -27.95749734223469], [-50.95404009087484, -27.9558282241736], [-50.95304832852211, -27.95678442582619], [-50.95465880390111, -27.95835206845784], [-50.95222613908581, -27.95928071917267], [-50.95060674832494, -27.95858238795958], [-50.94973519723535, -27.95771544827305], [-50.94952326134462, -27.95672279844264], [-50.9491474012283, -27.95617033603068], [-50.94877130033664, -27.95581064460853], [-50.94821868275838, -27.95573647432553], [-50.94802436719422, -27.95607722121923], [-50.94828110045491, -27.95640809960658], [-50.94829571176161, -27.95683664198359], [-50.94508437630005, -27.95807715026035], [-50.9465080081964, -27.95972144657462], [-50.94755803318395, -27.95981242877644], [-50.94771768912006, -27.96012474562326], [-50.94859137072432, -27.9603275826702], [-50.9489240999207, -27.96055917861005], [-50.94920453281532, -27.96138880699507], [-50.94907134866946, -27.96182492830737], [-50.94837711924983, -27.9630417012725], [-50.94620312171556, -27.96170574533236], [-50.94546859731059, -27.96268549245797], [-50.94472400229173, -27.96319821929847], [-50.94508332420859, -27.96395251633136], [-50.94598293303695, -27.9650482983944], [-50.94511431451249, -27.96563609956172], [-50.9431609612106, -27.96604118066134], [-50.94192888608488, -27.96596592644153], [-50.94107353063381, -27.9645759758059], [-50.94085512725446, -27.96380519638872], [-50.94061577237296, -27.96369952196734], [-50.94022744365006, -27.96392687460052], [-50.93968852223085, -27.96508200296337], [-50.93901452812514, -27.96595948799087], [-50.93866154659331, -27.96604964324423], [-50.93797288120645, -27.96591055779379], [-50.93721983831508, -27.96527870770503], [-50.93625793297236, -27.96361533723911], [-50.93535461199109, -27.96245847422198], [-50.93533287252675, -27.96128268959518], [-50.93502403424239, -27.96118959633306], [-50.93408400371884, -27.9617487363318], [-50.93357156479008, -27.96176202855821], [-50.93317437481223, -27.96106461911024], [-50.9321863010078, -27.96005583919559], [-50.93184360015812, -27.96001119543225], [-50.93145893992581, -27.95965348120438], [-50.93094376509178, -27.95898280264138], [-50.92950088637401, -27.95864892156066], [-50.9291497976825, -27.95884321875708], [-50.92912277659232, -27.95905521883045], [-50.92947061837802, -27.95946807631951], [-50.93018193118415, -27.95986612144476], [-50.9303140913945, -27.9607030676117], [-50.93130769213231, -27.96170137563132], [-50.93162104741759, -27.96282841110655], [-50.93273236597311, -27.96424205440821], [-50.93272523186307, -27.96448367264479], [-50.93156232961558, -27.96447735644381], [-50.93012918826635, -27.96470339647043], [-50.92530652620378, -27.96611134667348], [-50.92357867533199, -27.96745596594862], [-50.9217600779532, -27.96927586554978], [-50.92090209208543, -27.96933228160175], [-50.92012714249687, -27.96897928900161], [-50.91912158290377, -27.96789190106789], [-50.91897301028967, -27.96738402345838], [-50.91915855707313, -27.96693501897405], [-50.91907586988651, -27.96641017384188], [-50.91857894677759, -27.96550171564473], [-50.9186947733227, -27.96472041000954], [-50.91809081810677, -27.96403397094246], [-50.91779325750724, -27.96317911482467], [-50.91653414476954, -27.96289757739674], [-50.91620608671747, -27.9625823998149], [-50.9162269470029, -27.96146900628153], [-50.91586524042672, -27.96118758531986], [-50.91555073250376, -27.96116420482045], [-50.91529951125601, -27.96151085626429], [-50.91508219323154, -27.96283042637166], [-50.91553405397782, -27.96352676283294], [-50.91652760274085, -27.96399313731613], [-50.91711936144749, -27.96648085825402], [-50.91656416786885, -27.96734174904528], [-50.91684408207247, -27.96795017382166], [-50.91669047307965, -27.96852613973439], [-50.91538511175364, -27.96929808843468], [-50.91527402869406, -27.96954306015989], [-50.91551079153018, -27.96977331779224], [-50.91611514988731, -27.96989191086693], [-50.91652348003477, -27.97027262772183], [-50.91713526167853, -27.9700086103482], [-50.91744967518319, -27.97006478442881], [-50.91786121927097, -27.97069830454192], [-50.91954471429043, -27.97217705021792], [-50.92029712965699, -27.97252878445223], [-50.92067461044427, -27.9729265612976], [-50.92048290357839, -27.97571795325157], [-50.92064540781543, -27.97839998839591], [-50.92035048991595, -27.97880486371515], [-50.9177733930212, -27.97937644583618], [-50.91732594367756, -27.97934073563409], [-50.91665730106372, -27.97846523781142], [-50.9163161615215, -27.97837154909169], [-50.91582317454911, -27.97935753293317], [-50.91500826413506, -27.97994808154975], [-50.91517274602995, -27.9807556429173], [-50.9120229171962, -27.98315748673742], [-50.911418547681, -27.98329375430134], [-50.908710210988, -27.9829757415497], [-50.90783944529022, -27.98332729781916], [-50.90589209058514, -27.9849279318907], [-50.9059558033601, -27.98382631294739], [-50.90576772246223, -27.98317739025797], [-50.90535884854213, -27.98223632900884], [-50.90428603634621, -27.98087601379795], [-50.90405298095222, -27.98006592013785], [-50.90351425831983, -27.97928486331678], [-50.90211535335595, -27.97882660316728], [-50.90063017612211, -27.9788100308442], [-50.90154479682897, -27.97769476995845], [-50.90165203048388, -27.9767305707931], [-50.90148953217481, -27.97590140542596], [-50.90064206584577, -27.9741640700596], [-50.90088728526253, -27.97382549303733], [-50.90146422852187, -27.97364290332505], [-50.90196963323229, -27.97303520861027], [-50.90204331809728, -27.97211965480393], [-50.90176656481709, -27.9713478064135], [-50.90201200673348, -27.97107067252238], [-50.90199015382021, -27.97087669283643], [-50.90151847812837, -27.97070533181963], [-50.9007772405487, -27.96995314319849], [-50.89984097358893, -27.96963068504558], [-50.899553882299, -27.96929073774205], [-50.89769466445478, -27.96979697939553], [-50.89580859737924, -27.96973636880275], [-50.89525689136032, -27.97017802738381], [-50.8949924388489, -27.97088160960518], [-50.89613963044919, -27.97225153010034], [-50.89606624074753, -27.9723721756264], [-50.89564753900872, -27.97228185775724], [-50.89492471878406, -27.97243679968688], [-50.89486424303554, -27.97277935797203], [-50.89540133265503, -27.97307163962849], [-50.89628251908945, -27.97325343055403], [-50.89680693433486, -27.97298466884662], [-50.89721430780232, -27.97247411703517], [-50.89711289602998, -27.97196830488557], [-50.8961588105704, -27.97088282529635], [-50.89637700251167, -27.97077456390632], [-50.8995763341796, -27.97081036331656], [-50.90038599308739, -27.97175776886393], [-50.90053855890205, -27.97215668021147], [-50.90021865200263, -27.97244889169308], [-50.89942008449442, -27.97256362104713], [-50.89858463546594, -27.9733894932834], [-50.8986492311997, -27.97399793832305], [-50.89919781870488, -27.9750582095511], [-50.90008315136505, -27.97624766248435], [-50.90011488479271, -27.97667212239387], [-50.89992054413503, -27.97712802954772], [-50.89831570976414, -27.97865241090756], [-50.89636884857328, -27.97998181246557], [-50.89669754451343, -27.98025820343389], [-50.89815227769732, -27.98018934344066], [-50.89902032554665, -27.98083241261358], [-50.90081321713864, -27.98057930863985], [-50.90156043981159, -27.98064410130003], [-50.90206051174542, -27.98116200698446], [-50.90220597244178, -27.98192778898699], [-50.9036305524036, -27.98397080474475], [-50.9029591172023, -27.98573009916685], [-50.9016513006482, -27.98582206205055], [-50.90161919074435, -27.98605875435361], [-50.90219662120066, -27.9866520330567], [-50.9015530314769, -27.98739408992386], [-50.90170310811189, -27.98783617242909], [-50.90205211168359, -27.98783899425448], [-50.90300605877423, -27.9871787782805], [-50.90339894524376, -27.98712657263819], [-50.90539929995686, -27.98831504178356], [-50.90695971781146, -27.98824173852578], [-50.90828890109253, -27.98776910733273], [-50.9086373487734, -27.98646943505346], [-50.90925752016526, -27.98608642765315], [-50.90974676551794, -27.98602519238547], [-50.91157557119538, -27.98663964041349], [-50.9124106974379, -27.98658316168553], [-50.91398718945693, -27.98568142629143], [-50.91482857835006, -27.98492055764346], [-50.91656157337951, -27.98401015620351], [-50.91714466838828, -27.98494793915572], [-50.91742709525405, -27.9850078939897], [-50.91764119399851, -27.98482198335193], [-50.91811278690372, -27.9833699759312], [-50.91871846140303, -27.9827862495333], [-50.92188823412945, -27.98355320717375], [-50.9225877296114, -27.98431828584221], [-50.92329565240715, -27.98622655684796], [-50.92309487552289, -27.98686011493578], [-50.92420573286847, -27.98769302986716], [-50.92467511142714, -27.98853853297762], [-50.92530653355656, -27.99048943836403], [-50.92516949225969, -27.99209301048552], [-50.92419443988031, -27.99260358883889], [-50.92414917986241, -27.99284702552223], [-50.92440184587047, -27.99318140220727], [-50.92408751202728, -27.99366831354681], [-50.91987075029717, -27.99604432755874], [-50.91919856313279, -27.99582546858964], [-50.91860034940487, -27.99505876128363], [-50.91832415770547, -27.99511818455798], [-50.91800732467, -27.99556232420734], [-50.9163906411508, -27.99581975416388], [-50.91648774134355, -27.99617640303496], [-50.91774479406714, -27.9968850523352], [-50.91850322561176, -27.99781378694829], [-50.91830388597748, -27.99947622954527], [-50.91795310019575, -28.00023335709362], [-50.91807350058407, -28.00210762179797], [-50.91729849472845, -28.00348079305317], [-50.9166456650212, -28.00385275536095], [-50.91525261054749, -28.00391327140345], [-50.91464108188826, -28.00442029605824], [-50.9137159698479, -28.0041628122064], [-50.91124740094898, -28.00494353697354], [-50.90980439330038, -28.00509272193476], [-50.90825339145222, -28.00553770293184], [-50.90595517163328, -28.00505362617057], [-50.90544230163904, -28.00513520180633], [-50.90534246095593, -28.00536545883028], [-50.90650557261153, -28.00609330893453], [-50.90687936448291, -28.00670237440135], [-50.9075949341084, -28.00698124818167], [-50.91015190390637, -28.00666294226458], [-50.91195089132774, -28.00677067037194], [-50.91320801236482, -28.00664199865602], [-50.91482188379937, -28.00697934299221], [-50.91605628186492, -28.00659751666913], [-50.91763259467687, -28.00684584460701], [-50.91935451346448, -28.00665516324724], [-50.92013453717065, -28.00751351070513], [-50.92103749873396, -28.00911228854599], [-50.92107959656003, -28.0102371687633], [-50.92051474805495, -28.01116458245842], [-50.91998462498658, -28.01134110687558], [-50.919150520673, -28.01101019620369], [-50.91820643224978, -28.01153168004985], [-50.9163531587831, -28.01160851166811], [-50.91548019275861, -28.01139996253446], [-50.91494532179534, -28.01155763150569], [-50.91409662856851, -28.01153043017207], [-50.91230304795844, -28.01201360842087], [-50.91157353489538, -28.01183784034217], [-50.91078504541632, -28.01196733683097], [-50.9104201878851, -28.01236613658789], [-50.90881070010808, -28.01288041234075], [-50.90797972776582, -28.01303068160061], [-50.90723401282277, -28.01283003802441], [-50.90622217689055, -28.01329873677755], [-50.90535956357062, -28.01305044978361], [-50.90457667840063, -28.01223555189854], [-50.90352547599642, -28.01211303855489], [-50.90326052080619, -28.01252957665588], [-50.90343060686718, -28.01387618495155], [-50.90311411481551, -28.01410368238473], [-50.89975020478441, -28.01550063001906], [-50.8992655899995, -28.01539783303664], [-50.89836101945391, -28.01461997280485], [-50.89798723284418, -28.01455317405805], [-50.89776543405182, -28.01481696235729], [-50.89764814111588, -28.0163398464388], [-50.89652664524501, -28.01719972815742], [-50.89568167375852, -28.01755181634491], [-50.89378525359323, -28.01793680681685], [-50.89310604908814, -28.01771888115224], [-50.89268552199297, -28.01789135995401], [-50.8913912918048, -28.01777217209174], [-50.89113869521945, -28.01802260197757], [-50.89108501347076, -28.01891497498128], [-50.8903792607127, -28.01947195851881], [-50.89003891455004, -28.01948726243884], [-50.88924895871015, -28.01904689170961], [-50.88871504728792, -28.01911477954416], [-50.8885457682717, -28.01948312141343], [-50.88866718693059, -28.02044777536242], [-50.88854227528105, -28.02090016216957], [-50.88720673548838, -28.02216930478122], [-50.88658944947598, -28.02203904360283], [-50.88593172094513, -28.0216759433597], [-50.88317868343043, -28.01796374163761], [-50.88194157541373, -28.01757471807159], [-50.88159391204587, -28.01732618962195], [-50.88067054973312, -28.01729613130055], [-50.88054520241548, -28.01750805529343], [-50.88067687555011, -28.01779968845604], [-50.88247339931762, -28.0188688336685], [-50.88372606938905, -28.02221541965153], [-50.88433975004871, -28.0234256637511], [-50.88487276553657, -28.02393091430493], [-50.88524629845401, -28.02473019071546], [-50.88503099158379, -28.02539869302437], [-50.88457947590957, -28.02600837116624], [-50.88386850514543, -28.02630886127796], [-50.8826250429364, -28.02646056648979], [-50.88298711393044, -28.02793474997016], [-50.882740825203, -28.02846642272967], [-50.88135212128507, -28.03000962523505], [-50.88030849095725, -28.03036785853538], [-50.88045403916098, -28.03117827148146], [-50.88014174003476, -28.03159072608518], [-50.87894421856078, -28.03261856724017], [-50.87855855157877, -28.03323428113902], [-50.8773441617636, -28.03445912472696], [-50.87593773795128, -28.03548022605108], [-50.8731810927631, -28.03524605738006], [-50.8723640651059, -28.03603603962658], [-50.87201884248902, -28.03581104105985], [-50.8700937891899, -28.03584176196944], [-50.86848638357907, -28.03534343438442], [-50.86717414341422, -28.03432425355596], [-50.86584528664406, -28.03389854242816], [-50.86541035833914, -28.03309641701922], [-50.86385540076154, -28.03232219945894], [-50.86382516109963, -28.03131144633193], [-50.86294624579821, -28.03051401022205], [-50.86133068621845, -28.03057375944538], [-50.86058126622928, -28.0300547076991], [-50.85962859135524, -28.02830285828564], [-50.86026873296099, -28.0275907355983], [-50.86007381849749, -28.02737140133184], [-50.85942754157098, -28.02745645146656], [-50.85871721350962, -28.02822371266859], [-50.85884147364165, -28.02903957667115], [-50.85944358850809, -28.03021777605458], [-50.8593599072111, -28.03052793889861], [-50.86054076086592, -28.03156401124502], [-50.86102262685902, -28.0318069865409], [-50.86200410881454, -28.03192792741323], [-50.86182568792151, -28.03429862219287], [-50.86301267449163, -28.03447635417271], [-50.86346874700764, -28.03481708878065], [-50.86381330336873, -28.03536722395168], [-50.86522653843151, -28.0357202577011], [-50.86722575273713, -28.03716366327862], [-50.86973591880259, -28.03813223169071], [-50.87004710670223, -28.03901022197245], [-50.86892045792581, -28.03948544444534], [-50.86518116352736, -28.03953831060434], [-50.86141877653873, -28.04051104227939], [-50.85599041245433, -28.04341124386968], [-50.85376164809018, -28.04363108751982], [-50.851307510847, -28.04298092284208], [-50.85083538589409, -28.04214689282252], [-50.85077499907682, -28.04123730325888], [-50.85031629347184, -28.0397315418757], [-50.84968746673554, -28.03929454654104], [-50.84936396087976, -28.03883498130298], [-50.84893908810475, -28.038643910717], [-50.84739765513199, -28.03881794142278], [-50.84705283223175, -28.03834359796036], [-50.84689427224008, -28.03777653899946], [-50.84652651548917, -28.03761747656403], [-50.84607090077568, -28.03794669251743], [-50.84547796444989, -28.03976714504594], [-50.84261405430852, -28.04194801156554], [-50.84135946093734, -28.04193947580758], [-50.8398336084279, -28.0403630076923], [-50.83931873255423, -28.03944616566529], [-50.83873200380074, -28.03896100247755], [-50.83819599282014, -28.03744880975557], [-50.837485593015, -28.03719650461509], [-50.83714959660071, -28.03665344390332], [-50.83671719081629, -28.03639963638173], [-50.8359673984345, -28.03626482285834], [-50.83585399652031, -28.03653358439018], [-50.83642562075688, -28.03710761153599], [-50.83664672784077, -28.03777413163287], [-50.83733704434103, -28.0381530673201], [-50.83730517272842, -28.03905010286486], [-50.83744324814622, -28.03952734794956], [-50.83796300568549, -28.04036712570407], [-50.83823554639512, -28.0411740130819], [-50.83902688830717, -28.04214566757913], [-50.8367695753034, -28.04333133451194], [-50.83623821308605, -28.04453794096239], [-50.83623449784668, -28.04642625826943], [-50.83590309248177, -28.04748868247525], [-50.8349859008185, -28.04858516325217], [-50.83359804801343, -28.04960036699773], [-50.83295291042001, -28.04987212741166], [-50.83246271587148, -28.05049138140514], [-50.83203503885762, -28.05041339493524], [-50.83076786254347, -28.04922311867049], [-50.82941300589164, -28.0468716422234], [-50.83009997266243, -28.04529742682079], [-50.83027559379402, -28.04415790614679], [-50.83018878948927, -28.04333884338667], [-50.82971290909059, -28.04261567642503], [-50.82902851493654, -28.04214023994577], [-50.82746692696852, -28.04163918241783], [-50.82718595056836, -28.04121452306375], [-50.82653295375936, -28.04135647067296], [-50.8257634778304, -28.04123692241335], [-50.82487429699225, -28.04103647078046], [-50.82256271023571, -28.04000115753625], [-50.82152356162905, -28.04003781485851], [-50.82153994405564, -28.03952371807966], [-50.82132825330748, -28.03934187180472], [-50.82108685518534, -28.03937328543479], [-50.82065981740012, -28.03971006400764], [-50.82029654361644, -28.04101936415875], [-50.81939924984064, -28.04292803440202], [-50.81873328404197, -28.04368333915813], [-50.81884024332344, -28.04412902168272], [-50.81872068972651, -28.04483658688491], [-50.81759176298046, -28.04628131694297], [-50.81691869191349, -28.04670403318703], [-50.81576305527974, -28.04655266444596], [-50.81431644943986, -28.04602284077663], [-50.81321579957857, -28.04613382801956], [-50.81254364499971, -28.04638769780865], [-50.81159175480526, -28.04712203271125], [-50.81097017961267, -28.0471094453833], [-50.80906899052702, -28.04588395730731], [-50.80760858605123, -28.04571055946211], [-50.80640593567053, -28.0458936779099], [-50.80561095252939, -28.04564979818263], [-50.80533682721863, -28.0452765441359], [-50.80529577421569, -28.0439429579495], [-50.80616333984449, -28.04186451867583], [-50.80589613606004, -28.04162959566673], [-50.80530366767216, -28.04169853215227], [-50.80439368546906, -28.04321977848642], [-50.80416323685366, -28.04444649083386], [-50.80419624329518, -28.0453051429486], [-50.80444844819734, -28.04614749584134], [-50.80482897307763, -28.04660389304897], [-50.80631691695431, -28.04715056295839], [-50.80888703562451, -28.04706168973604], [-50.80934052588561, -28.04718922295517], [-50.81113100804166, -28.0483543426312], [-50.81177498659765, -28.04849234446503], [-50.81231357769192, -28.04842594361949], [-50.81310111311558, -28.04767678951686], [-50.8140017151682, -28.04734682489948], [-50.81447260922023, -28.04737041685456], [-50.81539050647707, -28.04811173888584], [-50.81584930967683, -28.04790365726494], [-50.81648701925495, -28.0480012589223], [-50.81773186226697, -28.04768518161307], [-50.81871713917464, -28.04700472554284], [-50.81971094320922, -28.04590411808954], [-50.82043904713626, -28.04459051933986], [-50.82099196992071, -28.04251051919436], [-50.82131699691875, -28.04202714705319], [-50.82201927666018, -28.04159182555551], [-50.8238886749075, -28.04238287318569], [-50.82609976990459, -28.04273020600894], [-50.82756195061494, -28.04315117513001], [-50.82799968243755, -28.04343817113511], [-50.82820163281547, -28.04420445732712], [-50.82743391007213, -28.04704753239023], [-50.82758148695809, -28.04776009141745], [-50.828554356139, -28.04912368038154], [-50.82853593820357, -28.04934697332464], [-50.8269381508762, -28.05067270376271], [-50.82463604766701, -28.05358653593558], [-50.82423815983028, -28.05380002583405], [-50.82390075741057, -28.05505037620834], [-50.82422574627494, -28.0563423914279], [-50.82489740573316, -28.05796516485658], [-50.82361554397622, -28.05972872180005], [-50.82222697041661, -28.06124636721298], [-50.82233464999771, -28.06189288944224], [-50.82279697412253, -28.06216550780771], [-50.82306816030986, -28.06206160164459], [-50.82324752570364, -28.06142011910259], [-50.82516782297844, -28.05962538016707], [-50.82619166356201, -28.0583691424099], [-50.82631490760553, -28.05724048104297], [-50.82558604308001, -28.05590115252689], [-50.82550410084036, -28.05533569233622], [-50.82636471838045, -28.05370093686898], [-50.82821950416993, -28.05169356362761], [-50.82950780680109, -28.05088300729244], [-50.83069360813965, -28.05203261979174], [-50.83155560188829, -28.05246908524519], [-50.83237641433496, -28.05267225841538], [-50.83358942917898, -28.05253033944852], [-50.83518042517668, -28.05144664223249], [-50.83553903102179, -28.05143541074072], [-50.83653001216899, -28.05197651736135], [-50.83665646841741, -28.05250533866341], [-50.83815272478692, -28.05390743204436], [-50.83853903251545, -28.05477983924638], [-50.83896430803269, -28.05475462440713], [-50.83900611786567, -28.05371736107418], [-50.83882838322427, -28.05310232960916], [-50.83806618127462, -28.05204124295132], [-50.83794572494853, -28.0511769766246], [-50.83717793988366, -28.05038246635007], [-50.83745561596767, -28.0495411923737], [-50.83858642566056, -28.04793499788148], [-50.83904860592896, -28.04628779482822], [-50.83901849796315, -28.04503873158918], [-50.83947198528454, -28.04488686791001], [-50.84125051348854, -28.04485042106469], [-50.84201802156529, -28.04532978095035], [-50.84234797106894, -28.04534953756866], [-50.84282815754537, -28.04476498574871], [-50.84449172565805, -28.04437038072979], [-50.84589373300735, -28.04354245473739], [-50.84736142420359, -28.04197449660247], [-50.84767302417159, -28.04226953109889], [-50.84846006148914, -28.04442170170756], [-50.84909540553169, -28.04518785037862], [-50.84997409638931, -28.04576946021735], [-50.85288379402756, -28.04631580503536], [-50.85327531649874, -28.04668835717087], [-50.85344580646815, -28.04816765682615], [-50.85412975961017, -28.04894814201843], [-50.85419627172856, -28.0493924660589], [-50.85456691647377, -28.04987135359084], [-50.85484583703044, -28.04998779034743], [-50.85523150260518, -28.04992057285892], [-50.85535814475949, -28.04973579781623], [-50.85530221865608, -28.04856917402806], [-50.85504319117537, -28.04794316901617], [-50.85550999220753, -28.04642164224838], [-50.85630973081817, -28.04620927447583], [-50.85712755618136, -28.04621347939599], [-50.85886333650429, -28.04549133800099], [-50.8614456665983, -28.04395508781474], [-50.86173952792038, -28.04394712674117], [-50.86225560695774, -28.04357109735729], [-50.8633537646478, -28.04314192364621], [-50.86369763261472, -28.0432037124113], [-50.86470651726104, -28.04286686850618], [-50.86633676353999, -28.04279841754419], [-50.86682558204137, -28.04328412322283], [-50.86717268279382, -28.04339107089291], [-50.86837857151169, -28.04262247060214], [-50.87218545851453, -28.04249755218296], [-50.87238302267938, -28.04302685517143], [-50.87278144603026, -28.04597106406371], [-50.8727392977972, -28.04739815274944], [-50.87292226518919, -28.0480153854637], [-50.87298780292027, -28.04951395499422], [-50.87294017702082, -28.04986454331568], [-50.87132203994145, -28.05045651952109], [-50.87115394777824, -28.05066807005586], [-50.87134828018028, -28.0509523613785], [-50.8728922864233, -28.05150347321957], [-50.87307200902726, -28.05192374552529], [-50.87338485089277, -28.05428310501236], [-50.87343452949584, -28.0560519090771], [-50.87185728339948, -28.05701463222696], [-50.87151866593392, -28.0574976378824], [-50.87180877639927, -28.05771860016971], [-50.87354641734502, -28.05778828291158], [-50.87419252968659, -28.05827929753343], [-50.87512975610929, -28.06019632605014], [-50.87515628153654, -28.06074569305851], [-50.87597582944417, -28.06164473876256], [-50.8765556779737, -28.06266368304989], [-50.87692998032246, -28.06368434411766], [-50.87695028766798, -28.06424723909631], [-50.87612178588348, -28.06493968854006], [-50.87539075167357, -28.06518449060943], [-50.8728751576185, -28.06675170303925], [-50.87200656987744, -28.06740469739114], [-50.8715729017556, -28.06807605969742], [-50.87004071837156, -28.06860177257709], [-50.8698699237808, -28.06881209939758], [-50.86993060382337, -28.06901075157784], [-50.87086389391507, -28.06915784383856], [-50.87237384146784, -28.06888207041287], [-50.87292586937967, -28.06847719533627], [-50.87727485077427, -28.06667830871568], [-50.87784651428287, -28.06647361014318], [-50.87856557664473, -28.06649537662324], [-50.87902482706361, -28.06701200345284], [-50.87729964878898, -28.06931276643826], [-50.87678048964456, -28.07059125917164], [-50.8769073168334, -28.07089728222842], [-50.87749011480122, -28.07076669203587], [-50.87967440591897, -28.06900334610416], [-50.880213465665, -28.06890444608945], [-50.88150354772076, -28.07050274916951], [-50.88184961013092, -28.07139811054581], [-50.88273038401177, -28.07196242593923], [-50.88359693169477, -28.07294676466004], [-50.88445062658179, -28.0731685857541], [-50.8857361961258, -28.07386831091499], [-50.88625893736407, -28.07417456658994], [-50.88666301239058, -28.07469413973903], [-50.88769585599238, -28.07467966002545], [-50.89086359772126, -28.07570354475774], [-50.89204821792601, -28.07591644333339], [-50.89237448356191, -28.07618466059562], [-50.89272866662946, -28.07661652193933], [-50.89237387906329, -28.07915223483448], [-50.8925879203217, -28.07951388973476], [-50.89331997389743, -28.07915225504784], [-50.8948557598694, -28.07650553132332], [-50.89504081296839, -28.07639769866092], [-50.89679878854034, -28.07666757352734], [-50.89835348986385, -28.07827945416529], [-50.90107457955367, -28.08329714808482], [-50.90162610545861, -28.08495299614284], [-50.90167677289576, -28.08537703687869], [-50.90144970516705, -28.08630611901945], [-50.90120634908245, -28.08673024981486], [-50.90005091900544, -28.08742401387479], [-50.89803117700061, -28.08793906512639], [-50.89302438592117, -28.08741438322885], [-50.8899452686937, -28.08736637113418], [-50.88649478457388, -28.0876307967244], [-50.88422591123542, -28.08802084242888], [-50.88186582412364, -28.08876276390063], [-50.87950763356563, -28.08977548024262], [-50.87731954538086, -28.09108451212156], [-50.8754011265172, -28.0927797077224], [-50.87474550824429, -28.092748050707], [-50.87304354562063, -28.09199640071549], [-50.87202090286781, -28.09175062132743], [-50.87187462731578, -28.09210084544853], [-50.87266696389799, -28.09316611670989], [-50.87442189055179, -28.09465473453375], [-50.87317637558748, -28.09740631840669], [-50.87215478559218, -28.0987900660502], [-50.87015976332289, -28.09838552592728], [-50.86824394250394, -28.09775573856533], [-50.86785261164085, -28.0979121645358], [-50.8681168323351, -28.0984330374954], [-50.86924497808368, -28.09939375932911], [-50.87005383473428, -28.09962716772972], [-50.87083185444728, -28.10005504394679], [-50.87106117303872, -28.10037307942274], [-50.87092193354245, -28.10082344720348], [-50.86903315986078, -28.10384747879347], [-50.86776304246488, -28.10543789480469], [-50.86707421921116, -28.10557863928512], [-50.86472945268247, -28.10511982228797], [-50.86307858447497, -28.10546529873694], [-50.86176233854651, -28.10523330334569], [-50.86145879824934, -28.10538663015923], [-50.86169219249343, -28.1059123474344], [-50.86310325182185, -28.10671282610238], [-50.86425654811244, -28.106596740233], [-50.86501361148462, -28.10670110354217], [-50.86742961705305, -28.10764697529003], [-50.86726254141933, -28.1081867977468], [-50.86731884832077, -28.10988878061643], [-50.86709272987222, -28.11054976814088], [-50.86715921617416, -28.1110813467521], [-50.86690655730482, -28.1117915787027], [-50.86676187813415, -28.11358445109973], [-50.86697928285931, -28.11628868248847], [-50.86651531882213, -28.11675674497834], [-50.86476533179116, -28.11681841134725], [-50.86261049735994, -28.11620367500511], [-50.86115550112394, -28.11619741606158], [-50.86054195045996, -28.11578915514882], [-50.85952964419059, -28.11551146742166], [-50.85923820258657, -28.11557751568951], [-50.85918082285079, -28.1159012466374], [-50.8593789306958, -28.11620099287374], [-50.86200777212237, -28.11773336919812], [-50.86225034524292, -28.11818322369012], [-50.86259717525959, -28.11838257396814], [-50.86357331128344, -28.11829950158401], [-50.86427438019446, -28.11884550074483], [-50.86545426790439, -28.11855120918296], [-50.86659804989513, -28.11884915350088], [-50.86782815011062, -28.11862733601922], [-50.86830238105183, -28.11901992455499], [-50.87071673065636, -28.12347572789643], [-50.87071003603526, -28.12411461617007], [-50.87042435237937, -28.12440030528354], [-50.86976237095378, -28.12464834101416], [-50.86942352748328, -28.12571838646572], [-50.86971655278747, -28.12585741961974], [-50.87107222340891, -28.12567553296421], [-50.87168108436502, -28.12585255222556], [-50.87282851151439, -28.12794205786008], [-50.87337534152845, -28.12958623125892], [-50.87346834544156, -28.13023248380028], [-50.87333942653537, -28.13127308947683], [-50.87208925602917, -28.13477054425714], [-50.87169608786216, -28.13521949017705], [-50.87092545767895, -28.1352821326972], [-50.87079728140342, -28.13599443517944], [-50.86859585657561, -28.13750457948481], [-50.86795756591473, -28.13764205261185], [-50.86650484247166, -28.13697926650105], [-50.86617804315005, -28.13701905182272], [-50.8660713623996, -28.13723945396357], [-50.86652325355536, -28.13842787946362], [-50.86644423080371, -28.13876627457192], [-50.86562374821316, -28.13910479555667], [-50.86440579844444, -28.13931029915796], [-50.8624724844175, -28.13909701190647], [-50.85894171654564, -28.1374969092969], [-50.85558976838588, -28.13437813917632], [-50.8565745874981, -28.13405814861664], [-50.85656190294383, -28.13346669873952], [-50.8571272755384, -28.13286854813933], [-50.85719418990046, -28.13224606862322], [-50.85660165959066, -28.13219457640567], [-50.85564902259867, -28.13242381401902], [-50.85485901320341, -28.13312333622547], [-50.85413579750884, -28.13327139682534], [-50.85115260775421, -28.13096864076068], [-50.85085482803198, -28.1303552743649], [-50.8509911797536, -28.12995505974494], [-50.8508843356299, -28.12975448957488], [-50.85007700390328, -28.12976739281115], [-50.8496449926133, -28.1295402887754], [-50.84800096357421, -28.12778343998063], [-50.84746342127268, -28.12763721366378], [-50.84603568520502, -28.12619801865547], [-50.84733469856764, -28.12444113355465], [-50.84725538258065, -28.12406497284375], [-50.84653054226333, -28.12417208665746], [-50.84472430826592, -28.12486996610494], [-50.84413535981475, -28.12454114446908], [-50.84314058541367, -28.12332240656705], [-50.84118801951253, -28.1215499422532], [-50.83923527984857, -28.11878523581174], [-50.83624473407575, -28.11656863175603], [-50.83567148613753, -28.11648097859411], [-50.8340012204457, -28.11576881848969], [-50.83299362222764, -28.11587969088498], [-50.83029418211709, -28.11566506647738], [-50.82982348040344, -28.11542255165313], [-50.82952290910338, -28.11463112365831], [-50.82815341928555, -28.11333693517837], [-50.82792555859061, -28.11343483006199], [-50.82763595920781, -28.11400681829665], [-50.82756781458368, -28.11473503219288], [-50.82800925099505, -28.11521761872639], [-50.82822133590532, -28.11688716188171], [-50.82565569497868, -28.11885988851677], [-50.82535735564976, -28.11893315555547], [-50.82301567545345, -28.11833496493293], [-50.82186775078208, -28.11771669766651], [-50.82146903541667, -28.11791280848673], [-50.82246625813496, -28.11942006786622], [-50.82350096655988, -28.11986740033562], [-50.82408309935883, -28.1203416617011], [-50.82428651923743, -28.12076607714532], [-50.82365292219811, -28.12213749692024], [-50.82325358124468, -28.12248118061678], [-50.82248833721586, -28.1227117489126], [-50.82249734637271, -28.12292897780575], [-50.82298691265092, -28.12344387935912], [-50.82285165727154, -28.12428868791294], [-50.82194871274361, -28.12658826248853], [-50.8217112067344, -28.126776957893], [-50.82155590282113, -28.12786538455413], [-50.82104150547501, -28.12827798187323], [-50.82124973794814, -28.12889640127031], [-50.82122660011383, -28.13001968966861], [-50.82073424393736, -28.13017464998117], [-50.82023282593414, -28.13004216832139], [-50.81887843031618, -28.12742039280251], [-50.81806882349995, -28.12706043502933], [-50.81717950918595, -28.12601297724942], [-50.81657925013268, -28.12617469328581], [-50.8164738471809, -28.12644320053798], [-50.816960273872, -28.12730239643727], [-50.81806107315315, -28.12839426791077], [-50.81811452646972, -28.1288215487828], [-50.81799200339503, -28.12941553953562], [-50.81688266226617, -28.13023591823093], [-50.8162952398101, -28.13041921952035], [-50.81385439574752, -28.13042395108146], [-50.81317334181408, -28.12987739485299], [-50.81155576277515, -28.12976162592333], [-50.81131211789308, -28.12996414393855], [-50.81144671583161, -28.13049333976052], [-50.81265778998919, -28.1306301855229], [-50.81299653599043, -28.13111682362488], [-50.81365621820434, -28.13144859610438], [-50.81639829883329, -28.13187976926694], [-50.81735016494838, -28.13183902900032], [-50.81841162628549, -28.13139126888199], [-50.82142865527611, -28.13286414369338], [-50.82157487618053, -28.13353129914392], [-50.82106161023968, -28.13601973082671], [-50.82067569131422, -28.13674456887637], [-50.81843740752671, -28.13920559177562], [-50.81798510654591, -28.13944190420604], [-50.81720195449022, -28.13933171055193], [-50.81690910913081, -28.1398687879741], [-50.81632216082922, -28.14013322921561], [-50.81252246707174, -28.13989288951317], [-50.81162728605467, -28.13966160592121], [-50.81076117886222, -28.13966441470752], [-50.8102737529795, -28.13922129957722], [-50.80975460245132, -28.13938496522219], [-50.80795006324124, -28.13899208016555], [-50.80601741994177, -28.13828808376803], [-50.80586450078303, -28.13805694617247], [-50.80513423994068, -28.13802781726554], [-50.80459740046587, -28.13758079165939], [-50.80380934371526, -28.13776541368601], [-50.80177305029677, -28.13752649323316], [-50.8013072418189, -28.13723331664524], [-50.80011741663, -28.13733993108207], [-50.79860362661547, -28.13723412599613], [-50.79815667074581, -28.13680786799804], [-50.79714661189234, -28.13714968320368], [-50.79612816688465, -28.13700299018084], [-50.79195780197547, -28.13751187199208], [-50.79134145273562, -28.13703212805256], [-50.79102421244582, -28.13698497075303], [-50.79050853987522, -28.13782928164118], [-50.78854507687944, -28.13854383157575], [-50.78823810615017, -28.13850209855362], [-50.78765749409947, -28.13883238660391], [-50.78616292851918, -28.13918645166502], [-50.7856658812095, -28.13858435049116], [-50.78396901791184, -28.13768740957465], [-50.78378349657239, -28.13690768175577], [-50.78332236868623, -28.13687197937655], [-50.78297632471117, -28.13846102329548], [-50.7842472010066, -28.13886874876164], [-50.7847064378262, -28.13926025045452], [-50.78482634043906, -28.13991986531937], [-50.7846565413501, -28.14139224527129], [-50.78356028972067, -28.14321332919001], [-50.7833585223905, -28.1439005578794], [-50.78242230706045, -28.14455057639412], [-50.78297913209277, -28.14502461829941], [-50.78313430684709, -28.14541472882348], [-50.78304962182914, -28.14643793066919], [-50.78376885796435, -28.14846280627902], [-50.78452880453604, -28.14966776600514], [-50.78478730758027, -28.15039307622527], [-50.78408634867138, -28.15148478101793], [-50.78330877701068, -28.15338720528328], [-50.78274857747651, -28.15364078021423], [-50.78085900698487, -28.15348382604719], [-50.78079679084541, -28.15381186617866], [-50.78195532283751, -28.15540807193244], [-50.78113949993808, -28.1559669395183], [-50.77871502330961, -28.15587012721893], [-50.77568631683409, -28.15493002584438], [-50.77453285786917, -28.15486220805339], [-50.7734323427547, -28.15505224497846], [-50.77288190560563, -28.15533132637787], [-50.77238298461931, -28.15628098885834], [-50.77192142638247, -28.15555882113584], [-50.77060721694225, -28.15565961455449], [-50.76999076364971, -28.15526686390461], [-50.76948388753232, -28.15518101008332], [-50.76911500057229, -28.15529271164943], [-50.76904146767593, -28.15556144752031], [-50.76995392424271, -28.15651980955402], [-50.7711609652887, -28.15652103040666], [-50.77173281710379, -28.15728408785433], [-50.77264287865905, -28.15787318107352], [-50.77507159206571, -28.16082637360276], [-50.77604993869821, -28.1617072104032], [-50.77660790846107, -28.16265308548529], [-50.77668100775748, -28.16322476084757], [-50.77612109377267, -28.16425368350057], [-50.77477315392697, -28.16522077582401], [-50.77387976194832, -28.16495155533243], [-50.77274654409386, -28.16404612418743], [-50.77088752603299, -28.163206803905], [-50.76955143059918, -28.16343743798746], [-50.76877068552133, -28.16413410207534], [-50.76781593819207, -28.16565039251122], [-50.76714427100747, -28.16724532538552], [-50.7669650384241, -28.16636455665419], [-50.76703624347598, -28.16507489160591], [-50.76690104919716, -28.16430814875172], [-50.76668815998833, -28.16409089496938], [-50.76602463361695, -28.16402607520426], [-50.76577273625272, -28.1643359619935], [-50.76600769975393, -28.16466301954732], [-50.76592451057415, -28.16672670438409], [-50.76637505881486, -28.16793738507295], [-50.76701789246496, -28.1682292374359], [-50.76775901302192, -28.16800378435206], [-50.76955092434023, -28.16498908147949], [-50.76993793226513, -28.16457834334347], [-50.77044888835919, -28.16452249886537], [-50.7720605931552, -28.16527979982931], [-50.7727195783081, -28.16575594358306], [-50.77419320674511, -28.16626828760721], [-50.77503965665409, -28.16625991227182], [-50.77677207666491, -28.16538072580564], [-50.77720808992594, -28.16489140551053], [-50.77808503008672, -28.16328438542178], [-50.77810589727519, -28.16177527230511], [-50.77720989369553, -28.1605485334658], [-50.77592256194842, -28.15935993226132], [-50.77504688340146, -28.15830312397428], [-50.77494815265837, -28.15766890107019], [-50.7752059268705, -28.15739653909883], [-50.7765524050004, -28.15736358826803], [-50.77802709863407, -28.15778691805225], [-50.78041475732976, -28.15797916146648], [-50.78246956841556, -28.15785089238538], [-50.78349342801979, -28.1574865104493], [-50.78479081309438, -28.15627393065188], [-50.78618661991034, -28.15278630559889], [-50.78658692888917, -28.1527145158616], [-50.78747447562031, -28.15293688411016], [-50.78854988775467, -28.1535151682196], [-50.7903062241179, -28.1550942978466], [-50.79089617571769, -28.15692594886829], [-50.79104158644597, -28.1579998872688], [-50.79099584751005, -28.15985521583217], [-50.79074779000479, -28.16143982071147], [-50.79048350681846, -28.16215374398469], [-50.79000497260366, -28.16248602385904], [-50.78979934150596, -28.164358595864], [-50.78846450089494, -28.16672753966411], [-50.78796948795915, -28.16708014004847], [-50.78725824435236, -28.16713619804004], [-50.78736394281758, -28.16804590371134], [-50.78712905464866, -28.168459767119], [-50.78637668012859, -28.16883445830982], [-50.78631786963532, -28.16904045018242], [-50.78663114604021, -28.16959196919881], [-50.78625329881756, -28.17008768999784], [-50.78367341236359, -28.17231557099667], [-50.7829140412758, -28.17248719295324], [-50.78284227702598, -28.17305246507928], [-50.78224577915842, -28.17353663902741], [-50.78208281568767, -28.17409254358364], [-50.78147853985616, -28.17478135150604], [-50.78102453340542, -28.17591397861703], [-50.78062508685055, -28.17647786004732], [-50.78024893735786, -28.17670328127343], [-50.78021948092175, -28.17693587235915], [-50.7805418092678, -28.17723172267367], [-50.78049567334418, -28.17746458236238], [-50.77977997362794, -28.17785783746662], [-50.77953198388057, -28.17835112301981], [-50.77972387328334, -28.1786088446427], [-50.78082312812631, -28.17865372257378], [-50.78236411160873, -28.1817408980078], [-50.78235972377646, -28.18233742095903], [-50.78347888725513, -28.18348197881503], [-50.78367485164997, -28.18403715080275], [-50.78479788656867, -28.18546862418585], [-50.78496923560885, -28.18610391805147], [-50.78557517893782, -28.18653466352662], [-50.78660814487222, -28.18818287873441], [-50.78662858356832, -28.18851873425505], [-50.78583631890514, -28.18934863913133], [-50.78586440098549, -28.18967257952032], [-50.7860889255646, -28.18976478534851], [-50.7873634351219, -28.18961362202382], [-50.78768997281063, -28.19016359004627], [-50.78816531071024, -28.19190915059435], [-50.78819561991541, -28.19268186257595], [-50.78778387455697, -28.19603127278614], [-50.78736830437592, -28.19700380248577], [-50.78684153336857, -28.19758296157739], [-50.78456195814455, -28.1988184937698], [-50.78343677090135, -28.19906176760661], [-50.78252869296579, -28.19901091287167], [-50.78209609220269, -28.1993655195931], [-50.78131589011835, -28.199660004757], [-50.78051895952731, -28.19974702984593], [-50.77946796315602, -28.19958010190842], [-50.77807703412302, -28.19888149215372], [-50.77411808307331, -28.1961995882736], [-50.77286528652012, -28.19495211053422], [-50.77247489309278, -28.19384844720447], [-50.77229708811345, -28.1924128280164], [-50.77146951043721, -28.19013841416121], [-50.77100821698786, -28.18912204858723], [-50.76948105802064, -28.18739194350824], [-50.76876036793332, -28.18661821500422], [-50.76791783291577, -28.18603193532436], [-50.76603645030286, -28.18563895048815], [-50.76577472397063, -28.18586100632001], [-50.76591149533676, -28.18628106851598], [-50.76549931267327, -28.18677862177854], [-50.76432511695684, -28.18715858549022], [-50.7625800124271, -28.18835951477588], [-50.76108194708397, -28.1899677823829], [-50.75977293483867, -28.19314832701067], [-50.75855388528556, -28.19315688289959], [-50.75797689042685, -28.19397165858046], [-50.75644125441595, -28.19473345848384], [-50.75584520379994, -28.19552861402534], [-50.75582986566236, -28.19629654512214], [-50.75561044327146, -28.19650838036329], [-50.75364963196122, -28.19650297095812], [-50.75284699464121, -28.19608497660764], [-50.75260075337657, -28.19618138122965], [-50.75248302581139, -28.19654445498975], [-50.75169458511038, -28.19655850098304], [-50.75027484054808, -28.19689050693245], [-50.7488201016066, -28.1967508081095], [-50.74754195218779, -28.19614815157662], [-50.74713980413636, -28.19624002972751], [-50.74712791224686, -28.19673415664484], [-50.74793609536927, -28.1971946838112], [-50.74933916665142, -28.19770596902838], [-50.75051120356686, -28.19792684772975], [-50.75026574674404, -28.19896124282271], [-50.75123260722379, -28.1990049779272], [-50.75183461647741, -28.19899487735055], [-50.75212443951184, -28.19784887235309], [-50.75684935849793, -28.19776190296418], [-50.75751859687785, -28.19736687191316], [-50.75778324539094, -28.19662475903513], [-50.75766746221589, -28.19604205756265], [-50.75817887268375, -28.19541725360723], [-50.75864822969594, -28.19516599983756], [-50.75965868135974, -28.19551406339835], [-50.75975825165902, -28.1961365479073], [-50.7594516585886, -28.19683568677301], [-50.75971811232972, -28.19804474490233], [-50.75945138740266, -28.20035374049338], [-50.75899834338401, -28.20103393508091], [-50.75783004264901, -28.20172308632672], [-50.75770459301659, -28.2019557554558], [-50.75699075379376, -28.20201082771181], [-50.75726115839398, -28.2025753910514], [-50.75756723750626, -28.20276905802685], [-50.75875656939268, -28.2027164159032], [-50.75884849737378, -28.20392883380906], [-50.75954691127661, -28.20405840761801], [-50.75899434685347, -28.20526806784959], [-50.75870465191101, -28.20664710179095], [-50.75825904781925, -28.20726074081431], [-50.75810819334765, -28.2081745029957], [-50.75639230012646, -28.21134149944755], [-50.75504189466943, -28.21113042288669], [-50.75384650804514, -28.21119811637711], [-50.75357854429407, -28.21146424430119], [-50.75391454615908, -28.21178754724183], [-50.75490970696353, -28.21194738791908], [-50.75582470519732, -28.2123056244597], [-50.75600037000081, -28.21272884015963], [-50.75566815285459, -28.21440722993645], [-50.75520764322011, -28.21574534460598], [-50.75402661819131, -28.22273210789456], [-50.75332582906058, -28.22288244067431], [-50.75319703004766, -28.2230759131842], [-50.75384793841665, -28.22370548244598], [-50.7537605249068, -28.2250600512496], [-50.75306862448863, -28.22737067443611], [-50.75274707275883, -28.22764438912462], [-50.75286202717331, -28.22827969472543], [-50.75236624723606, -28.22998471200456], [-50.75186176968124, -28.23099027925298], [-50.75036708293278, -28.23160232485532], [-50.74995241725502, -28.23219431649771], [-50.749778709604, -28.23273017923408], [-50.75004119144975, -28.23500760118648], [-50.74993378172302, -28.23524589335914], [-50.7435128065878, -28.23520042423488], [-50.74250532734636, -28.2354295249435], [-50.74231429337733, -28.23576679177314], [-50.74232465362484, -28.23599120384799], [-50.74260144190414, -28.23613971557989], [-50.74584097143486, -28.23633588283851], [-50.74813737767446, -28.23614977342714], [-50.75052913540817, -28.23639514878185], [-50.75103985933884, -28.23621362639206], [-50.75172267687755, -28.23551150810527], [-50.75130509121685, -28.23358902920953], [-50.75145509233915, -28.23312379619943], [-50.75166780461757, -28.23322220533087], [-50.7519884151962, -28.24026088021587], [-50.75250877831112, -28.24140074134811], [-50.75279156275404, -28.24387227214686], [-50.7525055416476, -28.24481628526447], [-50.75210536615735, -28.24536702031366], [-50.75155218560014, -28.24578286282601], [-50.75133875739801, -28.24618617616826], [-50.75012399847639, -28.24693114234683], [-50.74806628210385, -28.24781546238238], [-50.7441489296088, -28.24843115648173], [-50.73897045469534, -28.24998402228974], [-50.7379904566304, -28.25041898061283], [-50.73607770689698, -28.25196500812129], [-50.73518644294032, -28.25240100168532], [-50.73514760152158, -28.2526975683027], [-50.73339542585218, -28.25418636840592], [-50.73271246985194, -28.2541909593426], [-50.73260424380539, -28.25472213487106], [-50.72990467096102, -28.2562740372344], [-50.72695899351973, -28.25734585020916], [-50.72442965260286, -28.25848672067324], [-50.72352918357458, -28.25874722284457], [-50.72263201556273, -28.25858029498588], [-50.72248016200908, -28.25895951564264], [-50.72181784762855, -28.25941466702574], [-50.71847995362642, -28.26031979941838], [-50.71620783423909, -28.26125074763894], [-50.71462127623586, -28.26216659079857], [-50.71429131039413, -28.26220125455344], [-50.71386100710113, -28.26168805358858], [-50.71358573410614, -28.26168363669644], [-50.71316841118767, -28.26219283246452], [-50.71343678273898, -28.26294577391614], [-50.71260553401474, -28.26374722447097], [-50.71056400645965, -28.26561462892224], [-50.70879269941048, -28.26626659939084], [-50.7061069161245, -28.2662917055424], [-50.70267863493315, -28.2654216686128], [-50.70105882755783, -28.26518126460474], [-50.6982600793123, -28.26563279762901], [-50.6974780954073, -28.2659274008658], [-50.6966691039046, -28.26648679765027], [-50.69556987045758, -28.26585116279723], [-50.69530369120315, -28.26583880943133], [-50.6951256543487, -28.26602264147585], [-50.69512994416567, -28.26639982929606], [-50.69596842266572, -28.26708381502669], [-50.69325717246776, -28.26782565346301], [-50.68779352615974, -28.26972146867309], [-50.68725166472493, -28.26936962637347], [-50.68659523637649, -28.26801167507458], [-50.6862817708535, -28.26688213411274], [-50.6848200744361, -28.26520904690241], [-50.68149012688152, -28.26343669657115], [-50.68098719618416, -28.26334838708286], [-50.67952704112449, -28.26170973503037], [-50.67834994080252, -28.2599365135078], [-50.67804533745282, -28.25982055050814], [-50.67732491409772, -28.25997649929741], [-50.67728278889581, -28.26032008531911], [-50.67939608751127, -28.26332659942455], [-50.68055325054301, -28.26432940111491], [-50.68390321666472, -28.26596912856718], [-50.6851199835363, -28.26743513771716], [-50.68553047217668, -28.2691053529095], [-50.6863134783683, -28.2700586194774], [-50.68731872428961, -28.27074139818524], [-50.68810196112033, -28.27092933812472], [-50.69507001872235, -28.26863841251237], [-50.69509100295735, -28.26913926375652], [-50.69363830621475, -28.27407237646203], [-50.69334795996414, -28.27660171964167], [-50.69310828263041, -28.27699353179847], [-50.69336894578754, -28.2787469720382], [-50.69426390160462, -28.28228715809114], [-50.69401430468321, -28.28295568005007], [-50.69418693488821, -28.28317149213038], [-50.69445383495627, -28.28318847859531], [-50.69522762295973, -28.28465117859547], [-50.69533225713452, -28.28599556764455], [-50.69454195414, -28.28748069241174], [-50.69400058881818, -28.28788484073347], [-50.6892291909864, -28.29131343901558], [-50.68491548263431, -28.29399783225251], [-50.68359193489682, -28.29517748038587], [-50.67852771646143, -28.29817760733138], [-50.67685500212076, -28.29944100225604], [-50.67306853405694, -28.30331505268985], [-50.67242906931117, -28.30370584191746], [-50.67088326768755, -28.30561195307691], [-50.66706164794511, -28.30934856180726], [-50.66377640954337, -28.31296334137158], [-50.6615347504089, -28.31630581472406], [-50.66063814906856, -28.31879852691374], [-50.66038165345926, -28.31928229697706], [-50.66001746666636, -28.31956708799763], [-50.66012809684428, -28.31982752066212], [-50.658923286485, -28.32116757107496], [-50.65825110120703, -28.32241216798084], [-50.65792188193727, -28.32338856781282], [-50.65772665345905, -28.32464734031182], [-50.65777071271859, -28.32581104781766], [-50.65824514717419, -28.32704618490439], [-50.65859212160008, -28.32781774668685], [-50.66045478654, -28.32987049295352], [-50.66088184063109, -28.32989591122352], [-50.6606874919005, -28.32969460280669], [-50.66139809785186, -28.32901176539947], [-50.66158286646408, -28.32922479053028], [-50.6617035181667, -28.32902910999188], [-50.6598135913027, -28.32655100376128], [-50.6596251935795, -28.3258709564547], [-50.65974609957932, -28.32382972069151], [-50.65998156016974, -28.32324406776862], [-50.66033984781264, -28.32330921355769], [-50.6605444874304, -28.32317616921659], [-50.6604307415952, -28.32262989698651], [-50.66114227396863, -28.32165610070355], [-50.66270488861589, -28.31756682746313], [-50.66553767796568, -28.3131699845702], [-50.66690403033922, -28.3116023441467], [-50.67125098471281, -28.30748603817565], [-50.67325444123248, -28.30534902009704], [-50.67749759140786, -28.30133551278163], [-50.67781815863484, -28.30085801065617], [-50.67964685395745, -28.29945406376543], [-50.6836945920395, -28.29731201547819], [-50.68584565022075, -28.29929949339167], [-50.68635605512398, -28.29929715793057], [-50.68646611958286, -28.29912281666534], [-50.68637854775874, -28.2988951717866], [-50.68439086381338, -28.29678619443745], [-50.68850730350352, -28.29384924169738], [-50.69243043354183, -28.29131208105709], [-50.69477443990312, -28.29000115214217], [-50.69631820778478, -28.28863032509124], [-50.69673162521929, -28.28791306812314], [-50.69746474385422, -28.28560364311131], [-50.69722340098206, -28.28387539169384], [-50.69578136078566, -28.28029603089986], [-50.69532911781244, -28.27867781788055], [-50.69513483033964, -28.27612054430259], [-50.69540341550884, -28.27447981638853], [-50.69619559702698, -28.27207941756562], [-50.69710431945698, -28.27282361164522], [-50.69786326635601, -28.27304390480687], [-50.6980780690269, -28.27291266185927], [-50.697964661604, -28.27237480016], [-50.69656989789903, -28.27115625714371], [-50.69633849498038, -28.27072355159728], [-50.69681967556229, -28.26966061423052], [-50.69828976623877, -28.26794990423597], [-50.69919847741022, -28.26735990631134], [-50.6997640012176, -28.26717771764381], [-50.701344823279, -28.26730980498921], [-50.70347243669881, -28.26812657935183], [-50.7056596899933, -28.26848489581898], [-50.70661933557249, -28.26817930582236], [-50.70853923765726, -28.26821412975129], [-50.71129800139527, -28.26734535860126], [-50.71316117746262, -28.26624658973923], [-50.7153086582898, -28.26400346957938], [-50.71655404464906, -28.26304801372821], [-50.71811262412614, -28.26236098593166], [-50.71840187561856, -28.26332042278654], [-50.71885382269312, -28.26335226511132], [-50.71919078355749, -28.26302566413202], [-50.71911369758008, -28.26208507547304], [-50.71983630117695, -28.26183030911554], [-50.72015025130597, -28.26229900413111], [-50.72061257984709, -28.26233662872993], [-50.72077375633083, -28.26219599344986], [-50.72081166439186, -28.26156361494725], [-50.72451846468346, -28.260434704529], [-50.72754458764869, -28.259043640364], [-50.73124454846205, -28.25765818839327], [-50.7335489035476, -28.25641015118954], [-50.73417806266825, -28.25621217582091], [-50.73447265356592, -28.25567244772578], [-50.73913860448202, -28.25197563047618], [-50.7436858728507, -28.25045008550647], [-50.74601273047118, -28.25005190479488], [-50.74884128447242, -28.24985614238857], [-50.74935586330359, -28.25069710941903], [-50.74974581292273, -28.25184344136329], [-50.74971399758342, -28.25232387175289], [-50.74953600418846, -28.25258075815952], [-50.74755793117591, -28.25417945235469], [-50.74708962537333, -28.25525286160741], [-50.74720821677328, -28.25606921291999], [-50.7475408078394, -28.2566283452881], [-50.74822889574241, -28.25719257840359], [-50.74835365278478, -28.25766134571479], [-50.74886282208375, -28.2576055727502], [-50.74927240957291, -28.25780125716313], [-50.75069100974986, -28.25863288084779], [-50.75189055707092, -28.25970029372199], [-50.75382265239995, -28.26086398865913], [-50.75494002145896, -28.26131739765864], [-50.75579010577539, -28.26152001894076], [-50.75718992718281, -28.26153612976387], [-50.76050342750196, -28.26058576573609], [-50.7605182982801, -28.26030491370257], [-50.76009909345347, -28.25992708331235], [-50.75885916669233, -28.26004457344371], [-50.75650345335366, -28.26070851779069], [-50.75558466682541, -28.26058504243229], [-50.75209419456132, -28.25857726989729], [-50.75099865612896, -28.2575968722119], [-50.74887630006284, -28.25618583227567], [-50.74821687559959, -28.25539269818723], [-50.74943962604813, -28.25437997673388], [-50.74973818243885, -28.25384026675554], [-50.75129770285919, -28.25210739133721], [-50.75140709585365, -28.25146811272616], [-50.75128228476964, -28.25080749815017], [-50.75023321514724, -28.24954162848867], [-50.75028696037799, -28.24915141817861], [-50.75281309091304, -28.24757270031561], [-50.75387414367859, -28.24651723534816], [-50.75471663648668, -28.24542986112269], [-50.75523893387696, -28.24393137832519], [-50.75529351877736, -28.24112991620385], [-50.75546111385412, -28.24088162442617], [-50.75591849088824, -28.24067934539498], [-50.75601595895878, -28.24044919352317], [-50.75492775814301, -28.23980503151718], [-50.75430997716572, -28.23812454159245], [-50.75403530539355, -28.23535449810827], [-50.75406183905805, -28.23299074147619], [-50.75433263720668, -28.23168282840852], [-50.75450142217182, -28.23127352659892], [-50.75479204337264, -28.23106617379499], [-50.75470166445672, -28.23076254574908], [-50.75500295888042, -28.22922822513943], [-50.75553483007161, -28.22797553048726], [-50.75576400726618, -28.22768045083657], [-50.75634872826999, -28.22776224817593], [-50.75693411880114, -28.227447989797], [-50.756847152288, -28.22718745012292], [-50.75586466062447, -28.22656103661527], [-50.75633902708834, -28.22368199163787], [-50.75635342142831, -28.22272499456773], [-50.75673653817163, -28.22156789973805]]]}}, {"type": "Feature", "properties": {"cod_imovel": "SC-4201000-FB2DD3D7397F40FF9CA3EF2541DFFE0E", "municipio": "Anita Garibaldi", "num_area": 12.7874, "mod_fiscal": 0.6394, "des_condic": "Aguardando analise", "ind_status": "AT", "dat_atuali": "09/06/2025"}, "geometry": {"type": "Polygon", "coordinates": [[[-51.00112546208377, -27.79579393965138], [-51.00395392517241, -27.79565148426221], [-51.00398712109133, -27.79504111653644], [-51.00370030890753, -27.79337720418834], [-51.00384118064218, -27.79307666605224], [-50.99778886930516, -27.79327093025778], [-50.99789058205711, -27.79389585757961], [-50.99865274216848, -27.79401099471283], [-50.99970739008208, -27.79452392782559], [-51.00112546208377, -27.79579393965138]]]}}, {"type": "Feature", "properties": {"cod_imovel": "SC-4201000-50FD1E80AA10494CA9C7ED540AD83B9A", "municipio": "Anita Garibaldi", "num_area": 12.8355, "mod_fiscal": 0.6418, "des_condic": "Aguardando analise", "ind_status": "AT", "dat_atuali": "09/06/2025"}, "geometry": {"type": "Polygon", "coordinates": [[[-51.05553614640098, -27.80509288893562], [-51.05588284227077, -27.80526757057398], [-51.05580459118604, -27.80546812069409], [-51.05669424326679, -27.80650775052389], [-51.06204651812568, -27.80648188459315], [-51.06215856875662, -27.80583688666826], [-51.06083648297402, -27.80493878533476], [-51.05638592960654, -27.80389134530504], [-51.05553614640098, -27.80509288893562]]]}}, {"type": "Feature", "properties": {"cod_imovel": "SC-4201000-090C159AD04842F6A1E7D75E89AB2DEE", "municipio": "Anita Garibaldi", "num_area": 8.7735, "mod_fiscal": 0.4387, "des_condic": "Aguardando analise", "ind_status": "AT", "dat_atuali": "21/05/2025"}, "geometry": {"type": "Polygon", "coordinates": [[[-51.05846104507705, -27.84837656106797], [-51.05705743893856, -27.84735846771656], [-51.05712299569358, -27.84768850230385], [-51.05626390428165, -27.84918338819128], [-51.05638520173989, -27.84960414597488], [-51.05678218783645, -27.8499583439599], [-51.05773074313002, -27.85006644771399], [-51.05982398276131, -27.85211212118216], [-51.06087482218349, -27.8508515055296], [-51.05962535579052, -27.84957948836444], [-51.05889560174954, -27.84979964291861], [-51.05863193454277, -27.84936119492792], [-51.05846104507705, -27.84837656106797]]]}}, {"type": "Feature", "properties": {"cod_imovel": "SC-4201000-32E4828BEF004B6989FBB22C50DD2E67", "municipio": "Anita Garibaldi", "num_area": 36.5318, "mod_fiscal": 1.8266, "des_condic": "Aguardando analise", "ind_status": "AT", "dat_atuali": "15/05/2025"}, "geometry": {"type": "Polygon", "coordinates": [[[-51.03426776386608, -27.82543644691717], [-51.03372573852539, -27.823174534328306], [-51.02949417901917, -27.82366747483148], [-51.02690525504499, -27.82413785015451], [-51.02442781295014, -27.82486545010898], [-51.01767539978027, -27.827690966184626], [-51.01820794423993, -27.82868020530658], [-51.01896286010742, -27.829171100446704], [-51.02003574371337, -27.82924700422374], [-51.0223101997905, -27.82867133545167], [-51.022095680236816, -27.828905436809016], [-51.02235399981513, -27.82863371958024], [-51.02329730987549, -27.82753915640113], [-51.02477993020752, -27.82662226754617], [-51.02617263793945, -27.826324670489633], [-51.02758549915851, -27.82627797973134], [-51.02874755859374, -27.82514812430507], [-51.03092454579396, -27.82540745268123], [-51.03426776386608, -27.82543644691717]]]}}, {"type": "Feature", "properties": {"cod_imovel": "SC-4201000-AB71E11937A142B6B40BE88C005A686F", "municipio": "Anita Garibaldi", "num_area": 20.1969, "mod_fiscal": 1.0098, "des_condic": "Aguardando analise", "ind_status": "AT", "dat_atuali": "15/05/2025"}, "geometry": {"type": "Polygon", "coordinates": [[[-51.08454622358959, -27.77518737478931], [-51.08536226289116, -27.77843179772892], [-51.08874999362995, -27.7750199580387], [-51.08720544299452, -27.77264712975074], [-51.08569230443371, -27.7711620614736], [-51.08431535421534, -27.77148370721584], [-51.08454622358959, -27.77518737478931]]]}}, {"type": "Feature", "properties": {"cod_imovel": "SC-4201000-F2848EA8C0E743CFADB9108244FF6235", "municipio": "Anita Garibaldi", "num_area": 35.8408, "mod_fiscal": 1.79, "des_condic": "Aguardando analise", "ind_status": "AT", "dat_atuali": "03/07/2026"}, "geometry": {"type": "Polygon", "coordinates": [[[-51.175366462, -27.752363279], [-51.176638911, -27.750807225], [-51.177854845, -27.746715414], [-51.177335829, -27.746233988], [-51.176878217, -27.74526231], [-51.175343578, -27.744607261], [-51.174573481, -27.744411424], [-51.171875746, -27.745154687], [-51.17243356, -27.745981436], [-51.172510069, -27.746452113], [-51.171874987, -27.748136001], [-51.172201817, -27.74931766], [-51.172991658, -27.750707367], [-51.173908996, -27.751524117], [-51.175366462, -27.752363279]]]}}, {"type": "Feature", "properties": {"cod_imovel": "SC-4201000-54FCA120BAED4848ABCAC2F772C3DFA6", "municipio": "Anita Garibaldi", "num_area": 98.8856, "mod_fiscal": 4.94, "des_condic": "Aguardando analise", "ind_status": "AT", "dat_atuali": "26/05/2026"}, "geometry": {"type": "Polygon", "coordinates": [[[-51.057281219, -27.749127367], [-51.057669462, -27.750612502], [-51.059448767, -27.750554983], [-51.064195036, -27.747846733], [-51.065748562, -27.747351849], [-51.067894313, -27.74638278], [-51.069343003, -27.744812681], [-51.06943826, -27.744507815], [-51.068883542, -27.744113883], [-51.068860666, -27.74329777], [-51.068090868, -27.74285623], [-51.066791062, -27.742999915], [-51.065889571, -27.742656973], [-51.065262082, -27.742909132], [-51.064527241, -27.742490902], [-51.063605257, -27.742676946], [-51.063413858, -27.742459423], [-51.063432182, -27.741967733], [-51.063083353, -27.741702851], [-51.062750603, -27.741072683], [-51.061966803, -27.741546175], [-51.061222384, -27.741417646], [-51.060393674, -27.741628824], [-51.059422752, -27.741530888], [-51.059050047, -27.741861008], [-51.058271123, -27.741946207], [-51.057871969, -27.741872005], [-51.057593359, -27.741511133], [-51.057256268, -27.741368753], [-51.056419716, -27.741555364], [-51.055969521, -27.741487361], [-51.055637761, -27.742065056], [-51.055182299, -27.742380258], [-51.05492615, -27.743294209], [-51.053976737, -27.74456969], [-51.054491722, -27.746620665], [-51.057281219, -27.749127367]]]}}, {"type": "Feature", "properties": {"cod_imovel": "SC-4201000-3ACBD0A4531649BAB39F1ECF8CA16AF3", "municipio": "Anita Garibaldi", "num_area": 44.6284, "mod_fiscal": 2.2314, "des_condic": "Aguardando analise", "ind_status": "AT", "dat_atuali": "26/11/2018"}, "geometry": {"type": "Polygon", "coordinates": [[[-51.12848053388566, -27.77970914301791], [-51.12785703619513, -27.77860045066053], [-51.12344776863951, -27.78116017230553], [-51.1206944866688, -27.78217258918368], [-51.11932509321822, -27.7828579875114], [-51.12013148964677, -27.78386833452514], [-51.12069101852247, -27.78492318792524], [-51.12118545471477, -27.78523372144078], [-51.1218192013833, -27.78626104998606], [-51.12244601601798, -27.78668356672634], [-51.12263436925048, -27.78660945852728], [-51.12391351587619, -27.78694029818372], [-51.12570402150225, -27.78586046364024], [-51.12589531103541, -27.78559665005996], [-51.1258406677966, -27.78507983730027], [-51.12635855307886, -27.78346308586278], [-51.13042232829583, -27.78069839085103], [-51.12848053388566, -27.77970914301791]]]}}, {"type": "Feature", "properties": {"cod_imovel": "SC-4201000-68AB6EF1709D4C61A4E8653D73CB5A7F", "municipio": "Anita Garibaldi", "num_area": 30.806, "mod_fiscal": 1.5403, "des_condic": "Aguardando analise", "ind_status": "AT", "dat_atuali": "03/05/2018"}, "geometry": {"type": "Polygon", "coordinates": [[[-51.11472685939746, -27.78827453191251], [-51.1144244305007, -27.78711681199737], [-51.11211052866985, -27.78949026825269], [-51.11304364406306, -27.79041538024561], [-51.11366170354116, -27.79071640867437], [-51.1157591655878, -27.7928184486119], [-51.11590323845951, -27.79372601744339], [-51.11565355681436, -27.79472841044164], [-51.11562277733479, -27.79566227099858], [-51.1149672132076, -27.79754446722108], [-51.11674718964495, -27.79902232281139], [-51.11746099830296, -27.79596196947423], [-51.11792883822684, -27.79481688689304], [-51.11973924446409, -27.794609156288], [-51.1180299883939, -27.79220417139165], [-51.11769662349138, -27.79123506573072], [-51.11544433414034, -27.78980035031305], [-51.11472685939746, -27.78827453191251]]]}}, {"type": "Feature", "properties": {"cod_imovel": "SC-4201000-5F18EE0D0A904E11A0909B2A72D4225A", "municipio": "Anita Garibaldi", "num_area": 55.0939, "mod_fiscal": 2.7547, "des_condic": "Aguardando analise", "ind_status": "AT", "dat_atuali": "11/04/2016"}, "geometry": {"type": "Polygon", "coordinates": [[[-51.12856392095951, -27.77974135232198], [-51.12736701965332, -27.777999884757048], [-51.1188268661499, -27.782366321759486], [-51.11952190833137, -27.7834861943029], [-51.1201443701526, -27.78390336420747], [-51.12063848610807, -27.78484872883022], [-51.12165947849929, -27.78549200527701], [-51.1223693874302, -27.78666156119411], [-51.12402373358702, -27.78707709125214], [-51.12582206726074, -27.785631542688837], [-51.12642288208007, -27.783543331302354], [-51.13095615416258, -27.78086794537972], [-51.12856392095951, -27.77974135232198]]]}}, {"type": "Feature", "properties": {"cod_imovel": "SC-4201000-B9F873E389834A2DB577A7197C6C804A", "municipio": "Anita Garibaldi", "num_area": 11.1337, "mod_fiscal": 0.5567, "des_condic": "Aguardando analise", "ind_status": "AT", "dat_atuali": "17/06/2015"}, "geometry": {"type": "Polygon", "coordinates": [[[-51.13141636091439, -27.78104130499644], [-51.13061596324103, -27.78065537123122], [-51.12869388404814, -27.78198228886621], [-51.12617443782725, -27.78326585050856], [-51.12796787704239, -27.78465096075539], [-51.12996903830275, -27.78352736965408], [-51.1321082175707, -27.78192778232698], [-51.13141636091439, -27.78104130499644]]]}}, {"type": "Feature", "properties": {"cod_imovel": "SC-4201000-EF80867CE60543DFAAAC0D3FEB4AE84E", "municipio": "Anita Garibaldi", "num_area": 4.4348, "mod_fiscal": 0.2217, "des_condic": "Aguardando analise", "ind_status": "AT", "dat_atuali": "01/06/2017"}, "geometry": {"type": "Polygon", "coordinates": [[[-51.15098935071443, -27.77484180836557], [-51.15125282901595, -27.77556967915884], [-51.1541409923343, -27.77473630939259], [-51.15415115111588, -27.77460975893985], [-51.15326066380384, -27.77353801215917], [-51.15261441211863, -27.77308859972775], [-51.15098935071443, -27.77484180836557]]]}}, {"type": "Feature", "properties": {"cod_imovel": "SC-4201000-95D1E82797A1462DB339D6E465E9D90E", "municipio": "Anita Garibaldi", "num_area": 26.6908, "mod_fiscal": 1.3345, "des_condic": "Aguardando analise", "ind_status": "AT", "dat_atuali": "20/01/2025"}, "geometry": {"type": "Polygon", "coordinates": [[[-51.18300109119217, -27.74952310206125], [-51.18277335468802, -27.74956544860339], [-51.17967907474952, -27.75347286970266], [-51.18124842219108, -27.75351719850725], [-51.18225323381342, -27.754477046273], [-51.1822734883032, -27.75487953081252], [-51.18284767864415, -27.7555467105576], [-51.18500099987676, -27.75502322938542], [-51.18662712507519, -27.75443867308808], [-51.18771813734772, -27.75364386148969], [-51.18660759156528, -27.75247949318104], [-51.18300109119217, -27.74952310206125]]]}}, {"type": "Feature", "properties": {"cod_imovel": "SC-4201000-67F810305ACA49EABEF3261F2C6C3740", "municipio": "Anita Garibaldi", "num_area": 4.2568, "mod_fiscal": 0.2128, "des_condic": "Aguardando analise", "ind_status": "AT", "dat_atuali": "12/05/2015"}, "geometry": {"type": "Polygon", "coordinates": [[[-51.10287802125889, -27.78464039228346], [-51.10028609486243, -27.78248464701415], [-51.09932855208761, -27.78310914447623], [-51.10149697272931, -27.78522589353188], [-51.10287802125889, -27.78464039228346]]]}}, {"type": "Feature", "properties": {"cod_imovel": "SC-4201000-D91540FB17A1470C80E924488E9F1C01", "municipio": "Anita Garibaldi", "num_area": 5.3696, "mod_fiscal": 0.2685, "des_condic": "Aguardando analise", "ind_status": "AT", "dat_atuali": "10/11/2020"}, "geometry": {"type": "Polygon", "coordinates": [[[-51.05296742075424, -27.80903102340312], [-51.05062324581144, -27.80921041936101], [-51.05116749912065, -27.81136802178861], [-51.0537366498148, -27.81062577406186], [-51.05296742075424, -27.80903102340312]]]}}, {"type": "Feature", "properties": {"cod_imovel": "SC-4201000-5A86D4B8BD6A40468AB2D3502693A9A7", "municipio": "Anita Garibaldi", "num_area": 9.6298, "mod_fiscal": 0.4815, "des_condic": "Aguardando analise", "ind_status": "AT", "dat_atuali": "08/04/2026"}, "geometry": {"type": "Polygon", "coordinates": [[[-51.1716040327432, -27.74871779822471], [-51.17160961668636, -27.74785285434826], [-51.17013631708799, -27.74755935899083], [-51.16964058093073, -27.74869982914992], [-51.16924543988884, -27.74903440789268], [-51.16906355712783, -27.74993473019745], [-51.17203732849612, -27.75172698390245], [-51.17271777654417, -27.7512449112548], [-51.17322877376651, -27.7511755382153], [-51.17285158784143, -27.75082163858161], [-51.17243087500682, -27.74987027349107], [-51.1716040327432, -27.74871779822471]]]}}, {"type": "Feature", "properties": {"cod_imovel": "SC-4201000-757726CC2D7548AC9CB32121967CAECD", "municipio": "Anita Garibaldi", "num_area": 8.4057, "mod_fiscal": 0.4203, "des_condic": "Aguardando analise", "ind_status": "AT", "dat_atuali": "27/03/2026"}, "geometry": {"type": "Polygon", "coordinates": [[[-51.12062338696396, -27.82031396468395], [-51.12052395333564, -27.81992896989836], [-51.11951010398725, -27.82024376742323], [-51.11874810816795, -27.82300170238367], [-51.11914068284898, -27.82336050897844], [-51.12053756610845, -27.82356302324514], [-51.12091219635676, -27.8227218766428], [-51.12124432938164, -27.82299553862945], [-51.12210881718748, -27.82176289688911], [-51.12157427084657, -27.82086010105637], [-51.12062338696396, -27.82031396468395]]]}}, {"type": "Feature", "properties": {"cod_imovel": "SC-4201000-91EAEE93235441F28A9DBA852624E4F6", "municipio": "Anita Garibaldi", "num_area": 12.9252, "mod_fiscal": 0.6463, "des_condic": "Aguardando analise", "ind_status": "AT", "dat_atuali": "25/03/2026"}, "geometry": {"type": "Polygon", "coordinates": [[[-51.21828185987149, -27.75809467657539], [-51.21736329499946, -27.75692410932644], [-51.21725100664989, -27.75795474085138], [-51.21533268728861, -27.76191384870141], [-51.21843334606514, -27.76226214526763], [-51.2187169648376, -27.76180339349999], [-51.2187872014549, -27.76111895760405], [-51.21925997593932, -27.76016555037074], [-51.21942767873772, -27.7592194245267], [-51.21871558951084, -27.75831948931108], [-51.21828185987149, -27.75809467657539]]]}}, {"type": "Feature", "properties": {"cod_imovel": "SC-4201000-2E7F92D125234BFDA64841CFF4DBBF0D", "municipio": "Anita Garibaldi", "num_area": 7.6544, "mod_fiscal": 0.3827, "des_condic": "Aguardando analise", "ind_status": "AT", "dat_atuali": "20/03/2026"}, "geometry": {"type": "Polygon", "coordinates": [[[-51.2024896795425, -27.76114400807861], [-51.20284179148008, -27.76101872100343], [-51.20273550897799, -27.76024690765526], [-51.20196769320914, -27.75938890598464], [-51.20152938362696, -27.75971854839223], [-51.20105337281956, -27.75933022521764], [-51.20039897364244, -27.75924636529043], [-51.20109765130075, -27.75790371952323], [-51.20072655998514, -27.75763203508784], [-51.19970838409679, -27.7578321987117], [-51.19979148113087, -27.75870641726167], [-51.19920744786719, -27.7589822759461], [-51.20007373663423, -27.76147366529724], [-51.20234572624801, -27.76080614843996], [-51.2024896795425, -27.76114400807861]]]}}, {"type": "Feature", "properties": {"cod_imovel": "SC-4201000-3CD2C0A13FC54389B511E45163855108", "municipio": "Anita Garibaldi", "num_area": 33.1574, "mod_fiscal": 1.6579, "des_condic": "Aguardando analise", "ind_status": "AT", "dat_atuali": "20/03/2026"}, "geometry": {"type": "Polygon", "coordinates": [[[-51.19998068207929, -27.75458710205229], [-51.19793292730767, -27.75574487610679], [-51.19853138923645, -27.758671550252185], [-51.197898387908936, -27.75893738559877], [-51.198381185531616, -27.75951652464192], [-51.19884252548218, -27.761890013120485], [-51.200129985809326, -27.761453295125676], [-51.19959354400634, -27.759345631474233], [-51.200693249702454, -27.75763193793125], [-51.201122403144836, -27.757916764212045], [-51.20075762271881, -27.758771238583233], [-51.20136916637421, -27.75923644958774], [-51.20128870010376, -27.759378860722293], [-51.20158910751343, -27.759668429454653], [-51.20190024375915, -27.759431078091616], [-51.202179193496704, -27.75961146517473], [-51.202651262283325, -27.760238070614463], [-51.20292332635093, -27.76105898449718], [-51.20481614919285, -27.76130607354103], [-51.20401780306385, -27.75957774838752], [-51.20413169424846, -27.75877487495495], [-51.20462742968505, -27.75764606954486], [-51.20395058553559, -27.75559817864267], [-51.20293560116495, -27.75551857639513], [-51.19998068207929, -27.75458710205229]]]}}, {"type": "Feature", "properties": {"cod_imovel": "SC-4201000-2A65ED2A06814BCA81B10E18A93733A5", "municipio": "Anita Garibaldi", "num_area": 37.7718, "mod_fiscal": 1.8886, "des_condic": "Aguardando analise", "ind_status": "AT", "dat_atuali": "18/03/2026"}, "geometry": {"type": "Polygon", "coordinates": [[[-51.09871558742503, -27.7643949967678], [-51.09882442762058, -27.76606656617011], [-51.10625933992597, -27.76819100869876], [-51.10864098960491, -27.76835412484919], [-51.1092982773726, -27.76475940290357], [-51.10692136150366, -27.76448278397129], [-51.10638256137873, -27.7643011117899], [-51.10575391188961, -27.76382014078758], [-51.10432893927192, -27.76349070243928], [-51.10199637549157, -27.76389191490349], [-51.10064675065603, -27.7638387988802], [-51.10017490735414, -27.76410501970085], [-51.09871558742503, -27.7643949967678]]]}}, {"type": "Feature", "properties": {"cod_imovel": "SC-4201000-A5FD498076504065A30BCA68FC16AE0C", "municipio": "Anita Garibaldi", "num_area": 12.1185, "mod_fiscal": 0.6059, "des_condic": "Aguardando analise", "ind_status": "AT", "dat_atuali": "03/04/2025"}, "geometry": {"type": "Polygon", "coordinates": [[[-51.05665483305301, -27.80655581510112], [-51.05691503177204, -27.80759070119382], [-51.05848277228224, -27.80865151338469], [-51.05926759724613, -27.8094491429807], [-51.05959606295367, -27.80952072037135], [-51.05968496034607, -27.81003883547087], [-51.06024337476502, -27.81030423085594], [-51.06206253894732, -27.80658380293879], [-51.05665483305301, -27.80655581510112]]]}}, {"type": "Feature", "properties": {"cod_imovel": "SC-4201000-6B1388EA35DF4B47BCAF63E4B99262B8", "municipio": "Anita Garibaldi", "num_area": 20.0504, "mod_fiscal": 1.0025, "des_condic": "Aguardando analise", "ind_status": "AT", "dat_atuali": "26/02/2025"}, "geometry": {"type": "Polygon", "coordinates": [[[-51.06633210024819, -27.75903783240951], [-51.06680212189304, -27.76186320734908], [-51.06893325827628, -27.76193312178848], [-51.07209425276743, -27.76176560933439], [-51.07218622042048, -27.76067064765212], [-51.07281890624377, -27.75975211609845], [-51.0728303884387, -27.75952500201523], [-51.07216146260143, -27.75898740513661], [-51.07007090819437, -27.75941000188938], [-51.06981043043545, -27.7583337463083], [-51.0692352738398, -27.75785796106222], [-51.06633210024819, -27.75903783240951]]]}}, {"type": "Feature", "properties": {"cod_imovel": "SC-4201000-90AAD4C04C494C09BA0E3FF248913656", "municipio": "Anita Garibaldi", "num_area": 5.4191, "mod_fiscal": 0.271, "des_condic": "Aguardando analise", "ind_status": "AT", "dat_atuali": "12/02/2025"}, "geometry": {"type": "Polygon", "coordinates": [[[-51.07342420582993, -27.78292996656257], [-51.0728118372429, -27.7827327910961], [-51.07283310628315, -27.78224996307977], [-51.07215064471188, -27.78129856395409], [-51.07210855087773, -27.78097111991311], [-51.07048888051223, -27.7812500993171], [-51.06957814835496, -27.78159928781693], [-51.07225320005794, -27.78366042792707], [-51.07342420582993, -27.78292996656257]]]}}, {"type": "Feature", "properties": {"cod_imovel": "SC-4201000-2519655B41F24092BDE69D8522DE9AE1", "municipio": "Anita Garibaldi", "num_area": 69.988, "mod_fiscal": 3.4994, "des_condic": "Aguardando analise", "ind_status": "AT", "dat_atuali": "22/01/2025"}, "geometry": {"type": "Polygon", "coordinates": [[[-51.04038640281992, -27.79275947794119], [-51.04303541352373, -27.79067256277395], [-51.04284596764749, -27.78831208817491], [-51.04258695328503, -27.78787290977579], [-51.0422153246582, -27.78781650286211], [-51.04097930084818, -27.78865075007649], [-51.04032903690469, -27.78930498366485], [-51.03995695924546, -27.79022434311212], [-51.03946955519631, -27.79087052628436], [-51.03906430453391, -27.79092454137726], [-51.03853099174981, -27.78992177300367], [-51.03813815371932, -27.78980291377924], [-51.03723833083569, -27.79015861536365], [-51.03640680659992, -27.79106989983187], [-51.03508403324867, -27.79145662959046], [-51.03446343930767, -27.79145382938734], [-51.03243098583399, -27.79087800089792], [-51.03238977149149, -27.79425556760757], [-51.03105838676838, -27.79890647166111], [-51.03152775060124, -27.80135546074792], [-51.03271700654754, -27.79983102208406], [-51.0348873559034, -27.79804910769598], [-51.03821514419296, -27.79623067967295], [-51.04038640281992, -27.79275947794119]]]}}, {"type": "Feature", "properties": {"cod_imovel": "SC-4201000-0D34139B659E48A9BCBD31C8FD185FA6", "municipio": "Anita Garibaldi", "num_area": 41.6626, "mod_fiscal": 2.0831, "des_condic": "Aguardando analise", "ind_status": "AT", "dat_atuali": "18/11/2024"}, "geometry": {"type": "Polygon", "coordinates": [[[-51.23361388825148, -27.75115625977989], [-51.23610661015992, -27.75327114400822], [-51.23874322925857, -27.75152267699875], [-51.24010727241378, -27.7500440434464], [-51.24181158550394, -27.74684491041091], [-51.24062941815623, -27.74576616594099], [-51.23978294041092, -27.74588918965972], [-51.23880673600166, -27.74542171943631], [-51.23654464503127, -27.74514427885206], [-51.23558200976737, -27.74774525503493], [-51.23439214239245, -27.74968656863673], [-51.23349744356705, -27.75042667371771], [-51.23361388825148, -27.75115625977989]]]}}, {"type": "Feature", "properties": {"cod_imovel": "SC-4201000-649FAF6E419148D5A068A2F31CF57711", "municipio": "Anita Garibaldi", "num_area": 39.2604, "mod_fiscal": 1.963, "des_condic": "Aguardando analise", "ind_status": "AT", "dat_atuali": "11/11/2024"}, "geometry": {"type": "Polygon", "coordinates": [[[-51.12354755401611, -27.821276817823286], [-51.12470626831055, -27.820043284307445], [-51.12131488278072, -27.81855897629732], [-51.1214017868042, -27.81740537330074], [-51.124234199523926, -27.81484331205967], [-51.123225688934326, -27.814198042663094], [-51.12169197191952, -27.81388182656317], [-51.11980026794208, -27.8147612283083], [-51.11927983738956, -27.81523264865187], [-51.11928551262536, -27.81596337356178], [-51.11726851220949, -27.81725306931688], [-51.11661227337844, -27.81867360401723], [-51.11599804603937, -27.81938914400923], [-51.11669377790609, -27.81969831859842], [-51.11721121757997, -27.8191214683453], [-51.1181152546902, -27.81967716378796], [-51.11960640888343, -27.82075697110707], [-51.12118721008301, -27.82304169525269], [-51.12354755401611, -27.821276817823286]]]}}, {"type": "Feature", "properties": {"cod_imovel": "SC-4201000-3F519C941088459A958A28CC6740A66F", "municipio": "Anita Garibaldi", "num_area": 239.0601, "mod_fiscal": 11.953, "des_condic": "Aguardando analise", "ind_status": "AT", "dat_atuali": "25/09/2024"}, "geometry": {"type": "Polygon", "coordinates": [[[-51.04431355743388, -27.73318848866604], [-51.04445875481604, -27.73284478317042], [-51.04346966724172, -27.73148467452104], [-51.03883805483258, -27.7240360989256], [-51.03814282355182, -27.72456161583268], [-51.03551124364594, -27.7244548901161], [-51.03507088622334, -27.72416886073412], [-51.03421443228511, -27.72316756290038], [-51.03395352403516, -27.72262632898219], [-51.03379014410338, -27.72169148736413], [-51.03279008468464, -27.72122472344012], [-51.0323441021857, -27.72482142830075], [-51.03068322568684, -27.72628259728664], [-51.03118409400603, -27.72719227019836], [-51.03101556320844, -27.72753412533828], [-51.03106035556752, -27.72794100377223], [-51.03059426005308, -27.72865582136523], [-51.02990588163562, -27.72927053419701], [-51.02984856374566, -27.72981952917816], [-51.03012287727587, -27.73043333607957], [-51.03017877930833, -27.73157331563048], [-51.03216858177233, -27.73420362722701], [-51.03312425104109, -27.7351337931934], [-51.033466439003, -27.73597183395811], [-51.03357408936708, -27.7368480873313], [-51.0342919075413, -27.73753653804114], [-51.03340706833637, -27.73877695853194], [-51.03252812391961, -27.74087561417044], [-51.03076379909533, -27.74405624301247], [-51.03211987605921, -27.74642662732524], [-51.03239498025458, -27.74641701648506], [-51.03551278028277, -27.74329978530627], [-51.03740575038972, -27.74415686084009], [-51.03951550593399, -27.74541888262282], [-51.03863633299422, -27.74911072371102], [-51.03959556901686, -27.74925070078773], [-51.04057345702864, -27.75007550679339], [-51.04256946766446, -27.74896136972032], [-51.04491383182677, -27.74799831949575], [-51.04046322248643, -27.74315001035389], [-51.04289105525038, -27.74105919572941], [-51.03871098575974, -27.73887093827976], [-51.03876437681169, -27.7364655540641], [-51.03891209657897, -27.73624827600719], [-51.03997591796446, -27.73633338003197], [-51.04050350450267, -27.73621876947529], [-51.04158288450184, -27.7356459263921], [-51.04431355743388, -27.73318848866604]]]}}, {"type": "Feature", "properties": {"cod_imovel": "SC-4201000-5B5D71CDF69B4040806F0AC4735290A4", "municipio": "Anita Garibaldi", "num_area": 114.6395, "mod_fiscal": 5.732, "des_condic": "Aguardando analise", "ind_status": "AT", "dat_atuali": "10/08/2022"}, "geometry": {"type": "Polygon", "coordinates": [[[-51.1319451861111, -27.75072685755], [-51.1298008138889, -27.75283540755], [-51.1280035916667, -27.75369310755], [-51.1273454305556, -27.7548728992166], [-51.1273742888889, -27.7550286353277], [-51.1294349194444, -27.7561955269944], [-51.1311602583333, -27.7568919797721], [-51.1302286777778, -27.7577776992166], [-51.1305374305556, -27.7605600297721], [-51.1303444111111, -27.7606181964387], [-51.1316359194444, -27.7611602269943], [-51.1317763222222, -27.7616146603276], [-51.1320522416667, -27.7618988936609], [-51.1332960111111, -27.7617601381054], [-51.1339502888889, -27.7622506325498], [-51.1351292611111, -27.7625652158831], [-51.1362520111111, -27.7637455186609], [-51.1361561888889, -27.7644143881053], [-51.1362991055556, -27.7646769575498], [-51.1367730305556, -27.7649654269942], [-51.1371388916667, -27.7649922575498], [-51.1367504194444, -27.7661100853275], [-51.1415680638889, -27.7644603103275], [-51.1404911416667, -27.7629001686609], [-51.1405963833333, -27.762089679772], [-51.1401113277778, -27.7610810686609], [-51.1400338333333, -27.7597777519943], [-51.1404428555556, -27.7593510464387], [-51.1404909527778, -27.7590549908832], [-51.1398465333333, -27.7584008075499], [-51.1383633388889, -27.7579778047721], [-51.1374892333333, -27.7570441214388], [-51.1371851305556, -27.7560638631055], [-51.1373331333333, -27.7556162103277], [-51.1372569055556, -27.7547112492166], [-51.1374477666667, -27.7542939936611], [-51.1373991888889, -27.7539700131055], [-51.1363396694444, -27.7531285242166], [-51.1355546305556, -27.7519782853278], [-51.13361735, -27.7508885519945], [-51.1327458055556, -27.7515427464389], [-51.1319451861111, -27.75072685755]]]}}, {"type": "Feature", "properties": {"cod_imovel": "SC-4201000-7075C1CDC2854B8C93462734290D4A05", "municipio": "Anita Garibaldi", "num_area": 22.128, "mod_fiscal": 1.1064, "des_condic": "Aguardando analise", "ind_status": "AT", "dat_atuali": "21/10/2024"}, "geometry": {"type": "Polygon", "coordinates": [[[-51.17039220092276, -27.75674006130341], [-51.17170974836196, -27.75809087133733], [-51.17277138188914, -27.75507232426996], [-51.17475321965427, -27.75540692635818], [-51.17635810883814, -27.7564466943877], [-51.17712644499336, -27.7560393273034], [-51.17561671465192, -27.75466442890585], [-51.17715078104151, -27.75339937155584], [-51.17598103640448, -27.75253666578526], [-51.17423873813418, -27.75259738653959], [-51.17387705617034, -27.75221969387793], [-51.17232417388117, -27.75195586600961], [-51.1717763045058, -27.7522222288222], [-51.17155535646481, -27.75332065483072], [-51.17101523710175, -27.75432318899138], [-51.17070673064746, -27.75532892011189], [-51.17039220092276, -27.75674006130341]]]}}, {"type": "Feature", "properties": {"cod_imovel": "SC-4201000-447DE56669B649A49F0540C56BB2E482", "municipio": "Anita Garibaldi", "num_area": 32.9152, "mod_fiscal": 1.6458, "des_condic": "Aguardando analise", "ind_status": "AT", "dat_atuali": "18/10/2024"}, "geometry": {"type": "Polygon", "coordinates": [[[-51.14268639, -27.77339028], [-51.14182028, -27.77343222], [-51.13496083, -27.77657222], [-51.13573361, -27.77769528], [-51.14085, -27.77700361], [-51.14188306, -27.77862028], [-51.14312639, -27.7789375], [-51.14353167, -27.77934361], [-51.1441775, -27.77938472], [-51.14442306, -27.77917167], [-51.14467806, -27.77835722], [-51.14500889, -27.77822417], [-51.14563444, -27.77718417], [-51.14559056, -27.777045], [-51.14478722, -27.776915], [-51.14385028, -27.77620056], [-51.14370444, -27.77580861], [-51.14386056, -27.77502917], [-51.14373472, -27.774285], [-51.14323222, -27.77353694], [-51.14268639, -27.77339028]]]}}, {"type": "Feature", "properties": {"cod_imovel": "SC-4201000-F5750429ACBB47D48A27EC9976F250ED", "municipio": "Anita Garibaldi", "num_area": 43.4702, "mod_fiscal": 2.1735, "des_condic": "Aguardando analise", "ind_status": "AT", "dat_atuali": "18/10/2024"}, "geometry": {"type": "Polygon", "coordinates": [[[-51.11009528, -27.7774325], [-51.10385111, -27.77557528], [-51.10352361, -27.78425528], [-51.10492472, -27.78325083], [-51.10584972, -27.78285528], [-51.10716278, -27.78258583], [-51.10773833, -27.78185389], [-51.10868111, -27.78114306], [-51.10947639, -27.78100111], [-51.11170667, -27.77991972], [-51.11167389, -27.77972361], [-51.11108583, -27.77932056], [-51.11087611, -27.7788725], [-51.11025306, -27.77854278], [-51.11009528, -27.7774325]]]}}, {"type": "Feature", "properties": {"cod_imovel": "SC-4201000-404CBB34CC2A4BFE9061556C2C6C5B18", "municipio": "Anita Garibaldi", "num_area": 42.1128, "mod_fiscal": 2.1056, "des_condic": "Aguardando analise", "ind_status": "AT", "dat_atuali": "18/10/2024"}, "geometry": {"type": "Polygon", "coordinates": [[[-51.1373575, -27.7681475], [-51.13154972, -27.77180944], [-51.13496083, -27.77657222], [-51.14182028, -27.77343222], [-51.14083056, -27.77321778], [-51.13975222, -27.77325722], [-51.13904778, -27.77268778], [-51.13845111, -27.77249], [-51.13826722, -27.77200611], [-51.13819194, -27.77005472], [-51.13768, -27.7695225], [-51.13791333, -27.76864028], [-51.1373575, -27.7681475]]]}}, {"type": "Feature", "properties": {"cod_imovel": "SC-4201000-791FA84008BC444B967FCFDBE9D6D023", "municipio": "Anita Garibaldi", "num_area": 97.2209, "mod_fiscal": 4.861, "des_condic": "Aguardando analise", "ind_status": "AT", "dat_atuali": "17/10/2024"}, "geometry": {"type": "Polygon", "coordinates": [[[-51.12068444000001, -27.76860056], [-51.11978806, -27.76944861], [-51.11930278, -27.77048778], [-51.11720917000001, -27.77078556], [-51.11651861, -27.771215], [-51.11556056, -27.77140944], [-51.11403722, -27.77199361], [-51.11348889, -27.77196861], [-51.11269194, -27.77234722], [-51.11034694, -27.77237778], [-51.10967944, -27.77293528], [-51.10924667, -27.7730975], [-51.10919083, -27.77384972], [-51.10886806, -27.77427611], [-51.10904056, -27.77560333], [-51.10965972, -27.77617278], [-51.11018806000001, -27.77708028], [-51.11036861, -27.77846667], [-51.11089806, -27.77871333], [-51.11130528, -27.77936389], [-51.112075, -27.77989972], [-51.1125225, -27.78094861], [-51.11589417, -27.77841222], [-51.11660972, -27.77876306], [-51.11681222, -27.77912639], [-51.11871957778931, -27.776979442144775], [-51.11942861, -27.77684639], [-51.12193222, -27.77445611], [-51.12183094024658, -27.772949786852013], [-51.12203333, -27.77227806], [-51.12284639, -27.7710725], [-51.12273333, -27.77032528], [-51.12068444000001, -27.76860056]]]}}, {"type": "Feature", "properties": {"cod_imovel": "SC-4201000-67D79616673A4A4AB1CCBEA1228F456F", "municipio": "Anita Garibaldi", "num_area": 58.5126, "mod_fiscal": 2.9256, "des_condic": "Cancelado por duplicidade", "ind_status": "CA", "dat_atuali": null}, "geometry": {"type": "Polygon", "coordinates": [[[-51.16137742996216, -27.78610613059314], [-51.15566699653042, -27.79043170854691], [-51.15946355214895, -27.79322500505806], [-51.16203081073167, -27.79425094883679], [-51.16390646818848, -27.79311003114197], [-51.16489481191572, -27.7927505781005], [-51.16734266281128, -27.790851895705845], [-51.16749286651611, -27.790111569985598], [-51.166934967041016, -27.789542085231776], [-51.16403818130493, -27.788118360296455], [-51.16401672363281, -27.787207166553756], [-51.16341463858242, -27.78653927204244], [-51.16137742996216, -27.78610613059314]]]}}, {"type": "Feature", "properties": {"cod_imovel": "SC-4201000-33D4C35F2354460CA4DFC882EB7A171A", "municipio": "Anita Garibaldi", "num_area": 17.5947, "mod_fiscal": 0.8797, "des_condic": "Aguardando analise", "ind_status": "AT", "dat_atuali": "30/09/2024"}, "geometry": {"type": "Polygon", "coordinates": [[[-51.09671925219277, -27.81465361464138], [-51.09712778634231, -27.81504838154762], [-51.0971970682097, -27.81568933915824], [-51.09687490867224, -27.81652986380932], [-51.09680957841552, -27.81693886583834], [-51.09695799462206, -27.8173270036156], [-51.09677148758564, -27.81742802329204], [-51.09654874444176, -27.81885200981484], [-51.09935676069166, -27.81838402523645], [-51.09920575222387, -27.81807027520859], [-51.09978926326277, -27.81546412063531], [-51.10181633185883, -27.81624971168253], [-51.10318412963912, -27.81639933544821], [-51.10354574887435, -27.81639136767706], [-51.10374410661486, -27.81551013406097], [-51.09754777734275, -27.81397479626008], [-51.09673454615185, -27.81433324817007], [-51.09671925219277, -27.81465361464138]]]}}, {"type": "Feature", "properties": {"cod_imovel": "SC-4201000-089DFB24C502444E8E0CC5BA5938DEE2", "municipio": "Anita Garibaldi", "num_area": 11.936, "mod_fiscal": 0.5968, "des_condic": "Aguardando analise", "ind_status": "AT", "dat_atuali": "16/09/2024"}, "geometry": {"type": "Polygon", "coordinates": [[[-51.01458543813905, -27.76675074947077], [-51.019220352172844, -27.763874209769607], [-51.015443801879876, -27.762640024718593], [-51.01322429911681, -27.76587930602821], [-51.01477041403414, -27.7660932993075], [-51.01458543813905, -27.76675074947077]]]}}, {"type": "Feature", "properties": {"cod_imovel": "SC-4201000-C3CCD37EFA7542428AF2F2DE60D8417F", "municipio": "Anita Garibaldi", "num_area": 17.6591, "mod_fiscal": 0.883, "des_condic": "Aguardando analise", "ind_status": "AT", "dat_atuali": "13/09/2024"}, "geometry": {"type": "Polygon", "coordinates": [[[-51.22685098166142, -27.74461381347536], [-51.22211576560979, -27.7498853309135], [-51.22091195302991, -27.7512770359732], [-51.22238289147947, -27.75233625170081], [-51.2280230108358, -27.74619433527037], [-51.22685098166142, -27.74461381347536]]]}}, {"type": "Feature", "properties": {"cod_imovel": "SC-4201000-3F27E5221EE940528BA069FD78399E08", "municipio": "Anita Garibaldi", "num_area": 22.275, "mod_fiscal": 1.1137, "des_condic": "Aguardando analise", "ind_status": "AT", "dat_atuali": "06/09/2024"}, "geometry": {"type": "Polygon", "coordinates": [[[-51.08520850984712, -27.8055826043516], [-51.08693192380159, -27.80597063933246], [-51.08969856203641, -27.80694600802865], [-51.09058856964111, -27.802639479776524], [-51.08949173639151, -27.80340332218063], [-51.08917236328125, -27.802449673735907], [-51.088528633117676, -27.801994137885693], [-51.085567474365234, -27.801310830529673], [-51.08520850984712, -27.8055826043516]]]}}, {"type": "Feature", "properties": {"cod_imovel": "SC-4201000-95ECD10DA531469E9724AE836A14A4EF", "municipio": "Anita Garibaldi", "num_area": 31.0545, "mod_fiscal": 1.5527, "des_condic": "Aguardando analise", "ind_status": "AT", "dat_atuali": "05/09/2024"}, "geometry": {"type": "Polygon", "coordinates": [[[-51.01700092134376, -27.78831974485934], [-51.0167682546036, -27.78793043240615], [-51.01628390946662, -27.78765350932282], [-51.01518043188391, -27.78651934049928], [-51.01394892885534, -27.78574760415611], [-51.01334950841597, -27.78558166328831], [-51.01348922211509, -27.78658064153757], [-51.01170853612676, -27.78620844646765], [-51.00999141590089, -27.78511400025631], [-51.00876310548426, -27.78392223184144], [-51.00769221119584, -27.78370460718229], [-51.00494851017561, -27.78396509444373], [-51.0040671634014, -27.7843075875578], [-51.00471899327656, -27.78561580816149], [-51.00478806255144, -27.78668053735932], [-51.00681679122603, -27.78617846446243], [-51.00741456315339, -27.78523552435619], [-51.00791340627442, -27.78508607208756], [-51.00923898630369, -27.78599742485463], [-51.01028873149982, -27.78619427965854], [-51.01116886560213, -27.78691626637734], [-51.01180888438878, -27.7871478028407], [-51.01236212691923, -27.78946465830818], [-51.01342268282067, -27.78990655965089], [-51.01396852651209, -27.79001682402986], [-51.01413763659083, -27.78991041521481], [-51.0150967792805, -27.7904671730063], [-51.01564794622817, -27.79037783688745], [-51.01618008046968, -27.78989324485903], [-51.01700092134376, -27.78831974485934]]]}}, {"type": "Feature", "properties": {"cod_imovel": "SC-4201000-B6556F881399444288287172D3706436", "municipio": "Anita Garibaldi", "num_area": 38.3947, "mod_fiscal": 1.9197, "des_condic": "Aguardando analise", "ind_status": "AT", "dat_atuali": "26/08/2024"}, "geometry": {"type": "Polygon", "coordinates": [[[-51.21430768298448, -27.76416932026879], [-51.21452808380127, -27.76201343310581], [-51.21409893035889, -27.761747605271225], [-51.21304896220637, -27.76289345938875], [-51.210150718688965, -27.75954500681047], [-51.209163665771484, -27.759924768345456], [-51.20826244354248, -27.760532384045753], [-51.21094016897668, -27.76381611064806], [-51.20640658118527, -27.7660923562226], [-51.209421157836914, -27.76865891796504], [-51.210365295410156, -27.769076620600707], [-51.2113094329834, -27.768582971858997], [-51.21302604675293, -27.76713998577356], [-51.21294021606445, -27.766190642387496], [-51.2124604192481, -27.76524106162091], [-51.21430768298448, -27.76416932026879]]]}}, {"type": "Feature", "properties": {"cod_imovel": "SC-4201000-9D17C259C2FD4A1C97EB891C43CC816F", "municipio": "Anita Garibaldi", "num_area": 11.9739, "mod_fiscal": 0.5987, "des_condic": "Aguardando analise", "ind_status": "AT", "dat_atuali": "23/08/2024"}, "geometry": {"type": "Polygon", "coordinates": [[[-51.0942342473838, -27.81182505915893], [-51.09250750440884, -27.81085079745802], [-51.09221129558863, -27.81227705669788], [-51.091097232544, -27.813681535881], [-51.090481675182, -27.81416917398729], [-51.09045225679762, -27.8152913087513], [-51.09316756094793, -27.81645547714437], [-51.09367123634295, -27.81398516505011], [-51.0931688544682, -27.81389990981344], [-51.0942342473838, -27.81182505915893]]]}}, {"type": "Feature", "properties": {"cod_imovel": "SC-4201000-A24663EA2B60495E8CBBC522B61097A4", "municipio": "Anita Garibaldi", "num_area": 31.6329, "mod_fiscal": 1.5816, "des_condic": "Aguardando analise", "ind_status": "AT", "dat_atuali": "20/08/2024"}, "geometry": {"type": "Polygon", "coordinates": [[[-51.01250333861415, -27.78071306672734], [-51.00899911451807, -27.77918199961726], [-51.00736958970069, -27.77882498432117], [-51.00672019931501, -27.77901873722583], [-51.0062384901961, -27.7809171300104], [-51.00509627240817, -27.78349817541167], [-51.00665917458218, -27.78361453256427], [-51.00739467615814, -27.78337083589642], [-51.00874647255026, -27.78354788467773], [-51.00935286907334, -27.78428381937785], [-51.01125642813013, -27.78559535269536], [-51.01201978886636, -27.78323841465977], [-51.01250333861415, -27.78071306672734]]]}}, {"type": "Feature", "properties": {"cod_imovel": "SC-4201000-CBAA653C4F564E94B43D1D62D9856BE9", "municipio": "Anita Garibaldi", "num_area": 14.0514, "mod_fiscal": 0.7026, "des_condic": "Aguardando analise", "ind_status": "AT", "dat_atuali": "25/06/2024"}, "geometry": {"type": "Polygon", "coordinates": [[[-51.04868526326169, -27.79034413304632], [-51.05113380977306, -27.78989339702231], [-51.04954515675298, -27.78878643350939], [-51.04681395691971, -27.78626286994939], [-51.0465992208652, -27.78722386201491], [-51.04499899232822, -27.78831686185638], [-51.0481551892072, -27.79180208510818], [-51.04818911649394, -27.79069936235996], [-51.04868526326169, -27.79034413304632]]]}}, {"type": "Feature", "properties": {"cod_imovel": "SC-4201000-E9E685C024A04FB7B8CDB9218780D99B", "municipio": "Anita Garibaldi", "num_area": 21.604, "mod_fiscal": 1.0802, "des_condic": "Aguardando analise", "ind_status": "AT", "dat_atuali": "14/05/2024"}, "geometry": {"type": "Polygon", "coordinates": [[[-51.05778266193938, -27.8136254531114], [-51.06027338110832, -27.81061142544993], [-51.05974634574971, -27.81015594905647], [-51.05955922067596, -27.80968488947896], [-51.05892716778015, -27.80930350048907], [-51.05836943642551, -27.80841441694758], [-51.05717972458808, -27.80797048958596], [-51.05365462981906, -27.81026978354791], [-51.05510963116176, -27.81293010661621], [-51.0563670215645, -27.81135082175502], [-51.05778266193938, -27.8136254531114]]]}}, {"type": "Feature", "properties": {"cod_imovel": "SC-4201000-2700F8E488C64345A2ABBCE653CD0BB4", "municipio": "Anita Garibaldi", "num_area": 28.4819, "mod_fiscal": 1.4241, "des_condic": "Aguardando analise", "ind_status": "AT", "dat_atuali": "24/11/2023"}, "geometry": {"type": "Polygon", "coordinates": [[[-51.2380628356028, -27.75454858932793], [-51.23725527601242, -27.75541237824364], [-51.23788361420752, -27.7559745961593], [-51.23523267218552, -27.75967006692815], [-51.23778293909349, -27.75980433696598], [-51.24185600077686, -27.76120389845891], [-51.24224408794962, -27.76271505068234], [-51.24296466784139, -27.76199016282973], [-51.24403896469742, -27.75951126936605], [-51.24103220454605, -27.75766755121799], [-51.23791817124386, -27.75532441935529], [-51.23840921743658, -27.75504776407052], [-51.2380628356028, -27.75454858932793]]]}}, {"type": "Feature", "properties": {"cod_imovel": "SC-4201000-8E836276B72A417B9A85621E33559489", "municipio": "Anita Garibaldi", "num_area": 53.2815, "mod_fiscal": 2.6641, "des_condic": "Aguardando analise", "ind_status": "AT", "dat_atuali": "18/11/2023"}, "geometry": {"type": "Polygon", "coordinates": [[[-51.22529983520508, -27.743479880743752], [-51.21932387351989, -27.740175412044927], [-51.216920614242554, -27.745293497682756], [-51.216909885406494, -27.745953418866513], [-51.21647536754608, -27.746224032872224], [-51.21622323989868, -27.746613336051983], [-51.21675968170166, -27.74822750512177], [-51.21783256530761, -27.749632762243845], [-51.21922731399536, -27.75060123970557], [-51.22529983520508, -27.743479880743752]]]}}, {"type": "Feature", "properties": {"cod_imovel": "SC-4201000-7700645EF4664925AE049E6D6129F4B3", "municipio": "Anita Garibaldi", "num_area": 19.0866, "mod_fiscal": 0.9543, "des_condic": "Aguardando analise", "ind_status": "AT", "dat_atuali": "18/11/2023"}, "geometry": {"type": "Polygon", "coordinates": [[[-51.21477710790612, -27.74486435730979], [-51.21443698652838, -27.74408702587198], [-51.21423202521542, -27.74439137145196], [-51.21396090576054, -27.746971215844], [-51.21574657118784, -27.74698850123499], [-51.21548568456761, -27.74747513369796], [-51.21524679552523, -27.74984636302664], [-51.21586247289777, -27.75071243046316], [-51.21747205785938, -27.75028233373541], [-51.21769526841071, -27.75007796761541], [-51.21728517012989, -27.74890054803491], [-51.21739431840283, -27.74799152974142], [-51.21819385954938, -27.74738537295114], [-51.21816586559498, -27.74691652952011], [-51.21969766024404, -27.74572875622222], [-51.21716253474737, -27.74462002066412], [-51.21688413719648, -27.74548729745143], [-51.21558623215138, -27.74485898919297], [-51.21477710790612, -27.74486435730979]]]}}, {"type": "Feature", "properties": {"cod_imovel": "SC-4201000-9602B4D630CD42089174AAC3B2CC3D13", "municipio": "Anita Garibaldi", "num_area": 17.7437, "mod_fiscal": 0.8872, "des_condic": "Aguardando analise", "ind_status": "AT", "dat_atuali": "17/11/2023"}, "geometry": {"type": "Polygon", "coordinates": [[[-51.22933277104892, -27.74820609226465], [-51.22466139610487, -27.75296251588965], [-51.2250883241928, -27.75360847347634], [-51.22534437550494, -27.75350031804656], [-51.22586917732669, -27.75438419061097], [-51.22637593833961, -27.754423752329], [-51.22676044063545, -27.75387875869225], [-51.22714655421688, -27.75413673390784], [-51.2272676696355, -27.75385151366472], [-51.22759075637428, -27.75402785188905], [-51.2307083756531, -27.75005528775842], [-51.22933277104892, -27.74820609226465]]]}}, {"type": "Feature", "properties": {"cod_imovel": "SC-4201000-6EBBD04B4972479DB246D2A16601209B", "municipio": "Anita Garibaldi", "num_area": 12.309, "mod_fiscal": 0.6154, "des_condic": "Aguardando analise", "ind_status": "AT", "dat_atuali": "28/09/2021"}, "geometry": {"type": "Polygon", "coordinates": [[[-51.162834531458216, -27.760459100347326], [-51.15837335655702, -27.76011463965964], [-51.15815877914428, -27.76110202068444], [-51.15763306617737, -27.762108371460805], [-51.158212423324585, -27.761899506970487], [-51.15877032279968, -27.762184322085208], [-51.159178018569946, -27.762734962527066], [-51.16134524345398, -27.763209650327312], [-51.1618173122406, -27.76370332344343], [-51.162834531458216, -27.760459100347326]]]}}, {"type": "Feature", "properties": {"cod_imovel": "SC-4201000-D1ECD5CC0F8F4612BADCFDD9E6B0652F", "municipio": "Anita Garibaldi", "num_area": 67.715, "mod_fiscal": 3.3857, "des_condic": "Aguardando analise", "ind_status": "AT", "dat_atuali": "27/04/2021"}, "geometry": {"type": "Polygon", "coordinates": [[[-51.04796679591755, -27.81327313010869], [-51.04564271253877, -27.81757410293324], [-51.04620109446829, -27.81833053777037], [-51.04597503508181, -27.82071160406201], [-51.04552032281882, -27.82278458176384], [-51.04585097189332, -27.82284715513835], [-51.04617796438453, -27.82321342290914], [-51.04665650974109, -27.82324926408592], [-51.04798592865743, -27.82293235944482], [-51.04894676741553, -27.8224459656361], [-51.04967402120413, -27.82268217319569], [-51.05067198975743, -27.82373658914871], [-51.05119149737168, -27.82319697598281], [-51.05189545381202, -27.82276881684302], [-51.05284484771998, -27.81962713605409], [-51.05287898550098, -27.81894874044489], [-51.0526710298308, -27.81824150792277], [-51.05201486978258, -27.81791738225757], [-51.05192408660567, -27.81753421174003], [-51.05215867143564, -27.81708575256473], [-51.0521530917416, -27.81664514399865], [-51.05068345091801, -27.81542976934022], [-51.04837367151475, -27.81085378266121], [-51.04677825548258, -27.80813131323107], [-51.04612778062013, -27.80763300204183], [-51.04549324392607, -27.80738639681968], [-51.04476735591771, -27.80607689753771], [-51.04416177135498, -27.80632456930814], [-51.04630876341594, -27.80959821933975], [-51.04796679591755, -27.81327313010869]]]}}, {"type": "Feature", "properties": {"cod_imovel": "SC-4201000-018EDA0754D347B2840FF0693E05FE10", "municipio": "Anita Garibaldi", "num_area": 60.2782, "mod_fiscal": 3.0139, "des_condic": "Aguardando analise", "ind_status": "AT", "dat_atuali": "24/09/2021"}, "geometry": {"type": "Polygon", "coordinates": [[[-51.156962513923645, -27.752063434456574], [-51.155696511268616, -27.751484255767085], [-51.1550098657608, -27.751379813380485], [-51.15476846694946, -27.751759603397037], [-51.15504205226898, -27.752177370885335], [-51.154988408088684, -27.75263311540823], [-51.153953075408936, -27.754152250041656], [-51.15436613559723, -27.754978270603022], [-51.152499318122864, -27.75613658773136], [-51.15300893783569, -27.756174565133488], [-51.15309476852417, -27.756316980273457], [-51.15291774272919, -27.756696753069274], [-51.15326106548309, -27.757271156905798], [-51.15415692329407, -27.757935752604265], [-51.15485429763793, -27.759810840024073], [-51.15682840347289, -27.75924119662856], [-51.16581852898291, -27.755120997848785], [-51.164687275886536, -27.75329773941828], [-51.16436541080475, -27.753259761012682], [-51.1638182401657, -27.75355409330942], [-51.16278827190399, -27.753440158321197], [-51.162520051002495, -27.753601566186003], [-51.161511540412896, -27.753183804161797], [-51.16069614887237, -27.753734490130306], [-51.159698367118835, -27.753838930258407], [-51.158979535102844, -27.753677522745473], [-51.1581426858902, -27.752775535180458], [-51.15749895572662, -27.752623620750136], [-51.156962513923645, -27.752063434456574]]]}}, {"type": "Feature", "properties": {"cod_imovel": "SC-4201000-6D05DF55F4EE4240A220CF9E4195CEEA", "municipio": "Anita Garibaldi", "num_area": 13.6237, "mod_fiscal": 0.6812, "des_condic": "Aguardando analise", "ind_status": "AT", "dat_atuali": "29/03/2023"}, "geometry": {"type": "Polygon", "coordinates": [[[-51.01696081877453, -27.7882184389128], [-51.01766073549771, -27.7882241113278], [-51.01842118525723, -27.78715176489282], [-51.0202941479253, -27.78287208942614], [-51.01446590623394, -27.78623652777353], [-51.01533054300553, -27.7867222798621], [-51.0159747450439, -27.78780579073256], [-51.01621278581608, -27.78796309609774], [-51.01658205176449, -27.78784038813941], [-51.01696081877453, -27.7882184389128]]]}}, {"type": "Feature", "properties": {"cod_imovel": "SC-4201000-1DDB9C46F9FC4147853B9B4F1A9AE10F", "municipio": "Anita Garibaldi", "num_area": 5.4338, "mod_fiscal": 0.2717, "des_condic": "Aguardando analise", "ind_status": "AT", "dat_atuali": "24/03/2021"}, "geometry": {"type": "Polygon", "coordinates": [[[-51.11909122399774, -27.81207880841172], [-51.11934105748849, -27.81236757098848], [-51.11995662360239, -27.81086396426863], [-51.11949607644736, -27.81007525740669], [-51.11891535577761, -27.81091473676079], [-51.11807253419296, -27.81127337263865], [-51.11708407163494, -27.81152941272839], [-51.11510778690046, -27.81166689715489], [-51.11574979922222, -27.81273429970532], [-51.11909122399774, -27.81207880841172]]]}}, {"type": "Feature", "properties": {"cod_imovel": "SC-4201000-AD0C92E172D440CFB0B7BE3BD2B81E47", "municipio": "Anita Garibaldi", "num_area": 2.741, "mod_fiscal": 0.1371, "des_condic": "Aguardando analise", "ind_status": "AT", "dat_atuali": "13/04/2023"}, "geometry": {"type": "Polygon", "coordinates": [[[-51.21230240065493, -27.7618144761499], [-51.21441604834616, -27.76110755925116], [-51.2133777054926, -27.76008222641665], [-51.21153922642827, -27.76107133061449], [-51.21230240065493, -27.7618144761499]]]}}, {"type": "Feature", "properties": {"cod_imovel": "SC-4201000-AF93FCBCE1194C7B8AF61537778C901F", "municipio": "Anita Garibaldi", "num_area": 27.6395, "mod_fiscal": 1.382, "des_condic": "Aguardando analise", "ind_status": "AT", "dat_atuali": "26/04/2021"}, "geometry": {"type": "Polygon", "coordinates": [[[-51.21521509329448, -27.74947402620929], [-51.21562152972565, -27.74687633047977], [-51.21405774660584, -27.74684843510165], [-51.21392986789488, -27.74803636362265], [-51.21095859902324, -27.74596481072813], [-51.2086867495636, -27.74961311975961], [-51.21217169300435, -27.75280500220725], [-51.21374247606972, -27.75021877482629], [-51.21561815402979, -27.75041201617216], [-51.21521509329448, -27.74947402620929]]]}}, {"type": "Feature", "properties": {"cod_imovel": "SC-4201000-B78643560FE243B895187FC23AB976DC", "municipio": "Anita Garibaldi", "num_area": 21.6938, "mod_fiscal": 1.0847, "des_condic": "Aguardando analise", "ind_status": "AT", "dat_atuali": "25/02/2022"}, "geometry": {"type": "Polygon", "coordinates": [[[-51.07514430852096, -27.76676523892126], [-51.07456195244568, -27.76694551119194], [-51.07344702632791, -27.76767327558246], [-51.07160735700658, -27.7683672622631], [-51.07141235075239, -27.76873844395965], [-51.0717114757913, -27.77054342572792], [-51.0738898486052, -27.77257913384857], [-51.07702343551917, -27.77115720310547], [-51.07514430852096, -27.76676523892126]]]}}, {"type": "Feature", "properties": {"cod_imovel": "SC-4201000-A628C4632507419AB69209C984EB0B32", "municipio": "Anita Garibaldi", "num_area": 35.4111, "mod_fiscal": 1.7706, "des_condic": "Aguardando analise", "ind_status": "AT", "dat_atuali": "05/11/2022"}, "geometry": {"type": "Polygon", "coordinates": [[[-51.17824227355489, -27.75898569191881], [-51.17742526310673, -27.75736111041759], [-51.17629157033929, -27.75655548575039], [-51.1746813911548, -27.75557223030691], [-51.17281243641237, -27.75527307018927], [-51.17174244486186, -27.75815032342893], [-51.1729971011392, -27.75940060411905], [-51.1694764739569, -27.76185029880426], [-51.17060486370531, -27.76246286958928], [-51.17146379276732, -27.76342263469549], [-51.17824227355489, -27.75898569191881]]]}}, {"type": "Feature", "properties": {"cod_imovel": "SC-4201000-1471D3248E934746BE1811691117F8FB", "municipio": "Anita Garibaldi", "num_area": 8.0305, "mod_fiscal": 0.4015, "des_condic": "Aguardando analise", "ind_status": "AT", "dat_atuali": "04/11/2022"}, "geometry": {"type": "Polygon", "coordinates": [[[-51.0923687425642, -27.820314685963], [-51.09287193099225, -27.81771704469279], [-51.09016629820446, -27.81815792217205], [-51.08983197124842, -27.81921609702296], [-51.09068574225866, -27.81917309136713], [-51.09074990437224, -27.82039158332302], [-51.09133442008688, -27.8203214826039], [-51.09251207681565, -27.82240800855955], [-51.09238735103939, -27.82322123724295], [-51.0931481629731, -27.82310387517622], [-51.0923687425642, -27.820314685963]]]}}, {"type": "Feature", "properties": {"cod_imovel": "SC-4201000-C5F8CA03D550407984EEC296B975C245", "municipio": "Anita Garibaldi", "num_area": 91.1979, "mod_fiscal": 4.5599, "des_condic": "Aguardando analise", "ind_status": "AT", "dat_atuali": "10/10/2024"}, "geometry": {"type": "Polygon", "coordinates": [[[-51.02604213818546, -27.77031444043481], [-51.02835157249566, -27.77176109827287], [-51.03643628959539, -27.76728460851052], [-51.03701803741198, -27.76802684996548], [-51.03808018266521, -27.76736429540011], [-51.03736673495077, -27.76645392457566], [-51.03745099894798, -27.76547750989883], [-51.03639843986118, -27.76321134593091], [-51.03259148283722, -27.76352816211645], [-51.03125422188948, -27.76349292317912], [-51.0271299374189, -27.76294761475416], [-51.0243459055806, -27.76316561156161], [-51.02365733188242, -27.76350872303123], [-51.02329232018111, -27.76451476734128], [-51.02293216455708, -27.7648138664202], [-51.02313818284326, -27.76498934190456], [-51.02616767310237, -27.7647441986224], [-51.02615995769707, -27.76507809753215], [-51.02326786871396, -27.76654396864247], [-51.02547981840851, -27.76924375693114], [-51.02604213818546, -27.77031444043481]]]}}, {"type": "Feature", "properties": {"cod_imovel": "SC-4201000-181823B122574A209AA2ED9FD38D33DD", "municipio": "Anita Garibaldi", "num_area": 11.0616, "mod_fiscal": 0.5531, "des_condic": "Aguardando analise", "ind_status": "AT", "dat_atuali": "21/03/2023"}, "geometry": {"type": "Polygon", "coordinates": [[[-51.12019576382967, -27.79582292086775], [-51.1197222573348, -27.79457296559376], [-51.11790352775788, -27.7948685907964], [-51.11740280564153, -27.79610395067324], [-51.11671971905388, -27.79905729809845], [-51.11637876550991, -27.79974440760088], [-51.11746881956671, -27.79992949339127], [-51.12019576382967, -27.79582292086775]]]}}, {"type": "Feature", "properties": {"cod_imovel": "SC-4201000-961C0523288D42888C49A3C47E4AC998", "municipio": "Anita Garibaldi", "num_area": 3.4381, "mod_fiscal": 0.1719, "des_condic": "Aguardando analise", "ind_status": "AT", "dat_atuali": "04/10/2022"}, "geometry": {"type": "Polygon", "coordinates": [[[-51.09003716454132, -27.80390680899642], [-51.09111704694415, -27.80395691336564], [-51.09254722094924, -27.80443821775826], [-51.09314263845764, -27.80327028439326], [-51.09095139824416, -27.80282639492458], [-51.09009899629583, -27.80307159161614], [-51.09003716454132, -27.80390680899642]]]}}, {"type": "Feature", "properties": {"cod_imovel": "SC-4201000-E969F426DDA448EEAAFC147E5B4A0B24", "municipio": "Anita Garibaldi", "num_area": 8.8489, "mod_fiscal": 0.4424, "des_condic": "Aguardando analise", "ind_status": "AT", "dat_atuali": "15/12/2021"}, "geometry": {"type": "Polygon", "coordinates": [[[-51.03942783606327, -27.83532170507776], [-51.03971708594173, -27.83475132690838], [-51.03715310665731, -27.83448923480298], [-51.03691038841327, -27.83390883189958], [-51.03394798962599, -27.83357385686994], [-51.03415125686389, -27.83612089736654], [-51.03458834487145, -27.83616484020643], [-51.03764318833373, -27.83530727578222], [-51.03942783606327, -27.83532170507776]]]}}, {"type": "Feature", "properties": {"cod_imovel": "SC-4201000-D12362F3088B468FA79DBEDC26852098", "municipio": "Anita Garibaldi", "num_area": 3.831, "mod_fiscal": 0.1915, "des_condic": "Aguardando analise", "ind_status": "AT", "dat_atuali": "25/05/2021"}, "geometry": {"type": "Polygon", "coordinates": [[[-51.20416749464793, -27.75463190871053], [-51.20412250083945, -27.75517119215017], [-51.20388907613366, -27.75553708238554], [-51.20456499363835, -27.75766785942781], [-51.20442556708885, -27.75803551360964], [-51.20568005718786, -27.75779986582137], [-51.20502879534461, -27.75648688493446], [-51.20565155204007, -27.75565766556268], [-51.20564230804187, -27.75535828012306], [-51.20416749464793, -27.75463190871053]]]}}, {"type": "Feature", "properties": {"cod_imovel": "SC-4201000-7FE9AED9EDB44D028FC27BBB2DF2F88F", "municipio": "Anita Garibaldi", "num_area": 12.1179, "mod_fiscal": 0.6059, "des_condic": "Aguardando analise", "ind_status": "AT", "dat_atuali": "15/03/2021"}, "geometry": {"type": "Polygon", "coordinates": [[[-51.03142169765951, -27.77375017203759], [-51.02671830148108, -27.77226792738411], [-51.02607551777396, -27.77330717012851], [-51.02663527278639, -27.77365191700898], [-51.02600346489781, -27.77453965856135], [-51.03003241293111, -27.77575922580702], [-51.03112348787975, -27.77478546841779], [-51.03142169765951, -27.77375017203759]]]}}, {"type": "Feature", "properties": {"cod_imovel": "SC-4201000-7B5C682490EC47D8A670AE5591936FE0", "municipio": "Anita Garibaldi", "num_area": 11.3283, "mod_fiscal": 0.5664, "des_condic": "Aguardando analise", "ind_status": "AT", "dat_atuali": "30/04/2021"}, "geometry": {"type": "Polygon", "coordinates": [[[-51.10873730321936, -27.8166376106446], [-51.10763794663922, -27.81648656991282], [-51.10769221510599, -27.81877485017344], [-51.10927701857162, -27.8201240223684], [-51.11200034838278, -27.81798893823013], [-51.11054033469389, -27.81671409059472], [-51.1097828729758, -27.81666172541792], [-51.10983099664901, -27.81654118064746], [-51.10873730321936, -27.8166376106446]]]}}, {"type": "Feature", "properties": {"cod_imovel": "SC-4201000-7CA022615DB44D3BB7C864320CAAD3B9", "municipio": "Anita Garibaldi", "num_area": 19.5736, "mod_fiscal": 0.9787, "des_condic": "Aguardando analise", "ind_status": "AT", "dat_atuali": "12/12/2022"}, "geometry": {"type": "Polygon", "coordinates": [[[-51.11012795356695, -27.81650693969283], [-51.11047939923545, -27.81365859033523], [-51.10825446125926, -27.81334199561408], [-51.10637695538245, -27.81329010623453], [-51.10485581292533, -27.81290815970982], [-51.10419074837854, -27.81629685349343], [-51.10881696099911, -27.81659407927477], [-51.1096948987936, -27.81648733610122], [-51.10967487583792, -27.8161891573176], [-51.10984904622061, -27.81619102824747], [-51.11016258170812, -27.81622612454416], [-51.11012795356695, -27.81650693969283]]]}}, {"type": "Feature", "properties": {"cod_imovel": "SC-4201000-C80A8EF423DE40178C4963AAEC62F83F", "municipio": "Anita Garibaldi", "num_area": 1.1925, "mod_fiscal": 0.0596, "des_condic": "Aguardando analise", "ind_status": "AT", "dat_atuali": "08/08/2022"}, "geometry": {"type": "Polygon", "coordinates": [[[-51.05125255028018, -27.79631159610682], [-51.05162065175946, -27.79548728549113], [-51.04992722136607, -27.79383215520996], [-51.05021140619664, -27.79447408897562], [-51.05125255028018, -27.79631159610682]]]}}, {"type": "Feature", "properties": {"cod_imovel": "SC-4201000-9DAD405E37BE43BF94EBF314ADF3561F", "municipio": "Anita Garibaldi", "num_area": 7.2436, "mod_fiscal": 0.3622, "des_condic": "Aguardando analise", "ind_status": "AT", "dat_atuali": "08/08/2022"}, "geometry": {"type": "Polygon", "coordinates": [[[-51.13910631571149, -27.75282139124047], [-51.13792067898792, -27.75548758305198], [-51.13991861578383, -27.75631397972743], [-51.1412587975695, -27.75350193855053], [-51.13910631571149, -27.75282139124047]]]}}, {"type": "Feature", "properties": {"cod_imovel": "SC-4201000-8E446587970345D998E065D77563F30A", "municipio": "Anita Garibaldi", "num_area": 8.4898, "mod_fiscal": 0.4245, "des_condic": "Aguardando analise", "ind_status": "AT", "dat_atuali": "01/09/2021"}, "geometry": {"type": "Polygon", "coordinates": [[[-51.03507726281667, -27.82725028091369], [-51.03648121566365, -27.82912012645142], [-51.03931065834495, -27.82714750037524], [-51.04044708373871, -27.82707784591923], [-51.04017272054117, -27.82577374373607], [-51.03507726281667, -27.82725028091369]]]}}, {"type": "Feature", "properties": {"cod_imovel": "SC-4201000-89166E495F394BDABFB9FD758CF49AF1", "municipio": "Anita Garibaldi", "num_area": 23.7285, "mod_fiscal": 1.1864, "des_condic": "Aguardando analise", "ind_status": "AT", "dat_atuali": "31/01/2022"}, "geometry": {"type": "Polygon", "coordinates": [[[-51.15117430686951, -27.75451304140249], [-51.144932575604116, -27.758014392005997], [-51.14717245101929, -27.760323516531336], [-51.15330934524536, -27.756715741674274], [-51.15117430686951, -27.75451304140249]]]}}, {"type": "Feature", "properties": {"cod_imovel": "SC-4201000-CB6AF2EFA9AD484F9161FEB56946868D", "municipio": "Anita Garibaldi", "num_area": 12.3684, "mod_fiscal": 0.6184, "des_condic": "Aguardando analise", "ind_status": "AT", "dat_atuali": "25/03/2022"}, "geometry": {"type": "Polygon", "coordinates": [[[-51.13516638029709, -27.78426959515065], [-51.13404179878539, -27.7861163482797], [-51.13361617270231, -27.78648785253726], [-51.13408639517845, -27.78789555325941], [-51.13476613721437, -27.7890150093544], [-51.13599742307473, -27.78892257720109], [-51.13600429071197, -27.78872827262984], [-51.13823896161996, -27.78701139133953], [-51.1375127975631, -27.78690531571228], [-51.13516638029709, -27.78426959515065]]]}}, {"type": "Feature", "properties": {"cod_imovel": "SC-4201000-6241393217AE4ECB9AE52364D64E8559", "municipio": "Anita Garibaldi", "num_area": 10.3551, "mod_fiscal": 0.5178, "des_condic": "Aguardando analise", "ind_status": "AT", "dat_atuali": "30/09/2022"}, "geometry": {"type": "Polygon", "coordinates": [[[-51.09158371910459, -27.79442843497161], [-51.09090897839882, -27.79450782571125], [-51.09054103568894, -27.7949775750444], [-51.08877449762111, -27.79528050423247], [-51.08748560268511, -27.79456387282767], [-51.08645335091166, -27.79324309333006], [-51.08602542869575, -27.79314896773891], [-51.08511366134353, -27.79608120011876], [-51.087889575821, -27.79632467531731], [-51.09139109959519, -27.79565778562304], [-51.09158371910459, -27.79442843497161]]]}}, {"type": "Feature", "properties": {"cod_imovel": "SC-4201000-20BD5B213169430DA33E557E10812D51", "municipio": "Anita Garibaldi", "num_area": 8.5017, "mod_fiscal": 0.4251, "des_condic": "Aguardando analise", "ind_status": "AT", "dat_atuali": "13/07/2023"}, "geometry": {"type": "Polygon", "coordinates": [[[-51.0884625423114, -27.76734885441917], [-51.08916529975002, -27.76504994129779], [-51.08703909495619, -27.76463034259493], [-51.085774205865, -27.76417389730482], [-51.08476760429883, -27.76408696189649], [-51.08481415256556, -27.76504611775843], [-51.0869460640295, -27.7659344918937], [-51.08764363459027, -27.76680533036497], [-51.0883741644065, -27.76903093494254], [-51.08910391474513, -27.76827527141472], [-51.0884625423114, -27.76734885441917]]]}}, {"type": "Feature", "properties": {"cod_imovel": "SC-4201000-2A6B4B34C1EF4EB29F463B450C514A45", "municipio": "Anita Garibaldi", "num_area": 2.4195, "mod_fiscal": 0.121, "des_condic": "Aguardando analise", "ind_status": "AT", "dat_atuali": "11/08/2023"}, "geometry": {"type": "Polygon", "coordinates": [[[-51.08141198836671, -27.75094822070679], [-51.08112971486278, -27.7515164890808], [-51.08151230227969, -27.75254330169312], [-51.08225466973338, -27.75284758575919], [-51.08302856849644, -27.75275368688969], [-51.08277927836164, -27.75179513045072], [-51.08141198836671, -27.75094822070679]]]}}, {"type": "Feature", "properties": {"cod_imovel": "SC-4201000-563108247B05438A80897D69B1A2F956", "municipio": "Anita Garibaldi", "num_area": 24.0623, "mod_fiscal": 1.2031, "des_condic": "Aguardando analise", "ind_status": "AT", "dat_atuali": "15/09/2023"}, "geometry": {"type": "Polygon", "coordinates": [[[-51.13323235323446, -27.7498301957359], [-51.13525723025207, -27.75010273735917], [-51.13581572430741, -27.75058990888385], [-51.13751394598614, -27.74964910677287], [-51.14016969136837, -27.74973307039707], [-51.13985272140281, -27.74554945547485], [-51.13868952568751, -27.74556963862101], [-51.13781256721405, -27.7464073739019], [-51.13575734630814, -27.74664176598507], [-51.1353524535041, -27.74696102991369], [-51.13523108038574, -27.74740042704663], [-51.13398800539022, -27.74751692164075], [-51.13371082991802, -27.74782963642488], [-51.13323235323446, -27.7498301957359]]]}}, {"type": "Feature", "properties": {"cod_imovel": "SC-4201000-8A5F7EA47045409AB31FA4AA7C076B9D", "municipio": "Anita Garibaldi", "num_area": 30.0861, "mod_fiscal": 1.5043, "des_condic": "Aguardando analise", "ind_status": "AT", "dat_atuali": "19/10/2023"}, "geometry": {"type": "Polygon", "coordinates": [[[-51.06315601856565, -27.82197423117633], [-51.06264182474337, -27.81862694615537], [-51.0606505307521, -27.81807202047962], [-51.05944164975173, -27.81635566384328], [-51.0587773430896, -27.81568030350548], [-51.05702526323631, -27.81593170905095], [-51.05630617134047, -27.81618406642502], [-51.05771736983227, -27.81842987931561], [-51.05722939316713, -27.81924775201612], [-51.05859015319002, -27.82176403121455], [-51.06118792654707, -27.82290386721053], [-51.06315601856565, -27.82197423117633]]]}}, {"type": "Feature", "properties": {"cod_imovel": "SC-4201000-C7F434D93A7B4F8E8AB54698E9ADF6B2", "municipio": "Anita Garibaldi", "num_area": 15.5392, "mod_fiscal": 0.777, "des_condic": "Aguardando analise", "ind_status": "AT", "dat_atuali": "25/09/2023"}, "geometry": {"type": "Polygon", "coordinates": [[[-51.08624401986203, -27.76655140898084], [-51.08358204770452, -27.76664969339555], [-51.08490504248223, -27.76843420970022], [-51.08425309007133, -27.76947522081944], [-51.08469741583016, -27.77131997053758], [-51.08629315980631, -27.77115904054244], [-51.08735397707642, -27.77052101198386], [-51.08802096518165, -27.76986049646825], [-51.08718515407156, -27.76816458883054], [-51.08810880304095, -27.76721632364316], [-51.08624401986203, -27.76655140898084]]]}}, {"type": "Feature", "properties": {"cod_imovel": "SC-4201000-57ACC7B8701041B59FD788C56E06BF2B", "municipio": "Anita Garibaldi", "num_area": 29.2934, "mod_fiscal": 1.4647, "des_condic": "Aguardando analise", "ind_status": "AT", "dat_atuali": "13/09/2023"}, "geometry": {"type": "Polygon", "coordinates": [[[-51.22422644900743, -27.76029823053096], [-51.22168348169946, -27.75846135565427], [-51.220846600439, -27.75877362910478], [-51.21958762801873, -27.75866688652022], [-51.21946938070608, -27.7598619271663], [-51.21889522156678, -27.76103222556773], [-51.21881191600262, -27.76178746710005], [-51.21848165124604, -27.76224009080784], [-51.21776917974138, -27.76209203244641], [-51.2173519526099, -27.76226147739861], [-51.21606280220798, -27.76471115213089], [-51.21664468999001, -27.76514531269346], [-51.21782803707617, -27.76402709566238], [-51.21861949159709, -27.76476781406235], [-51.22205250366406, -27.76472296052152], [-51.22214969641051, -27.76167624803166], [-51.22422644900743, -27.76029823053096]]]}}, {"type": "Feature", "properties": {"cod_imovel": "SC-4201000-96A94124F6E241939E2260FBC769405D", "municipio": "Anita Garibaldi", "num_area": 19.9667, "mod_fiscal": 0.9983, "des_condic": "Aguardando analise", "ind_status": "AT", "dat_atuali": "25/08/2023"}, "geometry": {"type": "Polygon", "coordinates": [[[-51.03614000686751, -27.75659541607388], [-51.03130102157593, -27.757570225472183], [-51.03290009076925, -27.76096909460529], [-51.03565679781659, -27.76029122879477], [-51.03800751938064, -27.76035327237891], [-51.03614000686751, -27.75659541607388]]]}}, {"type": "Feature", "properties": {"cod_imovel": "SC-4201000-5EB750C9CEEE4C64B077680419E03736", "municipio": "Anita Garibaldi", "num_area": 12.148, "mod_fiscal": 0.6074, "des_condic": "Aguardando analise", "ind_status": "AT", "dat_atuali": "18/08/2023"}, "geometry": {"type": "Polygon", "coordinates": [[[-51.0402204988889, -27.7445137988889], [-51.0394376163889, -27.7453661875], [-51.0385752408333, -27.7490528427778], [-51.0395364427778, -27.7491850886111], [-51.0405118197222, -27.7500386238889], [-51.0424040369444, -27.7490334811111], [-51.0402204988889, -27.7445137988889]]]}}, {"type": "Feature", "properties": {"cod_imovel": "SC-4201000-5B2B6A262BAE49F8A82543D74ACA361C", "municipio": "Anita Garibaldi", "num_area": 13.8943, "mod_fiscal": 0.6947, "des_condic": "Aguardando analise", "ind_status": "AT", "dat_atuali": "18/08/2023"}, "geometry": {"type": "Polygon", "coordinates": [[[-51.05839651359414, -27.78353758054675], [-51.05757752354143, -27.78330364796009], [-51.05694967366763, -27.78290184587597], [-51.05796837024982, -27.78153746712713], [-51.05640190488538, -27.78079666340902], [-51.0557637230408, -27.78147548811655], [-51.05433370959887, -27.7822128709605], [-51.05350632893337, -27.78354317604669], [-51.05371105808881, -27.7838577890304], [-51.05509658817704, -27.78471474494558], [-51.05721217388513, -27.78541133670507], [-51.05839651359414, -27.78353758054675]]]}}, {"type": "Feature", "properties": {"cod_imovel": "SC-4201000-DA66EA6B769244C3B5E9411894613900", "municipio": "Anita Garibaldi", "num_area": 35.2536, "mod_fiscal": 1.7627, "des_condic": "Aguardando analise", "ind_status": "AT", "dat_atuali": "10/08/2023"}, "geometry": {"type": "Polygon", "coordinates": [[[-51.04317970414505, -27.77067102916484], [-51.04448656019304, -27.77069803823136], [-51.0456464262285, -27.77033252448264], [-51.04669161974832, -27.769754637735], [-51.04710678672078, -27.76983803562601], [-51.04916856094598, -27.76934338979428], [-51.04954603394532, -27.76889129545922], [-51.04880197032053, -27.76747807570329], [-51.04880960306387, -27.76658782947489], [-51.04898670301669, -27.76622603411636], [-51.04886462656462, -27.76547493683459], [-51.04849999567968, -27.76514136715453], [-51.04868917742417, -27.76433956482057], [-51.04673238460768, -27.76350261740978], [-51.04461237995211, -27.76330231802212], [-51.04317970414505, -27.77067102916484]]]}}, {"type": "Feature", "properties": {"cod_imovel": "SC-4201000-2518A5068C714F15A3DF777D949673D5", "municipio": "Anita Garibaldi", "num_area": 17.8388, "mod_fiscal": 0.8919, "des_condic": "Aguardando analise", "ind_status": "AT", "dat_atuali": "08/08/2023"}, "geometry": {"type": "Polygon", "coordinates": [[[-51.03222031611963, -27.8205485292661], [-51.03276040335851, -27.82102084900264], [-51.03529895436314, -27.8197020854751], [-51.03835482150315, -27.81844630382741], [-51.03772461551763, -27.81777499396348], [-51.03737332525216, -27.81685065630918], [-51.03697743313297, -27.81639185157816], [-51.03582603664705, -27.8160337068523], [-51.03082793194598, -27.81990996493014], [-51.03222031611963, -27.8205485292661]]]}}, {"type": "Feature", "properties": {"cod_imovel": "SC-4201000-D95C15D5E43F437ABC137FA622A6245A", "municipio": "Anita Garibaldi", "num_area": 8.4836, "mod_fiscal": 0.4242, "des_condic": "Aguardando analise", "ind_status": "AT", "dat_atuali": "02/08/2023"}, "geometry": {"type": "Polygon", "coordinates": [[[-51.01257571825263, -27.80397753812737], [-51.0169429734751, -27.80515101435074], [-51.01547603912923, -27.80131107018134], [-51.0142830850657, -27.80223480345795], [-51.01257571825263, -27.80397753812737]]]}}, {"type": "Feature", "properties": {"cod_imovel": "SC-4201000-20067B69D28347D8A7B41B638AD48AE0", "municipio": "Anita Garibaldi", "num_area": 26.2629, "mod_fiscal": 1.3131, "des_condic": "Aguardando analise", "ind_status": "AT", "dat_atuali": "02/08/2023"}, "geometry": {"type": "Polygon", "coordinates": [[[-51.14912878086603, -27.76709442371181], [-51.1488312265269, -27.766962302075], [-51.13947103890795, -27.77295518580759], [-51.14270074312087, -27.77356518992841], [-51.14835603254788, -27.77012411474659], [-51.15069320191105, -27.76748528770378], [-51.15068737143927, -27.76697743990926], [-51.1504920344974, -27.76680505695617], [-51.14912878086603, -27.76709442371181]]]}}, {"type": "Feature", "properties": {"cod_imovel": "SC-4201000-9E5F00FE293F48AEAF1BEA2B56CF46DD", "municipio": "Anita Garibaldi", "num_area": 74.2203, "mod_fiscal": 3.711, "des_condic": "Aguardando analise", "ind_status": "AT", "dat_atuali": "15/06/2023"}, "geometry": {"type": "Polygon", "coordinates": [[[-51.16136133670806, -27.754014579338847], [-51.16180658340454, -27.753962359371556], [-51.161862909793854, -27.75409290924284], [-51.161720752716064, -27.75417598635214], [-51.164440512657166, -27.755585913911943], [-51.161315739154816, -27.75568797866634], [-51.16085708141326, -27.75605351211805], [-51.16179585456848, -27.75621728969504], [-51.162241101264954, -27.75668251161334], [-51.16233766078948, -27.75742781197161], [-51.162729263305664, -27.758272796015095], [-51.162739992141724, -27.75856711475983], [-51.161763668060296, -27.758994350231454], [-51.16312086582184, -27.761904253895157], [-51.16300821304321, -27.76236470460572], [-51.162214279174805, -27.76313844728926], [-51.16190856186825, -27.76384612616789], [-51.16205961931797, -27.7640701977874], [-51.16187048067207, -27.76454259803238], [-51.16259265116915, -27.7654480047756], [-51.16428417783129, -27.76468104451173], [-51.164871691672, -27.76484515900912], [-51.16620490546812, -27.76598666266163], [-51.17126298243887, -27.76339802692009], [-51.16905022442226, -27.76162038626518], [-51.16796933996902, -27.75788791534562], [-51.16668146440931, -27.75649221735549], [-51.16618705754656, -27.75538388786045], [-51.16543634927888, -27.75471521451272], [-51.16481450657614, -27.75347290385214], [-51.16482731208176, -27.75311798873135], [-51.16222264946155, -27.75356206643973], [-51.16156131229916, -27.7530253486084], [-51.16069224973618, -27.75367132144648], [-51.161522269248955, -27.75359207161235], [-51.16124063730239, -27.753743984691543], [-51.161337196826935, -27.75384842481055], [-51.16154909133911, -27.753753479251955], [-51.16159200668334, -27.753888776647877], [-51.16136133670806, -27.754014579338847]]]}}, {"type": "Feature", "properties": {"cod_imovel": "SC-4201000-829DE0AA63814C439FBE97321B5ECE4E", "municipio": "Anita Garibaldi", "num_area": 0.1686, "mod_fiscal": 0.0084, "des_condic": "Aguardando analise", "ind_status": "AT", "dat_atuali": "06/06/2023"}, "geometry": {"type": "Polygon", "coordinates": [[[-51.09004425263042, -27.81817134800486], [-51.09048819474869, -27.81808943570069], [-51.09044533335278, -27.8177102766001], [-51.09006586236006, -27.81780444360313], [-51.09004425263042, -27.81817134800486]]]}}, {"type": "Feature", "properties": {"cod_imovel": "SC-4201000-4B2917E21B4349D0AE6BE4ABD9ACA326", "municipio": "Anita Garibaldi", "num_area": 13.4128, "mod_fiscal": 0.6706, "des_condic": "Aguardando analise", "ind_status": "AT", "dat_atuali": "31/05/2023"}, "geometry": {"type": "Polygon", "coordinates": [[[-51.04983257319834, -27.77377500974573], [-51.05009715575503, -27.77396595683877], [-51.05213309496475, -27.77392204009836], [-51.05270652003647, -27.76934163922824], [-51.0497479526331, -27.76951878923461], [-51.04970811692118, -27.77262568572425], [-51.04951817633508, -27.77315830025374], [-51.04983257319834, -27.77377500974573]]]}}, {"type": "Feature", "properties": {"cod_imovel": "SC-4201000-F04A859111024295B0DC4D2BB7C75BA7", "municipio": "Anita Garibaldi", "num_area": 77.6398, "mod_fiscal": 3.882, "des_condic": "Aguardando analise", "ind_status": "AT", "dat_atuali": "22/05/2023"}, "geometry": {"type": "Polygon", "coordinates": [[[-51.03493246038651, -27.74807609683757], [-51.03608761951145, -27.75371190768034], [-51.03465043701707, -27.75392003397818], [-51.03597246408643, -27.7562828262146], [-51.03757695979368, -27.75840841879134], [-51.03847340866776, -27.76024400566893], [-51.03583873753123, -27.76124839188502], [-51.03600735270916, -27.76186307811322], [-51.03672649354541, -27.76317502403276], [-51.03884546068878, -27.76258232970995], [-51.04084931467055, -27.7623457097062], [-51.04143863582517, -27.76204141641815], [-51.04165513259418, -27.76155654347657], [-51.04224353128107, -27.76135239496954], [-51.04244994298906, -27.76099126533536], [-51.04207589923931, -27.76056078560732], [-51.0413109683933, -27.76042461585971], [-51.0412988248121, -27.75780190920565], [-51.04086049671137, -27.7566911787726], [-51.04070475615357, -27.75561176781315], [-51.04118782838203, -27.75513690275894], [-51.04209323637744, -27.75493163828993], [-51.04197688471603, -27.75458233808314], [-51.04207758164316, -27.75388788557041], [-51.04175827848935, -27.75312020587403], [-51.04192588996145, -27.75210780958997], [-51.04082295094623, -27.75079804763963], [-51.04034202784085, -27.74997805590383], [-51.03953174889545, -27.74929274319323], [-51.0378790934615, -27.74898122593838], [-51.03638610270037, -27.74827930922733], [-51.03493246038651, -27.74807609683757]]]}}, {"type": "Feature", "properties": {"cod_imovel": "SC-4201000-6854F20F72994377BB4ECB77078A895D", "municipio": "Anita Garibaldi", "num_area": 4.0193, "mod_fiscal": 0.201, "des_condic": "Aguardando analise", "ind_status": "AT", "dat_atuali": "06/05/2023"}, "geometry": {"type": "Polygon", "coordinates": [[[-51.01473322521721, -27.83302267456796], [-51.01357843695648, -27.82832583057188], [-51.01273402569488, -27.82924791386385], [-51.01391466586112, -27.83254058988955], [-51.01473322521721, -27.83302267456796]]]}}, {"type": "Feature", "properties": {"cod_imovel": "SC-4201000-293AB39EFB114E1B8CE84692DE335C70", "municipio": "Anita Garibaldi", "num_area": 19.659, "mod_fiscal": 0.983, "des_condic": "Aguardando analise", "ind_status": "AT", "dat_atuali": "06/05/2023"}, "geometry": {"type": "Polygon", "coordinates": [[[-51.01407051086426, -27.82218772588541], [-51.013169288635254, -27.823174534328306], [-51.01240051882715, -27.823551177556], [-51.0118338626983, -27.82491708039704], [-51.01241059688581, -27.82502017374468], [-51.01282596588135, -27.82564151619306], [-51.01361080773003, -27.82791224630461], [-51.01467167419689, -27.83210810290934], [-51.01552963256836, -27.831410239554724], [-51.01521888087103, -27.82578131472672], [-51.01493240637372, -27.82235043903665], [-51.01407051086426, -27.82218772588541]]]}}, {"type": "Feature", "properties": {"cod_imovel": "SC-4201000-6E006F98537A4F83A8B6D9E332D0266C", "municipio": "Anita Garibaldi", "num_area": 20.6095, "mod_fiscal": 1.0305, "des_condic": "Aguardando analise", "ind_status": "AT", "dat_atuali": "13/06/2024"}, "geometry": {"type": "Polygon", "coordinates": [[[-51.06831653737364, -27.7568880430395], [-51.06525036124846, -27.75685276580139], [-51.06328210763505, -27.75932408926577], [-51.06123395028478, -27.75811523679174], [-51.0598768820058, -27.76072004507773], [-51.06465209662675, -27.76138246092107], [-51.06831653737364, -27.7568880430395]]]}}, {"type": "Feature", "properties": {"cod_imovel": "SC-4201000-D3393A7DF767468486648508C9F3E130", "municipio": "Anita Garibaldi", "num_area": 12.1638, "mod_fiscal": 0.6082, "des_condic": "Aguardando analise", "ind_status": "AT", "dat_atuali": "03/06/2024"}, "geometry": {"type": "Polygon", "coordinates": [[[-51.072564125061035, -27.759886792251578], [-51.07226371765137, -27.75806392416514], [-51.06651306152344, -27.75722843275783], [-51.06724262237549, -27.759545006810455], [-51.072564125061035, -27.759886792251578]]]}}, {"type": "Feature", "properties": {"cod_imovel": "SC-4201000-770D2F577AA148F1BBF370299F0E3BA6", "municipio": "Anita Garibaldi", "num_area": 19.3425, "mod_fiscal": 0.9671, "des_condic": "Aguardando analise", "ind_status": "AT", "dat_atuali": "17/05/2024"}, "geometry": {"type": "Polygon", "coordinates": [[[-51.11320759435836, -27.82026236178311], [-51.11292466238417, -27.81981416154771], [-51.11155190177139, -27.81969751775257], [-51.11026021999459, -27.82005534759032], [-51.10947132110595, -27.820517721933555], [-51.10924756660475, -27.82192724570552], [-51.10871292089992, -27.82299205533287], [-51.10843855045089, -27.82416495190732], [-51.1085387211438, -27.82459673927576], [-51.10936403274536, -27.82493938090815], [-51.1113523857103, -27.8253245574454], [-51.11190945197967, -27.82378300600034], [-51.1127155591212, -27.82256173105967], [-51.11256380161591, -27.82185826114618], [-51.11320759435836, -27.82026236178311]]]}}, {"type": "Feature", "properties": {"cod_imovel": "SC-4201000-1CC0373FCCBA4FD18467E5901AEBD7CA", "municipio": "Anita Garibaldi", "num_area": 55.9104, "mod_fiscal": 2.7955, "des_condic": "Aguardando analise", "ind_status": "AT", "dat_atuali": "30/04/2024"}, "geometry": {"type": "Polygon", "coordinates": [[[-51.09510200897141, -27.78400301421422], [-51.093764305114746, -27.786011213177993], [-51.09372138977051, -27.786998350245547], [-51.09445095062256, -27.788251242079262], [-51.0951805114746, -27.788934631539714], [-51.09681129455566, -27.789352256317603], [-51.099128723144524, -27.789542085231776], [-51.10015869140625, -27.789390222126958], [-51.10123157501221, -27.788744801564903], [-51.10384941101074, -27.787605814755793], [-51.10481158138474, -27.787369217876], [-51.1055826193438, -27.78682111666114], [-51.10020160675049, -27.78274600364906], [-51.09742895591361, -27.78402761275692], [-51.09510200897141, -27.78400301421422]]]}}, {"type": "Feature", "properties": {"cod_imovel": "SC-4201000-DDD6BC51A23742EFB9CDB66A340A4C1E", "municipio": "Anita Garibaldi", "num_area": 11.6367, "mod_fiscal": 0.5818, "des_condic": "Aguardando analise", "ind_status": "AT", "dat_atuali": "23/04/2024"}, "geometry": {"type": "Polygon", "coordinates": [[[-51.04444194147217, -27.84542134015545], [-51.04449325833389, -27.84634023671363], [-51.04489970451457, -27.84685138858506], [-51.04506004962973, -27.84753822820714], [-51.0448215492437, -27.84818742751437], [-51.04486989883154, -27.84853402980698], [-51.04701399673262, -27.84823289269153], [-51.04880010442177, -27.84853202834945], [-51.04900911559584, -27.84798635147099], [-51.0489433815874, -27.84743819842868], [-51.0480115340108, -27.84676555495437], [-51.04806099985021, -27.8463028911462], [-51.04689236489611, -27.84569628403326], [-51.04675212060516, -27.84551031560834], [-51.04683444138794, -27.84503902575118], [-51.04444194147217, -27.84542134015545]]]}}, {"type": "Feature", "properties": {"cod_imovel": "SC-4201000-55FFB198EF274C9EAEF69F0FBEF840A0", "municipio": "Anita Garibaldi", "num_area": 18.1802, "mod_fiscal": 0.909, "des_condic": "Aguardando analise", "ind_status": "AT", "dat_atuali": "01/04/2024"}, "geometry": {"type": "Polygon", "coordinates": [[[-51.23380331287954, -27.75123946532885], [-51.23350341629899, -27.7520767404736], [-51.23300646061545, -27.75266594324971], [-51.22968680581726, -27.75588752869211], [-51.23084759916003, -27.75698075876715], [-51.231157779693596, -27.75776010984982], [-51.23624324798583, -27.753440158321197], [-51.23604057883188, -27.75306414118996], [-51.2340329654885, -27.75156195190185], [-51.23380331287954, -27.75123946532885]]]}}, {"type": "Feature", "properties": {"cod_imovel": "SC-4201000-301F8588FC084EC1977D443B3FECB9BF", "municipio": "Anita Garibaldi", "num_area": 26.0091, "mod_fiscal": 1.3005, "des_condic": "Aguardando analise", "ind_status": "AT", "dat_atuali": "01/04/2024"}, "geometry": {"type": "Polygon", "coordinates": [[[-51.23617727137153, -27.75331117775587], [-51.23106511357248, -27.75742752620386], [-51.23165872917966, -27.75859367416361], [-51.23350875875255, -27.75917773869286], [-51.23403469213356, -27.75963549041602], [-51.23525511246201, -27.75969737260415], [-51.23788766771568, -27.7559667848968], [-51.23725218232001, -27.75541290579465], [-51.23806323441121, -27.75454969293702], [-51.2371350357412, -27.75431083120525], [-51.23617727137153, -27.75331117775587]]]}}, {"type": "Feature", "properties": {"cod_imovel": "SC-4201000-086813A01E3F4F71AAA8520978D7E159", "municipio": "Anita Garibaldi", "num_area": 54.2091, "mod_fiscal": 2.7105, "des_condic": "Aguardando analise", "ind_status": "AT", "dat_atuali": "23/03/2024"}, "geometry": {"type": "Polygon", "coordinates": [[[-51.1542628416667, -27.770256565883], [-51.1560261805556, -27.7709447019941], [-51.1577078694444, -27.7710540047719], [-51.1602693527778, -27.7732997908829], [-51.1614169722222, -27.7735990742163], [-51.1621498333333, -27.7740160131051], [-51.1664190805556, -27.7705584519941], [-51.1656012166667, -27.7702876297719], [-51.1647281916667, -27.7684773714386], [-51.1635404138889, -27.7681306964386], [-51.1631457027778, -27.7674709019942], [-51.1624910861111, -27.7675224269942], [-51.1617633, -27.7671883214386], [-51.1610810388889, -27.7661302464386], [-51.1600009222222, -27.7665706658831], [-51.1597613055556, -27.7665057436608], [-51.1596576027778, -27.7663092242164], [-51.1598805472222, -27.7657791131053], [-51.1603966416667, -27.765350379772], [-51.1604365333333, -27.7651278936609], [-51.1542628416667, -27.770256565883]]]}}, {"type": "Feature", "properties": {"cod_imovel": "SC-4201000-422E60D7FE9849DEAE9372CC993B1188", "municipio": "Anita Garibaldi", "num_area": 0.9338, "mod_fiscal": 0.0467, "des_condic": "Aguardando analise", "ind_status": "AT", "dat_atuali": "12/03/2024"}, "geometry": {"type": "Polygon", "coordinates": [[[-51.07343247118313, -27.78293117969714], [-51.07362418235121, -27.78256476380302], [-51.07292162762085, -27.78222236049586], [-51.07296814584648, -27.78190940226915], [-51.07230070134762, -27.78061515280282], [-51.07216381685349, -27.78125330886594], [-51.0728374426667, -27.78222528775654], [-51.07282380933167, -27.78272376090918], [-51.07343247118313, -27.78293117969714]]]}}, {"type": "Feature", "properties": {"cod_imovel": "SC-4201000-C9A729B26FCE4105834658DAA5FEF3E0", "municipio": "Anita Garibaldi", "num_area": 13.3584, "mod_fiscal": 0.6679, "des_condic": "Aguardando analise", "ind_status": "AT", "dat_atuali": "09/03/2024"}, "geometry": {"type": "Polygon", "coordinates": [[[-51.05204047678626, -27.82291666916492], [-51.05024209156599, -27.82295173667445], [-51.05022783082943, -27.82310223291323], [-51.05070337130611, -27.82363310217693], [-51.05060870934789, -27.82757531798642], [-51.05072484653925, -27.82852351298823], [-51.05092506840646, -27.82867115829201], [-51.05369683544363, -27.82640475735604], [-51.05339739081499, -27.82591200158476], [-51.05394372240846, -27.82520193996152], [-51.05310642703061, -27.82462941349685], [-51.05296777278213, -27.82407064001689], [-51.05226513118595, -27.82370599681208], [-51.05204047678626, -27.82291666916492]]]}}, {"type": "Feature", "properties": {"cod_imovel": "SC-4201000-77080FCD422745B5AC3A8DE1F67FDF64", "municipio": "Anita Garibaldi", "num_area": 11.5782, "mod_fiscal": 0.5789, "des_condic": "Aguardando analise", "ind_status": "AT", "dat_atuali": "08/03/2024"}, "geometry": {"type": "Polygon", "coordinates": [[[-51.07586860656738, -27.810174511712855], [-51.075117588043206, -27.81055409647158], [-51.07480191042317, -27.81098346503532], [-51.0749337985601, -27.81133268133988], [-51.07458933961149, -27.81213927661288], [-51.07506831114916, -27.81341375922842], [-51.07526779174805, -27.814501699327284], [-51.07650010041728, -27.81530377232126], [-51.07796949849833, -27.81596969046135], [-51.07861518859863, -27.816095882884987], [-51.07586860656738, -27.810174511712855]]]}}, {"type": "Feature", "properties": {"cod_imovel": "SC-4201000-2A5F0FA7C2D14A82842ED365BA60B1A0", "municipio": "Anita Garibaldi", "num_area": 13.3584, "mod_fiscal": 0.6679, "des_condic": "Aguardando analise", "ind_status": "AT", "dat_atuali": "08/03/2024"}, "geometry": {"type": "Polygon", "coordinates": [[[-51.05204047678626, -27.82291666916492], [-51.05024209156599, -27.82295173667445], [-51.05022783082943, -27.82310223291323], [-51.05070337130611, -27.82363310217693], [-51.05060870934789, -27.82757531798642], [-51.05072484653925, -27.82852351298823], [-51.05092506840646, -27.82867115829201], [-51.05369683544363, -27.82640475735604], [-51.05339739081499, -27.82591200158476], [-51.05394372240846, -27.82520193996152], [-51.05310642703061, -27.82462941349685], [-51.05296777278213, -27.82407064001689], [-51.05226513118595, -27.82370599681208], [-51.05204047678626, -27.82291666916492]]]}}, {"type": "Feature", "properties": {"cod_imovel": "SC-4201000-6B7C97FD55FA467BBB22A32C05FB4BC0", "municipio": "Anita Garibaldi", "num_area": 31.1001, "mod_fiscal": 1.555, "des_condic": "Aguardando analise", "ind_status": "AT", "dat_atuali": "27/10/2023"}, "geometry": {"type": "Polygon", "coordinates": [[[-51.04138305526575, -27.85423169970508], [-51.04483583986627, -27.85154047626994], [-51.04453674852901, -27.8510022532382], [-51.04476634229396, -27.85020882532605], [-51.04475148766468, -27.84818352270176], [-51.04147328222332, -27.84850717798928], [-51.04107014426669, -27.8498482655537], [-51.03941744339912, -27.85006297856127], [-51.03855647852139, -27.85480702512852], [-51.03924720118601, -27.85601791989292], [-51.0402440529666, -27.85540273619921], [-51.04138305526575, -27.85423169970508]]]}}, {"type": "Feature", "properties": {"cod_imovel": "SC-4201000-441C63FE84394685B57BEC339D09F3F7", "municipio": "Anita Garibaldi", "num_area": 38.0525, "mod_fiscal": 1.9026, "des_condic": "Aguardando analise", "ind_status": "AT", "dat_atuali": "27/10/2023"}, "geometry": {"type": "Polygon", "coordinates": [[[-51.00864943661615, -27.80306780128762], [-51.00608181797387, -27.80199516958374], [-51.00729316709818, -27.81319348671547], [-51.0084602519721, -27.81217346655543], [-51.00946348719222, -27.81068303376097], [-51.01197055436665, -27.8058658453014], [-51.00864943661615, -27.80306780128762]]]}}, {"type": "Feature", "properties": {"cod_imovel": "SC-4201000-B9009B9979DC4DF293A5D6A20C056613", "municipio": "Anita Garibaldi", "num_area": 59.5809, "mod_fiscal": 2.979, "des_condic": "Aguardando analise", "ind_status": "AT", "dat_atuali": "23/11/2021"}, "geometry": {"type": "Polygon", "coordinates": [[[-51.05686813372723, -27.76143330115191], [-51.05633486028451, -27.76140820976125], [-51.05533518536119, -27.76877484429292], [-51.05483865085931, -27.77057120038825], [-51.05620205248207, -27.77165990089738], [-51.05697623823137, -27.7719289911762], [-51.0580517464626, -27.77190519153287], [-51.05993647532393, -27.7730046631878], [-51.06114556567653, -27.77107873096877], [-51.06200599278004, -27.76862972593115], [-51.06197208757452, -27.76597723269105], [-51.06226447703392, -27.76501303162291], [-51.05913807248999, -27.76501150961389], [-51.05982426743044, -27.76271702441393], [-51.0583321589495, -27.76227951455105], [-51.05686813372723, -27.76143330115191]]]}}, {"type": "Feature", "properties": {"cod_imovel": "SC-4201000-0BF7C780A7D84963BB3DC3A00E3E0765", "municipio": "Anita Garibaldi", "num_area": 2.423, "mod_fiscal": 0.1212, "des_condic": "Aguardando analise", "ind_status": "AT", "dat_atuali": "21/07/2021"}, "geometry": {"type": "Polygon", "coordinates": [[[-51.12470877072634, -27.76453935763324], [-51.12491994561754, -27.76486221749327], [-51.12622227247423, -27.76429014188245], [-51.12490383493367, -27.76247483944015], [-51.12469029889559, -27.76250457142657], [-51.12452480434777, -27.76304275394019], [-51.12470877072634, -27.76453935763324]]]}}, {"type": "Feature", "properties": {"cod_imovel": "SC-4201000-083F6B706E12456EB42DCB5FA565D9C9", "municipio": "Anita Garibaldi", "num_area": 128.8898, "mod_fiscal": 6.4445, "des_condic": "Aguardando analise", "ind_status": "AT", "dat_atuali": "11/08/2021"}, "geometry": {"type": "Polygon", "coordinates": [[[-51.04113238930857, -27.7632118951468], [-51.03984350555376, -27.76983454952613], [-51.0411771359356, -27.77001463309196], [-51.04152918651736, -27.77063473137307], [-51.04226622445106, -27.77105452014539], [-51.04312287745239, -27.77065664827367], [-51.04467343788063, -27.76326777692304], [-51.04682752762468, -27.76349931469129], [-51.04677868391537, -27.76398779526859], [-51.04870564584859, -27.76423894046663], [-51.04874390952458, -27.76663775132252], [-51.04892791884939, -27.76702134481501], [-51.04938610365089, -27.76741764140818], [-51.04918559489683, -27.76820799636123], [-51.05046614050501, -27.76956112602684], [-51.05073062404432, -27.769271853053], [-51.0513755077389, -27.76926016429984], [-51.05203217135505, -27.76948643836581], [-51.05270372420665, -27.76936385430555], [-51.05296752503478, -27.76953771725894], [-51.05279755894031, -27.76995666493012], [-51.05398468624162, -27.7699605272899], [-51.05494025850175, -27.77053195293895], [-51.05507269165548, -27.76982660187741], [-51.05567095929796, -27.76862609658385], [-51.05555357964188, -27.76784016260825], [-51.05588159650733, -27.76481250830765], [-51.05495875339228, -27.76475415863468], [-51.05501543948627, -27.76452919815664], [-51.05361001403343, -27.76404088135353], [-51.05434781449088, -27.76271064873867], [-51.0543995793935, -27.76192642425611], [-51.05486992419296, -27.76117369530095], [-51.05612221580632, -27.76068240281681], [-51.05571330068706, -27.76030308245422], [-51.05561845664269, -27.75986803994344], [-51.05516417293129, -27.75917771958297], [-51.05341965208169, -27.75900003711718], [-51.05244017021303, -27.75862227650598], [-51.05149908525016, -27.75910338513553], [-51.04919565138326, -27.75889758293082], [-51.04752571957374, -27.75920840986108], [-51.04707842492442, -27.75963874010401], [-51.04606971996533, -27.75923893703912], [-51.04501440827959, -27.75967991712912], [-51.04413421445115, -27.75964537011729], [-51.0432445453575, -27.76003500529454], [-51.04268478745844, -27.76060152245041], [-51.04287731916281, -27.76125527473697], [-51.04263819169376, -27.76160116329716], [-51.04182743044862, -27.76185095843298], [-51.04113238930857, -27.7632118951468]]]}}, {"type": "Feature", "properties": {"cod_imovel": "SC-4201000-B7680B6F775342BA9B77B189BF665832", "municipio": "Anita Garibaldi", "num_area": 16.8155, "mod_fiscal": 0.8408, "des_condic": "Aguardando analise", "ind_status": "AT", "dat_atuali": "16/08/2021"}, "geometry": {"type": "Polygon", "coordinates": [[[-51.02528523926848, -27.83876994106762], [-51.02611028675611, -27.83801689796568], [-51.02724930911753, -27.83616052507965], [-51.02792506505915, -27.83575404002337], [-51.02647816018162, -27.83446766708854], [-51.02578980999338, -27.83486472360828], [-51.02462776326375, -27.83508770335289], [-51.02348537223345, -27.83559158830742], [-51.02261473327825, -27.83622021084838], [-51.02500369931122, -27.84131239698263], [-51.02528523926848, -27.83876994106762]]]}}, {"type": "Feature", "properties": {"cod_imovel": "SC-4201000-495EE997AA7C4227A7858D4A8D706DF3", "municipio": "Anita Garibaldi", "num_area": 17.1788, "mod_fiscal": 0.8589, "des_condic": "Aguardando analise", "ind_status": "AT", "dat_atuali": "15/04/2021"}, "geometry": {"type": "Polygon", "coordinates": [[[-51.22562294195087, -27.74316070186658], [-51.22529833354238, -27.7433344313197], [-51.2252816534965, -27.74354947020695], [-51.21966621711565, -27.7500773502109], [-51.22023775043762, -27.75056740052016], [-51.22102165367842, -27.75107810387749], [-51.22684840549259, -27.74459418054888], [-51.22594260151314, -27.74333886693546], [-51.22562294195087, -27.74316070186658]]]}}, {"type": "Feature", "properties": {"cod_imovel": "SC-4201000-2DF639C50E7941A8892B6A756BE838A2", "municipio": "Anita Garibaldi", "num_area": 4.0969, "mod_fiscal": 0.2048, "des_condic": "Aguardando analise", "ind_status": "AT", "dat_atuali": "09/04/2021"}, "geometry": {"type": "Polygon", "coordinates": [[[-51.08689000686123, -27.75750395797514], [-51.0883681663865, -27.75854061279463], [-51.08902482249876, -27.75750627986423], [-51.0882619045361, -27.75677770812178], [-51.0877657473105, -27.75662055595316], [-51.08643778487406, -27.75574322731913], [-51.08578150693125, -27.75653698497944], [-51.08656696522919, -27.75697287735698], [-51.08689000686123, -27.75750395797514]]]}}, {"type": "Feature", "properties": {"cod_imovel": "SC-4201000-50CC423F0E6D4108B39EEE5DC9C62A20", "municipio": "Anita Garibaldi", "num_area": 6.0737, "mod_fiscal": 0.3037, "des_condic": "Aguardando analise", "ind_status": "AT", "dat_atuali": "24/05/2021"}, "geometry": {"type": "Polygon", "coordinates": [[[-51.06926047416445, -27.7578188834142], [-51.07031871187163, -27.75598385365267], [-51.06887926451589, -27.7565723700877], [-51.06715342130207, -27.75704590138064], [-51.06628183904574, -27.75898202319363], [-51.06737524402119, -27.75924689094651], [-51.06926047416445, -27.7578188834142]]]}}, {"type": "Feature", "properties": {"cod_imovel": "SC-4201000-F6B60BD1BE98421097ADC1EB10D9BCDA", "municipio": "Anita Garibaldi", "num_area": 0.0851, "mod_fiscal": 0.0043, "des_condic": "Aguardando analise", "ind_status": "AT", "dat_atuali": "26/01/2021"}, "geometry": {"type": "Polygon", "coordinates": [[[-51.16613560258592, -27.75543256575201], [-51.16595131668451, -27.75524014620612], [-51.1656853283846, -27.75541150043284], [-51.16586138649338, -27.75558240731344], [-51.16613560258592, -27.75543256575201]]]}}, {"type": "Feature", "properties": {"cod_imovel": "SC-4201000-72E9D620FE8145608B51FC71072B3FDC", "municipio": "Anita Garibaldi", "num_area": 70.2661, "mod_fiscal": 3.5133, "des_condic": "Aguardando analise", "ind_status": "AT", "dat_atuali": "13/10/2022"}, "geometry": {"type": "Polygon", "coordinates": [[[-51.09509468078613, -27.811939569584133], [-51.09790354771025, -27.8141492126881], [-51.10162280741678, -27.81492073575318], [-51.10497674880744, -27.81541228388627], [-51.10647478375221, -27.81214763018825], [-51.10576105916215, -27.8124704157519], [-51.10399372582224, -27.81232467549288], [-51.1047754428098, -27.8116068773939], [-51.10140323638916, -27.80947227641235], [-51.10423563236226, -27.8053056446861], [-51.10330471008554, -27.80489561065266], [-51.10238256538299, -27.80414121635138], [-51.101102828979485, -27.8040440341723], [-51.09509468078613, -27.811939569584133]]]}}, {"type": "Feature", "properties": {"cod_imovel": "SC-4201000-BEBDB02436B6439F9EC93B000C57EF50", "municipio": "Anita Garibaldi", "num_area": 6.0599, "mod_fiscal": 0.303, "des_condic": "Aguardando analise", "ind_status": "AT", "dat_atuali": "30/09/2022"}, "geometry": {"type": "Polygon", "coordinates": [[[-51.09553795106441, -27.81392058456171], [-51.09668758708048, -27.81421455658585], [-51.09734360508435, -27.81383921715336], [-51.09576542724062, -27.81223711438549], [-51.09487827094723, -27.8121676851389], [-51.09422187391995, -27.81183354761041], [-51.09315657808813, -27.8139222866349], [-51.09553795106441, -27.81392058456171]]]}}, {"type": "Feature", "properties": {"cod_imovel": "SC-4201000-A50A8FE24F814910A17984351CB701F8", "municipio": "Anita Garibaldi", "num_area": 23.2824, "mod_fiscal": 1.1641, "des_condic": "Aguardando analise", "ind_status": "AT", "dat_atuali": "28/07/2021"}, "geometry": {"type": "Polygon", "coordinates": [[[-51.16475164890289, -27.753601566186003], [-51.15697592496872, -27.756540096951525], [-51.156321465969086, -27.7568866389704], [-51.156112253665924, -27.757499018745182], [-51.15788787603378, -27.758870926822986], [-51.16204261779785, -27.75718096146262], [-51.16593986749649, -27.7552820926814], [-51.16526395082474, -27.75464121699287], [-51.16475164890289, -27.753601566186003]]]}}, {"type": "Feature", "properties": {"cod_imovel": "SC-4201000-CEC08B8AF854413AA70F6BB19A2458C5", "municipio": "Anita Garibaldi", "num_area": 24.8926, "mod_fiscal": 1.2446, "des_condic": "Aguardando analise", "ind_status": "AT", "dat_atuali": "27/01/2023"}, "geometry": {"type": "Polygon", "coordinates": [[[-51.19781243068604, -27.75104485058557], [-51.19873771964106, -27.74991911015178], [-51.20255621703908, -27.74762046845831], [-51.20450861161346, -27.74552293842554], [-51.2055317399796, -27.74413073860034], [-51.20626154277313, -27.74248325717332], [-51.20346628434604, -27.74240344654579], [-51.201994915179, -27.74337127377252], [-51.20028034713599, -27.74406696982573], [-51.20187318782166, -27.74659081132687], [-51.20115717999902, -27.74748139995227], [-51.20045187271607, -27.74770511801851], [-51.19996353989546, -27.74807677927225], [-51.19897835279987, -27.74842722602966], [-51.19754911141887, -27.74923760926462], [-51.19736435168603, -27.74979558715632], [-51.19747866086487, -27.75047582794486], [-51.19781243068604, -27.75104485058557]]]}}, {"type": "Feature", "properties": {"cod_imovel": "SC-4201000-EA757FA1320E4DB89F857CE5B600C645", "municipio": "Anita Garibaldi", "num_area": 8.7734, "mod_fiscal": 0.4387, "des_condic": "Aguardando analise", "ind_status": "AT", "dat_atuali": "16/09/2022"}, "geometry": {"type": "Polygon", "coordinates": [[[-51.09114903975146, -27.76396362690781], [-51.09245033675839, -27.76491203406109], [-51.09342581161066, -27.76525210020824], [-51.09382012577234, -27.76572436750696], [-51.09418975858482, -27.76567545200875], [-51.09464907450854, -27.76518533993639], [-51.09455093107631, -27.76460477605698], [-51.09431334917598, -27.76460567396487], [-51.09481263204033, -27.7629221226281], [-51.09478357406021, -27.76257891192283], [-51.09436467257917, -27.76211591936463], [-51.09414354377706, -27.76135002301125], [-51.09287596383328, -27.76279478901665], [-51.09196782743554, -27.7633925110629], [-51.09105956544853, -27.76361993796504], [-51.09114903975146, -27.76396362690781]]]}}, {"type": "Feature", "properties": {"cod_imovel": "SC-4201000-8F2EE78CB0704F6EA262834ED97D15F9", "municipio": "Anita Garibaldi", "num_area": 15.0223, "mod_fiscal": 0.7511, "des_condic": "Aguardando analise", "ind_status": "AT", "dat_atuali": "12/07/2022"}, "geometry": {"type": "Polygon", "coordinates": [[[-51.20727381109853, -27.77135587444804], [-51.20435225523742, -27.76669651934817], [-51.20204263912579, -27.76827054760186], [-51.20399536908983, -27.77075536849738], [-51.20514571124122, -27.77259871934882], [-51.20727381109853, -27.77135587444804]]]}}, {"type": "Feature", "properties": {"cod_imovel": "SC-4201000-50F3787865EA48C7B2A525A13F01B9E3", "municipio": "Anita Garibaldi", "num_area": 22.9929, "mod_fiscal": 1.1496, "des_condic": "Aguardando analise", "ind_status": "AT", "dat_atuali": "12/07/2022"}, "geometry": {"type": "Polygon", "coordinates": [[[-51.05438037501568, -27.84321687107202], [-51.05797494984046, -27.84367754371777], [-51.06051884431695, -27.84340218059075], [-51.06197757232405, -27.84296646724984], [-51.06161532526488, -27.84004259452771], [-51.06106314035203, -27.83952195736437], [-51.05905852203018, -27.84033465000786], [-51.05526584833912, -27.84120263858899], [-51.05438037501568, -27.84321687107202]]]}}, {"type": "Feature", "properties": {"cod_imovel": "SC-4201000-4688FEF7A15341B79CD25C1F867715CC", "municipio": "Anita Garibaldi", "num_area": 2.7991, "mod_fiscal": 0.14, "des_condic": "Aguardando analise", "ind_status": "AT", "dat_atuali": "12/07/2022"}, "geometry": {"type": "Polygon", "coordinates": [[[-51.21518589312546, -27.76182064524311], [-51.21421144816107, -27.76090351156084], [-51.21207386012497, -27.76195361687504], [-51.21325118180947, -27.76257903755759], [-51.21518589312546, -27.76182064524311]]]}}, {"type": "Feature", "properties": {"cod_imovel": "SC-4201000-85FDB6E42BEF42EFA089654E06F288DC", "municipio": "Anita Garibaldi", "num_area": 95.6741, "mod_fiscal": 4.7837, "des_condic": "Aguardando analise", "ind_status": "AT", "dat_atuali": "08/09/2022"}, "geometry": {"type": "Polygon", "coordinates": [[[-51.12067371530304, -27.76867015357559], [-51.1197428584643, -27.76935817262892], [-51.11929143743778, -27.77044528242576], [-51.11730652957067, -27.77079540001638], [-51.11648575925975, -27.77120430860688], [-51.11242185078162, -27.77243833642645], [-51.11049059164809, -27.7723843705189], [-51.10922075854732, -27.77320877671701], [-51.10914520040774, -27.77378714622932], [-51.10884702933666, -27.77439084548514], [-51.10890285420479, -27.77552133019031], [-51.11014027473347, -27.77703470361825], [-51.11016371427849, -27.77836055563919], [-51.11089265943757, -27.77875183504965], [-51.11118218367712, -27.77941285772624], [-51.11193006624474, -27.77985369265121], [-51.11240746893456, -27.78085941225289], [-51.1155977695098, -27.77868718886776], [-51.116035151155, -27.77887809277648], [-51.11654915422529, -27.77945471587084], [-51.11804609012257, -27.77743062743339], [-51.11870506709394, -27.77679101400975], [-51.11916989704451, -27.77692915717414], [-51.12081852188982, -27.77501041229461], [-51.12192886971806, -27.77414150427335], [-51.12158150579477, -27.77272588956566], [-51.12252322652722, -27.7708589663219], [-51.12257247676849, -27.77024544857063], [-51.12067371530304, -27.76867015357559]]]}}, {"type": "Feature", "properties": {"cod_imovel": "SC-4201000-2F9FC6C39FE54C738BA4E0605F9F506C", "municipio": "Anita Garibaldi", "num_area": 27.0381, "mod_fiscal": 1.3519, "des_condic": "Aguardando analise", "ind_status": "AT", "dat_atuali": "03/07/2022"}, "geometry": {"type": "Polygon", "coordinates": [[[-51.15460753440857, -27.75783606350814], [-51.15269847572124, -27.756155318928293], [-51.15051984786987, -27.75732337528613], [-51.14469939641866, -27.760901064438272], [-51.14656090736389, -27.76303876295771], [-51.15460753440857, -27.75783606350814]]]}}, {"type": "Feature", "properties": {"cod_imovel": "SC-4201000-89BAD95627274DAA87AAA1A87216157F", "municipio": "Anita Garibaldi", "num_area": 112.6586, "mod_fiscal": 5.6329, "des_condic": "Aguardando analise", "ind_status": "AT", "dat_atuali": "29/06/2022"}, "geometry": {"type": "Polygon", "coordinates": [[[-51.02496590634, -27.757601764805], [-51.026034394781, -27.762852757268], [-51.028635019851, -27.762740304124], [-51.029119273861, -27.763005614654], [-51.029431530621, -27.762959688297], [-51.029767519958, -27.76248702111], [-51.031729374088, -27.76198835115], [-51.032942629462, -27.761024911811], [-51.028612395971, -27.751899407284], [-51.029504136107, -27.751076352153], [-51.027673237581, -27.749047049814], [-51.026760086214, -27.747781195149], [-51.025990910772, -27.748951051396], [-51.025111452464, -27.748944984793], [-51.024974982998, -27.748544995386], [-51.023844813037, -27.748636012752], [-51.023211387827, -27.748928525309], [-51.022827137229, -27.749527391663], [-51.022423278508, -27.751516604382], [-51.021924645954, -27.752589978297], [-51.021007634807, -27.753227470656], [-51.019149898266, -27.75370494036], [-51.018721424538, -27.754059874753], [-51.018401209266, -27.754630082253], [-51.02496590634, -27.757601764805]]]}}, {"type": "Feature", "properties": {"cod_imovel": "SC-4201000-3CCE87E9FEC04218836BA6FF3486BDF1", "municipio": "Anita Garibaldi", "num_area": 11.2681, "mod_fiscal": 0.5634, "des_condic": "Aguardando analise", "ind_status": "AT", "dat_atuali": "02/09/2021"}, "geometry": {"type": "Polygon", "coordinates": [[[-51.07955410525082, -27.75302335129817], [-51.0805259587537, -27.75208928505717], [-51.08050346374512, -27.75185455069421], [-51.07921600341797, -27.751284865669383], [-51.07742378650961, -27.7535717991092], [-51.076501590370654, -27.756687254804604], [-51.07664108276367, -27.760114648616135], [-51.078786849975586, -27.75419022813594], [-51.07955410525082, -27.75302335129817]]]}}, {"type": "Feature", "properties": {"cod_imovel": "SC-4201000-2AB66DD39D5F42CD896949741242A9D9", "municipio": "Anita Garibaldi", "num_area": 17.3913, "mod_fiscal": 0.8696, "des_condic": "Aguardando analise", "ind_status": "AT", "dat_atuali": "14/09/2022"}, "geometry": {"type": "Polygon", "coordinates": [[[-51.2294330932274, -27.74809156631868], [-51.22801787474188, -27.74622829421554], [-51.22264288309304, -27.75210926410882], [-51.22382056972443, -27.75230238556311], [-51.22441219145581, -27.75259170163745], [-51.22469544717913, -27.75294009311797], [-51.2294330932274, -27.74809156631868]]]}}, {"type": "Feature", "properties": {"cod_imovel": "SC-4201000-477012F3E81544A4BBAD9075C7E2C030", "municipio": "Anita Garibaldi", "num_area": 4.8002, "mod_fiscal": 0.24, "des_condic": "Aguardando analise", "ind_status": "AT", "dat_atuali": "27/07/2021"}, "geometry": {"type": "Polygon", "coordinates": [[[-51.14939868450165, -27.752291307194884], [-51.15029454231262, -27.752134644738515], [-51.1508846282959, -27.75307936340531], [-51.1515873670578, -27.752851492316157], [-51.15330934524536, -27.751764350763867], [-51.152751445770264, -27.750857599944922], [-51.14910364151, -27.75193050847234], [-51.149210929870605, -27.752253328438282], [-51.14939868450165, -27.752291307194884]]]}}, {"type": "Feature", "properties": {"cod_imovel": "SC-4201000-01C9CC6271F54B25B13CBB6867411313", "municipio": "Anita Garibaldi", "num_area": 24.0716, "mod_fiscal": 1.2036, "des_condic": "Aguardando analise", "ind_status": "AT", "dat_atuali": "05/07/2021"}, "geometry": {"type": "Polygon", "coordinates": [[[-51.02781944624257, -27.8295062947144], [-51.03089385443678, -27.82853213706537], [-51.03064299961426, -27.82536037737511], [-51.02866287932765, -27.82516402045792], [-51.02746605778404, -27.82631053164245], [-51.02652394871429, -27.82640462759486], [-51.02492158832941, -27.82621223665447], [-51.02331854522846, -27.82734400713266], [-51.02699420678977, -27.83029398631205], [-51.02733624421855, -27.82980506382319], [-51.02781944624257, -27.8295062947144]]]}}, {"type": "Feature", "properties": {"cod_imovel": "SC-4201000-E56F802AB8B6400DBBE94DB44132AFE2", "municipio": "Anita Garibaldi", "num_area": 69.4387, "mod_fiscal": 3.4719, "des_condic": "Aguardando analise", "ind_status": "AT", "dat_atuali": "29/09/2021"}, "geometry": {"type": "Polygon", "coordinates": [[[-51.07542849870597, -27.76701735338191], [-51.07473232298156, -27.76720693061441], [-51.0722623936994, -27.76865825007399], [-51.07185667375396, -27.76906989107147], [-51.0712827944287, -27.76924938606149], [-51.07024832466199, -27.76936661392649], [-51.06871811678742, -27.7690948009783], [-51.06678114348347, -27.76923932535145], [-51.06502097553351, -27.76913846252015], [-51.06307867516583, -27.77559126925209], [-51.0629487010834, -27.77691871238817], [-51.06446460756156, -27.77748985147162], [-51.06510397455318, -27.77749927758684], [-51.06581915864128, -27.77735005378614], [-51.06765145707276, -27.77627218064697], [-51.06875283343086, -27.77594853959683], [-51.06875075589458, -27.77527415046438], [-51.06807888136942, -27.77443244624289], [-51.06820080848421, -27.77411130757282], [-51.07182025731726, -27.77050692141998], [-51.07389808336308, -27.7724194464728], [-51.07700144529341, -27.77103711046131], [-51.07567354610377, -27.76733742573592], [-51.07542849870597, -27.76701735338191]]]}}, {"type": "Feature", "properties": {"cod_imovel": "SC-4201000-9891F3DF09D1430EBABAE88CCD148A0B", "municipio": "Anita Garibaldi", "num_area": 21.0907, "mod_fiscal": 1.0545, "des_condic": "Aguardando analise", "ind_status": "AT", "dat_atuali": "27/05/2022"}, "geometry": {"type": "Polygon", "coordinates": [[[-51.2067566847619, -27.75154064431689], [-51.20706564588874, -27.74944679811203], [-51.20346856160597, -27.74664395778676], [-51.20253081917786, -27.74762609212743], [-51.20111993461971, -27.74849515421642], [-51.20536721382374, -27.75311686721788], [-51.20590700043826, -27.75291268903088], [-51.20640951010507, -27.7523473756108], [-51.2067566847619, -27.75154064431689]]]}}, {"type": "Feature", "properties": {"cod_imovel": "SC-4201000-DA73D1DE59DB404B9C0877FDCD3F0EF4", "municipio": "Anita Garibaldi", "num_area": 7.5422, "mod_fiscal": 0.3771, "des_condic": "Aguardando analise", "ind_status": "AT", "dat_atuali": "15/07/2021"}, "geometry": {"type": "Polygon", "coordinates": [[[-51.07191197765823, -27.78536243888385], [-51.07265447113632, -27.78443238675391], [-51.07257373234081, -27.78346575678735], [-51.07214591369923, -27.78352496684366], [-51.07189340097608, -27.78381111199844], [-51.07121927708123, -27.78340087455162], [-51.0714720603829, -27.78310217700694], [-51.07131021793093, -27.7821398102231], [-51.0699032114567, -27.78062547761429], [-51.06837105427681, -27.78137131793075], [-51.07043736968964, -27.78350616314065], [-51.07191197765823, -27.78536243888385]]]}}, {"type": "Feature", "properties": {"cod_imovel": "SC-4201000-A4963A89B724491CA6A4080CA7A6902F", "municipio": "Anita Garibaldi", "num_area": 14.7551, "mod_fiscal": 0.7378, "des_condic": "Aguardando analise", "ind_status": "AT", "dat_atuali": "14/05/2015"}, "geometry": {"type": "Polygon", "coordinates": [[[-51.04955434763939, -27.8487480676872], [-51.04481779634035, -27.84824501679062], [-51.04496279237318, -27.84907111029918], [-51.04479468056186, -27.84923511489622], [-51.04479229871668, -27.85042799533726], [-51.04461961946151, -27.85094234320206], [-51.04490580581671, -27.8515882831494], [-51.04915119564316, -27.85134708799646], [-51.04955434763939, -27.8487480676872]]]}}, {"type": "Feature", "properties": {"cod_imovel": "SC-4201000-4FE2DCB45FE74ECBB1E2F2887E806BA5", "municipio": "Anita Garibaldi", "num_area": 11.3918, "mod_fiscal": 0.5696, "des_condic": "Aguardando analise", "ind_status": "AT", "dat_atuali": "18/05/2015"}, "geometry": {"type": "Polygon", "coordinates": [[[-51.08235208322383, -27.77744537293854], [-51.08055762233541, -27.77698743445333], [-51.07758113256924, -27.77558247131366], [-51.07724273166851, -27.77610114656236], [-51.07877701966093, -27.77741912223213], [-51.08231530368737, -27.78001740065902], [-51.08427568738561, -27.77895652939683], [-51.08235208322383, -27.77744537293854]]]}}, {"type": "Feature", "properties": {"cod_imovel": "SC-4201000-8E21EFE8A1D84D86830EDC8518F5735A", "municipio": "Anita Garibaldi", "num_area": 20.0741, "mod_fiscal": 1.0037, "des_condic": "Aguardando analise", "ind_status": "AT", "dat_atuali": "28/03/2016"}, "geometry": {"type": "Polygon", "coordinates": [[[-51.23371812329887, -27.75134694889997], [-51.23262398609864, -27.74826599423444], [-51.2306322566337, -27.74988197314366], [-51.23083723814916, -27.75010360170562], [-51.22829657625425, -27.75299744477766], [-51.23042169261328, -27.75509933529814], [-51.23353992623187, -27.75197994359289], [-51.23371812329887, -27.75134694889997]]]}}, {"type": "Feature", "properties": {"cod_imovel": "SC-4201000-D2774EBB778645888443B4CB25427825", "municipio": "Anita Garibaldi", "num_area": 2.4078, "mod_fiscal": 0.1204, "des_condic": "Aguardando analise", "ind_status": "AT", "dat_atuali": "27/05/2019"}, "geometry": {"type": "Polygon", "coordinates": [[[-51.08125652606512, -27.76983750042257], [-51.08220180727421, -27.77004500901372], [-51.08317338671495, -27.76842376182097], [-51.08223961586864, -27.76771533312038], [-51.08125652606512, -27.76983750042257]]]}}, {"type": "Feature", "properties": {"cod_imovel": "SC-4201000-F9CF76E83B2545BCA762C2B2392BC88B", "municipio": "Anita Garibaldi", "num_area": 41.3181, "mod_fiscal": 2.0659, "des_condic": "Aguardando analise", "ind_status": "AT", "dat_atuali": "02/05/2016"}, "geometry": {"type": "Polygon", "coordinates": [[[-51.02006490187461, -27.78103873946233], [-51.0191659193007, -27.78380047963488], [-51.0195861620167, -27.78532526473483], [-51.01719736188748, -27.78808666173289], [-51.01818139355884, -27.78822449127689], [-51.01892802627383, -27.78864467701901], [-51.01947224741517, -27.78865416250871], [-51.02003481194874, -27.78800933746646], [-51.02018805225324, -27.78709251885235], [-51.02133346337442, -27.78671356696668], [-51.02230079507378, -27.78664628435928], [-51.02426335258551, -27.78691811132459], [-51.02659627895336, -27.78625305811157], [-51.02792467502267, -27.78379240207828], [-51.02443170455166, -27.78302241010518], [-51.02175092134124, -27.78164875900338], [-51.02006490187461, -27.78103873946233]]]}}, {"type": "Feature", "properties": {"cod_imovel": "SC-4201000-A3C07DB75BF44FA8BEB6A2FE3D93774D", "municipio": "Anita Garibaldi", "num_area": 21.8, "mod_fiscal": 1.09, "des_condic": "Aguardando analise", "ind_status": "AT", "dat_atuali": "14/09/2018"}, "geometry": {"type": "Polygon", "coordinates": [[[-51.0380959321812, -27.79812138460683], [-51.04426667736774, -27.79226236871464], [-51.04303541312419, -27.79067267398201], [-51.04038640244497, -27.79275958915385], [-51.03616964252013, -27.79664780695799], [-51.0380959321812, -27.79812138460683]]]}}, {"type": "Feature", "properties": {"cod_imovel": "SC-4201000-213A5329589A4E3DBA377D911DD5EB2E", "municipio": "Anita Garibaldi", "num_area": 3.22, "mod_fiscal": 0.161, "des_condic": "Aguardando analise", "ind_status": "AT", "dat_atuali": "10/10/2014"}, "geometry": {"type": "Polygon", "coordinates": [[[-51.11689567565918, -27.798805333463278], [-51.11726178991713, -27.79768447171239], [-51.115286350250244, -27.79694515433903], [-51.11464547737292, -27.79821055207883], [-51.11689567565918, -27.798805333463278]]]}}, {"type": "Feature", "properties": {"cod_imovel": "SC-4201000-8DF750B0A0BF42FD8798FD0FF618843E", "municipio": "Anita Garibaldi", "num_area": 34.9146, "mod_fiscal": 1.7457, "des_condic": "Aguardando analise", "ind_status": "AT", "dat_atuali": "19/04/2022"}, "geometry": {"type": "Polygon", "coordinates": [[[-51.25204682350158, -27.742625286379308], [-51.24839901924133, -27.74142884300588], [-51.24829173088074, -27.74215050883546], [-51.248871088027954, -27.743138043802507], [-51.249096393585205, -27.744106579016627], [-51.24603867530823, -27.749632762243845], [-51.25042676925659, -27.751474761008804], [-51.25146746635437, -27.74651838418522], [-51.25204682350158, -27.742625286379308]]]}}, {"type": "Feature", "properties": {"cod_imovel": "SC-4201000-D5C646474E5C44D29198FC1EEE575A6D", "municipio": "Anita Garibaldi", "num_area": 102.2797, "mod_fiscal": 5.114, "des_condic": "Aguardando analise", "ind_status": "AT", "dat_atuali": "01/10/2015"}, "geometry": {"type": "Polygon", "coordinates": [[[-51.24023692261898, -27.77744597303947], [-51.24418191125448, -27.77095994433028], [-51.2414947284085, -27.77074921198954], [-51.23907088782089, -27.77006055630906], [-51.23895692192053, -27.77070902452477], [-51.23449494845867, -27.76943283640711], [-51.23268492024596, -27.77007569760818], [-51.22949838012763, -27.77081035578429], [-51.22836987405593, -27.77163978332268], [-51.23074333950207, -27.77509776313137], [-51.23192079451005, -27.77652747706413], [-51.23287129797509, -27.77748637749114], [-51.23373177643497, -27.77804983152678], [-51.23440367910779, -27.77842262970048], [-51.23528935411228, -27.77863202149135], [-51.23830286043329, -27.77845722012911], [-51.24023692261898, -27.77744597303947]]]}}, {"type": "Feature", "properties": {"cod_imovel": "SC-4201000-25EE886A081747C6A42590D548477FE7", "municipio": "Anita Garibaldi", "num_area": 53.9317, "mod_fiscal": 2.6966, "des_condic": "Aguardando analise", "ind_status": "AT", "dat_atuali": "04/04/2016"}, "geometry": {"type": "Polygon", "coordinates": [[[-51.22569636088005, -27.76038332452545], [-51.22625900419493, -27.76128489222811], [-51.22920850570746, -27.76272551464985], [-51.22871335212425, -27.76426712593459], [-51.23405928483489, -27.7676163122517], [-51.23447341593911, -27.76666967270186], [-51.23847762644456, -27.76783909416826], [-51.23877858956088, -27.76517636955116], [-51.2375011932515, -27.76360455708837], [-51.23472534344874, -27.76239889885958], [-51.23377714886551, -27.76250729933391], [-51.23259800008093, -27.76194644734699], [-51.23140313617893, -27.76109953748184], [-51.23029116438085, -27.76072223985932], [-51.22840157666482, -27.75966134176083], [-51.22716297712513, -27.75924151111862], [-51.22569636088005, -27.76038332452545]]]}}, {"type": "Feature", "properties": {"cod_imovel": "SC-4201000-0C3A7D2174734D3CB267D0098FADB20D", "municipio": "Anita Garibaldi", "num_area": 80.7106, "mod_fiscal": 4.0355, "des_condic": "Aguardando analise", "ind_status": "AT", "dat_atuali": "29/04/2016"}, "geometry": {"type": "Polygon", "coordinates": [[[-51.23526659113792, -27.76968735139383], [-51.23915071929599, -27.77074399952982], [-51.24171250003456, -27.77121971279417], [-51.24202563011248, -27.77024027814276], [-51.23916282438408, -27.76969817258269], [-51.2374639286485, -27.76898382069976], [-51.23333418676256, -27.76699194443995], [-51.2285542634269, -27.764234736722], [-51.22827033189456, -27.76604969371595], [-51.22368889957982, -27.76525262043585], [-51.2238415902298, -27.76847888131432], [-51.22710523131046, -27.7702065385356], [-51.22791212433707, -27.77110422165139], [-51.23021936580219, -27.77448842573246], [-51.23325584779941, -27.77315763127071], [-51.23485173336956, -27.77164496781209], [-51.23400933038702, -27.77107442760461], [-51.23526659113792, -27.76968735139383]]]}}, {"type": "Feature", "properties": {"cod_imovel": "SC-4201000-D1A4760A9AD64D17B72E856357353EF1", "municipio": "Anita Garibaldi", "num_area": 4.8685, "mod_fiscal": 0.2434, "des_condic": "Aguardando analise", "ind_status": "AT", "dat_atuali": "29/01/2022"}, "geometry": {"type": "Polygon", "coordinates": [[[-51.13556373479766, -27.75169263186255], [-51.13587404407744, -27.75099780283576], [-51.13585822703116, -27.75066311321223], [-51.13559744079778, -27.75034396023906], [-51.13522000939108, -27.75012848605514], [-51.13472069005784, -27.75025235779015], [-51.13430131811712, -27.75016640600214], [-51.13336026376581, -27.7492616999466], [-51.13314160436612, -27.74997784259486], [-51.13198446352862, -27.75065855800609], [-51.1328703516534, -27.75160954786187], [-51.13358974456787, -27.750867094757], [-51.13556373479766, -27.75169263186255]]]}}, {"type": "Feature", "properties": {"cod_imovel": "SC-4201000-0CC95E3E9779432DA481028E1B5F9E02", "municipio": "Anita Garibaldi", "num_area": 20.0262, "mod_fiscal": 1.0013, "des_condic": "Aguardando analise", "ind_status": "AT", "dat_atuali": "15/12/2015"}, "geometry": {"type": "Polygon", "coordinates": [[[-51.14146203269362, -27.78427050570767], [-51.14186238625953, -27.78464794283801], [-51.14421457806868, -27.78500313685489], [-51.14516482617739, -27.78135539612518], [-51.14508011063841, -27.78081430747766], [-51.14465778134751, -27.77948727298318], [-51.14388035170866, -27.77960164472537], [-51.14343550592012, -27.77931429762002], [-51.14334553294861, -27.77889838068075], [-51.14307626462861, -27.77862637392927], [-51.14187737225939, -27.77859066050543], [-51.14146203269362, -27.78427050570767]]]}}, {"type": "Feature", "properties": {"cod_imovel": "SC-4201000-98FD3287FCB846678F4C90EF55054F6D", "municipio": "Anita Garibaldi", "num_area": 9.0482, "mod_fiscal": 0.4524, "des_condic": "Aguardando analise", "ind_status": "AT", "dat_atuali": "11/04/2017"}, "geometry": {"type": "Polygon", "coordinates": [[[-51.12045983923503, -27.81124495197272], [-51.11914804472558, -27.81329304386949], [-51.11883963940642, -27.81493665330302], [-51.11928755624855, -27.81521913614975], [-51.12004320014011, -27.81462436813107], [-51.12235792574442, -27.81371673377305], [-51.12166868701731, -27.81231032051073], [-51.12148045405909, -27.81001874470936], [-51.12045983923503, -27.81124495197272]]]}}, {"type": "Feature", "properties": {"cod_imovel": "SC-4201000-3AA341C9EF0A435C8221D136CA343DDA", "municipio": "Anita Garibaldi", "num_area": 31.2494, "mod_fiscal": 1.5625, "des_condic": "Aguardando analise", "ind_status": "AT", "dat_atuali": "20/03/2015"}, "geometry": {"type": "Polygon", "coordinates": [[[-51.08595371246338, -27.778379581889965], [-51.07883082332298, -27.78131052894641], [-51.080589294433594, -27.784986099814848], [-51.08143862466624, -27.7842614719345], [-51.08203993014363, -27.78413866011233], [-51.08244786766085, -27.78374485041744], [-51.08401636596497, -27.78331515041072], [-51.08439391968568, -27.78287555322052], [-51.08464535231776, -27.78213673292662], [-51.08522648127583, -27.7817843463054], [-51.08619521368762, -27.7817460392095], [-51.0879888069775, -27.77948835410288], [-51.08771021172904, -27.7790105608623], [-51.08595371246338, -27.778379581889965]]]}}, {"type": "Feature", "properties": {"cod_imovel": "SC-4201000-8BBA6EF57F1F4C4CBEF19E310E50C083", "municipio": "Anita Garibaldi", "num_area": 15.5261, "mod_fiscal": 0.7763, "des_condic": "Aguardando analise", "ind_status": "AT", "dat_atuali": "19/03/2015"}, "geometry": {"type": "Polygon", "coordinates": [[[-51.01103470705356, -27.76544348984769], [-51.00559962356398, -27.76207017521955], [-51.00500406647725, -27.76457494129109], [-51.00959026588425, -27.76746785765957], [-51.01013650578472, -27.7663673172701], [-51.01103470705356, -27.76544348984769]]]}}, {"type": "Feature", "properties": {"cod_imovel": "SC-4201000-3C4167903FF04BEBA561E4C17FD1256B", "municipio": "Anita Garibaldi", "num_area": 23.9829, "mod_fiscal": 1.1991, "des_condic": "Aguardando analise", "ind_status": "AT", "dat_atuali": "14/05/2015"}, "geometry": {"type": "Polygon", "coordinates": [[[-51.05135020646358, -27.79324900670166], [-51.05264097248137, -27.79018175126625], [-51.05067875630583, -27.78992727482709], [-51.04849341354156, -27.79077813453818], [-51.04820678059943, -27.79106330232276], [-51.04811250274467, -27.79228007188609], [-51.04784590809734, -27.79256676341349], [-51.04728804370554, -27.79269257334762], [-51.04732701754635, -27.79411782443726], [-51.0469942039887, -27.79668145905493], [-51.04988929180628, -27.79484586340925], [-51.05018080355249, -27.79504796252298], [-51.05175018310547, -27.795046979556165], [-51.05213642120361, -27.794249736262145], [-51.05135020646358, -27.79324900670166]]]}}, {"type": "Feature", "properties": {"cod_imovel": "SC-4201000-D0D03CEFC3DE4BC2B9A7BD5B6632800D", "municipio": "Anita Garibaldi", "num_area": 38.2249, "mod_fiscal": 1.9112, "des_condic": "Aguardando analise", "ind_status": "AT", "dat_atuali": "12/05/2015"}, "geometry": {"type": "Polygon", "coordinates": [[[-51.03163335196486, -27.77323181648243], [-51.03116239813586, -27.77473333927067], [-51.02733359393697, -27.77486593811601], [-51.02654117941621, -27.77764182646297], [-51.03043214562397, -27.77811051817049], [-51.03011111774706, -27.7801877125694], [-51.02945291958982, -27.78101507294041], [-51.0297782368144, -27.78183585621239], [-51.0296665353818, -27.78219739308135], [-51.03071741302277, -27.78371731669119], [-51.03247546105937, -27.78387889661418], [-51.03268532794203, -27.77448250345024], [-51.0333895707706, -27.77397204425331], [-51.03265340443515, -27.77349669187353], [-51.03163335196486, -27.77323181648243]]]}}, {"type": "Feature", "properties": {"cod_imovel": "SC-4201000-86380B9DAA674C78ABCB0B86A13848AB", "municipio": "Anita Garibaldi", "num_area": 53.7653, "mod_fiscal": 2.6883, "des_condic": "Aguardando analise", "ind_status": "AT", "dat_atuali": "12/05/2015"}, "geometry": {"type": "Polygon", "coordinates": [[[-51.03312280757424, -27.82811505914954], [-51.03159870235068, -27.82883970026578], [-51.03086760565243, -27.82864729088642], [-51.03000247689585, -27.82889466483125], [-51.02869471016006, -27.82885098918982], [-51.02729505579755, -27.82994231480553], [-51.01860399842187, -27.83270736733203], [-51.02080516896236, -27.83381946159098], [-51.02547709584821, -27.83486749891547], [-51.03318853549124, -27.83205437723781], [-51.03312280757424, -27.82811505914954]]]}}, {"type": "Feature", "properties": {"cod_imovel": "SC-4201000-7A27028CF320449AAE8AD84221D10BC4", "municipio": "Anita Garibaldi", "num_area": 36.1272, "mod_fiscal": 1.8064, "des_condic": "Aguardando analise", "ind_status": "AT", "dat_atuali": "14/03/2016"}, "geometry": {"type": "Polygon", "coordinates": [[[-51.13243929021141, -27.78590091998248], [-51.13004308880527, -27.78350699545554], [-51.12795881908282, -27.78464992704032], [-51.1278072676531, -27.78456954521396], [-51.1271792111482, -27.78519186917804], [-51.12558131219983, -27.78583326149473], [-51.12489026019008, -27.78628997430031], [-51.12442937099171, -27.78692704633873], [-51.12411001216377, -27.78781026289861], [-51.12604235293588, -27.789434848134], [-51.12759749807349, -27.79116207567936], [-51.12785001642953, -27.79109403984513], [-51.12956683986607, -27.78942354612368], [-51.13114205292197, -27.78759815145611], [-51.13153334868981, -27.78662666957097], [-51.13243929021141, -27.78590091998248]]]}}, {"type": "Feature", "properties": {"cod_imovel": "SC-4201000-84CFC98B077846B6B0BF22170A4E09DD", "municipio": "Anita Garibaldi", "num_area": 23.9144, "mod_fiscal": 1.1957, "des_condic": "Aguardando analise", "ind_status": "AT", "dat_atuali": "01/06/2016"}, "geometry": {"type": "Polygon", "coordinates": [[[-51.12701915968707, -27.77737305021987], [-51.12727952585842, -27.77766130393268], [-51.13075697379637, -27.7757166531361], [-51.13393418039919, -27.77416726837227], [-51.13055074052999, -27.77208013771944], [-51.12676489548972, -27.77327019623169], [-51.12647861626107, -27.77406175743172], [-51.12652061381449, -27.77439920505381], [-51.12687532222783, -27.7748641411093], [-51.12675688531387, -27.77510630861071], [-51.12701915968707, -27.77737305021987]]]}}, {"type": "Feature", "properties": {"cod_imovel": "SC-4201000-92DE60A1E52E4081836A975056BADBCC", "municipio": "Anita Garibaldi", "num_area": 4.0536, "mod_fiscal": 0.2027, "des_condic": "Aguardando analise", "ind_status": "AT", "dat_atuali": "29/04/2016"}, "geometry": {"type": "Polygon", "coordinates": [[[-51.22776344987579, -27.75454166707772], [-51.22917556569862, -27.75519883270705], [-51.22947275703636, -27.75575147218641], [-51.22974280575025, -27.75582024374515], [-51.23052102532607, -27.75504930395911], [-51.22834340936811, -27.75299673311861], [-51.22748262281885, -27.75411877935353], [-51.22744531448986, -27.75471664704531], [-51.22776344987579, -27.75454166707772]]]}}, {"type": "Feature", "properties": {"cod_imovel": "SC-4201000-D418143697CF485C89AE07A9934B49D9", "municipio": "Anita Garibaldi", "num_area": 14.2301, "mod_fiscal": 0.7115, "des_condic": "Aguardando analise", "ind_status": "AT", "dat_atuali": "30/01/2019"}, "geometry": {"type": "Polygon", "coordinates": [[[-51.1273687638889, -27.7550261047722], [-51.1276698611111, -27.7559947242166], [-51.1272231694444, -27.757954593661], [-51.1264307361111, -27.7593098408832], [-51.1262496722222, -27.7599357103276], [-51.1254676638889, -27.7602286519943], [-51.1246302027778, -27.7612081186609], [-51.1246545888889, -27.7624993325498], [-51.1249291694444, -27.7625131603276], [-51.1307783416667, -27.7567049269944], [-51.1273687638889, -27.7550261047722]]]}}, {"type": "Feature", "properties": {"cod_imovel": "SC-4201000-77D93F84D6CE4B078DBCE5DE4EA488EE", "municipio": "Anita Garibaldi", "num_area": 11.6052, "mod_fiscal": 0.5803, "des_condic": "Aguardando analise", "ind_status": "AT", "dat_atuali": "23/03/2016"}, "geometry": {"type": "Polygon", "coordinates": [[[-51.00486516952515, -27.791212565384253], [-51.00419998168945, -27.791174600211292], [-51.00425575651641, -27.79257918181674], [-51.003899574279785, -27.793433504927012], [-51.006174087524414, -27.793623326714695], [-51.00946160641425, -27.79358593876045], [-51.00922107696533, -27.792218637636488], [-51.00726842880249, -27.792275584844035], [-51.00710363961525, -27.79099503659758], [-51.00484966081928, -27.79089033903008], [-51.00486516952515, -27.791212565384253]]]}}, {"type": "Feature", "properties": {"cod_imovel": "SC-4201000-D1DFA65A9DC74C49AF70E2CB8298F2AC", "municipio": "Anita Garibaldi", "num_area": 29.8674, "mod_fiscal": 1.4934, "des_condic": "Aguardando analise", "ind_status": "AT", "dat_atuali": "23/03/2016"}, "geometry": {"type": "Polygon", "coordinates": [[[-51.05586063186719, -27.84664004816023], [-51.05522850017848, -27.84520407701595], [-51.05353604765335, -27.84742514882928], [-51.05040737144267, -27.8521689494472], [-51.04876784141769, -27.85437263438495], [-51.05042640686798, -27.85520124466088], [-51.05003020849943, -27.85546264415024], [-51.05026194397599, -27.85586957430498], [-51.05072817258114, -27.85620541165046], [-51.05215986716308, -27.85457612215071], [-51.05621859422964, -27.84713466661197], [-51.05677613819472, -27.84704276219788], [-51.05711381942314, -27.84724518082479], [-51.05741000361573, -27.84814523278048], [-51.05775817998389, -27.84755263370603], [-51.05751500682382, -27.84713278014961], [-51.05586063186719, -27.84664004816023]]]}}, {"type": "Feature", "properties": {"cod_imovel": "SC-4201000-7DD7A914CE8A416985FADEEDA59E5222", "municipio": "Anita Garibaldi", "num_area": 59.5809, "mod_fiscal": 2.979, "des_condic": "Aguardando analise", "ind_status": "AT", "dat_atuali": "03/05/2015"}, "geometry": {"type": "Polygon", "coordinates": [[[-51.05686813372723, -27.76143330115191], [-51.05633486028451, -27.76140820976125], [-51.05533518536119, -27.76877484429292], [-51.05483865085931, -27.77057120038825], [-51.05620205248207, -27.77165990089738], [-51.05697623823137, -27.7719289911762], [-51.0580517464626, -27.77190519153287], [-51.05993647532393, -27.7730046631878], [-51.06114556567653, -27.77107873096877], [-51.06200599278004, -27.76862972593115], [-51.06197208757452, -27.76597723269105], [-51.06226447703392, -27.76501303162291], [-51.05913807248999, -27.76501150961389], [-51.05982426743044, -27.76271702441393], [-51.0583321589495, -27.76227951455105], [-51.05686813372723, -27.76143330115191]]]}}, {"type": "Feature", "properties": {"cod_imovel": "SC-4201000-DB997D5307934363BC2C059BC983F503", "municipio": "Anita Garibaldi", "num_area": 57.1488, "mod_fiscal": 2.8574, "des_condic": "Aguardando analise", "ind_status": "AT", "dat_atuali": "15/04/2016"}, "geometry": {"type": "Polygon", "coordinates": [[[-51.12671440906686, -27.77484468617763], [-51.12643324494107, -27.7740614217118], [-51.1213041120926, -27.77443611314344], [-51.12063550466388, -27.7753428463138], [-51.11947165618009, -27.77649326832446], [-51.11861884960708, -27.77706494592996], [-51.1169078665163, -27.77871464192334], [-51.11674723758534, -27.77965493909595], [-51.11724572544114, -27.78083986049857], [-51.12063006700488, -27.78083657061622], [-51.12445721211493, -27.78020583602131], [-51.12635143226925, -27.77962421471804], [-51.12807648237303, -27.77875130083241], [-51.12702761060415, -27.77745374782586], [-51.12671440906686, -27.77484468617763]]]}}, {"type": "Feature", "properties": {"cod_imovel": "SC-4201000-8B49E3636C6C4CCEB8E4754D595F1EA5", "municipio": "Anita Garibaldi", "num_area": 5.3958, "mod_fiscal": 0.2698, "des_condic": "Aguardando analise", "ind_status": "AT", "dat_atuali": "11/05/2015"}, "geometry": {"type": "Polygon", "coordinates": [[[-51.05588525534913, -27.76478361619996], [-51.05616669444206, -27.76290584219345], [-51.05549325746787, -27.76282395099005], [-51.05512475246458, -27.76251068597024], [-51.05483054396436, -27.76040952445177], [-51.05447766328189, -27.76030003795387], [-51.05436762587272, -27.76263952828215], [-51.0536407978128, -27.7639381133041], [-51.05484734152599, -27.76434374989774], [-51.05494515678603, -27.76468210389868], [-51.05588525534913, -27.76478361619996]]]}}, {"type": "Feature", "properties": {"cod_imovel": "SC-4201000-99AFADAC2EB943679B69CC52A63B7F74", "municipio": "Anita Garibaldi", "num_area": 13.3618, "mod_fiscal": 0.6681, "des_condic": "Aguardando analise", "ind_status": "AT", "dat_atuali": "18/04/2016"}, "geometry": {"type": "Polygon", "coordinates": [[[-51.2125085795936, -27.7539730884277], [-51.21051138641822, -27.75193135042785], [-51.20798417980917, -27.75517188977777], [-51.20993063228524, -27.75719949766363], [-51.21078984372021, -27.75629575319801], [-51.21180505923783, -27.7570282358375], [-51.21192345600611, -27.75687192496661], [-51.21105721525935, -27.75626521307464], [-51.2125085795936, -27.7539730884277]]]}}, {"type": "Feature", "properties": {"cod_imovel": "SC-4201000-452A85EF591F4185A4F0A2BF2826A92E", "municipio": "Anita Garibaldi", "num_area": 51.9029, "mod_fiscal": 2.5951, "des_condic": "Aguardando analise", "ind_status": "AT", "dat_atuali": "22/05/2015"}, "geometry": {"type": "Polygon", "coordinates": [[[-51.05882437184869, -27.82438906807258], [-51.06140278076738, -27.82271737224305], [-51.05951519167037, -27.82203345579072], [-51.05716624518963, -27.81945177740485], [-51.05803011915797, -27.81808047027412], [-51.05644753624443, -27.81670347337933], [-51.05312898316365, -27.81821613834827], [-51.05254067771978, -27.82045274525957], [-51.05217350950891, -27.82287879318061], [-51.05243372714641, -27.82352190129474], [-51.05309262951604, -27.82411720228689], [-51.05317808051857, -27.82496194724537], [-51.05396006360607, -27.82539208352148], [-51.05414338150536, -27.82600191930607], [-51.05561016702672, -27.82562539981322], [-51.05882437184869, -27.82438906807258]]]}}, {"type": "Feature", "properties": {"cod_imovel": "SC-4201000-67BBE42C371E482CA4971F8660062B54", "municipio": "Anita Garibaldi", "num_area": 17.42, "mod_fiscal": 0.871, "des_condic": "Aguardando analise", "ind_status": "AT", "dat_atuali": "18/05/2015"}, "geometry": {"type": "Polygon", "coordinates": [[[-51.03973677252859, -27.8219451696958], [-51.03931824762034, -27.82036541257053], [-51.03835579137751, -27.81847973317598], [-51.03547191078805, -27.8196567411859], [-51.03284008558075, -27.82100819726757], [-51.03329364566302, -27.82151612207138], [-51.03352812203179, -27.82226066364934], [-51.03973677252859, -27.8219451696958]]]}}, {"type": "Feature", "properties": {"cod_imovel": "SC-4201000-AF29F8ED3BFA4C49B4AB5FF112E2F428", "municipio": "Anita Garibaldi", "num_area": 2.3613, "mod_fiscal": 0.1181, "des_condic": "Aguardando analise", "ind_status": "AT", "dat_atuali": "18/05/2015"}, "geometry": {"type": "Polygon", "coordinates": [[[-51.11206870734022, -27.81796800327543], [-51.11317867089974, -27.8178658545775], [-51.11342502481318, -27.81666377760792], [-51.11324716547789, -27.81642080706005], [-51.11260253207711, -27.8166566758812], [-51.1111472959804, -27.8168225666715], [-51.11120599576194, -27.81706451109864], [-51.11206870734022, -27.81796800327543]]]}}, {"type": "Feature", "properties": {"cod_imovel": "SC-4201000-88B8E65BA98641F884FE471659F3FB56", "municipio": "Anita Garibaldi", "num_area": 49.1532, "mod_fiscal": 2.4577, "des_condic": "Aguardando analise", "ind_status": "AT", "dat_atuali": "19/05/2015"}, "geometry": {"type": "Polygon", "coordinates": [[[-51.01415301782778, -27.81312017181648], [-51.01049069817623, -27.81327739705256], [-51.00843247364868, -27.81297484733002], [-51.00671620949143, -27.81675988647769], [-51.00714278193531, -27.81737509888086], [-51.00830172449436, -27.81778042673066], [-51.01005167035721, -27.81883271623214], [-51.01110982125586, -27.82023088136623], [-51.0148595268552, -27.82099965477353], [-51.0146394443966, -27.81740281254885], [-51.01415301782778, -27.81312017181648]]]}}, {"type": "Feature", "properties": {"cod_imovel": "SC-4201000-D6C1536DBB2F4C0480318B32CAADDB8F", "municipio": "Anita Garibaldi", "num_area": 2.7126, "mod_fiscal": 0.1356, "des_condic": "Aguardando analise", "ind_status": "AT", "dat_atuali": "21/07/2015"}, "geometry": {"type": "Polygon", "coordinates": [[[-51.04953770315954, -27.84136611103554], [-51.04827794639132, -27.84176648615027], [-51.04756221687123, -27.84303931951175], [-51.04969200615396, -27.8430865874788], [-51.04953770315954, -27.84136611103554]]]}}, {"type": "Feature", "properties": {"cod_imovel": "SC-4201000-1FD620FDA7004DD39D4042B65446DCA6", "municipio": "Anita Garibaldi", "num_area": 13.0024, "mod_fiscal": 0.6501, "des_condic": "Aguardando analise", "ind_status": "AT", "dat_atuali": "26/05/2015"}, "geometry": {"type": "Polygon", "coordinates": [[[-51.03243265987631, -27.78387718814169], [-51.03381798767435, -27.78608681769664], [-51.03293988580593, -27.78626951707316], [-51.03450842332898, -27.7892008212974], [-51.03596950722027, -27.79107350181056], [-51.03645026181503, -27.79054096278376], [-51.0375307640046, -27.78981656680836], [-51.03662723701506, -27.78843700579372], [-51.03305337823035, -27.78388870505544], [-51.03243265987631, -27.78387718814169]]]}}, {"type": "Feature", "properties": {"cod_imovel": "SC-4201000-75F96963F4E247AAA8ADC0B68B7D0EED", "municipio": "Anita Garibaldi", "num_area": 20.9752, "mod_fiscal": 1.0488, "des_condic": "Aguardando analise", "ind_status": "AT", "dat_atuali": "12/05/2015"}, "geometry": {"type": "Polygon", "coordinates": [[[-51.05609031934174, -27.77159208490912], [-51.05395950802786, -27.76995649201786], [-51.05285523109148, -27.76998703735285], [-51.05295989134811, -27.76964269225401], [-51.05289409217221, -27.76945559353152], [-51.05269193683045, -27.76945483578154], [-51.05153803518842, -27.77017021120578], [-51.04937658250696, -27.77287663770209], [-51.04976136160037, -27.77383790378815], [-51.0532144842232, -27.77422268449991], [-51.05609031934174, -27.77159208490912]]]}}, {"type": "Feature", "properties": {"cod_imovel": "SC-4201000-656571403AE14B62B9CB6925E1124315", "municipio": "Anita Garibaldi", "num_area": 36.775, "mod_fiscal": 1.8387, "des_condic": "Aguardando analise", "ind_status": "AT", "dat_atuali": "25/06/2015"}, "geometry": {"type": "Polygon", "coordinates": [[[-51.05467029330798, -27.86006694659167], [-51.05560575868543, -27.86059757760355], [-51.05789696266739, -27.86094994452784], [-51.05994472312786, -27.86106592274959], [-51.06285105343471, -27.86086602673622], [-51.0661292063177, -27.86133964050583], [-51.06619134736962, -27.8596741987362], [-51.06092396767419, -27.85733383713339], [-51.0574774574676, -27.85719423380998], [-51.05667008777975, -27.85684570184158], [-51.05583319547911, -27.85787669557171], [-51.05467029330798, -27.86006694659167]]]}}, {"type": "Feature", "properties": {"cod_imovel": "SC-4201000-A10CF6BDE24A46468A87444FE05FBF43", "municipio": "Anita Garibaldi", "num_area": 64.3945, "mod_fiscal": 3.2197, "des_condic": "Aguardando analise", "ind_status": "AT", "dat_atuali": "20/03/2023"}, "geometry": {"type": "Polygon", "coordinates": [[[-51.02305870868626, -27.81075211881619], [-51.02098714990843, -27.81002754509769], [-51.0185489242452, -27.81010291878977], [-51.01835459374316, -27.81419586946052], [-51.01756646736683, -27.82005847332069], [-51.02018585789372, -27.82274040470077], [-51.02321108144423, -27.82161842162739], [-51.02305870868626, -27.81075211881619]]]}}, {"type": "Feature", "properties": {"cod_imovel": "SC-4201000-FE6D8A2135564B7991174DC138EE91E2", "municipio": "Anita Garibaldi", "num_area": 17.5283, "mod_fiscal": 0.8764, "des_condic": "Aguardando analise", "ind_status": "AT", "dat_atuali": "19/05/2016"}, "geometry": {"type": "Polygon", "coordinates": [[[-51.0697677318037, -27.79662040694151], [-51.06893865815957, -27.79921548567668], [-51.06963406016101, -27.80092049898221], [-51.07003651555108, -27.8015010967709], [-51.07037312008727, -27.80173673736858], [-51.07301639426782, -27.8019718880218], [-51.07361301771273, -27.80145130790812], [-51.07441878488393, -27.80143815412281], [-51.07422630606183, -27.80047323500673], [-51.07279068535535, -27.79924153093638], [-51.07212898433119, -27.79812438442312], [-51.07074317042856, -27.79806094052904], [-51.0697677318037, -27.79662040694151]]]}}, {"type": "Feature", "properties": {"cod_imovel": "SC-4201000-0540B5861F68471BB965FBF54B368689", "municipio": "Anita Garibaldi", "num_area": 27.8209, "mod_fiscal": 1.391, "des_condic": "Aguardando analise", "ind_status": "AT", "dat_atuali": "20/05/2016"}, "geometry": {"type": "Polygon", "coordinates": [[[-51.09021511647848, -27.81019168262672], [-51.08832406615942, -27.8099499355193], [-51.08758620289821, -27.8102087096466], [-51.08670541797963, -27.818389051481], [-51.08815170681492, -27.8188417885948], [-51.08964134806305, -27.81806597400635], [-51.09026218549786, -27.81724983517825], [-51.0905979495573, -27.81418344220703], [-51.0898819262563, -27.81330500982716], [-51.08985910552259, -27.81253238790885], [-51.09021511647848, -27.81019168262672]]]}}, {"type": "Feature", "properties": {"cod_imovel": "SC-4201000-B9F20A21C0B2434B8984B245EC9F279C", "municipio": "Anita Garibaldi", "num_area": 13.3904, "mod_fiscal": 0.6695, "des_condic": "Aguardando analise", "ind_status": "AT", "dat_atuali": "19/05/2016"}, "geometry": {"type": "Polygon", "coordinates": [[[-51.00990300185249, -27.75575266742701], [-51.00699454799404, -27.7549531836831], [-51.00608880980948, -27.7594780147964], [-51.0071409550961, -27.76026349243819], [-51.00838039080095, -27.75830619219473], [-51.00928553154608, -27.75882823764457], [-51.00990300185249, -27.75575266742701]]]}}, {"type": "Feature", "properties": {"cod_imovel": "SC-4201000-F5FBAA7A374D4D32BC70C21B37750629", "municipio": "Anita Garibaldi", "num_area": 18.679, "mod_fiscal": 0.9339, "des_condic": "Aguardando analise", "ind_status": "AT", "dat_atuali": "19/05/2016"}, "geometry": {"type": "Polygon", "coordinates": [[[-51.02303682209742, -27.80663305155959], [-51.01865703355262, -27.80606856224323], [-51.01883103168093, -27.81014717756201], [-51.01932485359897, -27.81000737121989], [-51.02173380078099, -27.81013937426742], [-51.02314681016803, -27.81062423280153], [-51.02319316560814, -27.8086493276853], [-51.02303682209742, -27.80663305155959]]]}}, {"type": "Feature", "properties": {"cod_imovel": "SC-4201000-2375FBB014FD48C883CAAD308FEE4B58", "municipio": "Anita Garibaldi", "num_area": 4.51, "mod_fiscal": 0.2255, "des_condic": "Aguardando analise", "ind_status": "AT", "dat_atuali": "18/06/2015"}, "geometry": {"type": "Polygon", "coordinates": [[[-51.04675788535516, -27.84113694641743], [-51.04828526575803, -27.84073166880964], [-51.04750797631553, -27.83985798134034], [-51.04687326164148, -27.83939543240593], [-51.04457252192345, -27.84052771487722], [-51.04492671291868, -27.8413772836752], [-51.04675788535516, -27.84113694641743]]]}}, {"type": "Feature", "properties": {"cod_imovel": "SC-4201000-6D78140E2D134ABD9EA42297E163142A", "municipio": "Anita Garibaldi", "num_area": 150.2631, "mod_fiscal": 7.5132, "des_condic": "Aguardando analise", "ind_status": "AT", "dat_atuali": "22/07/2021"}, "geometry": {"type": "Polygon", "coordinates": [[[-51.0671260444444, -27.7854989797716], [-51.0589320472222, -27.7886711714382], [-51.0661129888889, -27.7937556881048], [-51.0717640527778, -27.7990038103269], [-51.0750816166667, -27.801655246438], [-51.0803999388889, -27.7967787908825], [-51.0671260444444, -27.7854989797716]]]}}, {"type": "Feature", "properties": {"cod_imovel": "SC-4201000-35598F77679E44A68419B33983E040C3", "municipio": "Anita Garibaldi", "num_area": 29.0982, "mod_fiscal": 1.4549, "des_condic": "Aguardando analise", "ind_status": "AT", "dat_atuali": "01/06/2015"}, "geometry": {"type": "Polygon", "coordinates": [[[-51.08255390754451, -27.7888456423485], [-51.08309624238365, -27.78849815834138], [-51.083056926727295, -27.787245133112155], [-51.08466784109923, -27.78766361919988], [-51.08547408567881, -27.78766532157391], [-51.08675352745775, -27.78692119751048], [-51.08721971511841, -27.786125114066227], [-51.08697035805145, -27.7841509043988], [-51.085546016693115, -27.784245734153487], [-51.08075008872778, -27.78539644616816], [-51.08012826164973, -27.78401759458232], [-51.0782504081726, -27.784872197733513], [-51.07876513380801, -27.78702190950359], [-51.08255390754451, -27.7888456423485]]]}}, {"type": "Feature", "properties": {"cod_imovel": "SC-4201000-BCF29510DE4E4F9FB1169A7758EB519A", "municipio": "Anita Garibaldi", "num_area": 8.7303, "mod_fiscal": 0.4365, "des_condic": "Aguardando analise", "ind_status": "AT", "dat_atuali": "25/02/2019"}, "geometry": {"type": "Polygon", "coordinates": [[[-51.03394582904842, -27.83358855997944], [-51.0330545763223, -27.83380800263778], [-51.03306916571441, -27.8335012726329], [-51.03032316469875, -27.83386671754254], [-51.03180783095274, -27.8367157991143], [-51.03302000275679, -27.83597781351548], [-51.03415052736415, -27.83598158515198], [-51.03394582904842, -27.83358855997944]]]}}, {"type": "Feature", "properties": {"cod_imovel": "SC-4201000-8C0EF31CE1D2449CA8D276BB62D3C423", "municipio": "Anita Garibaldi", "num_area": 40.4302, "mod_fiscal": 2.0215, "des_condic": "Aguardando analise", "ind_status": "AT", "dat_atuali": "04/04/2016"}, "geometry": {"type": "Polygon", "coordinates": [[[-51.09977777539244, -27.81544749973906], [-51.09935382614204, -27.81782868210573], [-51.09918348259564, -27.81809032850275], [-51.09933312363162, -27.81837799282085], [-51.09659793324428, -27.81881879974052], [-51.09688813127062, -27.81960136114793], [-51.09731794810982, -27.82017430264031], [-51.09847646894432, -27.82129447068247], [-51.09924141573346, -27.82141116996949], [-51.09915004794625, -27.82196748373671], [-51.0995678184327, -27.82306761923696], [-51.10000923750034, -27.82374949721053], [-51.10094070770323, -27.82432827052966], [-51.10244589998059, -27.8242132541104], [-51.10281590147676, -27.82397586215075], [-51.10305833793133, -27.82315247569795], [-51.10325754230558, -27.82174716724895], [-51.10320606173131, -27.82079000575964], [-51.10364840017734, -27.81897532592384], [-51.10342361119518, -27.81773063279336], [-51.10351990801025, -27.81633132189227], [-51.10176087110889, -27.81622075528351], [-51.09977777539244, -27.81544749973906]]]}}, {"type": "Feature", "properties": {"cod_imovel": "SC-4201000-C7B29A8D015F4D8BAF61C23D1A2FE4B4", "municipio": "Anita Garibaldi", "num_area": 5.0108, "mod_fiscal": 0.2505, "des_condic": "Aguardando analise", "ind_status": "AT", "dat_atuali": "13/07/2023"}, "geometry": {"type": "Polygon", "coordinates": [[[-51.083142442117, -27.76436633386512], [-51.08228731900927, -27.76481707606039], [-51.08363763914135, -27.76667303639761], [-51.08482210758115, -27.76655796140866], [-51.08478286081309, -27.76412223166276], [-51.083142442117, -27.76436633386512]]]}}, {"type": "Feature", "properties": {"cod_imovel": "SC-4201000-C4C6BAF5C0204E3892A047324ED48750", "municipio": "Anita Garibaldi", "num_area": 2.4263, "mod_fiscal": 0.1213, "des_condic": "Aguardando analise", "ind_status": "AT", "dat_atuali": "29/06/2023"}, "geometry": {"type": "Polygon", "coordinates": [[[-51.13286452783837, -27.79481373687835], [-51.13458026703219, -27.79283499502024], [-51.13374159157812, -27.79258218601931], [-51.13182229202581, -27.79478194280716], [-51.13286452783837, -27.79481373687835]]]}}, {"type": "Feature", "properties": {"cod_imovel": "SC-4201000-C0BC42CEA1E543C581E4674F3C745698", "municipio": "Anita Garibaldi", "num_area": 24.2327, "mod_fiscal": 1.2116, "des_condic": "Aguardando analise", "ind_status": "AT", "dat_atuali": "28/06/2023"}, "geometry": {"type": "Polygon", "coordinates": [[[-51.0326180555696, -27.7465786921741], [-51.03169284838887, -27.74950823527152], [-51.03070030421818, -27.75133542909332], [-51.03306355560365, -27.75345331467047], [-51.03397992187978, -27.75289523339491], [-51.03432629291409, -27.75306485812742], [-51.03458668464934, -27.75396002211486], [-51.03611254669772, -27.75369561731398], [-51.03507376988735, -27.7487720298046], [-51.03449685672642, -27.7480574621736], [-51.03337667713991, -27.74757150874391], [-51.03300848932272, -27.74669599950708], [-51.0326180555696, -27.7465786921741]]]}}, {"type": "Feature", "properties": {"cod_imovel": "SC-4201000-FD493AB6F257497CB5ECDCAD9AD29E34", "municipio": "Anita Garibaldi", "num_area": 43.586, "mod_fiscal": 2.1793, "des_condic": "Aguardando analise", "ind_status": "AT", "dat_atuali": "22/06/2022"}, "geometry": {"type": "Polygon", "coordinates": [[[-51.09554645255611, -27.81392014876024], [-51.09367822954829, -27.81395124543944], [-51.09236763255182, -27.82028754721589], [-51.09373614129856, -27.82512117407758], [-51.0952470058426, -27.82481658168605], [-51.09584437933701, -27.82441770005235], [-51.09636834299652, -27.82379347091666], [-51.09668303194643, -27.82274712139322], [-51.09651279722688, -27.82043870880909], [-51.09673391781195, -27.81939672190536], [-51.09656837184247, -27.81819107930679], [-51.09695016892474, -27.81646890897204], [-51.09729241893856, -27.81606987317574], [-51.09726662661162, -27.8156340282978], [-51.09680191556024, -27.81425024247785], [-51.09554645255611, -27.81392014876024]]]}}, {"type": "Feature", "properties": {"cod_imovel": "SC-4201000-99E842DA3D5C469F938A5FA17F49AC8E", "municipio": "Anita Garibaldi", "num_area": 24.1494, "mod_fiscal": 1.2075, "des_condic": "Aguardando analise", "ind_status": "AT", "dat_atuali": "22/09/2015"}, "geometry": {"type": "Polygon", "coordinates": [[[-51.08540420521898, -27.79255256448305], [-51.0828357386565, -27.79130369500214], [-51.0819219035162, -27.79122210119859], [-51.08083480056705, -27.79155689515383], [-51.07684253380018, -27.79650212089934], [-51.07817484001602, -27.7969104367372], [-51.08023482820928, -27.79700119167492], [-51.08436395672063, -27.79262293954457], [-51.08540420521898, -27.79255256448305]]]}}, {"type": "Feature", "properties": {"cod_imovel": "SC-4201000-7CF3712441554AED8A22A68B318DA146", "municipio": "Anita Garibaldi", "num_area": 11.3369, "mod_fiscal": 0.5668, "des_condic": "Aguardando analise", "ind_status": "AT", "dat_atuali": "01/05/2016"}, "geometry": {"type": "Polygon", "coordinates": [[[-51.03369960855041, -27.75295945362045], [-51.03059488913573, -27.75609126194853], [-51.03121296098794, -27.75738655625522], [-51.03161240426844, -27.75717917338876], [-51.03179382621696, -27.75676993726938], [-51.03388569467683, -27.75604091427348], [-51.03568111472267, -27.75584539575244], [-51.03421978428509, -27.7529744988244], [-51.03369960855041, -27.75295945362045]]]}}, {"type": "Feature", "properties": {"cod_imovel": "SC-4201000-0B3618526DD7428DAAFA006917DF62F6", "municipio": "Anita Garibaldi", "num_area": 7.8592, "mod_fiscal": 0.393, "des_condic": "Aguardando analise", "ind_status": "AT", "dat_atuali": "07/04/2016"}, "geometry": {"type": "Polygon", "coordinates": [[[-51.02780513406004, -27.74685378933861], [-51.02704323782744, -27.74737090718059], [-51.02790524645504, -27.74884815495516], [-51.03071508808444, -27.75129829037199], [-51.03153222232915, -27.74973669894496], [-51.0292296863778, -27.7483168536447], [-51.02904562623217, -27.74776037651408], [-51.02780513406004, -27.74685378933861]]]}}, {"type": "Feature", "properties": {"cod_imovel": "SC-4201000-ABE67DD3E3B34CFFBFCE0390869822A9", "municipio": "Anita Garibaldi", "num_area": 8.2475, "mod_fiscal": 0.4124, "des_condic": "Aguardando analise", "ind_status": "AT", "dat_atuali": "11/04/2016"}, "geometry": {"type": "Polygon", "coordinates": [[[-51.20567087480583, -27.75807466096139], [-51.20616105576497, -27.76141316109611], [-51.2094544746499, -27.75963315691337], [-51.2067716049583, -27.75764533441104], [-51.20567087480583, -27.75807466096139]]]}}, {"type": "Feature", "properties": {"cod_imovel": "SC-4201000-52E44033F2D14C7EB5A5A3A4E3B26853", "municipio": "Anita Garibaldi", "num_area": 41.3181, "mod_fiscal": 2.0659, "des_condic": "Aguardando analise", "ind_status": "AT", "dat_atuali": "05/08/2022"}, "geometry": {"type": "Polygon", "coordinates": [[[-51.02006490187461, -27.78103873946233], [-51.0191659193007, -27.78380047963488], [-51.0195861620167, -27.78532526473483], [-51.01719736188748, -27.78808666173289], [-51.01818139355884, -27.78822449127689], [-51.01892802627383, -27.78864467701901], [-51.01947224741517, -27.78865416250871], [-51.02003481194874, -27.78800933746646], [-51.02018805225324, -27.78709251885235], [-51.02133346337442, -27.78671356696668], [-51.02230079507378, -27.78664628435928], [-51.02426335258551, -27.78691811132459], [-51.02659627895336, -27.78625305811157], [-51.02792467502267, -27.78379240207828], [-51.02443170455166, -27.78302241010518], [-51.02175092134124, -27.78164875900338], [-51.02006490187461, -27.78103873946233]]]}}, {"type": "Feature", "properties": {"cod_imovel": "SC-4201000-1F9869982A7E4610B05C9F358717687C", "municipio": "Anita Garibaldi", "num_area": 8.5358, "mod_fiscal": 0.4268, "des_condic": "Aguardando analise", "ind_status": "AT", "dat_atuali": "14/04/2016"}, "geometry": {"type": "Polygon", "coordinates": [[[-51.11938133354533, -27.75650114224433], [-51.11810199492418, -27.75328664613108], [-51.1164561962199, -27.75371879670425], [-51.1160646702518, -27.75409987689419], [-51.11739604750891, -27.75725158856944], [-51.11938133354533, -27.75650114224433]]]}}, {"type": "Feature", "properties": {"cod_imovel": "SC-4201000-67F7D2F6D0E14E608632A55A34F65648", "municipio": "Anita Garibaldi", "num_area": 27.2448, "mod_fiscal": 1.3622, "des_condic": "Aguardando analise", "ind_status": "AT", "dat_atuali": "01/07/2015"}, "geometry": {"type": "Polygon", "coordinates": [[[-51.20469086175656, -27.76673324422455], [-51.20391610485587, -27.76476535262587], [-51.19823900964589, -27.76636881227187], [-51.19486166102732, -27.76820855574612], [-51.19514292213415, -27.76868326343091], [-51.19582189355783, -27.7689148530039], [-51.19715306448659, -27.76857393570254], [-51.19765729760828, -27.7686598610436], [-51.19742527761066, -27.76926279613582], [-51.19650902375407, -27.7703773720642], [-51.19648343592951, -27.77079158531219], [-51.19663509452835, -27.77111170883123], [-51.19684052691668, -27.77117620717399], [-51.19877789662477, -27.76975065198543], [-51.19975443912306, -27.76932726197239], [-51.2015261275775, -27.76821626428916], [-51.20469086175656, -27.76673324422455]]]}}, {"type": "Feature", "properties": {"cod_imovel": "SC-4201000-619620FB1776443D959F0B86A60F9CD1", "municipio": "Anita Garibaldi", "num_area": 20.2233, "mod_fiscal": 1.0112, "des_condic": "Aguardando analise", "ind_status": "AT", "dat_atuali": "31/03/2016"}, "geometry": {"type": "Polygon", "coordinates": [[[-51.19722898541929, -27.74735740441474], [-51.19712076400685, -27.74811805580239], [-51.19682723182088, -27.74861613533031], [-51.1964085558929, -27.74885628116934], [-51.19589980619744, -27.74852169598755], [-51.19554814181772, -27.74728278088911], [-51.19372970404529, -27.75027210603936], [-51.19266485743884, -27.75145404797429], [-51.19308916726597, -27.75190301452524], [-51.19340822827984, -27.75199537199057], [-51.19358040792591, -27.75236615481401], [-51.1934647360379, -27.75304566765362], [-51.19418585701483, -27.75331977635046], [-51.19481741796291, -27.7531643514265], [-51.19616427460547, -27.75222133571307], [-51.19740772595024, -27.75091491329391], [-51.19839538525073, -27.75030317631303], [-51.19833000155406, -27.74926393289199], [-51.19859709755119, -27.74870613897674], [-51.19811645365147, -27.74794284266866], [-51.19722898541929, -27.74735740441474]]]}}, {"type": "Feature", "properties": {"cod_imovel": "SC-4201000-999563F7853B43E89D2862439E9FDE75", "municipio": "Anita Garibaldi", "num_area": 32.0895, "mod_fiscal": 1.6045, "des_condic": "Aguardando analise", "ind_status": "AT", "dat_atuali": "12/05/2015"}, "geometry": {"type": "Polygon", "coordinates": [[[-51.03395989410118, -27.791219842043], [-51.03146253916581, -27.79064707081718], [-51.02998133223509, -27.78954852623446], [-51.02822524463731, -27.79007360198625], [-51.02910280232317, -27.79262557716898], [-51.03085923725752, -27.79902517145514], [-51.03250942576854, -27.79750833164416], [-51.03395989410118, -27.791219842043]]]}}, {"type": "Feature", "properties": {"cod_imovel": "SC-4201000-1A3DDDF82C5D44258B7AD56A5A558EC3", "municipio": "Anita Garibaldi", "num_area": 75.543, "mod_fiscal": 3.7772, "des_condic": "Aguardando analise", "ind_status": "AT", "dat_atuali": "03/05/2018"}, "geometry": {"type": "Polygon", "coordinates": [[[-51.10542383553953, -27.77330007683028], [-51.10637954186009, -27.76815843192217], [-51.10826892934002, -27.76829616442798], [-51.10870466453281, -27.76673300222934], [-51.10882616152995, -27.7649919994184], [-51.10687136083185, -27.7643430045718], [-51.10637119412967, -27.76442596903272], [-51.1055276920485, -27.76388727806713], [-51.10457586439431, -27.76373192825875], [-51.10111765598186, -27.76379396291442], [-51.09878353492622, -27.76417028167465], [-51.09929572091792, -27.76974945717335], [-51.09907910309279, -27.77060096060065], [-51.09764980323265, -27.77186093594677], [-51.0980757520511, -27.77277691892167], [-51.10014115238439, -27.77189962896232], [-51.1023456960713, -27.77206626226629], [-51.10329676626094, -27.77189748243922], [-51.10542383553953, -27.77330007683028]]]}}, {"type": "Feature", "properties": {"cod_imovel": "SC-4201000-2D53D504CD30497FA2D5F15931CBC833", "municipio": "Anita Garibaldi", "num_area": 32.3007, "mod_fiscal": 1.615, "des_condic": "Aguardando analise", "ind_status": "AT", "dat_atuali": "16/06/2016"}, "geometry": {"type": "Polygon", "coordinates": [[[-51.11439935085593, -27.78700794402662], [-51.11224096494999, -27.78946937330218], [-51.11305727899919, -27.79029618577656], [-51.11523785915453, -27.79171805181926], [-51.11568386738183, -27.79259132967584], [-51.11590703051247, -27.79372500657273], [-51.11521758580064, -27.79767621426561], [-51.11442746049737, -27.79844199422505], [-51.1157771334309, -27.79949111100035], [-51.11670173252085, -27.79987548172285], [-51.11752660932873, -27.79612403411111], [-51.11738643091114, -27.79561379748121], [-51.11789748406475, -27.79486768847474], [-51.11859963444736, -27.79464470326122], [-51.11973479299449, -27.79464516998478], [-51.11765993107142, -27.79120578326547], [-51.11647803291769, -27.79032890710066], [-51.11539132626286, -27.78975898956286], [-51.11475349939283, -27.78851126130012], [-51.11439935085593, -27.78700794402662]]]}}, {"type": "Feature", "properties": {"cod_imovel": "SC-4201000-DAE9ADB9A7F241ABB33EDB0164693DCF", "municipio": "Anita Garibaldi", "num_area": 12.7841, "mod_fiscal": 0.6392, "des_condic": "Aguardando analise", "ind_status": "AT", "dat_atuali": "02/06/2015"}, "geometry": {"type": "Polygon", "coordinates": [[[-51.01735924748665, -27.79898865096535], [-51.01782259053522, -27.79843611932353], [-51.0183787915263, -27.79698108488877], [-51.02094436937058, -27.79615728939123], [-51.02014402757396, -27.79371513895892], [-51.01929953186563, -27.79428336693167], [-51.01864970344131, -27.79423493771593], [-51.01822007264565, -27.79345340025365], [-51.01710025444783, -27.79395872846474], [-51.01704121057627, -27.79717338337535], [-51.01735980319803, -27.79740022161049], [-51.0174881361427, -27.79803562597335], [-51.01656009857354, -27.79821627122882], [-51.01735924748665, -27.79898865096535]]]}}, {"type": "Feature", "properties": {"cod_imovel": "SC-4201000-93677F1AEF2E422F8FE2FC0A494F0916", "municipio": "Anita Garibaldi", "num_area": 4.7356, "mod_fiscal": 0.2368, "des_condic": "Aguardando analise", "ind_status": "AT", "dat_atuali": "30/03/2015"}, "geometry": {"type": "Polygon", "coordinates": [[[-51.060075759887695, -27.78929530757871], [-51.05799436569214, -27.78827022517782], [-51.05865955352783, -27.792028813395888], [-51.05945348739624, -27.79183898882382], [-51.060075759887695, -27.78929530757871]]]}}, {"type": "Feature", "properties": {"cod_imovel": "SC-4201000-E16BDB9AC30B41999E8CF1CC532C6C04", "municipio": "Anita Garibaldi", "num_area": 40.1836, "mod_fiscal": 2.0092, "des_condic": "Aguardando analise", "ind_status": "AT", "dat_atuali": "19/12/2017"}, "geometry": {"type": "Polygon", "coordinates": [[[-51.19803167374051, -27.75882174675713], [-51.19792919782763, -27.75576980375135], [-51.19754761452386, -27.75507412843789], [-51.1955093461969, -27.75362818355286], [-51.19519761423182, -27.75360715793046], [-51.19436856102528, -27.75414021050794], [-51.19421045179229, -27.75488983082779], [-51.19380677812426, -27.75519290275492], [-51.19247074536351, -27.75521114134689], [-51.19170449775041, -27.75552101166846], [-51.19212211216313, -27.75665867136993], [-51.19313217710511, -27.75734119527477], [-51.19360258309434, -27.75775604707148], [-51.19381082433541, -27.75817497341287], [-51.19423854519775, -27.7583925809434], [-51.19425055194869, -27.75883216069662], [-51.19379445637601, -27.75946291620581], [-51.1946741245977, -27.76125171265289], [-51.1953140919835, -27.76211477029985], [-51.19494678752538, -27.76319085066089], [-51.19892753446187, -27.76188788151594], [-51.19803167374051, -27.75882174675713]]]}}, {"type": "Feature", "properties": {"cod_imovel": "SC-4201000-8CAD8424C1C548DFB903E6030BDC179A", "municipio": "Anita Garibaldi", "num_area": 21.8, "mod_fiscal": 1.09, "des_condic": "Aguardando analise", "ind_status": "AT", "dat_atuali": "14/09/2018"}, "geometry": {"type": "Polygon", "coordinates": [[[-51.0443782356669, -27.79851648197452], [-51.04281063103393, -27.79364494140051], [-51.0380959321812, -27.79812138460683], [-51.03769503758389, -27.79968351342829], [-51.0443782356669, -27.79851648197452]]]}}, {"type": "Feature", "properties": {"cod_imovel": "SC-4201000-2D4821FE436E45ACB7736DC79C85737F", "municipio": "Anita Garibaldi", "num_area": 21.8, "mod_fiscal": 1.09, "des_condic": "Aguardando analise", "ind_status": "AT", "dat_atuali": "14/09/2018"}, "geometry": {"type": "Polygon", "coordinates": [[[-51.03697700878224, -27.80248127454445], [-51.03639858800228, -27.80473495291452], [-51.04799903740395, -27.80099153888063], [-51.04731338452577, -27.80033006848082], [-51.0469986091211, -27.79964814540135], [-51.03697700878224, -27.80248127454445]]]}}, {"type": "Feature", "properties": {"cod_imovel": "SC-4201000-80F9A101FA3D425DA0D7DA0C627ED530", "municipio": "Anita Garibaldi", "num_area": 31.1577, "mod_fiscal": 1.5579, "des_condic": "Aguardando analise", "ind_status": "AT", "dat_atuali": "14/09/2018"}, "geometry": {"type": "Polygon", "coordinates": [[[-51.04488817255875, -27.80594304575943], [-51.04374859010261, -27.80236328257777], [-51.03639858800228, -27.80473495291452], [-51.03599973688834, -27.8062889251051], [-51.03778995838983, -27.80603481662715], [-51.03831947315364, -27.806771356311], [-51.03934764825516, -27.80662544128087], [-51.04039151119558, -27.80868280332276], [-51.04163196753781, -27.80815406083425], [-51.04196289781485, -27.80788364706886], [-51.04240269056432, -27.8070564665606], [-51.04310795180283, -27.80650700511756], [-51.04488817255875, -27.80594304575943]]]}}, {"type": "Feature", "properties": {"cod_imovel": "SC-4201000-D833B4DAF927414E8B6EA74E715A48A3", "municipio": "Anita Garibaldi", "num_area": 11.4894, "mod_fiscal": 0.5745, "des_condic": "Aguardando analise", "ind_status": "AT", "dat_atuali": "01/10/2015"}, "geometry": {"type": "Polygon", "coordinates": [[[-51.23475136680902, -27.76243283464987], [-51.23587486046541, -27.76117261926667], [-51.2380942044682, -27.75994710090492], [-51.23449706699157, -27.75966064459579], [-51.23318846108334, -27.75922773408856], [-51.23241427606875, -27.76016660300041], [-51.23203759957687, -27.76159704085173], [-51.23378050040873, -27.76248788862833], [-51.23475136680902, -27.76243283464987]]]}}, {"type": "Feature", "properties": {"cod_imovel": "SC-4201000-2892C78195044028996AD09066E40313", "municipio": "Anita Garibaldi", "num_area": 10.833, "mod_fiscal": 0.5416, "des_condic": "Aguardando analise", "ind_status": "AT", "dat_atuali": "11/04/2016"}, "geometry": {"type": "Polygon", "coordinates": [[[-51.23278678428523, -27.7590838999009], [-51.2319432532736, -27.76166844465309], [-51.23444279045031, -27.76294107874177], [-51.23666141710749, -27.75983550754686], [-51.23460170000925, -27.75979348909537], [-51.23278678428523, -27.7590838999009]]]}}, {"type": "Feature", "properties": {"cod_imovel": "SC-4201000-4E081E1ED5E342D49773121748327265", "municipio": "Anita Garibaldi", "num_area": 33.2071, "mod_fiscal": 1.6604, "des_condic": "Aguardando analise", "ind_status": "AT", "dat_atuali": "07/10/2014"}, "geometry": {"type": "Polygon", "coordinates": [[[-51.15856647491455, -27.78483423034654], [-51.151571273803704, -27.792845055278654], [-51.15388870239257, -27.794401592578506], [-51.161184310913086, -27.786049180154], [-51.159210205078125, -27.784948132467658], [-51.15856647491455, -27.78483423034654]]]}}, {"type": "Feature", "properties": {"cod_imovel": "SC-4201000-E19FBD6DC95742F3B88AED5FCF74CEBE", "municipio": "Anita Garibaldi", "num_area": 17.5249, "mod_fiscal": 0.8762, "des_condic": "Aguardando analise", "ind_status": "AT", "dat_atuali": "03/09/2015"}, "geometry": {"type": "Polygon", "coordinates": [[[-51.13791419935955, -27.79433888683629], [-51.14012065607749, -27.79658402750476], [-51.14366562233339, -27.79561692448577], [-51.14338938831929, -27.79451243900032], [-51.14160517716412, -27.79277272891805], [-51.1417797189417, -27.79203769398432], [-51.14169510448038, -27.79162882762141], [-51.14131878574555, -27.79124108595468], [-51.13791419935955, -27.79433888683629]]]}}, {"type": "Feature", "properties": {"cod_imovel": "SC-4201000-CF80D96C1C674204B93E3723B534431E", "municipio": "Anita Garibaldi", "num_area": 22.3154, "mod_fiscal": 1.1158, "des_condic": "Aguardando analise", "ind_status": "AT", "dat_atuali": "14/09/2018"}, "geometry": {"type": "Polygon", "coordinates": [[[-51.04374859010261, -27.80236328257777], [-51.04488817255875, -27.80594304575943], [-51.04645467213861, -27.80552978379484], [-51.04709491658305, -27.80558275566559], [-51.0479505457456, -27.80602746428902], [-51.04908490004, -27.80378492676248], [-51.05027804165306, -27.80357063616238], [-51.04986719581532, -27.80259280629631], [-51.04799903740395, -27.80099153888063], [-51.04374859010261, -27.80236328257777]]]}}, {"type": "Feature", "properties": {"cod_imovel": "SC-4201000-E4C1602B372D4926A09F2E4E146BE501", "municipio": "Anita Garibaldi", "num_area": 10.3667, "mod_fiscal": 0.5183, "des_condic": "Aguardando analise", "ind_status": "AT", "dat_atuali": "03/05/2016"}, "geometry": {"type": "Polygon", "coordinates": [[[-51.04412288123066, -27.86055775588954], [-51.0433318919744, -27.86283146297197], [-51.04224642523887, -27.86301444267166], [-51.04249615245128, -27.86395284338389], [-51.04407978274127, -27.86340325092045], [-51.04494234907887, -27.86202228775929], [-51.04544586419703, -27.86158614887835], [-51.04606381805642, -27.86123476600109], [-51.04701033405575, -27.86097425253515], [-51.04755902279231, -27.86057311437008], [-51.04662855056569, -27.85978829200901], [-51.04674491093869, -27.85938550714925], [-51.04621890328856, -27.85814533613154], [-51.04412288123066, -27.86055775588954]]]}}, {"type": "Feature", "properties": {"cod_imovel": "SC-4201000-98629ADFC72F4956800D2712A28F222F", "municipio": "Anita Garibaldi", "num_area": 18.6161, "mod_fiscal": 0.9308, "des_condic": "Aguardando analise", "ind_status": "AT", "dat_atuali": "19/12/2017"}, "geometry": {"type": "Polygon", "coordinates": [[[-51.1256795134401, -27.81534324322841], [-51.12433191071011, -27.81498238663467], [-51.12103773413309, -27.8177186236912], [-51.12285402943152, -27.8185872750885], [-51.12594469896592, -27.82043863366205], [-51.12644509519608, -27.81877325669881], [-51.12669381997546, -27.81618045194773], [-51.1256795134401, -27.81534324322841]]]}}, {"type": "Feature", "properties": {"cod_imovel": "SC-4201000-7F13C54851EB42DE8F1EA516E05163D1", "municipio": "Anita Garibaldi", "num_area": 31.9873, "mod_fiscal": 1.5994, "des_condic": "Aguardando analise", "ind_status": "AT", "dat_atuali": "30/08/2022"}, "geometry": {"type": "Polygon", "coordinates": [[[-51.03635041520343, -27.77556699790197], [-51.03520332368377, -27.77540051053459], [-51.03536331818813, -27.77908454438744], [-51.03590247545093, -27.78287644543451], [-51.03922216579775, -27.78295341140491], [-51.04114660506312, -27.7832834347842], [-51.04044112766455, -27.78460913881657], [-51.04212331461024, -27.78348496761986], [-51.0433935522654, -27.78328080190799], [-51.04351174002535, -27.78313716286497], [-51.04263734135507, -27.78300661579086], [-51.04194693367684, -27.7813539741278], [-51.03866056837988, -27.78092039904601], [-51.03790299940051, -27.78101482645504], [-51.03700663966393, -27.77700054738505], [-51.03800890247516, -27.77715656037998], [-51.03922620635957, -27.77793750874271], [-51.04026919706501, -27.77703674398357], [-51.03734020637746, -27.77509660898323], [-51.03635041520343, -27.77556699790197]]]}}, {"type": "Feature", "properties": {"cod_imovel": "SC-4201000-EBC77947FF7E40F383F11EF6DAD6E0C3", "municipio": "Anita Garibaldi", "num_area": 5.4398, "mod_fiscal": 0.272, "des_condic": "Aguardando analise", "ind_status": "AT", "dat_atuali": "09/09/2014"}, "geometry": {"type": "Polygon", "coordinates": [[[-51.04621410369873, -27.85634125978419], [-51.04559403761466, -27.85570154567215], [-51.04472338857255, -27.85617152032821], [-51.04504997959372, -27.85722031178781], [-51.04600096879041, -27.85749439638645], [-51.04612848421649, -27.85777223115603], [-51.04889697267504, -27.8541352297692], [-51.04820966720581, -27.853780117735326], [-51.04621410369873, -27.85634125978419]]]}}, {"type": "Feature", "properties": {"cod_imovel": "SC-4201000-DE49F44BF0D94AA68E32B1FD0C6083CB", "municipio": "Anita Garibaldi", "num_area": 20.0089, "mod_fiscal": 1.0004, "des_condic": "Aguardando analise", "ind_status": "AT", "dat_atuali": "20/04/2016"}, "geometry": {"type": "Polygon", "coordinates": [[[-51.01222515106201, -27.792332532021735], [-51.01280450820922, -27.791402391050152], [-51.01308345794678, -27.79022546657839], [-51.01218061525741, -27.78960689351755], [-51.00989511757938, -27.78883668886661], [-51.00943565368652, -27.789580050974834], [-51.008641719818115, -27.789523102355272], [-51.00829839706421, -27.790339363051864], [-51.007697582244866, -27.79079494775251], [-51.00412245480805, -27.79081185508974], [-51.00417029411369, -27.79117259468433], [-51.00486516952515, -27.791155617619843], [-51.00479989259069, -27.79087756497519], [-51.00709676742554, -27.79102273938689], [-51.00724697113037, -27.79216169039911], [-51.00904941558838, -27.79219965522735], [-51.00923619868187, -27.79348668131886], [-51.01093769073486, -27.793737219628184], [-51.0116893945503, -27.79273257796842], [-51.01222515106201, -27.792332532021735]]]}}, {"type": "Feature", "properties": {"cod_imovel": "SC-4201000-BFFC562650484EFCB0AC57B090D470CF", "municipio": "Anita Garibaldi", "num_area": 73.3096, "mod_fiscal": 3.6655, "des_condic": "Aguardando analise", "ind_status": "AT", "dat_atuali": "22/08/2022"}, "geometry": {"type": "Polygon", "coordinates": [[[-51.03306919488504, -27.80670584504615], [-51.02843026602231, -27.79014841938857], [-51.02646409887504, -27.79061520109091], [-51.02525265659465, -27.79047532370829], [-51.02434332955085, -27.79056925716795], [-51.02666956539076, -27.79869005856133], [-51.02766713851012, -27.80130412570199], [-51.02960238291233, -27.80760573101759], [-51.03306919488504, -27.80670584504615]]]}}, {"type": "Feature", "properties": {"cod_imovel": "SC-4201000-93271828AE07428398E8E2103AA94130", "municipio": "Anita Garibaldi", "num_area": 38.1188, "mod_fiscal": 1.9059, "des_condic": "Aguardando analise", "ind_status": "AT", "dat_atuali": "15/03/2017"}, "geometry": {"type": "Polygon", "coordinates": [[[-51.00085236920779, -27.75517356476596], [-51.00104399625502, -27.75611665661813], [-51.00168827637969, -27.756077741806], [-51.00485717665345, -27.75507803580765], [-51.00697174391854, -27.74719701299372], [-51.00435327966851, -27.74578943100902], [-51.00409891571427, -27.74666249375279], [-51.00321543200221, -27.74837726079355], [-51.00335329646877, -27.74884265299563], [-51.00268890384388, -27.74932813823916], [-51.00221433027922, -27.75015024971408], [-51.00174009840465, -27.75053646796648], [-51.00121125421835, -27.7516721832898], [-51.00146328257081, -27.75216215586532], [-51.00132968507223, -27.75293552935635], [-51.00169784046497, -27.7535596165711], [-51.00085236920779, -27.75517356476596]]]}}, {"type": "Feature", "properties": {"cod_imovel": "SC-4201000-774E8E4D9B6940EBA87AAF15FCF0B3FB", "municipio": "Anita Garibaldi", "num_area": 3.4907, "mod_fiscal": 0.1745, "des_condic": "Aguardando analise", "ind_status": "AT", "dat_atuali": "14/05/2015"}, "geometry": {"type": "Polygon", "coordinates": [[[-51.05595588684082, -27.804955086774896], [-51.05488531710506, -27.80668734152702], [-51.05616758915607, -27.80710215944828], [-51.05697137766165, -27.80758223718529], [-51.05724059174717, -27.80794392608147], [-51.05779258732606, -27.80810988773792], [-51.05595588684082, -27.804955086774896]]]}}, {"type": "Feature", "properties": {"cod_imovel": "SC-4201000-1F5AEEC526F9413D9C75C1204E7B2163", "municipio": "Anita Garibaldi", "num_area": 6.1446, "mod_fiscal": 0.3072, "des_condic": "Aguardando analise", "ind_status": "AT", "dat_atuali": "12/05/2015"}, "geometry": {"type": "Polygon", "coordinates": [[[-51.06971934912318, -27.804167148858], [-51.07267012033875, -27.80346109283657], [-51.07310579728993, -27.80269995577476], [-51.07312525733888, -27.80193721285014], [-51.07057855352729, -27.80196090892753], [-51.06972438875489, -27.80281991001174], [-51.06958234485938, -27.80337052308759], [-51.06971934912318, -27.804167148858]]]}}, {"type": "Feature", "properties": {"cod_imovel": "SC-4201000-17C6DCC44A2C453FAD85E2708C3573BD", "municipio": "Anita Garibaldi", "num_area": 25.1272, "mod_fiscal": 1.2564, "des_condic": "Aguardando analise", "ind_status": "AT", "dat_atuali": "29/12/2017"}, "geometry": {"type": "Polygon", "coordinates": [[[-51.00825306845459, -27.75255517943365], [-51.00872658307878, -27.74775886827917], [-51.01198395304684, -27.74575260203296], [-51.01166342563734, -27.74509385203625], [-51.01136535284105, -27.74481867696277], [-51.0101194216363, -27.74433040477265], [-51.0098313119102, -27.74368882161991], [-51.00956816832139, -27.74346292722509], [-51.00904943854895, -27.7436288070943], [-51.00880763986758, -27.74359115268899], [-51.00874900027638, -27.74341231453704], [-51.00740631486486, -27.74530677094722], [-51.00834637605127, -27.7478892907777], [-51.00643464449845, -27.74740036749041], [-51.00625436487596, -27.74951728299686], [-51.00563686448, -27.75258829774317], [-51.00825306845459, -27.75255517943365]]]}}, {"type": "Feature", "properties": {"cod_imovel": "SC-4201000-2A860E61F3624EF6ABEBED137FE4BA68", "municipio": "Anita Garibaldi", "num_area": 36.5212, "mod_fiscal": 1.8261, "des_condic": "Aguardando analise", "ind_status": "AT", "dat_atuali": "11/05/2015"}, "geometry": {"type": "Polygon", "coordinates": [[[-51.13484721189757, -27.78906691255842], [-51.133984738573, -27.78770852679396], [-51.13337930541191, -27.78720934978572], [-51.13154840459087, -27.78664008909269], [-51.13113802342341, -27.78761489848572], [-51.12785445355345, -27.79121163769713], [-51.12901360599873, -27.79134110731849], [-51.12940305704052, -27.79332675276927], [-51.12981111404444, -27.79365948667157], [-51.13145660149555, -27.79460175907408], [-51.13234535645474, -27.79471020264826], [-51.13406315728785, -27.7923264859223], [-51.13500061561759, -27.79237971444002], [-51.1349200958757, -27.79140966637645], [-51.13376404661956, -27.79099909290002], [-51.13367416229552, -27.79045345570568], [-51.13605044119923, -27.78896122323074], [-51.13484721189757, -27.78906691255842]]]}}, {"type": "Feature", "properties": {"cod_imovel": "SC-4201000-7D420ACB0850472BB1DD496176053E7F", "municipio": "Anita Garibaldi", "num_area": 29.4446, "mod_fiscal": 1.4722, "des_condic": "Aguardando analise", "ind_status": "AT", "dat_atuali": "01/06/2017"}, "geometry": {"type": "Polygon", "coordinates": [[[-51.15227795456124, -27.77104128935162], [-51.15254929188648, -27.77167284277027], [-51.15410053880625, -27.77112519832719], [-51.15733773125676, -27.77397504053647], [-51.15361504692911, -27.77794590127058], [-51.15618622950388, -27.77937820123055], [-51.15767254464399, -27.77986920349861], [-51.15860641852507, -27.77837165756237], [-51.15669681728873, -27.77729569608353], [-51.15985271402847, -27.7731262116446], [-51.15767750053588, -27.77115197423094], [-51.15596926793783, -27.77102825656816], [-51.15460564472788, -27.77035424655677], [-51.1535608320855, -27.77019282006428], [-51.15253965061041, -27.77037170222884], [-51.15227795456124, -27.77104128935162]]]}}, {"type": "Feature", "properties": {"cod_imovel": "SC-4201000-BB8DB988669A4D689E9F96D94691817B", "municipio": "Anita Garibaldi", "num_area": 15.9535, "mod_fiscal": 0.7977, "des_condic": "Aguardando analise", "ind_status": "AT", "dat_atuali": "22/06/2016"}, "geometry": {"type": "Polygon", "coordinates": [[[-51.1266800656963, -27.77260137592002], [-51.12677879752903, -27.77328000412062], [-51.12963351797882, -27.77243197641671], [-51.13160712704652, -27.77148680636176], [-51.13043937197146, -27.77015219491013], [-51.12968161241967, -27.76901579507382], [-51.12715271156512, -27.76907870348765], [-51.12635043197555, -27.77185909558181], [-51.1266800656963, -27.77260137592002]]]}}, {"type": "Feature", "properties": {"cod_imovel": "SC-4201000-E2BF37CE091B4DF7BB7066776E776957", "municipio": "Anita Garibaldi", "num_area": 0.7966, "mod_fiscal": 0.0398, "des_condic": "Aguardando analise", "ind_status": "AT", "dat_atuali": "29/05/2017"}, "geometry": {"type": "Polygon", "coordinates": [[[-51.13046921954497, -27.75202924651132], [-51.1300823108277, -27.75181269172084], [-51.12966434599418, -27.75194465720412], [-51.12916874004939, -27.75269861955102], [-51.12936678396115, -27.75295706146139], [-51.1296325839672, -27.75285417439902], [-51.13046921954497, -27.75202924651132]]]}}, {"type": "Feature", "properties": {"cod_imovel": "SC-4201000-A790237986024600BACECF2DA4522391", "municipio": "Anita Garibaldi", "num_area": 14.7297, "mod_fiscal": 0.7365, "des_condic": "Aguardando analise", "ind_status": "AT", "dat_atuali": "22/03/2017"}, "geometry": {"type": "Polygon", "coordinates": [[[-51.20548308362203, -27.75308749987894], [-51.20355770867681, -27.75110926941802], [-51.20130528998229, -27.74839226170625], [-51.1992785405852, -27.74975146839948], [-51.20417702167285, -27.75443130497674], [-51.20506176236646, -27.75320295520714], [-51.20548308362203, -27.75308749987894]]]}}, {"type": "Feature", "properties": {"cod_imovel": "SC-4201000-938BB74D31F148D582EA35CF71C930A0", "municipio": "Anita Garibaldi", "num_area": 10.8893, "mod_fiscal": 0.5445, "des_condic": "Aguardando analise", "ind_status": "AT", "dat_atuali": "20/07/2017"}, "geometry": {"type": "Polygon", "coordinates": [[[-51.11823090074146, -27.75324862992022], [-51.11685171359483, -27.75160435446881], [-51.11569333283789, -27.7520809996754], [-51.11287728164929, -27.75375368380547], [-51.11461464140692, -27.75553461660609], [-51.11515640374846, -27.75508106817274], [-51.11598127001128, -27.7550330958014], [-51.11640453680501, -27.75403109130153], [-51.117094182926, -27.75359136108838], [-51.11759675269801, -27.75361185516752], [-51.11823090074146, -27.75324862992022]]]}}, {"type": "Feature", "properties": {"cod_imovel": "SC-4201000-95C3230854A54417A58DABC987DA3F37", "municipio": "Anita Garibaldi", "num_area": 44.8311, "mod_fiscal": 2.2416, "des_condic": "Aguardando analise", "ind_status": "AT", "dat_atuali": "04/05/2016"}, "geometry": {"type": "Polygon", "coordinates": [[[-51.14221572875976, -27.759943756387422], [-51.14442586898804, -27.7620134331058], [-51.144833564758294, -27.761785580715916], [-51.14642143249512, -27.763057750456476], [-51.15500450134277, -27.75730438678708], [-51.15389204874625, -27.75695090278365], [-51.15305451919676, -27.75725721224058], [-51.15307065891452, -27.75664690326249], [-51.15328581528596, -27.75633389930905], [-51.15280858494847, -27.75614047705528], [-51.15252558201797, -27.75665059949038], [-51.150455474853516, -27.757741121426953], [-51.14994535266887, -27.75540122880132], [-51.14586353302002, -27.757722133000787], [-51.1442960123487, -27.75897490490483], [-51.14221572875976, -27.759943756387422]]]}}, {"type": "Feature", "properties": {"cod_imovel": "SC-4201000-1DB2D2530A6C4E1F99F50CE8B0B9A360", "municipio": "Anita Garibaldi", "num_area": 58.5126, "mod_fiscal": 2.9256, "des_condic": "Aguardando analise", "ind_status": "AT", "dat_atuali": "09/10/2014"}, "geometry": {"type": "Polygon", "coordinates": [[[-51.16137742996216, -27.78610613059314], [-51.15566699653042, -27.79043170854691], [-51.15946355214895, -27.79322500505806], [-51.16203081073167, -27.79425094883679], [-51.16390646818848, -27.79311003114197], [-51.16489481191572, -27.7927505781005], [-51.16734266281128, -27.790851895705845], [-51.16749286651611, -27.790111569985598], [-51.166934967041016, -27.789542085231776], [-51.16403818130493, -27.788118360296455], [-51.16401672363281, -27.787207166553756], [-51.16341463858242, -27.78653927204244], [-51.16137742996216, -27.78610613059314]]]}}, {"type": "Feature", "properties": {"cod_imovel": "SC-4201000-C9B513969A4D4275A230D6DEC87ED4A0", "municipio": "Anita Garibaldi", "num_area": 27.4862, "mod_fiscal": 1.3743, "des_condic": "Aguardando analise", "ind_status": "AT", "dat_atuali": "18/10/2022"}, "geometry": {"type": "Polygon", "coordinates": [[[-51.02651596069336, -27.77268398573135], [-51.02587484086143, -27.77367781938478], [-51.0210009675764, -27.77341786938896], [-51.02056256006036, -27.77699831829447], [-51.02672065762673, -27.77776165810477], [-51.027290444914414, -27.775066948206614], [-51.02728843688965, -27.773747186317692], [-51.02651596069336, -27.77268398573135]]]}}, {"type": "Feature", "properties": {"cod_imovel": "SC-4201000-3A3CBF2C37464AD082D5B35CE9A2CDDE", "municipio": "Anita Garibaldi", "num_area": 7.254, "mod_fiscal": 0.3627, "des_condic": "Aguardando analise", "ind_status": "AT", "dat_atuali": "02/05/2018"}, "geometry": {"type": "Polygon", "coordinates": [[[-51.12019481679054, -27.79584189455389], [-51.11869401639459, -27.79835388930055], [-51.11762850331039, -27.79966026458301], [-51.11964996201399, -27.79884412250502], [-51.12087903632803, -27.79854267509267], [-51.12118059803304, -27.79875160462014], [-51.12168714378822, -27.79830710195941], [-51.12216530856743, -27.79728907920601], [-51.12053170599062, -27.79628059052637], [-51.12019481679054, -27.79584189455389]]]}}, {"type": "Feature", "properties": {"cod_imovel": "SC-4201000-477A2849DC54432AAE9BF6F3AD280832", "municipio": "Anita Garibaldi", "num_area": 5.9664, "mod_fiscal": 0.2983, "des_condic": "Aguardando analise", "ind_status": "AT", "dat_atuali": "28/04/2015"}, "geometry": {"type": "Polygon", "coordinates": [[[-51.07453355684441, -27.78502449916371], [-51.07378601467711, -27.78445818228988], [-51.07269536808433, -27.78415681043421], [-51.07270172336081, -27.78448135214604], [-51.07136249542236, -27.786466816015064], [-51.07301473617554, -27.787245133112155], [-51.07415055513991, -27.78587426698156], [-51.07453355684441, -27.78502449916371]]]}}, {"type": "Feature", "properties": {"cod_imovel": "SC-4201000-7A4CDB3F94C34A8E9C02A6545848DCF1", "municipio": "Anita Garibaldi", "num_area": 13.2528, "mod_fiscal": 0.6626, "des_condic": "Aguardando analise", "ind_status": "AT", "dat_atuali": "21/06/2021"}, "geometry": {"type": "Polygon", "coordinates": [[[-51.091528526994, -27.7488535469539], [-51.09167760976361, -27.74973453623188], [-51.09191672075591, -27.75004077683749], [-51.09495274532306, -27.7522434183559], [-51.09621891668667, -27.75345431368368], [-51.09791406707832, -27.75469613232627], [-51.09893408360924, -27.75354652356843], [-51.0988745495724, -27.75309296003249], [-51.09646726675714, -27.75172629203568], [-51.09397913848883, -27.74990472836959], [-51.09373876267715, -27.74915604011737], [-51.091528526994, -27.7488535469539]]]}}, {"type": "Feature", "properties": {"cod_imovel": "SC-4201000-17792CAD6A194B08A6161247751F5A0B", "municipio": "Anita Garibaldi", "num_area": 22.5455, "mod_fiscal": 1.1273, "des_condic": "Aguardando analise", "ind_status": "AT", "dat_atuali": "01/08/2016"}, "geometry": {"type": "Polygon", "coordinates": [[[-51.01712350956562, -27.79500321149965], [-51.01825628187422, -27.79338208662377], [-51.01774069966671, -27.79237250365825], [-51.01778947275296, -27.79163010137721], [-51.01724699045439, -27.79107677272149], [-51.01680950988117, -27.79093849960822], [-51.01619421705512, -27.79087869670728], [-51.01532861899221, -27.79105317290922], [-51.01326906556216, -27.79621354406216], [-51.01454104583317, -27.79626419844958], [-51.01632386387358, -27.79771958744751], [-51.01617376641373, -27.79828284158165], [-51.01693883425348, -27.79852939952555], [-51.01739293692363, -27.79771642482186], [-51.01704510881505, -27.79682576469486], [-51.01712350956562, -27.79500321149965]]]}}, {"type": "Feature", "properties": {"cod_imovel": "SC-4201000-EAD0FD14EB29408AA38D3AB6D3840E07", "municipio": "Anita Garibaldi", "num_area": 14.6776, "mod_fiscal": 0.7339, "des_condic": "Aguardando analise", "ind_status": "AT", "dat_atuali": "07/04/2015"}, "geometry": {"type": "Polygon", "coordinates": [[[-51.07710007539717, -27.78206842594457], [-51.082048416137695, -27.779936326277245], [-51.07973098754882, -27.778151763769273], [-51.07894737893964, -27.77859313744317], [-51.07829993903813, -27.7785714730025], [-51.0776963957322, -27.77828237028571], [-51.07692384891752, -27.77867702604107], [-51.07682446801132, -27.78003340037434], [-51.07527047614396, -27.78189012034775], [-51.07710007539717, -27.78206842594457]]]}}, {"type": "Feature", "properties": {"cod_imovel": "SC-4201000-077727BE1EC24712B392DECC8CB6825A", "municipio": "Anita Garibaldi", "num_area": 32.5831, "mod_fiscal": 1.6292, "des_condic": "Aguardando analise", "ind_status": "AT", "dat_atuali": "07/05/2015"}, "geometry": {"type": "Polygon", "coordinates": [[[-51.10442676757648, -27.81621260325834], [-51.10355379000552, -27.81644998512475], [-51.10338890125281, -27.81779697054936], [-51.10366729383218, -27.8190111082569], [-51.10296625304437, -27.82092321046513], [-51.10334075630652, -27.82208263455982], [-51.10367936067995, -27.8221305123032], [-51.10501134738926, -27.8229619310008], [-51.10533498532431, -27.82295097958452], [-51.10829482991652, -27.82153068634431], [-51.10896674384886, -27.82102906897278], [-51.1093637946214, -27.82048424032782], [-51.10803691934925, -27.81846385728654], [-51.10772672978672, -27.81755122019104], [-51.10763592120718, -27.81645044133354], [-51.10442676757648, -27.81621260325834]]]}}, {"type": "Feature", "properties": {"cod_imovel": "SC-4201000-0884A8F22A22481284A89CF7F1B5144F", "municipio": "Anita Garibaldi", "num_area": 7.2045, "mod_fiscal": 0.3602, "des_condic": "Aguardando analise", "ind_status": "AT", "dat_atuali": "19/05/2016"}, "geometry": {"type": "Polygon", "coordinates": [[[-51.06230520275518, -27.76496506075673], [-51.0630160529802, -27.76323098128433], [-51.06216061666542, -27.76295494095361], [-51.06166577242037, -27.76314311476786], [-51.06095867538779, -27.76309792842644], [-51.05979918993168, -27.76272099650156], [-51.05904850371629, -27.76502726931653], [-51.06230520275518, -27.76496506075673]]]}}, {"type": "Feature", "properties": {"cod_imovel": "SC-4201000-1250F4E00FCA48C9B8C49EB7FCB061B4", "municipio": "Anita Garibaldi", "num_area": 0.2122, "mod_fiscal": 0.0106, "des_condic": "Aguardando analise", "ind_status": "AT", "dat_atuali": "18/04/2016"}, "geometry": {"type": "Polygon", "coordinates": [[[-51.07826024122253, -27.7511102757702], [-51.07744355228242, -27.75163440963146], [-51.07754295591667, -27.75182593256873], [-51.07824496830907, -27.75137670564683], [-51.07826024122253, -27.7511102757702]]]}}, {"type": "Feature", "properties": {"cod_imovel": "SC-4201000-0C780666B3D7422F92C6867562567861", "municipio": "Anita Garibaldi", "num_area": 10.0816, "mod_fiscal": 0.5041, "des_condic": "Aguardando analise", "ind_status": "AT", "dat_atuali": "14/05/2015"}, "geometry": {"type": "Polygon", "coordinates": [[[-51.03795205899472, -27.80990285463253], [-51.03865497850488, -27.80912662481243], [-51.03974044932907, -27.80899933149621], [-51.04039151157073, -27.80868269207578], [-51.039347648620605, -27.806625330038273], [-51.03831947350953, -27.80677124506807], [-51.03776654693831, -27.80603742755761], [-51.03599973722267, -27.80628881386311], [-51.03608544389066, -27.80707180037925], [-51.03552012072939, -27.80719544864938], [-51.03558018618488, -27.80755346345659], [-51.03643571205757, -27.80757606716529], [-51.03722983100735, -27.80827067137358], [-51.03795205899472, -27.80990285463253]]]}}, {"type": "Feature", "properties": {"cod_imovel": "SC-4201000-164A82B682BB49DEB2135E2792E8F486", "municipio": "Anita Garibaldi", "num_area": 103.3737, "mod_fiscal": 5.1687, "des_condic": "Aguardando analise", "ind_status": "AT", "dat_atuali": "20/01/2016"}, "geometry": {"type": "Polygon", "coordinates": [[[-51.06044704063642, -27.82319337123404], [-51.06189825342426, -27.82538685765293], [-51.06300410142838, -27.82659176674491], [-51.06180576368298, -27.82776691206773], [-51.06433102465599, -27.8308529133593], [-51.06523144885509, -27.83008114800137], [-51.0663063726014, -27.82859458248238], [-51.06932626270699, -27.82981937484073], [-51.07107540018065, -27.83080834855928], [-51.07200172740515, -27.83111624396468], [-51.07221041671291, -27.8320736775786], [-51.07401768211068, -27.83365577193427], [-51.07785188272344, -27.83334576328128], [-51.07761123920605, -27.83280706959598], [-51.07704146620085, -27.83228682916612], [-51.07697010729563, -27.83119863494962], [-51.07628876295862, -27.83059430667849], [-51.07623761629424, -27.82979925047345], [-51.07555392244274, -27.82853448751362], [-51.0735031884069, -27.82691363339718], [-51.07122782517828, -27.82547772734863], [-51.07094362396367, -27.8249362320493], [-51.07083822342461, -27.82436013439154], [-51.07199361769238, -27.82349425005756], [-51.07265822768279, -27.82320440525098], [-51.0725501851835, -27.82229278200605], [-51.07264618071635, -27.82174620466931], [-51.07246598535792, -27.82155443292135], [-51.07185819017699, -27.82125908184209], [-51.07129183097399, -27.82120237584743], [-51.06855069493734, -27.82473584875628], [-51.06767200154265, -27.82643619570749], [-51.06619245164286, -27.82369315373302], [-51.06453637831464, -27.8212354226835], [-51.06044704063642, -27.82319337123404]]]}}, {"type": "Feature", "properties": {"cod_imovel": "SC-4201000-1ABEFBA9E795494F9287C08F6F3E8CC8", "municipio": "Anita Garibaldi", "num_area": 50.7219, "mod_fiscal": 2.5361, "des_condic": "Aguardando analise", "ind_status": "AT", "dat_atuali": "28/09/2015"}, "geometry": {"type": "Polygon", "coordinates": [[[-51.03519051774461, -27.77530896802744], [-51.03354873557106, -27.7740269501592], [-51.03282462801813, -27.77438920279675], [-51.03249112676403, -27.78387675741928], [-51.03949351745816, -27.78493344020695], [-51.03863626987397, -27.78984507058272], [-51.03916344228014, -27.79064497240838], [-51.03941188853194, -27.79076423608696], [-51.03972725985445, -27.79046642966971], [-51.04046114637333, -27.78898378267203], [-51.0417967043736, -27.78775737832444], [-51.04088785314045, -27.78558598657282], [-51.04042180185734, -27.78498714105836], [-51.04042667635568, -27.78456104514939], [-51.0411552847332, -27.78326893090947], [-51.03844038083209, -27.78280688006364], [-51.03591089995911, -27.78287824006095], [-51.0353641629502, -27.77909877019224], [-51.03519051774461, -27.77530896802744]]]}}, {"type": "Feature", "properties": {"cod_imovel": "SC-4201000-1CEA81B8D805423BA138E645D9377C04", "municipio": "Anita Garibaldi", "num_area": 5.2988, "mod_fiscal": 0.2649, "des_condic": "Aguardando analise", "ind_status": "AT", "dat_atuali": "02/06/2015"}, "geometry": {"type": "Polygon", "coordinates": [[[-51.21369172084554, -27.75870459662136], [-51.2107862571384, -27.75628421074912], [-51.20993069338125, -27.75718743720479], [-51.21287138274431, -27.75966380223995], [-51.21331198708104, -27.75931239268073], [-51.21369172084554, -27.75870459662136]]]}}, {"type": "Feature", "properties": {"cod_imovel": "SC-4201000-220FB3FED814434EA15F87DDDAA85E74", "municipio": "Anita Garibaldi", "num_area": 36.0057, "mod_fiscal": 1.8003, "des_condic": "Aguardando analise", "ind_status": "AT", "dat_atuali": "12/05/2015"}, "geometry": {"type": "Polygon", "coordinates": [[[-51.01709727778455, -27.7738635256199], [-51.01339185010637, -27.77399797206627], [-51.01276926226051, -27.78181028709878], [-51.01653671902115, -27.78202085763707], [-51.01819398525558, -27.78018148198266], [-51.01665997821886, -27.77652385529095], [-51.01709727778455, -27.7738635256199]]]}}, {"type": "Feature", "properties": {"cod_imovel": "SC-4201000-236D956868C64B8A9DF0EE9E53FF115C", "municipio": "Anita Garibaldi", "num_area": 15.6357, "mod_fiscal": 0.7818, "des_condic": "Aguardando analise", "ind_status": "AT", "dat_atuali": "28/04/2016"}, "geometry": {"type": "Polygon", "coordinates": [[[-51.00836277008056, -27.758272796015095], [-51.00710894504351, -27.76020764305224], [-51.01214219210237, -27.76355535171895], [-51.01357698440552, -27.76150076455781], [-51.00836277008056, -27.758272796015095]]]}}, {"type": "Feature", "properties": {"cod_imovel": "SC-4201000-24ABDCC4D6114710B626102EEF4B9E47", "municipio": "Anita Garibaldi", "num_area": 22.6004, "mod_fiscal": 1.13, "des_condic": "Aguardando analise", "ind_status": "AT", "dat_atuali": "03/09/2015"}, "geometry": {"type": "Polygon", "coordinates": [[[-51.14036791737006, -27.78933209829722], [-51.1391701513316, -27.7906134445524], [-51.13869882496273, -27.79143352435896], [-51.13792368592338, -27.79091724671055], [-51.13722531326418, -27.79267781025358], [-51.13670256822047, -27.79324108798733], [-51.13646636312669, -27.7956277627688], [-51.13622210807796, -27.79576765689465], [-51.13646106038275, -27.79692239268382], [-51.13567520123949, -27.79680030407389], [-51.13489859625432, -27.79716685947477], [-51.13562759557667, -27.79764964649058], [-51.13523124237435, -27.79771859924094], [-51.13695377438356, -27.79839638979262], [-51.1401143461596, -27.79658273948778], [-51.13790327037156, -27.79436782420234], [-51.14129491423042, -27.79122473466774], [-51.14056365564552, -27.79103369485092], [-51.14036791737006, -27.78933209829722]]]}}, {"type": "Feature", "properties": {"cod_imovel": "SC-4201000-2FA0CBAF57144EBEA2D07C3EBFA11F3E", "municipio": "Anita Garibaldi", "num_area": 6.0104, "mod_fiscal": 0.3005, "des_condic": "Aguardando analise", "ind_status": "AT", "dat_atuali": "03/03/2015"}, "geometry": {"type": "Polygon", "coordinates": [[[-51.0674786567688, -27.760304528555604], [-51.06745719909668, -27.761386837885897], [-51.06990337371826, -27.76170962981328], [-51.07216281038591, -27.76180169033244], [-51.07231113685161, -27.76067915692667], [-51.0674786567688, -27.760304528555604]]]}}, {"type": "Feature", "properties": {"cod_imovel": "SC-4201000-24C12468D88C4D2D90460EDB25B907F7", "municipio": "Anita Garibaldi", "num_area": 448.9442, "mod_fiscal": 22.4349, "des_condic": "Aguardando analise", "ind_status": "AT", "dat_atuali": "02/05/2016"}, "geometry": {"type": "Polygon", "coordinates": [[[-50.99795657768996, -27.79388724554623], [-50.998327407259985, -27.795902545941086], [-50.99839071916061, -27.79856584741485], [-50.99870034622866, -27.79977729699241], [-50.99807190148308, -27.800443595559308], [-50.997071183444774, -27.802109328681713], [-50.9946326514878, -27.806698442732795], [-50.99424643613455, -27.80685516515796], [-50.99201197810176, -27.81041013299353], [-50.99023156924186, -27.81161655776324], [-50.99005137138399, -27.81198850259656], [-50.98893624057545, -27.812893639493947], [-50.98898469361623, -27.813163054762054], [-50.98928767023022, -27.813432489255902], [-50.98914215773215, -27.8141437237118], [-50.9896700358553, -27.814766465350097], [-50.989754840987075, -27.815165199910975], [-50.98937229052348, -27.815695548875308], [-50.98938438398406, -27.81597573735657], [-50.99043860411922, -27.81658904574955], [-50.990438585242394, -27.816804574715817], [-50.98986908630453, -27.81721506471641], [-50.99022633414569, -27.81810048194892], [-50.98983258112064, -27.81875609306829], [-50.98961439835171, -27.818853064866516], [-50.989524853638656, -27.820334518627426], [-50.98986065294557, -27.820525626854643], [-50.99124334943174, -27.820564197717488], [-50.99193651244025, -27.820421446812325], [-50.992570482800666, -27.82056427550079], [-50.99272914783271, -27.820746277847533], [-50.99251091411653, -27.82156527478326], [-50.99227304324151, -27.821823523615567], [-50.992236644026434, -27.82233001327415], [-50.992879593284265, -27.823056360688852], [-50.99367346517427, -27.823055694190064], [-50.994325384803474, -27.821828662537147], [-50.99511324817095, -27.82197956266297], [-50.996291736114244, -27.82308279631287], [-50.996703857379245, -27.823104359377634], [-50.99751125839111, -27.822713113322536], [-50.99777016209522, -27.822770125451918], [-50.998036819006096, -27.823255068557057], [-50.99743216910697, -27.82368127401089], [-50.997298492520656, -27.824383848293625], [-50.997739454606126, -27.8247122200421], [-50.99813253977026, -27.82459197915001], [-50.99906853521185, -27.824705055436525], [-50.99929884302537, -27.824467975640573], [-50.99962612004694, -27.824489529487654], [-50.9998200617128, -27.824780493427987], [-50.999569608670576, -27.826503914476834], [-51.000791148725106, -27.82701120378009], [-51.00132794778774, -27.826751917650014], [-51.00208677913234, -27.825502498406053], [-51.00262183482378, -27.825153767967926], [-51.00338081415816, -27.825129866090226], [-51.00366254789675, -27.82475889236149], [-51.00420800881581, -27.82471577049977], [-51.00454819812335, -27.825148071862436], [-51.00433723826642, -27.8261027481048], [-51.00462818437342, -27.826770876943034], [-51.004591835097735, -27.827148053178945], [-51.00341448291485, -27.827864740629703], [-51.00481969737985, -27.82919869648994], [-51.00591194711587, -27.830747858636894], [-51.0067865377282, -27.831383407802406], [-51.00684700800874, -27.831655697885463], [-51.00653268409626, -27.83221463043663], [-51.00868478447751, -27.831591104038143], [-51.00876138887688, -27.8319672935542], [-51.007508096962496, -27.8335796287066], [-51.0078023366045, -27.83397372064926], [-51.009422366489076, -27.832189383822186], [-51.00612257032769, -27.801959938776697], [-51.004584523726265, -27.801334564024955], [-51.00408300687423, -27.800380751386317], [-51.00355518239445, -27.79701376742776], [-51.00391363222723, -27.795631917861165], [-51.00116611061911, -27.795825497332864], [-51.00105321122442, -27.79556016035306], [-50.99957882767459, -27.79443568082577], [-50.99857143934781, -27.793909130978257], [-50.99795657768996, -27.79388724554623]]]}}, {"type": "Feature", "properties": {"cod_imovel": "SC-4201000-251F07E41A704D3EB21FEBA088B997DE", "municipio": "Anita Garibaldi", "num_area": 4.0175, "mod_fiscal": 0.2009, "des_condic": "Aguardando analise", "ind_status": "AT", "dat_atuali": "09/06/2015"}, "geometry": {"type": "Polygon", "coordinates": [[[-51.03980572840709, -27.83253441278726], [-51.04051847556326, -27.83431971072614], [-51.04249214136914, -27.8338150633478], [-51.04220968643509, -27.83242894604628], [-51.04030271489101, -27.83255995325903], [-51.03995647931251, -27.83243731296424], [-51.03980572840709, -27.83253441278726]]]}}, {"type": "Feature", "properties": {"cod_imovel": "SC-4201000-279280140AA34F97AAD5EDEB50B56324", "municipio": "Anita Garibaldi", "num_area": 21.1796, "mod_fiscal": 1.059, "des_condic": "Aguardando analise", "ind_status": "AT", "dat_atuali": "09/07/2015"}, "geometry": {"type": "Polygon", "coordinates": [[[-51.10170095966402, -27.8084145227221], [-51.10244451621819, -27.80920166982271], [-51.10508462118693, -27.81101488454341], [-51.10726920922432, -27.80955828527413], [-51.10803590318384, -27.80845856415923], [-51.10652208047787, -27.80643437476624], [-51.10540069695598, -27.806167463004], [-51.10476845351689, -27.80538537726928], [-51.10170095966402, -27.8084145227221]]]}}, {"type": "Feature", "properties": {"cod_imovel": "SC-4201000-2BE978CAC1B34ACC92FC07BA5DBA1EDB", "municipio": "Anita Garibaldi", "num_area": 17.0406, "mod_fiscal": 0.852, "des_condic": "Aguardando analise", "ind_status": "AT", "dat_atuali": "14/01/2015"}, "geometry": {"type": "Polygon", "coordinates": [[[-51.2194324864013, -27.75930286107891], [-51.21864465737734, -27.75829736570508], [-51.21817903612264, -27.75809303626406], [-51.21737594001601, -27.75693950168009], [-51.21594801541384, -27.76178108209125], [-51.21398070197552, -27.76572526319247], [-51.21604765093013, -27.76461551028646], [-51.21728715576095, -27.76226186594904], [-51.21846650575574, -27.76221180196458], [-51.21866485341365, -27.76180505916091], [-51.21864002080577, -27.76137168522965], [-51.21910743846701, -27.76043878619178], [-51.2194324864013, -27.75930286107891]]]}}, {"type": "Feature", "properties": {"cod_imovel": "SC-4201000-2E07B5415CA9496A8F5764807E09A572", "municipio": "Anita Garibaldi", "num_area": 22.1609, "mod_fiscal": 1.108, "des_condic": "Aguardando analise", "ind_status": "AT", "dat_atuali": "19/05/2015"}, "geometry": {"type": "Polygon", "coordinates": [[[-51.06001481390764, -27.79993028506359], [-51.06138516617003, -27.79857953142132], [-51.06243320704026, -27.79727611734276], [-51.06255942238256, -27.79665890104204], [-51.06326909128834, -27.79595008178924], [-51.05865827045587, -27.79199759735494], [-51.05889755194415, -27.79905826979476], [-51.06001481390764, -27.79993028506359]]]}}, {"type": "Feature", "properties": {"cod_imovel": "SC-4201000-32902F15D4584E8083F1DD8256F65BD1", "municipio": "Anita Garibaldi", "num_area": 45.6963, "mod_fiscal": 2.2848, "des_condic": "Aguardando analise", "ind_status": "AT", "dat_atuali": "24/04/2015"}, "geometry": {"type": "Polygon", "coordinates": [[[-51.00014351407216, -27.75630089446519], [-50.99742790734118, -27.75524994555575], [-50.99528316134459, -27.76212733654845], [-50.99295885607249, -27.76132143833167], [-50.99199880666005, -27.76565244144971], [-50.99729181013088, -27.76620953597186], [-51.00014351407216, -27.75630089446519]]]}}, {"type": "Feature", "properties": {"cod_imovel": "SC-4201000-33894EDE10FE44A195B5FA9B8B3B0C6B", "municipio": "Anita Garibaldi", "num_area": 34.5926, "mod_fiscal": 1.7296, "des_condic": "Aguardando analise", "ind_status": "AT", "dat_atuali": "20/05/2016"}, "geometry": {"type": "Polygon", "coordinates": [[[-51.1208875390236, -27.7611606861308], [-51.12223533453521, -27.76259937482823], [-51.12256868608474, -27.76117949633063], [-51.12399505243519, -27.76232601488172], [-51.12459418340716, -27.76171949504007], [-51.12446616723049, -27.76141198327497], [-51.12510742718882, -27.76055921328064], [-51.12431959788805, -27.75803679440828], [-51.12280610529275, -27.75468041355073], [-51.1205259666319, -27.75608086156669], [-51.11782101526237, -27.75717158877508], [-51.11820034400202, -27.75768172991296], [-51.11914167670486, -27.75972742129432], [-51.1208875390236, -27.7611606861308]]]}}, {"type": "Feature", "properties": {"cod_imovel": "SC-4201000-36A028923FA240268CBE93B5858F83A8", "municipio": "Anita Garibaldi", "num_area": 13.9852, "mod_fiscal": 0.6993, "des_condic": "Aguardando analise", "ind_status": "AT", "dat_atuali": "14/05/2015"}, "geometry": {"type": "Polygon", "coordinates": [[[-51.05366791960611, -27.78963247763964], [-51.05338249074706, -27.79003664836935], [-51.05265599996247, -27.79020632859307], [-51.05138589045134, -27.79321195417716], [-51.0568335497379, -27.79051549140138], [-51.05598808042533, -27.78935079809518], [-51.05496809103121, -27.78735310829646], [-51.05354311285184, -27.78803476019643], [-51.05366791960611, -27.78963247763964]]]}}, {"type": "Feature", "properties": {"cod_imovel": "SC-4201000-3A42721DCF74495F907D2830FD78B592", "municipio": "Anita Garibaldi", "num_area": 24.2888, "mod_fiscal": 1.2144, "des_condic": "Aguardando analise", "ind_status": "AT", "dat_atuali": "07/05/2015"}, "geometry": {"type": "Polygon", "coordinates": [[[-51.03985363863797, -27.81375279537041], [-51.03639710580653, -27.81040263811457], [-51.0356350974265, -27.8104073867658], [-51.03397558008803, -27.8109793358103], [-51.03267962593254, -27.8110021818488], [-51.03547452234907, -27.81556536838435], [-51.03592602049068, -27.81612016245854], [-51.03685618522787, -27.81637234524317], [-51.03985363863797, -27.81375279537041]]]}}, {"type": "Feature", "properties": {"cod_imovel": "SC-4201000-3A81E6B1A0AB4734BD1396B11C707E5A", "municipio": "Anita Garibaldi", "num_area": 2.5539, "mod_fiscal": 0.1277, "des_condic": "Aguardando analise", "ind_status": "AT", "dat_atuali": "18/06/2015"}, "geometry": {"type": "Polygon", "coordinates": [[[-51.06673247671208, -27.84772232687068], [-51.0654183830876, -27.84584506737002], [-51.06472428007715, -27.84643975347245], [-51.06582419409783, -27.84833985723019], [-51.06673247671208, -27.84772232687068]]]}}, {"type": "Feature", "properties": {"cod_imovel": "SC-4201000-50EC1C86AC714AF8BB537A9FD38C0C92", "municipio": "Anita Garibaldi", "num_area": 23.289, "mod_fiscal": 1.1644, "des_condic": "Aguardando analise", "ind_status": "AT", "dat_atuali": "19/04/2016"}, "geometry": {"type": "Polygon", "coordinates": [[[-51.06164493643558, -27.81197369952251], [-51.06200585181958, -27.81246200154988], [-51.06191149588994, -27.81321099424016], [-51.06290340461348, -27.81407582126889], [-51.06114583278504, -27.81539334284641], [-51.06089848627128, -27.81539975205613], [-51.06069278793516, -27.81562268713075], [-51.06011030666947, -27.81559739242673], [-51.05993666229274, -27.81612148456176], [-51.05948350347426, -27.8161595395241], [-51.06056820697373, -27.81790948570892], [-51.0617859775107, -27.8183949690801], [-51.06622884297508, -27.81610800305143], [-51.06573342730339, -27.81555451487377], [-51.06547804004465, -27.81310975579323], [-51.0646959635002, -27.81313063409801], [-51.0642606407509, -27.81340603751744], [-51.0632134700459, -27.81262436320852], [-51.06164493643558, -27.81197369952251]]]}}, {"type": "Feature", "properties": {"cod_imovel": "SC-4201000-420E74E60D6747B698F53939D9823203", "municipio": "Anita Garibaldi", "num_area": 69.4387, "mod_fiscal": 3.4719, "des_condic": "Aguardando analise", "ind_status": "AT", "dat_atuali": "18/06/2015"}, "geometry": {"type": "Polygon", "coordinates": [[[-51.07542849870597, -27.76701735338191], [-51.07473232298156, -27.76720693061441], [-51.0722623936994, -27.76865825007399], [-51.07185667375396, -27.76906989107147], [-51.0712827944287, -27.76924938606149], [-51.07024832466199, -27.76936661392649], [-51.06871811678742, -27.7690948009783], [-51.06678114348347, -27.76923932535145], [-51.06502097553351, -27.76913846252015], [-51.06307867516583, -27.77559126925209], [-51.0629487010834, -27.77691871238817], [-51.06446460756156, -27.77748985147162], [-51.06510397455318, -27.77749927758684], [-51.06581915864128, -27.77735005378614], [-51.06765145707276, -27.77627218064697], [-51.06875283343086, -27.77594853959683], [-51.06875075589458, -27.77527415046438], [-51.06807888136942, -27.77443244624289], [-51.06820080848421, -27.77411130757282], [-51.07182025731726, -27.77050692141998], [-51.07389808336308, -27.7724194464728], [-51.07700144529341, -27.77103711046131], [-51.07567354610377, -27.76733742573592], [-51.07542849870597, -27.76701735338191]]]}}, {"type": "Feature", "properties": {"cod_imovel": "SC-4201000-43B087325C1D4953AFEBA1460FD68702", "municipio": "Anita Garibaldi", "num_area": 13.6261, "mod_fiscal": 0.6813, "des_condic": "Aguardando analise", "ind_status": "AT", "dat_atuali": "06/04/2015"}, "geometry": {"type": "Polygon", "coordinates": [[[-51.01177888578152, -27.75628185842996], [-51.01005368685381, -27.7558147626157], [-51.00930916000128, -27.75895541668333], [-51.01239332339805, -27.76081923805309], [-51.01302189719788, -27.75692626724383], [-51.01302161134349, -27.75609549557887], [-51.01177888578152, -27.75628185842996]]]}}, {"type": "Feature", "properties": {"cod_imovel": "SC-4201000-4710954EC1A74FB185A610EFC0F1BBF7", "municipio": "Anita Garibaldi", "num_area": 40.8048, "mod_fiscal": 2.0402, "des_condic": "Aguardando analise", "ind_status": "AT", "dat_atuali": "07/04/2016"}, "geometry": {"type": "Polygon", "coordinates": [[[-51.00941714563125, -27.79819670081566], [-51.00827693939209, -27.8027913243703], [-51.01559400558471, -27.804841205617347], [-51.01677417755127, -27.80053261414079], [-51.01434399976613, -27.79878298667606], [-51.01217965203467, -27.79860722424052], [-51.0119207431447, -27.79897114835888], [-51.01096901844895, -27.79914744770981], [-51.00941714563125, -27.79819670081566]]]}}, {"type": "Feature", "properties": {"cod_imovel": "SC-4201000-4AB9CFCF62734CEDBEBE6B981954FFD2", "municipio": "Anita Garibaldi", "num_area": 148.959, "mod_fiscal": 7.448, "des_condic": "Cancelado por decisao administrativa", "ind_status": "CA", "dat_atuali": "18/02/2015"}, "geometry": {"type": "Polygon", "coordinates": [[[-51.00164178542028, -27.75334123888522], [-51.00164092539755, -27.75370016053932], [-51.00083834186452, -27.75518133959192], [-51.00079848992951, -27.75559535678239], [-51.00099291485229, -27.7561028499048], [-51.00189345089179, -27.75604398734018], [-51.00644847310344, -27.75468786935776], [-51.00800900020651, -27.75476540737119], [-51.01128137217883, -27.7558480224653], [-51.01218633680286, -27.75598777917396], [-51.01494588088659, -27.75537769733685], [-51.01706742956727, -27.75556590421845], [-51.01761234866036, -27.75525156088012], [-51.0179055273466, -27.7548183161078], [-51.01498021453086, -27.75485344732044], [-51.01493783161153, -27.75207053766829], [-51.00865237330753, -27.74790301911665], [-51.01198645768476, -27.74577114919144], [-51.01194963270986, -27.74549399059031], [-51.0114511342976, -27.74489805085443], [-51.01011967811657, -27.7443299465345], [-51.00983775897694, -27.74369643485171], [-51.00956649172283, -27.74346104355851], [-51.00906277421606, -27.74362586234356], [-51.00880631309304, -27.74358410646435], [-51.00875190385226, -27.74340800282731], [-51.00736776707166, -27.74535650667108], [-51.00612623769334, -27.7437358068007], [-51.00796036415514, -27.74137423448115], [-51.00495999787026, -27.73902078294532], [-51.00322761157069, -27.74002649684438], [-51.00183343600105, -27.74010504212085], [-51.00062674323031, -27.73987047749457], [-51.00021262217989, -27.74037314665472], [-51.00042808353919, -27.74098435722131], [-51.00137454814983, -27.74160003963278], [-51.00179506285809, -27.74255060419487], [-51.0027243382968, -27.74305768862656], [-51.0028529615358, -27.74397450118068], [-51.00422966869744, -27.74541823416795], [-51.00433836972086, -27.7457451383375], [-51.00407317084718, -27.7467272911634], [-51.00320030199005, -27.74829704683502], [-51.0032762282324, -27.74891268976954], [-51.00267972623029, -27.74932312167704], [-51.002094381972, -27.75021443425828], [-51.00174106040881, -27.75049141726581], [-51.00119144572372, -27.75161894640624], [-51.00139252901525, -27.75201443421269], [-51.00134428432278, -27.7529847068109], [-51.00164178542028, -27.75334123888522]]]}}, {"type": "Feature", "properties": {"cod_imovel": "SC-4201000-4E159ADC8B3640EE8F815EBF1FE5ABA1", "municipio": "Anita Garibaldi", "num_area": 79.8663, "mod_fiscal": 3.9933, "des_condic": "Aguardando analise", "ind_status": "AT", "dat_atuali": "16/08/2016"}, "geometry": {"type": "Polygon", "coordinates": [[[-51.07686165987946, -27.80930177983422], [-51.07860821370107, -27.80885734451592], [-51.08016542961244, -27.80156943512168], [-51.07784913780773, -27.80239214613788], [-51.07686447012252, -27.80219539539773], [-51.07508594088157, -27.8013103391858], [-51.0741719350232, -27.80114916459172], [-51.07153508742777, -27.80194541595314], [-51.07081004059658, -27.80179610244637], [-51.07095727467534, -27.80336725362816], [-51.06945340895243, -27.80421461866972], [-51.071577072143555, -27.81045920040625], [-51.07353380631023, -27.81124629528446], [-51.07686165987946, -27.80930177983422]]]}}, {"type": "Feature", "properties": {"cod_imovel": "SC-4201000-549E70ECED5F4E2FA5D52931578C4CA0", "municipio": "Anita Garibaldi", "num_area": 20.3238, "mod_fiscal": 1.0162, "des_condic": "Aguardando analise", "ind_status": "AT", "dat_atuali": "10/10/2014"}, "geometry": {"type": "Polygon", "coordinates": [[[-51.13877624624799, -27.79885724020429], [-51.13858331094752, -27.7946012320194], [-51.13674302163288, -27.79484291773972], [-51.13509178161621, -27.793376558326063], [-51.13424551643792, -27.79515705665247], [-51.13391593653874, -27.79677178542507], [-51.134276390075684, -27.798197931535775], [-51.13621327194394, -27.79833300450078], [-51.13759956681873, -27.79873379974513], [-51.13877624624799, -27.79885724020429]]]}}, {"type": "Feature", "properties": {"cod_imovel": "SC-4201000-5D6D373FE5C448A6969805D51CB5F50F", "municipio": "Anita Garibaldi", "num_area": 36.6208, "mod_fiscal": 1.831, "des_condic": "Aguardando analise", "ind_status": "AT", "dat_atuali": "03/05/2015"}, "geometry": {"type": "Polygon", "coordinates": [[[-51.05738731493872, -27.75380294585247], [-51.0615886168229, -27.75217453756579], [-51.06205026856465, -27.75175882776077], [-51.06309145855305, -27.75144028605861], [-51.06341431953772, -27.75111721105667], [-51.06408616071944, -27.75084902131121], [-51.06447850547143, -27.75114370469556], [-51.0651539934664, -27.75021269554093], [-51.06658555471002, -27.75056992689342], [-51.06854035817779, -27.75070034035821], [-51.06894120915712, -27.75011392212241], [-51.06937361833204, -27.74986361110653], [-51.06932353661848, -27.74964464457742], [-51.0680849512779, -27.74846330827586], [-51.06889323805787, -27.7476610857263], [-51.06897810231191, -27.74687143005736], [-51.06385299152744, -27.74805050409071], [-51.06298246907857, -27.74841108634004], [-51.05991100393866, -27.75034531369565], [-51.05909463974005, -27.75038676394604], [-51.0567262712724, -27.7519999353023], [-51.05738731493872, -27.75380294585247]]]}}, {"type": "Feature", "properties": {"cod_imovel": "SC-4201000-5BD0F6FF07DE42FFB9AA1DB271D1B193", "municipio": "Anita Garibaldi", "num_area": 25.5249, "mod_fiscal": 1.2762, "des_condic": "Aguardando analise", "ind_status": "AT", "dat_atuali": "20/08/2018"}, "geometry": {"type": "Polygon", "coordinates": [[[-51.07391748950545, -27.78122143904718], [-51.07523070857258, -27.78174471180479], [-51.0769763468306, -27.78206617714229], [-51.0780384063913, -27.78162720171553], [-51.0808048885645, -27.7808949748972], [-51.08227005616376, -27.78002133718215], [-51.08008172148697, -27.77844022910332], [-51.07789479664085, -27.77650372551286], [-51.07391748950545, -27.78122143904718]]]}}, {"type": "Feature", "properties": {"cod_imovel": "SC-4201000-61D58B4681B14D2C92F78B657833E426", "municipio": "Anita Garibaldi", "num_area": 16.8877, "mod_fiscal": 0.8444, "des_condic": "Aguardando analise", "ind_status": "AT", "dat_atuali": "21/03/2016"}, "geometry": {"type": "Polygon", "coordinates": [[[-51.11285678973835, -27.78149558005586], [-51.11286916308388, -27.78248061121964], [-51.11348911350142, -27.78365464222935], [-51.11369283564407, -27.7846301895314], [-51.11454675126757, -27.78544769899763], [-51.11647857831537, -27.78383432758328], [-51.11863271920488, -27.78258499684265], [-51.11806943043563, -27.78122299128633], [-51.11726182580746, -27.78089455770728], [-51.11476715309713, -27.78126911356005], [-51.11404175777802, -27.78171969815014], [-51.11285678973835, -27.78149558005586]]]}}, {"type": "Feature", "properties": {"cod_imovel": "SC-4201000-65C8060FF1FE4FBE9D6AD0C08F3C3A07", "municipio": "Anita Garibaldi", "num_area": 11.9836, "mod_fiscal": 0.5992, "des_condic": "Aguardando analise", "ind_status": "AT", "dat_atuali": "06/10/2015"}, "geometry": {"type": "Polygon", "coordinates": [[[-51.09278166825663, -27.79709718861745], [-51.08738869194786, -27.79719040650721], [-51.0874044204302, -27.79906875584477], [-51.09054863858539, -27.79921981814355], [-51.09312410135929, -27.79909856141617], [-51.09278166825663, -27.79709718861745]]]}}, {"type": "Feature", "properties": {"cod_imovel": "SC-4201000-6BB12F3661D84737996A045F0BA83CBD", "municipio": "Anita Garibaldi", "num_area": 26.9157, "mod_fiscal": 1.3458, "des_condic": "Aguardando analise", "ind_status": "AT", "dat_atuali": "06/04/2015"}, "geometry": {"type": "Polygon", "coordinates": [[[-51.069302558898926, -27.773253558766186], [-51.07262849807739, -27.77784800553277], [-51.07561783788567, -27.77629226925075], [-51.07491581096137, -27.77529077386771], [-51.07501474786333, -27.7742475451674], [-51.07467524173235, -27.77348786037134], [-51.07404457097272, -27.77282615302297], [-51.07376575469971, -27.772152381541886], [-51.072070598602295, -27.770443636197548], [-51.069302558898926, -27.773253558766186]]]}}, {"type": "Feature", "properties": {"cod_imovel": "SC-4201000-700C65F1FE2F40A69E9E74D9F552FD43", "municipio": "Anita Garibaldi", "num_area": 12.2579, "mod_fiscal": 0.6129, "des_condic": "Aguardando analise", "ind_status": "AT", "dat_atuali": "22/01/2016"}, "geometry": {"type": "Polygon", "coordinates": [[[-51.22148036956787, -27.756924616110872], [-51.22405535811983, -27.75364193083336], [-51.22508525848389, -27.752177370885335], [-51.22377918775242, -27.75185572316264], [-51.22328283512053, -27.75212892804811], [-51.218883991241455, -27.75838672594617], [-51.21948205570804, -27.75872009109154], [-51.22030019760131, -27.758709526770005], [-51.22148036956787, -27.756924616110872]]]}}, {"type": "Feature", "properties": {"cod_imovel": "SC-4201000-71B993CF3E4D4879968C1B527B296395", "municipio": "Anita Garibaldi", "num_area": 99.1485, "mod_fiscal": 4.9574, "des_condic": "Aguardando analise", "ind_status": "AT", "dat_atuali": "18/06/2015"}, "geometry": {"type": "Polygon", "coordinates": [[[-51.04565910747255, -27.83776931893896], [-51.04827457439364, -27.84068295593417], [-51.05033471211949, -27.84175542156862], [-51.05167678595631, -27.84150464293129], [-51.05198669469747, -27.84158924567858], [-51.05441969714615, -27.84328408263945], [-51.054690284893, -27.84359244654493], [-51.0547344520829, -27.8442403848942], [-51.05522398057924, -27.84471690108945], [-51.05535895583288, -27.84565059212855], [-51.0570840939786, -27.8441107670396], [-51.05841609440701, -27.84483056487], [-51.05934680433393, -27.84475809747577], [-51.06098995754046, -27.84540755028748], [-51.06227250122658, -27.8456264316414], [-51.06415994376823, -27.84354738262639], [-51.06253199533335, -27.8431212949317], [-51.06206615250254, -27.84029859198599], [-51.060744521258, -27.83837614898291], [-51.05887967914177, -27.83934511854331], [-51.05819793956211, -27.83959105506211], [-51.05778287786598, -27.83954945277568], [-51.05726739833218, -27.83939002091901], [-51.05689142753416, -27.83897953864867], [-51.05507689909354, -27.83818442766096], [-51.05192654356824, -27.83716714593714], [-51.04865101693404, -27.83677402149214], [-51.04797091079649, -27.83429014552933], [-51.04798449480135, -27.83279111442205], [-51.04660176111997, -27.83310287964901], [-51.04608718155618, -27.83393602598133], [-51.0459062766293, -27.83472693464234], [-51.04620222379474, -27.83641979259819], [-51.04565910747255, -27.83776931893896]]]}}, {"type": "Feature", "properties": {"cod_imovel": "SC-4201000-7DFC7EE676B446428E586C60F1CE49D1", "municipio": "Anita Garibaldi", "num_area": 22.5859, "mod_fiscal": 1.1293, "des_condic": "Aguardando analise", "ind_status": "AT", "dat_atuali": "01/05/2015"}, "geometry": {"type": "Polygon", "coordinates": [[[-51.22775165580404, -27.75452463944514], [-51.22466478970775, -27.75855889391647], [-51.2254785144506, -27.75877098107124], [-51.22636281422737, -27.75947114344154], [-51.22734624491176, -27.75991196414699], [-51.22882417484367, -27.76013521644743], [-51.23114026536323, -27.75731188176221], [-51.23035423355779, -27.75590005220134], [-51.22938113669532, -27.75569541663135], [-51.22920154247143, -27.75518379238711], [-51.22855612856919, -27.75496168342754], [-51.22818634747149, -27.75456882076126], [-51.22775165580404, -27.75452463944514]]]}}, {"type": "Feature", "properties": {"cod_imovel": "SC-4201000-89D4768BDD0B4B0A84030AEC58B90BBF", "municipio": "Anita Garibaldi", "num_area": 43.8642, "mod_fiscal": 2.1932, "des_condic": "Aguardando analise", "ind_status": "AT", "dat_atuali": "04/05/2016"}, "geometry": {"type": "Polygon", "coordinates": [[[-51.176912784576416, -27.75948804246594], [-51.183178424835205, -27.764937496437128], [-51.18478775024413, -27.76357041167091], [-51.18425130844116, -27.762108371460805], [-51.18663311004639, -27.76034250450375], [-51.18553876876831, -27.759810840024073], [-51.18588209152222, -27.758557620619204], [-51.185410022735596, -27.757532248556917], [-51.183907985687256, -27.75696259323813], [-51.18382215499878, -27.756715741674274], [-51.176912784576416, -27.75948804246594]]]}}, {"type": "Feature", "properties": {"cod_imovel": "SC-4201000-8D1BE1B8C0AC4C4BAE203B8C71E02408", "municipio": "Anita Garibaldi", "num_area": 43.1552, "mod_fiscal": 2.1578, "des_condic": "Aguardando analise", "ind_status": "AT", "dat_atuali": "17/06/2015"}, "geometry": {"type": "Polygon", "coordinates": [[[-51.12101219232469, -27.76684143812719], [-51.12141712073776, -27.76656615481085], [-51.11560326040881, -27.76387339199122], [-51.11636412539865, -27.76050235447066], [-51.11451834684183, -27.75858010895495], [-51.11387768762899, -27.75761810852047], [-51.11333775302485, -27.75640762233562], [-51.11223547057919, -27.75702971949372], [-51.11171389995463, -27.7570286059266], [-51.11112692672275, -27.75794087639313], [-51.11049149083294, -27.75801505437491], [-51.10985083539379, -27.75830428525724], [-51.10971167858604, -27.75856951269264], [-51.10978070944801, -27.75884146458189], [-51.11097802246809, -27.75960670518522], [-51.11494723911737, -27.76316490650597], [-51.11354905868285, -27.76430698228053], [-51.11461808425565, -27.76524439457015], [-51.11516743764204, -27.76547525113502], [-51.11480925671115, -27.76664218075744], [-51.12057117876415, -27.76860215748193], [-51.12063384816442, -27.76775106549689], [-51.12101219232469, -27.76684143812719]]]}}, {"type": "Feature", "properties": {"cod_imovel": "SC-4201000-92B9AAB993024220909848782E1ADB97", "municipio": "Anita Garibaldi", "num_area": 18.8237, "mod_fiscal": 0.9412, "des_condic": "Aguardando analise", "ind_status": "AT", "dat_atuali": "18/05/2016"}, "geometry": {"type": "Polygon", "coordinates": [[[-51.07349659890058, -27.74599815217455], [-51.06834508573583, -27.75070299006138], [-51.06797744411037, -27.75181529910685], [-51.06808268939034, -27.75230448100041], [-51.0686024759671, -27.75282375838171], [-51.0740370899732, -27.7484568096112], [-51.07588579725047, -27.74809823235298], [-51.07349659890058, -27.74599815217455]]]}}, {"type": "Feature", "properties": {"cod_imovel": "SC-4201000-9530A53FC5024045AF21D1200088744D", "municipio": "Anita Garibaldi", "num_area": 193.1105, "mod_fiscal": 9.6555, "des_condic": "Aguardando analise", "ind_status": "AT", "dat_atuali": "09/06/2016"}, "geometry": {"type": "Polygon", "coordinates": [[[-51.16559741050802, -27.74109377088756], [-51.15940233178598, -27.74577243384425], [-51.15878723053645, -27.7465541877723], [-51.15871277100457, -27.74797997872248], [-51.15816442346848, -27.75051106805323], [-51.15710671748072, -27.75199868996365], [-51.1576077370296, -27.75251247202228], [-51.15834694099363, -27.75276439625149], [-51.15927427649124, -27.75363833781827], [-51.15991259222509, -27.7537277069064], [-51.1607624519733, -27.75358925972261], [-51.16136651687214, -27.75305139532171], [-51.16172633928776, -27.75306413300242], [-51.16217123122214, -27.7533625805387], [-51.16305017439153, -27.75328134762718], [-51.16359432023044, -27.75341848253733], [-51.16487036252818, -27.75308944532782], [-51.16843578992257, -27.74979058753239], [-51.16869218434833, -27.74973903083265], [-51.16930645704763, -27.74918031967528], [-51.16960922452797, -27.74873924721004], [-51.17017920638937, -27.74719067776919], [-51.17006790194266, -27.74650236305632], [-51.16867777122388, -27.7454910005456], [-51.16798711968778, -27.74543961824935], [-51.16799358369396, -27.74460478210627], [-51.16782120930696, -27.74414409199469], [-51.16735389612754, -27.74383349104622], [-51.16714127304905, -27.74325835856645], [-51.16847915902652, -27.74199872796093], [-51.16919435253696, -27.74159778760312], [-51.17133560807549, -27.7416019294939], [-51.17205446390687, -27.74137385986193], [-51.17276652189748, -27.74070256912869], [-51.17293990724728, -27.73993344373009], [-51.17274563599172, -27.73956585646195], [-51.17686193575856, -27.73909830350304], [-51.17823045581218, -27.73870255775476], [-51.17888827026904, -27.73835017156559], [-51.17856921732403, -27.73497824890542], [-51.17787432109112, -27.73438939091255], [-51.17116860850198, -27.73816002096478], [-51.170427363875, -27.7369926106359], [-51.17040218439674, -27.73635695076792], [-51.17012334809432, -27.73595033643671], [-51.16855527852434, -27.73446040165717], [-51.16817342651431, -27.73356124211738], [-51.16705915408569, -27.73265928693444], [-51.16537589047423, -27.73421832491095], [-51.16238686415333, -27.73914036286957], [-51.16273604856968, -27.74092967886981], [-51.16434802246958, -27.73961806056865], [-51.16559741050802, -27.74109377088756]]]}}, {"type": "Feature", "properties": {"cod_imovel": "SC-4201000-9545795543C74377B6FC9CEF573268A6", "municipio": "Anita Garibaldi", "num_area": 13.0808, "mod_fiscal": 0.654, "des_condic": "Aguardando analise", "ind_status": "AT", "dat_atuali": "11/05/2015"}, "geometry": {"type": "Polygon", "coordinates": [[[-51.02859389127159, -27.75191387470946], [-51.03062361416104, -27.75608335774854], [-51.03313230250155, -27.75356833694344], [-51.02994261734909, -27.75066516488638], [-51.02859389127159, -27.75191387470946]]]}}, {"type": "Feature", "properties": {"cod_imovel": "SC-4201000-A0699D649E16482BB94F61C37DB0CD73", "municipio": "Anita Garibaldi", "num_area": 35.3731, "mod_fiscal": 1.7687, "des_condic": "Aguardando analise", "ind_status": "AT", "dat_atuali": "19/04/2016"}, "geometry": {"type": "Polygon", "coordinates": [[[-51.1515282118817, -27.76922374797567], [-51.15947321017313, -27.76383205291059], [-51.1583246353502, -27.7635137898959], [-51.15782867565019, -27.76272789540814], [-51.15693173314097, -27.76292585397606], [-51.15669896841958, -27.76269099484049], [-51.15692068018033, -27.76247980825682], [-51.15708041663998, -27.76159425662616], [-51.1548923838142, -27.76253766727747], [-51.14941103881866, -27.76594224488449], [-51.1500497125993, -27.76680854159151], [-51.1504137203307, -27.76672322553714], [-51.15064728891914, -27.76688189471474], [-51.15080829406873, -27.76857849315845], [-51.1515282118817, -27.76922374797567]]]}}, {"type": "Feature", "properties": {"cod_imovel": "SC-4201000-A9A3DA2A27894768B725E46AD7C81194", "municipio": "Anita Garibaldi", "num_area": 20.7105, "mod_fiscal": 1.0355, "des_condic": "Aguardando analise", "ind_status": "AT", "dat_atuali": "07/02/2017"}, "geometry": {"type": "Polygon", "coordinates": [[[-51.21758852419296, -27.75719306413845], [-51.22173114948549, -27.75154564555876], [-51.22010864880124, -27.7503881122672], [-51.21943147859228, -27.75007881156437], [-51.215477530515, -27.75539418964151], [-51.21618291218991, -27.75583085156334], [-51.21658829431728, -27.75636692882094], [-51.21738858946664, -27.75683489339404], [-51.21758852419296, -27.75719306413845]]]}}, {"type": "Feature", "properties": {"cod_imovel": "SC-4201000-AF68592D88DB4339BFBBA5EEF35B0794", "municipio": "Anita Garibaldi", "num_area": 129.6345, "mod_fiscal": 6.4817, "des_condic": "Aguardando analise", "ind_status": "AT", "dat_atuali": "25/04/2016"}, "geometry": {"type": "Polygon", "coordinates": [[[-51.04174961564183, -27.77586995975581], [-51.04237531079464, -27.77498208765041], [-51.04405108284055, -27.77859322426701], [-51.04461308544012, -27.78034521023502], [-51.04607768973224, -27.78367321460719], [-51.04684191941698, -27.78089330112947], [-51.04849496409609, -27.77730220547728], [-51.04944754831539, -27.77699352908292], [-51.04770906758753, -27.77489606073621], [-51.04648856905655, -27.77459118421616], [-51.04614131881953, -27.77425237815772], [-51.04619079524368, -27.77403213493736], [-51.04818547801364, -27.77310585106451], [-51.04879445490562, -27.77377599800768], [-51.04923610679624, -27.77354314478837], [-51.04932296342866, -27.77309954677322], [-51.05134807280221, -27.77038731251395], [-51.05239600382747, -27.76942491043904], [-51.0508440249337, -27.76916907551586], [-51.04983668321325, -27.76954891854809], [-51.04900476375477, -27.76933288602817], [-51.0482970970827, -27.76967620768679], [-51.0460916093342, -27.76997310217758], [-51.04482869506344, -27.77050387504889], [-51.04270114478318, -27.77069117317662], [-51.04218526855776, -27.77094099963344], [-51.04133729108099, -27.77041824873553], [-51.04116660341173, -27.76992395119105], [-51.039945413822, -27.76988728039547], [-51.04069620579135, -27.76718173971959], [-51.04048954142839, -27.76634330490728], [-51.04107094545351, -27.76342415393191], [-51.04180653499446, -27.7617816413453], [-51.04013807077531, -27.76245863794398], [-51.03856151699127, -27.76258054491236], [-51.03637872804063, -27.76325243192149], [-51.03674119860868, -27.76376632906602], [-51.03718050147872, -27.76578410257438], [-51.03634282957834, -27.76591221476788], [-51.03642580827886, -27.76821257818533], [-51.03589914260947, -27.76831141916728], [-51.03555953255869, -27.7691384953211], [-51.03517540025329, -27.77256662472179], [-51.03995874361856, -27.77321180183136], [-51.04078976902895, -27.77350673486977], [-51.04126644650941, -27.77497832589919], [-51.04174961564183, -27.77586995975581]]]}}, {"type": "Feature", "properties": {"cod_imovel": "SC-4201000-AFEFA431ABB84FEB82DD06D433F24258", "municipio": "Anita Garibaldi", "num_area": 10.3937, "mod_fiscal": 0.5197, "des_condic": "Aguardando analise", "ind_status": "AT", "dat_atuali": "28/01/2016"}, "geometry": {"type": "Polygon", "coordinates": [[[-51.21759944711572, -27.75034735815468], [-51.21695994165608, -27.75055888486363], [-51.214227676391594, -27.754304162339302], [-51.21542930603027, -27.755177653937594], [-51.21946274455595, -27.75004265306527], [-51.21887885936912, -27.74964519064741], [-51.21790662854919, -27.74997059937106], [-51.21759944711572, -27.75034735815468]]]}}, {"type": "Feature", "properties": {"cod_imovel": "SC-4201000-B02E4B8AF3AA43DAA4DC9610130B7ADD", "municipio": "Anita Garibaldi", "num_area": 22.8046, "mod_fiscal": 1.1402, "des_condic": "Aguardando analise", "ind_status": "AT", "dat_atuali": "12/05/2015"}, "geometry": {"type": "Polygon", "coordinates": [[[-51.13629490477536, -27.75029937705489], [-51.13758792290512, -27.75181243047421], [-51.13798736895311, -27.75186325017282], [-51.14183316975751, -27.74909473671578], [-51.14559473010619, -27.74673723992382], [-51.1463534780243, -27.74645111782711], [-51.14501622028123, -27.744873106943], [-51.14332721636146, -27.74578577298895], [-51.13629490477536, -27.75029937705489]]]}}, {"type": "Feature", "properties": {"cod_imovel": "SC-4201000-BCA5A94E70474185B486A7DEC8B56607", "municipio": "Anita Garibaldi", "num_area": 18.5897, "mod_fiscal": 0.9295, "des_condic": "Aguardando analise", "ind_status": "AT", "dat_atuali": "30/03/2015"}, "geometry": {"type": "Polygon", "coordinates": [[[-51.01178226954486, -27.77188704153556], [-51.01310016499181, -27.77029345311087], [-51.01135219997391, -27.76908566518064], [-51.00999961579089, -27.76964979643834], [-51.00890256353626, -27.768214486519], [-51.00805399780758, -27.76878187644684], [-51.00743823414267, -27.76896682776488], [-51.00782014658715, -27.77128051054692], [-51.00728828114122, -27.77110216073748], [-51.00597075904376, -27.77111850749987], [-51.00547026358687, -27.77220511492473], [-51.00710594335389, -27.77263398253498], [-51.00942190626449, -27.77170283115733], [-51.01179718046019, -27.77242883251531], [-51.01178226954486, -27.77188704153556]]]}}, {"type": "Feature", "properties": {"cod_imovel": "SC-4201000-BD87201F30DD432CB56B0C9E6D9F82E7", "municipio": "Anita Garibaldi", "num_area": 39.1958, "mod_fiscal": 1.9598, "des_condic": "Aguardando analise", "ind_status": "AT", "dat_atuali": "29/09/2017"}, "geometry": {"type": "Polygon", "coordinates": [[[-51.11302123770437, -27.76152409760534], [-51.11551152543619, -27.75964035020051], [-51.11812119934004, -27.76230818680947], [-51.11997969475944, -27.76050455738703], [-51.11907996755487, -27.75973018323785], [-51.11784063170961, -27.75709651989975], [-51.1173764493502, -27.75727808439273], [-51.11621464815399, -27.75445226965966], [-51.11609559934872, -27.75491304039046], [-51.11485451512111, -27.75523311849009], [-51.11461466728098, -27.7555624914345], [-51.11456420643288, -27.75586541164235], [-51.11471527206734, -27.75614705318198], [-51.11456486431198, -27.75647946212113], [-51.11417008632289, -27.75653693008177], [-51.11341442806548, -27.75632656934251], [-51.11305773183709, -27.75658663585393], [-51.11184522002989, -27.75696232924799], [-51.1110437768602, -27.75803863572147], [-51.1099270099953, -27.75847439493231], [-51.11302123770437, -27.76152409760534]]]}}, {"type": "Feature", "properties": {"cod_imovel": "SC-4201000-C4BA2FEEF3DB48AEB44F40A492A5B89D", "municipio": "Anita Garibaldi", "num_area": 21.8515, "mod_fiscal": 1.0926, "des_condic": "Aguardando analise", "ind_status": "AT", "dat_atuali": "11/05/2015"}, "geometry": {"type": "Polygon", "coordinates": [[[-51.07888677146632, -27.80871552741261], [-51.08145021852403, -27.80898370506021], [-51.08159555741891, -27.80834471357714], [-51.0828203390577, -27.80213258850682], [-51.08214090525586, -27.80241624858723], [-51.08065524517028, -27.80218801618655], [-51.07973864303741, -27.80228955108701], [-51.07911658296139, -27.80490416880269], [-51.07875603365463, -27.80759556797054], [-51.07837443610911, -27.80895308003709], [-51.07888677146632, -27.80871552741261]]]}}, {"type": "Feature", "properties": {"cod_imovel": "SC-4201000-CB9B8EC7B2AF440BAD7B5D1F34FDC2EC", "municipio": "Anita Garibaldi", "num_area": 14.2727, "mod_fiscal": 0.7136, "des_condic": "Aguardando analise", "ind_status": "AT", "dat_atuali": "22/03/2017"}, "geometry": {"type": "Polygon", "coordinates": [[[-51.20053429798271, -27.76272272422206], [-51.20455938880705, -27.76196515359836], [-51.20383679183818, -27.76126655208104], [-51.20247899858286, -27.76116514232952], [-51.20240515184618, -27.76077995568604], [-51.19509494266165, -27.76291169097837], [-51.19513774802043, -27.76326344732618], [-51.19602325178652, -27.76391056299535], [-51.19614663674889, -27.76441143930854], [-51.19824940214062, -27.76394599917262], [-51.20053429798271, -27.76272272422206]]]}}, {"type": "Feature", "properties": {"cod_imovel": "SC-4201000-CC36BE1CFB5D4F878B084A466BEE10D9", "municipio": "Anita Garibaldi", "num_area": 35.7023, "mod_fiscal": 1.7851, "des_condic": "Aguardando analise", "ind_status": "AT", "dat_atuali": "05/05/2016"}, "geometry": {"type": "Polygon", "coordinates": [[[-51.12219411361811, -27.7502284473763], [-51.12460158688104, -27.75201716232035], [-51.12630135048671, -27.7506074784979], [-51.12906313926268, -27.75264769015694], [-51.12944301870417, -27.75210243881161], [-51.12991850839233, -27.75177992679953], [-51.13040269449573, -27.75210929919314], [-51.13112825343335, -27.75120655032151], [-51.13110397249487, -27.74840933337086], [-51.13013159010768, -27.74699793523535], [-51.1299541776334, -27.74644577616112], [-51.12957580809585, -27.74606232212289], [-51.12483521956728, -27.74841437164345], [-51.12310159711532, -27.74949189501815], [-51.12219411361811, -27.7502284473763]]]}}, {"type": "Feature", "properties": {"cod_imovel": "SC-4201000-CFBDB36063E948F3A92AF11DBAA37382", "municipio": "Anita Garibaldi", "num_area": 35.9437, "mod_fiscal": 1.7972, "des_condic": "Aguardando analise", "ind_status": "AT", "dat_atuali": "01/12/2014"}, "geometry": {"type": "Polygon", "coordinates": [[[-51.04661057411161, -27.80560922492766], [-51.04484365528089, -27.80603357551231], [-51.04533060835544, -27.80706340576732], [-51.04613197058822, -27.80761874649237], [-51.04652420158714, -27.80726556009864], [-51.04819263643537, -27.80910769803074], [-51.04679283113103, -27.80935163092586], [-51.04735552165496, -27.81027752499831], [-51.04840198468101, -27.81072541425586], [-51.0488415439424, -27.81204836684293], [-51.05001568514741, -27.81362839671326], [-51.05044578853219, -27.81479249313287], [-51.05131740127236, -27.81609324986267], [-51.05310581041707, -27.81480810815074], [-51.05109079620365, -27.81100518668461], [-51.05041831711801, -27.80871347148145], [-51.05305178112337, -27.80924640116775], [-51.05206922003264, -27.80724762608374], [-51.04973004500364, -27.80706713211834], [-51.04734476528778, -27.80577326780634], [-51.04661057411161, -27.80560922492766]]]}}, {"type": "Feature", "properties": {"cod_imovel": "SC-4201000-DF76D00999784BC891C71FA1AE0987A5", "municipio": "Anita Garibaldi", "num_area": 17.489, "mod_fiscal": 0.8744, "des_condic": "Aguardando analise", "ind_status": "AT", "dat_atuali": "11/04/2016"}, "geometry": {"type": "Polygon", "coordinates": [[[-51.08536184149465, -27.79262350449006], [-51.08438048035848, -27.79265537566799], [-51.08009876760184, -27.79725867998738], [-51.08522415161133, -27.79694515433903], [-51.08665532414925, -27.79356555214601], [-51.08536184149465, -27.79262350449006]]]}}, {"type": "Feature", "properties": {"cod_imovel": "SC-4201000-DFAEAA9C295042E69F43CB1F016774FD", "municipio": "Anita Garibaldi", "num_area": 1.2182, "mod_fiscal": 0.0609, "des_condic": "Aguardando analise", "ind_status": "AT", "dat_atuali": "18/05/2016"}, "geometry": {"type": "Polygon", "coordinates": [[[-51.01892701208314, -27.76113142671618], [-51.019906997680664, -27.760475420217922], [-51.019134521484375, -27.759639947318405], [-51.01851224899292, -27.760038696547607], [-51.01892701208314, -27.76113142671618]]]}}, {"type": "Feature", "properties": {"cod_imovel": "SC-4201000-E2EDBDEC4C4445119147C8F8C867269C", "municipio": "Anita Garibaldi", "num_area": 13.07, "mod_fiscal": 0.6535, "des_condic": "Aguardando analise", "ind_status": "AT", "dat_atuali": "13/04/2016"}, "geometry": {"type": "Polygon", "coordinates": [[[-51.2176703636712, -27.75744503206115], [-51.21643717249588, -27.7594419570651], [-51.21508201857876, -27.76174942631408], [-51.21713322534703, -27.76221812202208], [-51.21764009961733, -27.76212708470386], [-51.21846045774191, -27.76224567652656], [-51.2193792341767, -27.75973010525601], [-51.2194387351872, -27.75916772188518], [-51.2176703636712, -27.75744503206115]]]}}, {"type": "Feature", "properties": {"cod_imovel": "SC-4201000-E37D8C6A4C0C41C2ACD17464E6100E6B", "municipio": "Anita Garibaldi", "num_area": 26.0931, "mod_fiscal": 1.3047, "des_condic": "Aguardando analise", "ind_status": "AT", "dat_atuali": "29/08/2016"}, "geometry": {"type": "Polygon", "coordinates": [[[-51.08317348630647, -27.76462692996616], [-51.08369924136702, -27.76573935078404], [-51.08322707994989, -27.76592781305914], [-51.08502999324642, -27.76846565901818], [-51.08570848519877, -27.7711801766966], [-51.08817790690834, -27.76975427707293], [-51.08717759301672, -27.76806553858798], [-51.0879243836903, -27.7674670579371], [-51.08949400273778, -27.76541158585442], [-51.08604008106232, -27.76420243760864], [-51.0850191685734, -27.76403873554684], [-51.08425131773713, -27.76399888595601], [-51.08317348630647, -27.76462692996616]]]}}, {"type": "Feature", "properties": {"cod_imovel": "SC-4201000-E922F2AC8F3B4D25A22C34FE6A64B65A", "municipio": "Anita Garibaldi", "num_area": 38.8653, "mod_fiscal": 1.9433, "des_condic": "Aguardando analise", "ind_status": "AT", "dat_atuali": "13/07/2016"}, "geometry": {"type": "Polygon", "coordinates": [[[-51.01709216090122, -27.78829753036095], [-51.0162506763692, -27.79078364255448], [-51.0173149981035, -27.79106422247473], [-51.01781250291714, -27.79160686881392], [-51.01779530019647, -27.79251040719993], [-51.01865699870722, -27.79405868805363], [-51.0191945485694, -27.79423957797537], [-51.01966881377319, -27.79403551608172], [-51.02088960983538, -27.79288013610957], [-51.02163016479197, -27.79282437160375], [-51.02224351130051, -27.79252330486999], [-51.02271122394844, -27.79154952289149], [-51.02383048251045, -27.79070139241039], [-51.02535222749657, -27.79035514134896], [-51.02660675159296, -27.79042342627532], [-51.02440655981877, -27.78885455956836], [-51.02314685365735, -27.78825062149519], [-51.02211274965595, -27.78718286357983], [-51.02023152205594, -27.78731959214663], [-51.02010368298688, -27.78791036142019], [-51.01968427155006, -27.78858688934463], [-51.01909682631651, -27.78878815901697], [-51.01789420447789, -27.78818849721408], [-51.01709216090122, -27.78829753036095]]]}}, {"type": "Feature", "properties": {"cod_imovel": "SC-4201000-E94571E4C11346A4966B7F3BB4DB5613", "municipio": "Anita Garibaldi", "num_area": 62.277, "mod_fiscal": 3.1139, "des_condic": "Aguardando analise", "ind_status": "AT", "dat_atuali": "07/10/2014"}, "geometry": {"type": "Polygon", "coordinates": [[[-51.14638407020763, -27.78139900029249], [-51.14222070639285, -27.78497636548068], [-51.14260922407286, -27.78541215228072], [-51.14252616700325, -27.78687235507375], [-51.14294809514085, -27.78860918946124], [-51.14410400390625, -27.791136635025083], [-51.15410327911377, -27.78369520257352], [-51.152987480163574, -27.783049748206288], [-51.15187168121338, -27.782859907957434], [-51.15075588226318, -27.783011780183028], [-51.14951133728027, -27.782783971765102], [-51.14865303039551, -27.782062575293413], [-51.14783763885498, -27.782138511989466], [-51.14691924097699, -27.7812859050443], [-51.14638407020763, -27.78139900029249]]]}}, {"type": "Feature", "properties": {"cod_imovel": "SC-4201000-ECCC5B6C183A44B090E0BC0D7D2F51EE", "municipio": "Anita Garibaldi", "num_area": 55.9554, "mod_fiscal": 2.7978, "des_condic": "Aguardando analise", "ind_status": "AT", "dat_atuali": "11/05/2015"}, "geometry": {"type": "Polygon", "coordinates": [[[-51.05742770564967, -27.80162120403529], [-51.05649862608027, -27.8038661598777], [-51.06096991426595, -27.80502772004165], [-51.06160361791677, -27.80559831113451], [-51.06481111758733, -27.80767316685422], [-51.06578040413361, -27.80796028478563], [-51.065606977758, -27.81019860595221], [-51.06602389135659, -27.81014130697182], [-51.0663757653608, -27.80983620839731], [-51.06797430849048, -27.80908567372197], [-51.06849740984801, -27.80907178124724], [-51.06971207051466, -27.80966423260281], [-51.06976637869352, -27.80940132364179], [-51.06500481852237, -27.80360593918239], [-51.06414141597816, -27.80226076559913], [-51.06211197061354, -27.79970708102762], [-51.06121292652188, -27.79886966106384], [-51.06014398293625, -27.79986972674877], [-51.05962869732804, -27.80058093474893], [-51.05826407928254, -27.80089603055282], [-51.05775904753315, -27.80125542490272], [-51.05742770564967, -27.80162120403529]]]}}, {"type": "Feature", "properties": {"cod_imovel": "SC-4201000-EB894AE10CB24737A5E208191F2EFF59", "municipio": "Anita Garibaldi", "num_area": 21.8, "mod_fiscal": 1.09, "des_condic": "Aguardando analise", "ind_status": "AT", "dat_atuali": "14/09/2018"}, "geometry": {"type": "Polygon", "coordinates": [[[-51.03709205042872, -27.80203303081875], [-51.03157822305535, -27.80138489867882], [-51.03307112084972, -27.80671283052023], [-51.03392500058582, -27.80668636772541], [-51.03441957131562, -27.80635439828846], [-51.03569427220521, -27.80614761374152], [-51.03599973688834, -27.8062889251051], [-51.03709205042872, -27.80203303081875]]]}}, {"type": "Feature", "properties": {"cod_imovel": "SC-4201000-ECF3CDB5F45640CBBCAB42BD01D49659", "municipio": "Anita Garibaldi", "num_area": 18.7202, "mod_fiscal": 0.936, "des_condic": "Aguardando analise", "ind_status": "AT", "dat_atuali": "28/04/2016"}, "geometry": {"type": "Polygon", "coordinates": [[[-50.99763345908912, -27.79328406017823], [-51.00382841130107, -27.79312221801974], [-51.00416546796979, -27.79252518806734], [-51.00384304358489, -27.78905210236994], [-51.00288228454096, -27.78790947446998], [-51.00271096064223, -27.7880391654462], [-51.00300248276399, -27.78944386349376], [-51.00283137153662, -27.78983510882525], [-51.00215341522391, -27.79025510165265], [-51.00128522565861, -27.79033402823031], [-51.00118880729207, -27.79054735077728], [-51.00072857027461, -27.79026805947476], [-50.99943017280074, -27.79093676767643], [-50.99881065409442, -27.79184162048206], [-50.99747481145811, -27.79250225218287], [-50.99763345908912, -27.79328406017823]]]}}, {"type": "Feature", "properties": {"cod_imovel": "SC-4201000-F38E5EF5B55845F59B6825CB05AEBE2D", "municipio": "Anita Garibaldi", "num_area": 8.1574, "mod_fiscal": 0.4079, "des_condic": "Aguardando analise", "ind_status": "AT", "dat_atuali": "18/05/2015"}, "geometry": {"type": "Polygon", "coordinates": [[[-51.07954857389087, -27.79119826911569], [-51.07685252626589, -27.7905519290817], [-51.07551340456311, -27.7924197351398], [-51.07717637743562, -27.79398029609037], [-51.07954857389087, -27.79119826911569]]]}}, {"type": "Feature", "properties": {"cod_imovel": "SC-4201000-F4684034B4254FC08FBC42A74B69446F", "municipio": "Anita Garibaldi", "num_area": 11.365, "mod_fiscal": 0.5682, "des_condic": "Aguardando analise", "ind_status": "AT", "dat_atuali": "28/01/2016"}, "geometry": {"type": "Polygon", "coordinates": [[[-51.232337951660156, -27.75867155025217], [-51.23117923736572, -27.757114501614584], [-51.228690147399895, -27.759924768345456], [-51.2321662902832, -27.761557727849052], [-51.23353958129883, -27.7591652439506], [-51.232337951660156, -27.75867155025217]]]}}, {"type": "Feature", "properties": {"cod_imovel": "SC-4201000-FABCE3D1ED024187B5DC6EDC65C69667", "municipio": "Anita Garibaldi", "num_area": 22.2496, "mod_fiscal": 1.1125, "des_condic": "Aguardando analise", "ind_status": "AT", "dat_atuali": "02/06/2015"}, "geometry": {"type": "Polygon", "coordinates": [[[-51.20924313440875, -27.75660323395352], [-51.20605723009675, -27.75286978946232], [-51.20500153354968, -27.75337977943718], [-51.20417192415065, -27.75453339321231], [-51.20582103661556, -27.75545549032], [-51.20501274594347, -27.75658814385684], [-51.20565003196368, -27.75804277502408], [-51.20678121501793, -27.75768537480339], [-51.20950072043691, -27.75965381260152], [-51.21171653748484, -27.75862060858267], [-51.20924313440875, -27.75660323395352]]]}}, {"type": "Feature", "properties": {"cod_imovel": "SC-4201000-4C2DF57BE833418088ECF4E41B809790", "municipio": "Anita Garibaldi", "num_area": 12.7269, "mod_fiscal": 0.6363, "des_condic": "Aguardando analise", "ind_status": "AT", "dat_atuali": "25/04/2016"}, "geometry": {"type": "Polygon", "coordinates": [[[-51.07694902873901, -27.80939602054615], [-51.07625723362131, -27.81501984311046], [-51.07842267817675, -27.81473241947538], [-51.07883647367928, -27.81126997531652], [-51.07868235824999, -27.80905016348622], [-51.07694902873901, -27.80939602054615]]]}}, {"type": "Feature", "properties": {"cod_imovel": "SC-4201000-2F9A59A301B54DB990A23D2441B8BA72", "municipio": "Anita Garibaldi", "num_area": 30.8645, "mod_fiscal": 1.5432, "des_condic": "Aguardando analise", "ind_status": "AT", "dat_atuali": "14/03/2016"}, "geometry": {"type": "Polygon", "coordinates": [[[-51.15010664076054, -27.79448668580736], [-51.14778481689857, -27.79686690260911], [-51.14962880572159, -27.79835366226991], [-51.15222804675858, -27.79983112892728], [-51.15376050654516, -27.79900644782933], [-51.15645786446147, -27.79617382977573], [-51.15424155016586, -27.79536632716307], [-51.15273657815147, -27.79441148540881], [-51.15124209439764, -27.79386182994719], [-51.15010664076054, -27.79448668580736]]]}}, {"type": "Feature", "properties": {"cod_imovel": "SC-4201000-546C44CA2F7C4CB4BA57FA04584F896F", "municipio": "Anita Garibaldi", "num_area": 29.7763, "mod_fiscal": 1.4888, "des_condic": "Aguardando analise", "ind_status": "AT", "dat_atuali": "21/12/2022"}, "geometry": {"type": "Polygon", "coordinates": [[[-51.20418664184921, -27.75449886718311], [-51.20022215805457, -27.75008579520745], [-51.19974029461412, -27.74918515943852], [-51.19902059240491, -27.74840155923326], [-51.19871227867962, -27.74829323686273], [-51.19829400237158, -27.75053235427368], [-51.1970651870355, -27.75230025431274], [-51.19605302810669, -27.7534496529081], [-51.19637489318848, -27.753848424810535], [-51.19906031494138, -27.75484330267461], [-51.19983555923159, -27.7546372351168], [-51.20362690821227, -27.75582883989585], [-51.20407150858291, -27.755157223249], [-51.20418664184921, -27.75449886718311]]]}}, {"type": "Feature", "properties": {"cod_imovel": "SC-4201000-6C7CD2EEB88343D5AA6C1EA4F753F0DC", "municipio": "Anita Garibaldi", "num_area": 3.456, "mod_fiscal": 0.1728, "des_condic": "Aguardando analise", "ind_status": "AT", "dat_atuali": "28/04/2015"}, "geometry": {"type": "Polygon", "coordinates": [[[-51.01081500404519, -27.81006966111153], [-51.01083407154931, -27.81028946583106], [-51.01378012763292, -27.81026182198744], [-51.01358635359087, -27.80839739437594], [-51.0130772560172, -27.8082826702492], [-51.01307746478101, -27.80939408844792], [-51.01224450686394, -27.80896845696209], [-51.01081500404519, -27.81006966111153]]]}}, {"type": "Feature", "properties": {"cod_imovel": "SC-4201000-A958A5167E4247709656E49AA3A7722B", "municipio": "Anita Garibaldi", "num_area": 29.073, "mod_fiscal": 1.4536, "des_condic": "Aguardando analise", "ind_status": "AT", "dat_atuali": "01/05/2015"}, "geometry": {"type": "Polygon", "coordinates": [[[-51.04108548656699, -27.83356823424886], [-51.04002705726031, -27.83375836558246], [-51.04057015143654, -27.8365658602897], [-51.04020316958248, -27.83769058243856], [-51.04259914399821, -27.83898888219733], [-51.04396104812622, -27.84021454193777], [-51.045076847076416, -27.839303785165523], [-51.046321392059326, -27.838677635449493], [-51.04583964627318, -27.83810868710034], [-51.04649161837305, -27.83634971491559], [-51.04601356454129, -27.83547213166381], [-51.04251328619546, -27.8343649226911], [-51.04108548656699, -27.83356823424886]]]}}, {"type": "Feature", "properties": {"cod_imovel": "SC-4201000-1C211219516940CFBBA08720DD218355", "municipio": "Anita Garibaldi", "num_area": 15.2767, "mod_fiscal": 0.7638, "des_condic": "Aguardando analise", "ind_status": "AT", "dat_atuali": "12/05/2015"}, "geometry": {"type": "Polygon", "coordinates": [[[-51.03599020593782, -27.76169286034522], [-51.0364938778585, -27.76321448215482], [-51.03759065949161, -27.76321090549559], [-51.03845214534681, -27.7626447133076], [-51.04058616471334, -27.76242277448199], [-51.04124499890891, -27.76218566667599], [-51.04231730373228, -27.76140657455957], [-51.04256484499511, -27.76054860098121], [-51.0398608565057, -27.76035714678806], [-51.03575352145388, -27.76034087177338], [-51.03599020593782, -27.76169286034522]]]}}, {"type": "Feature", "properties": {"cod_imovel": "SC-4201000-B7B3890D018943ABA69A0D89F5BF2226", "municipio": "Anita Garibaldi", "num_area": 13.3156, "mod_fiscal": 0.6658, "des_condic": "Aguardando analise", "ind_status": "AT", "dat_atuali": "12/05/2015"}, "geometry": {"type": "Polygon", "coordinates": [[[-51.02023675461652, -27.78845695122854], [-51.02031923883354, -27.78953031200838], [-51.01948249102787, -27.7920691367949], [-51.01901043867659, -27.79410900077887], [-51.01978670731845, -27.79380538501052], [-51.02039243484987, -27.79313738605097], [-51.02239422596612, -27.79268764989904], [-51.02258907588339, -27.79171960690955], [-51.02312759103207, -27.79112414045039], [-51.02018378764851, -27.78731059478323], [-51.02016875735744, -27.7879619163806], [-51.01996372109799, -27.78833037154028], [-51.02023675461652, -27.78845695122854]]]}}, {"type": "Feature", "properties": {"cod_imovel": "SC-4201000-7C3E178DDBC24A7F95817DA224676A82", "municipio": "Anita Garibaldi", "num_area": 15.7622, "mod_fiscal": 0.7881, "des_condic": "Aguardando analise", "ind_status": "AT", "dat_atuali": "07/05/2015"}, "geometry": {"type": "Polygon", "coordinates": [[[-51.01380536805145, -27.81038270253634], [-51.00973326525903, -27.81024818154419], [-51.00819177678968, -27.81292939364051], [-51.01046358670258, -27.81327035967712], [-51.01415932721152, -27.81312379078994], [-51.01380536805145, -27.81038270253634]]]}}, {"type": "Feature", "properties": {"cod_imovel": "SC-4201000-DEC706E488954399AA3029E3839CA8CC", "municipio": "Anita Garibaldi", "num_area": 19.3079, "mod_fiscal": 0.9654, "des_condic": "Aguardando analise", "ind_status": "AT", "dat_atuali": "11/05/2015"}, "geometry": {"type": "Polygon", "coordinates": [[[-51.10985367692349, -27.79518275909388], [-51.1110479187184, -27.79870879666398], [-51.11147636985153, -27.79457507572172], [-51.11195384252612, -27.79399051708258], [-51.11524768513004, -27.79171492688723], [-51.11312756521987, -27.79036599930681], [-51.11151291805909, -27.79147836769915], [-51.10870527769067, -27.79265592745269], [-51.10985367692349, -27.79518275909388]]]}}, {"type": "Feature", "properties": {"cod_imovel": "SC-4201000-77A29F3D1AFF4C0C9CF12ED7808CDD05", "municipio": "Anita Garibaldi", "num_area": 48.7097, "mod_fiscal": 2.4355, "des_condic": "Aguardando analise", "ind_status": "AT", "dat_atuali": "12/05/2015"}, "geometry": {"type": "Polygon", "coordinates": [[[-51.05383064070229, -27.75645254733946], [-51.05393454681414, -27.75674183412911], [-51.05723966780955, -27.75698475800292], [-51.05875739769105, -27.75668371195201], [-51.06087047746842, -27.75582504688628], [-51.06311677953526, -27.7566068860831], [-51.0639606827586, -27.75420466461297], [-51.0654878115794, -27.75386866489648], [-51.06623861145513, -27.75311572580478], [-51.06780917440844, -27.75222364333687], [-51.06850870633418, -27.75063993833647], [-51.06653093869561, -27.75046493015897], [-51.06521815701728, -27.75014490969597], [-51.06446503892291, -27.75111266959327], [-51.06411972818466, -27.75084227812921], [-51.063421507746, -27.75112109819823], [-51.06310920092639, -27.75142048976229], [-51.06203887829748, -27.75176456926369], [-51.06155341712663, -27.75218452007863], [-51.05928478455139, -27.75298135158504], [-51.05830018071268, -27.75356508660838], [-51.05680414230775, -27.75397950541733], [-51.05580450530808, -27.75405981650239], [-51.05543289616568, -27.75430687709752], [-51.05498112154704, -27.75414393624649], [-51.05466542624337, -27.75531893312408], [-51.05480339105812, -27.75550845061557], [-51.05460916572237, -27.7557467000401], [-51.05419314281136, -27.7558703966413], [-51.05383064070229, -27.75645254733946]]]}}, {"type": "Feature", "properties": {"cod_imovel": "SC-4201000-050EF4E26EE948509A41BA3B3EBA8A47", "municipio": "Anita Garibaldi", "num_area": 15.2584, "mod_fiscal": 0.7629, "des_condic": "Aguardando analise", "ind_status": "AT", "dat_atuali": "12/05/2015"}, "geometry": {"type": "Polygon", "coordinates": [[[-51.00886563551056, -27.76822837287264], [-51.00962498365147, -27.76738602709336], [-51.00506677888625, -27.76457036926044], [-51.00429499733372, -27.76830980606405], [-51.00607553595587, -27.7691264307663], [-51.0080620526882, -27.76880190089054], [-51.00886563551056, -27.76822837287264]]]}}, {"type": "Feature", "properties": {"cod_imovel": "SC-4201000-3B5C85BAC96443C0A563643ED4D28721", "municipio": "Anita Garibaldi", "num_area": 40.0567, "mod_fiscal": 2.0028, "des_condic": "Aguardando analise", "ind_status": "AT", "dat_atuali": "12/05/2015"}, "geometry": {"type": "Polygon", "coordinates": [[[-51.06419658608417, -27.79516146333386], [-51.06264028060528, -27.79667755330989], [-51.06264502575488, -27.79708636722186], [-51.06123313725924, -27.79884703695466], [-51.06251435102336, -27.80004179560694], [-51.06393006937692, -27.80173498285558], [-51.06450349995193, -27.80283307275316], [-51.0666860794047, -27.80545817302929], [-51.06740261862273, -27.80421520484341], [-51.06819537585612, -27.80205351024278], [-51.06795171231174, -27.7992468901951], [-51.06419658608417, -27.79516146333386]]]}}, {"type": "Feature", "properties": {"cod_imovel": "SC-4201000-17EAAA1E08C44224BEC732282BCB53B5", "municipio": "Anita Garibaldi", "num_area": 41.3302, "mod_fiscal": 2.0665, "des_condic": "Aguardando analise", "ind_status": "AT", "dat_atuali": "14/05/2015"}, "geometry": {"type": "Polygon", "coordinates": [[[-51.08606527325834, -27.77163850596434], [-51.08994671435411, -27.77671061147951], [-51.09044059394702, -27.77759455554795], [-51.09080004218519, -27.77664435085954], [-51.09183705537497, -27.77678678263452], [-51.09224359768124, -27.77547943150042], [-51.09378370382572, -27.77342737217117], [-51.09381081055351, -27.77316006001093], [-51.09316079539023, -27.77277687594631], [-51.09219196100082, -27.77184667757618], [-51.09224993966421, -27.77019533377422], [-51.09197038638524, -27.76923306314147], [-51.09137049075942, -27.76849391353433], [-51.09066328486203, -27.76826188327449], [-51.09025506288651, -27.76830366715871], [-51.08914267771066, -27.76882581643172], [-51.08785460816948, -27.77016494430743], [-51.08606527325834, -27.77163850596434]]]}}, {"type": "Feature", "properties": {"cod_imovel": "SC-4201000-BB182DB7484449D28C8966DDEC7CEAC6", "municipio": "Anita Garibaldi", "num_area": 24.24, "mod_fiscal": 1.212, "des_condic": "Aguardando analise", "ind_status": "AT", "dat_atuali": "12/05/2015"}, "geometry": {"type": "Polygon", "coordinates": [[[-51.15039616450793, -27.75777306532907], [-51.15247751436616, -27.75662500893931], [-51.15273613381925, -27.75623988353128], [-51.15219418351207, -27.75603461247291], [-51.152208626129, -27.75561690595812], [-51.1510385538115, -27.75584292118796], [-51.15096895332756, -27.75550754221408], [-51.15121905088588, -27.75502427300938], [-51.15104363040576, -27.75459993469856], [-51.15120848478049, -27.75424255320133], [-51.15107973881665, -27.75369336174012], [-51.14472827982781, -27.75530120768581], [-51.14280732254721, -27.75629752080439], [-51.14294765189474, -27.75762812938491], [-51.14452017226122, -27.75922969290738], [-51.14577058374982, -27.75762880045274], [-51.15002368331963, -27.75537187549729], [-51.15039616450793, -27.75777306532907]]]}}, {"type": "Feature", "properties": {"cod_imovel": "SC-4201000-CBCFA918D31D41B4B3D8763A23AF3F09", "municipio": "Anita Garibaldi", "num_area": 5.0977, "mod_fiscal": 0.2549, "des_condic": "Aguardando analise", "ind_status": "AT", "dat_atuali": "07/10/2014"}, "geometry": {"type": "Polygon", "coordinates": [[[-51.15678548812866, -27.784530490773633], [-51.14745140075683, -27.796015052837518], [-51.14755868911743, -27.7961479249679], [-51.14768743515015, -27.796242833533018], [-51.157236099243164, -27.784454555747843], [-51.15678548812866, -27.784530490773633]]]}}, {"type": "Feature", "properties": {"cod_imovel": "SC-4201000-912ED0C03F59459FB748659F2238A331", "municipio": "Anita Garibaldi", "num_area": 5.6124, "mod_fiscal": 0.2806, "des_condic": "Aguardando analise", "ind_status": "AT", "dat_atuali": "22/04/2015"}, "geometry": {"type": "Polygon", "coordinates": [[[-51.09291566759671, -27.79634848268668], [-51.09386455685898, -27.79650320611507], [-51.09545026244032, -27.79626883012531], [-51.09660286054434, -27.79538330692039], [-51.09650636685955, -27.7950430471946], [-51.09575652297352, -27.79475994960856], [-51.0931684571759, -27.79468029867954], [-51.09291566759671, -27.79634848268668]]]}}, {"type": "Feature", "properties": {"cod_imovel": "SC-4201000-B0CFD32D61ED43A0B93FF101D2C80B3C", "municipio": "Anita Garibaldi", "num_area": 73.0206, "mod_fiscal": 3.651, "des_condic": "Aguardando analise", "ind_status": "AT", "dat_atuali": "18/04/2016"}, "geometry": {"type": "Polygon", "coordinates": [[[-51.24359351975418, -27.75960195733578], [-51.23367734658161, -27.75142996554113], [-51.23357757199717, -27.75203876102196], [-51.22924985033238, -27.75608713272544], [-51.23093102259099, -27.75729237225034], [-51.23211943172877, -27.75897320886078], [-51.23569763127532, -27.75990759007307], [-51.23650755640281, -27.75967486701073], [-51.23904113934702, -27.7602797819118], [-51.24065281366848, -27.76093150525469], [-51.24206674604709, -27.76190721628225], [-51.24174012793967, -27.76305042260261], [-51.24283139243612, -27.76297722073492], [-51.24306241321948, -27.76230368319408], [-51.2430391628481, -27.76137287180035], [-51.24324543947187, -27.76031732164261], [-51.24359351975418, -27.75960195733578]]]}}, {"type": "Feature", "properties": {"cod_imovel": "SC-4201000-84A370B7AAAC4EF9B1EC325DEF85188B", "municipio": "Anita Garibaldi", "num_area": 7.9424, "mod_fiscal": 0.3971, "des_condic": "Aguardando analise", "ind_status": "AT", "dat_atuali": "28/04/2016"}, "geometry": {"type": "Polygon", "coordinates": [[[-51.014564037323, -27.76799438774008], [-51.01409196853638, -27.769456348878123], [-51.01876974105835, -27.77057653957566], [-51.01927544467908, -27.7692691276472], [-51.014564037323, -27.76799438774008]]]}}, {"type": "Feature", "properties": {"cod_imovel": "SC-4201000-FC405C7CEDDC4C2497E67AAAF2570393", "municipio": "Anita Garibaldi", "num_area": 12.3041, "mod_fiscal": 0.6152, "des_condic": "Aguardando analise", "ind_status": "AT", "dat_atuali": "18/06/2015"}, "geometry": {"type": "Polygon", "coordinates": [[[-51.03977677559099, -27.83898913910845], [-51.03944017282171, -27.83748238091046], [-51.03766403212119, -27.83774957883916], [-51.03405480621753, -27.8377754094607], [-51.03313963681141, -27.83787921932943], [-51.03303607047966, -27.8397421283939], [-51.03977677559099, -27.83898913910845]]]}}, {"type": "Feature", "properties": {"cod_imovel": "SC-4201000-DB350B7C2FCA4F05B2F2E87E58C36775", "municipio": "Anita Garibaldi", "num_area": 48.3961, "mod_fiscal": 2.4198, "des_condic": "Aguardando analise", "ind_status": "AT", "dat_atuali": "28/04/2015"}, "geometry": {"type": "Polygon", "coordinates": [[[-51.08059947836351, -27.74717929368103], [-51.0808069499073, -27.74629519947361], [-51.0803049327649, -27.7451186503899], [-51.08013128099259, -27.74544840520217], [-51.07916465245835, -27.74603017492256], [-51.07911331526601, -27.74643286278946], [-51.07831829489632, -27.74710200900685], [-51.07626837862919, -27.7478408564525], [-51.07611287747864, -27.74808961635168], [-51.07534844727017, -27.74840342005578], [-51.07468683930802, -27.74820022772716], [-51.07408021296448, -27.74832035114641], [-51.07294749054725, -27.7495022546171], [-51.07123913211181, -27.75070146860553], [-51.07036437028497, -27.75166210049425], [-51.06841407802714, -27.75235728370989], [-51.06980690683128, -27.7547205522274], [-51.06988961953839, -27.75558742186096], [-51.07393992197515, -27.7532927304965], [-51.07694905824465, -27.75100265988568], [-51.08012675040462, -27.74899916632962], [-51.08141006984667, -27.74856230817762], [-51.08059947836351, -27.74717929368103]]]}}, {"type": "Feature", "properties": {"cod_imovel": "SC-4201000-50D50FF74886469C9EB1BEAE00BE953B", "municipio": "Anita Garibaldi", "num_area": 53.0991, "mod_fiscal": 2.655, "des_condic": "Aguardando analise", "ind_status": "AT", "dat_atuali": "25/06/2015"}, "geometry": {"type": "Polygon", "coordinates": [[[-51.05467937592109, -27.82662746499434], [-51.05545726173154, -27.82747145826796], [-51.05582619866957, -27.82852014148551], [-51.05616820871702, -27.82877236061053], [-51.05667282706452, -27.82871501067408], [-51.05679761706728, -27.82955802734488], [-51.05740897656599, -27.82991466495765], [-51.05764954065465, -27.83027719012915], [-51.057623942061, -27.83107877479316], [-51.05776087031281, -27.83096658780077], [-51.05889965359542, -27.83178093001347], [-51.05884238136223, -27.83222093216802], [-51.05930725494535, -27.83245852858179], [-51.06003542341207, -27.83357209564237], [-51.06057717146634, -27.83490997812969], [-51.06460115408155, -27.83092325128809], [-51.05900917279038, -27.8243221095587], [-51.05603699874797, -27.8254302569809], [-51.05467937592109, -27.82662746499434]]]}}, {"type": "Feature", "properties": {"cod_imovel": "SC-4201000-BB18D9C5549C4A55BB8D3A97140B1F53", "municipio": "Anita Garibaldi", "num_area": 10.5921, "mod_fiscal": 0.5296, "des_condic": "Aguardando analise", "ind_status": "AT", "dat_atuali": "19/04/2016"}, "geometry": {"type": "Polygon", "coordinates": [[[-51.04472708639894, -27.85361562441981], [-51.04454904947909, -27.85146766030474], [-51.04365222467289, -27.85275113145782], [-51.04263280878329, -27.85380682616402], [-51.04042748680032, -27.85541020660062], [-51.03851955999739, -27.85736029916326], [-51.03915147376817, -27.85852918857638], [-51.04266796847285, -27.85523486117015], [-51.04398092838652, -27.85365420768246], [-51.04472708639894, -27.85361562441981]]]}}, {"type": "Feature", "properties": {"cod_imovel": "SC-4201000-EDDF6AA267A644F284DBCFC07886CEA8", "municipio": "Anita Garibaldi", "num_area": 2.6558, "mod_fiscal": 0.1328, "des_condic": "Aguardando analise", "ind_status": "AT", "dat_atuali": "20/04/2016"}, "geometry": {"type": "Polygon", "coordinates": [[[-51.01758572660245, -27.75474247852562], [-51.01737652908079, -27.75417225290556], [-51.01494139214675, -27.75356866604918], [-51.01498270397115, -27.75485260009508], [-51.01758572660245, -27.75474247852562]]]}}, {"type": "Feature", "properties": {"cod_imovel": "SC-4201000-6716848D6955463798AA9BD8F7D4EDC0", "municipio": "Anita Garibaldi", "num_area": 58.8714, "mod_fiscal": 2.9436, "des_condic": "Aguardando analise", "ind_status": "AT", "dat_atuali": "27/08/2019"}, "geometry": {"type": "Polygon", "coordinates": [[[-51.08078476486453, -27.76387475018487], [-51.08079024979084, -27.76319428581266], [-51.08048914077064, -27.76280047645719], [-51.08054302124789, -27.76237169504827], [-51.08019884188933, -27.76146846571922], [-51.08034378724206, -27.76085217168302], [-51.08080389618195, -27.76003396245701], [-51.08106681902243, -27.75767478060083], [-51.08200236418047, -27.75595046420786], [-51.0794939384491, -27.75658543863834], [-51.07915038880283, -27.7568312134983], [-51.07669508333369, -27.76103082991796], [-51.07541538389979, -27.75835537484629], [-51.07452677546997, -27.75974730407966], [-51.07359928492505, -27.75916252695535], [-51.07274143245866, -27.75891687088032], [-51.07169131178736, -27.75920868232621], [-51.07115859848591, -27.76231559779088], [-51.0725271190217, -27.76221395714396], [-51.07357105209022, -27.7623524086463], [-51.07341240313282, -27.76296881026621], [-51.07265918996057, -27.76388350330124], [-51.07268337323687, -27.76410022505388], [-51.07476031518613, -27.76541735605301], [-51.07681020623488, -27.76520858657416], [-51.07887716495031, -27.76478933796849], [-51.08078476486453, -27.76387475018487]]]}}, {"type": "Feature", "properties": {"cod_imovel": "SC-4201000-3D3E5FDD35194B1EA18FF168AAFA71C2", "municipio": "Anita Garibaldi", "num_area": 15.0014, "mod_fiscal": 0.7501, "des_condic": "Aguardando analise", "ind_status": "AT", "dat_atuali": "06/04/2015"}, "geometry": {"type": "Polygon", "coordinates": [[[-51.07255866967801, -27.7777744737899], [-51.069345474243164, -27.773063701419215], [-51.06843136121855, -27.77392869019757], [-51.06819853341665, -27.77442557818322], [-51.06874734565427, -27.77496395703531], [-51.06893733516757, -27.77579614686737], [-51.06875271494597, -27.77613308666801], [-51.06756448745727, -27.776519053274306], [-51.06995640659821, -27.77896260915382], [-51.07255866967801, -27.7777744737899]]]}}, {"type": "Feature", "properties": {"cod_imovel": "SC-4201000-41A45039985642FEB02F0CFF1C852130", "municipio": "Anita Garibaldi", "num_area": 0.0838, "mod_fiscal": 0.0042, "des_condic": "Aguardando analise", "ind_status": "AT", "dat_atuali": "18/04/2016"}, "geometry": {"type": "Polygon", "coordinates": [[[-51.08109817951025, -27.75148621386441], [-51.08089847302996, -27.75175759076735], [-51.08103847572356, -27.75196624062697], [-51.08122596003334, -27.75169637202667], [-51.08109817951025, -27.75148621386441]]]}}, {"type": "Feature", "properties": {"cod_imovel": "SC-4201000-C96B3ADE99784BAFB925D33DF26F6B9F", "municipio": "Anita Garibaldi", "num_area": 7.9092, "mod_fiscal": 0.3955, "des_condic": "Aguardando analise", "ind_status": "AT", "dat_atuali": "09/07/2020"}, "geometry": {"type": "Polygon", "coordinates": [[[-51.09420571622356, -27.79429048313703], [-51.09158741507052, -27.79437901783791], [-51.09139457180356, -27.7956555709353], [-51.09103432267801, -27.79567616657181], [-51.09096110893074, -27.79701670706724], [-51.09370498227469, -27.79701442228909], [-51.09420571622356, -27.79429048313703]]]}}, {"type": "Feature", "properties": {"cod_imovel": "SC-4201000-B58665CD6882490EAC6CA9B9F73A939D", "municipio": "Anita Garibaldi", "num_area": 26.424, "mod_fiscal": 1.3212, "des_condic": "Aguardando analise", "ind_status": "AT", "dat_atuali": "19/04/2016"}, "geometry": {"type": "Polygon", "coordinates": [[[-51.13125298565922, -27.74939446601027], [-51.13191584953857, -27.750610602615], [-51.13311200697149, -27.74998950469482], [-51.13363641272693, -27.74785948261019], [-51.13410849338209, -27.74741631484006], [-51.13460725164073, -27.74749873376297], [-51.13517257742983, -27.74733960596073], [-51.13529711758935, -27.74685973245274], [-51.13569992484975, -27.74652408001911], [-51.13767612464305, -27.74639735562794], [-51.13849491937806, -27.74568971009507], [-51.13865069557854, -27.74537567996919], [-51.13858508859389, -27.74510131538737], [-51.13819643438722, -27.74450614512151], [-51.13707427499979, -27.74483763281973], [-51.13688983938575, -27.74278236610225], [-51.13666177402225, -27.74240691858796], [-51.13235858187591, -27.74511067120398], [-51.13317418492731, -27.74615458215289], [-51.13074482945023, -27.74761643998501], [-51.13121238659502, -27.74835017874382], [-51.13125298565922, -27.74939446601027]]]}}, {"type": "Feature", "properties": {"cod_imovel": "SC-4201000-2A03EC1F926240B8A8385E60B7BD5DC7", "municipio": "Anita Garibaldi", "num_area": 47.7894, "mod_fiscal": 2.3895, "des_condic": "Aguardando analise", "ind_status": "AT", "dat_atuali": "04/05/2016"}, "geometry": {"type": "Polygon", "coordinates": [[[-51.02704954266295, -27.82410877672026], [-51.03369788582562, -27.8230608605673], [-51.03313298422906, -27.82145424417789], [-51.03276181880507, -27.82099401130638], [-51.03181625018184, -27.82036601990263], [-51.03160131909086, -27.82093702017393], [-51.03061150578382, -27.82221591219035], [-51.02989638574145, -27.8223845636995], [-51.02913712659569, -27.82172313634908], [-51.0279722930806, -27.82134555025472], [-51.02674985278927, -27.82155754538253], [-51.02587314538227, -27.82134973877238], [-51.02534876031886, -27.8214424299825], [-51.02498149819928, -27.82072395060167], [-51.02332498428154, -27.82093007536592], [-51.02249839254954, -27.82158301736944], [-51.02056016987146, -27.82271473107634], [-51.01993691144828, -27.82375242177746], [-51.01955027508962, -27.82482528968893], [-51.01909457414049, -27.8251480194244], [-51.01847001445863, -27.82612773490658], [-51.01805862698092, -27.82762435780994], [-51.02109331945123, -27.82650653807235], [-51.0238890423329, -27.82509616372717], [-51.02704954266295, -27.82410877672026]]]}}, {"type": "Feature", "properties": {"cod_imovel": "SC-4201000-F2D5B29E186E4CD5A2FA2DCCE8F5082C", "municipio": "Anita Garibaldi", "num_area": 30.6187, "mod_fiscal": 1.5309, "des_condic": "Aguardando analise", "ind_status": "AT", "dat_atuali": "09/07/2015"}, "geometry": {"type": "Polygon", "coordinates": [[[-51.00844007122697, -27.8027615467461], [-51.00982681262192, -27.80376123129531], [-51.01355892457472, -27.80699797713062], [-51.01622800535029, -27.80887403016321], [-51.01704196196816, -27.8098416978781], [-51.01808154214407, -27.81024501758466], [-51.01879355494959, -27.81012127084549], [-51.01879028388009, -27.80505868595075], [-51.01633394753642, -27.80494000917985], [-51.00844007122697, -27.8027615467461]]]}}, {"type": "Feature", "properties": {"cod_imovel": "SC-4201000-EF579756E0BF4874902357146642B8A0", "municipio": "Anita Garibaldi", "num_area": 24.9525, "mod_fiscal": 1.2476, "des_condic": "Aguardando analise", "ind_status": "AT", "dat_atuali": "02/07/2015"}, "geometry": {"type": "Polygon", "coordinates": [[[-51.18676612000623, -27.75437879601966], [-51.18292871483641, -27.75558788710463], [-51.18370701620801, -27.7570613432204], [-51.18516821284353, -27.7576119176902], [-51.18554810504568, -27.75807366831982], [-51.18580428857079, -27.75849061850154], [-51.18519519033133, -27.75966876829543], [-51.18553552550705, -27.76008724854003], [-51.1862472370496, -27.76050198656973], [-51.18673131663745, -27.76118192430043], [-51.18886573855472, -27.759722317477], [-51.18993651563103, -27.75934980195358], [-51.18676612000623, -27.75437879601966]]]}}, {"type": "Feature", "properties": {"cod_imovel": "SC-4201000-8635074C5F0B481EBEE214A35A4112DE", "municipio": "Anita Garibaldi", "num_area": 44.5479, "mod_fiscal": 2.2274, "des_condic": "Aguardando analise", "ind_status": "AT", "dat_atuali": "03/10/2019"}, "geometry": {"type": "Polygon", "coordinates": [[[-51.05972105938353, -27.80044824813153], [-51.0600571838869, -27.7998971923172], [-51.05889447195864, -27.79894162235427], [-51.05785963423865, -27.79534087070053], [-51.0557141846033, -27.79130058643485], [-51.05337483517353, -27.79189043759468], [-51.05298748443418, -27.79372086599], [-51.05181198364048, -27.79505364094661], [-51.05588054309278, -27.79866886613366], [-51.05426369725844, -27.80086723365407], [-51.05724014165485, -27.80179603172536], [-51.05803594052127, -27.80094542351954], [-51.05932542868229, -27.80067128626371], [-51.05972105938353, -27.80044824813153]]]}}, {"type": "Feature", "properties": {"cod_imovel": "SC-4201000-4B54CA28E5F7490690F2B3DDE50D848A", "municipio": "Anita Garibaldi", "num_area": 5.0664, "mod_fiscal": 0.2533, "des_condic": "Aguardando analise", "ind_status": "AT", "dat_atuali": "10/10/2014"}, "geometry": {"type": "Polygon", "coordinates": [[[-51.15137310416478, -27.79920882712306], [-51.15140850865294, -27.8007295290225], [-51.15211549351013, -27.80086824070227], [-51.15436077117919, -27.800399747371067], [-51.15260124206543, -27.798311819655762], [-51.15137310416478, -27.79920882712306]]]}}, {"type": "Feature", "properties": {"cod_imovel": "SC-4201000-728D99D1D2514CDA9183B65E1F07E1B7", "municipio": "Anita Garibaldi", "num_area": 0.9297, "mod_fiscal": 0.0465, "des_condic": "Aguardando analise", "ind_status": "AT", "dat_atuali": "09/10/2014"}, "geometry": {"type": "Polygon", "coordinates": [[[-51.14966154098511, -27.799564581098746], [-51.15114212036133, -27.800551595094635], [-51.15109920501709, -27.799336807365076], [-51.14966154098511, -27.799564581098746]]]}}, {"type": "Feature", "properties": {"cod_imovel": "SC-4201000-EC2A7E72263148619612B5ECCC535163", "municipio": "Anita Garibaldi", "num_area": 156.9865, "mod_fiscal": 7.8493, "des_condic": "Aguardando analise", "ind_status": "AT", "dat_atuali": "02/01/2016"}, "geometry": {"type": "Polygon", "coordinates": [[[-51.15189313888549, -27.780790627752538], [-51.154961585998535, -27.78162593826216], [-51.15983247756958, -27.781948670149927], [-51.16008996963501, -27.78139812694125], [-51.160197257995605, -27.78063875242515], [-51.16006851196289, -27.77976546517695], [-51.16056203842163, -27.779385772881962], [-51.1618709564209, -27.780145156146435], [-51.162171363830566, -27.78061976799431], [-51.162707805633545, -27.782556162869966], [-51.16440296173095, -27.782062575293413], [-51.16657018661499, -27.7831826361833], [-51.16710662841797, -27.78377113812956], [-51.1688232421875, -27.784872197733513], [-51.16989612579346, -27.784986099814848], [-51.1707329750061, -27.78538475615999], [-51.17180585861205, -27.78559357556701], [-51.172685623168945, -27.785631542688837], [-51.17307186126709, -27.785441706947132], [-51.172964572906494, -27.784492523267367], [-51.17309331893921, -27.783733170358172], [-51.17365121841431, -27.783410443766105], [-51.175217628479004, -27.783467395587234], [-51.17654800415039, -27.783201620166764], [-51.174209117889404, -27.781132346463725], [-51.172728538513184, -27.779290849601107], [-51.17238521575928, -27.77881623195423], [-51.17236375808716, -27.778189733489196], [-51.17208480834961, -27.777639171253103], [-51.17202043533325, -27.777031651068924], [-51.17156982421875, -27.776746874814567], [-51.17058277130127, -27.77650006812442], [-51.170711517333984, -27.775322982359928], [-51.17047548294067, -27.774734434701426], [-51.169488430023186, -27.77369022940683], [-51.16815805435181, -27.773975013662973], [-51.16727828979492, -27.772987758387675], [-51.166419982910156, -27.77249412739044], [-51.166419982910156, -27.770937276497925], [-51.16530418395996, -27.770253773947232], [-51.16500377655029, -27.76915256636221], [-51.164059638977044, -27.76869689099817], [-51.15966081619263, -27.772361226354683], [-51.160712242126465, -27.77317761586716], [-51.16341590881347, -27.774848347399963], [-51.16380214691162, -27.776063408762365], [-51.16453170776367, -27.776405142325242], [-51.16279363632202, -27.78035398561466], [-51.1588454246521, -27.77832262740453], [-51.157686710357666, -27.779860388043584], [-51.15363121032715, -27.777696126096412], [-51.15189313888549, -27.780790627752538]]]}}, {"type": "Feature", "properties": {"cod_imovel": "SC-4201000-C0F7257E24AA4A3DA4D0DC096DC234FB", "municipio": "Anita Garibaldi", "num_area": 23.1306, "mod_fiscal": 1.1565, "des_condic": "Aguardando analise", "ind_status": "AT", "dat_atuali": "12/05/2015"}, "geometry": {"type": "Polygon", "coordinates": [[[-51.06461342010436, -27.82130245296668], [-51.0665435545457, -27.82394944286036], [-51.07136973957172, -27.82084202456397], [-51.07244879784366, -27.81890552557044], [-51.07118269785415, -27.81751722322762], [-51.06855587576013, -27.81942682162926], [-51.06461342010436, -27.82130245296668]]]}}, {"type": "Feature", "properties": {"cod_imovel": "SC-4201000-C628E690FDB64F339883CCBC6A3EC094", "municipio": "Anita Garibaldi", "num_area": 12.3416, "mod_fiscal": 0.6171, "des_condic": "Aguardando analise", "ind_status": "AT", "dat_atuali": "14/05/2015"}, "geometry": {"type": "Polygon", "coordinates": [[[-51.07744012346664, -27.80929276245363], [-51.07678545905122, -27.80944273855563], [-51.07558036477689, -27.81018251358663], [-51.07679039552521, -27.81263510838709], [-51.07725640667471, -27.81518075773063], [-51.07816152080414, -27.81576375746001], [-51.07924219574979, -27.81430455824355], [-51.07744012346664, -27.80929276245363]]]}}, {"type": "Feature", "properties": {"cod_imovel": "SC-4201000-37A5785A75774D28A0EF525894E39413", "municipio": "Anita Garibaldi", "num_area": 9.262, "mod_fiscal": 0.4631, "des_condic": "Aguardando analise", "ind_status": "AT", "dat_atuali": "11/08/2017"}, "geometry": {"type": "Polygon", "coordinates": [[[-51.11544902972562, -27.81443274245786], [-51.11682170251231, -27.8143905165715], [-51.117650003103, -27.81535516529316], [-51.11847901083132, -27.81411192202619], [-51.11861829356549, -27.81360465012699], [-51.11989117431148, -27.81297854246884], [-51.11908948945065, -27.81210619380759], [-51.1147349107672, -27.81300801021047], [-51.11544902972562, -27.81443274245786]]]}}, {"type": "Feature", "properties": {"cod_imovel": "SC-4201000-B959F1F64A444DCE95123617121AD924", "municipio": "Anita Garibaldi", "num_area": 9.372, "mod_fiscal": 0.4686, "des_condic": "Aguardando analise", "ind_status": "AT", "dat_atuali": "13/08/2015"}, "geometry": {"type": "Polygon", "coordinates": [[[-51.13923602942813, -27.78337037776882], [-51.13954464149703, -27.77976886802818], [-51.1380897882112, -27.78034253026712], [-51.13765360403463, -27.78231802779384], [-51.13751536759148, -27.78569498441962], [-51.13873636235705, -27.78589411295479], [-51.13923602942813, -27.78337037776882]]]}}, {"type": "Feature", "properties": {"cod_imovel": "SC-4201000-E1054FDE39FE40C28A20DED3B6067BB0", "municipio": "Anita Garibaldi", "num_area": 41.8572, "mod_fiscal": 2.0929, "des_condic": "Aguardando analise", "ind_status": "AT", "dat_atuali": "07/04/2015"}, "geometry": {"type": "Polygon", "coordinates": [[[-51.06144458801636, -27.78791499436718], [-51.06759034443704, -27.78537287590297], [-51.06565473156802, -27.78453219546295], [-51.05993854830176, -27.78072245612381], [-51.05718883761144, -27.77927053254864], [-51.05686321297635, -27.78021744092757], [-51.05632357755358, -27.78069459036297], [-51.05793306637168, -27.7814767348496], [-51.05666895465647, -27.78363572370447], [-51.05768001019528, -27.78428332154842], [-51.05800975590586, -27.78386442828751], [-51.05937695501997, -27.78472838938414], [-51.05980985734146, -27.78574949651243], [-51.06016848389034, -27.78571512127867], [-51.06126879425335, -27.78707674645628], [-51.06144458801636, -27.78791499436718]]]}}, {"type": "Feature", "properties": {"cod_imovel": "SC-4201000-5FF0FEF6B1FB4995A72B2A125F73B1B5", "municipio": "Anita Garibaldi", "num_area": 23.0859, "mod_fiscal": 1.1543, "des_condic": "Aguardando analise", "ind_status": "AT", "dat_atuali": "12/05/2015"}, "geometry": {"type": "Polygon", "coordinates": [[[-51.05854616806703, -27.79183928011792], [-51.05813603071187, -27.78833988528105], [-51.05977888482264, -27.78920124511425], [-51.06160987684535, -27.78783638443041], [-51.06124495116026, -27.78715959352727], [-51.05999429641458, -27.78582733551474], [-51.05883272997544, -27.78606982046541], [-51.05829167423472, -27.78569283416676], [-51.05697071096587, -27.78564012954205], [-51.0567144377566, -27.78622035711092], [-51.05483157272622, -27.78758767812816], [-51.05778497335773, -27.79223899027327], [-51.05854616806703, -27.79183928011792]]]}}, {"type": "Feature", "properties": {"cod_imovel": "SC-4201000-8484212A22B044A58742944E7CC4BDC4", "municipio": "Anita Garibaldi", "num_area": 31.3494, "mod_fiscal": 1.5675, "des_condic": "Aguardando analise", "ind_status": "AT", "dat_atuali": "07/03/2016"}, "geometry": {"type": "Polygon", "coordinates": [[[-51.12729791454429, -27.77766054598174], [-51.12802840355728, -27.77861613439613], [-51.12835037178262, -27.77940206112876], [-51.12881641061627, -27.77977855295286], [-51.13076114683603, -27.78069440519604], [-51.13381372813716, -27.7787589108079], [-51.13600316225199, -27.77715093491391], [-51.13463156384151, -27.77592039495226], [-51.13354631622295, -27.77437293605657], [-51.13014368448535, -27.77600525587137], [-51.12729791454429, -27.77766054598174]]]}}, {"type": "Feature", "properties": {"cod_imovel": "SC-4201000-8E5DB020C62F4F6E90ECDD19DBE72C3D", "municipio": "Anita Garibaldi", "num_area": 6.7663, "mod_fiscal": 0.3383, "des_condic": "Aguardando analise", "ind_status": "AT", "dat_atuali": "12/05/2015"}, "geometry": {"type": "Polygon", "coordinates": [[[-51.09692138401841, -27.75407250856147], [-51.09790267648106, -27.75451554728502], [-51.09886678845315, -27.75327021815681], [-51.0953562527362, -27.7509154150673], [-51.09497692226837, -27.75215214908549], [-51.09692138401841, -27.75407250856147]]]}}, {"type": "Feature", "properties": {"cod_imovel": "SC-4201000-49A95FEC2068477D85BB61D7584C6559", "municipio": "Anita Garibaldi", "num_area": 21.6708, "mod_fiscal": 1.0835, "des_condic": "Aguardando analise", "ind_status": "AT", "dat_atuali": "30/10/2014"}, "geometry": {"type": "Polygon", "coordinates": [[[-51.05098321986471, -27.7898667547312], [-51.04819291737898, -27.78778525036312], [-51.04599952913114, -27.78903017870873], [-51.04427435680456, -27.78979227242769], [-51.04306774533767, -27.79067766982275], [-51.04450627369359, -27.79245513802509], [-51.04579364900911, -27.79267034063636], [-51.04739566784002, -27.79258971309949], [-51.04788129501719, -27.79245592189042], [-51.04810681518389, -27.79213975868366], [-51.04822256808568, -27.79074179038836], [-51.04867729314449, -27.79043394208207], [-51.04991673415965, -27.7900405524773], [-51.05098321986471, -27.7898667547312]]]}}, {"type": "Feature", "properties": {"cod_imovel": "SC-4201000-7B77C925A0E248C2A10AFD1B0550A0A0", "municipio": "Anita Garibaldi", "num_area": 22.2337, "mod_fiscal": 1.1117, "des_condic": "Aguardando analise", "ind_status": "AT", "dat_atuali": "13/07/2015"}, "geometry": {"type": "Polygon", "coordinates": [[[-51.10992528311368, -27.79534808220213], [-51.10906969685427, -27.79345159349031], [-51.10585898504024, -27.7928720471689], [-51.10621081046285, -27.79572703020863], [-51.10725050278553, -27.798623638053], [-51.10938209425453, -27.79864534009693], [-51.11070082472547, -27.79897653350123], [-51.11105934966729, -27.79953571475193], [-51.11104494110057, -27.79868700077177], [-51.10992528311368, -27.79534808220213]]]}}, {"type": "Feature", "properties": {"cod_imovel": "SC-4201000-3E29B5BF60BE498EA565510BD8B5150F", "municipio": "Anita Garibaldi", "num_area": 60.7588, "mod_fiscal": 3.0379, "des_condic": "Aguardando analise", "ind_status": "AT", "dat_atuali": "14/05/2015"}, "geometry": {"type": "Polygon", "coordinates": [[[-51.0472409713013, -27.81455477434014], [-51.04219935538226, -27.80790011325687], [-51.04149828160581, -27.80837460031527], [-51.04026338637547, -27.80887275934752], [-51.03868516771927, -27.80922460761735], [-51.0375827633778, -27.81031621116012], [-51.03919002081592, -27.81173133366676], [-51.04454319504261, -27.81712417628315], [-51.04631677251015, -27.8169699745773], [-51.04980473014926, -27.82469618023049], [-51.05080634062352, -27.82381184545514], [-51.0472409713013, -27.81455477434014]]]}}, {"type": "Feature", "properties": {"cod_imovel": "SC-4201000-C56F1297812546E5A0CBE81EAE119724", "municipio": "Anita Garibaldi", "num_area": 2.8124, "mod_fiscal": 0.1406, "des_condic": "Aguardando analise", "ind_status": "AT", "dat_atuali": "04/09/2015"}, "geometry": {"type": "Polygon", "coordinates": [[[-51.04770437662829, -27.80875945072444], [-51.0468804213853, -27.80883873859821], [-51.04659651396891, -27.8089684985334], [-51.04659947055826, -27.80912274190136], [-51.04695712918329, -27.81001054253075], [-51.04741657634157, -27.81046906950229], [-51.04821112380174, -27.81076289514485], [-51.04847672793994, -27.81057508491432], [-51.04823497441369, -27.80909547635479], [-51.04770437662829, -27.80875945072444]]]}}, {"type": "Feature", "properties": {"cod_imovel": "SC-4201000-1538647320554E0EB34DA9D6BB0A3F9B", "municipio": "Anita Garibaldi", "num_area": 1.7922, "mod_fiscal": 0.0896, "des_condic": "Aguardando analise", "ind_status": "AT", "dat_atuali": "11/04/2016"}, "geometry": {"type": "Polygon", "coordinates": [[[-51.21050702195416, -27.75192749579887], [-51.21254169093744, -27.75396431586452], [-51.21276418494401, -27.75343665184809], [-51.21165737514954, -27.7521882744879], [-51.21085158746021, -27.75147594657056], [-51.21050702195416, -27.75192749579887]]]}}, {"type": "Feature", "properties": {"cod_imovel": "SC-4201000-B8AC2733BA614E5CA515C4AFF152C08E", "municipio": "Anita Garibaldi", "num_area": 23.6826, "mod_fiscal": 1.1841, "des_condic": "Aguardando analise", "ind_status": "AT", "dat_atuali": "10/11/2017"}, "geometry": {"type": "Polygon", "coordinates": [[[-51.21164274783105, -27.75857156334498], [-51.20603125796129, -27.75289649542555], [-51.2050945105436, -27.75337073385029], [-51.20421944741943, -27.75460723609667], [-51.20570068301988, -27.75567144189369], [-51.20501973830299, -27.75647402181296], [-51.20561293823864, -27.75801761336084], [-51.20695593121573, -27.75774277480012], [-51.20943245900295, -27.7597986640528], [-51.21164274783105, -27.75857156334498]]]}}, {"type": "Feature", "properties": {"cod_imovel": "SC-4201000-262D22B8A6EC4B0FB865B8D417B91664", "municipio": "Anita Garibaldi", "num_area": 23.1953, "mod_fiscal": 1.1598, "des_condic": "Aguardando analise", "ind_status": "AT", "dat_atuali": "09/02/2018"}, "geometry": {"type": "Polygon", "coordinates": [[[-51.211323315043, -27.75587970544204], [-51.2130772250141, -27.75368337563835], [-51.21083768231899, -27.75152121808667], [-51.20813298505907, -27.75501359693924], [-51.21428112532586, -27.76096817754397], [-51.21533885870736, -27.76042471973797], [-51.21369410338642, -27.75848603697014], [-51.21211265642268, -27.75722034341064], [-51.21229589293301, -27.75671282583844], [-51.211323315043, -27.75587970544204]]]}}, {"type": "Feature", "properties": {"cod_imovel": "SC-4201000-813599D73BB74932BCE8E1FD6FD552D1", "municipio": "Anita Garibaldi", "num_area": 56.6147, "mod_fiscal": 2.8307, "des_condic": "Aguardando analise", "ind_status": "AT", "dat_atuali": "12/11/2015"}, "geometry": {"type": "Polygon", "coordinates": [[[-51.15120950796015, -27.78110585213736], [-51.15226139892689, -27.77850200369803], [-51.15284090900125, -27.77500111564763], [-51.1524551088485, -27.77385836770937], [-51.14994601622567, -27.77165375299162], [-51.14439340707589, -27.77551725558293], [-51.14386669612362, -27.77608352319945], [-51.14389486643355, -27.77661904359552], [-51.14478669865356, -27.77693363865638], [-51.14562684060743, -27.77696900078983], [-51.14591687234522, -27.7775500629585], [-51.1464376953063, -27.77977408350873], [-51.14664836920724, -27.78004962776495], [-51.14823974350767, -27.78040229668108], [-51.1490644476734, -27.78037976582206], [-51.15025268827301, -27.78122918892692], [-51.15120950796015, -27.78110585213736]]]}}, {"type": "Feature", "properties": {"cod_imovel": "SC-4201000-57CC7B1FAD8647FEB775BED6D09BD5A9", "municipio": "Anita Garibaldi", "num_area": 32.7962, "mod_fiscal": 1.6398, "des_condic": "Aguardando analise", "ind_status": "AT", "dat_atuali": "18/04/2016"}, "geometry": {"type": "Polygon", "coordinates": [[[-51.22514716028359, -27.74332284114635], [-51.22375087917024, -27.74266409509872], [-51.22185673727017, -27.74592106770334], [-51.22162178324832, -27.7455654309327], [-51.22112856809388, -27.74539412278776], [-51.22151099509638, -27.74356665915623], [-51.21840453147585, -27.74201017826267], [-51.21719310176844, -27.74460783406812], [-51.21846066717214, -27.74526391580224], [-51.21970859490189, -27.74568504890862], [-51.21823384810464, -27.7468886556079], [-51.21818777840919, -27.74741822774001], [-51.21742058771428, -27.74798590829155], [-51.21736600383653, -27.74900267279083], [-51.21762129850735, -27.75003161512195], [-51.21896481417232, -27.74960699534646], [-51.21943790145102, -27.75010593640615], [-51.22065521067506, -27.7489411102501], [-51.22520443796184, -27.74363853268491], [-51.22514716028359, -27.74332284114635]]]}}, {"type": "Feature", "properties": {"cod_imovel": "SC-4201000-E33CA286D3F847BC8813541A53B2BE20", "municipio": "Anita Garibaldi", "num_area": 449.9876, "mod_fiscal": 22.4994, "des_condic": "Aguardando analise", "ind_status": "AT", "dat_atuali": "05/06/2017"}, "geometry": {"type": "Polygon", "coordinates": [[[-50.999635, -27.765473], [-50.998951, -27.766721], [-50.998053, -27.769586], [-50.999164, -27.770295], [-50.999143, -27.770509], [-50.996922, -27.772831], [-50.995113, -27.772758], [-50.994796, -27.772846], [-50.993961, -27.773529], [-50.99286, -27.773004], [-50.992286, -27.773131], [-50.992495, -27.773634], [-50.980901, -27.774627], [-50.980069, -27.774857], [-50.978956, -27.781356], [-50.979309, -27.781459], [-50.979548, -27.781341], [-50.980567, -27.781839], [-50.980889, -27.781719], [-50.981269, -27.781856], [-50.981291, -27.78266], [-50.981509, -27.782913], [-50.9835, -27.783067], [-50.983524, -27.782914], [-50.984039, -27.782917], [-50.984114, -27.783117], [-50.985208, -27.783246], [-50.985063, -27.783729], [-50.9856, -27.784073], [-50.985494, -27.783613], [-50.986073, -27.783787], [-50.986131, -27.784059], [-50.986479, -27.784146], [-50.986143, -27.784926], [-50.98677, -27.7852], [-50.986551, -27.785646], [-50.987946, -27.786586], [-50.988451, -27.786227], [-50.988704, -27.786323], [-50.988807, -27.786682], [-50.98998, -27.787575], [-50.990884, -27.786636], [-50.991534, -27.786593], [-50.992767, -27.787136], [-50.992421, -27.787344], [-50.992444, -27.787551], [-50.993227, -27.787473], [-50.993454, -27.787836], [-50.993981, -27.787811], [-50.993886, -27.788487], [-50.994198, -27.788995], [-50.993545, -27.789336], [-50.993431, -27.790536], [-50.99397, -27.790905], [-50.996041, -27.791561], [-50.997076, -27.792407], [-50.99784, -27.792651], [-50.99899, -27.791953], [-50.999783, -27.790741], [-51.000547, -27.790303], [-51.00017, -27.787497], [-51.002064, -27.787385], [-51.001694, -27.786079], [-51.002644, -27.785305], [-51.003092, -27.784612], [-51.004905, -27.783649], [-51.006044, -27.781186], [-51.006578, -27.779115], [-51.006896, -27.778812], [-51.007353, -27.778744], [-51.008616, -27.779088], [-51.009424, -27.778847], [-51.00959, -27.778207], [-51.00946, -27.777326], [-51.008916, -27.776167], [-51.008888, -27.77569], [-51.01019, -27.774563], [-51.010945, -27.773438], [-51.011724, -27.772914], [-51.011804, -27.772455], [-51.009306, -27.771703], [-51.007114, -27.772687], [-51.005479, -27.772265], [-51.006037, -27.771166], [-51.004768, -27.771225], [-51.004033, -27.771041], [-51.004928, -27.768645], [-50.999635, -27.765473]]]}}, {"type": "Feature", "properties": {"cod_imovel": "SC-4201000-8C5D4BA4AB0E4E0491317E63875FD73C", "municipio": "Anita Garibaldi", "num_area": 5.5412, "mod_fiscal": 0.2771, "des_condic": "Aguardando analise", "ind_status": "AT", "dat_atuali": "25/04/2016"}, "geometry": {"type": "Polygon", "coordinates": [[[-51.07313531070373, -27.783233940322], [-51.07344183586746, -27.78289561031014], [-51.07278077573235, -27.78265559704081], [-51.07290281113028, -27.78226058292122], [-51.07246548687933, -27.78197435312512], [-51.07161569552935, -27.78099437069755], [-51.07170550187908, -27.78072495834047], [-51.06962638796667, -27.77931178518458], [-51.069860458374016, -27.780714690115342], [-51.07149541433976, -27.78219668799413], [-51.07157375528986, -27.7830373148111], [-51.07236570406558, -27.78351992761927], [-51.07313531070373, -27.783233940322]]]}}, {"type": "Feature", "properties": {"cod_imovel": "SC-4201000-B7253F156A544B6BA5F9E94C3A99DE31", "municipio": "Anita Garibaldi", "num_area": 16.8115, "mod_fiscal": 0.8406, "des_condic": "Aguardando analise", "ind_status": "AT", "dat_atuali": "19/05/2015"}, "geometry": {"type": "Polygon", "coordinates": [[[-51.02980288223512, -27.81894405076266], [-51.03533161907828, -27.81542526276213], [-51.03431311002337, -27.81331188672985], [-51.0290379137123, -27.81651730127611], [-51.0292206389774, -27.81764988576474], [-51.02980288223512, -27.81894405076266]]]}}, {"type": "Feature", "properties": {"cod_imovel": "SC-4201000-F9A7FF85CFD94F0D8777F87E73D767E0", "municipio": "Anita Garibaldi", "num_area": 25.2408, "mod_fiscal": 1.262, "des_condic": "Aguardando analise", "ind_status": "AT", "dat_atuali": "28/04/2016"}, "geometry": {"type": "Polygon", "coordinates": [[[-51.05687945139798, -27.84718509052774], [-51.05422493366396, -27.85100382760746], [-51.05399915893107, -27.85286626768436], [-51.05346564007917, -27.85447710241311], [-51.05202750025431, -27.85751143522514], [-51.05314851266162, -27.8590849550635], [-51.05452116847561, -27.8597994020779], [-51.05649815440905, -27.85673807359949], [-51.05652843558477, -27.85607180629513], [-51.05615822632881, -27.85480075666644], [-51.05578678074485, -27.85455176811277], [-51.05567519031188, -27.85349474283303], [-51.05482224010611, -27.85206573612754], [-51.05454282117499, -27.85069854752531], [-51.05622010582991, -27.85013681628674], [-51.05619980001283, -27.84926194020283], [-51.05727044723322, -27.84739987460853], [-51.05687945139798, -27.84718509052774]]]}}, {"type": "Feature", "properties": {"cod_imovel": "SC-4201000-30697CCDB1E34D41B06CD3D821B3CB6D", "municipio": "Anita Garibaldi", "num_area": 9.9936, "mod_fiscal": 0.4997, "des_condic": "Aguardando analise", "ind_status": "AT", "dat_atuali": "23/07/2015"}, "geometry": {"type": "Polygon", "coordinates": [[[-51.17417866500892, -27.75537113515675], [-51.17498643710277, -27.75553301711198], [-51.17644462446082, -27.7564721351135], [-51.18026184601299, -27.75390199261668], [-51.1795199808658, -27.7535480745749], [-51.17832640902367, -27.75344358629117], [-51.17784961432128, -27.75298479825223], [-51.17577996956538, -27.75418573506973], [-51.17417866500892, -27.75537113515675]]]}}, {"type": "Feature", "properties": {"cod_imovel": "SC-4201000-9BA02DE314FD42AF95C865A4A1E91F6D", "municipio": "Anita Garibaldi", "num_area": 49.5055, "mod_fiscal": 2.4753, "des_condic": "Aguardando analise", "ind_status": "AT", "dat_atuali": "25/04/2016"}, "geometry": {"type": "Polygon", "coordinates": [[[-51.10283591343953, -27.78462535291032], [-51.10558544288556, -27.78683311453791], [-51.10578555551659, -27.78786444438461], [-51.10622468561241, -27.78829778112559], [-51.11361224599476, -27.78473952100248], [-51.11298933705955, -27.78243109954227], [-51.11201185040083, -27.7799139230219], [-51.10944929575166, -27.78102959682069], [-51.10906997463113, -27.78104214979105], [-51.10784266834401, -27.78191500533409], [-51.10723269511458, -27.78264752912537], [-51.10585663681219, -27.78291634303689], [-51.10467133998981, -27.78351024606263], [-51.10386152757108, -27.78431042906575], [-51.10283591343953, -27.78462535291032]]]}}, {"type": "Feature", "properties": {"cod_imovel": "SC-4201000-5414B493809546F084AB756E27468417", "municipio": "Anita Garibaldi", "num_area": 11.8879, "mod_fiscal": 0.5944, "des_condic": "Aguardando analise", "ind_status": "AT", "dat_atuali": "29/04/2016"}, "geometry": {"type": "Polygon", "coordinates": [[[-51.159188747406006, -27.757589213924845], [-51.15607738494873, -27.758880420936286], [-51.15777905294814, -27.75992139236694], [-51.15823145091893, -27.76052434927897], [-51.15898860644133, -27.76225602645507], [-51.16130906401912, -27.76109775350374], [-51.159188747406006, -27.757589213924845]]]}}, {"type": "Feature", "properties": {"cod_imovel": "SC-4201000-A2604A312EBE4C58A9AF65C1B3808483", "municipio": "Anita Garibaldi", "num_area": 25.868, "mod_fiscal": 1.2934, "des_condic": "Aguardando analise", "ind_status": "AT", "dat_atuali": "05/03/2015"}, "geometry": {"type": "Polygon", "coordinates": [[[-51.06657743453979, -27.764861547733947], [-51.06936576178767, -27.76522071595203], [-51.07226371765137, -27.767083025403938], [-51.073787212371826, -27.765981785731164], [-51.07213497161865, -27.764671675744122], [-51.07243537902832, -27.763836235053645], [-51.07367941720974, -27.7622859481277], [-51.07239343832205, -27.76222732245969], [-51.07213572245556, -27.76179115397108], [-51.0699894167011, -27.76197873038258], [-51.06698513031006, -27.76172861754392], [-51.06657743453979, -27.764861547733947]]]}}, {"type": "Feature", "properties": {"cod_imovel": "SC-4201000-A65660CD81514C59991961D23A4E7E33", "municipio": "Anita Garibaldi", "num_area": 4.8382, "mod_fiscal": 0.2419, "des_condic": "Aguardando analise", "ind_status": "AT", "dat_atuali": "06/03/2015"}, "geometry": {"type": "Polygon", "coordinates": [[[-51.067886352539055, -27.764975470768828], [-51.06762886047363, -27.765962798742535], [-51.071791648864746, -27.767519720809084], [-51.07200622558593, -27.767329853456967], [-51.0693883895874, -27.765089393684477], [-51.067886352539055, -27.764975470768828]]]}}, {"type": "Feature", "properties": {"cod_imovel": "SC-4201000-1D13F2B6D9284F218536C4829039BA24", "municipio": "Anita Garibaldi", "num_area": 6.0952, "mod_fiscal": 0.3048, "des_condic": "Aguardando analise", "ind_status": "AT", "dat_atuali": "05/03/2015"}, "geometry": {"type": "Polygon", "coordinates": [[[-51.067328453063965, -27.756392934938603], [-51.06904506683349, -27.75646888955076], [-51.06898069381714, -27.753715501005324], [-51.06827259063721, -27.75297492254863], [-51.067392826080315, -27.752709072643263], [-51.067328453063965, -27.756392934938603]]]}}, {"type": "Feature", "properties": {"cod_imovel": "SC-4201000-D363979EBD1240FCBC6AF9ADF35E4E11", "municipio": "Anita Garibaldi", "num_area": 28.4317, "mod_fiscal": 1.4216, "des_condic": "Aguardando analise", "ind_status": "AT", "dat_atuali": "03/03/2015"}, "geometry": {"type": "Polygon", "coordinates": [[[-51.08839113493366, -27.74851955097546], [-51.08883217192536, -27.75162640491243], [-51.08925443910147, -27.7515332113522], [-51.08973774388628, -27.75166587772948], [-51.08991070581384, -27.75245379608233], [-51.09071731567383, -27.75324077180493], [-51.09148979187012, -27.753734490130295], [-51.0919189453125, -27.754380118408648], [-51.09276032059263, -27.75486919262632], [-51.09382747703013, -27.7550355810483], [-51.09491340067181, -27.75559716650571], [-51.09624938363335, -27.75355560057081], [-51.09387926863215, -27.75137368260934], [-51.0921339649222, -27.75031830085171], [-51.09162183466395, -27.74923592610923], [-51.08839113493366, -27.74851955097546]]]}}, {"type": "Feature", "properties": {"cod_imovel": "SC-4201000-76AB237AAFF64AD9B6525B774F095F57", "municipio": "Anita Garibaldi", "num_area": 9.3961, "mod_fiscal": 0.4698, "des_condic": "Aguardando analise", "ind_status": "AT", "dat_atuali": "07/08/2015"}, "geometry": {"type": "Polygon", "coordinates": [[[-51.05142035283279, -27.83228329017843], [-51.05182603340412, -27.83300757639944], [-51.05275903633601, -27.83354725109601], [-51.05406761169433, -27.833440605417948], [-51.05539428995537, -27.83308847474191], [-51.05692148208618, -27.831618970507442], [-51.05666399002075, -27.83067019021473], [-51.05142035283279, -27.83228329017843]]]}}, {"type": "Feature", "properties": {"cod_imovel": "SC-4201000-970F89FF571F4DF69EC55429A11F05E0", "municipio": "Anita Garibaldi", "num_area": 56.2277, "mod_fiscal": 2.8114, "des_condic": "Aguardando analise", "ind_status": "AT", "dat_atuali": "07/08/2015"}, "geometry": {"type": "Polygon", "coordinates": [[[-51.04803501147873, -27.83234255299415], [-51.04796728238684, -27.83657901746818], [-51.05197721677602, -27.83711625792351], [-51.05398690092337, -27.83761172885685], [-51.05480461064639, -27.83787372122606], [-51.05697032465437, -27.8390424435936], [-51.05990210155499, -27.8372210844481], [-51.05857332133891, -27.83511065895707], [-51.05729911332496, -27.83518574558053], [-51.05705728668207, -27.83470524703287], [-51.05787163241932, -27.83388956193337], [-51.05753476580686, -27.83278329117872], [-51.05673380904742, -27.83164541063619], [-51.05535671713896, -27.83310079193749], [-51.05281779831505, -27.83348039285875], [-51.05185578809602, -27.83300598211175], [-51.05133971231984, -27.83226752306721], [-51.04803501147873, -27.83234255299415]]]}}, {"type": "Feature", "properties": {"cod_imovel": "SC-4201000-2037540DD4B343AC81C36914EB5486E1", "municipio": "Anita Garibaldi", "num_area": 7.0447, "mod_fiscal": 0.3522, "des_condic": "Aguardando analise", "ind_status": "AT", "dat_atuali": "14/08/2015"}, "geometry": {"type": "Polygon", "coordinates": [[[-51.17345437609638, -27.76792555541926], [-51.17099825707193, -27.76936594230041], [-51.17192744382908, -27.76960052975024], [-51.17268625045846, -27.77013698984979], [-51.1735099515771, -27.77136043629615], [-51.17562068960762, -27.77040327374099], [-51.17426848784542, -27.7694518928699], [-51.17345437609638, -27.76792555541926]]]}}, {"type": "Feature", "properties": {"cod_imovel": "SC-4201000-092DFC6930BB4F41B5A71230C067DA7C", "municipio": "Anita Garibaldi", "num_area": 8.2275, "mod_fiscal": 0.4114, "des_condic": "Aguardando analise", "ind_status": "AT", "dat_atuali": "14/08/2015"}, "geometry": {"type": "Polygon", "coordinates": [[[-51.15230623175879, -27.75604377692996], [-51.15269927697376, -27.75601312983048], [-51.15430071414481, -27.7548786595524], [-51.15310302790276, -27.75243953817144], [-51.1509740563256, -27.7532693380973], [-51.15138725240426, -27.7542614573639], [-51.15129660286733, -27.75505554677843], [-51.1510556448738, -27.75556419729277], [-51.15116466795065, -27.75572288259055], [-51.15151104715874, -27.75571871396434], [-51.15222163335479, -27.75552370706464], [-51.15230623175879, -27.75604377692996]]]}}, {"type": "Feature", "properties": {"cod_imovel": "SC-4201000-8EA779196F9F44B69BA5C790512AB42A", "municipio": "Anita Garibaldi", "num_area": 9.6843, "mod_fiscal": 0.4842, "des_condic": "Aguardando analise", "ind_status": "AT", "dat_atuali": "03/03/2015"}, "geometry": {"type": "Polygon", "coordinates": [[[-51.05817404596388, -27.76213351836804], [-51.06037545367737, -27.76289629746292], [-51.06019604886731, -27.76213584258895], [-51.06117010116577, -27.76123493547119], [-51.05898141860962, -27.759810840024073], [-51.05797290802002, -27.759298161102258], [-51.056320667266846, -27.760836190624016], [-51.05688696095937, -27.76137334820434], [-51.05817404596388, -27.76213351836804]]]}}, {"type": "Feature", "properties": {"cod_imovel": "SC-4201000-C9627E88A3B8475FB1D9D63D1F30A943", "municipio": "Anita Garibaldi", "num_area": 36.6897, "mod_fiscal": 1.8345, "des_condic": "Aguardando analise", "ind_status": "AT", "dat_atuali": "14/08/2015"}, "geometry": {"type": "Polygon", "coordinates": [[[-51.17131749894906, -27.76920946290636], [-51.17354401570446, -27.76788483883599], [-51.17570483792443, -27.76583710688576], [-51.17564653109593, -27.76545133405912], [-51.17530019996259, -27.76520191503559], [-51.17453015089604, -27.76518365386425], [-51.17407280862881, -27.76500547853968], [-51.17372950822351, -27.76400791934956], [-51.17339720160121, -27.76352693594541], [-51.1724374424128, -27.76347869823758], [-51.1722528926409, -27.76305070856252], [-51.16987358541727, -27.76402770096589], [-51.16668816903285, -27.76570914804957], [-51.16745121255634, -27.76800353898619], [-51.16819745831685, -27.76823250165443], [-51.16981398646446, -27.76821352302759], [-51.16964269840128, -27.76934356780802], [-51.16973100018966, -27.76968794603], [-51.17131749894906, -27.76920946290636]]]}}, {"type": "Feature", "properties": {"cod_imovel": "SC-4201000-57C8138F344F4A4697D647EA6CD1042A", "municipio": "Anita Garibaldi", "num_area": 54.5081, "mod_fiscal": 2.7254, "des_condic": "Aguardando analise", "ind_status": "AT", "dat_atuali": "04/05/2016"}, "geometry": {"type": "Polygon", "coordinates": [[[-51.11753940582275, -27.791592216384597], [-51.11959934234619, -27.79438261055055], [-51.12023596159079, -27.79588629538234], [-51.12071509885723, -27.79640389103237], [-51.12185694750717, -27.79715119329091], [-51.12389087677002, -27.79789422929898], [-51.127774715423584, -27.797002099070326], [-51.12636796746826, -27.79595814354742], [-51.12527620341043, -27.79593339366149], [-51.12521901697431, -27.79547186402622], [-51.12561562287189, -27.79475817735498], [-51.12568820364812, -27.79390156526062], [-51.12543582916259, -27.792920984444542], [-51.12412861926973, -27.79050819241991], [-51.12348270999139, -27.78990379709232], [-51.12358619675794, -27.78939103462072], [-51.12300156507126, -27.78903830517822], [-51.12273070830243, -27.78837329287304], [-51.12294673919678, -27.787453948946407], [-51.11753940582275, -27.791592216384597]]]}}, {"type": "Feature", "properties": {"cod_imovel": "SC-4201000-8771842852B84034AA84596B910251E6", "municipio": "Anita Garibaldi", "num_area": 8.6556, "mod_fiscal": 0.4328, "des_condic": "Aguardando analise", "ind_status": "AT", "dat_atuali": "28/09/2015"}, "geometry": {"type": "Polygon", "coordinates": [[[-51.03103473632667, -27.77154455426478], [-51.0305208073075, -27.77231643425793], [-51.03344552017069, -27.77295650396145], [-51.03512888605392, -27.77300243685276], [-51.03540503395286, -27.77057425138732], [-51.03274699988188, -27.77105474857373], [-51.03103473632667, -27.77154455426478]]]}}, {"type": "Feature", "properties": {"cod_imovel": "SC-4201000-493D0D17E2EB43149DAC936B717566E0", "municipio": "Anita Garibaldi", "num_area": 8.3187, "mod_fiscal": 0.4159, "des_condic": "Aguardando analise", "ind_status": "AT", "dat_atuali": "17/06/2015"}, "geometry": {"type": "Polygon", "coordinates": [[[-51.08978261602153, -27.75145510686169], [-51.08816725967594, -27.75143810062341], [-51.08685353903114, -27.75112290388344], [-51.08618382788188, -27.75124269766018], [-51.08475201886995, -27.75104499629296], [-51.0848145082594, -27.75133886798956], [-51.08763799267205, -27.7542662854291], [-51.08978261602153, -27.75145510686169]]]}}, {"type": "Feature", "properties": {"cod_imovel": "SC-4201000-A1B8CE95F6C04232BD333F6B10AD4C2C", "municipio": "Anita Garibaldi", "num_area": 48.4046, "mod_fiscal": 2.4202, "des_condic": "Aguardando analise", "ind_status": "AT", "dat_atuali": "15/04/2016"}, "geometry": {"type": "Polygon", "coordinates": [[[-51.15796501153559, -27.74470775789449], [-51.15545210170365, -27.74460109701495], [-51.15447999428805, -27.74312614692486], [-51.15249395428691, -27.74428588407239], [-51.15009245788966, -27.7451645896989], [-51.15234659297231, -27.7478719830514], [-51.15384035156057, -27.75015786599307], [-51.15476791945044, -27.75115441766267], [-51.15708773263867, -27.75201632317179], [-51.15815950452021, -27.75052802079297], [-51.15879921957038, -27.74739412861748], [-51.15879015777441, -27.74652221047962], [-51.15850529951331, -27.74528987801255], [-51.15796501153559, -27.74470775789449]]]}}, {"type": "Feature", "properties": {"cod_imovel": "SC-4201000-C2A2792D0C9E4ADFB50C9EFE590B9B95", "municipio": "Anita Garibaldi", "num_area": 79.8448, "mod_fiscal": 3.9922, "des_condic": "Aguardando analise", "ind_status": "AT", "dat_atuali": "06/12/2019"}, "geometry": {"type": "Polygon", "coordinates": [[[-51.202704906463616, -27.772076437874208], [-51.20530128479004, -27.77416486941956], [-51.20858430862427, -27.77127902616314], [-51.20757579803467, -27.769399389720977], [-51.20959281921387, -27.766437472464577], [-51.20579481124878, -27.763931171818715], [-51.20309114456177, -27.765791915695765], [-51.19633197784424, -27.771108151464713], [-51.19727611541747, -27.771924550379826], [-51.19864440116898, -27.77280291604284], [-51.199378967285156, -27.772664999912173], [-51.200129985809326, -27.774487623445406], [-51.202704906463616, -27.772076437874208]]]}}, {"type": "Feature", "properties": {"cod_imovel": "SC-4201000-A2D81929CC4349148773A0514E04AB35", "municipio": "Anita Garibaldi", "num_area": 81.4115, "mod_fiscal": 4.0706, "des_condic": "Aguardando analise", "ind_status": "AT", "dat_atuali": "15/09/2015"}, "geometry": {"type": "Polygon", "coordinates": [[[-51.02952784335611, -27.80748316619394], [-51.02583086515918, -27.79580253248688], [-51.02442290851088, -27.79050664840986], [-51.0228154294364, -27.79143673144051], [-51.02248620831456, -27.79263686770995], [-51.02188272381464, -27.79290881717229], [-51.02080897857807, -27.79295978271454], [-51.02028234626948, -27.79333343431339], [-51.02007051110133, -27.79374130645016], [-51.02135437670754, -27.79700592207477], [-51.02454935221066, -27.80678007495876], [-51.02556542761587, -27.80728858789282], [-51.02952784335611, -27.80748316619394]]]}}, {"type": "Feature", "properties": {"cod_imovel": "SC-4201000-B5D264B80B76438A9C9C9DA3E13F0839", "municipio": "Anita Garibaldi", "num_area": 41.6704, "mod_fiscal": 2.0835, "des_condic": "Aguardando analise", "ind_status": "AT", "dat_atuali": "04/05/2016"}, "geometry": {"type": "Polygon", "coordinates": [[[-51.18824971909066, -27.75671924090553], [-51.19504818004092, -27.76763462235789], [-51.19603917089273, -27.76699374391318], [-51.19486301676208, -27.76620958405406], [-51.19507451970387, -27.76577031513071], [-51.19569641467958, -27.76539124357989], [-51.19619323151375, -27.7642877987752], [-51.19579026459887, -27.76367371535092], [-51.19510042174032, -27.76338885809058], [-51.19499173284576, -27.76306451832609], [-51.19546222698277, -27.76218787599015], [-51.19380247475071, -27.75931885600986], [-51.19459104842328, -27.75879702061531], [-51.194426377368, -27.75848645540146], [-51.19384785039878, -27.75828183911038], [-51.1931963938133, -27.75733969009253], [-51.19227291496724, -27.75677722390918], [-51.19198999184327, -27.75572624581711], [-51.19181421099695, -27.75554195074657], [-51.19083589666406, -27.75515193810393], [-51.19022300175494, -27.75522357092024], [-51.18824971909066, -27.75671924090553]]]}}, {"type": "Feature", "properties": {"cod_imovel": "SC-4201000-BC64CBC6954B4C5E85543F6D3437611C", "municipio": "Anita Garibaldi", "num_area": 10.7014, "mod_fiscal": 0.5351, "des_condic": "Aguardando analise", "ind_status": "AT", "dat_atuali": "14/09/2015"}, "geometry": {"type": "Polygon", "coordinates": [[[-51.12257381217279, -27.7649891045811], [-51.1231813020704, -27.76352772317166], [-51.1208879591609, -27.76118481742619], [-51.1200501976974, -27.76054162147043], [-51.11826714639695, -27.76208185096174], [-51.12022641091432, -27.76365316425088], [-51.12257381217279, -27.7649891045811]]]}}, {"type": "Feature", "properties": {"cod_imovel": "SC-4201000-B6AF91871EDD406BB26C8A30FD4C2B16", "municipio": "Anita Garibaldi", "num_area": 20.561, "mod_fiscal": 1.028, "des_condic": "Aguardando analise", "ind_status": "AT", "dat_atuali": "14/09/2015"}, "geometry": {"type": "Polygon", "coordinates": [[[-51.05228310112988, -27.82742623729221], [-51.04937797178417, -27.83037234581811], [-51.05226529110795, -27.83166376729125], [-51.05640733860907, -27.82804346164508], [-51.05627512997603, -27.82708992427807], [-51.05563166187594, -27.82663033776322], [-51.05535308789224, -27.82606616419139], [-51.05228310112988, -27.82742623729221]]]}}, {"type": "Feature", "properties": {"cod_imovel": "SC-4201000-3293D808EB6A427FBE49F61A914D2727", "municipio": "Anita Garibaldi", "num_area": 22.8167, "mod_fiscal": 1.1408, "des_condic": "Aguardando analise", "ind_status": "AT", "dat_atuali": "28/09/2015"}, "geometry": {"type": "Polygon", "coordinates": [[[-51.03053252792945, -27.77231559742002], [-51.03126126025057, -27.77294855523106], [-51.03284675685119, -27.77348943236262], [-51.03420842727056, -27.77447453886602], [-51.03510548614838, -27.77538226329776], [-51.03626157596805, -27.77553695303541], [-51.0372202032479, -27.77507451701255], [-51.04027732385804, -27.77704142513581], [-51.04090112499187, -27.77602533498176], [-51.04155052876482, -27.77590012713821], [-51.04062189305616, -27.77380042157091], [-51.03858876856477, -27.77309539951799], [-51.03516016614602, -27.77253761313874], [-51.03513331851418, -27.77300174913981], [-51.03344714741855, -27.7729496840318], [-51.03053252792945, -27.77231559742002]]]}}, {"type": "Feature", "properties": {"cod_imovel": "SC-4201000-A5BD2A2923D94857AAB1C9765785A310", "municipio": "Anita Garibaldi", "num_area": 3.4639, "mod_fiscal": 0.1732, "des_condic": "Aguardando analise", "ind_status": "AT", "dat_atuali": "26/08/2015"}, "geometry": {"type": "Polygon", "coordinates": [[[-51.05850146724374, -27.78347928210733], [-51.05720633228243, -27.78543018594668], [-51.05857551809609, -27.78565580260083], [-51.058952547017, -27.7859286827884], [-51.06000282889225, -27.78579434394033], [-51.05850146724374, -27.78347928210733]]]}}, {"type": "Feature", "properties": {"cod_imovel": "SC-4201000-5224E6077B1C40D7BC035C097A25D090", "municipio": "Anita Garibaldi", "num_area": 19.6743, "mod_fiscal": 0.9837, "des_condic": "Aguardando analise", "ind_status": "AT", "dat_atuali": "25/08/2015"}, "geometry": {"type": "Polygon", "coordinates": [[[-51.13687972294243, -27.78931070139697], [-51.134928312107, -27.7914221258811], [-51.13499374344425, -27.79236039346463], [-51.13408419034266, -27.79230264205038], [-51.13330768658588, -27.79337582138226], [-51.13572582278228, -27.79429460447476], [-51.13606913860579, -27.79458833646852], [-51.13651744101011, -27.79458241156615], [-51.13673032252437, -27.7932077040769], [-51.13721693711634, -27.79268908859781], [-51.13792872908427, -27.79091465672142], [-51.13869911348293, -27.79142852865542], [-51.13917596498959, -27.79060662674236], [-51.14031129951783, -27.7894838131924], [-51.14032069031126, -27.78919214787476], [-51.13969520398243, -27.78872837738937], [-51.13942118757195, -27.78818318636581], [-51.14010641344024, -27.7871556301496], [-51.13687972294243, -27.78931070139697]]]}}, {"type": "Feature", "properties": {"cod_imovel": "SC-4201000-5AA167DD9BE14B17AC1F39EA39D3BD3D", "municipio": "Anita Garibaldi", "num_area": 13.5596, "mod_fiscal": 0.678, "des_condic": "Aguardando analise", "ind_status": "AT", "dat_atuali": "18/08/2015"}, "geometry": {"type": "Polygon", "coordinates": [[[-51.01748086654703, -27.76510311046349], [-51.01446863181256, -27.76695246509494], [-51.01437439493598, -27.76784146571126], [-51.01926576799393, -27.76922843023763], [-51.01964194233561, -27.76754803377386], [-51.01748086654703, -27.76510311046349]]]}}, {"type": "Feature", "properties": {"cod_imovel": "SC-4201000-90C8050B825543BC97D15DF4CF75C38F", "municipio": "Anita Garibaldi", "num_area": 4.9426, "mod_fiscal": 0.2471, "des_condic": "Aguardando analise", "ind_status": "AT", "dat_atuali": "05/10/2015"}, "geometry": {"type": "Polygon", "coordinates": [[[-51.0662205071435, -27.79381000568786], [-51.06555107607224, -27.7943401851412], [-51.06648745422833, -27.79501952132133], [-51.0676286475197, -27.79618086935729], [-51.06828832406595, -27.79798963526579], [-51.06867620546554, -27.79825655163038], [-51.06913002833465, -27.79811793034649], [-51.06940146518792, -27.79736852984417], [-51.06891991991351, -27.79659711076337], [-51.06797131579509, -27.79544964582162], [-51.0662205071435, -27.79381000568786]]]}}, {"type": "Feature", "properties": {"cod_imovel": "SC-4201000-96DDB150664F4F2C8DF2D0910A23E983", "municipio": "Anita Garibaldi", "num_area": 22.2582, "mod_fiscal": 1.1129, "des_condic": "Aguardando analise", "ind_status": "AT", "dat_atuali": "01/10/2015"}, "geometry": {"type": "Polygon", "coordinates": [[[-51.22466308903366, -27.7528995300602], [-51.22070954040972, -27.75828013004658], [-51.22271555265434, -27.75910148077906], [-51.22321734648667, -27.75850193201756], [-51.22460763916848, -27.75847218963815], [-51.22709526694067, -27.75551556549801], [-51.2274997194098, -27.75485749879202], [-51.22762145768029, -27.75431559840726], [-51.22752682008882, -27.75395202202736], [-51.22722617022284, -27.75385890804586], [-51.22707134194808, -27.75413504075974], [-51.2268146202654, -27.75392039333405], [-51.22637471151789, -27.75437586071311], [-51.22593489228339, -27.75441592492373], [-51.22466308903366, -27.7528995300602]]]}}, {"type": "Feature", "properties": {"cod_imovel": "SC-4201000-A3286632DCB3408D8595385C83CDD419", "municipio": "Anita Garibaldi", "num_area": 3.3811, "mod_fiscal": 0.1691, "des_condic": "Aguardando analise", "ind_status": "AT", "dat_atuali": "12/11/2015"}, "geometry": {"type": "Polygon", "coordinates": [[[-51.15264597062005, -27.77300923081592], [-51.1535239877056, -27.77381734407153], [-51.15451400477699, -27.77255730976955], [-51.15289843322547, -27.77097188229179], [-51.15253719791954, -27.77149965922193], [-51.15253475167328, -27.77256061083233], [-51.15264597062005, -27.77300923081592]]]}}, {"type": "Feature", "properties": {"cod_imovel": "SC-4201000-F9359FE31F7445F4AC4A9A04D5C057B0", "municipio": "Anita Garibaldi", "num_area": 11.9593, "mod_fiscal": 0.598, "des_condic": "Aguardando analise", "ind_status": "AT", "dat_atuali": "18/02/2019"}, "geometry": {"type": "Polygon", "coordinates": [[[-51.12780608382942, -27.77864631996169], [-51.12730460109957, -27.77791200616132], [-51.12327063748028, -27.77986931416725], [-51.1184085454778, -27.78180627854497], [-51.11873146240441, -27.78257786759237], [-51.11925564430975, -27.78288619124943], [-51.1206978554231, -27.78216430867904], [-51.12327385173794, -27.7812341637466], [-51.12780608382942, -27.77864631996169]]]}}, {"type": "Feature", "properties": {"cod_imovel": "SC-4201000-04A445F768A74438A7540AA3494B7EA9", "municipio": "Anita Garibaldi", "num_area": 24.8008, "mod_fiscal": 1.24, "des_condic": "Aguardando analise", "ind_status": "AT", "dat_atuali": "15/12/2015"}, "geometry": {"type": "Polygon", "coordinates": [[[-51.12631029897289, -27.77183241283158], [-51.12704844854277, -27.7691008178899], [-51.12317537276624, -27.7700344136882], [-51.121401687899, -27.77082914735678], [-51.12131052203996, -27.77437824887077], [-51.12648473993038, -27.77401217920265], [-51.12679760240882, -27.77329930413616], [-51.12631029897289, -27.77183241283158]]]}}, {"type": "Feature", "properties": {"cod_imovel": "SC-4201000-A327323A3238429585B6574A94B8D784", "municipio": "Anita Garibaldi", "num_area": 15.1382, "mod_fiscal": 0.7569, "des_condic": "Aguardando analise", "ind_status": "AT", "dat_atuali": "17/12/2015"}, "geometry": {"type": "Polygon", "coordinates": [[[-51.0196348983017, -27.76333401850258], [-51.01929524735023, -27.76397222353384], [-51.0174821438892, -27.76511454686838], [-51.01965264387223, -27.76757337105691], [-51.02457613454314, -27.76808346686444], [-51.02329602838405, -27.76658379952219], [-51.02244796956389, -27.76587958166727], [-51.02155611457231, -27.76534770302848], [-51.02060853619668, -27.7650839962242], [-51.0197125380522, -27.76411822125959], [-51.0196348983017, -27.76333401850258]]]}}, {"type": "Feature", "properties": {"cod_imovel": "SC-4201000-6024D6FEE92A48D1833D313F0D295E7F", "municipio": "Anita Garibaldi", "num_area": 11.2083, "mod_fiscal": 0.5604, "des_condic": "Aguardando analise", "ind_status": "AT", "dat_atuali": "05/01/2016"}, "geometry": {"type": "Polygon", "coordinates": [[[-51.03348676882064, -27.82224253058968], [-51.03379955136253, -27.82322249391806], [-51.03583702707538, -27.82337039059442], [-51.03851173566394, -27.82346597204836], [-51.04389792183941, -27.82282266991458], [-51.04284973309719, -27.82250818125557], [-51.0414165283684, -27.82269158617565], [-51.04051970230779, -27.82208172037386], [-51.03348676882064, -27.82224253058968]]]}}, {"type": "Feature", "properties": {"cod_imovel": "SC-4201000-ECFB56CFE7C5487DBDA7F0F759B431F1", "municipio": "Anita Garibaldi", "num_area": 4.3533, "mod_fiscal": 0.2177, "des_condic": "Aguardando analise", "ind_status": "AT", "dat_atuali": "01/05/2015"}, "geometry": {"type": "Polygon", "coordinates": [[[-51.03982167128213, -27.83442855952735], [-51.03979053559516, -27.83391552038477], [-51.03932519686417, -27.83393837843085], [-51.03932058476496, -27.8336203545526], [-51.03975969042047, -27.8335843073609], [-51.03959476208057, -27.83227906361175], [-51.03737892118878, -27.83291211192853], [-51.03689036383454, -27.83392557388465], [-51.03982167128213, -27.83442855952735]]]}}, {"type": "Feature", "properties": {"cod_imovel": "SC-4201000-C919A2AE193C4D5B8CF64DCDE8BC32D7", "municipio": "Anita Garibaldi", "num_area": 71.3592, "mod_fiscal": 3.568, "des_condic": "Aguardando analise", "ind_status": "AT", "dat_atuali": "08/04/2015"}, "geometry": {"type": "Polygon", "coordinates": [[[-51.01810040967749, -27.77500434833688], [-51.01711134865575, -27.77378314188032], [-51.01658240202548, -27.77644489192904], [-51.01831912994385, -27.78016414066011], [-51.02435246738388, -27.78277395435755], [-51.027374267578125, -27.783277556067464], [-51.02688970147157, -27.782330065626], [-51.02997101993277, -27.78223480771273], [-51.02940323205608, -27.78107253450932], [-51.03003487957255, -27.7806910440681], [-51.03081850321151, -27.77952597377313], [-51.03073464706103, -27.77856493896135], [-51.0304634491137, -27.77813581248467], [-51.02298650296721, -27.77723071252801], [-51.02044283968408, -27.77677107680232], [-51.02073003840822, -27.77559236134607], [-51.01935222128278, -27.77529074667797], [-51.0187113714517, -27.77498702325694], [-51.01810040967749, -27.77500434833688]]]}}, {"type": "Feature", "properties": {"cod_imovel": "SC-4201000-BDE2446F1ACF43288D70AE63A070CBD8", "municipio": "Anita Garibaldi", "num_area": 19.3596, "mod_fiscal": 0.968, "des_condic": "Aguardando analise", "ind_status": "AT", "dat_atuali": "08/04/2015"}, "geometry": {"type": "Polygon", "coordinates": [[[-51.03655815124512, -27.784454555747843], [-51.033639907836914, -27.78399894447954], [-51.0375452041626, -27.78984581080504], [-51.03874683380127, -27.79022546657839], [-51.03964805603027, -27.786011213177993], [-51.03655815124512, -27.784454555747843]]]}}, {"type": "Feature", "properties": {"cod_imovel": "SC-4201000-53C196FA960643989E55BED850AA9B61", "municipio": "Anita Garibaldi", "num_area": 17.6942, "mod_fiscal": 0.8847, "des_condic": "Aguardando analise", "ind_status": "AT", "dat_atuali": "10/04/2015"}, "geometry": {"type": "Polygon", "coordinates": [[[-51.02866787495868, -27.8138701814197], [-51.02805958634789, -27.81329104626564], [-51.02818117814554, -27.81428525997778], [-51.02906152342623, -27.81588434316705], [-51.02897531590227, -27.81661246166286], [-51.03082601593997, -27.81544543610615], [-51.03124738521751, -27.81507485048094], [-51.03146850504853, -27.814632021402], [-51.03416968104106, -27.81337415860655], [-51.03403133189632, -27.8129680499002], [-51.03411635961188, -27.81208552329654], [-51.03298111017617, -27.81091159902447], [-51.0312874294244, -27.81145850295368], [-51.03049171847243, -27.81195385690893], [-51.0298434523699, -27.81283562835759], [-51.02972442652771, -27.81370047307723], [-51.02941130618882, -27.81395196135549], [-51.02866787495868, -27.8138701814197]]]}}, {"type": "Feature", "properties": {"cod_imovel": "SC-4201000-8EC6F99498904E2FBF23565722168AFF", "municipio": "Anita Garibaldi", "num_area": 24.8452, "mod_fiscal": 1.2423, "des_condic": "Aguardando analise", "ind_status": "AT", "dat_atuali": "10/04/2015"}, "geometry": {"type": "Polygon", "coordinates": [[[-51.07824917244525, -27.7532517550533], [-51.0769443392626, -27.75099885372288], [-51.07574308819413, -27.75182189658851], [-51.07411297018839, -27.75324934965025], [-51.06988978188987, -27.75555386163124], [-51.07009309671068, -27.75601655376869], [-51.07048302071964, -27.75621200922689], [-51.07134574424428, -27.75627343003731], [-51.07187467465219, -27.75726309476434], [-51.07235920903835, -27.75781824073238], [-51.07216115836876, -27.75842960019077], [-51.07648576746577, -27.75458539417996], [-51.07824917244525, -27.7532517550533]]]}}, {"type": "Feature", "properties": {"cod_imovel": "SC-4201000-0CA695B3CADF43C7BDB5418551D499C1", "municipio": "Anita Garibaldi", "num_area": 16.5826, "mod_fiscal": 0.8291, "des_condic": "Aguardando analise", "ind_status": "AT", "dat_atuali": "14/04/2015"}, "geometry": {"type": "Polygon", "coordinates": [[[-51.10759163481293, -27.78946041529465], [-51.10651368308572, -27.78912565089366], [-51.10596724794163, -27.78979338157686], [-51.1028874344885, -27.79224591369227], [-51.10306093472368, -27.7935130915801], [-51.10271729034999, -27.79479962768019], [-51.10608562699301, -27.79486726055592], [-51.10581878174153, -27.79276069256717], [-51.10675570373041, -27.79167209902358], [-51.10742680856731, -27.79039063435522], [-51.10759163481293, -27.78946041529465]]]}}, {"type": "Feature", "properties": {"cod_imovel": "SC-4201000-38C75D6E5BFC4DBDA554B8CB82BD3433", "municipio": "Anita Garibaldi", "num_area": 21.9598, "mod_fiscal": 1.098, "des_condic": "Aguardando analise", "ind_status": "AT", "dat_atuali": "12/04/2016"}, "geometry": {"type": "Polygon", "coordinates": [[[-51.19834329383654, -27.74924617810616], [-51.19837257915377, -27.75032273548313], [-51.19999731400257, -27.74912181059801], [-51.20250019903003, -27.74764723946303], [-51.20405348843084, -27.74614503779162], [-51.20652086243527, -27.74254282729739], [-51.20371068390374, -27.74230186261867], [-51.20292219776207, -27.74266164026829], [-51.20204888800873, -27.74365946829209], [-51.20082848906954, -27.74465491492871], [-51.20189022416484, -27.74674217995596], [-51.20029800650178, -27.74792843875626], [-51.19928037161406, -27.74814541633525], [-51.19861280478799, -27.74869680889047], [-51.19834329383654, -27.74924617810616]]]}}, {"type": "Feature", "properties": {"cod_imovel": "SC-4201000-7791D014DF594CE58D1038ED009FBF8D", "municipio": "Anita Garibaldi", "num_area": 30.9, "mod_fiscal": 1.545, "des_condic": "Aguardando analise", "ind_status": "AT", "dat_atuali": "12/04/2016"}, "geometry": {"type": "Polygon", "coordinates": [[[-51.14952495427511, -27.76713114681652], [-51.15000373093959, -27.7668446156369], [-51.14938077354598, -27.76591034550299], [-51.14864919882593, -27.76620023862092], [-51.14691106123277, -27.76402446213215], [-51.14538687098042, -27.76505386627513], [-51.14557730069326, -27.76543961600145], [-51.14647729868903, -27.76601386956751], [-51.14093248709434, -27.76940318997628], [-51.13823972863951, -27.77136025286831], [-51.13840970915051, -27.77251057105006], [-51.13945621150074, -27.77294996510875], [-51.14883707132208, -27.76699237950013], [-51.14952495427511, -27.76713114681652]]]}}, {"type": "Feature", "properties": {"cod_imovel": "SC-4201000-2B0E8887261247D3AB3C672CA3096D8C", "municipio": "Anita Garibaldi", "num_area": 26.0696, "mod_fiscal": 1.3035, "des_condic": "Aguardando analise", "ind_status": "AT", "dat_atuali": "28/04/2015"}, "geometry": {"type": "Polygon", "coordinates": [[[-51.0400255148177, -27.77744013084587], [-51.04238937658658, -27.78144910257937], [-51.04224402820224, -27.78186517513715], [-51.04272220133103, -27.78345958860873], [-51.04598622603395, -27.78387637891294], [-51.04240526036362, -27.77484658004503], [-51.04192458552258, -27.77561289349986], [-51.04139455946626, -27.77609035939696], [-51.0410081167086, -27.77608391861041], [-51.04068107548157, -27.77646077439835], [-51.04053099837419, -27.77699219999929], [-51.0400255148177, -27.77744013084587]]]}}, {"type": "Feature", "properties": {"cod_imovel": "SC-4201000-C86ED39CE3DB4810AC80D488D411D540", "municipio": "Anita Garibaldi", "num_area": 9.3658, "mod_fiscal": 0.4683, "des_condic": "Aguardando analise", "ind_status": "AT", "dat_atuali": "01/05/2015"}, "geometry": {"type": "Polygon", "coordinates": [[[-51.0494327545166, -27.84144784621294], [-51.04818820953369, -27.84066991745672], [-51.04698657989502, -27.84114426492301], [-51.04542281681683, -27.84126982281673], [-51.041836738586426, -27.84110631720203], [-51.04179382324219, -27.841428872407214], [-51.0424512563789, -27.84181199744546], [-51.04259556331954, -27.84219032913497], [-51.04245901107788, -27.84245345316774], [-51.04252791078254, -27.84269254187812], [-51.04314565658569, -27.84330726307581], [-51.04534434047872, -27.84238005508939], [-51.04851881849996, -27.84180343691658], [-51.0494327545166, -27.84144784621294]]]}}, {"type": "Feature", "properties": {"cod_imovel": "SC-4201000-2D9520B9334F495CB72CA89D06AFAE1C", "municipio": "Anita Garibaldi", "num_area": 34.7919, "mod_fiscal": 1.7396, "des_condic": "Aguardando analise", "ind_status": "AT", "dat_atuali": "03/06/2015"}, "geometry": {"type": "Polygon", "coordinates": [[[-51.0306243117927, -27.83695223117269], [-51.03184622412677, -27.83670958210548], [-51.03261401800747, -27.8361657951327], [-51.03222536231086, -27.83500456484302], [-51.03039679395978, -27.83458181984835], [-51.02980242027333, -27.8346974050353], [-51.02878648669341, -27.8354726493024], [-51.02660511300825, -27.83653739331003], [-51.02504517671553, -27.84130934400475], [-51.02425686754781, -27.84246826029221], [-51.02428463494577, -27.8431904099732], [-51.02344554024801, -27.84395245193177], [-51.02527564845007, -27.84532202490211], [-51.02621608497235, -27.84368295182455], [-51.02871575359826, -27.84053945818397], [-51.02889729424861, -27.8376662012699], [-51.0306243117927, -27.83695223117269]]]}}, {"type": "Feature", "properties": {"cod_imovel": "SC-4201000-B7EEED43EBEA450DA50AB0E346DC0E2E", "municipio": "Anita Garibaldi", "num_area": 6.2993, "mod_fiscal": 0.315, "des_condic": "Aguardando analise", "ind_status": "AT", "dat_atuali": "17/03/2015"}, "geometry": {"type": "Polygon", "coordinates": [[[-51.01628042677032, -27.7557639666691], [-51.01500099226536, -27.75559717897859], [-51.01309829728284, -27.7560303484331], [-51.0127267448746, -27.75849380325545], [-51.01339555231648, -27.75847016942988], [-51.01403352833908, -27.75815728812201], [-51.01628042677032, -27.7557639666691]]]}}, {"type": "Feature", "properties": {"cod_imovel": "SC-4201000-34D27F669640443CBB01046EF71113FC", "municipio": "Anita Garibaldi", "num_area": 18.5765, "mod_fiscal": 0.9288, "des_condic": "Aguardando analise", "ind_status": "AT", "dat_atuali": "10/09/2019"}, "geometry": {"type": "Polygon", "coordinates": [[[-51.10424991816102, -27.7536244199583], [-51.10266379719001, -27.75460239158043], [-51.10165891926735, -27.75569457913798], [-51.101476599004, -27.75802857462575], [-51.1003869383479, -27.76026000968835], [-51.10262582734696, -27.75960310562944], [-51.10516906920297, -27.75795382968776], [-51.10485432082827, -27.75546414955964], [-51.10424991816102, -27.7536244199583]]]}}, {"type": "Feature", "properties": {"cod_imovel": "SC-4201000-FACB65A83D364846A243C3C15DB80BB3", "municipio": "Anita Garibaldi", "num_area": 11.4476, "mod_fiscal": 0.5724, "des_condic": "Aguardando analise", "ind_status": "AT", "dat_atuali": "01/05/2015"}, "geometry": {"type": "Polygon", "coordinates": [[[-51.24136552251102, -27.77573699956765], [-51.24255155834578, -27.77410157156317], [-51.23437911134639, -27.7707352075571], [-51.23401960623114, -27.77108108127058], [-51.24136552251102, -27.77573699956765]]]}}, {"type": "Feature", "properties": {"cod_imovel": "SC-4201000-2DAF0C055569404891458B56952F07AF", "municipio": "Anita Garibaldi", "num_area": 13.9385, "mod_fiscal": 0.6969, "des_condic": "Aguardando analise", "ind_status": "AT", "dat_atuali": "14/05/2015"}, "geometry": {"type": "Polygon", "coordinates": [[[-51.01620122771107, -27.77224830711829], [-51.01667794122425, -27.77181372901534], [-51.01733235045835, -27.77202792141328], [-51.01789128203135, -27.7712500616182], [-51.01879098115387, -27.77145513019364], [-51.01663058932196, -27.76806212339849], [-51.01359844207764, -27.76919053922308], [-51.01449966430664, -27.771677732749207], [-51.01620122771107, -27.77224830711829]]]}}, {"type": "Feature", "properties": {"cod_imovel": "SC-4201000-5E20DEEF47794A86B694CA0785E3E3C8", "municipio": "Anita Garibaldi", "num_area": 23.8737, "mod_fiscal": 1.1937, "des_condic": "Aguardando analise", "ind_status": "AT", "dat_atuali": "18/05/2015"}, "geometry": {"type": "Polygon", "coordinates": [[[-51.07761681280135, -27.77554742560094], [-51.08050983453489, -27.77697964253318], [-51.08248753188408, -27.77744856723604], [-51.08429917805111, -27.77897700925977], [-51.08541924493198, -27.7784654219977], [-51.08647515322897, -27.77713694767068], [-51.08870464252782, -27.77516787587473], [-51.08598064650959, -27.77443003993086], [-51.08544162507388, -27.77453298169689], [-51.08445236013794, -27.77377511404739], [-51.08498219029158, -27.77751545639078], [-51.08434236389974, -27.77689560163186], [-51.08387713023932, -27.7761105904507], [-51.08236055858293, -27.7757487217687], [-51.07906624108173, -27.77441799141714], [-51.07761681280135, -27.77554742560094]]]}}, {"type": "Feature", "properties": {"cod_imovel": "SC-4201000-151D6825628E4DFD970673223DB5157A", "municipio": "Anita Garibaldi", "num_area": 21.8, "mod_fiscal": 1.09, "des_condic": "Aguardando analise", "ind_status": "AT", "dat_atuali": "14/09/2018"}, "geometry": {"type": "Polygon", "coordinates": [[[-51.04281063103393, -27.79364494140051], [-51.0443782356669, -27.79851648197452], [-51.04653752909303, -27.7981393480155], [-51.04664713504434, -27.79769337014577], [-51.04652922342856, -27.79703143751476], [-51.04682055214525, -27.79669234197779], [-51.04699136866732, -27.79670340663383], [-51.04732701710692, -27.79411793565259], [-51.04728804326648, -27.79269268455989], [-51.04580162850677, -27.79277781568006], [-51.04462533298405, -27.79250295020865], [-51.04426667736774, -27.79226236871464], [-51.04281063103393, -27.79364494140051]]]}}, {"type": "Feature", "properties": {"cod_imovel": "SC-4201000-63722007EEF64A60B076E3642532E70B", "municipio": "Anita Garibaldi", "num_area": 18.0763, "mod_fiscal": 0.9038, "des_condic": "Aguardando analise", "ind_status": "AT", "dat_atuali": "06/03/2015"}, "geometry": {"type": "Polygon", "coordinates": [[[-51.0654616355896, -27.765602045329093], [-51.06421709060669, -27.76755769423977], [-51.07138395309448, -27.7699499936576], [-51.07119083404541, -27.76858297185901], [-51.071662902832024, -27.76812729410972], [-51.07252356357431, -27.76771993008296], [-51.0720056846665, -27.76729375877322], [-51.0717845555839, -27.76744403417713], [-51.0654616355896, -27.765602045329093]]]}}, {"type": "Feature", "properties": {"cod_imovel": "SC-4201000-F9E934AFF98B4B80BB39397BA55B8C1A", "municipio": "Anita Garibaldi", "num_area": 36.4271, "mod_fiscal": 1.8214, "des_condic": "Aguardando analise", "ind_status": "AT", "dat_atuali": "18/05/2015"}, "geometry": {"type": "Polygon", "coordinates": [[[-51.00596540177981, -27.80186349939176], [-51.00736760041242, -27.81295571738073], [-51.00820441748883, -27.81298414052931], [-51.00965687548283, -27.81029805180678], [-51.00979484775783, -27.80759999138637], [-51.01107725374126, -27.8072843010432], [-51.01159349121938, -27.80543164177239], [-51.00874350253639, -27.80301928829801], [-51.00596540177981, -27.80186349939176]]]}}, {"type": "Feature", "properties": {"cod_imovel": "SC-4201000-84DB7CA5D85B40BBBBD6CB96978C7D81", "municipio": "Anita Garibaldi", "num_area": 99.6624, "mod_fiscal": 4.9831, "des_condic": "Aguardando analise", "ind_status": "AT", "dat_atuali": "06/05/2022"}, "geometry": {"type": "Polygon", "coordinates": [[[-51.075551308189766, -27.81022084340562], [-51.073717334875106, -27.81118489254724], [-51.07249855029562, -27.811609109893578], [-51.07083220167555, -27.812959320903072], [-51.0674255706797, -27.81336609173021], [-51.06650300561931, -27.813119996968343], [-51.06546627096766, -27.813124735238222], [-51.065671409428425, -27.81556261463817], [-51.0660350025014, -27.816067622150133], [-51.066752378045074, -27.8162935072849], [-51.06782392283361, -27.816214445620925], [-51.069994960586186, -27.81642135669022], [-51.07105020039434, -27.81734469560202], [-51.07184120595166, -27.81833893987073], [-51.072875659127305, -27.819101675576707], [-51.074345428547446, -27.819878613788056], [-51.074908750724944, -27.82045724477622], [-51.07757384056081, -27.8211933222975], [-51.078971463153565, -27.822091671683665], [-51.081384741089785, -27.816484535780138], [-51.08030594422966, -27.81566682141157], [-51.078630940181064, -27.814819377549075], [-51.0783531999538, -27.813479939282175], [-51.07732835991754, -27.812936878587514], [-51.075551308189766, -27.81022084340562]]]}}, {"type": "Feature", "properties": {"cod_imovel": "SC-4201000-12543700B5D74C3989D73DEE9962805E", "municipio": "Anita Garibaldi", "num_area": 21.8, "mod_fiscal": 1.09, "des_condic": "Aguardando analise", "ind_status": "AT", "dat_atuali": "14/09/2018"}, "geometry": {"type": "Polygon", "coordinates": [[[-51.03157822305535, -27.80138489867882], [-51.03709205042872, -27.80203303081875], [-51.0380959321812, -27.79812138460683], [-51.03616964252013, -27.79664780695799], [-51.03271700624375, -27.79983113331223], [-51.03157822305535, -27.80138489867882]]]}}, {"type": "Feature", "properties": {"cod_imovel": "SC-4201000-28FFE500EAD249B4B9A469FC0F443C39", "municipio": "Anita Garibaldi", "num_area": 174.1786, "mod_fiscal": 8.7089, "des_condic": "Aguardando analise", "ind_status": "AT", "dat_atuali": "24/09/2014"}, "geometry": {"type": "Polygon", "coordinates": [[[-51.018919944763184, -27.75457000835017], [-51.018233299255364, -27.75578529613374], [-51.01767539978027, -27.76307673795192], [-51.02471351623535, -27.764823573362477], [-51.03200912475586, -27.766418485555437], [-51.030335426330566, -27.75343066373347], [-51.0230827331543, -27.750316394287367], [-51.022610664367676, -27.751911519032763], [-51.02170944213867, -27.753354707001794], [-51.02067947387695, -27.753734490130295], [-51.01956367492676, -27.7539243811978], [-51.018919944763184, -27.75457000835017]]]}}, {"type": "Feature", "properties": {"cod_imovel": "SC-4201000-43D6FAF02DF44813BA55984AF583BAA3", "municipio": "Anita Garibaldi", "num_area": 1.9686, "mod_fiscal": 0.0984, "des_condic": "Aguardando analise", "ind_status": "AT", "dat_atuali": "04/03/2015"}, "geometry": {"type": "Polygon", "coordinates": [[[-51.0681107841904, -27.76481614467144], [-51.06598130395334, -27.76480022248231], [-51.06561313450735, -27.76537867849817], [-51.06791643543937, -27.76580864988099], [-51.0681107841904, -27.76481614467144]]]}}, {"type": "Feature", "properties": {"cod_imovel": "SC-4201000-8EF2C3EECCA24607B4959964292A4B6B", "municipio": "Anita Garibaldi", "num_area": 4.8401, "mod_fiscal": 0.242, "des_condic": "Aguardando analise", "ind_status": "AT", "dat_atuali": "10/10/2014"}, "geometry": {"type": "Polygon", "coordinates": [[[-51.15366930802043, -27.79765133585043], [-51.15541219711304, -27.799165976751517], [-51.15565194501125, -27.7982611481747], [-51.15648528620568, -27.79710822312845], [-51.15494472722951, -27.79593615448185], [-51.15366930802043, -27.79765133585043]]]}}, {"type": "Feature", "properties": {"cod_imovel": "SC-4201000-05C47DEF0CBB48D2BE4CCFF0EB797C93", "municipio": "Anita Garibaldi", "num_area": 24.2819, "mod_fiscal": 1.2141, "des_condic": "Aguardando analise", "ind_status": "AT", "dat_atuali": "12/05/2015"}, "geometry": {"type": "Polygon", "coordinates": [[[-51.06208713681397, -27.81247127529138], [-51.0603290036747, -27.81068277692442], [-51.05505466461181, -27.816949900164527], [-51.05583199928621, -27.81685609526099], [-51.05656551633926, -27.81637274291439], [-51.05900776186505, -27.8158173708387], [-51.0597202538612, -27.81634063810776], [-51.06001610963506, -27.81684701134741], [-51.06037836124724, -27.81708876652317], [-51.06107545080558, -27.81723444032307], [-51.06132217168317, -27.81695003599534], [-51.06078502544551, -27.81603528895494], [-51.06093344960488, -27.81559478415456], [-51.0620687388989, -27.81489130498328], [-51.06311984134324, -27.81447512193655], [-51.06206738742936, -27.81283367791678], [-51.06208713681397, -27.81247127529138]]]}}, {"type": "Feature", "properties": {"cod_imovel": "SC-4201000-A368A9E4C407424298D2B78DF1F299C1", "municipio": "Anita Garibaldi", "num_area": 2.0226, "mod_fiscal": 0.1011, "des_condic": "Aguardando analise", "ind_status": "AT", "dat_atuali": "17/04/2023"}, "geometry": {"type": "Polygon", "coordinates": [[[-51.20286995367904, -27.76221027615602], [-51.20258581696449, -27.76324971429796], [-51.20355133562023, -27.76297405396842], [-51.20506055941908, -27.76225952928963], [-51.20422170847049, -27.76168710560361], [-51.20286995367904, -27.76221027615602]]]}}, {"type": "Feature", "properties": {"cod_imovel": "SC-4201000-E9FF8413E1224DF3B2B6D5EC680A7497", "municipio": "Anita Garibaldi", "num_area": 2.6276, "mod_fiscal": 0.1314, "des_condic": "Aguardando analise", "ind_status": "AT", "dat_atuali": "10/10/2014"}, "geometry": {"type": "Polygon", "coordinates": [[[-51.15289711917519, -27.79823070105997], [-51.15461191575054, -27.80018694109816], [-51.15533740720531, -27.7993536944135], [-51.15355403104822, -27.79771770054163], [-51.15289711917519, -27.79823070105997]]]}}, {"type": "Feature", "properties": {"cod_imovel": "SC-4201000-3DEF59DD895A481F8B079F37F4D00B50", "municipio": "Anita Garibaldi", "num_area": 47.8323, "mod_fiscal": 2.3916, "des_condic": "Aguardando analise", "ind_status": "AT", "dat_atuali": "23/03/2015"}, "geometry": {"type": "Polygon", "coordinates": [[[-51.04711812853592, -27.77358177453932], [-51.04598690786772, -27.77415947818285], [-51.04647569244175, -27.77455745235358], [-51.04769559467485, -27.77495319073836], [-51.04902177486829, -27.77602948531953], [-51.05019243821337, -27.77671440475833], [-51.05085094517118, -27.77783197622406], [-51.0510836285961, -27.77856776070754], [-51.05373587724055, -27.77961819159355], [-51.05593618860774, -27.78096141576847], [-51.05668047470724, -27.7802444511837], [-51.0580291073396, -27.77697313015549], [-51.05897585149372, -27.7769456197961], [-51.06031429208569, -27.77735908943773], [-51.06205745633031, -27.77741566894246], [-51.06303051235346, -27.77695711334545], [-51.06249738493246, -27.77596963060758], [-51.05501014911945, -27.7756402195928], [-51.04887227740426, -27.77422498902333], [-51.04711812853592, -27.77358177453932]]]}}, {"type": "Feature", "properties": {"cod_imovel": "SC-4201000-EFDA9344FDC1456B87461604A23D20D0", "municipio": "Anita Garibaldi", "num_area": 29.6193, "mod_fiscal": 1.481, "des_condic": "Aguardando analise", "ind_status": "AT", "dat_atuali": "10/10/2014"}, "geometry": {"type": "Polygon", "coordinates": [[[-51.14533353324531, -27.79952423211767], [-51.14362444702934, -27.79443890598471], [-51.14217281341553, -27.793718237484214], [-51.13954833511746, -27.79350385775651], [-51.139211654663086, -27.794477520657114], [-51.13959789276123, -27.798805333463278], [-51.14392381860688, -27.79957482977239], [-51.14533353324531, -27.79952423211767]]]}}, {"type": "Feature", "properties": {"cod_imovel": "SC-4201000-0862BA8C74574B0A895A1B591BA54629", "municipio": "Anita Garibaldi", "num_area": 49.2914, "mod_fiscal": 2.4646, "des_condic": "Aguardando analise", "ind_status": "AT", "dat_atuali": "14/05/2015"}, "geometry": {"type": "Polygon", "coordinates": [[[-51.06003171472977, -27.80987011943194], [-51.06515107044451, -27.81216845042414], [-51.06825113296509, -27.813097280138315], [-51.07071720919731, -27.81301575134191], [-51.07345689219082, -27.81134978183725], [-51.06953350420623, -27.80959443512983], [-51.06772628565079, -27.80755782465018], [-51.06701902525512, -27.80570192534426], [-51.06586490471025, -27.80677901505898], [-51.06353006561507, -27.8075905135908], [-51.06003171472977, -27.80987011943194]]]}}, {"type": "Feature", "properties": {"cod_imovel": "SC-4201000-885A27FD84094008A0A52F64F7DC7DD3", "municipio": "Anita Garibaldi", "num_area": 26.3708, "mod_fiscal": 1.3185, "des_condic": "Aguardando analise", "ind_status": "AT", "dat_atuali": "07/03/2016"}, "geometry": {"type": "Polygon", "coordinates": [[[-51.08478614622491, -27.77623542523319], [-51.08455449220205, -27.77523586268184], [-51.0843211679049, -27.77148559290037], [-51.08384440640536, -27.7710533297649], [-51.08328498304085, -27.77083082521674], [-51.08021586945279, -27.76988425275519], [-51.07984997853003, -27.77247309019007], [-51.07879129049508, -27.77450520336589], [-51.0821141253158, -27.77561475500664], [-51.08478614622491, -27.77623542523319]]]}}, {"type": "Feature", "properties": {"cod_imovel": "SC-4201000-F3BCC7A841C647199A0AB5C0928FAA03", "municipio": "Anita Garibaldi", "num_area": 4.8165, "mod_fiscal": 0.2408, "des_condic": "Aguardando analise", "ind_status": "AT", "dat_atuali": "03/11/2014"}, "geometry": {"type": "Polygon", "coordinates": [[[-51.21285599331812, -27.75360834395371], [-51.21130883189521, -27.75603214571548], [-51.21227007143005, -27.75655888314165], [-51.21293372392722, -27.75565852793019], [-51.21407116098151, -27.75556600506389], [-51.2146546479678, -27.75493411038709], [-51.21285599331812, -27.75360834395371]]]}}, {"type": "Feature", "properties": {"cod_imovel": "SC-4201000-569D7F39FC4B45DE8F2725E589E6271C", "municipio": "Anita Garibaldi", "num_area": 8.0397, "mod_fiscal": 0.402, "des_condic": "Aguardando analise", "ind_status": "AT", "dat_atuali": "03/03/2016"}, "geometry": {"type": "Polygon", "coordinates": [[[-51.00464069637958, -27.78532377944607], [-51.0038673023131, -27.78432982686221], [-51.00334911011965, -27.78457129160787], [-51.00292453132183, -27.78480449892948], [-51.00276079711767, -27.7852540211973], [-51.00183962930566, -27.7860434398409], [-51.00198767388748, -27.78691160184589], [-51.00246257964172, -27.78718279485594], [-51.00287155855695, -27.78771084076438], [-51.00440528771886, -27.78760619213217], [-51.00487338493822, -27.78740614367395], [-51.00490808486938, -27.78635291548477], [-51.00464069637958, -27.78532377944607]]]}}, {"type": "Feature", "properties": {"cod_imovel": "SC-4201000-1226ACF648794EE3A763551CD21A184E", "municipio": "Anita Garibaldi", "num_area": 23.7415, "mod_fiscal": 1.1871, "des_condic": "Aguardando analise", "ind_status": "AT", "dat_atuali": "09/06/2015"}, "geometry": {"type": "Polygon", "coordinates": [[[-51.05607683162333, -27.853647254456], [-51.05661996509111, -27.85702056499892], [-51.05487229140511, -27.8599356158898], [-51.0554400641872, -27.86045571076789], [-51.05823394511654, -27.86083865934785], [-51.05818881663109, -27.85913673867141], [-51.05794978617205, -27.85862766650686], [-51.0594373276433, -27.85863477264109], [-51.0595085745152, -27.85687270340464], [-51.05911198149714, -27.85622145230644], [-51.05895304272086, -27.85557754791956], [-51.05914951323578, -27.85460062826314], [-51.05867624756938, -27.85382513680694], [-51.05803142900309, -27.85354545641592], [-51.05783839439273, -27.85243567394728], [-51.05607683162333, -27.853647254456]]]}}, {"type": "Feature", "properties": {"cod_imovel": "SC-4201000-0F36BC088F1B4E3FA978252D53B7FC22", "municipio": "Anita Garibaldi", "num_area": 26.6916, "mod_fiscal": 1.3346, "des_condic": "Aguardando analise", "ind_status": "AT", "dat_atuali": "10/10/2014"}, "geometry": {"type": "Polygon", "coordinates": [[[-51.157729625701904, -27.797191914625888], [-51.15830910472815, -27.7952151840231], [-51.1607551574707, -27.795635417284238], [-51.1614203453064, -27.795236798526197], [-51.161956787109375, -27.794610394667078], [-51.16002559661865, -27.794458538642438], [-51.15659236907959, -27.79193390115129], [-51.15566968917847, -27.79098477414763], [-51.15256664318971, -27.79400383342458], [-51.15409694135425, -27.79528716265775], [-51.15545786804407, -27.79597412580634], [-51.15654945373535, -27.79681228318327], [-51.157472133636475, -27.79722987769723], [-51.157729625701904, -27.797191914625888]]]}}, {"type": "Feature", "properties": {"cod_imovel": "SC-4201000-0C2BAE347A654DE6B7A0FFF04F449AED", "municipio": "Anita Garibaldi", "num_area": 14.5999, "mod_fiscal": 0.73, "des_condic": "Aguardando analise", "ind_status": "AT", "dat_atuali": "30/03/2015"}, "geometry": {"type": "Polygon", "coordinates": [[[-51.063294410705566, -27.79593912583296], [-51.065354347229004, -27.79436362851931], [-51.059560775756836, -27.790377328516506], [-51.05933104620473, -27.79175750400387], [-51.058616638183594, -27.79195288360684], [-51.06127738952637, -27.794040933480762], [-51.063294410705566, -27.79593912583296]]]}}, {"type": "Feature", "properties": {"cod_imovel": "SC-4201000-0117428F33814B05B79CA7360C94B3E1", "municipio": "Anita Garibaldi", "num_area": 21.1571, "mod_fiscal": 1.0579, "des_condic": "Aguardando analise", "ind_status": "AT", "dat_atuali": "10/10/2014"}, "geometry": {"type": "Polygon", "coordinates": [[[-51.11464262008667, -27.798482651611984], [-51.11369105693611, -27.80042245915367], [-51.11423289874811, -27.8029713379322], [-51.11474474921103, -27.80388054505386], [-51.11663729224856, -27.80237590521463], [-51.11944536511296, -27.801236528797], [-51.1193517489838, -27.79866319892745], [-51.11771167603041, -27.79903162021275], [-51.11614879603609, -27.79899719714013], [-51.11464262008667, -27.798482651611984]]]}}, {"type": "Feature", "properties": {"cod_imovel": "SC-4201000-C1150052878842F3AD74529D4A02FDFB", "municipio": "Anita Garibaldi", "num_area": 11.9812, "mod_fiscal": 0.5991, "des_condic": "Aguardando analise", "ind_status": "AT", "dat_atuali": "11/03/2016"}, "geometry": {"type": "Polygon", "coordinates": [[[-51.04559346344826, -27.78373350233851], [-51.04584184247442, -27.78388197148348], [-51.04658739931441, -27.78387924743799], [-51.04931295201158, -27.78510571273661], [-51.05172278350178, -27.78538901068152], [-51.05289438514207, -27.78506162188714], [-51.05401273026998, -27.78414855049346], [-51.04951348441464, -27.78340660648047], [-51.04638299016653, -27.78250054021253], [-51.04602350076527, -27.78346725116963], [-51.04559346344826, -27.78373350233851]]]}}, {"type": "Feature", "properties": {"cod_imovel": "SC-4201000-5288EEE99F484877AC00F015AE1534D9", "municipio": "Anita Garibaldi", "num_area": 19.6769, "mod_fiscal": 0.9838, "des_condic": "Aguardando analise", "ind_status": "AT", "dat_atuali": "08/03/2016"}, "geometry": {"type": "Polygon", "coordinates": [[[-51.10615069566001, -27.81631807671422], [-51.10923732493368, -27.81652925476248], [-51.10946618775831, -27.81604010078986], [-51.11014428089185, -27.81604694195704], [-51.11025558084702, -27.81646292880073], [-51.11133369942338, -27.81512311378924], [-51.11298253173317, -27.81212155652729], [-51.11077547923155, -27.81282849708586], [-51.10769803730557, -27.81257573692341], [-51.10635778078425, -27.8153840750742], [-51.10615069566001, -27.81631807671422]]]}}, {"type": "Feature", "properties": {"cod_imovel": "SC-4201000-278D2C84BB25404AB5980815E4CACDF5", "municipio": "Anita Garibaldi", "num_area": 25.3494, "mod_fiscal": 1.2675, "des_condic": "Aguardando analise", "ind_status": "AT", "dat_atuali": "11/05/2015"}, "geometry": {"type": "Polygon", "coordinates": [[[-51.01078652614773, -27.7737130464395], [-51.01029419584325, -27.77459295058537], [-51.00897359637753, -27.7757617225096], [-51.00899327981563, -27.77616604509918], [-51.00935582746379, -27.77661591510882], [-51.00967474572505, -27.77819374777847], [-51.00937166482146, -27.77900972397737], [-51.00875925057223, -27.77917826853879], [-51.01249189844391, -27.78107828653904], [-51.01302744570192, -27.77848699451947], [-51.01343967076295, -27.77385205422484], [-51.01078652614773, -27.7737130464395]]]}}, {"type": "Feature", "properties": {"cod_imovel": "SC-4201000-F670583D1F6E4B62A987A3C34292D657", "municipio": "Anita Garibaldi", "num_area": 25.2918, "mod_fiscal": 1.2646, "des_condic": "Aguardando analise", "ind_status": "AT", "dat_atuali": "11/05/2015"}, "geometry": {"type": "Polygon", "coordinates": [[[-51.05488132503427, -27.80644029677474], [-51.05548979555545, -27.80527802984305], [-51.05329965782624, -27.80300714343953], [-51.04852813904241, -27.80390528145412], [-51.04794458890683, -27.80604923961883], [-51.04984835312213, -27.80705221129516], [-51.05062437907275, -27.80684727838904], [-51.05346913326118, -27.8074281699379], [-51.05488132503427, -27.80644029677474]]]}}, {"type": "Feature", "properties": {"cod_imovel": "SC-4201000-9A0AA6372ABF492BBDF7DFA5211C36B9", "municipio": "Anita Garibaldi", "num_area": 29.0102, "mod_fiscal": 1.4505, "des_condic": "Aguardando analise", "ind_status": "AT", "dat_atuali": "11/05/2015"}, "geometry": {"type": "Polygon", "coordinates": [[[-51.11527537574924, -27.79174010096496], [-51.11197348484526, -27.7939390194709], [-51.1114571733991, -27.7946559533939], [-51.11105672838044, -27.79947623232992], [-51.11162568113075, -27.80061182029745], [-51.11522827851671, -27.79768393870931], [-51.11590871856737, -27.79376848476527], [-51.11570461872807, -27.79266364815808], [-51.11527537574924, -27.79174010096496]]]}}, {"type": "Feature", "properties": {"cod_imovel": "SC-4201000-589C32A74A704EB6959EAB32F426CE02", "municipio": "Anita Garibaldi", "num_area": 17.1737, "mod_fiscal": 0.8587, "des_condic": "Aguardando analise", "ind_status": "AT", "dat_atuali": "12/05/2015"}, "geometry": {"type": "Polygon", "coordinates": [[[-51.00558982008285, -27.76204762157051], [-51.01100852203379, -27.76543368777024], [-51.01212320320198, -27.76354088591944], [-51.00609480964873, -27.75951487781103], [-51.00558982008285, -27.76204762157051]]]}}, {"type": "Feature", "properties": {"cod_imovel": "SC-4201000-B588118BEE0F44849CD719910ED43017", "municipio": "Anita Garibaldi", "num_area": 31.9446, "mod_fiscal": 1.5972, "des_condic": "Aguardando analise", "ind_status": "AT", "dat_atuali": "12/05/2015"}, "geometry": {"type": "Polygon", "coordinates": [[[-51.12815018753805, -27.75344879998992], [-51.12929854530437, -27.75295229116876], [-51.12629772939071, -27.75060655294394], [-51.1246112479873, -27.75201233237032], [-51.12217800133857, -27.75023574072526], [-51.12077628798576, -27.75213751103807], [-51.12359237375325, -27.75640452576062], [-51.12751949069475, -27.75552379093251], [-51.12725908657423, -27.75487194871221], [-51.12779653268576, -27.75376033729163], [-51.12815018753805, -27.75344879998992]]]}}, {"type": "Feature", "properties": {"cod_imovel": "SC-4201000-FF96224FE6804B2C942A99BDE9B18FBC", "municipio": "Anita Garibaldi", "num_area": 53.8255, "mod_fiscal": 2.6913, "des_condic": "Aguardando analise", "ind_status": "AT", "dat_atuali": "12/05/2015"}, "geometry": {"type": "Polygon", "coordinates": [[[-51.01428945878153, -27.8209311161711], [-51.0066520944285, -27.81921546074505], [-51.00441383855079, -27.82492278029656], [-51.00457484028401, -27.82531790417158], [-51.00452535703761, -27.82603927450645], [-51.0049862388885, -27.82728313283898], [-51.00545197725207, -27.82762033803492], [-51.00735749187263, -27.82693967604122], [-51.01175034791049, -27.8248530431244], [-51.0122493257756, -27.82414065251915], [-51.01234235670236, -27.82350330078544], [-51.01359953890368, -27.82265285761141], [-51.01428945878153, -27.8209311161711]]]}}, {"type": "Feature", "properties": {"cod_imovel": "SC-4201000-98E152534AC24E4FB08CAA0E8C216DDC", "municipio": "Anita Garibaldi", "num_area": 12.6602, "mod_fiscal": 0.633, "des_condic": "Aguardando analise", "ind_status": "AT", "dat_atuali": "19/04/2016"}, "geometry": {"type": "Polygon", "coordinates": [[[-51.04992425213043, -27.79920847180009], [-51.05074914302062, -27.79738465465186], [-51.0503441687265, -27.79708216922706], [-51.04908276268255, -27.79683962255568], [-51.04682055258, -27.79669223075689], [-51.04660195730224, -27.79685505659261], [-51.04664713547749, -27.79769325892271], [-51.04649699862384, -27.79826715701345], [-51.0470866171518, -27.80001000857184], [-51.04743529104717, -27.80045408206444], [-51.04941986972848, -27.7998394546125], [-51.05026886152115, -27.79972946383984], [-51.04992425213043, -27.79920847180009]]]}}, {"type": "Feature", "properties": {"cod_imovel": "SC-4201000-F2930E035E394A8094CD9B4A0D3C468F", "municipio": "Anita Garibaldi", "num_area": 1.7401, "mod_fiscal": 0.087, "des_condic": "Aguardando analise", "ind_status": "AT", "dat_atuali": "18/03/2016"}, "geometry": {"type": "Polygon", "coordinates": [[[-51.08786751869055, -27.75666536542623], [-51.0864503944434, -27.75572762152559], [-51.0858411549849, -27.75646517827925], [-51.0869402446747, -27.75726178597398], [-51.08739252533815, -27.75709661173432], [-51.08786751869055, -27.75666536542623]]]}}, {"type": "Feature", "properties": {"cod_imovel": "SC-4201000-EF0364F180EC4596AE4D9B687585DA33", "municipio": "Anita Garibaldi", "num_area": 15.2031, "mod_fiscal": 0.7602, "des_condic": "Aguardando analise", "ind_status": "AT", "dat_atuali": "08/06/2015"}, "geometry": {"type": "Polygon", "coordinates": [[[-51.14189253110428, -27.78492900298843], [-51.14132760861079, -27.78725254887005], [-51.14028490304204, -27.78718952032847], [-51.13898043900852, -27.78863145945569], [-51.14030601287931, -27.78913400546969], [-51.14058519565886, -27.79094404938572], [-51.14247690815765, -27.79146751703844], [-51.14401893669042, -27.79150502115261], [-51.14315333431564, -27.78989926742909], [-51.14294215639102, -27.78877542064975], [-51.14256295114505, -27.78795335940477], [-51.14237301273791, -27.78667477061584], [-51.14242367527081, -27.78553634264883], [-51.14189253110428, -27.78492900298843]]]}}, {"type": "Feature", "properties": {"cod_imovel": "SC-4201000-B182D0F286D84280B47A12F090F914E2", "municipio": "Anita Garibaldi", "num_area": 6.3524, "mod_fiscal": 0.3176, "des_condic": "Aguardando analise", "ind_status": "AT", "dat_atuali": "09/06/2015"}, "geometry": {"type": "Polygon", "coordinates": [[[-51.03379565830536, -27.82793243588619], [-51.03486353299562, -27.82685042543081], [-51.03416458828512, -27.82519968225503], [-51.03335402824551, -27.82542561229692], [-51.03138315515476, -27.82526471135001], [-51.03315190960507, -27.82804161134247], [-51.03379565830536, -27.82793243588619]]]}}, {"type": "Feature", "properties": {"cod_imovel": "SC-4201000-E94DBC269C1D4F19915426EA3EDE1471", "municipio": "Anita Garibaldi", "num_area": 10.5475, "mod_fiscal": 0.5274, "des_condic": "Aguardando analise", "ind_status": "AT", "dat_atuali": "17/06/2015"}, "geometry": {"type": "Polygon", "coordinates": [[[-51.16828045826343, -27.75873909674152], [-51.16896489972832, -27.76106351513506], [-51.16947286448278, -27.76180088552018], [-51.17110134360219, -27.76083403532541], [-51.17188928337149, -27.76002115545531], [-51.17211031002831, -27.75792528269612], [-51.17156889874731, -27.75785699479389], [-51.16828045826343, -27.75873909674152]]]}}, {"type": "Feature", "properties": {"cod_imovel": "SC-4201000-8279B4DF81F040B596C33591E070AEF4", "municipio": "Anita Garibaldi", "num_area": 11.5283, "mod_fiscal": 0.5764, "des_condic": "Aguardando analise", "ind_status": "AT", "dat_atuali": "15/08/2016"}, "geometry": {"type": "Polygon", "coordinates": [[[-51.16663952495716, -27.7559674132101], [-51.16665748831627, -27.75633840444261], [-51.1669426402832, -27.75681887108394], [-51.16798307775143, -27.75783418319099], [-51.16870007267414, -27.75988138308826], [-51.1715347082035, -27.75859578339048], [-51.16980277309371, -27.75647051943366], [-51.16808153964073, -27.75570879560826], [-51.16748104828448, -27.75522355992903], [-51.16663952495716, -27.7559674132101]]]}}, {"type": "Feature", "properties": {"cod_imovel": "SC-4201000-5758659AEDAD430483DA82ADAE094942", "municipio": "Anita Garibaldi", "num_area": 32.9892, "mod_fiscal": 1.6495, "des_condic": "Aguardando analise", "ind_status": "AT", "dat_atuali": "20/09/2022"}, "geometry": {"type": "Polygon", "coordinates": [[[-51.13822584313136, -27.77090583882278], [-51.14654901707019, -27.76602054253445], [-51.14556753605383, -27.7654465379283], [-51.14449009315384, -27.76522911724049], [-51.14329331158611, -27.7653568230078], [-51.1415850706498, -27.76441097204629], [-51.13659590250859, -27.76619327338714], [-51.13676291503933, -27.7667794561212], [-51.1377930324312, -27.76719696928905], [-51.13813546416165, -27.76766554770769], [-51.13768065561121, -27.76825955012419], [-51.13802761547963, -27.76881782080278], [-51.13766886083771, -27.76952454294773], [-51.13833107089442, -27.77021444642483], [-51.13822584313136, -27.77090583882278]]]}}, {"type": "Feature", "properties": {"cod_imovel": "SC-4201000-A65E682C34B94BFC8F730188C1E5EC4E", "municipio": "Anita Garibaldi", "num_area": 2.1169, "mod_fiscal": 0.1058, "des_condic": "Aguardando analise", "ind_status": "AT", "dat_atuali": "20/02/2017"}, "geometry": {"type": "Polygon", "coordinates": [[[-51.03969751504582, -27.83479856894978], [-51.0398345343412, -27.83440296637773], [-51.03592060958592, -27.83380063276137], [-51.03608940261395, -27.83441904308943], [-51.03969751504582, -27.83479856894978]]]}}, {"type": "Feature", "properties": {"cod_imovel": "SC-4201000-953838FCACA14F9E96E50FC587214BE8", "municipio": "Anita Garibaldi", "num_area": 30.7674, "mod_fiscal": 1.5384, "des_condic": "Aguardando analise", "ind_status": "AT", "dat_atuali": "25/03/2015"}, "geometry": {"type": "Polygon", "coordinates": [[[-51.05837275484543, -27.80079839294197], [-51.05964660644531, -27.80057057604516], [-51.05612754821777, -27.797666452064433], [-51.050870418548584, -27.797248859227924], [-51.05018377304077, -27.79920393913329], [-51.05357408523559, -27.802392731859072], [-51.055397987365716, -27.800627518876848], [-51.05700731277466, -27.801994137885693], [-51.05744960438555, -27.80144602998357], [-51.05837275484543, -27.80079839294197]]]}}, {"type": "Feature", "properties": {"cod_imovel": "SC-4201000-3CD11B89992540B6A71DA78569FD0787", "municipio": "Anita Garibaldi", "num_area": 3.929, "mod_fiscal": 0.1965, "des_condic": "Aguardando analise", "ind_status": "AT", "dat_atuali": "09/10/2015"}, "geometry": {"type": "Polygon", "coordinates": [[[-51.08600268222347, -27.75908243664712], [-51.08502244739854, -27.75742000124289], [-51.08367587104597, -27.75869694115319], [-51.08432971824757, -27.76039915308119], [-51.08600268222347, -27.75908243664712]]]}}, {"type": "Feature", "properties": {"cod_imovel": "SC-4201000-2E66BD0A815E4713AA7F3CCF1748F42D", "municipio": "Anita Garibaldi", "num_area": 189.9734, "mod_fiscal": 9.4987, "des_condic": "Aguardando analise", "ind_status": "AT", "dat_atuali": "01/04/2015"}, "geometry": {"type": "Polygon", "coordinates": [[[-51.09616629378022, -27.76197262109519], [-51.09976265298865, -27.76047868781402], [-51.10012617334253, -27.76019308777316], [-51.10064379720963, -27.75959846512803], [-51.10163563507535, -27.75776443864887], [-51.10174523280366, -27.75701776274232], [-51.1013066680959, -27.75581184295275], [-51.10285229470019, -27.75424736055117], [-51.10448904232236, -27.75328860533528], [-51.10600326905367, -27.75129064661121], [-51.10599736110765, -27.75043494570194], [-51.10649397427891, -27.74998578638281], [-51.10682141509813, -27.74992446428638], [-51.10708140643062, -27.74956822083016], [-51.10494934191901, -27.74747091566201], [-51.1041731172127, -27.74794402199874], [-51.10345123476647, -27.74815318771698], [-51.10275386074422, -27.7475378582115], [-51.10131010132952, -27.74678871437243], [-51.10118021361446, -27.74632225097486], [-51.10131614367624, -27.74571276865113], [-51.10066371516842, -27.74554186610077], [-51.10044799717019, -27.74499844774614], [-51.09985943434136, -27.74484067085228], [-51.09960218559409, -27.74451827883022], [-51.09846667801537, -27.74489176573173], [-51.09959466454971, -27.7462253696131], [-51.09988877025108, -27.7483024327813], [-51.09934519019912, -27.74926494475574], [-51.09887064618756, -27.74942530817506], [-51.09722950832592, -27.75088687889294], [-51.09833512513961, -27.75253892490731], [-51.09875131904382, -27.75265112852618], [-51.09895025302377, -27.75314884098142], [-51.09792601761047, -27.75450718073111], [-51.09690921123428, -27.75406871929171], [-51.09621775855892, -27.75351415806352], [-51.09503209312948, -27.75541190842433], [-51.09390113006745, -27.75489765390282], [-51.0924074076267, -27.75469280935323], [-51.09096835056918, -27.75324634509444], [-51.09083552798326, -27.75289791890712], [-51.09019065414827, -27.75249121140034], [-51.08976901217699, -27.75151179870435], [-51.08762957559954, -27.75427850865352], [-51.08688551242371, -27.75362164206108], [-51.08587592522952, -27.75229518569529], [-51.0848256598011, -27.75135476602586], [-51.08438762837896, -27.75150309807638], [-51.08334592718778, -27.75264550089978], [-51.08366455059734, -27.75277324287198], [-51.08450744281917, -27.7541431770364], [-51.08461244634017, -27.75507450378601], [-51.08599862823442, -27.75551206680719], [-51.08621885088346, -27.75574631038228], [-51.08651298036235, -27.75568830741719], [-51.0878536794346, -27.75656386406554], [-51.08824075856334, -27.75665369691495], [-51.08888037892908, -27.75713290865488], [-51.08938754628111, -27.7577782226951], [-51.08839256863746, -27.75849170242257], [-51.08772555905467, -27.75799478138379], [-51.0872391230645, -27.75851909599882], [-51.08687096906931, -27.75867730391216], [-51.08671582863182, -27.75952989054456], [-51.08679198158826, -27.76004670560121], [-51.08809768307557, -27.76065373379848], [-51.08921496196653, -27.76090728661017], [-51.08870437973312, -27.76182837662867], [-51.08779022882644, -27.76294593024045], [-51.08836668091293, -27.76308746522672], [-51.09004628343347, -27.76302734058277], [-51.09067799036833, -27.76340343126815], [-51.0913903590736, -27.76428787384105], [-51.09401837098839, -27.76578039682853], [-51.09463790551066, -27.76510788211503], [-51.09452953235332, -27.76456865558335], [-51.09493132914918, -27.76268972066485], [-51.09437257578385, -27.76215222619359], [-51.09425939700545, -27.76183868717004], [-51.09407384144186, -27.76051565407613], [-51.09415931309142, -27.76006215301523], [-51.09488314184311, -27.75930515253353], [-51.09680358038108, -27.75896320056184], [-51.09687837605823, -27.75936145218566], [-51.09607441325957, -27.75973308941647], [-51.09567371508806, -27.76006670740073], [-51.09550053646804, -27.76048348371279], [-51.09558082247544, -27.76123958983667], [-51.09579669009446, -27.76167111230702], [-51.09616629378022, -27.76197262109519]]]}}, {"type": "Feature", "properties": {"cod_imovel": "SC-4201000-DD4B8C2DF8874FF3A61F69F522EFD276", "municipio": "Anita Garibaldi", "num_area": 37.2189, "mod_fiscal": 1.8609, "des_condic": "Aguardando analise", "ind_status": "AT", "dat_atuali": "29/12/2017"}, "geometry": {"type": "Polygon", "coordinates": [[[-51.01222349955994, -27.75600685845561], [-51.0126889743605, -27.75592911058189], [-51.01279191612252, -27.75064432636431], [-51.0086493141801, -27.74790239295556], [-51.00825379208682, -27.75256296320055], [-51.0056204346359, -27.75260040744298], [-51.00497592538145, -27.75504833429967], [-51.00607334823061, -27.75473867448864], [-51.00792193342689, -27.75471860611938], [-51.01107953144662, -27.75578074476869], [-51.01222349955994, -27.75600685845561]]]}}, {"type": "Feature", "properties": {"cod_imovel": "SC-4201000-86EE492FEC1B45038DBD94251113BC72", "municipio": "Anita Garibaldi", "num_area": 34.746, "mod_fiscal": 1.7373, "des_condic": "Aguardando analise", "ind_status": "AT", "dat_atuali": "07/04/2015"}, "geometry": {"type": "Polygon", "coordinates": [[[-51.07722043991089, -27.781929685947745], [-51.07527452014074, -27.78189318039635], [-51.07395450904823, -27.78221920660503], [-51.07364919960363, -27.78289063970729], [-51.07264653847192, -27.78357468957166], [-51.072564125061035, -27.784302685537178], [-51.07506333226608, -27.78527076312459], [-51.080567836761475, -27.788118360296455], [-51.08166217803955, -27.786295965174872], [-51.080589294433594, -27.78506203446947], [-51.078894138336175, -27.78118929947787], [-51.07722043991089, -27.781929685947745]]]}}, {"type": "Feature", "properties": {"cod_imovel": "SC-4201000-8464FBF710394BB085B0E2A3A0134F20", "municipio": "Anita Garibaldi", "num_area": 9.8435, "mod_fiscal": 0.4922, "des_condic": "Aguardando analise", "ind_status": "AT", "dat_atuali": "03/09/2019"}, "geometry": {"type": "Polygon", "coordinates": [[[-51.20666957918237, -27.75354011837413], [-51.20812967390334, -27.75502001004501], [-51.21083558855094, -27.75152260051349], [-51.20924694667139, -27.75014993941432], [-51.20666957918237, -27.75354011837413]]]}}, {"type": "Feature", "properties": {"cod_imovel": "SC-4201000-5F3CE9291E77442DBC25D3E8B60AD5C1", "municipio": "Anita Garibaldi", "num_area": 32.3701, "mod_fiscal": 1.6185, "des_condic": "Aguardando analise", "ind_status": "AT", "dat_atuali": "14/05/2015"}, "geometry": {"type": "Polygon", "coordinates": [[[-51.05792456180032, -27.81340914064472], [-51.06024304462483, -27.81060469359195], [-51.05860863471391, -27.80892526694744], [-51.05511993105998, -27.81286364179486], [-51.05382391079758, -27.8106272444003], [-51.05124333954103, -27.81135278313245], [-51.05325846803034, -27.81498809011766], [-51.05298810057888, -27.81569015490528], [-51.05202975569455, -27.81656709357229], [-51.05240926874787, -27.81709115308014], [-51.05270834236126, -27.8169702260304], [-51.05301326998088, -27.81657350542974], [-51.0535850703937, -27.81669995889506], [-51.05404288078828, -27.81624941830441], [-51.05472640931168, -27.81599207176897], [-51.05534872717351, -27.81616069922611], [-51.05792456180032, -27.81340914064472]]]}}, {"type": "Feature", "properties": {"cod_imovel": "SC-4201000-0EFD134BCC394522903C0B24FF64AE12", "municipio": "Anita Garibaldi", "num_area": 11.6899, "mod_fiscal": 0.5845, "des_condic": "Aguardando analise", "ind_status": "AT", "dat_atuali": "09/02/2022"}, "geometry": {"type": "Polygon", "coordinates": [[[-51.01344213412634, -27.80708706268565], [-51.01159323158369, -27.8054554198234], [-51.01085948150313, -27.80739887108382], [-51.00978805440741, -27.8076061929416], [-51.00966753789259, -27.81024760238098], [-51.01082713645693, -27.81028107018658], [-51.01078296109574, -27.81008512361751], [-51.01223719616965, -27.80896687760019], [-51.01308203424378, -27.8093515886838], [-51.01308631321943, -27.80827533524767], [-51.01360960255953, -27.80838695728406], [-51.01344213412634, -27.80708706268565]]]}}, {"type": "Feature", "properties": {"cod_imovel": "SC-4201000-BB7B25B5253942FCA72D988A27AD647B", "municipio": "Anita Garibaldi", "num_area": 15.2633, "mod_fiscal": 0.7632, "des_condic": "Aguardando analise", "ind_status": "AT", "dat_atuali": "08/01/2022"}, "geometry": {"type": "Polygon", "coordinates": [[[-51.00961406707923, -27.76748726062596], [-51.0050013812864, -27.76463440625636], [-51.00436678702359, -27.76849237929523], [-51.00605645999616, -27.76922320514946], [-51.00729859823038, -27.76909099168769], [-51.00806622726878, -27.7689258881651], [-51.00934090400138, -27.76792881077643], [-51.00961406707923, -27.76748726062596]]]}}, {"type": "Feature", "properties": {"cod_imovel": "SC-4201000-BAF1897E6A8B4BA38CDE56CF1163BAC2", "municipio": "Anita Garibaldi", "num_area": 6.096, "mod_fiscal": 0.3048, "des_condic": "Aguardando analise", "ind_status": "AT", "dat_atuali": "12/01/2022"}, "geometry": {"type": "Polygon", "coordinates": [[[-51.07611315410598, -27.76664930243763], [-51.0758971520231, -27.7672839614077], [-51.07553826649876, -27.76771005412858], [-51.07701521194858, -27.77117935359838], [-51.07808502841177, -27.77073398080828], [-51.07675875381666, -27.76673311815885], [-51.07611315410598, -27.76664930243763]]]}}, {"type": "Feature", "properties": {"cod_imovel": "SC-4201000-EF56B6758CBB42CBAB8AD002170ABCF4", "municipio": "Anita Garibaldi", "num_area": 28.5341, "mod_fiscal": 1.4267, "des_condic": "Aguardando analise", "ind_status": "AT", "dat_atuali": "08/06/2015"}, "geometry": {"type": "Polygon", "coordinates": [[[-51.12450052843037, -27.76279974137385], [-51.12317860287346, -27.76360977110393], [-51.12254448262485, -27.76541081978413], [-51.12162858728964, -27.76667585496515], [-51.12108020167005, -27.76689139980758], [-51.12069809522453, -27.76794799421948], [-51.12069168723394, -27.76858059757492], [-51.12239938341961, -27.77026308216708], [-51.12704737682074, -27.76910661933745], [-51.12694246994603, -27.76810594198932], [-51.12610844986175, -27.76664951474594], [-51.12460424680883, -27.76458777848029], [-51.12450052843037, -27.76279974137385]]]}}, {"type": "Feature", "properties": {"cod_imovel": "SC-4201000-0FB38846E3CA481088635A5EF5DF363E", "municipio": "Anita Garibaldi", "num_area": 7.1431, "mod_fiscal": 0.3572, "des_condic": "Aguardando analise", "ind_status": "AT", "dat_atuali": "05/04/2022"}, "geometry": {"type": "Polygon", "coordinates": [[[-51.20294328570379, -27.76116801427096], [-51.2038219747415, -27.76132350533396], [-51.20444043087429, -27.76185133389639], [-51.20525615877673, -27.76222778077895], [-51.20615127508263, -27.76147762801285], [-51.20554518674285, -27.75788435168936], [-51.20480714371242, -27.75790469671972], [-51.20441399108247, -27.75823126371279], [-51.20394685482012, -27.75947648476652], [-51.20480857477161, -27.7612905878923], [-51.20294328570379, -27.76116801427096]]]}}, {"type": "Feature", "properties": {"cod_imovel": "SC-4201000-C128A0CAC6AC43359857357FDEA972B2", "municipio": "Anita Garibaldi", "num_area": 10.0981, "mod_fiscal": 0.5049, "des_condic": "Aguardando analise", "ind_status": "AT", "dat_atuali": "09/10/2014"}, "geometry": {"type": "Polygon", "coordinates": [[[-51.1503267288208, -27.793148771623983], [-51.14682420679622, -27.79549969713515], [-51.145949363708496, -27.794743268514615], [-51.14552021026611, -27.794743268514615], [-51.144704818725586, -27.795502544527324], [-51.14689350128174, -27.79755256326816], [-51.15101337432861, -27.793794166040175], [-51.1503267288208, -27.793148771623983]]]}}, {"type": "Feature", "properties": {"cod_imovel": "SC-4201000-2DE5FDC891934F1EB12F77A30B76E10E", "municipio": "Anita Garibaldi", "num_area": 44.0536, "mod_fiscal": 2.2027, "des_condic": "Aguardando analise", "ind_status": "AT", "dat_atuali": "09/03/2016"}, "geometry": {"type": "Polygon", "coordinates": [[[-51.11414823823296, -27.76679829317907], [-51.11482594284517, -27.76665104132687], [-51.11516225627187, -27.76546353613195], [-51.11489246886188, -27.76544951612646], [-51.11353112687078, -27.76429816731906], [-51.11492445041245, -27.76317727285316], [-51.11066390428852, -27.75937016336761], [-51.10967302928491, -27.75883442450063], [-51.10922280983935, -27.75919669891457], [-51.10827542248691, -27.75940070981374], [-51.10856422699855, -27.76025885645933], [-51.10762403471754, -27.76094831868481], [-51.10593744737995, -27.7634027884017], [-51.10559552300312, -27.76367030750889], [-51.10787984947022, -27.76473320172888], [-51.10933016757532, -27.76497169339319], [-51.10942007320131, -27.76528438812565], [-51.11171881851393, -27.76579813655712], [-51.11231752415897, -27.76614264372925], [-51.11247245361319, -27.76666584945531], [-51.11414823823296, -27.76679829317907]]]}}, {"type": "Feature", "properties": {"cod_imovel": "SC-4201000-FA36DC33BA9948FEB01BF14E27D929EE", "municipio": "Anita Garibaldi", "num_area": 2.1434, "mod_fiscal": 0.1072, "des_condic": "Aguardando analise", "ind_status": "AT", "dat_atuali": "07/10/2014"}, "geometry": {"type": "Polygon", "coordinates": [[[-51.14232301712036, -27.785005083483476], [-51.145713329315186, -27.781815780665077], [-51.14537000656128, -27.78153101693644], [-51.14199822044691, -27.78467641101021], [-51.14232301712036, -27.785005083483476]]]}}, {"type": "Feature", "properties": {"cod_imovel": "SC-4201000-EB292E91A39D48C58455779D5A7A1E36", "municipio": "Anita Garibaldi", "num_area": 12.7038, "mod_fiscal": 0.6352, "des_condic": "Aguardando analise", "ind_status": "AT", "dat_atuali": "17/07/2019"}, "geometry": {"type": "Polygon", "coordinates": [[[-51.01269439345388, -27.77093834843517], [-51.01197489537578, -27.77175203166667], [-51.0118202020148, -27.7728578631598], [-51.01076209173188, -27.77375601303407], [-51.017162942583, -27.7738469910504], [-51.01666634600289, -27.77277320543395], [-51.01537913687155, -27.7718662535749], [-51.01269439345388, -27.77093834843517]]]}}, {"type": "Feature", "properties": {"cod_imovel": "SC-4201000-1D1DDC3985BF4DA4A7F0397CB8512E91", "municipio": "Anita Garibaldi", "num_area": 30.2427, "mod_fiscal": 1.5121, "des_condic": "Aguardando analise", "ind_status": "AT", "dat_atuali": "22/03/2016"}, "geometry": {"type": "Polygon", "coordinates": [[[-51.04457051001732, -27.85144237187812], [-51.04481941575073, -27.84888465172318], [-51.04392685885603, -27.84929282646401], [-51.03911163838383, -27.84995866987808], [-51.03883092449582, -27.85228765339901], [-51.03881221249962, -27.85716953553367], [-51.04040503146473, -27.85546444753793], [-51.04237251829793, -27.85404194471383], [-51.04358342008128, -27.85281404094934], [-51.04457051001732, -27.85144237187812]]]}}, {"type": "Feature", "properties": {"cod_imovel": "SC-4201000-D14A1165080F48E0926C16C465092995", "municipio": "Anita Garibaldi", "num_area": 9.5139, "mod_fiscal": 0.4757, "des_condic": "Aguardando analise", "ind_status": "AT", "dat_atuali": "07/07/2017"}, "geometry": {"type": "Polygon", "coordinates": [[[-51.03931334580684, -27.85092822612915], [-51.03786445080597, -27.85535386937823], [-51.03848951180106, -27.85609546579178], [-51.04188648949923, -27.8513042441277], [-51.03931334580684, -27.85092822612915]]]}}, {"type": "Feature", "properties": {"cod_imovel": "SC-4201000-EEE89945E31F42709E2048AA8657711D", "municipio": "Anita Garibaldi", "num_area": 10.1469, "mod_fiscal": 0.5073, "des_condic": "Aguardando analise", "ind_status": "AT", "dat_atuali": "02/03/2015"}, "geometry": {"type": "Polygon", "coordinates": [[[-51.05616112497167, -27.75403677703859], [-51.05724334716797, -27.7539243811978], [-51.05668544769287, -27.752139392088985], [-51.05222225189209, -27.75394337028633], [-51.05297327041626, -27.755595408311738], [-51.05394196249883, -27.75551602621629], [-51.05473279953002, -27.755215631674204], [-51.05611252776139, -27.75462951615942], [-51.05616112497167, -27.75403677703859]]]}}, {"type": "Feature", "properties": {"cod_imovel": "SC-4201000-2325F583557443D7831B0CBC56B1D65A", "municipio": "Anita Garibaldi", "num_area": 21.5389, "mod_fiscal": 1.0769, "des_condic": "Aguardando analise", "ind_status": "AT", "dat_atuali": "08/04/2015"}, "geometry": {"type": "Polygon", "coordinates": [[[-51.02901383414886, -27.81651788987006], [-51.025464534759514, -27.819853508676545], [-51.0260009765625, -27.821523522844736], [-51.03401690012038, -27.81633214511854], [-51.03173017501831, -27.814805355142457], [-51.02901383414886, -27.81651788987006]]]}}, {"type": "Feature", "properties": {"cod_imovel": "SC-4201000-07CEA9C9584E43AEA503AC4F83E5BEF7", "municipio": "Anita Garibaldi", "num_area": 60.0667, "mod_fiscal": 3.0033, "des_condic": "Aguardando analise", "ind_status": "AT", "dat_atuali": "08/04/2015"}, "geometry": {"type": "Polygon", "coordinates": [[[-51.03664398193359, -27.829322907947706], [-51.032094955444336, -27.830954825173468], [-51.03698530371307, -27.83344930979558], [-51.03966519264368, -27.83298750798004], [-51.04008433249409, -27.83245510805446], [-51.04197256442149, -27.83247655379338], [-51.04302437086764, -27.83167818998869], [-51.04682325668367, -27.83003349493447], [-51.04750156402587, -27.82810844199448], [-51.0444974899292, -27.82621081173876], [-51.03664398193359, -27.829322907947706]]]}}, {"type": "Feature", "properties": {"cod_imovel": "SC-4201000-BD426FC4A1084F39A55EA7C6845B9A4E", "municipio": "Anita Garibaldi", "num_area": 39.0441, "mod_fiscal": 1.9522, "des_condic": "Aguardando analise", "ind_status": "AT", "dat_atuali": "26/02/2016"}, "geometry": {"type": "Polygon", "coordinates": [[[-51.00588777268737, -27.80171162740136], [-51.00832613726694, -27.8027532932834], [-51.00944393486062, -27.79811818174797], [-51.0115797013377, -27.79947593636859], [-51.01313799237926, -27.79654577206389], [-51.01532206491911, -27.79109647245108], [-51.0148022621723, -27.79059884107151], [-51.01304032105008, -27.79023146840672], [-51.01269666554515, -27.79155152251635], [-51.01162560473031, -27.79267942574328], [-51.01039635355119, -27.79444927731526], [-51.01007091889107, -27.79556032648659], [-51.00838028684322, -27.79867890546154], [-51.00799515978704, -27.79859869756522], [-51.00720292868206, -27.79891221287476], [-51.00656943809142, -27.79986355854737], [-51.00588777268737, -27.80171162740136]]]}}, {"type": "Feature", "properties": {"cod_imovel": "SC-4201000-64331C5B372946E484453CA9B2978B28", "municipio": "Anita Garibaldi", "num_area": 26.1256, "mod_fiscal": 1.3063, "des_condic": "Aguardando analise", "ind_status": "AT", "dat_atuali": "15/02/2016"}, "geometry": {"type": "Polygon", "coordinates": [[[-51.03245272310833, -27.8205969417533], [-51.03282004084064, -27.82095529185036], [-51.03832150253482, -27.81846999276493], [-51.03714264486999, -27.81643359085857], [-51.03633015242045, -27.81617647079378], [-51.03533526669573, -27.81546682488118], [-51.02974314046281, -27.81893834233369], [-51.03043964224683, -27.81966170880178], [-51.03245272310833, -27.8205969417533]]]}}, {"type": "Feature", "properties": {"cod_imovel": "SC-4201000-13EE2DFB9B5646929B0443283D9B9F38", "municipio": "Anita Garibaldi", "num_area": 19.0266, "mod_fiscal": 0.9513, "des_condic": "Aguardando analise", "ind_status": "AT", "dat_atuali": "15/01/2016"}, "geometry": {"type": "Polygon", "coordinates": [[[-51.12205774146137, -27.76581021295711], [-51.12258401415374, -27.76499278597959], [-51.12014078090494, -27.7635939460236], [-51.11636476648712, -27.76049818002111], [-51.11561219413603, -27.76388537477854], [-51.12145889073265, -27.76658315941537], [-51.12192994313205, -27.76628729483407], [-51.12205774146137, -27.76581021295711]]]}}, {"type": "Feature", "properties": {"cod_imovel": "SC-4201000-B8A9F7826B1445F0B2AD2E7A492EC255", "municipio": "Anita Garibaldi", "num_area": 11.0706, "mod_fiscal": 0.5535, "des_condic": "Aguardando analise", "ind_status": "AT", "dat_atuali": "28/01/2016"}, "geometry": {"type": "Polygon", "coordinates": [[[-51.22311026823894, -27.75231301943286], [-51.22165902559642, -27.75164850689957], [-51.21789897114924, -27.75682159445227], [-51.21931314468383, -27.757570225472183], [-51.22311026823894, -27.75231301943286]]]}}, {"type": "Feature", "properties": {"cod_imovel": "SC-4201000-7613D88F3B1A4B26BA64382DCE7555E5", "municipio": "Anita Garibaldi", "num_area": 10.9082, "mod_fiscal": 0.5454, "des_condic": "Aguardando analise", "ind_status": "AT", "dat_atuali": "03/02/2016"}, "geometry": {"type": "Polygon", "coordinates": [[[-51.0230827331543, -27.84431285279317], [-51.02427815117399, -27.84318530655937], [-51.02422235009961, -27.84255286801542], [-51.02476600814109, -27.84172452338124], [-51.02453946829531, -27.84023831157423], [-51.02394535238782, -27.84012015972157], [-51.02309184178401, -27.83931554593346], [-51.02206730664933, -27.83978548339291], [-51.02108716964722, -27.840556073756183], [-51.02233308691973, -27.8413910737828], [-51.022632122039795, -27.841808347891295], [-51.022160053253174, -27.843629811736545], [-51.0224175453186, -27.84433182609445], [-51.0230827331543, -27.84431285279317]]]}}, {"type": "Feature", "properties": {"cod_imovel": "SC-4201000-013F7362CBC544FE82A8F7D54B8388C6", "municipio": "Anita Garibaldi", "num_area": 49.1697, "mod_fiscal": 2.4585, "des_condic": "Aguardando analise", "ind_status": "AT", "dat_atuali": "14/10/2015"}, "geometry": {"type": "Polygon", "coordinates": [[[-51.02890628805869, -27.81575443320332], [-51.02817811542558, -27.81450023542869], [-51.02323248975913, -27.8146780389198], [-51.02341207361292, -27.82085229150118], [-51.02451629223329, -27.82092147556107], [-51.0253066888759, -27.82133162882782], [-51.02679816357161, -27.82151197137637], [-51.02814420541201, -27.82144799560965], [-51.02913996713489, -27.82185225935957], [-51.02918657997489, -27.8224660280387], [-51.02960676480895, -27.82259304616149], [-51.03019526087535, -27.82257247251166], [-51.03070648431119, -27.82216574495974], [-51.03191813292611, -27.82035673685144], [-51.03066550094145, -27.81985676041401], [-51.0298092204526, -27.81920623751062], [-51.02911491991545, -27.81755273604327], [-51.02890628805869, -27.81575443320332]]]}}, {"type": "Feature", "properties": {"cod_imovel": "SC-4201000-D2BC453AF7F042C4B4547F4FB707BACE", "municipio": "Anita Garibaldi", "num_area": 23.6302, "mod_fiscal": 1.1815, "des_condic": "Aguardando analise", "ind_status": "AT", "dat_atuali": "06/07/2015"}, "geometry": {"type": "Polygon", "coordinates": [[[-51.11635441831346, -27.76047854892362], [-51.11825064306048, -27.76209046863951], [-51.12006415789491, -27.76054892523939], [-51.11909380386179, -27.75975165107136], [-51.11782565915338, -27.75714218660669], [-51.11738402123345, -27.75724949562348], [-51.11621033197397, -27.75443132244528], [-51.11608270522361, -27.75490349038988], [-51.1158870594909, -27.75503658643452], [-51.11509582144139, -27.755051494217], [-51.11464434666576, -27.75536087771526], [-51.11458938520013, -27.75590069762736], [-51.11473909052629, -27.75617581010757], [-51.11447378421489, -27.75652457966163], [-51.11319405620141, -27.7564853533003], [-51.1136238886137, -27.75759883985082], [-51.11635441831346, -27.76047854892362]]]}}, {"type": "Feature", "properties": {"cod_imovel": "SC-4201000-3F00DA33264344609356BD7CD0D75ED7", "municipio": "Anita Garibaldi", "num_area": 9.2347, "mod_fiscal": 0.4617, "des_condic": "Aguardando analise", "ind_status": "AT", "dat_atuali": "22/10/2014"}, "geometry": {"type": "Polygon", "coordinates": [[[-51.09401354313393, -27.74875190146831], [-51.09641972049835, -27.750046076948], [-51.09726996876043, -27.75088332842264], [-51.09847689136376, -27.74980067294505], [-51.09661835738405, -27.7480825226608], [-51.09533241549379, -27.74726984337867], [-51.09359721923183, -27.74678239487487], [-51.09401354313393, -27.74875190146831]]]}}, {"type": "Feature", "properties": {"cod_imovel": "SC-4201000-7183F01985814298835F5B8EA88DB9D9", "municipio": "Anita Garibaldi", "num_area": 21.4335, "mod_fiscal": 1.0717, "des_condic": "Aguardando analise", "ind_status": "AT", "dat_atuali": "09/09/2014"}, "geometry": {"type": "Polygon", "coordinates": [[[-51.051614971033246, -27.857910566758164], [-51.049214336269856, -27.8542835548401], [-51.04656321208456, -27.856732070251258], [-51.045689943917246, -27.857106495897753], [-51.046160107552005, -27.859209157348886], [-51.04689942198279, -27.859817899609396], [-51.04859382778987, -27.860523566428373], [-51.047652797047654, -27.85990278831451], [-51.04748010635376, -27.859338667709174], [-51.04804914265255, -27.858915273752245], [-51.048831939697266, -27.85876954599641], [-51.049368381500244, -27.858731604442667], [-51.05031077477844, -27.858984998965894], [-51.05252776574215, -27.860082451872064], [-51.051614971033246, -27.857910566758164]]]}}, {"type": "Feature", "properties": {"cod_imovel": "SC-4201000-B81F17CF54A74DC9B77C736A1BAA16A7", "municipio": "Anita Garibaldi", "num_area": 38.0647, "mod_fiscal": 1.9032, "des_condic": "Aguardando analise", "ind_status": "AT", "dat_atuali": "07/10/2014"}, "geometry": {"type": "Polygon", "coordinates": [[[-51.15347441089885, -27.78309688763883], [-51.14439218349624, -27.79174758128658], [-51.1462926864624, -27.793452487120703], [-51.146507263183594, -27.793983987198043], [-51.1508846282959, -27.78950411947545], [-51.15560531616211, -27.784150815114412], [-51.15440368652344, -27.783960976787693], [-51.15347441089885, -27.78309688763883]]]}}, {"type": "Feature", "properties": {"cod_imovel": "SC-4201000-8F83C5BA372246608DDF083091037346", "municipio": "Anita Garibaldi", "num_area": 10.6335, "mod_fiscal": 0.5317, "des_condic": "Aguardando analise", "ind_status": "AT", "dat_atuali": "10/10/2014"}, "geometry": {"type": "Polygon", "coordinates": [[[-51.20811869588876, -27.75504537475376], [-51.21081568953503, -27.75144516647616], [-51.20927496732312, -27.75004999651047], [-51.20765653620929, -27.75218583476672], [-51.20657164784954, -27.75335150228226], [-51.20672135917904, -27.75410765053467], [-51.20811869588876, -27.75504537475376]]]}}, {"type": "Feature", "properties": {"cod_imovel": "SC-4201000-E487297FA4A64A2C8637EB007228BDE4", "municipio": "Anita Garibaldi", "num_area": 4.9231, "mod_fiscal": 0.2462, "des_condic": "Aguardando analise", "ind_status": "AT", "dat_atuali": "01/06/2016"}, "geometry": {"type": "Polygon", "coordinates": [[[-51.06427475801782, -27.7952299566101], [-51.06615522431979, -27.7972772716355], [-51.06744046775968, -27.79605322880163], [-51.06652974815836, -27.7950331165446], [-51.06553873445341, -27.79433760948933], [-51.06427475801782, -27.7952299566101]]]}}, {"type": "Feature", "properties": {"cod_imovel": "SC-4201000-0F9653F297B5419D9EC12DC65BED8335", "municipio": "Anita Garibaldi", "num_area": 64.0815, "mod_fiscal": 3.2041, "des_condic": "Aguardando analise", "ind_status": "AT", "dat_atuali": "27/02/2015"}, "geometry": {"type": "Polygon", "coordinates": [[[-51.05280854565834, -27.75852375049822], [-51.0535219974659, -27.75894625313116], [-51.05478388090318, -27.75897687424424], [-51.05536314388986, -27.75942305861695], [-51.05607331927978, -27.76069286979606], [-51.05497315585667, -27.76111172988603], [-51.05499728944076, -27.76198819011502], [-51.0551348792302, -27.76246601749855], [-51.0554903829808, -27.76282808215893], [-51.05616447768322, -27.76291177498024], [-51.05641656067856, -27.7607951388019], [-51.05709053861454, -27.76148466905113], [-51.05807903433794, -27.76202407055507], [-51.05834301089713, -27.761328753528], [-51.05946765103547, -27.76119902269376], [-51.06125820710086, -27.75807799250961], [-51.06323321016551, -27.75922917546538], [-51.06516455158021, -27.75686840000985], [-51.06653099151131, -27.75667900196934], [-51.06815885430411, -27.75681268684233], [-51.06885610177833, -27.75663599235272], [-51.07007673459889, -27.7560063251732], [-51.06909827059689, -27.7535712471412], [-51.06857077482788, -27.75276271525314], [-51.06804611578644, -27.75232813527908], [-51.06651814977057, -27.75302127691601], [-51.06496892736951, -27.75418521055366], [-51.06409861871999, -27.75410893052013], [-51.06313150265819, -27.7566368128147], [-51.06248483365092, -27.75651810395008], [-51.06149947049141, -27.75591766017058], [-51.06064009279804, -27.75598993541715], [-51.05940823728834, -27.75664487221203], [-51.05766044117753, -27.75712697733254], [-51.05540935508265, -27.75675187386418], [-51.05488027194821, -27.75679840909956], [-51.05381066841914, -27.75643761347631], [-51.05296748450821, -27.75750873713272], [-51.05280854565834, -27.75852375049822]]]}}, {"type": "Feature", "properties": {"cod_imovel": "SC-4201000-AADC4E7FE72940B1B2B1F3621C56E99D", "municipio": "Anita Garibaldi", "num_area": 5.5562, "mod_fiscal": 0.2778, "des_condic": "Aguardando analise", "ind_status": "AT", "dat_atuali": "23/02/2015"}, "geometry": {"type": "Polygon", "coordinates": [[[-51.05272596818966, -27.75864165845704], [-51.05298545016897, -27.75761924398501], [-51.04941927618339, -27.75713400051703], [-51.0495739553867, -27.75886822357276], [-51.05160945589225, -27.75905162478311], [-51.05221347510832, -27.7585893935225], [-51.05272596818966, -27.75864165845704]]]}}, {"type": "Feature", "properties": {"cod_imovel": "SC-4201000-AF75F4DBF3B54D29B3F65641CBCE26FD", "municipio": "Anita Garibaldi", "num_area": 52.9765, "mod_fiscal": 2.6488, "des_condic": "Aguardando analise", "ind_status": "AT", "dat_atuali": "26/08/2015"}, "geometry": {"type": "Polygon", "coordinates": [[[-51.09569563251955, -27.79607319236137], [-51.094322204589844, -27.795540508188733], [-51.09127225593429, -27.79599296124017], [-51.08824443767012, -27.79590733393133], [-51.08599852785805, -27.7937148249633], [-51.08295240386333, -27.79215475525206], [-51.07968807220459, -27.79144035614356], [-51.08362256381665, -27.79628546306102], [-51.084022521972656, -27.798881258465528], [-51.08957751802143, -27.79872036617146], [-51.09250060622178, -27.79847218474082], [-51.09402332797189, -27.79811085021231], [-51.09571599245291, -27.79725425803737], [-51.09569563251955, -27.79607319236137]]]}}, {"type": "Feature", "properties": {"cod_imovel": "SC-4201000-06CE486E81F341359AE1401AF37C8F3E", "municipio": "Anita Garibaldi", "num_area": 3.8667, "mod_fiscal": 0.1933, "des_condic": "Aguardando analise", "ind_status": "AT", "dat_atuali": "05/03/2015"}, "geometry": {"type": "Polygon", "coordinates": [[[-51.070075035095215, -27.80673920932572], [-51.06904506683349, -27.806777169061665], [-51.07024669647217, -27.809889822273323], [-51.07149124145507, -27.810383283494303], [-51.070075035095215, -27.80673920932572]]]}}, {"type": "Feature", "properties": {"cod_imovel": "SC-4201000-1340C8B0759B4A608EF20463AA86AAA4", "municipio": "Anita Garibaldi", "num_area": 7.6602, "mod_fiscal": 0.383, "des_condic": "Aguardando analise", "ind_status": "AT", "dat_atuali": "04/03/2015"}, "geometry": {"type": "Polygon", "coordinates": [[[-51.2060457975315, -27.75284190909293], [-51.2067414403741, -27.75359649472266], [-51.20922912851111, -27.75009102213484], [-51.2070404594005, -27.74809265476354], [-51.20712165187589, -27.74963735055979], [-51.20685183610296, -27.75100423691442], [-51.20653355252183, -27.75212703024465], [-51.2060457975315, -27.75284190909293]]]}}, {"type": "Feature", "properties": {"cod_imovel": "SC-4201000-720EE1DDCBA246329793E7F86E945ABC", "municipio": "Anita Garibaldi", "num_area": 4.3817, "mod_fiscal": 0.2191, "des_condic": "Aguardando analise", "ind_status": "AT", "dat_atuali": "03/03/2015"}, "geometry": {"type": "Polygon", "coordinates": [[[-51.06093406677246, -27.761386837885897], [-51.06018785121805, -27.76211650246557], [-51.06036397483612, -27.76289077527935], [-51.06114952892089, -27.76308009688465], [-51.06214284527188, -27.76291051355116], [-51.06304504271709, -27.76318294227967], [-51.06340169906616, -27.761975457740608], [-51.06093406677246, -27.761386837885897]]]}}, {"type": "Feature", "properties": {"cod_imovel": "SC-4201000-E3D0995061EA4BE3BC3FEAE8A446AC9B", "municipio": "Anita Garibaldi", "num_area": 7.8735, "mod_fiscal": 0.3937, "des_condic": "Aguardando analise", "ind_status": "AT", "dat_atuali": "18/06/2015"}, "geometry": {"type": "Polygon", "coordinates": [[[-51.00781719621546, -27.7712008988482], [-51.00734987875635, -27.76901075971648], [-51.00606782449672, -27.76909787875308], [-51.00494206778359, -27.76863341635939], [-51.00384063896637, -27.77124505814576], [-51.0065906663049, -27.77110425129997], [-51.00781719621546, -27.7712008988482]]]}}, {"type": "Feature", "properties": {"cod_imovel": "SC-4201000-4404F761D548436589AF08996FF66C48", "municipio": "Anita Garibaldi", "num_area": 28.6295, "mod_fiscal": 1.4315, "des_condic": "Aguardando analise", "ind_status": "AT", "dat_atuali": "14/09/2015"}, "geometry": {"type": "Polygon", "coordinates": [[[-51.01934200837176, -27.79259735026216], [-51.02027994987285, -27.78952780255808], [-51.02023081424431, -27.78845490179926], [-51.0199407117808, -27.78829676589717], [-51.02018477995492, -27.78799030276276], [-51.02014640653671, -27.78730394887836], [-51.02217383483158, -27.78715703284242], [-51.02236951664462, -27.78603512236299], [-51.01754725968819, -27.78431494613508], [-51.01572485586227, -27.78771827859393], [-51.01706047800246, -27.78828944544447], [-51.01618638550286, -27.79008857052008], [-51.01808730761404, -27.79068374974267], [-51.01934200837176, -27.79259735026216]]]}}, {"type": "Feature", "properties": {"cod_imovel": "SC-4201000-E66143D79155424586B1436F3768BD20", "municipio": "Anita Garibaldi", "num_area": 31.9682, "mod_fiscal": 1.5984, "des_condic": "Aguardando analise", "ind_status": "AT", "dat_atuali": "17/03/2015"}, "geometry": {"type": "Polygon", "coordinates": [[[-51.05339706337319, -27.78317462575387], [-51.05392328644009, -27.78255671308246], [-51.05416360408282, -27.78181914860139], [-51.05547630253177, -27.7814052110284], [-51.05587379061149, -27.78095947349993], [-51.05514226906927, -27.78048116728492], [-51.05101517577884, -27.77864946636121], [-51.05017096676679, -27.77672618228904], [-51.04901253083398, -27.77610476548158], [-51.0466875114408, -27.78156281556835], [-51.05040905130714, -27.78202636114744], [-51.05282077092096, -27.78280716641692], [-51.05339706337319, -27.78317462575387]]]}}, {"type": "Feature", "properties": {"cod_imovel": "SC-4201000-40418AB7D72E429CAD0FF2CDD01A555D", "municipio": "Anita Garibaldi", "num_area": 2.4758, "mod_fiscal": 0.1238, "des_condic": "Aguardando analise", "ind_status": "AT", "dat_atuali": "11/03/2019"}, "geometry": {"type": "Polygon", "coordinates": [[[-51.01759306870977, -27.75482764842106], [-51.01684608964509, -27.75415876187915], [-51.01492901952783, -27.75363673188968], [-51.01494128363994, -27.7549480549602], [-51.01759306870977, -27.75482764842106]]]}}, {"type": "Feature", "properties": {"cod_imovel": "SC-4201000-1B83B6E4AD7748C2817A41B92AF17630", "municipio": "Anita Garibaldi", "num_area": 12.7038, "mod_fiscal": 0.6352, "des_condic": "Aguardando analise", "ind_status": "AT", "dat_atuali": "18/06/2015"}, "geometry": {"type": "Polygon", "coordinates": [[[-51.01269439345388, -27.77093834843517], [-51.01197489537578, -27.77175203166667], [-51.0118202020148, -27.7728578631598], [-51.01076209173188, -27.77375601303407], [-51.017162942583, -27.7738469910504], [-51.01666634600289, -27.77277320543395], [-51.01537913687155, -27.7718662535749], [-51.01269439345388, -27.77093834843517]]]}}, {"type": "Feature", "properties": {"cod_imovel": "SC-4201000-76861FFE0A71488D920E6149D483BB5F", "municipio": "Anita Garibaldi", "num_area": 31.9448, "mod_fiscal": 1.5972, "des_condic": "Aguardando analise", "ind_status": "AT", "dat_atuali": "02/06/2015"}, "geometry": {"type": "Polygon", "coordinates": [[[-51.07692237119172, -27.77868570730633], [-51.07763546794398, -27.77823520107356], [-51.07840773348202, -27.7768435825805], [-51.07620381515292, -27.77559796087911], [-51.07694941455831, -27.77489767260341], [-51.07664711630832, -27.77357814803995], [-51.07504774073997, -27.7741922656749], [-51.07497698794865, -27.77533232007323], [-51.07548439956758, -27.77602115960839], [-51.07340895060584, -27.77736917331261], [-51.07158694181234, -27.77814796480107], [-51.0716386303178, -27.77887932006927], [-51.07214123659023, -27.78057585393075], [-51.07319317816936, -27.78187140516292], [-51.07396739873059, -27.78212677780884], [-51.07540989888397, -27.78179264221673], [-51.0766547553204, -27.78022423808567], [-51.07690325172409, -27.77976906339524], [-51.07692237119172, -27.77868570730633]]]}}, {"type": "Feature", "properties": {"cod_imovel": "SC-4201000-794FAFAA15C442C6B93BDD80AC7B5F3B", "municipio": "Anita Garibaldi", "num_area": 4.8326, "mod_fiscal": 0.2416, "des_condic": "Aguardando analise", "ind_status": "AT", "dat_atuali": "15/12/2015"}, "geometry": {"type": "Polygon", "coordinates": [[[-51.1315276198893, -27.79007520291352], [-51.13217326610475, -27.79213811760306], [-51.13377994268538, -27.7910010214721], [-51.13355299401711, -27.78990099098758], [-51.13417107612883, -27.78904129019931], [-51.13406822227079, -27.78858714348355], [-51.13435124622406, -27.78826172117952], [-51.13398543937725, -27.78852376531781], [-51.1340052769683, -27.78900986475412], [-51.13344499906012, -27.78974445732255], [-51.13304797392562, -27.78891098852678], [-51.1315276198893, -27.79007520291352]]]}}, {"type": "Feature", "properties": {"cod_imovel": "SC-4201000-5B153767127C430499C79321D8A2E353", "municipio": "Anita Garibaldi", "num_area": 18.6717, "mod_fiscal": 0.9336, "des_condic": "Aguardando analise", "ind_status": "AT", "dat_atuali": "09/04/2015"}, "geometry": {"type": "Polygon", "coordinates": [[[-51.1035247944876, -27.75907080276302], [-51.10520884927674, -27.75744940904341], [-51.10444188916282, -27.75351677563806], [-51.10257226587148, -27.75459675999228], [-51.10186035134526, -27.75531179990819], [-51.10141977663669, -27.75628763658355], [-51.10149132550838, -27.75667635953239], [-51.100502014160156, -27.760228576619564], [-51.1035247944876, -27.75907080276302]]]}}, {"type": "Feature", "properties": {"cod_imovel": "SC-4201000-624FB049748E482FA94B3315C0408BEF", "municipio": "Anita Garibaldi", "num_area": 12.0018, "mod_fiscal": 0.6001, "des_condic": "Aguardando analise", "ind_status": "AT", "dat_atuali": "28/01/2016"}, "geometry": {"type": "Polygon", "coordinates": [[[-51.2342284816957, -27.76269588206575], [-51.236371994018555, -27.76379826032444], [-51.23916149139404, -27.760304528555604], [-51.23804367418638, -27.75985035426001], [-51.23590762050847, -27.75973016642078], [-51.2342284816957, -27.76269588206575]]]}}, {"type": "Feature", "properties": {"cod_imovel": "SC-4201000-8AF225E60E8348EABE527C7C589FF055", "municipio": "Anita Garibaldi", "num_area": 12.609, "mod_fiscal": 0.6304, "des_condic": "Aguardando analise", "ind_status": "AT", "dat_atuali": "07/05/2015"}, "geometry": {"type": "Polygon", "coordinates": [[[-51.05138354268539, -27.79324066286335], [-51.053123474121094, -27.794401592578506], [-51.058187484741204, -27.792503373375872], [-51.05677323212949, -27.79059039170699], [-51.05138354268539, -27.79324066286335]]]}}, {"type": "Feature", "properties": {"cod_imovel": "SC-4201000-C934C59DE9914C6A93B36E64FDCD3AFC", "municipio": "Anita Garibaldi", "num_area": 9.4451, "mod_fiscal": 0.4723, "des_condic": "Aguardando analise", "ind_status": "AT", "dat_atuali": "23/07/2015"}, "geometry": {"type": "Polygon", "coordinates": [[[-51.1511079092921, -27.75346866434006], [-51.1552863319921, -27.75168636700692], [-51.15384637159205, -27.75017200625119], [-51.15195325795943, -27.75104632335038], [-51.14954977097182, -27.75173635769093], [-51.14926894961476, -27.75195134935102], [-51.14941691396248, -27.7521872557184], [-51.15039910298248, -27.75217818811739], [-51.15112779838795, -27.75299132339655], [-51.1511079092921, -27.75346866434006]]]}}, {"type": "Feature", "properties": {"cod_imovel": "SC-4201000-A08899BF25A84CC3B5EB2E73D914D577", "municipio": "Anita Garibaldi", "num_area": 6.308, "mod_fiscal": 0.3154, "des_condic": "Aguardando analise", "ind_status": "AT", "dat_atuali": "17/03/2022"}, "geometry": {"type": "Polygon", "coordinates": [[[-51.03462252121665, -27.82604701716775], [-51.035051120717, -27.82725757299424], [-51.03914574635804, -27.82614598299946], [-51.04015123024907, -27.82575343171223], [-51.04017645293303, -27.82547869366109], [-51.03424818806431, -27.82550237685788], [-51.03462252121665, -27.82604701716775]]]}}, {"type": "Feature", "properties": {"cod_imovel": "SC-4201000-254C6B3FB4524DFD974C551AD9E66E25", "municipio": "Anita Garibaldi", "num_area": 39.7179, "mod_fiscal": 1.9859, "des_condic": "Aguardando analise", "ind_status": "AT", "dat_atuali": "17/03/2022"}, "geometry": {"type": "Polygon", "coordinates": [[[-51.0088562965393, -27.800096051287397], [-51.00984334945678, -27.796375705384936], [-51.01076602935791, -27.79383213029827], [-51.00381374359131, -27.793623326714695], [-51.004178524017334, -27.795578471836873], [-51.003878116607666, -27.796556031209864], [-51.00379229644803, -27.797564717614005], [-51.00430727005005, -27.799602543341273], [-51.0042643547058, -27.800001146087208], [-51.0088562965393, -27.800096051287397]]]}}, {"type": "Feature", "properties": {"cod_imovel": "SC-4201000-B92149225FC64772AC2D6978F448D431", "municipio": "Anita Garibaldi", "num_area": 22.332, "mod_fiscal": 1.1166, "des_condic": "Aguardando analise", "ind_status": "AT", "dat_atuali": "16/09/2015"}, "geometry": {"type": "Polygon", "coordinates": [[[-51.04911834682338, -27.85137790888635], [-51.04486696956909, -27.85162901197463], [-51.04474968705122, -27.85622103426666], [-51.04560981322356, -27.8557498302703], [-51.04682063851627, -27.85709571942814], [-51.04924721425235, -27.85391760414206], [-51.04921713929183, -27.85310070509073], [-51.05000822259053, -27.85257305594766], [-51.05013462628335, -27.85146596169862], [-51.04911834682338, -27.85137790888635]]]}}, {"type": "Feature", "properties": {"cod_imovel": "SC-4201000-33B160AC7A17412FBF1DE2984719A26C", "municipio": "Anita Garibaldi", "num_area": 24.9136, "mod_fiscal": 1.2457, "des_condic": "Aguardando analise", "ind_status": "AT", "dat_atuali": "20/01/2015"}, "geometry": {"type": "Polygon", "coordinates": [[[-51.05313476996683, -27.80214250501238], [-51.05609408094863, -27.79887091116883], [-51.05322349790176, -27.79576550873225], [-51.05236338511043, -27.79462450287299], [-51.05123302966948, -27.79629290172741], [-51.0499316447864, -27.79891511159813], [-51.05203087134433, -27.80076993752807], [-51.05313476996683, -27.80214250501238]]]}}, {"type": "Feature", "properties": {"cod_imovel": "SC-4201000-4744D308D5014DF69512892D661EED75", "municipio": "Anita Garibaldi", "num_area": 3.1319, "mod_fiscal": 0.1566, "des_condic": "Aguardando analise", "ind_status": "AT", "dat_atuali": "01/04/2016"}, "geometry": {"type": "Polygon", "coordinates": [[[-51.22015882459132, -27.75881503130335], [-51.22129845115686, -27.7586121679176], [-51.21796941536026, -27.75680668682027], [-51.2176350455611, -27.75723289443572], [-51.21824087202331, -27.75805301349441], [-51.21891437019441, -27.75847188284507], [-51.22015882459132, -27.75881503130335]]]}}, {"type": "Feature", "properties": {"cod_imovel": "SC-4201000-891FB56FB6794861A65DCA806BBD7D67", "municipio": "Anita Garibaldi", "num_area": 9.776, "mod_fiscal": 0.4888, "des_condic": "Aguardando analise", "ind_status": "AT", "dat_atuali": "25/05/2016"}, "geometry": {"type": "Polygon", "coordinates": [[[-51.08096668860227, -27.75365857345766], [-51.07988185495037, -27.75575286198011], [-51.08171334822163, -27.75721612284363], [-51.08318083081185, -27.75722029705633], [-51.08364611667129, -27.75452837125254], [-51.08096668860227, -27.75365857345766]]]}}, {"type": "Feature", "properties": {"cod_imovel": "SC-4201000-C2A1897B82F941B6A1BB115E3B5B022E", "municipio": "Anita Garibaldi", "num_area": 25.9337, "mod_fiscal": 1.2967, "des_condic": "Aguardando analise", "ind_status": "AT", "dat_atuali": "04/04/2016"}, "geometry": {"type": "Polygon", "coordinates": [[[-51.13690992969443, -27.78926412994924], [-51.14018749652418, -27.78717518310916], [-51.14133854210071, -27.78732191342824], [-51.14167829409633, -27.78453971454166], [-51.14155358081565, -27.78436192395152], [-51.14186140244851, -27.77857295609077], [-51.14114479642939, -27.77885655097359], [-51.14014113365176, -27.7796060024265], [-51.13943308321611, -27.77982664370514], [-51.13931381958401, -27.78322196696965], [-51.13910705498743, -27.78321696604121], [-51.13854510959833, -27.78698284192352], [-51.13820702381044, -27.78697799849267], [-51.13606816226796, -27.78877209243604], [-51.13690992969443, -27.78926412994924]]]}}, {"type": "Feature", "properties": {"cod_imovel": "SC-4201000-872B0C3D344F466BA28B94F88F6746F9", "municipio": "Anita Garibaldi", "num_area": 7.3368, "mod_fiscal": 0.3668, "des_condic": "Aguardando analise", "ind_status": "AT", "dat_atuali": "22/11/2018"}, "geometry": {"type": "Polygon", "coordinates": [[[-51.06303759816132, -27.76326065436021], [-51.06218876037204, -27.76296715503007], [-51.06090093506239, -27.76307497399512], [-51.0597025993597, -27.76269461061363], [-51.05907813154408, -27.76502702466259], [-51.06231546359017, -27.76499498669414], [-51.06303759816132, -27.76326065436021]]]}}, {"type": "Feature", "properties": {"cod_imovel": "SC-4201000-22D5A66A36E7418E9E5E18FA3700F126", "municipio": "Anita Garibaldi", "num_area": 26.9838, "mod_fiscal": 1.3492, "des_condic": "Aguardando analise", "ind_status": "AT", "dat_atuali": "18/05/2015"}, "geometry": {"type": "Polygon", "coordinates": [[[-51.06187154311288, -27.76491332512247], [-51.06200014654262, -27.76846271071137], [-51.06497170078418, -27.76915370136972], [-51.06706162481935, -27.76274574840054], [-51.06357213336086, -27.76194871110297], [-51.06229404279294, -27.76492351406715], [-51.06187154311288, -27.76491332512247]]]}}, {"type": "Feature", "properties": {"cod_imovel": "SC-4201000-C28C1FE4F9A04D58A8CFA8003DBAA328", "municipio": "Anita Garibaldi", "num_area": 79.8677, "mod_fiscal": 3.9934, "des_condic": "Aguardando analise", "ind_status": "AT", "dat_atuali": "14/08/2018"}, "geometry": {"type": "Polygon", "coordinates": [[[-51.07132471921834, -27.78580975319347], [-51.07195828639726, -27.78537693991418], [-51.06974846304481, -27.78279951592071], [-51.06822967529297, -27.781303205416698], [-51.070590019226074, -27.779974295374195], [-51.06945276260376, -27.77796191497087], [-51.068079471588135, -27.77650006812442], [-51.065053939819336, -27.77762018629872], [-51.06402397155762, -27.777658156204193], [-51.063122749328606, -27.777373381590035], [-51.06071949005127, -27.777658156204193], [-51.06003284454346, -27.777354396589253], [-51.05831984627937, -27.77716511677739], [-51.05785628604245, -27.77755581615315], [-51.05741500854492, -27.779385772881962], [-51.06050491333008, -27.780828596551242], [-51.063551902770996, -27.783049748206288], [-51.066792011260986, -27.78451150702215], [-51.066341400146484, -27.785005083483476], [-51.070096492767334, -27.787302082924906], [-51.07041835784912, -27.78718818326958], [-51.07123374938965, -27.786144097536006], [-51.07132471921834, -27.78580975319347]]]}}, {"type": "Feature", "properties": {"cod_imovel": "SC-4201000-B8BDCF65B5D1449AAEDF986B78959F25", "municipio": "Anita Garibaldi", "num_area": 48.8337, "mod_fiscal": 2.4417, "des_condic": "Aguardando analise", "ind_status": "AT", "dat_atuali": "18/03/2019"}, "geometry": {"type": "Polygon", "coordinates": [[[-51.11771544537335, -27.79124867210497], [-51.11778987051818, -27.79164365696858], [-51.12293248826379, -27.78752979764541], [-51.12235184052609, -27.78665111827379], [-51.12152929860268, -27.78595479316672], [-51.12120508111954, -27.78523332250135], [-51.12056399974661, -27.78481422156256], [-51.11956929004007, -27.7831601642066], [-51.11864170843976, -27.78246359271781], [-51.11837924911281, -27.78178375002278], [-51.11777732578033, -27.7811809392877], [-51.11605797655862, -27.78575221260749], [-51.11481677155885, -27.78615209258369], [-51.11419105072596, -27.78609982867474], [-51.11500535752781, -27.78904930188325], [-51.11548028004103, -27.78980051901429], [-51.11771544537335, -27.79124867210497]]]}}, {"type": "Feature", "properties": {"cod_imovel": "SC-4201000-46D57003328C45FB8FBF9F12ECD6A99F", "municipio": "Anita Garibaldi", "num_area": 45.2676, "mod_fiscal": 2.2634, "des_condic": "Aguardando analise", "ind_status": "AT", "dat_atuali": "11/03/2016"}, "geometry": {"type": "Polygon", "coordinates": [[[-51.0817005123784, -27.75260024228469], [-51.08079187232967, -27.75408178548175], [-51.08387143010657, -27.75474420333445], [-51.08341320000688, -27.75729383025141], [-51.0813796159288, -27.75699854253931], [-51.08106269806307, -27.76027569046394], [-51.08065693294668, -27.76143236640947], [-51.08074032284981, -27.76294390755947], [-51.08094919947963, -27.76314141281857], [-51.08194517491764, -27.76322827627071], [-51.08374636904279, -27.76254394783288], [-51.08671878255215, -27.76232916586138], [-51.086526884371, -27.76066362601321], [-51.08666630652492, -27.7588223045543], [-51.08686673639438, -27.75808633542423], [-51.08683599922681, -27.75725800442543], [-51.08637720219881, -27.7568044617378], [-51.08571668437965, -27.75645873885699], [-51.08505612596218, -27.75528739308626], [-51.08462351189994, -27.7550877190121], [-51.08450673582451, -27.75484140167212], [-51.08458082428948, -27.75429857444699], [-51.0837084875035, -27.75282220063779], [-51.08293832389876, -27.75243048152637], [-51.0817005123784, -27.75260024228469]]]}}, {"type": "Feature", "properties": {"cod_imovel": "SC-4201000-17EB56850398485785C93972BF17AD5C", "municipio": "Anita Garibaldi", "num_area": 14.3328, "mod_fiscal": 0.7166, "des_condic": "Aguardando analise", "ind_status": "AT", "dat_atuali": "08/10/2019"}, "geometry": {"type": "Polygon", "coordinates": [[[-51.08930908412673, -27.75661828621483], [-51.0866094909434, -27.75564002420529], [-51.0857761211231, -27.75654161122743], [-51.08663787145168, -27.75715967712629], [-51.08858336629424, -27.75940966644265], [-51.09025382273988, -27.76032711293096], [-51.0918682894443, -27.75801892151118], [-51.08930908412673, -27.75661828621483]]]}}, {"type": "Feature", "properties": {"cod_imovel": "SC-4201000-DF35FED05183426A9996E3E065A735CC", "municipio": "Anita Garibaldi", "num_area": 42.2314, "mod_fiscal": 2.1116, "des_condic": "Aguardando analise", "ind_status": "AT", "dat_atuali": "27/08/2019"}, "geometry": {"type": "Polygon", "coordinates": [[[-51.07074782307388, -27.7861331668029], [-51.07185778623929, -27.7853822089428], [-51.06991912421534, -27.78304155101112], [-51.06857681511947, -27.78169075843478], [-51.06902328896769, -27.78133871598215], [-51.06917868653854, -27.78052373312959], [-51.06985534050627, -27.77898560549214], [-51.06748097358149, -27.77643159066253], [-51.0662540782859, -27.77719993567612], [-51.06516255969507, -27.77752021029103], [-51.06461245021323, -27.77759642433442], [-51.06286992152536, -27.77718320279369], [-51.06191813718263, -27.77758729227847], [-51.06575241167385, -27.78263226396818], [-51.07074782307388, -27.7861331668029]]]}}, {"type": "Feature", "properties": {"cod_imovel": "SC-4201000-8774F8FF43D646BF89E977C5FAEFF30B", "municipio": "Anita Garibaldi", "num_area": 23.4513, "mod_fiscal": 1.1726, "des_condic": "Aguardando analise", "ind_status": "AT", "dat_atuali": "06/12/2016"}, "geometry": {"type": "Polygon", "coordinates": [[[-51.21616333807729, -27.75581700447544], [-51.21460220555613, -27.75485789901389], [-51.21276798632547, -27.7558094914537], [-51.21181788644965, -27.75701319860876], [-51.21368591076772, -27.75868065899752], [-51.21326200722986, -27.75938932505716], [-51.21291458428468, -27.75966593683267], [-51.21511539883312, -27.7618322445206], [-51.2159099790643, -27.76010740341383], [-51.21782318386828, -27.75759096013037], [-51.21736013269051, -27.75690532576383], [-51.21657592078057, -27.75634786106775], [-51.21616333807729, -27.75581700447544]]]}}, {"type": "Feature", "properties": {"cod_imovel": "SC-4201000-571672D5507B4C13A5342340CC22D9CD", "municipio": "Anita Garibaldi", "num_area": 8.5012, "mod_fiscal": 0.4251, "des_condic": "Aguardando analise", "ind_status": "AT", "dat_atuali": "25/01/2023"}, "geometry": {"type": "Polygon", "coordinates": [[[-51.07018997748303, -27.75607273132255], [-51.06917664653564, -27.75666326674294], [-51.07003236086435, -27.75901175201263], [-51.07015308594622, -27.75978221581605], [-51.07249549858585, -27.75913512742445], [-51.07198097223753, -27.75875006156258], [-51.07246937158875, -27.75779538022727], [-51.07176501684234, -27.75722002071935], [-51.07138552184855, -27.75627226550641], [-51.07052191078994, -27.75625580308238], [-51.07018997748303, -27.75607273132255]]]}}, {"type": "Feature", "properties": {"cod_imovel": "SC-4201000-E15662E5CA564C62957298B52096C6E1", "municipio": "Anita Garibaldi", "num_area": 50.2161, "mod_fiscal": 2.5108, "des_condic": "Aguardando analise", "ind_status": "AT", "dat_atuali": "20/04/2016"}, "geometry": {"type": "Polygon", "coordinates": [[[-51.20833360010307, -27.76032699856794], [-51.20622522211508, -27.76135684961966], [-51.20526889989611, -27.76221045399705], [-51.19551806338081, -27.76550483417111], [-51.19511286079801, -27.76585641637379], [-51.19518861201328, -27.76629805986723], [-51.19610095604469, -27.76698122951079], [-51.19487244702102, -27.76773085585054], [-51.1948331794833, -27.76822310973218], [-51.1981673355048, -27.76640265934983], [-51.20391656440481, -27.76479872047121], [-51.20422182413039, -27.76539898538734], [-51.2049552517483, -27.7652736324487], [-51.20642664599198, -27.76607606117428], [-51.2088302215212, -27.76807902626378], [-51.20998690641826, -27.76595229474004], [-51.20829935174079, -27.76519550215326], [-51.20957281664311, -27.76452668930853], [-51.21113013371019, -27.76401663145795], [-51.20833360010307, -27.76032699856794]]]}}, {"type": "Feature", "properties": {"cod_imovel": "SC-4201000-A816A5296C96438BB6986FBC4ECDB207", "municipio": "Anita Garibaldi", "num_area": 9.9889, "mod_fiscal": 0.4994, "des_condic": "Aguardando analise", "ind_status": "AT", "dat_atuali": "12/03/2018"}, "geometry": {"type": "Polygon", "coordinates": [[[-51.05847967661781, -27.83444232648863], [-51.05229488994904, -27.83424132274146], [-51.05228736022226, -27.83689020686449], [-51.05317369276724, -27.83689633452213], [-51.05452031779065, -27.83635763612963], [-51.05555771211903, -27.83565107518792], [-51.05847967661781, -27.83444232648863]]]}}, {"type": "Feature", "properties": {"cod_imovel": "SC-4201000-25945858712F4ABAA7F3856C2A10DB57", "municipio": "Anita Garibaldi", "num_area": 12.7876, "mod_fiscal": 0.6394, "des_condic": "Aguardando analise", "ind_status": "AT", "dat_atuali": "30/01/2019"}, "geometry": {"type": "Polygon", "coordinates": [[[-51.1274608972222, -27.7555152797722], [-51.1235823583333, -27.756201368661], [-51.1251169, -27.7604841714387], [-51.1256480222222, -27.760045418661], [-51.1261906972222, -27.7599222131054], [-51.1263731833333, -27.7592914492165], [-51.1271669666667, -27.7579329158832], [-51.1276077138889, -27.7559914131055], [-51.1274608972222, -27.7555152797722]]]}}, {"type": "Feature", "properties": {"cod_imovel": "SC-4201000-2E892338AD8545A0A75CAD73EB2B623C", "municipio": "Anita Garibaldi", "num_area": 96.9, "mod_fiscal": 4.845, "des_condic": "Aguardando analise", "ind_status": "AT", "dat_atuali": "30/01/2019"}, "geometry": {"type": "Polygon", "coordinates": [[[-51.1307783416667, -27.7567049269944], [-51.1249291694444, -27.7625131603276], [-51.1315679416667, -27.7717978547719], [-51.1373412888889, -27.7681390381053], [-51.1376633972222, -27.7681866714386], [-51.1379088166667, -27.7678783325497], [-51.1382096694444, -27.7678768131053], [-51.1382465972222, -27.7677054686608], [-51.1375156416667, -27.7667756603275], [-51.1367185027778, -27.7667292742164], [-51.1367465138889, -27.7661111825497], [-51.1371595722222, -27.7650291575498], [-51.1363726, -27.764675929772], [-51.1361524138889, -27.7642598853275], [-51.1362482805556, -27.7637399631053], [-51.1358327972222, -27.7631905825498], [-51.1338351305556, -27.7621984936609], [-51.1333178611111, -27.7617764464387], [-51.1320441361111, -27.7619346686609], [-51.1316306861111, -27.7611961631054], [-51.1303405666667, -27.7606209908832], [-51.13053295, -27.7605549436609], [-51.1302273583333, -27.7577781603277], [-51.1311592638889, -27.7568924853277], [-51.1307783416667, -27.7567049269944]]]}}, {"type": "Feature", "properties": {"cod_imovel": "SC-4201000-1BC14ED302B4410E8D7A19CC727D13FF", "municipio": "Anita Garibaldi", "num_area": 24.4679, "mod_fiscal": 1.2234, "des_condic": "Aguardando analise", "ind_status": "AT", "dat_atuali": "09/11/2022"}, "geometry": {"type": "Polygon", "coordinates": [[[-51.08585401475669, -27.8025386307284], [-51.0826143071318, -27.80279750318734], [-51.08189394611744, -27.80565353527637], [-51.08146753771342, -27.80898326477845], [-51.08248402170386, -27.80886668402214], [-51.08303706902635, -27.80912533236981], [-51.08253018019477, -27.80988121758549], [-51.08407180179795, -27.81115270267316], [-51.08484177863196, -27.81003627336087], [-51.08426083076238, -27.80979606282914], [-51.08453524656981, -27.80792097513313], [-51.08585401475669, -27.8025386307284]]]}}, {"type": "Feature", "properties": {"cod_imovel": "SC-4201000-47852EC91202480E82513971C6A8C6DC", "municipio": "Anita Garibaldi", "num_area": 8.2795, "mod_fiscal": 0.414, "des_condic": "Aguardando analise", "ind_status": "AT", "dat_atuali": "23/11/2015"}, "geometry": {"type": "Polygon", "coordinates": [[[-51.2160301208496, -27.765374200451845], [-51.21596574783325, -27.765013445087284], [-51.21452808380127, -27.765507110021556], [-51.21343374252319, -27.766950117758885], [-51.21339082717895, -27.76725390642336], [-51.211888790130615, -27.769665198865823], [-51.21304750442505, -27.769968979950555], [-51.214206218719475, -27.768848782998216], [-51.21457099914551, -27.767880467865464], [-51.21536493301391, -27.767196946113366], [-51.2160301208496, -27.765374200451845]]]}}, {"type": "Feature", "properties": {"cod_imovel": "SC-4201000-C22169810D59479097AA986915F89942", "municipio": "Anita Garibaldi", "num_area": 85.1241, "mod_fiscal": 4.2562, "des_condic": "Aguardando analise", "ind_status": "AT", "dat_atuali": "16/09/2014"}, "geometry": {"type": "Polygon", "coordinates": [[[-51.01383447647095, -27.80732758374252], [-51.015615463256836, -27.826248764668993], [-51.01552963256836, -27.831713848080522], [-51.01595878601074, -27.83154306838926], [-51.016430854797356, -27.830518384598168], [-51.01701021194458, -27.829987063268074], [-51.01771831512451, -27.828298203195423], [-51.01746082305908, -27.827861751937274], [-51.01750373840332, -27.827425298924158], [-51.01771831512451, -27.827254512484792], [-51.0174822807312, -27.826305694039455], [-51.018104553222656, -27.82550868013612], [-51.018919944763184, -27.824920404215792], [-51.01926326751709, -27.824996310965307], [-51.01969242095947, -27.824654730174576], [-51.01984262466431, -27.82391463477418], [-51.01919889450073, -27.820100216932037], [-51.01919889450073, -27.81848711434263], [-51.018233299255364, -27.8105161380554], [-51.0170316696167, -27.81004165673392], [-51.01621627807617, -27.809149626238693], [-51.01383447647095, -27.80732758374252]]]}}, {"type": "Feature", "properties": {"cod_imovel": "SC-4201000-5F2FCFB8FE784C629F8D5C64B0C8AA32", "municipio": "Anita Garibaldi", "num_area": 21.4779, "mod_fiscal": 1.0739, "des_condic": "Aguardando analise", "ind_status": "AT", "dat_atuali": "10/11/2022"}, "geometry": {"type": "Polygon", "coordinates": [[[-51.17107637662854, -27.75147670358181], [-51.16847240927762, -27.74982613966531], [-51.16491314656667, -27.75312310888053], [-51.16503112652735, -27.75391259246475], [-51.16528177646972, -27.7543813999492], [-51.16632765483427, -27.75547924615177], [-51.16656161631436, -27.75594872759667], [-51.16851733260791, -27.75456763479638], [-51.17001381082756, -27.75314801246267], [-51.17107637662854, -27.75147670358181]]]}}, {"type": "Feature", "properties": {"cod_imovel": "SC-4201000-648A7F612C934501AA18F2041F463256", "municipio": "Anita Garibaldi", "num_area": 15.2477, "mod_fiscal": 0.7624, "des_condic": "Aguardando analise", "ind_status": "AT", "dat_atuali": "12/05/2015"}, "geometry": {"type": "Polygon", "coordinates": [[[-51.02842847503157, -27.7716269413643], [-51.03027704922894, -27.77218892227534], [-51.0307393117745, -27.77177227459757], [-51.03533612385334, -27.7704918518226], [-51.03576402986577, -27.76870398828157], [-51.03673784820865, -27.76810039556423], [-51.03643763009467, -27.76715286924542], [-51.02842847503157, -27.7716269413643]]]}}, {"type": "Feature", "properties": {"cod_imovel": "SC-4201000-2703B4A2F55F4E048DEEF6CD7C290045", "municipio": "Anita Garibaldi", "num_area": 10.8947, "mod_fiscal": 0.5447, "des_condic": "Aguardando analise", "ind_status": "AT", "dat_atuali": "26/08/2015"}, "geometry": {"type": "Polygon", "coordinates": [[[-51.07893318888328, -27.80877234456896], [-51.07822702553232, -27.80904906395024], [-51.07878505039052, -27.81002270756644], [-51.08133891839886, -27.81291247474291], [-51.08172200980959, -27.81376059537737], [-51.08235609014255, -27.80893345935022], [-51.08096819644868, -27.80909081440336], [-51.07893318888328, -27.80877234456896]]]}}, {"type": "Feature", "properties": {"cod_imovel": "SC-4201000-13FA924D1FA645AB9441925091ADAF5E", "municipio": "Anita Garibaldi", "num_area": 93.8974, "mod_fiscal": 4.6949, "des_condic": "Aguardando analise", "ind_status": "AT", "dat_atuali": "26/08/2015"}, "geometry": {"type": "Polygon", "coordinates": [[[-51.02857589721679, -27.77169671874068], [-51.03640794754028, -27.76742478717443], [-51.03675127029419, -27.765962798742535], [-51.037330627441406, -27.765905837756748], [-51.03763103485107, -27.765488122950092], [-51.037330627441406, -27.764842560549866], [-51.03685959873611, -27.76471700862747], [-51.036837100982666, -27.763893197122613], [-51.03647232055663, -27.76326661272422], [-51.03366208151428, -27.76374165399565], [-51.03409638736246, -27.76088656735702], [-51.031494140625, -27.762241285018714], [-51.03001356124878, -27.762583061993745], [-51.029605865478516, -27.76324762526189], [-51.02865371463471, -27.76272482928351], [-51.02713865593074, -27.76288330157384], [-51.02624526683955, -27.76274790939155], [-51.02411005662959, -27.76332014246389], [-51.021623611450195, -27.764614714082583], [-51.02666616439819, -27.76529825205341], [-51.02619409561157, -27.765962798742535], [-51.02417707443237, -27.767519720809084], [-51.02574348449707, -27.769285471317275], [-51.02653741836548, -27.77046262240437], [-51.02857589721679, -27.77169671874068]]]}}, {"type": "Feature", "properties": {"cod_imovel": "SC-4201000-A5200A317D6E434C9888625B4AD04F0D", "municipio": "Anita Garibaldi", "num_area": 12.3555, "mod_fiscal": 0.6178, "des_condic": "Aguardando analise", "ind_status": "AT", "dat_atuali": "10/09/2015"}, "geometry": {"type": "Polygon", "coordinates": [[[-51.03644238650172, -27.76326865370699], [-51.03596216988379, -27.7618116678862], [-51.03571679369081, -27.76030094031098], [-51.03282407899409, -27.76102211272125], [-51.03171517067834, -27.76216492778906], [-51.03136797195303, -27.76375671821404], [-51.03340981888048, -27.76344752262876], [-51.03644238650172, -27.76326865370699]]]}}, {"type": "Feature", "properties": {"cod_imovel": "SC-4201000-3156329D1DD2419BB77E7B8BA198BE67", "municipio": "Anita Garibaldi", "num_area": 16.685, "mod_fiscal": 0.8343, "des_condic": "Aguardando analise", "ind_status": "AT", "dat_atuali": "06/08/2015"}, "geometry": {"type": "Polygon", "coordinates": [[[-51.15365696369367, -27.77393326199983], [-51.15416115718743, -27.77458439524395], [-51.15412192148919, -27.77474243855443], [-51.15125168014837, -27.77556127533281], [-51.15182690843254, -27.77713925240603], [-51.1535127787793, -27.77791368200384], [-51.15732825030847, -27.77389268125705], [-51.15522349391878, -27.772035213995], [-51.15458200452274, -27.7725882878123], [-51.15365696369367, -27.77393326199983]]]}}, {"type": "Feature", "properties": {"cod_imovel": "SC-4201000-0EFE3413058943C79AD1A78F735146D7", "municipio": "Anita Garibaldi", "num_area": 30.0297, "mod_fiscal": 1.5015, "des_condic": "Aguardando analise", "ind_status": "AT", "dat_atuali": "23/04/2015"}, "geometry": {"type": "Polygon", "coordinates": [[[-51.23609143818207, -27.75327937082555], [-51.23679750798306, -27.75412759773591], [-51.23713240392836, -27.7543719041307], [-51.23791451119964, -27.75451556563952], [-51.23835714980235, -27.75503607746489], [-51.246092319488525, -27.751189917875486], [-51.24477551060249, -27.74966452553131], [-51.24441862106323, -27.74851235600363], [-51.24192546544408, -27.74956289154508], [-51.2392879807679, -27.7510865279661], [-51.23609143818207, -27.75327937082555]]]}}, {"type": "Feature", "properties": {"cod_imovel": "SC-4201000-69B686822AE1479DBE3D7BC02D8661AF", "municipio": "Anita Garibaldi", "num_area": 23.8394, "mod_fiscal": 1.192, "des_condic": "Aguardando analise", "ind_status": "AT", "dat_atuali": "19/12/2014"}, "geometry": {"type": "Polygon", "coordinates": [[[-51.25439364114998, -27.74175505791821], [-51.25237474309603, -27.74224672862889], [-51.25075105645603, -27.74725357019393], [-51.24869278977681, -27.75188283315123], [-51.25109967545448, -27.75269640893396], [-51.25192893144013, -27.74969316419678], [-51.2532551347077, -27.74595376752104], [-51.25439364114998, -27.74175505791821]]]}}, {"type": "Feature", "properties": {"cod_imovel": "SC-4201000-EE392FBDC5054119BAED19528C1A8B58", "municipio": "Anita Garibaldi", "num_area": 19.1827, "mod_fiscal": 0.9591, "des_condic": "Aguardando analise", "ind_status": "AT", "dat_atuali": "06/10/2015"}, "geometry": {"type": "Polygon", "coordinates": [[[-51.24937828013369, -27.74393383902011], [-51.24832371118937, -27.74226730314917], [-51.24598232521975, -27.74524591578161], [-51.24474500941323, -27.74661804696927], [-51.24342081070751, -27.74775109982402], [-51.24411973929939, -27.74860936806234], [-51.24456101295623, -27.74980773156108], [-51.24498816297921, -27.75021165423964], [-51.2465180270325, -27.74858263803377], [-51.24937828013369, -27.74393383902011]]]}}, {"type": "Feature", "properties": {"cod_imovel": "SC-4201000-D9B556B6EC0946ECB81CA3514E94FCA7", "municipio": "Anita Garibaldi", "num_area": 18.8412, "mod_fiscal": 0.9421, "des_condic": "Aguardando analise", "ind_status": "AT", "dat_atuali": "24/02/2015"}, "geometry": {"type": "Polygon", "coordinates": [[[-51.0133211417777, -27.77004754114085], [-51.01472233349742, -27.76602750898717], [-51.01051859152185, -27.76560401205973], [-51.00963129198536, -27.76738038039576], [-51.00885997238611, -27.76816805050644], [-51.00998861710076, -27.76965066236261], [-51.01139337758744, -27.76909175507558], [-51.01311277826299, -27.77029723991671], [-51.0133211417777, -27.77004754114085]]]}}, {"type": "Feature", "properties": {"cod_imovel": "SC-4201000-C0EAF7FB04864C96B1E402655728EBBA", "municipio": "Anita Garibaldi", "num_area": 32.4414, "mod_fiscal": 1.6221, "des_condic": "Aguardando analise", "ind_status": "AT", "dat_atuali": "24/08/2018"}, "geometry": {"type": "Polygon", "coordinates": [[[-51.082284450531006, -27.764690662957996], [-51.0770058631897, -27.76638051172724], [-51.07732097990201, -27.76809078610914], [-51.07812166213989, -27.770481608607863], [-51.08522415161133, -27.76909560704606], [-51.082284450531006, -27.764690662957996]]]}}, {"type": "Feature", "properties": {"cod_imovel": "SC-4201000-BE70668F123143B8BB09BB371F5D9EB9", "municipio": "Anita Garibaldi", "num_area": 5.0638, "mod_fiscal": 0.2532, "des_condic": "Aguardando analise", "ind_status": "AT", "dat_atuali": "13/04/2016"}, "geometry": {"type": "Polygon", "coordinates": [[[-51.06039834962606, -27.76738157441867], [-51.05913869526296, -27.76606574813876], [-51.05769059172224, -27.76745571926217], [-51.05987873430275, -27.76920151275412], [-51.06068125335572, -27.76792730968191], [-51.06039834962606, -27.76738157441867]]]}}, {"type": "Feature", "properties": {"cod_imovel": "SC-4201000-535F302DF2934B6989A472C1F59A1150", "municipio": "Anita Garibaldi", "num_area": 23.6497, "mod_fiscal": 1.1825, "des_condic": "Aguardando analise", "ind_status": "AT", "dat_atuali": "13/10/2022"}, "geometry": {"type": "Polygon", "coordinates": [[[-51.09419345855712, -27.811559989667064], [-51.09645278813444, -27.80902354317264], [-51.09779834747314, -27.80700492719886], [-51.093376206307596, -27.805101543730448], [-51.09164293577339, -27.81053043148313], [-51.09283222053895, -27.81082177191906], [-51.09419345855712, -27.811559989667064]]]}}, {"type": "Feature", "properties": {"cod_imovel": "SC-4201000-B2C6C64470D54A28A17473A42BA02EA6", "municipio": "Anita Garibaldi", "num_area": 17.8639, "mod_fiscal": 0.8932, "des_condic": "Aguardando analise", "ind_status": "AT", "dat_atuali": "07/05/2015"}, "geometry": {"type": "Polygon", "coordinates": [[[-51.05253429162874, -27.79410805601842], [-51.05222050383483, -27.79521548188705], [-51.05255237263909, -27.79549913316501], [-51.05581067402513, -27.79626778333574], [-51.05888931835174, -27.79490457509147], [-51.05860782093291, -27.7918725366357], [-51.05704248008538, -27.79281193822703], [-51.05624126757807, -27.79310909360094], [-51.05253429162874, -27.79410805601842]]]}}, {"type": "Feature", "properties": {"cod_imovel": "SC-4201000-2800A38750284F2CBDA216288650C4EE", "municipio": "Anita Garibaldi", "num_area": 10.7043, "mod_fiscal": 0.5352, "des_condic": "Aguardando analise", "ind_status": "AT", "dat_atuali": "02/12/2015"}, "geometry": {"type": "Polygon", "coordinates": [[[-51.21966258830481, -27.75435295090736], [-51.2175681190085, -27.75257859484374], [-51.215477530515, -27.75539418964151], [-51.21618291218991, -27.75583085156334], [-51.21658829431728, -27.75636692882094], [-51.21738858946664, -27.75683489339404], [-51.21758852419296, -27.75719306413845], [-51.21966258830481, -27.75435295090736]]]}}, {"type": "Feature", "properties": {"cod_imovel": "SC-4201000-614527CC0D1E4E6780B916F996D7C82E", "municipio": "Anita Garibaldi", "num_area": 14.0886, "mod_fiscal": 0.7044, "des_condic": "Aguardando analise", "ind_status": "AT", "dat_atuali": "21/11/2022"}, "geometry": {"type": "Polygon", "coordinates": [[[-51.08292227435054, -27.75241028681573], [-51.08285237932805, -27.75177040160256], [-51.08132946599461, -27.75080340345724], [-51.08172773766691, -27.75015852517652], [-51.08137037164578, -27.7495732407762], [-51.08128972574544, -27.74820666249389], [-51.08053334209694, -27.74711977194765], [-51.07964255061632, -27.74727141908026], [-51.08022737544675, -27.74901082989764], [-51.0769925706254, -27.75103298924851], [-51.07784470983491, -27.75248945323373], [-51.08032742404845, -27.75108924274806], [-51.08085119686108, -27.75168310722468], [-51.08115314860017, -27.75132015630064], [-51.0816655103642, -27.75259090644004], [-51.08292227435054, -27.75241028681573]]]}}, {"type": "Feature", "properties": {"cod_imovel": "SC-4201000-8EB8D5B4488E4029A58C9F0B4DC28623", "municipio": "Anita Garibaldi", "num_area": 11.9632, "mod_fiscal": 0.5982, "des_condic": "Aguardando analise", "ind_status": "AT", "dat_atuali": "06/10/2020"}, "geometry": {"type": "Polygon", "coordinates": [[[-51.05627290235362, -27.80417171935925], [-51.05729997033753, -27.80177965139428], [-51.05431648831195, -27.80067196679267], [-51.05391803763409, -27.80108404466996], [-51.05302955642955, -27.80260764845173], [-51.05549188207768, -27.80527818021144], [-51.05627290235362, -27.80417171935925]]]}}, {"type": "Feature", "properties": {"cod_imovel": "SC-4201000-2EBC39853DDE45BF837A0C177886BAA0", "municipio": "Anita Garibaldi", "num_area": 12.4175, "mod_fiscal": 0.6209, "des_condic": "Aguardando analise", "ind_status": "AT", "dat_atuali": "09/05/2019"}, "geometry": {"type": "Polygon", "coordinates": [[[-51.08896613368879, -27.80994004790896], [-51.08975757472516, -27.810182611954], [-51.09026695568726, -27.81013962113813], [-51.09235110040443, -27.80437962508152], [-51.09107936380448, -27.80394464204762], [-51.09004928517825, -27.80392504756841], [-51.08896613368879, -27.80994004790896]]]}}, {"type": "Feature", "properties": {"cod_imovel": "SC-4201000-289F034421B44E928B831382741CDF4B", "municipio": "Anita Garibaldi", "num_area": 24.1573, "mod_fiscal": 1.2079, "des_condic": "Aguardando analise", "ind_status": "AT", "dat_atuali": "30/08/2016"}, "geometry": {"type": "Polygon", "coordinates": [[[-51.08424321456628, -27.80978113011715], [-51.08606059981089, -27.81037623411358], [-51.08719360371133, -27.81030233309428], [-51.08819227146786, -27.8099260272677], [-51.08898431577637, -27.80985364168927], [-51.08997805374622, -27.80577098011795], [-51.08517549298312, -27.80538737261813], [-51.08424321456628, -27.80978113011715]]]}}, {"type": "Feature", "properties": {"cod_imovel": "SC-4201000-6209A3B110194B7DA3464139C2E35EFF", "municipio": "Anita Garibaldi", "num_area": 22.2775, "mod_fiscal": 1.1139, "des_condic": "Aguardando analise", "ind_status": "AT", "dat_atuali": "12/05/2015"}, "geometry": {"type": "Polygon", "coordinates": [[[-51.03750521653205, -27.82878296890251], [-51.03666231909288, -27.82924132727497], [-51.03773621190604, -27.83012298735409], [-51.0388066588209, -27.82954006733388], [-51.04383618540728, -27.82851110086664], [-51.0451333124719, -27.82683704056109], [-51.0456047644041, -27.82558009985494], [-51.03990238650016, -27.82556697891513], [-51.04055110049794, -27.82653691552859], [-51.03750521653205, -27.82878296890251]]]}}, {"type": "Feature", "properties": {"cod_imovel": "SC-4201000-9F54A1DD1608482CBF014DD67F094FA1", "municipio": "Anita Garibaldi", "num_area": 10.5715, "mod_fiscal": 0.5286, "des_condic": "Aguardando analise", "ind_status": "AT", "dat_atuali": "15/04/2016"}, "geometry": {"type": "Polygon", "coordinates": [[[-51.04543333372742, -27.83059237062784], [-51.04683333233062, -27.82996490423532], [-51.04727785270365, -27.82837579283095], [-51.04828129556906, -27.8262035988087], [-51.04787654827788, -27.82608604106737], [-51.0462688884388, -27.82731922341765], [-51.04595964874493, -27.82763046475305], [-51.04643268525596, -27.82777930810575], [-51.04608627559421, -27.82800905584665], [-51.04240494961594, -27.82831957540278], [-51.04543333372742, -27.83059237062784]]]}}, {"type": "Feature", "properties": {"cod_imovel": "SC-4201000-AC1FFB2B6D8643A0AB6D538F2BBCE43B", "municipio": "Anita Garibaldi", "num_area": 34.7073, "mod_fiscal": 1.7354, "des_condic": "Aguardando analise", "ind_status": "AT", "dat_atuali": "01/06/2015"}, "geometry": {"type": "Polygon", "coordinates": [[[-51.0830374975416, -27.8091068010834], [-51.08249035201983, -27.80888249950933], [-51.07956897424582, -27.81268434892417], [-51.0824988906748, -27.81387352312283], [-51.083443693342, -27.81449641274334], [-51.08525435382552, -27.81643786334487], [-51.08660189864578, -27.81753496954904], [-51.08715534210205, -27.81360970546018], [-51.08712223366661, -27.81040605373319], [-51.0858452742014, -27.8104401484662], [-51.08486971127308, -27.81011108511716], [-51.0840776622025, -27.81117986003677], [-51.08250645918859, -27.80989580024219], [-51.0830374975416, -27.8091068010834]]]}}, {"type": "Feature", "properties": {"cod_imovel": "SC-4201000-26DBEFE45E65450AA4B266B117444AF9", "municipio": "Anita Garibaldi", "num_area": 58.6836, "mod_fiscal": 2.9342, "des_condic": "Aguardando analise", "ind_status": "AT", "dat_atuali": "18/11/2022"}, "geometry": {"type": "Polygon", "coordinates": [[[-51.02458477020264, -27.768072707584693], [-51.01957440376282, -27.767574307611497], [-51.01919889450073, -27.769299711124248], [-51.017106771469116, -27.77020630833287], [-51.01727843284607, -27.7716255212556], [-51.017101407051086, -27.77276942187666], [-51.01675808429718, -27.773020983470495], [-51.01698875427246, -27.773713961456632], [-51.01778268814087, -27.774449652433237], [-51.017970442771905, -27.77498124539748], [-51.01880729198455, -27.775004977165676], [-51.02073848247528, -27.77560776234188], [-51.021140813827515, -27.77349087998396], [-51.02570056915283, -27.7738895784644], [-51.02730989456177, -27.771046446646544], [-51.02665275335311, -27.770467368955543], [-51.02605193853378, -27.770218174738403], [-51.02550208568573, -27.76917867270548], [-51.02458477020264, -27.768072707584693]]]}}, {"type": "Feature", "properties": {"cod_imovel": "SC-4201000-A41152575A1D49F0AA9EE61B6E65A1F6", "municipio": "Anita Garibaldi", "num_area": 9.9635, "mod_fiscal": 0.4982, "des_condic": "Aguardando analise", "ind_status": "AT", "dat_atuali": "05/08/2015"}, "geometry": {"type": "Polygon", "coordinates": [[[-51.03233825297767, -27.828460186184], [-51.0331115619101, -27.8280324928992], [-51.03153157580028, -27.82529770998836], [-51.03066164379998, -27.82531061964271], [-51.02911368366973, -27.82383555080745], [-51.02710693389521, -27.82418012421439], [-51.02716874436284, -27.82507333493521], [-51.02800788968825, -27.82583767593021], [-51.02866360873938, -27.82514393070018], [-51.03064296200265, -27.82535960931245], [-51.03087632988318, -27.82853849994878], [-51.03141379999251, -27.82877709357899], [-51.03233825297767, -27.828460186184]]]}}, {"type": "Feature", "properties": {"cod_imovel": "SC-4201000-85FF0E5AFCE546ADA449D89C309696BC", "municipio": "Anita Garibaldi", "num_area": 6.0575, "mod_fiscal": 0.3029, "des_condic": "Aguardando analise", "ind_status": "AT", "dat_atuali": "22/02/2018"}, "geometry": {"type": "Polygon", "coordinates": [[[-51.01630976028604, -27.75582879917002], [-51.01508759798394, -27.755642881527], [-51.01310397962089, -27.75613242512989], [-51.01280526894023, -27.75848919997532], [-51.01347480733589, -27.75849336391886], [-51.01420425631005, -27.75808504527922], [-51.01630976028604, -27.75582879917002]]]}}, {"type": "Feature", "properties": {"cod_imovel": "SC-4201000-4E9BEED3A33D4C579E4D5ECBEBFB729B", "municipio": "Anita Garibaldi", "num_area": 27.597, "mod_fiscal": 1.3798, "des_condic": "Aguardando analise", "ind_status": "AT", "dat_atuali": "20/05/2016"}, "geometry": {"type": "Polygon", "coordinates": [[[-51.05567314718029, -27.84618168097458], [-51.05584813255391, -27.84664749753372], [-51.05749468330913, -27.84708859646845], [-51.05777332075085, -27.84756110150051], [-51.05952044524875, -27.84830442994711], [-51.06075499462898, -27.8493459259129], [-51.0623737654898, -27.84817576692858], [-51.0648503720122, -27.84700032158588], [-51.06132371655883, -27.84349699249912], [-51.06059824718926, -27.84335308699856], [-51.05864908958631, -27.84542135759553], [-51.05650919426519, -27.84583136646464], [-51.05567314718029, -27.84618168097458]]]}}, {"type": "Feature", "properties": {"cod_imovel": "SC-4201000-1E3F41DBC6EE4C7586F1A49401E5B65B", "municipio": "Anita Garibaldi", "num_area": 8.437, "mod_fiscal": 0.4219, "des_condic": "Aguardando analise", "ind_status": "AT", "dat_atuali": "10/09/2015"}, "geometry": {"type": "Polygon", "coordinates": [[[-51.02059046868174, -27.76473776467616], [-51.02043509028531, -27.76486104798129], [-51.02057791664702, -27.76504413347734], [-51.02139121479558, -27.76519375238162], [-51.02225794106286, -27.76566137011254], [-51.02395958164843, -27.76713073816933], [-51.025556161534, -27.76659454509228], [-51.02680825997132, -27.76570554878398], [-51.02727418732414, -27.76573934249656], [-51.02757559322635, -27.76554660749693], [-51.0273170889857, -27.76485068726295], [-51.02478295744926, -27.76515967176273], [-51.02320277659937, -27.76512168954475], [-51.02059046868174, -27.76473776467616]]]}}, {"type": "Feature", "properties": {"cod_imovel": "SC-4201000-C66B5DB42FB54730B3154E2A7466B53B", "municipio": "Anita Garibaldi", "num_area": 9.867, "mod_fiscal": 0.4934, "des_condic": "Aguardando analise", "ind_status": "AT", "dat_atuali": "19/05/2016"}, "geometry": {"type": "Polygon", "coordinates": [[[-51.24025990623859, -27.76793506652348], [-51.23623920344743, -27.76730739684568], [-51.23449803650609, -27.76666488040432], [-51.23380742206683, -27.76799967398298], [-51.236812542211, -27.76872718788663], [-51.23968625080245, -27.76984803255883], [-51.24025990623859, -27.76793506652348]]]}}, {"type": "Feature", "properties": {"cod_imovel": "SC-4201000-CF4F98BFF320407A8094A670023EE35C", "municipio": "Anita Garibaldi", "num_area": 14.4054, "mod_fiscal": 0.7203, "des_condic": "Aguardando analise", "ind_status": "AT", "dat_atuali": "25/04/2015"}, "geometry": {"type": "Polygon", "coordinates": [[[-51.03906162134445, -27.78021144095818], [-51.03991113505592, -27.78336950504962], [-51.04141057304716, -27.78265901976207], [-51.04238244822255, -27.78144540373958], [-51.04002201047838, -27.77742617520924], [-51.03917367059827, -27.77796711169916], [-51.03797230649557, -27.77718228260648], [-51.03726028610503, -27.77703616479081], [-51.03848621277896, -27.77889393536553], [-51.03906162134445, -27.78021144095818]]]}}, {"type": "Feature", "properties": {"cod_imovel": "SC-4201000-5D83DE1187A14F86AC401B1DE10F61CE", "municipio": "Anita Garibaldi", "num_area": 11.29, "mod_fiscal": 0.5645, "des_condic": "Aguardando analise", "ind_status": "AT", "dat_atuali": "01/05/2015"}, "geometry": {"type": "Polygon", "coordinates": [[[-51.01014333313948, -27.8070455203865], [-51.00929450919457, -27.80728628829803], [-51.00861728273061, -27.80774308800946], [-51.00875173326205, -27.80779566054798], [-51.00861295761863, -27.8079962292723], [-51.00785835988488, -27.80826342860337], [-51.00749991768843, -27.80873546095289], [-51.00795792226558, -27.80957575794767], [-51.00786183864294, -27.81016776172783], [-51.00820655835032, -27.81050931131223], [-51.00869117311988, -27.81061116054514], [-51.00894633212501, -27.81105774897767], [-51.00997582524229, -27.81066399694938], [-51.01148603796176, -27.80957312195041], [-51.01189926031168, -27.80959016963772], [-51.01196665410419, -27.80942837218109], [-51.01014333313948, -27.8070455203865]]]}}, {"type": "Feature", "properties": {"cod_imovel": "SC-4201000-DD2752FCB1D14DD3832B2239EA611919", "municipio": "Anita Garibaldi", "num_area": 29.5891, "mod_fiscal": 1.4795, "des_condic": "Aguardando analise", "ind_status": "AT", "dat_atuali": "09/10/2019"}, "geometry": {"type": "Polygon", "coordinates": [[[-51.01185654802348, -27.77186920245184], [-51.01325236416318, -27.77014478549959], [-51.00935580625727, -27.7679292484923], [-51.00877070504509, -27.7682382921235], [-51.00808207468346, -27.76892232257112], [-51.00605535753975, -27.76922539925216], [-51.00436369201859, -27.7684717125429], [-51.0039984457581, -27.77122416457111], [-51.00613303897623, -27.771134526095], [-51.00540962432806, -27.77230985157955], [-51.00708520828733, -27.77275965847635], [-51.00921859959488, -27.7717662150452], [-51.01171360418841, -27.77251162196962], [-51.01185654802348, -27.77186920245184]]]}}, {"type": "Feature", "properties": {"cod_imovel": "SC-4201000-4DC19862167845E3861FABE719C70687", "municipio": "Anita Garibaldi", "num_area": 4.3595, "mod_fiscal": 0.218, "des_condic": "Aguardando analise", "ind_status": "AT", "dat_atuali": "23/04/2021"}, "geometry": {"type": "Polygon", "coordinates": [[[-51.12673253419087, -27.76753451127673], [-51.12706899453332, -27.76803559943913], [-51.12720406121302, -27.76907478707442], [-51.12975629025836, -27.76913956894633], [-51.12818213143569, -27.76693936698103], [-51.12673253419087, -27.76753451127673]]]}}, {"type": "Feature", "properties": {"cod_imovel": "SC-4201000-A4E315CE3B644D4E85216B3C1F01A540", "municipio": "Anita Garibaldi", "num_area": 22.1872, "mod_fiscal": 1.1094, "des_condic": "Aguardando analise", "ind_status": "AT", "dat_atuali": "02/06/2020"}, "geometry": {"type": "Polygon", "coordinates": [[[-51.01905654628838, -27.76411270614579], [-51.01950881464634, -27.76324771985828], [-51.01946321982448, -27.7619157257849], [-51.01989216921055, -27.76048725321642], [-51.01902348732697, -27.75967415613085], [-51.01483245295091, -27.76240043148179], [-51.01346226680852, -27.76155176472935], [-51.01094721480025, -27.76560139651518], [-51.01328396917588, -27.76594664637322], [-51.0154520456151, -27.76242398938371], [-51.01905654628838, -27.76411270614579]]]}}, {"type": "Feature", "properties": {"cod_imovel": "SC-4201000-A0F69DC2333549858C95D59B4803FC98", "municipio": "Anita Garibaldi", "num_area": 15.4127, "mod_fiscal": 0.7706, "des_condic": "Aguardando analise", "ind_status": "AT", "dat_atuali": "19/04/2016"}, "geometry": {"type": "Polygon", "coordinates": [[[-51.071319580078125, -27.825679469322317], [-51.07225499937245, -27.82345968002566], [-51.07291727409907, -27.82310358574815], [-51.073079109191895, -27.820878293142908], [-51.07208959354092, -27.82113010492219], [-51.07144832611084, -27.821049089613602], [-51.06728553771973, -27.82344021199196], [-51.071319580078125, -27.825679469322317]]]}}, {"type": "Feature", "properties": {"cod_imovel": "SC-4201000-D11972BD1EAE4D479C8F42A8B148AC40", "municipio": "Anita Garibaldi", "num_area": 24.1842, "mod_fiscal": 1.2092, "des_condic": "Aguardando analise", "ind_status": "AT", "dat_atuali": "18/04/2020"}, "geometry": {"type": "Polygon", "coordinates": [[[-51.03752606678781, -27.82320276380723], [-51.03374442868888, -27.8233026349082], [-51.03424911329627, -27.82547060140568], [-51.03885877424615, -27.82555221537274], [-51.04308881192721, -27.82537992574218], [-51.0434532244939, -27.82277298566174], [-51.03752606678781, -27.82320276380723]]]}}, {"type": "Feature", "properties": {"cod_imovel": "SC-4201000-892925751C1B49BCB54D7BED0BBA587A", "municipio": "Anita Garibaldi", "num_area": 18.3032, "mod_fiscal": 0.9152, "des_condic": "Aguardando analise", "ind_status": "AT", "dat_atuali": "18/07/2019"}, "geometry": {"type": "Polygon", "coordinates": [[[-51.04836661996075, -27.79042872986216], [-51.05091427482581, -27.78988704836243], [-51.04913662798061, -27.78860888191857], [-51.04848724508685, -27.78786026985824], [-51.04334305988873, -27.79138620434623], [-51.04430410098382, -27.79244300792324], [-51.04583970001797, -27.7927967170907], [-51.04710216805526, -27.79275753771637], [-51.04758240746421, -27.79261732872576], [-51.04787749776894, -27.79232893117377], [-51.04810067766928, -27.79067278600045], [-51.04836661996075, -27.79042872986216]]]}}, {"type": "Feature", "properties": {"cod_imovel": "SC-4201000-9E3E97718A35466B94B3007B8268821E", "municipio": "Anita Garibaldi", "num_area": 74.4736, "mod_fiscal": 3.7237, "des_condic": "Aguardando analise", "ind_status": "AT", "dat_atuali": "26/04/2019"}, "geometry": {"type": "Polygon", "coordinates": [[[-51.13724932233179, -27.76786749991931], [-51.13110307208854, -27.7718194101197], [-51.13256977751247, -27.77379349562736], [-51.13395176254147, -27.77518774169898], [-51.13453816826, -27.77605016686194], [-51.13469029953867, -27.77667818386686], [-51.13507333666568, -27.77691794133612], [-51.13607862210537, -27.77689593219358], [-51.13730168688123, -27.7774096148977], [-51.13917822602238, -27.77726157254055], [-51.14064921575832, -27.77677564443565], [-51.14160221049925, -27.77801919733535], [-51.1431221662157, -27.77888031443371], [-51.14447891391079, -27.77937767633533], [-51.14485848683682, -27.77824429941454], [-51.1446371427769, -27.7773822826291], [-51.14371609699492, -27.77576775636677], [-51.14362957933871, -27.77432043130396], [-51.1433040701455, -27.77388552849305], [-51.14267349259017, -27.77353049930271], [-51.140733435844, -27.77324608635915], [-51.1386098185495, -27.77266582021663], [-51.13828679993129, -27.77229787705118], [-51.13824361946708, -27.77110662474743], [-51.13806800466704, -27.77063154617478], [-51.13815666402913, -27.77013217296489], [-51.13754508952211, -27.76942490823802], [-51.13724932233179, -27.76786749991931]]]}}, {"type": "Feature", "properties": {"cod_imovel": "SC-4201000-B5C883575B79460F94EEDD32D65C5B12", "municipio": "Anita Garibaldi", "num_area": 10.0369, "mod_fiscal": 0.5018, "des_condic": "Aguardando analise", "ind_status": "AT", "dat_atuali": "26/07/2018"}, "geometry": {"type": "Polygon", "coordinates": [[[-51.2033983765453, -27.77268228124196], [-51.20123024801911, -27.77068040763805], [-51.19952948676666, -27.77258830808319], [-51.20044961990306, -27.77448726450096], [-51.2018717015368, -27.77481839338089], [-51.2033983765453, -27.77268228124196]]]}}, {"type": "Feature", "properties": {"cod_imovel": "SC-4201000-DE2631015B9443F3B0310A3D7A024B74", "municipio": "Anita Garibaldi", "num_area": 4.0815, "mod_fiscal": 0.2041, "des_condic": "Aguardando analise", "ind_status": "AT", "dat_atuali": "16/03/2020"}, "geometry": {"type": "Polygon", "coordinates": [[[-51.12680992376596, -27.79028816536105], [-51.12737913054299, -27.79106059313381], [-51.12854998441728, -27.79029468249273], [-51.13115491338975, -27.78816029827667], [-51.13116095072947, -27.78752818613868], [-51.12680992376596, -27.79028816536105]]]}}, {"type": "Feature", "properties": {"cod_imovel": "SC-4201000-23773DA39D374EB69D16C09990C2BD3F", "municipio": "Anita Garibaldi", "num_area": 12.7277, "mod_fiscal": 0.6364, "des_condic": "Aguardando analise", "ind_status": "AT", "dat_atuali": "28/10/2020"}, "geometry": {"type": "Polygon", "coordinates": [[[-51.18066812136151, -27.74860544795034], [-51.17954511071688, -27.74816855182667], [-51.17862756136249, -27.74749411585061], [-51.17716001397751, -27.75007239574456], [-51.17627085791533, -27.75100806595231], [-51.17549567424563, -27.75214510450415], [-51.17759472023545, -27.75294536101877], [-51.18066812136151, -27.74860544795034]]]}}, {"type": "Feature", "properties": {"cod_imovel": "SC-4201000-360F9BA0D28445E7A47C2153BDBB52DF", "municipio": "Anita Garibaldi", "num_area": 25.1112, "mod_fiscal": 1.2556, "des_condic": "Aguardando analise", "ind_status": "AT", "dat_atuali": "10/11/2020"}, "geometry": {"type": "Polygon", "coordinates": [[[-51.05969098083742, -27.80048091182209], [-51.06000449027297, -27.79993664249274], [-51.05539772321402, -27.79652606973311], [-51.05428905262478, -27.79800747335939], [-51.05268631854374, -27.79961602351253], [-51.05277828845972, -27.80026494468093], [-51.053694042851, -27.800426717536], [-51.05432165955351, -27.80173557026892], [-51.05460579435142, -27.80180492697987], [-51.05499458077304, -27.80163553577951], [-51.05524495632198, -27.80175879109353], [-51.05575740996012, -27.80252865074343], [-51.05675561503435, -27.80291143961369], [-51.05760460200054, -27.80135137533512], [-51.05823741103387, -27.80082444061296], [-51.05969098083742, -27.80048091182209]]]}}, {"type": "Feature", "properties": {"cod_imovel": "SC-4201000-429D6A0D8F5B4245BD7490DA1AD683E5", "municipio": "Anita Garibaldi", "num_area": 89.4822, "mod_fiscal": 4.4741, "des_condic": "Aguardando analise", "ind_status": "AT", "dat_atuali": "27/04/2020"}, "geometry": {"type": "Polygon", "coordinates": [[[-51.25392168224291, -27.75449491973942], [-51.25632609150905, -27.75344786335538], [-51.2539707166445, -27.74827565054581], [-51.256332491777, -27.7414752703148], [-51.25239437440273, -27.74254786076037], [-51.25198312730988, -27.74354649039192], [-51.2511259142906, -27.74410036146606], [-51.25035864268914, -27.74420955465189], [-51.24974874880827, -27.74408874763374], [-51.24921532510079, -27.7436827417025], [-51.2480475275893, -27.74167346239437], [-51.24713642000297, -27.74239314563999], [-51.24929806017762, -27.74429142423966], [-51.24525233121877, -27.75047068921618], [-51.24710841089909, -27.75183941593977], [-51.24868844119582, -27.75230808906384], [-51.25044377783339, -27.7532671695385], [-51.2524231151554, -27.75392333205268], [-51.25288819145393, -27.75429101692447], [-51.25392168224291, -27.75449491973942]]]}}, {"type": "Feature", "properties": {"cod_imovel": "SC-4201000-42C4983A15A94E4A965F11FC91F26FC8", "municipio": "Anita Garibaldi", "num_area": 31.3494, "mod_fiscal": 1.5675, "des_condic": "Aguardando analise", "ind_status": "AT", "dat_atuali": "16/07/2020"}, "geometry": {"type": "Polygon", "coordinates": [[[-51.12729791454429, -27.77766054598174], [-51.12802840355728, -27.77861613439613], [-51.12835037178262, -27.77940206112876], [-51.12881641061627, -27.77977855295286], [-51.13076114683603, -27.78069440519604], [-51.13381372813716, -27.7787589108079], [-51.13600316225199, -27.77715093491391], [-51.13463156384151, -27.77592039495226], [-51.13354631622295, -27.77437293605657], [-51.13014368448535, -27.77600525587137], [-51.12729791454429, -27.77766054598174]]]}}, {"type": "Feature", "properties": {"cod_imovel": "SC-4201000-5AFE362883E640509501097CE823159D", "municipio": "Anita Garibaldi", "num_area": 2.418, "mod_fiscal": 0.1209, "des_condic": "Aguardando analise", "ind_status": "AT", "dat_atuali": "21/08/2020"}, "geometry": {"type": "Polygon", "coordinates": [[[-51.12318054405181, -27.76356528123351], [-51.12425506232011, -27.7627782844146], [-51.12284883362449, -27.76147058564164], [-51.12220619770395, -27.76264324032958], [-51.12318054405181, -27.76356528123351]]]}}, {"type": "Feature", "properties": {"cod_imovel": "SC-4201000-6CAA25D154934ABF89D8ECAE615F2C0D", "municipio": "Anita Garibaldi", "num_area": 12.1289, "mod_fiscal": 0.6064, "des_condic": "Aguardando analise", "ind_status": "AT", "dat_atuali": "26/11/2020"}, "geometry": {"type": "Polygon", "coordinates": [[[-51.0387341448339, -27.83747472591108], [-51.03927642542298, -27.83651652044664], [-51.03942399832684, -27.83532428745891], [-51.0376606354773, -27.83530248240724], [-51.03459224324171, -27.83617169194905], [-51.03307915470772, -27.83601166647829], [-51.03321085932494, -27.83768227109839], [-51.0387341448339, -27.83747472591108]]]}}, {"type": "Feature", "properties": {"cod_imovel": "SC-4201000-95E6B515229E451A968EA4D03F0901FE", "municipio": "Anita Garibaldi", "num_area": 8.1708, "mod_fiscal": 0.4085, "des_condic": "Aguardando analise", "ind_status": "AT", "dat_atuali": "24/09/2020"}, "geometry": {"type": "Polygon", "coordinates": [[[-51.0499575665464, -27.79267905235735], [-51.05137183234393, -27.79462384593643], [-51.05213096046121, -27.79468490397329], [-51.05296015523577, -27.7937423035114], [-51.05338183832423, -27.79186755409922], [-51.05117775524648, -27.7915257485221], [-51.05047913624401, -27.79166458314679], [-51.0499575665464, -27.79267905235735]]]}}, {"type": "Feature", "properties": {"cod_imovel": "SC-4201000-BC56EB09CF524953BE01004910A76CB3", "municipio": "Anita Garibaldi", "num_area": 17.7437, "mod_fiscal": 0.8872, "des_condic": "Aguardando analise", "ind_status": "AT", "dat_atuali": "29/09/2020"}, "geometry": {"type": "Polygon", "coordinates": [[[-51.22933277104892, -27.74820609226465], [-51.22466139610487, -27.75296251588965], [-51.2250883241928, -27.75360847347634], [-51.22534437550494, -27.75350031804656], [-51.22586917732669, -27.75438419061097], [-51.22637593833961, -27.754423752329], [-51.22676044063545, -27.75387875869225], [-51.22714655421688, -27.75413673390784], [-51.2272676696355, -27.75385151366472], [-51.22759075637428, -27.75402785188905], [-51.2307083756531, -27.75005528775842], [-51.22933277104892, -27.74820609226465]]]}}, {"type": "Feature", "properties": {"cod_imovel": "SC-4201000-DBB4193C214B46D4A87E5D671750F512", "municipio": "Anita Garibaldi", "num_area": 7.2427, "mod_fiscal": 0.3621, "des_condic": "Aguardando analise", "ind_status": "AT", "dat_atuali": "13/08/2020"}, "geometry": {"type": "Polygon", "coordinates": [[[-51.03374743966266, -27.7634123278148], [-51.0364033998964, -27.76323935910045], [-51.0357091911844, -27.76096160897116], [-51.03580832332542, -27.7604468306463], [-51.03335697691119, -27.76105254491803], [-51.03374743966266, -27.7634123278148]]]}}, {"type": "Feature", "properties": {"cod_imovel": "SC-4201000-ED4E81162D55459EAD3D7B4416AAB6CB", "municipio": "Anita Garibaldi", "num_area": 19.344, "mod_fiscal": 0.9672, "des_condic": "Aguardando analise", "ind_status": "AT", "dat_atuali": "24/09/2020"}, "geometry": {"type": "Polygon", "coordinates": [[[-51.06460492441132, -27.75698539854788], [-51.06526544818883, -27.75715132616104], [-51.06680632138854, -27.75714578043042], [-51.07034520123723, -27.75600372915423], [-51.0695141527936, -27.75515710158651], [-51.06906396493622, -27.75368077995557], [-51.06818585951208, -27.75269875431381], [-51.06673666440673, -27.75294485981406], [-51.06566240919, -27.7535232967394], [-51.06477323217685, -27.754221552845], [-51.06460492441132, -27.75698539854788]]]}}, {"type": "Feature", "properties": {"cod_imovel": "SC-4201000-7F9C0F327331419ABCF81DB83299CED0", "municipio": "Anita Garibaldi", "num_area": 5.0108, "mod_fiscal": 0.2505, "des_condic": "Aguardando analise", "ind_status": "AT", "dat_atuali": "18/06/2020"}, "geometry": {"type": "Polygon", "coordinates": [[[-51.083142442117, -27.76436633386512], [-51.08228731900927, -27.76481707606039], [-51.08363763914135, -27.76667303639761], [-51.08482210758115, -27.76655796140866], [-51.08478286081309, -27.76412223166276], [-51.083142442117, -27.76436633386512]]]}}, {"type": "Feature", "properties": {"cod_imovel": "SC-4201000-97704647653B4C3F8C986C0776A50762", "municipio": "Anita Garibaldi", "num_area": 21.8, "mod_fiscal": 1.09, "des_condic": "Aguardando analise", "ind_status": "AT", "dat_atuali": "14/09/2018"}, "geometry": {"type": "Polygon", "coordinates": [[[-51.0469986091211, -27.79964814540135], [-51.04653752909303, -27.7981393480155], [-51.03769503758389, -27.79968351342829], [-51.03697700878224, -27.80248127454445], [-51.0469986091211, -27.79964814540135]]]}}, {"type": "Feature", "properties": {"cod_imovel": "SC-4201000-A7919C71999545DE96086322CFC19119", "municipio": "Anita Garibaldi", "num_area": 12.4335, "mod_fiscal": 0.6217, "des_condic": "Aguardando analise", "ind_status": "AT", "dat_atuali": "29/12/2017"}, "geometry": {"type": "Polygon", "coordinates": [[[-51.01765781913715, -27.75525952462091], [-51.01794262729959, -27.75481766697326], [-51.01497442873775, -27.75486229334782], [-51.01494138358527, -27.75204695308271], [-51.01280791995684, -27.75065736119494], [-51.01269063019278, -27.75593376562585], [-51.01492471648186, -27.75539067620971], [-51.01703364260229, -27.75561254180529], [-51.01765781913715, -27.75525952462091]]]}}, {"type": "Feature", "properties": {"cod_imovel": "SC-4201000-91C3510A05E74FB794A9B1620F659195", "municipio": "Anita Garibaldi", "num_area": 2.462, "mod_fiscal": 0.1231, "des_condic": "Aguardando analise", "ind_status": "AT", "dat_atuali": "10/05/2019"}, "geometry": {"type": "Polygon", "coordinates": [[[-51.06922486249646, -27.75786534089919], [-51.06981001424303, -27.75833883454544], [-51.07137483060614, -27.75669651795012], [-51.07128502428806, -27.75653516150893], [-51.07069965578237, -27.75603423037212], [-51.07032451457768, -27.75600464712408], [-51.06922486249646, -27.75786534089919]]]}}, {"type": "Feature", "properties": {"cod_imovel": "SC-4201000-A8D9ECC3478B4F4BB782C61F3D376472", "municipio": "Anita Garibaldi", "num_area": 8.9936, "mod_fiscal": 0.4497, "des_condic": "Aguardando analise", "ind_status": "AT", "dat_atuali": "28/06/2021"}, "geometry": {"type": "Polygon", "coordinates": [[[-51.0405872138889, -27.8222643381042], [-51.04002085, -27.8218621547709], [-51.04003142222219, -27.8220389381042], [-51.0397619055556, -27.8219015547709], [-51.0334191527778, -27.8222697881042], [-51.0337416305556, -27.82330844365981], [-51.03949051111109, -27.8233896214376], [-51.0405872138889, -27.8222643381042]]]}}, {"type": "Feature", "properties": {"cod_imovel": "SC-4201000-EDEA087C5DD944AF8B0D5CD39A687DE0", "municipio": "Anita Garibaldi", "num_area": 60.5758, "mod_fiscal": 3.0288, "des_condic": "Aguardando analise", "ind_status": "AT", "dat_atuali": "29/10/2018"}, "geometry": {"type": "Polygon", "coordinates": [[[-51.08092291830347, -27.75624464415735], [-51.08002744263943, -27.75555727568335], [-51.07811481830989, -27.75840459521051], [-51.07669675803143, -27.76088654315408], [-51.07613402428265, -27.75989455702132], [-51.07460265353708, -27.75629263123766], [-51.07215602210594, -27.75856339237742], [-51.07244130375943, -27.75911723572661], [-51.07307869245537, -27.75969358331165], [-51.07220081323877, -27.76088092114522], [-51.07232966064179, -27.76208357139737], [-51.07366833859257, -27.76222660799364], [-51.07378406772249, -27.76241769620698], [-51.07293585586245, -27.76375231032173], [-51.07331939176921, -27.76429624669238], [-51.0748239675438, -27.76518567990424], [-51.07660803103592, -27.76512846609753], [-51.07827114613819, -27.76489735811712], [-51.0804941293501, -27.76408919803289], [-51.08083922735549, -27.76379917046511], [-51.08072238548693, -27.76356456988865], [-51.08090631042225, -27.76317553976361], [-51.08053860664331, -27.76287964865015], [-51.08062247328796, -27.76236514375045], [-51.08045092018674, -27.7613439924524], [-51.08098584708559, -27.76020054337663], [-51.08079472112704, -27.75835034402153], [-51.08092291830347, -27.75624464415735]]]}}, {"type": "Feature", "properties": {"cod_imovel": "SC-4201000-F0650C3A54BA4E1398613F1090456C06", "municipio": "Anita Garibaldi", "num_area": 29.6453, "mod_fiscal": 1.4823, "des_condic": "Aguardando analise", "ind_status": "AT", "dat_atuali": "15/08/2019"}, "geometry": {"type": "Polygon", "coordinates": [[[-51.23612485581735, -27.75334491233254], [-51.23692624271409, -27.75418565712543], [-51.2378739212469, -27.75447958901959], [-51.23834288251805, -27.75504378004212], [-51.24281924751485, -27.75278675479979], [-51.24388143624113, -27.75246431960584], [-51.24616395750483, -27.75123195170077], [-51.24454013708148, -27.74995902635067], [-51.24447569144798, -27.74879837928747], [-51.24401119996306, -27.74832890142478], [-51.23612485581735, -27.75334491233254]]]}}, {"type": "Feature", "properties": {"cod_imovel": "SC-4204178-18A203FECE5C4FAEA837BBF7714FBBEA", "municipio": "Cerro Negro", "num_area": 6.0497, "mod_fiscal": 0.2521, "des_condic": "Aguardando analise", "ind_status": "AT", "dat_atuali": "05/05/2016"}, "geometry": {"type": "Polygon", "coordinates": [[[-51.004655400797944, -27.831473891571072], [-51.00253042194049, -27.829212611822022], [-51.00063472302186, -27.830544260168566], [-51.001459390678626, -27.83083365252851], [-51.00276432370873, -27.831774247052522], [-51.004090906077444, -27.832329713083524], [-51.004655400797944, -27.831473891571072]]]}}, {"type": "Feature", "properties": {"cod_imovel": "SC-4204178-6F22E387AED5407EB4FD53C01CA89A14", "municipio": "Cerro Negro", "num_area": 36.0821, "mod_fiscal": 1.5034, "des_condic": "Aguardando analise", "ind_status": "AT", "dat_atuali": "26/03/2026"}, "geometry": {"type": "Polygon", "coordinates": [[[-51.01692407929735, -27.90823167384738], [-51.01118095198357, -27.90626900727624], [-51.00939811936887, -27.90769876508925], [-51.01616340582999, -27.91417426597054], [-51.01685318880869, -27.91344578060982], [-51.01725569783311, -27.91325410543847], [-51.01776316974826, -27.91242735778287], [-51.01779126320557, -27.91140389505743], [-51.01764012604469, -27.9107913462685], [-51.01727385667493, -27.9103867503598], [-51.01727763372502, -27.91012775552657], [-51.01749936834771, -27.90989205679085], [-51.01692407929735, -27.90823167384738]]]}}, {"type": "Feature", "properties": {"cod_imovel": "SC-4204178-676DAFBE3BDE4BBE86D44CB49AF1DE6A", "municipio": "Cerro Negro", "num_area": 10.9162, "mod_fiscal": 0.4548, "des_condic": "Aguardando analise", "ind_status": "AT", "dat_atuali": "17/03/2026"}, "geometry": {"type": "Polygon", "coordinates": [[[-51.00359852790823, -27.84898499418325], [-51.00410114306916, -27.84788490760402], [-51.00132752709687, -27.84568920984318], [-51.00080365441273, -27.84562506243835], [-50.99961891018675, -27.84795161342484], [-50.99936553714056, -27.84882877021046], [-51.0012790391273, -27.84903707564198], [-51.00272348149761, -27.84882201780885], [-51.00359852790823, -27.84898499418325]]]}}, {"type": "Feature", "properties": {"cod_imovel": "SC-4204178-2DA9CB0EE8704AEE9CDEEE26D1056AFF", "municipio": "Cerro Negro", "num_area": 24.9708, "mod_fiscal": 1.0404, "des_condic": "Aguardando analise", "ind_status": "AT", "dat_atuali": "27/02/2026"}, "geometry": {"type": "Polygon", "coordinates": [[[-51.0012508010652, -27.85522221458699], [-51.00137557441377, -27.8534157668479], [-51.0018699082393, -27.85282732817512], [-51.00188923731563, -27.85096687983113], [-51.00157391081795, -27.85062216319069], [-51.00145355381947, -27.84913300674168], [-50.99906393608497, -27.84885940367439], [-50.99721991768048, -27.85287840859461], [-50.99855668255709, -27.85419448422859], [-50.9986433786169, -27.85567809050791], [-50.999346091194, -27.85591116619402], [-51.00073755545201, -27.85569099756508], [-51.0012508010652, -27.85522221458699]]]}}, {"type": "Feature", "properties": {"cod_imovel": "SC-4204178-595D157A40924ECDB87AB001337B6854", "municipio": "Cerro Negro", "num_area": 10.3286, "mod_fiscal": 0.4304, "des_condic": "Aguardando analise", "ind_status": "AT", "dat_atuali": "27/02/2026"}, "geometry": {"type": "Polygon", "coordinates": [[[-51.00349050896236, -27.89501373364444], [-51.00421783274141, -27.89219434487871], [-51.00232568362334, -27.89227584966683], [-51.00143819757933, -27.89287071258331], [-51.00089720614965, -27.89366850951905], [-50.99983044164185, -27.89400333086483], [-51.00108622342623, -27.89466814713284], [-51.00186579033114, -27.89488735933299], [-51.00305040914454, -27.89631712836594], [-51.00246476098657, -27.89750805598189], [-51.00386002600623, -27.89674099155382], [-51.00334142662555, -27.8962838922751], [-51.00349050896236, -27.89501373364444]]]}}, {"type": "Feature", "properties": {"cod_imovel": "SC-4204178-CE71A807D78B455BA520C2983398B9E0", "municipio": "Cerro Negro", "num_area": 10.3928, "mod_fiscal": 0.433, "des_condic": "Aguardando analise", "ind_status": "AT", "dat_atuali": "12/02/2026"}, "geometry": {"type": "Polygon", "coordinates": [[[-51.04325674595998, -27.8745623084195], [-51.04343144304137, -27.87516260447579], [-51.04516894354523, -27.87845838992773], [-51.04694726170636, -27.87780388660106], [-51.04685334442202, -27.8761201004023], [-51.04596579363155, -27.87511052702268], [-51.04426919688051, -27.8739627789184], [-51.04325674595998, -27.8745623084195]]]}}, {"type": "Feature", "properties": {"cod_imovel": "SC-4204178-F4F12954234B45F8ACFDEAA02056A6DC", "municipio": "Cerro Negro", "num_area": 44.6637, "mod_fiscal": 1.861, "des_condic": "Aguardando analise", "ind_status": "AT", "dat_atuali": "30/01/2026"}, "geometry": {"type": "Polygon", "coordinates": [[[-51.02031221502834, -27.84483122228488], [-51.01988179583887, -27.84439958214241], [-51.01396705023026, -27.84539377383846], [-51.01739494550456, -27.84951380961719], [-51.01956153607498, -27.85140551704836], [-51.02140658195854, -27.85249666023359], [-51.02164961418089, -27.85229088900954], [-51.02244971453773, -27.8504935669671], [-51.02357924553876, -27.84899703559929], [-51.02293715026578, -27.84860141877703], [-51.02266833142588, -27.84810169995267], [-51.02259289078301, -27.8462631460622], [-51.02218193115239, -27.84625970360598], [-51.02128628421785, -27.84571645462519], [-51.0204952762787, -27.84478090438697], [-51.02031221502834, -27.84483122228488]]]}}, {"type": "Feature", "properties": {"cod_imovel": "SC-4204178-8FE64A96C03946EBB34911B23ABC705E", "municipio": "Cerro Negro", "num_area": 15.9643, "mod_fiscal": 0.6652, "des_condic": "Aguardando analise", "ind_status": "AT", "dat_atuali": "20/01/2026"}, "geometry": {"type": "Polygon", "coordinates": [[[-51.02408409143362, -27.905424876163], [-51.02271388401928, -27.90514714883567], [-51.02213267241355, -27.90631201502681], [-51.02728874849024, -27.90933128908156], [-51.02748922939104, -27.9091227088845], [-51.02753674884364, -27.9086410638245], [-51.02831185155196, -27.90790550301162], [-51.02887466277551, -27.90764193309305], [-51.0288601093766, -27.90706444157811], [-51.02821415434038, -27.90642627079847], [-51.02650246472062, -27.90592718239782], [-51.02509885360354, -27.90528364713827], [-51.02408409143362, -27.905424876163]]]}}, {"type": "Feature", "properties": {"cod_imovel": "SC-4204178-3255BC96E95F458F9B7C5128A936B1D2", "municipio": "Cerro Negro", "num_area": 23.1345, "mod_fiscal": 0.9639, "des_condic": "Aguardando analise", "ind_status": "AT", "dat_atuali": "20/01/2026"}, "geometry": {"type": "Polygon", "coordinates": [[[-50.99447708856947, -27.83335938863405], [-50.99425551845102, -27.83635289975006], [-50.99625248004792, -27.83695747059126], [-50.99873742463622, -27.83797571544896], [-51.00020866187681, -27.83575950380318], [-50.99925799094271, -27.83401949716342], [-50.99776909095021, -27.8325947100066], [-50.99660596661309, -27.83321707913375], [-50.99581737137672, -27.8331207184243], [-50.99447708856947, -27.83335938863405]]]}}, {"type": "Feature", "properties": {"cod_imovel": "SC-4204178-E19F60E454CC45A7B498BF84972A0C65", "municipio": "Cerro Negro", "num_area": 17.0932, "mod_fiscal": 0.7125, "des_condic": "Aguardando analise", "ind_status": "AT", "dat_atuali": "12/12/2025"}, "geometry": {"type": "Polygon", "coordinates": [[[-50.99929082795231, -27.8373195753717], [-50.99877559904875, -27.83797793035296], [-51.00133270597048, -27.83939528255517], [-51.00288354809528, -27.83892118884176], [-51.00297522171763, -27.83961832576665], [-51.00489542942154, -27.83722164796266], [-51.00542003993574, -27.83506466223437], [-51.00663880148023, -27.83424341138716], [-51.00715290104597, -27.83368509102714], [-51.00750980992935, -27.8336268135971], [-51.00883346036038, -27.83183225443079], [-51.00860228620027, -27.83170164546221], [-51.00653065306285, -27.83223927296317], [-51.00250460415464, -27.83772906080585], [-51.00074455499252, -27.83780942196838], [-50.99929082795231, -27.8373195753717]]]}}, {"type": "Feature", "properties": {"cod_imovel": "SC-4204178-7875F3499BBE442EAE453509C26520E4", "municipio": "Cerro Negro", "num_area": 153.6797, "mod_fiscal": 6.4033, "des_condic": "Aguardando analise", "ind_status": "AT", "dat_atuali": "06/11/2025"}, "geometry": {"type": "Polygon", "coordinates": [[[-50.9825744376, -27.87073960050001], [-50.98151187576502, -27.87090665911257], [-50.98150371208266, -27.87293861622969], [-50.98258615881285, -27.87346905600068], [-50.98375163736473, -27.87359194727342], [-50.98473184627732, -27.87328334957826], [-50.98632246655879, -27.87317751891291], [-50.98697851294146, -27.87339550138924], [-50.98757688564562, -27.87305562309457], [-50.98741760053584, -27.87267611689968], [-50.9881917416747, -27.87165942441889], [-50.98879080755478, -27.87263830697929], [-50.98937771730902, -27.87295939397501], [-50.98931006437386, -27.87356911013311], [-50.98974032229135, -27.87396332369554], [-50.99034952403333, -27.87494734243885], [-50.99086531614721, -27.87476923418062], [-50.99190632638812, -27.87552135967176], [-50.9932795116, -27.87613847270001], [-50.99506479939999, -27.8776869836], [-50.99763000199999, -27.87897559560001], [-50.99951219239998, -27.88085219159998], [-51.0002381928152, -27.88204529874578], [-51.00049948142396, -27.88185404351437], [-51.00038856019202, -27.88113366015453], [-51.00127450376259, -27.88000981683379], [-51.00184116970421, -27.87862570942089], [-51.00277810528696, -27.87846718939698], [-51.00350707324921, -27.87915600787674], [-51.00406619333884, -27.87925262360235], [-51.00449983930964, -27.87865199557026], [-51.00548904086839, -27.87866810609756], [-51.00598206719542, -27.87986983886938], [-51.00667198043337, -27.88016348125449], [-51.00729856753332, -27.87972330103668], [-51.00782188734714, -27.8796119911826], [-50.9988994108, -27.87137526309999], [-50.99758389269999, -27.8708234898], [-50.99524559179995, -27.87017075749997], [-50.99464988789997, -27.86975416539999], [-50.99253046445823, -27.86977785106354], [-50.99196435379554, -27.86908398819667], [-50.99155410825007, -27.86815888722545], [-50.99059177535268, -27.86778979743294], [-50.98956938487424, -27.86763801781217], [-50.98876708101978, -27.86797980541594], [-50.98794641997692, -27.86786067413859], [-50.9870629315331, -27.86824784663414], [-50.98326593744124, -27.86834511182028], [-50.98345231297722, -27.86875661943979], [-50.98340547247608, -27.87009889119046], [-50.9825744376, -27.87073960050001]]]}}, {"type": "Feature", "properties": {"cod_imovel": "SC-4204178-4FBB76653A9145319C44909190CF2CC9", "municipio": "Cerro Negro", "num_area": 84.8189, "mod_fiscal": 3.5341, "des_condic": "Aguardando analise", "ind_status": "AT", "dat_atuali": "12/10/2025"}, "geometry": {"type": "Polygon", "coordinates": [[[-51.00594802209221, -27.89232738346582], [-51.00545092661613, -27.89167086315898], [-51.00546754684993, -27.89125891080205], [-51.00590191690847, -27.89046866736846], [-51.0057455889863, -27.88958949278101], [-51.00524870527403, -27.88917954235346], [-51.00575527322457, -27.8886395889851], [-51.00633471225895, -27.8873717232176], [-51.00736465633014, -27.88612714653499], [-51.00711719514369, -27.88464549435338], [-51.00597670500918, -27.88440989304432], [-51.00585545128616, -27.88288821485974], [-51.00604367417203, -27.88239413642103], [-51.00675701141292, -27.88162628752836], [-51.00699637892626, -27.88085637466983], [-51.00775861569864, -27.88016498339887], [-51.00824666821718, -27.88004438883803], [-51.00833624225567, -27.87969832684927], [-51.0075896488954, -27.87964142681319], [-51.00667562736201, -27.88017383517919], [-51.00596421795519, -27.87987555274853], [-51.00548334633803, -27.87867680978068], [-51.00450251211274, -27.87865922806471], [-51.00406985056701, -27.87925697601033], [-51.0035014833071, -27.87915940140933], [-51.00277575266902, -27.87847350427853], [-51.0022968594465, -27.87849116636004], [-51.00184689465927, -27.87863113071803], [-51.00127806578719, -27.88001019968413], [-51.00039288567034, -27.8811301246323], [-51.00052862565926, -27.88151722572035], [-51.00043161611964, -27.88195892583265], [-51.00023622153611, -27.88204788433371], [-50.99984526060116, -27.88158709371419], [-50.99960263057959, -27.88164577054092], [-50.99934369120884, -27.88203173918418], [-50.99901842484938, -27.88318188166344], [-50.99799712293925, -27.88424870673574], [-51.00046795443964, -27.88635226467789], [-50.99967339656848, -27.88692963613369], [-51.00061622928476, -27.88818320182294], [-51.00144855044443, -27.88891962216631], [-51.00273843358333, -27.89222585234895], [-51.00327734497577, -27.89203066343344], [-51.00408158182263, -27.8920386394692], [-51.00499720659457, -27.89226424789215], [-51.00570693153986, -27.89264580609256], [-51.00569310095544, -27.89244401910967], [-51.00594802209221, -27.89232738346582]]]}}, {"type": "Feature", "properties": {"cod_imovel": "SC-4204178-E7273F58193F42B0BFD002D41D197DBF", "municipio": "Cerro Negro", "num_area": 21.0655, "mod_fiscal": 0.8777, "des_condic": "Aguardando analise", "ind_status": "AT", "dat_atuali": "05/09/2025"}, "geometry": {"type": "Polygon", "coordinates": [[[-50.99891602993011, -27.844791927634546], [-51.000670194625854, -27.845394325669556], [-51.00207567214966, -27.842813951504205], [-50.99749982357025, -27.84143835931048], [-50.99706801368374, -27.84161181695217], [-50.9964956200979, -27.84147861834764], [-50.99586980591016, -27.84078483675249], [-50.99526466162964, -27.84055860246433], [-50.99449238908976, -27.84081812488682], [-50.99356992337515, -27.84069919742974], [-50.99321009845725, -27.84176700793034], [-50.99340832590662, -27.84208736963846], [-50.99618027715584, -27.8428675632216], [-50.99782705307007, -27.84457373539493], [-50.99833353867847, -27.84480756089026], [-50.99891602993011, -27.844791927634546]]]}}, {"type": "Feature", "properties": {"cod_imovel": "SC-4204178-66D9824FBD61496AA14A1487F2CA29E4", "municipio": "Cerro Negro", "num_area": 47.5422, "mod_fiscal": 1.9809, "des_condic": "Aguardando analise", "ind_status": "AT", "dat_atuali": "18/07/2025"}, "geometry": {"type": "Polygon", "coordinates": [[[-51.00486869697224, -27.84208431459579], [-51.00640462475921, -27.84263727976246], [-51.00798140046087, -27.84161245479798], [-51.00842943853245, -27.84112787477185], [-51.00957224458791, -27.8405809098146], [-51.0109182677792, -27.83945677395253], [-51.01080500202758, -27.83859932663886], [-51.00950467515538, -27.83691842382663], [-51.00965393830096, -27.83605838836232], [-51.00878260949138, -27.83305563060832], [-51.00788914346279, -27.83368486834873], [-51.00703817051094, -27.83383739200687], [-51.00511689671818, -27.83542207063002], [-51.00492273824653, -27.83588353094472], [-51.00497755806371, -27.83718206268869], [-51.00408613230881, -27.83822259042519], [-51.00326658579316, -27.83869687044062], [-51.00280151022942, -27.8394509240495], [-51.00486869697224, -27.84208431459579]]]}}, {"type": "Feature", "properties": {"cod_imovel": "SC-4204178-138B1133895E41139242BBE8702E789B", "municipio": "Cerro Negro", "num_area": 5.302, "mod_fiscal": 0.2209, "des_condic": "Aguardando analise", "ind_status": "AT", "dat_atuali": "18/07/2025"}, "geometry": {"type": "Polygon", "coordinates": [[[-51.00641064644326, -27.84256521348164], [-51.00492053423702, -27.84211997364501], [-51.00295011894021, -27.84206514437402], [-51.00225712882219, -27.84182342472419], [-51.00123231229679, -27.84104382480555], [-51.00054468174301, -27.84183276860742], [-51.00100451118601, -27.84258971347938], [-51.00220344034862, -27.84287197258034], [-51.00474727830156, -27.84283361244598], [-51.00549423008852, -27.84306615082921], [-51.00594048079408, -27.84302785540376], [-51.00641064644326, -27.84256521348164]]]}}, {"type": "Feature", "properties": {"cod_imovel": "SC-4204178-0888DA825AC54E1684E4003D54D64AD4", "municipio": "Cerro Negro", "num_area": 12.5218, "mod_fiscal": 0.5217, "des_condic": "Aguardando analise", "ind_status": "AT", "dat_atuali": "11/06/2025"}, "geometry": {"type": "Polygon", "coordinates": [[[-51.00959016600932, -27.92977844985716], [-51.01172494651127, -27.92785891937373], [-51.00849422868227, -27.92643794317157], [-51.00634036782832, -27.93006648633068], [-51.00866498625261, -27.93063432998537], [-51.0094119341133, -27.92969642539084], [-51.00959016600932, -27.92977844985716]]]}}, {"type": "Feature", "properties": {"cod_imovel": "SC-4204178-9E521EEF812D45529942B0E96BF1C444", "municipio": "Cerro Negro", "num_area": 24.3307, "mod_fiscal": 1.0138, "des_condic": "Aguardando analise", "ind_status": "AT", "dat_atuali": "11/06/2025"}, "geometry": {"type": "Polygon", "coordinates": [[[-51.04269304611073, -27.9068450399718], [-51.04321590325162, -27.90519176730242], [-51.04348262286019, -27.90202805708607], [-51.04285161597721, -27.90172462807339], [-51.0426870915871, -27.90134577143188], [-51.04179440321077, -27.90117728792194], [-51.04101519652253, -27.90230423337085], [-51.03976381844218, -27.90340339105425], [-51.03921204378531, -27.90359547216906], [-51.03851925303754, -27.90432803524983], [-51.03717315947684, -27.90639618262987], [-51.03812411887305, -27.90689652009258], [-51.04009342302099, -27.90690719265538], [-51.04153547695511, -27.90670855173505], [-51.04269304611073, -27.9068450399718]]]}}, {"type": "Feature", "properties": {"cod_imovel": "SC-4204178-465FEC0832704F09B7745574F03AF8D3", "municipio": "Cerro Negro", "num_area": 9.7511, "mod_fiscal": 0.4063, "des_condic": "Aguardando analise", "ind_status": "AT", "dat_atuali": "06/11/2024"}, "geometry": {"type": "Polygon", "coordinates": [[[-51.00023799919439, -27.83576171702042], [-51.00219443258592, -27.83301726859157], [-50.99884790682505, -27.83127653600198], [-50.99783550023442, -27.8325289671965], [-50.99931633364425, -27.83408196446792], [-51.00023799919439, -27.83576171702042]]]}}, {"type": "Feature", "properties": {"cod_imovel": "SC-4204178-B46C80818B7048E6B9C235A3ECD07481", "municipio": "Cerro Negro", "num_area": 84.0449, "mod_fiscal": 3.5019, "des_condic": "Aguardando analise", "ind_status": "AT", "dat_atuali": "10/10/2024"}, "geometry": {"type": "Polygon", "coordinates": [[[-51.0137001472, -27.9145119338], [-51.015846912, -27.9128586262], [-51.0143992627, -27.9106709692], [-51.0120469311, -27.9101050571], [-51.011626316, -27.9092138496], [-51.011250776, -27.9088557003], [-51.0104273215, -27.9085180721], [-51.0102916963, -27.9075991788], [-51.01082733040001, -27.9067096049], [-51.01026520559999, -27.9066040771], [-51.0083804432, -27.9054532227], [-51.0075815985, -27.9060122108], [-51.0063353711, -27.9050513565], [-51.0055312467, -27.9046490055], [-51.0072586186, -27.902685547], [-51.0063222382, -27.9012508729], [-51.0051355499, -27.9005227068], [-51.0014416661, -27.9011631672], [-50.9996396054, -27.9017088885], [-50.9993784353, -27.9019102754], [-51.0008502607, -27.903708871], [-51.0036772458, -27.906441254], [-51.00731424959999, -27.9105149116], [-51.0085315975, -27.9122605807], [-51.0114092833, -27.914215538], [-51.0118422693, -27.914397169], [-51.0137001472, -27.9145119338]]]}}, {"type": "Feature", "properties": {"cod_imovel": "SC-4204178-D3A4067C912546708B585527658904F4", "municipio": "Cerro Negro", "num_area": 7.8207, "mod_fiscal": 0.3259, "des_condic": "Aguardando analise", "ind_status": "AT", "dat_atuali": "12/04/2024"}, "geometry": {"type": "Polygon", "coordinates": [[[-51.0220688888888, -27.90422444349499], [-51.02369253688354, -27.90108016656127], [-51.02171255653756, -27.90027320197285], [-51.02024479885588, -27.90311548548196], [-51.0220688888888, -27.90422444349499]]]}}, {"type": "Feature", "properties": {"cod_imovel": "SC-4204178-A7B67A7589D040D5A213D8F4412BDF21", "municipio": "Cerro Negro", "num_area": 196.7941, "mod_fiscal": 8.1998, "des_condic": "Aguardando analise", "ind_status": "AT", "dat_atuali": "30/07/2021"}, "geometry": {"type": "Polygon", "coordinates": [[[-50.989738974711, -27.927413062706], [-50.99232644715201, -27.931159800506], [-50.994872385455, -27.932239973491], [-50.9998244114, -27.932720930622], [-50.99997950854701, -27.932505790068], [-51.000716593794, -27.93312213074501], [-51.001569969103, -27.933225649562], [-51.00285308078701, -27.93311831869], [-51.00355286252, -27.93288685018], [-51.004051199748, -27.932547446777], [-51.003936013992, -27.928550354674], [-51.007495289651, -27.928614582294], [-51.009012624728, -27.925634273852], [-51.007712566753, -27.924429869487], [-51.00728483051, -27.924214313405], [-51.007170631518, -27.923970147081], [-51.00768198199999, -27.923631791477], [-51.008847474379, -27.923889371753], [-51.009468834776, -27.924198897393], [-51.01070671577699, -27.921943098179], [-51.01039426588301, -27.921203967539], [-51.010257246202, -27.920340913346], [-51.009532536707, -27.920687039544], [-51.00917439338001, -27.92111121864], [-51.008198456032, -27.92126164114301], [-51.005422129736, -27.920187815908], [-51.004585186535, -27.91909621322], [-51.00219316971, -27.919039743441], [-51.002031122441, -27.919534458613], [-51.00174151767, -27.919808247479], [-51.00102631246401, -27.919962973057], [-50.998729644539, -27.919418126766], [-50.998294647553, -27.919761598659], [-50.99809098814401, -27.920378347187], [-50.99741095640601, -27.920641209932], [-50.997743239176, -27.921207055967], [-50.997463989003, -27.921914491476], [-50.996812729947, -27.922851102762], [-50.99503642649901, -27.923805001823], [-50.992316269285, -27.924178756919], [-50.990551460175, -27.925606634363], [-50.990291363209, -27.927007401806], [-50.989738974711, -27.927413062706]]]}}, {"type": "Feature", "properties": {"cod_imovel": "SC-4204178-86AB041824D940B2B43006FFCE616CBB", "municipio": "Cerro Negro", "num_area": 111.8981, "mod_fiscal": 4.6624, "des_condic": "Aguardando analise", "ind_status": "AT", "dat_atuali": "08/02/2021"}, "geometry": {"type": "Polygon", "coordinates": [[[-51.010173233364, -27.867392471494], [-51.0111260642, -27.86672500755], [-51.01098289350001, -27.86645228445], [-51.0110485992, -27.86536158255], [-51.011533099, -27.86476032495001], [-51.01172797970001, -27.863910374551], [-51.0114619502, -27.863952607451], [-51.0111344148, -27.863715559251], [-51.0104228658, -27.862741297551], [-51.0101815165, -27.862639273851], [-51.0099136816, -27.862757967251], [-51.00948075616401, -27.863480328531], [-51.009308608303, -27.863459109793], [-51.009130437057, -27.863193010532], [-51.009496365928, -27.862512888508], [-51.008708679426, -27.862601464247], [-51.007961719487, -27.862007728974], [-51.00693856792, -27.86174228582], [-51.00678902680301, -27.861357026695], [-51.007005555681, -27.859895927774], [-51.007484948617, -27.859208804537], [-51.007515000797, -27.857913172043], [-51.00601572740301, -27.857878719444], [-51.006331467604, -27.85849669417], [-51.006274304643, -27.858786198916], [-51.003743751045, -27.859353053522], [-51.00103847993001, -27.859039284139], [-51.001018997092, -27.858850239772], [-51.000506494347, -27.859051644172], [-50.999677910726, -27.858868971934], [-50.999307922163, -27.85902975229], [-50.999275219285, -27.859622525117], [-50.999777119469, -27.859954170806], [-51.000514977838, -27.860111858827], [-51.00113389667099, -27.85995656510301], [-51.00108081277499, -27.860405611463], [-51.00162614034801, -27.860737781021], [-51.00179326246101, -27.861578489633], [-51.0020693654, -27.861906766651], [-51.0013602071, -27.862716094151], [-51.0008291703, -27.862816501651], [-51.0007209998, -27.863441086551], [-50.9995061001, -27.86473135525], [-50.9995836998, -27.86527720175], [-50.99610436649999, -27.86916452845], [-50.996663153, -27.86965734355], [-50.9995582461, -27.87056375005], [-51.0000243657, -27.87101207355], [-51.00138995699999, -27.87076798595], [-51.0030688273, -27.87015135575], [-51.0026571142, -27.86886336125], [-51.0033231514, -27.86780543315], [-51.0033472475, -27.86751558935], [-51.0057516769, -27.86708526445], [-51.0064315459, -27.86734845445], [-51.00674844449999, -27.86786053275], [-51.007289737409, -27.8682600905], [-51.008271245367, -27.86842534036], [-51.008759601274, -27.869015504379], [-51.00929992762701, -27.86924128152801], [-51.009032217044, -27.869454689877], [-51.009081710029, -27.870543987361], [-51.00924112668, -27.870361898539], [-51.00943047942, -27.870464509963], [-51.009528140333, -27.870200494986], [-51.009988961856, -27.87001391880201], [-51.00958667, -27.869970828883], [-51.0108225, -27.868517498883], [-51.010173233364, -27.867392471494]]]}}, {"type": "Feature", "properties": {"cod_imovel": "SC-4204178-7874FE6B5E834FF6A3C4316FF42210EF", "municipio": "Cerro Negro", "num_area": 236.6321, "mod_fiscal": 9.8597, "des_condic": "Aguardando analise", "ind_status": "AT", "dat_atuali": "02/08/2021"}, "geometry": {"type": "Polygon", "coordinates": [[[-50.9920975, -27.89886306], [-50.99072583, -27.90150361], [-50.99183139, -27.90237833], [-50.99049778000001, -27.90358389], [-50.98607389, -27.90465556], [-50.98602305999999, -27.90493028], [-50.98716167, -27.90575306], [-50.98810917, -27.90569139], [-50.98835278, -27.90625917], [-50.98904833, -27.90683417], [-50.99068083, -27.90741694], [-50.9915575, -27.90811444], [-50.99198417, -27.90880222], [-50.99277167, -27.90961556], [-50.99273694, -27.91078556], [-50.9919775, -27.913005], [-50.99184333, -27.913905], [-50.99141944, -27.91457667], [-50.99159111, -27.91546889], [-50.99215833, -27.91646694], [-50.99227333, -27.91732917], [-50.99265222, -27.91836528], [-50.9945075, -27.91989111], [-50.99551083, -27.92020083], [-51.00731417, -27.910515], [-51.00367722, -27.90644139], [-51.00328972, -27.90621194], [-51.00085028, -27.90370889], [-50.99937833, -27.90191028], [-50.99835639, -27.90152917], [-50.99780722, -27.90067556], [-50.99558944, -27.89930111], [-50.99467194, -27.89897417], [-50.99438278, -27.89896806], [-50.99362556, -27.8993925], [-50.99320333, -27.89937806], [-50.99276639, -27.89929639], [-50.9920975, -27.89886306]]]}}, {"type": "Feature", "properties": {"cod_imovel": "SC-4204178-14A27BC119E749F885A1BBF9E3315A03", "municipio": "Cerro Negro", "num_area": 47.1913, "mod_fiscal": 1.9782, "des_condic": "Aguardando analise", "ind_status": "AT", "dat_atuali": "30/11/2021"}, "geometry": {"type": "Polygon", "coordinates": [[[-51.01014429979678, -27.84288863451688], [-51.01089474456082, -27.84320687813392], [-51.01192914582806, -27.84424985305624], [-51.01238082676128, -27.84337740480118], [-51.01330801140684, -27.84260090522039], [-51.01399419038558, -27.8426800606806], [-51.01800218776653, -27.84399491291508], [-51.01981671302229, -27.84433349961883], [-51.02038417409968, -27.84403692190244], [-51.02081310377383, -27.8431407823448], [-51.02166267451967, -27.84207130019106], [-51.02190815535715, -27.842242088324], [-51.02207632938801, -27.84151482601557], [-51.02171837319811, -27.84100183535056], [-51.0214280522938, -27.84095243641489], [-51.02068371599301, -27.84118185576282], [-51.02031220206289, -27.84149216668497], [-51.01966376095132, -27.84140773158335], [-51.01832340487228, -27.84066854058315], [-51.01843410972445, -27.84048061622235], [-51.0180786237492, -27.83987221755274], [-51.02059946761386, -27.83844142138002], [-51.02069229811612, -27.83804035179331], [-51.01817508743339, -27.83683395039158], [-51.01752871962964, -27.83747686492114], [-51.01696792275911, -27.83775000750219], [-51.01614636613186, -27.83764335227271], [-51.01510981306152, -27.83980153810806], [-51.01285068159002, -27.84040480123676], [-51.01194955917982, -27.84096860465552], [-51.01047816243289, -27.84142551093932], [-51.01014429979678, -27.84288863451688]]]}}, {"type": "Feature", "properties": {"cod_imovel": "SC-4204178-4800540883694BF7B6920E2C25AFB4BC", "municipio": "Cerro Negro", "num_area": 12.2333, "mod_fiscal": 0.5097, "des_condic": "Aguardando analise", "ind_status": "AT", "dat_atuali": "29/11/2021"}, "geometry": {"type": "Polygon", "coordinates": [[[-51.01320826195602, -27.84545770585783], [-51.01829196020657, -27.84467178426975], [-51.01975663639111, -27.84440498739178], [-51.01759159741835, -27.84394439568738], [-51.01398118233431, -27.84267078813184], [-51.01332232899838, -27.84262344347148], [-51.01248906800611, -27.84327155306711], [-51.01193761873786, -27.84425865979493], [-51.01320826195602, -27.84545770585783]]]}}, {"type": "Feature", "properties": {"cod_imovel": "SC-4204178-8B0DB223BF1F4464A91752C3B4385F93", "municipio": "Cerro Negro", "num_area": 90.8647, "mod_fiscal": 3.786, "des_condic": "Aguardando analise", "ind_status": "AT", "dat_atuali": "22/11/2021"}, "geometry": {"type": "Polygon", "coordinates": [[[-51.00857459101822, -27.912241567909], [-51.01180428979711, -27.91438329207875], [-51.01343452806425, -27.91432524910098], [-51.01379121266054, -27.91456475042809], [-51.01435637937011, -27.91422930093507], [-51.01531974084357, -27.91415198807245], [-51.01497463774285, -27.9121325162448], [-51.01497418126962, -27.91077360162562], [-51.01276555190199, -27.91014344913185], [-51.00956519800967, -27.90763406537178], [-51.0104513820265, -27.90681662255682], [-51.00843559196309, -27.9052467423137], [-51.00753312059967, -27.90596864319811], [-51.00548120484986, -27.90462306556143], [-51.00726830709605, -27.90271132844696], [-51.00826120559086, -27.90345857113946], [-51.00860490091481, -27.90295273268615], [-51.0095023381933, -27.90239670883565], [-51.00890439494105, -27.90103861071926], [-51.00798139676834, -27.90004973732931], [-51.00004559161631, -27.90144648091491], [-50.99943941427558, -27.90193461108473], [-51.00093026880439, -27.90373692141878], [-51.00359529394294, -27.90627732019102], [-51.00726070784872, -27.91036482535362], [-51.00857459101822, -27.912241567909]]]}}, {"type": "Feature", "properties": {"cod_imovel": "SC-4204178-D084C9424CE6464E98B260FF0EF5A71D", "municipio": "Cerro Negro", "num_area": 44.5487, "mod_fiscal": 1.86, "des_condic": "Aguardando analise", "ind_status": "AT", "dat_atuali": "24/11/2022"}, "geometry": {"type": "Polygon", "coordinates": [[[-51.00984865167205, -27.83631186353974], [-51.010794647255, -27.83373361314159], [-51.01077670661595, -27.83218355664707], [-51.01070164917084, -27.83197137013871], [-51.01010272119223, -27.83170242523841], [-51.00900176770496, -27.83252221068837], [-51.00810632676905, -27.83362027779386], [-51.00789865202591, -27.83375285792652], [-51.00720316394521, -27.83370162985145], [-51.00540578728992, -27.83509580328471], [-51.00506644706932, -27.83698329893518], [-51.00295422647176, -27.83969107989838], [-51.00456076068043, -27.84180779091052], [-51.01098257790542, -27.83852128179864], [-51.00975878686866, -27.83729715966775], [-51.00984865167205, -27.83631186353974]]]}}, {"type": "Feature", "properties": {"cod_imovel": "SC-4204178-AACFEEABDBD840EFA4F046B772444F40", "municipio": "Cerro Negro", "num_area": 69.8197, "mod_fiscal": 2.9092, "des_condic": "Aguardando analise", "ind_status": "AT", "dat_atuali": "15/02/2023"}, "geometry": {"type": "Polygon", "coordinates": [[[-50.99215115, -27.8540684436592], [-50.9897437222222, -27.858653157548], [-50.9891359805556, -27.8601042686591], [-50.9893140833333, -27.8607333186591], [-50.9907759361111, -27.8616359019924], [-50.9916355722222, -27.8617190436591], [-50.9921201666667, -27.8619700992146], [-50.9929142222222, -27.8618549353257], [-50.9933725638889, -27.8614084769924], [-50.9945789194444, -27.8613660714368], [-50.9950218527778, -27.8606684269924], [-50.9964766805556, -27.8600790408813], [-50.9969399, -27.8595605964369], [-50.9973586611111, -27.8596030242147], [-50.9978829583333, -27.8591700381036], [-50.9986699694444, -27.8588785242147], [-51.0004982833333, -27.8589996242147], [-51.0008907333333, -27.8589020881036], [-51.0010208277778, -27.8586454103258], [-51.0012004111111, -27.8569383214369], [-51.0009552583333, -27.8560220853258], [-51.0007234194444, -27.855765146437], [-51.0001228694444, -27.8556915936592], [-50.9993451472222, -27.8561165519925], [-50.998944775, -27.8561185908814], [-50.9985925, -27.8556504492147], [-50.9985153027778, -27.854379846437], [-50.9982446166667, -27.8539147381037], [-50.9976915638889, -27.8532822186592], [-50.9962339805556, -27.8526338242148], [-50.9955954388889, -27.8526759908815], [-50.9951247194444, -27.8531985575481], [-50.995139575, -27.8535187186592], [-50.9955390944444, -27.8540892408814], [-50.9955501138889, -27.854856496437], [-50.9950563638889, -27.8549540686592], [-50.99215115, -27.8540684436592]]]}}, {"type": "Feature", "properties": {"cod_imovel": "SC-4204178-C24808B44DEF4F1AAF43B5025CEADA00", "municipio": "Cerro Negro", "num_area": 7.4457, "mod_fiscal": 0.3102, "des_condic": "Aguardando analise", "ind_status": "AT", "dat_atuali": "17/06/2022"}, "geometry": {"type": "Polygon", "coordinates": [[[-51.0469876010565, -27.87232440968292], [-51.044717090337365, -27.872369463732543], [-51.04390845154121, -27.87290761642465], [-51.043127891382625, -27.873188434791086], [-51.042013227142355, -27.87326346835806], [-51.04156839239986, -27.873630859794662], [-51.040725818610525, -27.87361454546038], [-51.04194591230396, -27.875347147134903], [-51.0469876010565, -27.87232440968292]]]}}, {"type": "Feature", "properties": {"cod_imovel": "SC-4204178-BF62800D2110469F830E5B6B302EC585", "municipio": "Cerro Negro", "num_area": 16.5066, "mod_fiscal": 0.6878, "des_condic": "Aguardando analise", "ind_status": "AT", "dat_atuali": "29/11/2021"}, "geometry": {"type": "Polygon", "coordinates": [[[-51.01513947701825, -27.839808436128], [-51.01614262291704, -27.8376386164298], [-51.01561545081627, -27.8373061488084], [-51.01152987105598, -27.83925309463912], [-51.01011428318614, -27.84034728887386], [-51.00644521315873, -27.84245787086395], [-51.00693432115283, -27.84259169436114], [-51.00822024633345, -27.84237472938114], [-51.00940673434676, -27.84283161486099], [-51.0100467368929, -27.84276351543101], [-51.01014609848945, -27.84289587153711], [-51.01045204199343, -27.84148741829684], [-51.01188793898409, -27.84100150746072], [-51.01285070103661, -27.84034958865583], [-51.01513947701825, -27.839808436128]]]}}, {"type": "Feature", "properties": {"cod_imovel": "SC-4204178-41ACCCAFEC7B4CB5BA04D0BC31612803", "municipio": "Cerro Negro", "num_area": 5.6816, "mod_fiscal": 0.2367, "des_condic": "Aguardando analise", "ind_status": "AT", "dat_atuali": "23/08/2023"}, "geometry": {"type": "Polygon", "coordinates": [[[-51.00724984990759, -27.90266012124279], [-51.00554985568202, -27.90463300972856], [-51.00760772835083, -27.90598619564206], [-51.0081664030359, -27.90559234406782], [-51.00811948446307, -27.90343790327115], [-51.00724984990759, -27.90266012124279]]]}}, {"type": "Feature", "properties": {"cod_imovel": "SC-4204178-9E938074723747FB8C25739880E6CC07", "municipio": "Cerro Negro", "num_area": 4.4631, "mod_fiscal": 0.186, "des_condic": "Aguardando analise", "ind_status": "AT", "dat_atuali": "03/02/2016"}, "geometry": {"type": "Polygon", "coordinates": [[[-51.02176603314783, -27.89475933910515], [-51.01989626792069, -27.89455773271726], [-51.01838445909812, -27.89389691517624], [-51.01838852100539, -27.89468113949476], [-51.01820629242109, -27.89477124559274], [-51.01874042489231, -27.89518327359588], [-51.02136284865298, -27.89628163117421], [-51.02176603314783, -27.89475933910515]]]}}, {"type": "Feature", "properties": {"cod_imovel": "SC-4204178-00E1DE47F86A47EAA42BE4C78B88AAF9", "municipio": "Cerro Negro", "num_area": 28.1112, "mod_fiscal": 1.1713, "des_condic": "Aguardando analise", "ind_status": "AT", "dat_atuali": "03/06/2016"}, "geometry": {"type": "Polygon", "coordinates": [[[-51.02792248193049, -27.89650216839434], [-51.02777505559865, -27.89615051110521], [-51.02790496913116, -27.89577547285304], [-51.02753086327579, -27.89481970263769], [-51.02721076437419, -27.8945874165878], [-51.02676490035975, -27.89435066993352], [-51.02600420664489, -27.89455464233581], [-51.02583603474444, -27.89409971647489], [-51.02517576893193, -27.89372640621868], [-51.02270564978652, -27.89351965183639], [-51.02276629663876, -27.89776038163018], [-51.02470745401742, -27.89838175420197], [-51.02582546439723, -27.89913978118523], [-51.02576821779093, -27.89997147469128], [-51.02652886950292, -27.90132098012976], [-51.02696856968456, -27.90175511048868], [-51.02792248193049, -27.89650216839434]]]}}, {"type": "Feature", "properties": {"cod_imovel": "SC-4204178-73DC797A61AE4DAAB3215C501373B110", "municipio": "Cerro Negro", "num_area": 17.9236, "mod_fiscal": 0.7468, "des_condic": "Aguardando analise", "ind_status": "AT", "dat_atuali": "06/06/2016"}, "geometry": {"type": "Polygon", "coordinates": [[[-51.00539212629069, -27.85648362373729], [-51.00795246114555, -27.8560686479475], [-51.00628030854885, -27.85377766431789], [-51.00628011184096, -27.85240609731079], [-51.00607767537324, -27.85208683715683], [-51.00623037471346, -27.8515113518247], [-51.00573751185446, -27.84967651772397], [-51.00405422567036, -27.84803772361264], [-51.00316084183521, -27.84988572079137], [-51.00390048098034, -27.85070740021602], [-51.0047910704326, -27.85100760167383], [-51.00561748222486, -27.85313331323006], [-51.00419078966671, -27.8531003901336], [-51.00396129160536, -27.8563184419194], [-51.00539212629069, -27.85648362373729]]]}}, {"type": "Feature", "properties": {"cod_imovel": "SC-4204178-5869BAA8933F44ADA5C34DE5FBB66B8F", "municipio": "Cerro Negro", "num_area": 37.6547, "mod_fiscal": 1.5689, "des_condic": "Aguardando analise", "ind_status": "AT", "dat_atuali": "14/04/2016"}, "geometry": {"type": "Polygon", "coordinates": [[[-51.01649054157369, -27.85516955892802], [-51.01788997650146, -27.855848007501024], [-51.01840496063232, -27.85573417973237], [-51.01842872916937, -27.85598610696804], [-51.02007290239888, -27.85634389996533], [-51.02183818817138, -27.856986278614453], [-51.024413108825684, -27.85664479853531], [-51.025400161743164, -27.856682740819448], [-51.02548645412249, -27.85686833240158], [-51.02544994368181, -27.85578595821607], [-51.02449400177152, -27.85420311661334], [-51.01959083099359, -27.85150316808787], [-51.0190118226294, -27.85077118367698], [-51.01839552945599, -27.85038826203965], [-51.0175522153518, -27.84953873595314], [-51.01716295265612, -27.84954669349253], [-51.01718265618383, -27.85144249479852], [-51.01742571081888, -27.85259660256179], [-51.01649054157369, -27.85516955892802]]]}}, {"type": "Feature", "properties": {"cod_imovel": "SC-4204178-041C984A0F2649C79D05FEF1A39A5985", "municipio": "Cerro Negro", "num_area": 64.7932, "mod_fiscal": 2.6997, "des_condic": "Aguardando analise", "ind_status": "AT", "dat_atuali": "04/05/2016"}, "geometry": {"type": "Polygon", "coordinates": [[[-51.04445243131855, -27.90192435677983], [-51.04364411000553, -27.90180996924198], [-51.04144582166699, -27.90712131484828], [-51.04473520277807, -27.90716539198028], [-51.04562919192154, -27.90733038029938], [-51.046334044468, -27.90719064082516], [-51.04977832901015, -27.9055334627463], [-51.05053732593107, -27.90498457736061], [-51.05096506133961, -27.90423001223859], [-51.05209604656942, -27.90377305879469], [-51.05226300696349, -27.90298231216152], [-51.05268193558338, -27.90250959373435], [-51.05352232535645, -27.90218096502159], [-51.0542467765091, -27.90151859346867], [-51.0546129251466, -27.90030324615286], [-51.05521108267343, -27.89918834385004], [-51.05492660284516, -27.89874246948387], [-51.05338258450251, -27.89876924695024], [-51.05136865548273, -27.8998046222122], [-51.04940527702132, -27.90009579392156], [-51.04732727833101, -27.90140803261411], [-51.04508717396944, -27.90154356297066], [-51.04445243131855, -27.90192435677983]]]}}, {"type": "Feature", "properties": {"cod_imovel": "SC-4204178-A0D9D602670C44FDB6C75AB5BA5F4592", "municipio": "Cerro Negro", "num_area": 17.2462, "mod_fiscal": 0.7186, "des_condic": "Aguardando analise", "ind_status": "AT", "dat_atuali": "15/03/2016"}, "geometry": {"type": "Polygon", "coordinates": [[[-51.02253660348599, -27.91617608904192], [-51.02196489009124, -27.91219748351287], [-51.02127269416395, -27.91249583537934], [-51.0202497446536, -27.91377570690188], [-51.01906102469484, -27.91339941245622], [-51.01729234887009, -27.9138691480851], [-51.01740856314586, -27.9142514641288], [-51.01979448135415, -27.91769558278273], [-51.02253660348599, -27.91617608904192]]]}}, {"type": "Feature", "properties": {"cod_imovel": "SC-4204178-BB2B43E010704CCF9500151EFF2FD4E2", "municipio": "Cerro Negro", "num_area": 14.4475, "mod_fiscal": 0.602, "des_condic": "Aguardando analise", "ind_status": "AT", "dat_atuali": "24/10/2022"}, "geometry": {"type": "Polygon", "coordinates": [[[-51.00139065132776, -27.88888685957967], [-50.99976642117142, -27.88715375723731], [-50.99944407959975, -27.88792991156388], [-50.99953085310239, -27.88811225074417], [-50.99859490417515, -27.89139898811323], [-50.99878851256229, -27.89159280736007], [-50.99860838987132, -27.89193919163717], [-51.00147731084132, -27.8927910931113], [-51.00212447780928, -27.89236072560076], [-51.00272099316418, -27.89220148663071], [-51.00139065132776, -27.88888685957967]]]}}, {"type": "Feature", "properties": {"cod_imovel": "SC-4204178-B7B1566B1F17461BB12656E7663F56EF", "municipio": "Cerro Negro", "num_area": 43.1952, "mod_fiscal": 1.7998, "des_condic": "Aguardando analise", "ind_status": "AT", "dat_atuali": "07/06/2016"}, "geometry": {"type": "Polygon", "coordinates": [[[-51.02945695376132, -27.89213494771416], [-51.02547286387798, -27.89228695811188], [-51.02508279841183, -27.89192649238224], [-51.02390216639868, -27.89156239717187], [-51.02226597273058, -27.88779393719523], [-51.01811455817748, -27.88836145024079], [-51.01764213237715, -27.89048059110385], [-51.01724642618231, -27.89114892906834], [-51.01663550871414, -27.89139682271891], [-51.01705607924068, -27.89283036837962], [-51.01732052623675, -27.89291053345662], [-51.01758758194914, -27.89260138231549], [-51.01806930080146, -27.89251210800525], [-51.01970121349024, -27.89324218912884], [-51.02029470476234, -27.89323320290502], [-51.02097645509633, -27.89258528446949], [-51.02173199079871, -27.89307513441908], [-51.02270000164637, -27.89316976795202], [-51.02284994684636, -27.89343826611015], [-51.02414118463696, -27.89366725990209], [-51.02534135491916, -27.89365945342469], [-51.02583157126453, -27.89402765451267], [-51.02614045282959, -27.89449780934877], [-51.02743171394291, -27.89405573417119], [-51.02941631634133, -27.8939744426765], [-51.02945695376132, -27.89213494771416]]]}}, {"type": "Feature", "properties": {"cod_imovel": "SC-4204178-702C5F2B07A94182904538A290EDCA41", "municipio": "Cerro Negro", "num_area": 25.2214, "mod_fiscal": 1.0509, "des_condic": "Aguardando analise", "ind_status": "AT", "dat_atuali": "13/04/2016"}, "geometry": {"type": "Polygon", "coordinates": [[[-51.01357281351944, -27.85359593356543], [-51.00886864572913, -27.85328879953458], [-51.00631467061194, -27.8536016823996], [-51.00626578476939, -27.85388147187726], [-51.00805337391257, -27.85612591004892], [-51.01232434087835, -27.85622759930949], [-51.01486850305868, -27.85660392152521], [-51.01617509256433, -27.85575554947748], [-51.01617647084251, -27.85553328947747], [-51.01540790083912, -27.85452808169056], [-51.01428784513462, -27.85412255220647], [-51.01357281351944, -27.85359593356543]]]}}, {"type": "Feature", "properties": {"cod_imovel": "SC-4204178-D6E9804C0E824D1FA006D1377A0FD3F7", "municipio": "Cerro Negro", "num_area": 24.923, "mod_fiscal": 1.0385, "des_condic": "Aguardando analise", "ind_status": "AT", "dat_atuali": "20/12/2018"}, "geometry": {"type": "Polygon", "coordinates": [[[-51.01763372991739, -27.88560061264931], [-51.01805430907173, -27.888367627207], [-51.02666164724509, -27.88641932954665], [-51.02748811840255, -27.88414031100096], [-51.01763372991739, -27.88560061264931]]]}}, {"type": "Feature", "properties": {"cod_imovel": "SC-4204178-B33101CD5D4A4B7F8D12163E1C3C0E67", "municipio": "Cerro Negro", "num_area": 22.1492, "mod_fiscal": 0.9229, "des_condic": "Aguardando analise", "ind_status": "AT", "dat_atuali": "25/05/2017"}, "geometry": {"type": "Polygon", "coordinates": [[[-51.00248506763145, -27.86889635834469], [-51.00343850179871, -27.87064265741168], [-51.00549500978042, -27.87227428544761], [-51.00929992762696, -27.86924128247723], [-51.00875960127389, -27.86901550532884], [-51.00827124536672, -27.86842534130926], [-51.00728973740883, -27.86826009144979], [-51.00641106002669, -27.86736764511756], [-51.0056445663566, -27.86711148019899], [-51.00294313056341, -27.86760726101812], [-51.00248506763145, -27.86889635834469]]]}}, {"type": "Feature", "properties": {"cod_imovel": "SC-4204178-0024DA1D5B5045ECB33E496EFEC7B48F", "municipio": "Cerro Negro", "num_area": 17.1135, "mod_fiscal": 0.7131, "des_condic": "Aguardando analise", "ind_status": "AT", "dat_atuali": "03/06/2016"}, "geometry": {"type": "Polygon", "coordinates": [[[-51.02403841610239, -27.89158281165568], [-51.02510244414363, -27.8918972904984], [-51.02547459851735, -27.8922670054024], [-51.02947277756257, -27.89215715713906], [-51.02941789453351, -27.89396495705686], [-51.03102378535561, -27.89401415240433], [-51.03076180961826, -27.8884651956015], [-51.02943793416464, -27.88943366214892], [-51.02607710637994, -27.89089517474889], [-51.02403841610239, -27.89158281165568]]]}}, {"type": "Feature", "properties": {"cod_imovel": "SC-4204178-097B988C449C4CDFA0615206AB481217", "municipio": "Cerro Negro", "num_area": 3.6243, "mod_fiscal": 0.151, "des_condic": "Aguardando analise", "ind_status": "AT", "dat_atuali": "03/06/2016"}, "geometry": {"type": "Polygon", "coordinates": [[[-51.02264406477795, -27.89356076025433], [-51.02250879043572, -27.89315151595783], [-51.0217441716109, -27.89310304006611], [-51.0218208075962, -27.89477376876656], [-51.02136640102086, -27.8962545434202], [-51.02206402939821, -27.89601351661234], [-51.02240915098969, -27.89695371514909], [-51.02240500641166, -27.89743791218555], [-51.02270109401812, -27.89774853145998], [-51.02264406477795, -27.89356076025433]]]}}, {"type": "Feature", "properties": {"cod_imovel": "SC-4204178-0EEEB81EEF2F4113B242A0F44FA7CC29", "municipio": "Cerro Negro", "num_area": 10.5134, "mod_fiscal": 0.4381, "des_condic": "Aguardando analise", "ind_status": "AT", "dat_atuali": "02/03/2016"}, "geometry": {"type": "Polygon", "coordinates": [[[-51.028339862823486, -27.911514423611642], [-51.02666616439819, -27.911495462075056], [-51.02795362472534, -27.91468095358794], [-51.030228137969964, -27.914017317260026], [-51.030335426330566, -27.914263811228633], [-51.03132247924805, -27.914093161617895], [-51.029605865478516, -27.911116230645447], [-51.028339862823486, -27.911514423611642]]]}}, {"type": "Feature", "properties": {"cod_imovel": "SC-4204178-26360184B09D42A7876D80246EBA895C", "municipio": "Cerro Negro", "num_area": 13.7874, "mod_fiscal": 0.5745, "des_condic": "Aguardando analise", "ind_status": "AT", "dat_atuali": "03/02/2016"}, "geometry": {"type": "Polygon", "coordinates": [[[-51.01599579767018, -27.89319908378558], [-51.01620523272321, -27.89296350553533], [-51.0170414310441, -27.89265120862651], [-51.01649934619426, -27.89142321476928], [-51.01722821416132, -27.89111010953721], [-51.01760656526903, -27.89030894115215], [-51.0141391755902, -27.89034993088679], [-51.0138821226396, -27.89055009518366], [-51.01205821112927, -27.89364549663723], [-51.01298189274699, -27.89432698400591], [-51.01466144316289, -27.89352400293217], [-51.01599579767018, -27.89319908378558]]]}}, {"type": "Feature", "properties": {"cod_imovel": "SC-4204178-2DAC546CFABF49C3862CDA0C78FAD2EF", "municipio": "Cerro Negro", "num_area": 63.764, "mod_fiscal": 2.6568, "des_condic": "Aguardando analise", "ind_status": "AT", "dat_atuali": "04/05/2016"}, "geometry": {"type": "Polygon", "coordinates": [[[-51.0306635671467, -27.89395304888134], [-51.0269210009575, -27.8941868305628], [-51.0275235471334, -27.89460068806757], [-51.02799127062814, -27.89598990842899], [-51.02761446977, -27.89668421161887], [-51.02763839986143, -27.89741537082516], [-51.02671586480997, -27.89792300795107], [-51.02669131251983, -27.89943182442455], [-51.02740097390421, -27.90039075268571], [-51.02751886217892, -27.90132861314997], [-51.02690169736764, -27.90211716571258], [-51.02705324900924, -27.9037654679424], [-51.02675377853727, -27.90425087303751], [-51.02707830433275, -27.90464450282753], [-51.02934349690773, -27.90488344191635], [-51.03096723279936, -27.90580731891117], [-51.03171299375018, -27.9055633609194], [-51.03236634428428, -27.90557443780498], [-51.03307761815628, -27.90513039405476], [-51.03297850668403, -27.90414896121607], [-51.0324338024512, -27.90267272461209], [-51.03254001983176, -27.90193214640491], [-51.03228296485484, -27.89917535281761], [-51.03223782502598, -27.89715942647366], [-51.03273623531458, -27.89480276046141], [-51.03236585292839, -27.89441089160408], [-51.0306635671467, -27.89395304888134]]]}}, {"type": "Feature", "properties": {"cod_imovel": "SC-4204178-488F56CA7DC440DA83368C6B973CFB41", "municipio": "Cerro Negro", "num_area": 19.3504, "mod_fiscal": 0.8063, "des_condic": "Aguardando analise", "ind_status": "AT", "dat_atuali": "03/02/2016"}, "geometry": {"type": "Polygon", "coordinates": [[[-51.02125724633369, -27.89268171675631], [-51.02170586728502, -27.89309318139094], [-51.02178879674599, -27.89082635251387], [-51.02205098821838, -27.89012739932228], [-51.02163717305976, -27.88991361269951], [-51.02106747237441, -27.88889176728411], [-51.02044018357314, -27.88875532937523], [-51.01799571358959, -27.88888144758833], [-51.01788873469889, -27.88981686788241], [-51.01729977265596, -27.8909923423094], [-51.01652187894271, -27.89133527209565], [-51.01650630757463, -27.89155655961687], [-51.01712646315814, -27.89272232870258], [-51.01810743799776, -27.89253270001496], [-51.01874035609169, -27.89291755914107], [-51.01995020330386, -27.89331457037144], [-51.02092154488981, -27.89265340175265], [-51.02125724633369, -27.89268171675631]]]}}, {"type": "Feature", "properties": {"cod_imovel": "SC-4204178-5FB290DA4ED94CB09E8BD336C506DCCE", "municipio": "Cerro Negro", "num_area": 5.1662, "mod_fiscal": 0.2153, "des_condic": "Aguardando analise", "ind_status": "AT", "dat_atuali": "22/08/2016"}, "geometry": {"type": "Polygon", "coordinates": [[[-51.03532721083455, -27.91152657696497], [-51.03526395480087, -27.910772926086], [-51.03458762906413, -27.90986074920913], [-51.03378847594212, -27.90921782034424], [-51.03290229724181, -27.90894312984504], [-51.03177433287451, -27.90910414552489], [-51.03189290067374, -27.90947443954951], [-51.03320362639178, -27.91027729517259], [-51.03407780325542, -27.91181252148881], [-51.03532721083455, -27.91152657696497]]]}}, {"type": "Feature", "properties": {"cod_imovel": "SC-4204178-6D6067D692534BC9BF5E415C67044E13", "municipio": "Cerro Negro", "num_area": 4.84, "mod_fiscal": 0.2043, "des_condic": "Aguardando analise", "ind_status": "AT", "dat_atuali": "05/05/2016"}, "geometry": {"type": "Polygon", "coordinates": [[[-51.00492389387511, -27.829351405531757], [-51.003749048120156, -27.828356547405917], [-51.00253042194049, -27.829212611822022], [-51.004655400797944, -27.831473891571072], [-51.00554828515347, -27.830120171388476], [-51.00492389387511, -27.829351405531757]]]}}, {"type": "Feature", "properties": {"cod_imovel": "SC-4204178-81A42FB8AB93424191942BDA6C57EB2A", "municipio": "Cerro Negro", "num_area": 14.0632, "mod_fiscal": 0.586, "des_condic": "Aguardando analise", "ind_status": "AT", "dat_atuali": "03/02/2016"}, "geometry": {"type": "Polygon", "coordinates": [[[-51.01619892423506, -27.89300539866685], [-51.01297678889564, -27.89436030631948], [-51.01337033218302, -27.89494144913513], [-51.01392013809366, -27.89505886385322], [-51.01498005620361, -27.89466794273062], [-51.0162126799772, -27.8947074521845], [-51.0168337830837, -27.89522998900032], [-51.01841087213807, -27.89468478163546], [-51.01838267421791, -27.89395116385148], [-51.01994738493826, -27.89455492471375], [-51.02176635043165, -27.89475691261806], [-51.02169949014611, -27.8931279370119], [-51.02121769957343, -27.89267299403779], [-51.02072083591269, -27.89279866419632], [-51.02063930941608, -27.89314378698368], [-51.01992403139288, -27.89328057856532], [-51.01869399548229, -27.89292254697355], [-51.01812713498124, -27.89256655303434], [-51.01732245127428, -27.89300281524858], [-51.01698007876229, -27.89285227622799], [-51.01619892423506, -27.89300539866685]]]}}, {"type": "Feature", "properties": {"cod_imovel": "SC-4204178-9BC1DD2A329047E7B4BAE1C218036403", "municipio": "Cerro Negro", "num_area": 104.9984, "mod_fiscal": 4.3749, "des_condic": "Aguardando analise", "ind_status": "AT", "dat_atuali": "05/05/2016"}, "geometry": {"type": "Polygon", "coordinates": [[[-51.01558077476084, -27.89839817161692], [-51.01137046025615, -27.89688114656211], [-51.00865957704737, -27.90011683097757], [-51.00772395941496, -27.89987275381186], [-51.00695739968016, -27.89995162954931], [-51.0057039421206, -27.90051703744159], [-51.005232676181, -27.90040246652952], [-51.00524498929666, -27.90059448192446], [-51.00651261045258, -27.90144704235337], [-51.00718286935035, -27.90258629200693], [-51.00821974524718, -27.90342522854731], [-51.00870816540251, -27.90283732006126], [-51.01016086380209, -27.90212231953243], [-51.01073835889425, -27.90206089705703], [-51.01118230823474, -27.90276349918125], [-51.01192535135186, -27.90312246335446], [-51.01299570990669, -27.90315773228177], [-51.01405178466978, -27.90428366030498], [-51.01442900664154, -27.90435164784491], [-51.0154689026299, -27.90521271728742], [-51.01616892997038, -27.9055003637187], [-51.01651737713259, -27.90587819540298], [-51.01659055557619, -27.90652930600285], [-51.01706931812397, -27.90697873712167], [-51.01739804093283, -27.90889544238467], [-51.01803155696516, -27.91012583485539], [-51.01809437094654, -27.91094751060166], [-51.01851801343886, -27.91102069615701], [-51.01885035155969, -27.91207259828248], [-51.01954950264725, -27.91235880161595], [-51.02015711284784, -27.91173348980089], [-51.02193643900621, -27.91065469824316], [-51.02246252936571, -27.90915721249972], [-51.02173456596891, -27.90827649051486], [-51.02180126961464, -27.90701377549299], [-51.02284329826861, -27.90493668097807], [-51.0197421097281, -27.90286237245654], [-51.01946507091317, -27.9023405049436], [-51.01860643315041, -27.90183267533862], [-51.01838506549595, -27.90121021263455], [-51.01680033663704, -27.900142911383], [-51.01558077476084, -27.89839817161692]]]}}, {"type": "Feature", "properties": {"cod_imovel": "SC-4204178-A76A69A7C37E49A7AE9CEBAEDA3360F0", "municipio": "Cerro Negro", "num_area": 19.4213, "mod_fiscal": 0.8262, "des_condic": "Aguardando analise", "ind_status": "AT", "dat_atuali": "05/05/2016"}, "geometry": {"type": "Polygon", "coordinates": [[[-50.99808067467333, -27.82688109746858], [-51.00106673353018, -27.83024079622287], [-51.003749048120156, -27.828356547405917], [-51.00343895807809, -27.828064820068402], [-51.00345170300518, -27.827774867442148], [-51.00437868249801, -27.827334630213894], [-51.00456567519801, -27.82709602127882], [-51.00431778825367, -27.825976526785556], [-51.00451069225799, -27.82521287044123], [-51.00405910824899, -27.824853537427146], [-51.001990501373534, -27.825490632740618], [-51.00149725038618, -27.82653681183711], [-51.000637530503475, -27.82705517443481], [-50.999576289789104, -27.826480247417205], [-50.999490658101095, -27.82576654811251], [-50.99897729693199, -27.82578669831323], [-50.99808067467333, -27.82688109746858]]]}}, {"type": "Feature", "properties": {"cod_imovel": "SC-4204178-E11B32D8EE6947F699C19246AC3C6CF1", "municipio": "Cerro Negro", "num_area": 10.1493, "mod_fiscal": 0.4229, "des_condic": "Aguardando analise", "ind_status": "AT", "dat_atuali": "12/08/2015"}, "geometry": {"type": "Polygon", "coordinates": [[[-51.00380504738367, -27.85291214425918], [-51.0042051104464, -27.85088894804006], [-51.00320305652931, -27.85010840698335], [-51.00196991107314, -27.85057394433242], [-51.00268943990475, -27.85240572215933], [-51.00264991541884, -27.85363467875947], [-51.00359587014764, -27.85814248999952], [-51.00399349548184, -27.85837715480112], [-51.00416769331032, -27.8530702439062], [-51.00380504738367, -27.85291214425918]]]}}, {"type": "Feature", "properties": {"cod_imovel": "SC-4204178-F86C02AA49A447329D407D26BE662127", "municipio": "Cerro Negro", "num_area": 13.3, "mod_fiscal": 0.5542, "des_condic": "Aguardando analise", "ind_status": "AT", "dat_atuali": "06/06/2016"}, "geometry": {"type": "Polygon", "coordinates": [[[-51.00542877769441, -27.85654801235043], [-51.00416335940348, -27.85647677262185], [-51.0012634859549, -27.85680064356868], [-51.00103847992965, -27.8590392850887], [-51.00374375104495, -27.85935305447144], [-51.006274304643, -27.85878619986545], [-51.00633146760394, -27.85849669511913], [-51.00542877769441, -27.85654801235043]]]}}, {"type": "Feature", "properties": {"cod_imovel": "SC-4204178-FE3F332C92F54354812BDBC71A60DFF8", "municipio": "Cerro Negro", "num_area": 384.1742, "mod_fiscal": 16.0073, "des_condic": "Aguardando analise", "ind_status": "AT", "dat_atuali": "05/05/2016"}, "geometry": {"type": "Polygon", "coordinates": [[[-51.01083119812274, -27.89273537478124], [-51.01197170229825, -27.89357379417811], [-51.01283110291241, -27.89255894377496], [-51.01379174176429, -27.89046131266172], [-51.01768401503862, -27.89010325808848], [-51.0179218064692, -27.88962994706204], [-51.01823243879467, -27.88649626359228], [-51.01767703200219, -27.8855318452138], [-51.0225906360405, -27.88480432257027], [-51.02190269647748, -27.88749277883587], [-51.03298842118095, -27.88561056128134], [-51.03413942684136, -27.89254562219341], [-51.03236477596214, -27.8941616564166], [-51.028840769354, -27.89408455099946], [-51.02694213695374, -27.89425327211541], [-51.0275755918056, -27.8947913360113], [-51.02795444209801, -27.89614268728409], [-51.03743760390141, -27.89247371973207], [-51.03768220676173, -27.89461694416489], [-51.03765446729797, -27.89717915354895], [-51.03799228245613, -27.89736032749936], [-51.03886009222477, -27.89965331332732], [-51.04103544584866, -27.89918719868802], [-51.04472331204015, -27.89878375125472], [-51.04629184443456, -27.89706357723772], [-51.04700415700003, -27.89395748148874], [-51.04251444476754, -27.89250574212753], [-51.03993332216179, -27.89300744436865], [-51.03938445643933, -27.89387284996308], [-51.03799154225874, -27.89459181228649], [-51.03797557629888, -27.89364569690586], [-51.03767845241896, -27.89296793625297], [-51.03778909674059, -27.89087067486402], [-51.03731414840451, -27.89105187849209], [-51.03726452888172, -27.88948071688528], [-51.03696201005155, -27.88835943220125], [-51.03696754755272, -27.88768917319602], [-51.0373097457468, -27.88756619927842], [-51.03754572280506, -27.88643527279828], [-51.04091482856421, -27.88606887383335], [-51.0412730432886, -27.88672337821242], [-51.04251265591737, -27.88660281245854], [-51.04214723016823, -27.88579387112027], [-51.04201686875852, -27.88459478819937], [-51.04123652654918, -27.88407843910388], [-51.04077775677624, -27.88304297366214], [-51.04088180426854, -27.88253593668949], [-51.0400053460329, -27.88271162250857], [-51.03899816730227, -27.88047742981547], [-51.03791741836108, -27.87901869052301], [-51.03726436321822, -27.87888073198365], [-51.03471903346471, -27.87968535095819], [-51.03402745329946, -27.8803362998938], [-51.03378933628176, -27.88102543557752], [-51.03383954659842, -27.88163220616353], [-51.03304349822224, -27.88163192416451], [-51.03102510499766, -27.88215833815582], [-51.0300318439832, -27.88287557291866], [-51.02757737558622, -27.88418379799043], [-51.02682177416439, -27.88336452017183], [-51.02465488961531, -27.8824847874291], [-51.0243111371819, -27.8818786682711], [-51.02337655238267, -27.88159407824243], [-51.02246325531592, -27.88152059319189], [-51.02212353388966, -27.88041645069651], [-51.02160337561341, -27.88046877698501], [-51.01792212404817, -27.87947615734037], [-51.01753915865484, -27.87778291791048], [-51.01403234378125, -27.87708884479973], [-51.01300503078084, -27.87728790727054], [-51.01178795226607, -27.87799356812784], [-51.00961254713359, -27.87879419165298], [-51.00907220809976, -27.87930018534043], [-51.0089971667444, -27.88054142912129], [-51.00857744947854, -27.88066309277311], [-51.00830410638732, -27.87995143029526], [-51.00793408530458, -27.88003116797313], [-51.00704785784486, -27.8809806380144], [-51.0068228502177, -27.88157946065844], [-51.00643323862022, -27.88190496166855], [-51.00570666914923, -27.88310178971609], [-51.00600911074158, -27.88420381380061], [-51.00726622718536, -27.88453463597474], [-51.00742028168334, -27.88533205888459], [-51.00720442657699, -27.88635724584004], [-51.00615124562863, -27.88758166537437], [-51.00576093325104, -27.88866398668649], [-51.00523729742882, -27.88911667199453], [-51.00556526293267, -27.89139203002799], [-51.00544172870401, -27.89215061384962], [-51.0055791176322, -27.89262009010787], [-51.00838452850373, -27.89224030134218], [-51.00944347417606, -27.89227762533999], [-51.01016517125516, -27.89267988238191], [-51.01083119812274, -27.89273537478124]]]}}, {"type": "Feature", "properties": {"cod_imovel": "SC-4204178-AE82753721084C97A38E679321E6FAEE", "municipio": "Cerro Negro", "num_area": 22.5079, "mod_fiscal": 0.9378, "des_condic": "Aguardando analise", "ind_status": "AT", "dat_atuali": "23/08/2019"}, "geometry": {"type": "Polygon", "coordinates": [[[-51.00940872073433, -27.93238059887527], [-51.00971971757208, -27.9327642870361], [-51.01080143948778, -27.93317868335954], [-51.01232447421843, -27.93268558202752], [-51.01262106378208, -27.93183058205984], [-51.01264550902769, -27.93012278901568], [-51.01251047261444, -27.92976025555549], [-51.00941180341784, -27.92989751293368], [-51.00864067552789, -27.930489048085], [-51.00515017649804, -27.92991963072486], [-51.00485622099808, -27.93050934639839], [-51.00413782306139, -27.93057595795203], [-51.00428167887679, -27.93236882938237], [-51.00608000381465, -27.93221922659702], [-51.0066211829288, -27.93245684702375], [-51.00744471074208, -27.93228022038295], [-51.00940872073433, -27.93238059887527]]]}}, {"type": "Feature", "properties": {"cod_imovel": "SC-4204178-6F0D399D01654933A541FC56B79853F6", "municipio": "Cerro Negro", "num_area": 9.8773, "mod_fiscal": 0.4116, "des_condic": "Aguardando analise", "ind_status": "AT", "dat_atuali": "05/11/2022"}, "geometry": {"type": "Polygon", "coordinates": [[[-51.00509311857193, -27.84207532539137], [-51.00642100526412, -27.84256363011308], [-51.01257031367717, -27.8385989728499], [-51.01223619108015, -27.83795561063895], [-51.00422628840844, -27.84208884232964], [-51.00509311857193, -27.84207532539137]]]}}, {"type": "Feature", "properties": {"cod_imovel": "SC-4204178-F42571BF47AC42498BCED54A5D5B9B78", "municipio": "Cerro Negro", "num_area": 48.3922, "mod_fiscal": 2.0163, "des_condic": "Aguardando analise", "ind_status": "AT", "dat_atuali": "13/04/2016"}, "geometry": {"type": "Polygon", "coordinates": [[[-51.00306908597788, -27.87052622219002], [-50.99902307655341, -27.87145446959403], [-51.00877057802715, -27.8804694202011], [-51.00906912216595, -27.88020021037248], [-51.00910726531421, -27.87958211596758], [-51.00968646387165, -27.8787405696535], [-51.01177717620224, -27.87770898967433], [-51.00993838118791, -27.87635375697788], [-51.00636503463625, -27.87305246920584], [-51.00306908597788, -27.87052622219002]]]}}, {"type": "Feature", "properties": {"cod_imovel": "SC-4204178-EFE70784D83F4B3C97DB8E217155BA0A", "municipio": "Cerro Negro", "num_area": 6.4672, "mod_fiscal": 0.2695, "des_condic": "Aguardando analise", "ind_status": "AT", "dat_atuali": "28/04/2016"}, "geometry": {"type": "Polygon", "coordinates": [[[-51.01549439584654, -27.9206438750368], [-51.01603959864912, -27.9213806327851], [-51.02171628688645, -27.91819371434184], [-51.02118833895085, -27.91744581840502], [-51.01549439584654, -27.9206438750368]]]}}, {"type": "Feature", "properties": {"cod_imovel": "SC-4204178-64DB5AB8C6214A75A87AB802F2E41F86", "municipio": "Cerro Negro", "num_area": 7.2759, "mod_fiscal": 0.3032, "des_condic": "Aguardando analise", "ind_status": "AT", "dat_atuali": "01/05/2016"}, "geometry": {"type": "Polygon", "coordinates": [[[-51.02491251819042, -27.89850420583104], [-51.02201194068826, -27.90432665039233], [-51.02282940535623, -27.90492925907544], [-51.0233942351947, -27.90400667293507], [-51.02398403736466, -27.90354767805252], [-51.02475823071223, -27.90207001957677], [-51.02472731658721, -27.90036524769197], [-51.02516133712984, -27.89874967904776], [-51.02491251819042, -27.89850420583104]]]}}, {"type": "Feature", "properties": {"cod_imovel": "SC-4204178-5DC1A31E2B4446DABF6D210589BCEDD5", "municipio": "Cerro Negro", "num_area": 4.9437, "mod_fiscal": 0.206, "des_condic": "Aguardando analise", "ind_status": "AT", "dat_atuali": "19/04/2016"}, "geometry": {"type": "Polygon", "coordinates": [[[-51.00962483054576, -27.84966707270172], [-51.00917271947476, -27.84902086992518], [-51.00919214302046, -27.84823475949898], [-51.00584288166662, -27.84948595321752], [-51.00614547399273, -27.85069419439075], [-51.00962483054576, -27.84966707270172]]]}}, {"type": "Feature", "properties": {"cod_imovel": "SC-4204178-6C9D497A110544BB8424956A654C743F", "municipio": "Cerro Negro", "num_area": 37.0221, "mod_fiscal": 1.5426, "des_condic": "Aguardando analise", "ind_status": "AT", "dat_atuali": "20/04/2016"}, "geometry": {"type": "Polygon", "coordinates": [[[-50.99731651010464, -27.86312092678267], [-50.99321365356445, -27.866755947428008], [-50.99452257156372, -27.86912709344975], [-50.99526684263257, -27.86930397583263], [-50.99556123967019, -27.86961201770238], [-50.9981076837665, -27.87035111427487], [-51.00019726629295, -27.87117837255305], [-50.99955824609515, -27.87056375097317], [-50.99666315300512, -27.86965734450412], [-50.9961043665187, -27.86916452935488], [-50.99958369975303, -27.86527720274427], [-50.99950610009368, -27.86473135621866], [-51.00072099979288, -27.8634410875093], [-51.00082917026225, -27.86281650261221], [-51.00136020711388, -27.86271609514006], [-51.00206936539524, -27.8619067675932], [-51.00179326246112, -27.86157849058244], [-51.00162614034772, -27.86073778197055], [-51.00108081277528, -27.86040561241288], [-51.00113389667062, -27.85995656605237], [-51.0001804560323, -27.86007028142992], [-50.99731651010464, -27.86312092678267]]]}}, {"type": "Feature", "properties": {"cod_imovel": "SC-4204178-9612DD7DD9304649ABABA8BD190A9360", "municipio": "Cerro Negro", "num_area": 2.4927, "mod_fiscal": 0.1039, "des_condic": "Aguardando analise", "ind_status": "AT", "dat_atuali": "16/03/2020"}, "geometry": {"type": "Polygon", "coordinates": [[[-51.04328158576285, -27.87487764034478], [-51.04271666937157, -27.87488176614175], [-51.04461843368401, -27.87864385112243], [-51.04519545632113, -27.87844504110811], [-51.04328158576285, -27.87487764034478]]]}}, {"type": "Feature", "properties": {"cod_imovel": "SC-4204178-BA473E58BFC147FB8CD2DCA7C8F286AC", "municipio": "Cerro Negro", "num_area": 34.8398, "mod_fiscal": 1.4517, "des_condic": "Aguardando analise", "ind_status": "AT", "dat_atuali": "02/07/2015"}, "geometry": {"type": "Polygon", "coordinates": [[[-51.0062890401902, -27.84254141666008], [-51.00606949303386, -27.84531019448213], [-51.00415738329292, -27.847866196283], [-51.0058177643233, -27.84943304483214], [-51.0092787830005, -27.84817702412306], [-51.00900654940753, -27.84799354963018], [-51.00880873258558, -27.84690265347029], [-51.01320177616185, -27.84544011154306], [-51.01140404149098, -27.8438731260557], [-51.0108777396928, -27.84321595706243], [-51.01028761513931, -27.84293974148616], [-51.00934124314638, -27.84284301195166], [-51.00847264609091, -27.84253202470606], [-51.0062890401902, -27.84254141666008]]]}}, {"type": "Feature", "properties": {"cod_imovel": "SC-4204178-23BAF59CED4948F8B174F14A0230599C", "municipio": "Cerro Negro", "num_area": 33.9522, "mod_fiscal": 1.4147, "des_condic": "Aguardando analise", "ind_status": "AT", "dat_atuali": "16/03/2020"}, "geometry": {"type": "Polygon", "coordinates": [[[-50.99628830026705, -27.89678568085018], [-50.99580021561124, -27.89703346096533], [-50.9965398129661, -27.89819483130367], [-50.99821351285304, -27.90025432433125], [-50.99969568733897, -27.90174530840051], [-51.00119702089901, -27.90114186444604], [-51.00104037104691, -27.90084868266304], [-51.00132540896088, -27.89977982135695], [-51.00303865006003, -27.89634650712039], [-51.00184768474466, -27.8949294015202], [-51.00111166204121, -27.8947481170114], [-50.9998298798325, -27.8940775920886], [-50.99915745122274, -27.89420018355845], [-50.99894409981241, -27.89442267843687], [-50.99879155523504, -27.89507447652715], [-50.99783470151876, -27.89584342899013], [-50.9968632499423, -27.8960966425817], [-50.99628830026705, -27.89678568085018]]]}}, {"type": "Feature", "properties": {"cod_imovel": "SC-4204178-3240015ECD6542CAB7DB85561B3BE181", "municipio": "Cerro Negro", "num_area": 36.0821, "mod_fiscal": 1.5034, "des_condic": "Aguardando analise", "ind_status": "AT", "dat_atuali": "14/06/2019"}, "geometry": {"type": "Polygon", "coordinates": [[[-51.01692407929735, -27.90823167384738], [-51.01118095198357, -27.90626900727624], [-51.00939811936887, -27.90769876508925], [-51.01616340582999, -27.91417426597054], [-51.01685318880869, -27.91344578060982], [-51.01725569783311, -27.91325410543847], [-51.01776316974826, -27.91242735778287], [-51.01779126320557, -27.91140389505743], [-51.01764012604469, -27.9107913462685], [-51.01727385667493, -27.9103867503598], [-51.01727763372502, -27.91012775552657], [-51.01749936834771, -27.90989205679085], [-51.01692407929735, -27.90823167384738]]]}}, {"type": "Feature", "properties": {"cod_imovel": "SC-4204178-BA7244C3532D4254B4C908DCEA14D7EB", "municipio": "Cerro Negro", "num_area": 2.7044, "mod_fiscal": 0.1127, "des_condic": "Aguardando analise", "ind_status": "AT", "dat_atuali": "19/04/2016"}, "geometry": {"type": "Polygon", "coordinates": [[[-51.00961178811549, -27.84967239737859], [-51.00861720537192, -27.84984195800457], [-51.00614114972787, -27.85066338465488], [-51.00621365471028, -27.85119397490414], [-51.01019479162913, -27.85026763473287], [-51.00961178811549, -27.84967239737859]]]}}, {"type": "Feature", "properties": {"cod_imovel": "SC-4204178-49825178D44F4738A50E25768740F597", "municipio": "Cerro Negro", "num_area": 7.2828, "mod_fiscal": 0.3035, "des_condic": "Aguardando analise", "ind_status": "AT", "dat_atuali": "19/04/2016"}, "geometry": {"type": "Polygon", "coordinates": [[[-51.01170923909567, -27.85132663644674], [-51.00631808212288, -27.85284621180061], [-51.00631566017832, -27.85356169159735], [-51.01259195166276, -27.85268941628094], [-51.01219678279745, -27.85241590956106], [-51.01170923909567, -27.85132663644674]]]}}, {"type": "Feature", "properties": {"cod_imovel": "SC-4204178-C2ECBFCA17384E748C49648FAF50724A", "municipio": "Cerro Negro", "num_area": 27.365, "mod_fiscal": 1.1402, "des_condic": "Aguardando analise", "ind_status": "AT", "dat_atuali": "15/07/2015"}, "geometry": {"type": "Polygon", "coordinates": [[[-51.04037082986569, -27.89145696641977], [-51.04360071357045, -27.88965019894087], [-51.04141397802864, -27.88768504718072], [-51.04096454962351, -27.88617922961739], [-51.03750304760627, -27.88641469207321], [-51.03743197902751, -27.88718247555848], [-51.03702475826626, -27.88777070069405], [-51.03694122402678, -27.88834425285981], [-51.03748654621224, -27.89099546319935], [-51.03846736997739, -27.89221777105299], [-51.04037082986569, -27.89145696641977]]]}}, {"type": "Feature", "properties": {"cod_imovel": "SC-4204178-180EF12DC3BE4C6D90CE1558A37037B3", "municipio": "Cerro Negro", "num_area": 27.4473, "mod_fiscal": 1.1436, "des_condic": "Aguardando analise", "ind_status": "AT", "dat_atuali": "26/04/2016"}, "geometry": {"type": "Polygon", "coordinates": [[[-51.01160347891767, -27.92058715612436], [-51.01490941118774, -27.91995648304048], [-51.01941310922691, -27.91739161344503], [-51.01729766240833, -27.91408341511064], [-51.01287412533606, -27.9170479341252], [-51.01280946800907, -27.91786879661536], [-51.01251423790236, -27.91858566557157], [-51.01135616324192, -27.92004091872616], [-51.01160347891767, -27.92058715612436]]]}}, {"type": "Feature", "properties": {"cod_imovel": "SC-4204178-4AD18F1FE3D94B549AE91FBF81797979", "municipio": "Cerro Negro", "num_area": 5.5896, "mod_fiscal": 0.2329, "des_condic": "Aguardando analise", "ind_status": "AT", "dat_atuali": "12/08/2015"}, "geometry": {"type": "Polygon", "coordinates": [[[-51.00974822496148, -27.86233492784967], [-51.00905209790482, -27.86029483779509], [-51.00703887113559, -27.86000812241493], [-51.00678902680297, -27.86135702764395], [-51.00693856791974, -27.8617422867697], [-51.00796171948754, -27.86200772992319], [-51.00870867942617, -27.86260146519673], [-51.00959574687018, -27.86249080859025], [-51.00974822496148, -27.86233492784967]]]}}, {"type": "Feature", "properties": {"cod_imovel": "SC-4204178-C7753B1B640F46D298C67A41EF438CD3", "municipio": "Cerro Negro", "num_area": 6.3187, "mod_fiscal": 0.2633, "des_condic": "Aguardando analise", "ind_status": "AT", "dat_atuali": "12/08/2015"}, "geometry": {"type": "Polygon", "coordinates": [[[-51.00700555568085, -27.85989592872315], [-51.00904815846855, -27.86031152852079], [-51.00918103626697, -27.85921042872303], [-51.00903609468865, -27.85765419106056], [-51.00789892661319, -27.85760180447537], [-51.00679936485451, -27.85700118663914], [-51.00561258212094, -27.85665938037561], [-51.00606996453746, -27.85787947861022], [-51.00751500079754, -27.85791317299267], [-51.00748494861697, -27.85920880548609], [-51.00700555568085, -27.85989592872315]]]}}, {"type": "Feature", "properties": {"cod_imovel": "SC-4204178-19F59D988B3D4C369FA75383F309C94D", "municipio": "Cerro Negro", "num_area": 3.025, "mod_fiscal": 0.126, "des_condic": "Aguardando analise", "ind_status": "AT", "dat_atuali": "05/05/2016"}, "geometry": {"type": "Polygon", "coordinates": [[[-51.00063472302186, -27.830544260168566], [-51.00106673353018, -27.83024079622287], [-51.00030418298779, -27.829382855140956], [-50.99768043004534, -27.831225843386125], [-50.99830850395659, -27.831932505835223], [-50.999406160456495, -27.830823655631875], [-51.00063472302186, -27.830544260168566]]]}}, {"type": "Feature", "properties": {"cod_imovel": "SC-4204178-7C23D8CBCBF54D538FDD7DBAC63A0552", "municipio": "Cerro Negro", "num_area": 10.9272, "mod_fiscal": 0.4553, "des_condic": "Aguardando analise", "ind_status": "AT", "dat_atuali": "05/05/2016"}, "geometry": {"type": "Polygon", "coordinates": [[[-50.99768043004534, -27.831225843386125], [-51.00030418298779, -27.829382855140956], [-50.99808067467333, -27.82688109746858], [-50.99785538490679, -27.827294195450673], [-50.99655083367167, -27.828318439942215], [-50.99586176242447, -27.828612443802218], [-50.99562487654086, -27.828913001676124], [-50.99768043004534, -27.831225843386125]]]}}, {"type": "Feature", "properties": {"cod_imovel": "SC-4204178-3549F1FF08174AD29734D7FD7844E5D9", "municipio": "Cerro Negro", "num_area": 8.3593, "mod_fiscal": 0.3483, "des_condic": "Aguardando analise", "ind_status": "AT", "dat_atuali": "19/04/2016"}, "geometry": {"type": "Polygon", "coordinates": [[[-51.01016720898419, -27.85022436677952], [-51.00620618778299, -27.85116724093954], [-51.00609746211883, -27.85212338889], [-51.00628880118457, -27.85284159646997], [-51.01171094323406, -27.85132797389961], [-51.01016720898419, -27.85022436677952]]]}}, {"type": "Feature", "properties": {"cod_imovel": "SC-4204178-0B61BD76E56F495A8FB14C5B2DC87452", "municipio": "Cerro Negro", "num_area": 18.3051, "mod_fiscal": 0.7627, "des_condic": "Aguardando analise", "ind_status": "AT", "dat_atuali": "15/04/2016"}, "geometry": {"type": "Polygon", "coordinates": [[[-51.01012788679347, -27.92036994507828], [-51.01068225340671, -27.92221684553493], [-51.01002979192816, -27.92302767439895], [-51.00981721024755, -27.92361987531341], [-51.01003557354237, -27.92445755797292], [-51.01103039133185, -27.92433733027889], [-51.01369834081037, -27.92319090244747], [-51.01598943762177, -27.92148245946194], [-51.01491151162495, -27.91994628398577], [-51.01160391483788, -27.92060701084467], [-51.01134891890142, -27.92003159606214], [-51.01012788679347, -27.92036994507828]]]}}, {"type": "Feature", "properties": {"cod_imovel": "SC-4204178-D172EB475B3F442CA474DCF26CD5D755", "municipio": "Cerro Negro", "num_area": 2.7739, "mod_fiscal": 0.1156, "des_condic": "Aguardando analise", "ind_status": "AT", "dat_atuali": "03/10/2017"}, "geometry": {"type": "Polygon", "coordinates": [[[-51.00375214805759, -27.85294593176338], [-51.00555035662251, -27.8531991076088], [-51.00486673657598, -27.85103452339209], [-51.00420393461037, -27.85094432510741], [-51.00375214805759, -27.85294593176338]]]}}, {"type": "Feature", "properties": {"cod_imovel": "SC-4204178-6013D554E839462995B60D77411458F6", "municipio": "Cerro Negro", "num_area": 32.7353, "mod_fiscal": 1.3788, "des_condic": "Aguardando analise", "ind_status": "AT", "dat_atuali": "02/10/2015"}, "geometry": {"type": "Polygon", "coordinates": [[[-51.01412982637052, -27.83717691532517], [-51.01546320584164, -27.8370846116291], [-51.01552433787234, -27.83662776011931], [-51.01589722629118, -27.83618927959761], [-51.01666500699236, -27.83571775691642], [-51.01676948328318, -27.83518216628908], [-51.01616711249935, -27.83484667860974], [-51.01542961106888, -27.83355437270773], [-51.01437989059661, -27.83304058160708], [-51.01258267014946, -27.8336768619426], [-51.01076108088839, -27.83381402806227], [-51.01078228289831, -27.83249970742271], [-51.0106639270988, -27.83200389013976], [-51.01038656251972, -27.83184392212085], [-51.00995995579051, -27.83184541770343], [-51.00847999154164, -27.83315716606041], [-51.0107249797944, -27.83875642671727], [-51.01168570040099, -27.83812609527511], [-51.01412982637052, -27.83717691532517]]]}}, {"type": "Feature", "properties": {"cod_imovel": "SC-4204178-DE3E8FD046F94D6685E9FB6CB3D8D12C", "municipio": "Cerro Negro", "num_area": 13.8998, "mod_fiscal": 0.5792, "des_condic": "Aguardando analise", "ind_status": "AT", "dat_atuali": "02/09/2019"}, "geometry": {"type": "Polygon", "coordinates": [[[-51.01584694515601, -27.85469047461226], [-51.01748555179673, -27.849537193259], [-51.01600080603429, -27.84762260698371], [-51.01378978226309, -27.85371342547198], [-51.01584694515601, -27.85469047461226]]]}}, {"type": "Feature", "properties": {"cod_imovel": "SC-4204178-A9AC9D60EBFA444D992E8CA083F4CD41", "municipio": "Cerro Negro", "num_area": 212.9522, "mod_fiscal": 8.873, "des_condic": "Aguardando analise", "ind_status": "AT", "dat_atuali": "25/10/2019"}, "geometry": {"type": "Polygon", "coordinates": [[[-50.97411821949764, -27.86640217657883], [-50.97533731170946, -27.86498235660501], [-50.97667176802871, -27.86560197256425], [-50.97716667922311, -27.86662378315162], [-50.97767747762552, -27.86709200073077], [-50.98048909733053, -27.86620393797356], [-50.98127778796104, -27.86580033901151], [-50.98205803406518, -27.86596146974963], [-50.98250916086419, -27.86629127742989], [-50.98521459069919, -27.86665174628291], [-50.98740727435895, -27.86625292630522], [-50.98821256416508, -27.86636855665921], [-50.98965369126804, -27.86619401372755], [-50.99089057255986, -27.86639098819832], [-50.99242888354522, -27.86739479975474], [-50.99615671591864, -27.86419519537729], [-51.00013824450516, -27.86008579215399], [-50.99927521928554, -27.85962252606677], [-50.99930792216282, -27.85902975323959], [-50.99967791072645, -27.85886897288371], [-51.00050649434656, -27.8590516451215], [-51.00101585241873, -27.85887341719063], [-51.00120468690012, -27.85733869295026], [-51.00101305707185, -27.85619422876438], [-51.00058806949634, -27.85574136013871], [-51.0002158784766, -27.85568516149253], [-50.99897068012215, -27.85602701722126], [-50.99859226530027, -27.85587083047068], [-50.9985105613846, -27.85427156124119], [-50.99785686284426, -27.85351969623374], [-50.99687946424091, -27.85291467309612], [-50.99575160520129, -27.85262683384702], [-50.99532269921516, -27.85279219587529], [-50.9950962112742, -27.85335001144303], [-50.99544357537801, -27.85449194914223], [-50.9952674805338, -27.85486251304425], [-50.99213496317575, -27.85408742662564], [-50.98995423512932, -27.85810589005314], [-50.98870227990147, -27.86120614596923], [-50.98243691643963, -27.86109064455801], [-50.98104917813038, -27.8595993439226], [-50.9807679546011, -27.85993282253727], [-50.97946357048976, -27.86054179604786], [-50.97788458654794, -27.86081949557659], [-50.97702892998445, -27.86161501508001], [-50.97524341566982, -27.86241738692665], [-50.97534515656161, -27.86303829947491], [-50.97520204250928, -27.86387713155176], [-50.97480493922956, -27.86425838730289], [-50.97145189457404, -27.8639336885629], [-50.96962174291121, -27.86410265273874], [-50.96936475070991, -27.86613870955704], [-50.97411821949764, -27.86640217657883]]]}}, {"type": "Feature", "properties": {"cod_imovel": "SC-4204178-0609637402954CBAB505BF4FBD741EEE", "municipio": "Cerro Negro", "num_area": 43.5971, "mod_fiscal": 1.8165, "des_condic": "Aguardando analise", "ind_status": "AT", "dat_atuali": "01/03/2016"}, "geometry": {"type": "Polygon", "coordinates": [[[-51.01347374994591, -27.89510335494406], [-51.01292118932301, -27.8942645159349], [-51.01083494635783, -27.89278145801365], [-51.00836491266346, -27.89227030918913], [-51.00583376926981, -27.89275337247939], [-51.00751147981683, -27.89458440816964], [-51.00626980083035, -27.89855665186597], [-51.00663216981748, -27.89866574172342], [-51.00682035673409, -27.89914669863645], [-51.00699420427011, -27.89917366776006], [-51.00739680545012, -27.89983030710946], [-51.00838671844248, -27.90017300384251], [-51.008718497437, -27.90009205235679], [-51.01129854218411, -27.89694533283578], [-51.01393659749274, -27.89781238057708], [-51.01479071949015, -27.89678192449242], [-51.01470611059295, -27.89482415599842], [-51.01347374994591, -27.89510335494406]]]}}, {"type": "Feature", "properties": {"cod_imovel": "SC-4204178-A30B687274F34D3197CEC4E0F90ABE12", "municipio": "Cerro Negro", "num_area": 7.5924, "mod_fiscal": 0.3163, "des_condic": "Aguardando analise", "ind_status": "AT", "dat_atuali": "11/03/2016"}, "geometry": {"type": "Polygon", "coordinates": [[[-51.00036467533555, -27.84033967429803], [-51.00170105866759, -27.84146558392579], [-51.00274015834986, -27.84202370879351], [-51.00487074077906, -27.84210931515101], [-51.0029968791949, -27.83987999083422], [-51.00288399674935, -27.83891274268787], [-51.00123174052775, -27.83952916671511], [-51.00036467533555, -27.84033967429803]]]}}, {"type": "Feature", "properties": {"cod_imovel": "SC-4204178-531CA592B0924F51AF3C8E17F72E995E", "municipio": "Cerro Negro", "num_area": 20.0286, "mod_fiscal": 0.8345, "des_condic": "Aguardando analise", "ind_status": "AT", "dat_atuali": "14/03/2016"}, "geometry": {"type": "Polygon", "coordinates": [[[-51.00417195972896, -27.84787430713874], [-51.00608861435013, -27.84533150979285], [-51.00631542276027, -27.84260166286877], [-51.00615578958149, -27.84291202382221], [-51.00204878091907, -27.84285288514849], [-51.00071324297802, -27.84554786765026], [-51.00122287746211, -27.84560577703189], [-51.00168754133245, -27.84588366799635], [-51.00417195972896, -27.84787430713874]]]}}, {"type": "Feature", "properties": {"cod_imovel": "SC-4204178-A41268D086FE46FFBC664CF1DB5556E9", "municipio": "Cerro Negro", "num_area": 37.4971, "mod_fiscal": 1.5624, "des_condic": "Aguardando analise", "ind_status": "AT", "dat_atuali": "22/07/2015"}, "geometry": {"type": "Polygon", "coordinates": [[[-51.01247550982134, -27.85314988845664], [-51.01362070977508, -27.85397094847799], [-51.01588578117802, -27.8477326688224], [-51.01378777150301, -27.84530095368046], [-51.00881396245487, -27.8470191941328], [-51.00918540213516, -27.84815484891517], [-51.00961636920034, -27.84831850629749], [-51.00952206051985, -27.84962828598069], [-51.01076447963518, -27.85092409473763], [-51.01091849372478, -27.85134671581083], [-51.01196602934861, -27.85180461215217], [-51.01247550982134, -27.85314988845664]]]}}, {"type": "Feature", "properties": {"cod_imovel": "SC-4204178-BAC63071D1C04B6CA8542139898B9325", "municipio": "Cerro Negro", "num_area": 26.0718, "mod_fiscal": 1.0863, "des_condic": "Aguardando analise", "ind_status": "AT", "dat_atuali": "01/06/2016"}, "geometry": {"type": "Polygon", "coordinates": [[[-51.04312746330695, -27.89042151556711], [-51.04005013306498, -27.89166989773016], [-51.04304213041442, -27.89278254436751], [-51.05005258952708, -27.89501378056757], [-51.05153149938388, -27.8938312353061], [-51.04888373490354, -27.89208171594358], [-51.04763443527722, -27.89166379036379], [-51.04639054668087, -27.89079920786078], [-51.04471768854384, -27.89009894167482], [-51.04312746330695, -27.89042151556711]]]}}, {"type": "Feature", "properties": {"cod_imovel": "SC-4204178-02A49152CFB840AFAC0B9D33BC5540E0", "municipio": "Cerro Negro", "num_area": 22.2207, "mod_fiscal": 0.9259, "des_condic": "Aguardando analise", "ind_status": "AT", "dat_atuali": "14/03/2016"}, "geometry": {"type": "Polygon", "coordinates": [[[-51.00897260754724, -27.86005978526895], [-51.00970166402135, -27.86210719333084], [-51.01101585277936, -27.86266154402764], [-51.0117817710295, -27.86184577785758], [-51.01258579407345, -27.86158704329032], [-51.01311875566023, -27.86106070747002], [-51.0120962614583, -27.86054286807454], [-51.01149622674247, -27.85994216472975], [-51.01163785732362, -27.85810855313515], [-51.01234546223832, -27.85620041325043], [-51.00795653331686, -27.8560817139978], [-51.00555556947907, -27.85659315658365], [-51.00783950759339, -27.85755702338729], [-51.00903138619787, -27.85764614541504], [-51.0092436239828, -27.85910995936562], [-51.00897260754724, -27.86005978526895]]]}}, {"type": "Feature", "properties": {"cod_imovel": "SC-4204178-3CAA7219F04A4E229084DE14C9B09A12", "municipio": "Cerro Negro", "num_area": 11.7208, "mod_fiscal": 0.4884, "des_condic": "Aguardando analise", "ind_status": "AT", "dat_atuali": "15/03/2016"}, "geometry": {"type": "Polygon", "coordinates": [[[-51.02473002349629, -27.91160415991255], [-51.0218929413257, -27.91222884197978], [-51.02251904654835, -27.91619541340008], [-51.02513570218619, -27.9152218024843], [-51.02473002349629, -27.91160415991255]]]}}, {"type": "Feature", "properties": {"cod_imovel": "SC-4204178-C18516208B13467FB5ABFFB19F7E855D", "municipio": "Cerro Negro", "num_area": 6.5205, "mod_fiscal": 0.2717, "des_condic": "Aguardando analise", "ind_status": "AT", "dat_atuali": "02/10/2019"}, "geometry": {"type": "Polygon", "coordinates": [[[-51.00018407, -27.84017827], [-50.99900461, -27.83968025], [-50.9980667, -27.84095865], [-50.99742952, -27.8414774], [-51.00035821, -27.84234227], [-51.00069748, -27.84224624], [-51.00166147, -27.84149057], [-51.00018407, -27.84017827]]]}}, {"type": "Feature", "properties": {"cod_imovel": "SC-4204178-9339704518A74F3A9A7151101148499C", "municipio": "Cerro Negro", "num_area": 5.3649, "mod_fiscal": 0.2235, "des_condic": "Aguardando analise", "ind_status": "AT", "dat_atuali": "16/10/2014"}, "geometry": {"type": "Polygon", "coordinates": [[[-51.00083112716675, -27.85072563960058], [-51.00050926208496, -27.85135171976929], [-51.00121736526489, -27.85353348604823], [-51.00280523300171, -27.85307816453665], [-51.00280523300171, -27.852319291101672], [-51.002182960510254, -27.850782556128927], [-51.00177526473998, -27.850441056510757], [-51.00083112716675, -27.85072563960058]]]}}, {"type": "Feature", "properties": {"cod_imovel": "SC-4204178-C350965AACDA45ED8539B411321F9F93", "municipio": "Cerro Negro", "num_area": 3.197, "mod_fiscal": 0.1332, "des_condic": "Aguardando analise", "ind_status": "AT", "dat_atuali": "16/10/2014"}, "geometry": {"type": "Polygon", "coordinates": [[[-51.00205421447754, -27.853324797259436], [-51.00123882293701, -27.853571429421226], [-51.00211858749389, -27.856189490089932], [-51.00334167480469, -27.8560756626798], [-51.00205421447754, -27.853324797259436]]]}}, {"type": "Feature", "properties": {"cod_imovel": "SC-4204178-783DE9E5D1F240199CA5DCAF6FC021D6", "municipio": "Cerro Negro", "num_area": 26.4178, "mod_fiscal": 1.102, "des_condic": "Aguardando analise", "ind_status": "AT", "dat_atuali": "13/11/2014"}, "geometry": {"type": "Polygon", "coordinates": [[[-51.00541763884324, -27.83043693665707], [-51.00444669190615, -27.8324222358703], [-51.00353657448324, -27.83153335893039], [-51.00252058297274, -27.83134311586357], [-51.00148851258689, -27.83402648690409], [-50.99975028778869, -27.83646678293285], [-50.99938076057808, -27.83732670060236], [-51.00070868241911, -27.83784222631627], [-51.00251981523977, -27.8377197643186], [-51.00661841449168, -27.83223890594699], [-51.0064385671413, -27.83197730192545], [-51.00669984624587, -27.8315793612044], [-51.00541763884324, -27.83043693665707]]]}}, {"type": "Feature", "properties": {"cod_imovel": "SC-4204178-949948CF3B734B37A85FA165990399E5", "municipio": "Cerro Negro", "num_area": 4.5531, "mod_fiscal": 0.1897, "des_condic": "Aguardando analise", "ind_status": "AT", "dat_atuali": "22/07/2015"}, "geometry": {"type": "Polygon", "coordinates": [[[-51.01751387417637, -27.84952810140715], [-51.01586322514676, -27.85463776997221], [-51.01648182364322, -27.8549335916253], [-51.01821275098116, -27.85042214558015], [-51.01751387417637, -27.84952810140715]]]}}, {"type": "Feature", "properties": {"cod_imovel": "SC-4204178-508CC0310A904C45B435756A56278BD4", "municipio": "Cerro Negro", "num_area": 23.4671, "mod_fiscal": 0.9778, "des_condic": "Aguardando analise", "ind_status": "AT", "dat_atuali": "26/02/2015"}, "geometry": {"type": "Polygon", "coordinates": [[[-51.00687887168041, -27.8967005779705], [-51.00737254131638, -27.89451003486054], [-51.0057906743243, -27.89255637112198], [-51.00543314519172, -27.89261627762206], [-51.00494428674652, -27.8922070862258], [-51.00424587267823, -27.89207834075085], [-51.00358024955163, -27.8945810740393], [-51.00335857550507, -27.89622216122231], [-51.00411164301146, -27.89707980818186], [-51.00414053024812, -27.89774071454447], [-51.00511430567138, -27.89867578742011], [-51.00611610503668, -27.90030851066725], [-51.00714418029287, -27.89998505099096], [-51.00710481508691, -27.89682248657531], [-51.00687887168041, -27.8967005779705]]]}}, {"type": "Feature", "properties": {"cod_imovel": "SC-4204178-2D92AA788D87420191A81C894DBFF550", "municipio": "Cerro Negro", "num_area": 14.4585, "mod_fiscal": 0.6024, "des_condic": "Aguardando analise", "ind_status": "AT", "dat_atuali": "02/09/2015"}, "geometry": {"type": "Polygon", "coordinates": [[[-51.00950370932179, -27.93093884834921], [-51.00886390051985, -27.93065430155336], [-51.00520379978983, -27.92989229443848], [-51.00485330699742, -27.93049994626348], [-51.00303184437214, -27.93058906402662], [-51.00338734833978, -27.93244539174574], [-51.0093229276663, -27.9326409844373], [-51.00950370932179, -27.93093884834921]]]}}, {"type": "Feature", "properties": {"cod_imovel": "SC-4204178-5DE25510861F42D69432DEC291FB8018", "municipio": "Cerro Negro", "num_area": 17.4512, "mod_fiscal": 0.7271, "des_condic": "Aguardando analise", "ind_status": "AT", "dat_atuali": "03/06/2016"}, "geometry": {"type": "Polygon", "coordinates": [[[-51.03409145127172, -27.89254079682604], [-51.03308310159908, -27.88717614750835], [-51.03077523757436, -27.8887921675442], [-51.03101021719147, -27.89395974854081], [-51.03215711671379, -27.89415866179684], [-51.03262307193086, -27.89347384923612], [-51.03409145127172, -27.89254079682604]]]}}, {"type": "Feature", "properties": {"cod_imovel": "SC-4204178-CCE3C270EFBB48D2BB6194C99944066C", "municipio": "Cerro Negro", "num_area": 3.4458, "mod_fiscal": 0.1436, "des_condic": "Aguardando analise", "ind_status": "AT", "dat_atuali": "22/02/2017"}, "geometry": {"type": "Polygon", "coordinates": [[[-51.00634195396386, -27.93002331630149], [-51.00655838602503, -27.92969412102791], [-51.00358334106608, -27.92871127614169], [-51.00344161002059, -27.92884108741775], [-51.00379614004437, -27.92958027703823], [-51.00310934946404, -27.93050211248763], [-51.00480898239494, -27.93053303235907], [-51.00514969125796, -27.92991655978602], [-51.00634195396386, -27.93002331630149]]]}}, {"type": "Feature", "properties": {"cod_imovel": "SC-4204178-23974865C9554AA5BE107FBA0EDA2619", "municipio": "Cerro Negro", "num_area": 26.6772, "mod_fiscal": 1.1116, "des_condic": "Aguardando analise", "ind_status": "AT", "dat_atuali": "15/07/2015"}, "geometry": {"type": "Polygon", "coordinates": [[[-51.0492848167988, -27.89210643971175], [-51.0508675685211, -27.89190943014672], [-51.05257867548288, -27.8909673979832], [-51.05290966853334, -27.89052317420621], [-51.05292643192821, -27.88988271481749], [-51.05255861113055, -27.88862318420908], [-51.05207249647686, -27.88805066231766], [-51.05127266528417, -27.88787968083935], [-51.05075706091848, -27.88734686026103], [-51.0488540486466, -27.88839247594994], [-51.04360280987672, -27.8896399737853], [-51.04535798945048, -27.89027857542384], [-51.04580774797054, -27.89070072050715], [-51.04640072661452, -27.89079811382925], [-51.04783137348287, -27.89177017122113], [-51.0492848167988, -27.89210643971175]]]}}, {"type": "Feature", "properties": {"cod_imovel": "SC-4204178-7217E72D649C4EBC8F9E55387A11A417", "municipio": "Cerro Negro", "num_area": 14.6474, "mod_fiscal": 0.6103, "des_condic": "Aguardando analise", "ind_status": "AT", "dat_atuali": "17/11/2015"}, "geometry": {"type": "Polygon", "coordinates": [[[-51.0195611431195, -27.89765300892642], [-51.01964177680442, -27.89718581854332], [-51.01490173890294, -27.89574293268765], [-51.01446470642307, -27.89712051390382], [-51.01388562424964, -27.8977665698766], [-51.01499675858269, -27.89867106291207], [-51.01831126271327, -27.89973839287325], [-51.01870408473901, -27.89934528304206], [-51.0195611431195, -27.89765300892642]]]}}, {"type": "Feature", "properties": {"cod_imovel": "SC-4204178-E2862677E0C04A6E9D1838136CB72447", "municipio": "Cerro Negro", "num_area": 278.0698, "mod_fiscal": 11.5862, "des_condic": "Aguardando analise", "ind_status": "AT", "dat_atuali": "11/04/2016"}, "geometry": {"type": "Polygon", "coordinates": [[[-51.00894161478329, -27.87210210766117], [-51.00972581321209, -27.87416647141661], [-51.0101230529202, -27.87466719749394], [-51.01213063299341, -27.87588734576035], [-51.01222744454911, -27.87664994223042], [-51.01267745719878, -27.87732092284815], [-51.01312930839942, -27.87713672993659], [-51.01363388768685, -27.87749009020072], [-51.0137387813301, -27.87708095553752], [-51.01399014448038, -27.87692342400559], [-51.01520579947719, -27.87713201491989], [-51.01630236950807, -27.87702228724432], [-51.0169605626794, -27.87728582391726], [-51.017660426261, -27.8773189175129], [-51.0190445585813, -27.87798943107091], [-51.02022780349897, -27.87729723196102], [-51.02081296811251, -27.87740686262368], [-51.02109807547147, -27.87766235956951], [-51.02130935720746, -27.87850774328245], [-51.02284108994671, -27.87829783826475], [-51.02317496961784, -27.87803769573232], [-51.02369419917644, -27.87872061976449], [-51.02379889143429, -27.8793472149256], [-51.02439151730621, -27.87954935281859], [-51.02547601231437, -27.87891416050508], [-51.02717271519755, -27.88024375339727], [-51.02785225071622, -27.88066107902349], [-51.02822188175762, -27.88071088683412], [-51.02854875410909, -27.87995923175418], [-51.0287790043998, -27.8800069845557], [-51.02966657789045, -27.87951634879443], [-51.03050629481385, -27.87942670188392], [-51.03182271546719, -27.87803879173734], [-51.03215626751513, -27.87727607622363], [-51.03203022848384, -27.87680166172814], [-51.03134186722075, -27.87571672263182], [-51.03141593676249, -27.87535138400229], [-51.03174720668772, -27.87523882941482], [-51.03191775637349, -27.87497049804166], [-51.03273836457281, -27.87557165049152], [-51.0333608761029, -27.87551746158898], [-51.03439850179722, -27.87509246306624], [-51.03457196160007, -27.874646784466], [-51.03466849070031, -27.87338036383007], [-51.03539908044068, -27.87265175186226], [-51.03542571171659, -27.87235619942696], [-51.03592830059121, -27.87184995275315], [-51.03661063994316, -27.8706824340651], [-51.03785287773224, -27.86986337523049], [-51.03810788843034, -27.86915688899663], [-51.03799053838162, -27.86831340878997], [-51.03729391217154, -27.86788810487819], [-51.03753843330789, -27.86697407147058], [-51.03739165921989, -27.86628441534661], [-51.03711553274418, -27.86593704924718], [-51.03429343887945, -27.86489544246439], [-51.03355167043248, -27.86435390375944], [-51.033180708708, -27.86433817735536], [-51.03294563185398, -27.86664797568502], [-51.03243819107086, -27.86722267639273], [-51.00999252816007, -27.86992501162274], [-51.00952814033308, -27.87020049593538], [-51.00943047942011, -27.87046451091261], [-51.00924112668004, -27.87036189948882], [-51.00884647597869, -27.87081267579271], [-51.00894161478329, -27.87210210766117]]]}}, {"type": "Feature", "properties": {"cod_imovel": "SC-4204178-97438458CCA04CF6A120853BD9AE1885", "municipio": "Cerro Negro", "num_area": 22.6213, "mod_fiscal": 0.9426, "des_condic": "Aguardando analise", "ind_status": "AT", "dat_atuali": "18/09/2018"}, "geometry": {"type": "Polygon", "coordinates": [[[-51.0090386395247, -27.87319520888049], [-51.00909891388637, -27.86948496253198], [-51.00305081010266, -27.86673970871677], [-51.00350799376609, -27.87038639675053], [-51.0090386395247, -27.87319520888049]]]}}, {"type": "Feature", "properties": {"cod_imovel": "SC-4204178-718FC6DD614B42398B698CB632D749A3", "municipio": "Cerro Negro", "num_area": 24.157, "mod_fiscal": 1.0065, "des_condic": "Aguardando analise", "ind_status": "AT", "dat_atuali": "05/05/2016"}, "geometry": {"type": "Polygon", "coordinates": [[[-51.02491267669561, -27.89849872306433], [-51.02320391466768, -27.89748502283016], [-51.0198367700661, -27.89707401090431], [-51.01857664039327, -27.89927403891982], [-51.01744127095994, -27.90062471064109], [-51.01838936638558, -27.901212973851], [-51.01859240220091, -27.90183330907941], [-51.01933396801621, -27.9022162289813], [-51.01965792121802, -27.90278223531995], [-51.02028958467499, -27.90319921083179], [-51.02083667816778, -27.90168168832411], [-51.02112194041077, -27.90003248243369], [-51.02320034080266, -27.90056621120829], [-51.02395215430003, -27.90042573299723], [-51.02491267669561, -27.89849872306433]]]}}, {"type": "Feature", "properties": {"cod_imovel": "SC-4204178-6E4AC12B47B24571833411ED56D2BB58", "municipio": "Cerro Negro", "num_area": 101.4949, "mod_fiscal": 4.229, "des_condic": "Aguardando analise", "ind_status": "AT", "dat_atuali": "28/06/2021"}, "geometry": {"type": "Polygon", "coordinates": [[[-51.007314249596, -27.910514911454], [-50.995510718199, -27.920200739124], [-50.996764640242, -27.920589579044], [-50.997329718963, -27.92058638589801], [-50.997903614191, -27.920445282191], [-50.998222566896, -27.919723292073], [-50.998705313015, -27.919336712524], [-51.00102498462301, -27.919888930035], [-51.001698806001, -27.919743157344], [-51.00195850680301, -27.919497639445], [-51.002132341684, -27.918966938601], [-51.004596479303, -27.919023889925], [-51.005476514657, -27.920130425393], [-51.00819744022201, -27.921188499333], [-51.00912870474, -27.921044962381], [-51.009478312108, -27.920630893252], [-51.01167934763501, -27.919817454107], [-51.01296718005099, -27.917257616542], [-51.013700147167, -27.914511933656], [-51.011842269286, -27.914397168906], [-51.011409283277, -27.914215537864], [-51.008531597531, -27.912260580564], [-51.007314249596, -27.910514911454]]]}}, {"type": "Feature", "properties": {"cod_imovel": "SC-4204178-53E5EAC399B6414680968B6DB65D2A49", "municipio": "Cerro Negro", "num_area": 13.1411, "mod_fiscal": 0.5475, "des_condic": "Aguardando analise", "ind_status": "AT", "dat_atuali": "20/12/2018"}, "geometry": {"type": "Polygon", "coordinates": [[[-51.03917143043555, -27.90091178822841], [-51.03688642955434, -27.90382290818323], [-51.03738876535149, -27.90411050981998], [-51.03636934504856, -27.90581227460037], [-51.03782605237726, -27.90678987114491], [-51.03903658594175, -27.90397687008333], [-51.03941101082539, -27.90351603887266], [-51.04048662877855, -27.90287983574365], [-51.04162583270718, -27.90129904162801], [-51.03976451370538, -27.90078632477687], [-51.03917143043555, -27.90091178822841]]]}}, {"type": "Feature", "properties": {"cod_imovel": "SC-4204178-E02612C55D0440EE8334D7B73F929463", "municipio": "Cerro Negro", "num_area": 14.1524, "mod_fiscal": 0.5897, "des_condic": "Aguardando analise", "ind_status": "AT", "dat_atuali": "01/04/2019"}, "geometry": {"type": "Polygon", "coordinates": [[[-51.01979413884565, -27.8971179289827], [-51.01497758744189, -27.89605366522816], [-51.01382859881864, -27.89803672503084], [-51.01607990995214, -27.89901959806201], [-51.01832395260902, -27.89971687249421], [-51.01936787691178, -27.89812075223978], [-51.01979413884565, -27.8971179289827]]]}}, {"type": "Feature", "properties": {"cod_imovel": "SC-4204178-59DFCB85717C4B4B8F60ADF7A297C136", "municipio": "Cerro Negro", "num_area": 8.1024, "mod_fiscal": 0.3376, "des_condic": "Aguardando analise", "ind_status": "AT", "dat_atuali": "15/05/2018"}, "geometry": {"type": "Polygon", "coordinates": [[[-51.00093506514293, -27.8935161157471], [-51.00165907096497, -27.89260369473759], [-51.00104470826415, -27.89281643291652], [-51.00105432728058, -27.89175135888634], [-51.00058791949237, -27.89042666011338], [-50.9990426785576, -27.8900120650692], [-50.99852223695891, -27.89227019099197], [-50.9985387292254, -27.89250314882339], [-50.99929914590864, -27.89338269337557], [-50.99924235780955, -27.89403782857803], [-51.00093506514293, -27.8935161157471]]]}}, {"type": "Feature", "properties": {"cod_imovel": "SC-4204178-2B403734CF79418A8DF1E6FD3BA03778", "municipio": "Cerro Negro", "num_area": 200.5235, "mod_fiscal": 8.3551, "des_condic": "Aguardando analise", "ind_status": "AT", "dat_atuali": "01/06/2020"}, "geometry": {"type": "Polygon", "coordinates": [[[-51.01722971999998, -27.857947499833013], [-51.01583305999998, -27.858114719832994], [-51.01608832999998, -27.85891110983297], [-51.01610693999998, -27.859936669832933], [-51.01550249999997, -27.861330829832895], [-51.014948609999976, -27.861978059832875], [-51.01453666999998, -27.862342779832858], [-51.013347219999986, -27.862322779832855], [-51.01200888999998, -27.8642155598328], [-51.011502219999976, -27.864281939832797], [-51.01142832999998, -27.863952499832802], [-51.01014167, -27.86733777983269], [-51.01082249999998, -27.86851749983266], [-51.00958667, -27.86997082983261], [-51.03243610999995, -27.867226109832696], [-51.03321721999995, -27.864104719832802], [-51.03287166999995, -27.86425360983279], [-51.02947693999996, -27.86448888983279], [-51.02911721999996, -27.86423499983279], [-51.02914416999996, -27.863985559832802], [-51.029902219999954, -27.863388329832826], [-51.030983059999954, -27.862853329832838], [-51.03217138999995, -27.861754439832872], [-51.03267943999995, -27.861076939832902], [-51.03265777999995, -27.86063749983291], [-51.03243555999995, -27.860357779832924], [-51.03092360999996, -27.858949719832964], [-51.03030555999996, -27.858688609832974], [-51.02927582999995, -27.859521109832958], [-51.028619169999956, -27.859766389832934], [-51.02792832999996, -27.859743059832933], [-51.02709388999996, -27.859443609832958], [-51.02642138999997, -27.859670279832947], [-51.02565443999996, -27.859672779832938], [-51.02471582999996, -27.859521669832958], [-51.02438805999996, -27.859193609832964], [-51.023611669999966, -27.85886277983297], [-51.021342219999966, -27.858993059832972], [-51.01985943999997, -27.858411109832982], [-51.01831, -27.858271389832993], [-51.01722971999998, -27.857947499833013]]]}}, {"type": "Feature", "properties": {"cod_imovel": "SC-4204178-45BE0F118F98416CA2662BC68B3DB6C4", "municipio": "Cerro Negro", "num_area": 83.1845, "mod_fiscal": 3.466, "des_condic": "Aguardando analise", "ind_status": "AT", "dat_atuali": "24/05/2019"}, "geometry": {"type": "Polygon", "coordinates": [[[-50.9995836998, -27.8652772027], [-50.99610436649999, -27.8691645294], [-50.996663153, -27.8696573445], [-50.9995582461, -27.870563751], [-51.0000243657, -27.8710120745], [-51.00138995699999, -27.8707679869], [-51.0030688273, -27.8701513567], [-51.0026571142, -27.8688633622], [-51.00344560489999, -27.8674382276], [-51.0040437282, -27.8674758989], [-51.0057516769, -27.8670852654], [-51.0064315459, -27.8673484554], [-51.006711803, -27.8678196737], [-51.0071540854, -27.8681610175], [-51.0101312917, -27.8674218525], [-51.0111260642, -27.8667250085], [-51.01098289350001, -27.8664522854], [-51.0110485992, -27.8653615835], [-51.011533099, -27.8647603259], [-51.01172797970001, -27.8639103755], [-51.0114619502, -27.8639526084], [-51.0111344148, -27.8637155602], [-51.0104228658, -27.8627412985], [-51.0101815165, -27.8626392748], [-51.0099136816, -27.8627579682], [-51.00912315309999, -27.8638801769], [-51.0087791574, -27.8638320775], [-51.00850347740001, -27.8635800106], [-51.0080737666, -27.8626347492], [-51.0076611445, -27.8621457367], [-51.0056763888, -27.8623281168], [-51.0045507538, -27.861833823], [-51.0041708912, -27.861883271], [-51.0031869325, -27.8624294048], [-51.0027367909, -27.8623207409], [-51.002099397, -27.8617657631], [-51.0013602071, -27.8627160951], [-51.0008291703, -27.8628165026], [-51.0007209998, -27.8634410875], [-50.9995061001, -27.8647313562], [-50.9995836998, -27.8652772027]]]}}, {"type": "Feature", "properties": {"cod_imovel": "SC-4204178-5F692E5B265446CE989519477E9ACEC0", "municipio": "Cerro Negro", "num_area": 7.8633, "mod_fiscal": 0.3276, "des_condic": "Aguardando analise", "ind_status": "AT", "dat_atuali": "16/03/2020"}, "geometry": {"type": "Polygon", "coordinates": [[[-51.04877097942102, -27.87733752965779], [-51.044629617186, -27.8786826853452], [-51.04542639790104, -27.8802437621211], [-51.04917211539262, -27.87893860031133], [-51.04921726054518, -27.87824089507122], [-51.04877097942102, -27.87733752965779]]]}}, {"type": "Feature", "properties": {"cod_imovel": "SC-4204178-89CCAF88A0BB40B7BF5C7CAF3A217F18", "municipio": "Cerro Negro", "num_area": 10.9815, "mod_fiscal": 0.4576, "des_condic": "Aguardando analise", "ind_status": "AT", "dat_atuali": "30/11/2020"}, "geometry": {"type": "Polygon", "coordinates": [[[-51.03322301937655, -27.9002976426246], [-51.03552569197132, -27.90286695799806], [-51.03616877757919, -27.90343900005346], [-51.03688921889165, -27.90381166406331], [-51.03915469864975, -27.90091489852503], [-51.03849113960571, -27.90070838146025], [-51.03805834388517, -27.90081155107465], [-51.03735997132054, -27.9013961276141], [-51.03500683230557, -27.9005587196258], [-51.0331328747269, -27.89923466684216], [-51.03302663464517, -27.89980447047648], [-51.03322301937655, -27.9002976426246]]]}}, {"type": "Feature", "properties": {"cod_imovel": "SC-4204178-B45C3D079CA84DF6B234952B2A010B2E", "municipio": "Cerro Negro", "num_area": 501.1513, "mod_fiscal": 20.8813, "des_condic": "Aguardando analise", "ind_status": "AT", "dat_atuali": "09/09/2020"}, "geometry": {"type": "Polygon", "coordinates": [[[-50.98972575184397, -27.92782166388505], [-50.98597312744641, -27.93645772402751], [-50.98783000246521, -27.93667455979451], [-50.99108753958587, -27.93903483860466], [-50.99305661421997, -27.94122221782293], [-50.99435407224559, -27.9414814581176], [-50.99517575881966, -27.94353883278864], [-50.9973970159628, -27.94374316129514], [-50.9972579867452, -27.94642418344757], [-51.00454185231485, -27.95993340197768], [-51.00553731677095, -27.96085767591257], [-51.00659555985077, -27.9610406745194], [-51.00739957245483, -27.96098385200271], [-51.01592115423474, -27.95463062597977], [-51.01550519540729, -27.95385862466367], [-51.01763255630662, -27.95259308024167], [-51.01769840668873, -27.95000790639992], [-51.00986023953428, -27.94917631006945], [-51.01334801247205, -27.9470001561794], [-51.01568193256634, -27.94532083270725], [-51.01579008310565, -27.94380217686411], [-51.0153214172674, -27.94243945730472], [-51.01148187629934, -27.93964272210421], [-51.01345149372571, -27.9380150870126], [-51.01274491993522, -27.93690491137521], [-51.00981020353191, -27.93697079663], [-51.00893864198797, -27.93648137335434], [-51.00519971865198, -27.93511519244841], [-51.00310637147906, -27.93542576713767], [-51.00297553727393, -27.93488964132066], [-50.99976572762678, -27.93401035542686], [-50.99832934004889, -27.93317579921168], [-50.99780481361125, -27.93249031902054], [-50.99552396671842, -27.93240348539556], [-50.99401420013503, -27.93186062001464], [-50.99237715382674, -27.93077236031732], [-50.98972575184397, -27.92782166388505]]]}}, {"type": "Feature", "properties": {"cod_imovel": "SC-4204178-85518A57C3B5443C87DC177924B3D182", "municipio": "Cerro Negro", "num_area": 16.4097, "mod_fiscal": 0.6837, "des_condic": "Aguardando analise", "ind_status": "AT", "dat_atuali": "20/12/2018"}, "geometry": {"type": "Polygon", "coordinates": [[[-51.00451401755694, -27.89792710995841], [-51.0039084994334, -27.89678212981684], [-51.00226652228572, -27.89762982685645], [-51.00147342525874, -27.89943237062731], [-51.00111380267072, -27.90066334407812], [-51.0014557600303, -27.90116140420147], [-51.0034776165927, -27.90072850857255], [-51.00583124068739, -27.90047197412073], [-51.00665371822835, -27.9000163483936], [-51.00733006606952, -27.89990131474658], [-51.00664429727909, -27.89884473694529], [-51.00451401755694, -27.89792710995841]]]}}, {"type": "Feature", "properties": {"cod_imovel": "SC-4204178-61A42449F89F4C15A3938AAF01936FEC", "municipio": "Cerro Negro", "num_area": 42.9795, "mod_fiscal": 1.7908, "des_condic": "Aguardando analise", "ind_status": "AT", "dat_atuali": "09/08/2019"}, "geometry": {"type": "Polygon", "coordinates": [[[-51.042394638061516, -27.88642540432811], [-51.04264691441499, -27.88696014581164], [-51.04237288131728, -27.8873472646027], [-51.04157924652099, -27.887525422763787], [-51.04195071082575, -27.8881432295817], [-51.04226589202881, -27.88953577240698], [-51.04290962219238, -27.890825411013427], [-51.04651451110839, -27.889725426106736], [-51.052308082580566, -27.887525422763787], [-51.05083103611307, -27.8865587328075], [-51.05074606449459, -27.88570951120797], [-51.05041980743408, -27.88494605156979], [-51.04651451110839, -27.88464259209554], [-51.04501247406006, -27.885135713309342], [-51.042394638061516, -27.88642540432811]]]}}, {"type": "Feature", "properties": {"cod_imovel": "SC-4204178-417F954F66434BF08276C43D7BA93BC6", "municipio": "Cerro Negro", "num_area": 21.1724, "mod_fiscal": 0.8822, "des_condic": "Aguardando analise", "ind_status": "AT", "dat_atuali": "05/08/2019"}, "geometry": {"type": "Polygon", "coordinates": [[[-51.03196024110559, -27.8997911067427], [-51.0326340865893, -27.89984764669282], [-51.03304988997054, -27.90021771907419], [-51.03288580576015, -27.89974163120755], [-51.03309410170521, -27.89963807142756], [-51.03270927155581, -27.89931133590418], [-51.03228383365307, -27.89851443211461], [-51.03227698507405, -27.89796819672513], [-51.03187075228514, -27.89663592459005], [-51.03210078910651, -27.89568310609524], [-51.03294050280452, -27.89543524373487], [-51.03217772111083, -27.89430009756042], [-51.03035382020402, -27.89396471873559], [-51.02694139469735, -27.89428276083832], [-51.02757404786771, -27.89486362177806], [-51.02791848812366, -27.89573359556184], [-51.02782775313035, -27.89634643271413], [-51.02859229615998, -27.8970787620946], [-51.02943989299602, -27.89748568299703], [-51.03011555251862, -27.89856345765992], [-51.03099512240603, -27.89928854820066], [-51.03196024110559, -27.8997911067427]]]}}, {"type": "Feature", "properties": {"cod_imovel": "SC-4213104-8CBE13B1BB004CC48D8B81264E8716DF", "municipio": "Piratuba", "num_area": 7872.1667, "mod_fiscal": 404.9856, "des_condic": "Aguardando analise", "ind_status": "PE", "dat_atuali": "13/06/2016"}, "geometry": {"type": "Polygon", "coordinates": [[[-51.43393604829236, -27.560348289602103], [-51.433764550322906, -27.560202587714308], [-51.43340952515063, -27.56022491705095], [-51.433202448270066, -27.560797243397158], [-51.429680507860155, -27.56084304547096], [-51.42984244683529, -27.56132206843963], [-51.43085837910278, -27.562315096718827], [-51.43100767913386, -27.56308324757713], [-51.43158619065035, -27.564491698968155], [-51.43882856332343, -27.56570756113054], [-51.438299291260066, -27.566495059990448], [-51.43095015068705, -27.56550064497827], [-51.42624079321971, -27.565327918546043], [-51.42604468306964, -27.565732535901976], [-51.42587871721719, -27.564271990040286], [-51.42616593816899, -27.563028518033118], [-51.426110008242965, -27.562104620630826], [-51.42585710966673, -27.5614037114375], [-51.42512115584881, -27.56026705676215], [-51.42487198046008, -27.560034787041115], [-51.42434868501426, -27.559923604560442], [-51.42510321288517, -27.56084366574731], [-51.425078010172555, -27.561194732797468], [-51.425251464593806, -27.561480038842983], [-51.424896254968175, -27.563260014685664], [-51.42452835273363, -27.563179332778436], [-51.42418243870418, -27.56342930266417], [-51.42321814906864, -27.564540307307748], [-51.420358757543326, -27.56486615212082], [-51.41827151513025, -27.565671382120467], [-51.41779254272018, -27.564616838297965], [-51.41727126777222, -27.564750842566266], [-51.417232860804944, -27.56414701819628], [-51.417009159465024, -27.564613470085476], [-51.41656190981356, -27.564855329460084], [-51.4161142312388, -27.565597485539044], [-51.41598270399176, -27.56724863003347], [-51.41472262271303, -27.569602658313666], [-51.414496810238425, -27.570531281139857], [-51.41395719863441, -27.570254473433224], [-51.412629500528226, -27.570091132637824], [-51.41233855445185, -27.570247496411135], [-51.41227929593678, -27.57045246171416], [-51.41133321782312, -27.5708237871206], [-51.409614375592376, -27.571046013687557], [-51.40888929696602, -27.570163163668994], [-51.40861697573926, -27.570077568723264], [-51.408387285246455, -27.57023334052749], [-51.40914091679452, -27.57178624615602], [-51.40965824978957, -27.571849233552015], [-51.41238260244469, -27.57154239082434], [-51.41357881173663, -27.57239080400817], [-51.41368916437318, -27.57349002554796], [-51.411755139635126, -27.58076299243855], [-51.4108051979272, -27.58242605134606], [-51.409677441675505, -27.582429382845113], [-51.40936056545024, -27.582925478172], [-51.410271065714824, -27.583833013595644], [-51.409540374644536, -27.58733042308972], [-51.40896109690473, -27.587594274178088], [-51.40875857063391, -27.58790800276317], [-51.40666287529944, -27.58764786513663], [-51.40508064239727, -27.58709516540171], [-51.40494969758557, -27.587262168126607], [-51.40656256139297, -27.5880628230738], [-51.40683321741753, -27.588463310005384], [-51.40737619040065, -27.588566658785584], [-51.407776288869435, -27.588864558642904], [-51.40788703856218, -27.58931935236401], [-51.40700079042384, -27.591405185534754], [-51.4060541206973, -27.59264544025368], [-51.40508051280052, -27.593090833007032], [-51.40107032490619, -27.59382782431108], [-51.400191690757715, -27.593277842726817], [-51.40032335684618, -27.59204907347433], [-51.39926299787246, -27.592678593520716], [-51.39660736556445, -27.59479806405339], [-51.39536973740061, -27.59429493051699], [-51.3950263867337, -27.59349845188396], [-51.389971862262726, -27.593738451341146], [-51.389963401559065, -27.595108367435405], [-51.38401839903713, -27.594531515337213], [-51.38274332653479, -27.594552249560742], [-51.38128270427906, -27.59492348349051], [-51.37852402852791, -27.596130224235385], [-51.37741273053052, -27.596965223966365], [-51.37663395632638, -27.597110783023663], [-51.376313689276294, -27.597622310403228], [-51.376053085014206, -27.59863286178668], [-51.37589243163262, -27.598736576614893], [-51.37502248133841, -27.59858974843161], [-51.37464273774089, -27.59865962635246], [-51.3745081944038, -27.598866548844004], [-51.374509207537656, -27.599164909248987], [-51.37558718827254, -27.59987921583621], [-51.37568500367945, -27.602122411430006], [-51.37533904540858, -27.60455041510365], [-51.37480189525166, -27.60673295586514], [-51.37446371700987, -27.610146392089682], [-51.37389266418556, -27.611060923455796], [-51.37224635950876, -27.611834206465026], [-51.371114082810465, -27.61223888035529], [-51.36856467376458, -27.612624366756446], [-51.36393721987282, -27.613761177313048], [-51.3630289549228, -27.6137463432805], [-51.362003806295945, -27.6134449206194], [-51.36000304391464, -27.612227986032458], [-51.35802036347675, -27.610615069933832], [-51.35627490405828, -27.6086457754849], [-51.35567880145635, -27.607551394630843], [-51.35502106301612, -27.605315353393017], [-51.35539767708902, -27.60226764110347], [-51.35497881072646, -27.60019738217666], [-51.3556664533064, -27.59973436235618], [-51.35639032071039, -27.59845562128518], [-51.35643477130912, -27.5981312187353], [-51.356297618409776, -27.597928889418796], [-51.35573624324978, -27.59812325161538], [-51.35578822661566, -27.598624616280766], [-51.35526114104547, -27.599639223828323], [-51.35468665231427, -27.599882747918066], [-51.35430777016399, -27.59982610331619], [-51.353209522622265, -27.598635269022065], [-51.35061349193158, -27.594948386920276], [-51.34993047236092, -27.594338871866395], [-51.34976068190619, -27.593829601801502], [-51.34898667144166, -27.593027731809197], [-51.34820430292912, -27.592650749769714], [-51.347598725222134, -27.592057446671706], [-51.345829201286385, -27.591581601516296], [-51.34407403669146, -27.591978145615574], [-51.34304313671334, -27.593029749090295], [-51.34273683402115, -27.593080943033662], [-51.34213357707513, -27.591719665034127], [-51.34234694070669, -27.593237876463686], [-51.339856861646695, -27.596026258574856], [-51.3382368025497, -27.598416302011163], [-51.337505738075855, -27.59907117998653], [-51.337204936654146, -27.59913610358899], [-51.33686411185497, -27.59897940708687], [-51.33704901120999, -27.599532956765316], [-51.33643624305052, -27.60035667454366], [-51.336390893818, -27.600675159999792], [-51.335952209706285, -27.600932328271995], [-51.335245784318545, -27.600610263838462], [-51.334267134084506, -27.60065987959598], [-51.33469196800659, -27.600897139267502], [-51.33446897433017, -27.601628573551125], [-51.33519390255848, -27.601946902134273], [-51.33435497051198, -27.60293304542399], [-51.33418461330351, -27.60333954365812], [-51.333889923994576, -27.603426186886445], [-51.33366068217772, -27.603851980230367], [-51.332964420883464, -27.60414984202714], [-51.33135540245346, -27.604034181667373], [-51.33043994182238, -27.60454280795093], [-51.32994646978344, -27.604505747653082], [-51.32924241414188, -27.60531273261981], [-51.33091921840195, -27.605215248334833], [-51.333314506944994, -27.604674452496052], [-51.33552534579129, -27.60338164374162], [-51.33633139051766, -27.602262132523567], [-51.33657818364359, -27.602406663169656], [-51.339754427019926, -27.598558566270256], [-51.34083852150039, -27.596661168398338], [-51.343833226870196, -27.593685355639046], [-51.34516551311948, -27.59326757471791], [-51.34787059566126, -27.59404635150857], [-51.348648447001494, -27.594837823256103], [-51.349939212109255, -27.59669379053145], [-51.35151274221039, -27.598284553065703], [-51.35165587239206, -27.598706559887614], [-51.35216691851795, -27.59917894902912], [-51.35270149962524, -27.60008153948541], [-51.35306782033352, -27.601016135652714], [-51.35324748251208, -27.601773573717583], [-51.35323297398867, -27.602776242647856], [-51.353056763794946, -27.603096428363873], [-51.352793078324304, -27.605157625524388], [-51.35352996888624, -27.608337329650702], [-51.3525587668475, -27.609476641759755], [-51.35255535181165, -27.60982809285713], [-51.35298057052093, -27.60986051472214], [-51.35394550321657, -27.609327483307815], [-51.354421380940884, -27.60998712058169], [-51.3562816606876, -27.611732631781187], [-51.3588421310715, -27.61376499435968], [-51.35807743074873, -27.62308765433882], [-51.35800472910899, -27.626511409924703], [-51.35884367283696, -27.626286503183383], [-51.35879158438059, -27.6210294973527], [-51.359296846324575, -27.615787938987808], [-51.35981037994972, -27.616621995318724], [-51.35983855666828, -27.617397767873616], [-51.36012387423712, -27.618401063500063], [-51.360509960944086, -27.61885643969669], [-51.3612708626156, -27.617792812847394], [-51.362005020534504, -27.61737139237661], [-51.36301596578202, -27.617125250815146], [-51.364067869958276, -27.6171063271249], [-51.363901069595855, -27.615873903896663], [-51.365818089037994, -27.615726706850804], [-51.36594735753564, -27.61546068094927], [-51.3671818241036, -27.61509915403147], [-51.36716708554018, -27.617757179572333], [-51.37049112615783, -27.616709022871024], [-51.37039766526434, -27.616472749600835], [-51.37128462970174, -27.616157032506603], [-51.37334753317264, -27.615814559617217], [-51.37397635546327, -27.613394472437594], [-51.375603786483154, -27.612444723271487], [-51.37599969757908, -27.612690001503125], [-51.37652031918669, -27.612697177946234], [-51.37651196915945, -27.61207793430374], [-51.378913656910214, -27.612929955155103], [-51.38208628072745, -27.613370013342944], [-51.38611129944725, -27.61359175694576], [-51.385988677477044, -27.615557368888275], [-51.38696092366825, -27.61575796259941], [-51.38752333226415, -27.615476252377224], [-51.387844316984065, -27.614491019543042], [-51.38755926538796, -27.613325254149963], [-51.38786663294292, -27.61231750246296], [-51.384158703793275, -27.612283369635435], [-51.3815975908258, -27.611902395952775], [-51.37860189359627, -27.611215673773405], [-51.3788438577582, -27.60914750814405], [-51.37868075814082, -27.60650081583297], [-51.37920154709621, -27.605688184760172], [-51.379349061418225, -27.604842846717368], [-51.37987610387675, -27.60392162968881], [-51.3801299108567, -27.601307666699977], [-51.380560082095975, -27.600153605827256], [-51.38113474637243, -27.59947386339218], [-51.38276885725773, -27.598309203054377], [-51.38343557735051, -27.598420505530648], [-51.3842813037277, -27.59901830172248], [-51.38520099984446, -27.598363646377553], [-51.38560605886925, -27.598287300262317], [-51.39012545933902, -27.598043711756667], [-51.390422417951086, -27.60011162789858], [-51.390365447074494, -27.60166530163662], [-51.390695787737634, -27.602027945598415], [-51.391096427736215, -27.60218218852471], [-51.392911441630275, -27.602203873169074], [-51.39304795128175, -27.602956306182804], [-51.39296547112082, -27.60354832493592], [-51.397187381621094, -27.599184367169276], [-51.39904503930756, -27.599010052784042], [-51.39903819789003, -27.59879419766764], [-51.40567907347554, -27.598569577370228], [-51.40556444090176, -27.59787192722503], [-51.413201710406106, -27.598314728858455], [-51.41218647533798, -27.597356188030357], [-51.41107500535897, -27.596601181167692], [-51.41332807167887, -27.589290996974462], [-51.411981367601484, -27.588992638176375], [-51.412370375729296, -27.587323894521376], [-51.41259721587989, -27.586940360316788], [-51.41248213908212, -27.586689450395827], [-51.413663613136684, -27.583060731779035], [-51.413951852146006, -27.582940228675913], [-51.414071597020225, -27.582646745638566], [-51.41384203130916, -27.582300463534253], [-51.414507143200204, -27.58063543151207], [-51.41494593828536, -27.58036986745352], [-51.41451019281382, -27.579660325867447], [-51.415743330418046, -27.575147208737555], [-51.41604925700549, -27.574762293383337], [-51.41607407880981, -27.574223821354398], [-51.41697917486508, -27.572133321962074], [-51.4172867972231, -27.571821324644766], [-51.41727892958271, -27.571516256497198], [-51.41932161870041, -27.568489097829158], [-51.4207213535595, -27.567635393204093], [-51.4224065258121, -27.567702066109952], [-51.423085247360575, -27.567891431733493], [-51.42442485978483, -27.568868424708583], [-51.42578814367849, -27.570754625065213], [-51.42588411227599, -27.571268799565246], [-51.426342072025456, -27.571650254670132], [-51.42689676303952, -27.573078532575526], [-51.42699799647127, -27.574144242363783], [-51.42208244699706, -27.575972230574873], [-51.422413485605006, -27.57717964724302], [-51.42726971345623, -27.57619872981175], [-51.42742302843223, -27.576887328481348], [-51.42730595988362, -27.577230104167246], [-51.42576256290693, -27.577652493680635], [-51.42597885224181, -27.578857368564368], [-51.42444615836563, -27.57993196601198], [-51.42533968998678, -27.5799514188091], [-51.427617336402065, -27.578039202704957], [-51.42767682741848, -27.578280395961198], [-51.428147576070245, -27.578488322388758], [-51.42979464614726, -27.58079235669722], [-51.43008365245701, -27.58087521375613], [-51.430818678620284, -27.58170445603463], [-51.43114813556922, -27.581829060321187], [-51.431913345774156, -27.58321708579772], [-51.43292545774271, -27.58307978900478], [-51.433255648846796, -27.583389831906135], [-51.433644949340824, -27.58336468888167], [-51.43558295901298, -27.584489254311222], [-51.43601235414771, -27.584416120358064], [-51.437586292383045, -27.585146977644488], [-51.43837487441674, -27.585916190667437], [-51.43871078099781, -27.585968968233548], [-51.439694222971944, -27.586773451847062], [-51.43982298027676, -27.58707215112402], [-51.43966532929218, -27.58794604720889], [-51.439894247466974, -27.58810684186694], [-51.440336822782776, -27.58796784904425], [-51.440746683570104, -27.588044316739623], [-51.44147337314852, -27.58843683113015], [-51.44288792552313, -27.589580902748015], [-51.443974479035994, -27.59096529542162], [-51.44436469574416, -27.591161458890202], [-51.44484164269335, -27.59172540170427], [-51.441528164376, -27.592509948275712], [-51.44214044674995, -27.59361421223586], [-51.440782510477625, -27.593959905379844], [-51.44186414280888, -27.59784388895495], [-51.443917464112005, -27.600271773661202], [-51.44339206635734, -27.600267758228267], [-51.44224829833654, -27.600652864614837], [-51.441898109992344, -27.600186512897356], [-51.44041984125779, -27.600768721651345], [-51.44096075501481, -27.601994650363885], [-51.4415730365484, -27.603231218930723], [-51.442083880396474, -27.60320467016722], [-51.443026533129064, -27.602736935047346], [-51.44384146004372, -27.60293859417901], [-51.44461392341782, -27.603868909440116], [-51.44671985898968, -27.603017456659853], [-51.4475977913278, -27.603586863608363], [-51.44836210434527, -27.604887510962282], [-51.44920291489039, -27.605197512953495], [-51.448677454262295, -27.605268659621892], [-51.4495918759378, -27.605737973264073], [-51.450787942062114, -27.60676597958688], [-51.45101857807327, -27.60756038845467], [-51.45080375423725, -27.60827659534649], [-51.44952799840505, -27.61030493810693], [-51.448593641563605, -27.611309969903246], [-51.44960526941869, -27.612625203549527], [-51.445789440364685, -27.615646443562884], [-51.4445697354937, -27.614721861640707], [-51.44399406952608, -27.61505450297115], [-51.44147402570446, -27.617816900532436], [-51.441811311599174, -27.6181750883421], [-51.44169126230679, -27.61850450013624], [-51.44210726148835, -27.61945069392479], [-51.44131385148866, -27.62054878718409], [-51.44100878422976, -27.62073926090791], [-51.440857435054774, -27.621130592666653], [-51.43986426129928, -27.622158248441888], [-51.43933874540601, -27.622088849800292], [-51.43833958217869, -27.621618251384284], [-51.436637147603676, -27.621517023965808], [-51.43636557094273, -27.621772523797947], [-51.43665956021756, -27.62213876203282], [-51.438038134017646, -27.622720693823528], [-51.43810582326217, -27.623022500662316], [-51.43874580830831, -27.62345278292156], [-51.4372705904855, -27.625550156094743], [-51.432870132352996, -27.625901110963493], [-51.43144098689927, -27.626618112771208], [-51.43111393540432, -27.626684062640297], [-51.430909272802964, -27.626517116649342], [-51.430658420906894, -27.628041577766272], [-51.42943073031131, -27.63092205730522], [-51.42920427523717, -27.631300664920563], [-51.428661534926995, -27.631230977098628], [-51.429027951453065, -27.633015175221253], [-51.42910712705983, -27.634941880842543], [-51.4281491937812, -27.635388198102017], [-51.427877076016834, -27.63532395677411], [-51.42761841815649, -27.634983898255957], [-51.42759419206395, -27.635672931898096], [-51.42908728470796, -27.635837380131644], [-51.429607967213684, -27.63575981702683], [-51.430195847388205, -27.635199123215276], [-51.433091578900004, -27.634909824126318], [-51.433135372613826, -27.635150038907927], [-51.43362875019112, -27.635134178527586], [-51.434352236627134, -27.637805721823295], [-51.43434666252824, -27.638232398247535], [-51.434572474035726, -27.638432091406873], [-51.43465648359104, -27.639485546475065], [-51.43488332065581, -27.6399438175685], [-51.435113279707345, -27.641190751025896], [-51.43438994312089, -27.64183947197179], [-51.43442012759443, -27.642130280638685], [-51.4347910759033, -27.64231659006169], [-51.43511755083536, -27.642270314215505], [-51.435445970762984, -27.642715336007093], [-51.43555481609608, -27.64453799084489], [-51.43587039160339, -27.645403245565706], [-51.43559634904588, -27.647692549065773], [-51.434754548687266, -27.647766299805028], [-51.4345738063358, -27.64795433826423], [-51.434632877991476, -27.64820626984936], [-51.43532505043062, -27.648844086247912], [-51.4353153698828, -27.65006591113153], [-51.434972157202225, -27.651392214598683], [-51.43456066131969, -27.651975313353912], [-51.43400261565517, -27.6524079182621], [-51.4318305127738, -27.64911382584398], [-51.42945909733897, -27.649152922655343], [-51.42752787051288, -27.64546422601396], [-51.42606959628805, -27.645446381168224], [-51.42594386953974, -27.64647620834127], [-51.42669286582165, -27.64713927055602], [-51.4270589059293, -27.64897441993451], [-51.426570900889125, -27.649040688104463], [-51.425730033048985, -27.651132793833025], [-51.42576922545523, -27.65325668225801], [-51.425436370862634, -27.65389012326264], [-51.42346190152411, -27.653867448026368], [-51.42319083809169, -27.653679598705512], [-51.42239727862593, -27.653783504528782], [-51.423208267384204, -27.650162819489278], [-51.4228403786879, -27.650068043424554], [-51.42222132826671, -27.649080914126348], [-51.42077750277144, -27.65336600311296], [-51.41937061902475, -27.652641016424607], [-51.419232238347526, -27.652267445290978], [-51.41854734977931, -27.652236993577713], [-51.41770691481804, -27.651709462834255], [-51.41761227022293, -27.651239797348506], [-51.41695125781441, -27.651129548301494], [-51.41675296058108, -27.650957824459297], [-51.416904727664935, -27.650219318000097], [-51.41838452645078, -27.648436489064107], [-51.41752041205798, -27.647889876016098], [-51.417056601854945, -27.648224601448188], [-51.416708675961395, -27.647970705731673], [-51.41510318245962, -27.6495117546244], [-51.414627165891794, -27.649115478879366], [-51.414546624575834, -27.648625193974333], [-51.41410797441661, -27.64856644131022], [-51.4136678548014, -27.648117272233677], [-51.41287125259054, -27.646508564095672], [-51.41267998043688, -27.64528911026981], [-51.41820827674747, -27.640156334330225], [-51.4183677856982, -27.63982468542465], [-51.41822866365432, -27.639642734275878], [-51.41725862323948, -27.639415658431634], [-51.41676105519814, -27.63913509254963], [-51.416942305886025, -27.637659752024703], [-51.413073914243014, -27.63720565613202], [-51.41087355753886, -27.632996802732272], [-51.41152823323019, -27.632104647645164], [-51.41011981781595, -27.631090984488548], [-51.40925212146085, -27.629422252315045], [-51.4106239489076, -27.628536854037744], [-51.40910243510266, -27.626458083336345], [-51.40799583040941, -27.626984791910985], [-51.407875332684824, -27.625814965382347], [-51.40600151183225, -27.62465205472995], [-51.40469754936278, -27.626534824556174], [-51.40636452738188, -27.627955692620187], [-51.40435436002012, -27.629442374545807], [-51.40198300638441, -27.628116060823874], [-51.4018246869661, -27.627703858102613], [-51.40114770263064, -27.627750258790698], [-51.395977291827315, -27.62460096437126], [-51.39540221574928, -27.6239956800768], [-51.394518048909426, -27.623902967978573], [-51.39447398666528, -27.62354122195669], [-51.39420974458376, -27.62339595503983], [-51.39382503537498, -27.623447836397713], [-51.39361191157207, -27.6236452488935], [-51.3932413317616, -27.62350442006669], [-51.39477187070064, -27.616866061161293], [-51.3932267847789, -27.616982860151477], [-51.39177077007636, -27.621573457064915], [-51.38860191806903, -27.621515894572195], [-51.38856977004148, -27.622012330587104], [-51.386497419028906, -27.62175014710909], [-51.386325825279584, -27.62154916704832], [-51.385873478589446, -27.621550425873806], [-51.38550302623808, -27.621839982898717], [-51.385395628980824, -27.619325675256015], [-51.38571271478851, -27.61769320817997], [-51.384193098565, -27.617810425420107], [-51.38259166640761, -27.618157704552733], [-51.38294650830179, -27.622399360744385], [-51.380172011354325, -27.623925465293844], [-51.3791455042928, -27.62487207275547], [-51.37848792861819, -27.620177198032856], [-51.37798185596533, -27.620533930641983], [-51.3769211515749, -27.62059790297326], [-51.37422061768193, -27.621775914843237], [-51.37275064191502, -27.622695355655527], [-51.374599675033714, -27.629260494143498], [-51.3722974321896, -27.630980713096097], [-51.37160435303731, -27.628133429845867], [-51.36906566415876, -27.629800028474264], [-51.36853762687562, -27.628288855276264], [-51.36731949293099, -27.625840712078777], [-51.36572560087229, -27.6263345033761], [-51.36892964268723, -27.630893899775664], [-51.36998371128006, -27.632646175335793], [-51.36935686106837, -27.63265619659327], [-51.36906399898284, -27.632942839136888], [-51.36844928783127, -27.632581339866753], [-51.36728080032186, -27.6323832833857], [-51.36544318929491, -27.628928762617505], [-51.36402480288095, -27.626668813986246], [-51.363000791954065, -27.62725551787467], [-51.36226503931227, -27.627230003367668], [-51.366625945191316, -27.63282297530013], [-51.36928811422317, -27.634258439779288], [-51.36885472902134, -27.635424083606743], [-51.36014010100187, -27.62779788772422], [-51.35931303391476, -27.628237622263235], [-51.358862863209076, -27.62822303517188], [-51.358642141708394, -27.628497755938735], [-51.36834334776467, -27.63689293317438], [-51.36800715718452, -27.640206547534873], [-51.36692696274717, -27.640818605431036], [-51.364169723047176, -27.640644023804487], [-51.363894421190125, -27.64075385571781], [-51.36386654832678, -27.641053837744696], [-51.364172517570516, -27.64135022884081], [-51.36672931758699, -27.64242481768787], [-51.3685088643196, -27.642125191777247], [-51.37004737029982, -27.64578820242592], [-51.3700439376247, -27.646194242904357], [-51.370390332930725, -27.646441211040287], [-51.371229424655375, -27.648014653174997], [-51.37155015981335, -27.64950305088571], [-51.37074120176589, -27.649991504148886], [-51.369985197156325, -27.651004089272682], [-51.370165100269816, -27.651216359984172], [-51.37044675638877, -27.651238403403525], [-51.37117101492814, -27.650932536191824], [-51.371964530389484, -27.65092281097716], [-51.372566843021104, -27.652402850357515], [-51.372150071241165, -27.652799078969405], [-51.371659840870144, -27.654183273531668], [-51.372138356129966, -27.654379543518893], [-51.37315187231586, -27.653814549736705], [-51.37415428679319, -27.655004771065926], [-51.375667370350826, -27.65829831273699], [-51.375886965593466, -27.660128892264257], [-51.37577740941637, -27.660531895669514], [-51.37597464007517, -27.660812494776728], [-51.37536639591813, -27.662217758198395], [-51.37044481072394, -27.658856099730027], [-51.369816884864086, -27.65941820300181], [-51.36896152157138, -27.659528972039404], [-51.36759899070762, -27.65834207604601], [-51.36600489525444, -27.658566455767147], [-51.366371073966135, -27.65920963026583], [-51.37168764013146, -27.664078601506503], [-51.370994214394365, -27.664854685904025], [-51.37317235046404, -27.66686566849451], [-51.37177749842538, -27.668407837206548], [-51.3714974299654, -27.668422219062663], [-51.37131874415607, -27.66866569626654], [-51.37134305263064, -27.668943067119024], [-51.37042472466015, -27.669918364823296], [-51.368333516099106, -27.671514426131804], [-51.35965718049738, -27.663040520196816], [-51.35826102674919, -27.663090134531046], [-51.36716388678942, -27.67214595541474], [-51.366930379757065, -27.67260312053884], [-51.364824822520994, -27.674314916414694], [-51.36430335690584, -27.67446887771941], [-51.3642499706172, -27.674815814948804], [-51.36351923271639, -27.675296311494993], [-51.36344975918045, -27.675490700381644], [-51.36254138684947, -27.67599778805122], [-51.360171143447815, -27.67350097041185], [-51.35630598869518, -27.674877119611015], [-51.358163279891855, -27.67725519877581], [-51.35788595205246, -27.677516599617007], [-51.35686711971042, -27.677896591917055], [-51.35265085142897, -27.672213498358605], [-51.35187539398161, -27.672367866848372], [-51.355163873387355, -27.678353226898174], [-51.35367426679726, -27.678512316924], [-51.35324659320634, -27.678770037021177], [-51.35074556221, -27.678734775516013], [-51.34926389200822, -27.67830155539449], [-51.34769275505416, -27.677499542433058], [-51.34847128495864, -27.672938588028863], [-51.34777468725201, -27.67267743089112], [-51.346671836983994, -27.673318493892868], [-51.34082034708065, -27.672392311188336], [-51.34345494666776, -27.668583519548047], [-51.34235113566698, -27.66741925227002], [-51.340106423915515, -27.67064133703252], [-51.33916851053769, -27.670221627965443], [-51.33894895391965, -27.669766365981864], [-51.338938724227305, -27.66914667333478], [-51.338440910979735, -27.668398496481483], [-51.33831124293531, -27.66783438055309], [-51.33712223519743, -27.66741862646893], [-51.33699657474295, -27.667096999097435], [-51.33669183705468, -27.666917507369376], [-51.33662317510538, -27.667223844898437], [-51.334360929533794, -27.666724287710952], [-51.333768274727326, -27.66874614826199], [-51.330429806944345, -27.667931924059882], [-51.33030404983391, -27.667518227715167], [-51.32979540202648, -27.66766355822653], [-51.32892864413274, -27.665794287724], [-51.32849704162327, -27.665863964856552], [-51.3283281830244, -27.66612525051896], [-51.328330069215575, -27.66675640149793], [-51.32566757064508, -27.667133543914026], [-51.32555237463427, -27.669976559457965], [-51.324608497409216, -27.670321918945902], [-51.320386524397925, -27.67112558318697], [-51.31899079392151, -27.669189252397846], [-51.31828550244269, -27.66930727838013], [-51.316400952748225, -27.668737336802497], [-51.31518294886548, -27.667219462672357], [-51.31441498412862, -27.66798656079288], [-51.315238196221486, -27.668554805975248], [-51.316053915303314, -27.669691107463326], [-51.317388583602714, -27.67112247571207], [-51.317496479198624, -27.671428004930167], [-51.31453141356271, -27.673530711187112], [-51.31313240275881, -27.675099194156708], [-51.31261056175458, -27.67599287705923], [-51.31154593521498, -27.67584423608763], [-51.31118058200984, -27.676069064560615], [-51.31110664470189, -27.676588492601486], [-51.311636151094525, -27.677431988615222], [-51.31152207559318, -27.678098609768263], [-51.311665236907935, -27.679839639454887], [-51.311374719447514, -27.6807327958245], [-51.31066720477314, -27.681434656285795], [-51.30995774389539, -27.681449975502865], [-51.309141281252224, -27.68180880225301], [-51.30682722772495, -27.681649175848598], [-51.30622465869202, -27.68127977634587], [-51.30573097987314, -27.681239674434988], [-51.305485671552894, -27.681433823249673], [-51.30569044800111, -27.682067581366134], [-51.307617579521064, -27.682506981740282], [-51.30719110065773, -27.68382809281607], [-51.3072974189869, -27.684473784419755], [-51.30655329359733, -27.685436550398855], [-51.306322204245326, -27.686310535813742], [-51.30578754859321, -27.68730632760057], [-51.30482393910447, -27.687610998102297], [-51.30467319402191, -27.68810467995843], [-51.3049753322099, -27.68920413403431], [-51.308070945575125, -27.68961174762212], [-51.3081573611064, -27.686005840863988], [-51.30754158840886, -27.684405788983465], [-51.30806311724544, -27.683947087938318], [-51.30860375207871, -27.682968357686672], [-51.3090281533339, -27.682967411644], [-51.3098029140585, -27.684578255351457], [-51.311506721433744, -27.683100105345826], [-51.31161628985767, -27.683425183324324], [-51.311527472143624, -27.684538958076764], [-51.311865855292815, -27.687092868577203], [-51.311673776523975, -27.691212514540652], [-51.311470746132606, -27.691477508654884], [-51.31159901121689, -27.691794665752067], [-51.311220648274976, -27.693110640823406], [-51.31020658800752, -27.69483618232708], [-51.30947869025792, -27.695669211330888], [-51.30906477455197, -27.695788975242312], [-51.30831747837423, -27.695275812805868], [-51.30770453747657, -27.69636416566059], [-51.30707143096578, -27.696918086509168], [-51.30575661493278, -27.697614022511615], [-51.30331251985379, -27.698219305917224], [-51.30216832924476, -27.698669832652467], [-51.30029006747414, -27.696102194941844], [-51.29889912010053, -27.697801860960954], [-51.29771216260845, -27.699919210376958], [-51.29680092220376, -27.702216481116483], [-51.295618325490935, -27.70462799342967], [-51.29831599604891, -27.703965049725298], [-51.29909596703391, -27.704298971425768], [-51.299219543587625, -27.70451931043775], [-51.30086815933387, -27.704278718026465], [-51.30115563576324, -27.70441067441523], [-51.30219465534473, -27.706328156656397], [-51.304238420513855, -27.708517675825714], [-51.30590145175577, -27.709602161025124], [-51.307107657407535, -27.71082918828773], [-51.30858409915126, -27.71308396977885], [-51.30896545309937, -27.71398334219671], [-51.30913930789519, -27.71570806804182], [-51.30876021965382, -27.716997588708306], [-51.307055941220526, -27.718983049123636], [-51.3040125879833, -27.720877071538577], [-51.303379673194414, -27.720626035272414], [-51.30294715434315, -27.71938187635704], [-51.30190322612252, -27.71969884920212], [-51.30212791467, -27.721719103155255], [-51.299868336497944, -27.722549297763923], [-51.298609352784254, -27.722646384243642], [-51.29610657929286, -27.72356002549663], [-51.2956373303269, -27.7215911556744], [-51.29604632561321, -27.720882542495776], [-51.295726678113994, -27.720317034939928], [-51.29482417201525, -27.719882520229532], [-51.29417850000943, -27.71999483143315], [-51.29408037646964, -27.71921267771787], [-51.29327824329781, -27.718177395640794], [-51.29318988475002, -27.71823164279353], [-51.293720423778545, -27.719013395860827], [-51.2940425551158, -27.72005746758461], [-51.29381825764669, -27.72042725923657], [-51.29473440069395, -27.72100329869969], [-51.29431233163885, -27.721782710370427], [-51.29435573923915, -27.723139117711217], [-51.29385270553321, -27.723387894743727], [-51.293854350103395, -27.724001264638627], [-51.293178672662314, -27.724132450263404], [-51.29083156717664, -27.723795327880705], [-51.28573687756873, -27.722024796055965], [-51.28147962167391, -27.721113458139442], [-51.280173023428866, -27.72107636061828], [-51.281182319751935, -27.716832828047878], [-51.27925817361375, -27.71672276048904], [-51.278881668859285, -27.721259232624746], [-51.27671028784503, -27.722102114977673], [-51.274499518460665, -27.723238900707084], [-51.273928390192374, -27.722780001047685], [-51.273052635021884, -27.722416065817423], [-51.27278041808649, -27.72265002659594], [-51.27251067632696, -27.722282169484107], [-51.27097368790586, -27.721625147424728], [-51.26906978422472, -27.721124864976716], [-51.2686566420291, -27.720603626310023], [-51.265531324981076, -27.72439492048686], [-51.264771634529836, -27.724251647197107], [-51.263790016783695, -27.72771900668479], [-51.263961444545764, -27.727776659568036], [-51.26521173989, -27.72733187613625], [-51.26796637682647, -27.727194636780958], [-51.26843831139322, -27.72697481735088], [-51.270785952036555, -27.726904942577953], [-51.27181744547911, -27.72711281207467], [-51.27202832906603, -27.727825696983764], [-51.271498567283, -27.732116020417823], [-51.27152566654618, -27.734327926969993], [-51.2717445539888, -27.73542386246809], [-51.2703196842891, -27.736176795424942], [-51.2696055136122, -27.73585120338761], [-51.26908712909341, -27.736025322807983], [-51.26876400547883, -27.7364875773723], [-51.268593142426084, -27.73733422364026], [-51.26893987071303, -27.737679770606015], [-51.26937136812954, -27.737332711579818], [-51.26965087887243, -27.736716664566963], [-51.27065278202552, -27.737254832299435], [-51.27079567818294, -27.737666178919458], [-51.27087362296126, -27.744985236022025], [-51.273484574606044, -27.745268496298934], [-51.27368021991161, -27.745680998916495], [-51.27347899907644, -27.74611478261057], [-51.27337652197541, -27.748365410317543], [-51.27232084988269, -27.749848541984868], [-51.27009315898139, -27.751090559676847], [-51.26873573194682, -27.75139430563598], [-51.26475781161503, -27.751478914940318], [-51.26350425949812, -27.751654418795123], [-51.261948847451194, -27.75217670232833], [-51.26158116323979, -27.752119694901477], [-51.25866378740679, -27.75270221314882], [-51.2582320594874, -27.75299153649491], [-51.257561914233044, -27.75303125529115], [-51.2541486915802, -27.754249337486584], [-51.25223769870406, -27.753680274128698], [-51.25159064318138, -27.753265440588276], [-51.25213809970319, -27.753844780089246], [-51.252051346765626, -27.754195471539198], [-51.252788271767564, -27.754982737048245], [-51.24981489479543, -27.756400431746332], [-51.24435200944734, -27.75336877690877], [-51.24139641903209, -27.754671634015], [-51.24626131772079, -27.75822690290323], [-51.24466027872457, -27.76037130726527], [-51.24449564368607, -27.760248292755403], [-51.24262454134877, -27.762755363367397], [-51.24217082828977, -27.7625868052815], [-51.24207748362342, -27.762143394012046], [-51.241904236162284, -27.76203335871666], [-51.23936979874302, -27.766109732288715], [-51.23846990689658, -27.76576481409725], [-51.23705488870186, -27.768024017072687], [-51.2365127995128, -27.76786187709598], [-51.23587545260108, -27.768131862571288], [-51.23332063608797, -27.766762212163748], [-51.231678868654484, -27.76918407003772], [-51.233923684372215, -27.770280795172145], [-51.23454642200064, -27.76900559348336], [-51.24349377290635, -27.77203834616987], [-51.242194796562586, -27.774344805123988], [-51.24087111910547, -27.77629272663321], [-51.24063852581092, -27.777004725258543], [-51.238534111903526, -27.778396848851923], [-51.23757851046923, -27.778658833674896], [-51.23527567414249, -27.7785586372557], [-51.2343190229151, -27.778334634191747], [-51.23322496500713, -27.77772902731579], [-51.23136754704577, -27.77601390947174], [-51.227707882975544, -27.770882619660732], [-51.22647043403562, -27.769785981352666], [-51.22897994131179, -27.7625025626813], [-51.224527752841624, -27.760058074857664], [-51.22209716229894, -27.761897088756182], [-51.22196544801838, -27.76466952948457], [-51.2182071629366, -27.76480389549298], [-51.21752172428202, -27.763939716427355], [-51.21705223890029, -27.764980834619013], [-51.21602975098797, -27.76465459978678], [-51.21589743832111, -27.765054083191696], [-51.215341547978035, -27.765291527451247], [-51.21518263425175, -27.765779722156694], [-51.21492762533638, -27.766021355276962], [-51.2147870784733, -27.766888681459587], [-51.21397273162517, -27.76756839557648], [-51.21639523884962, -27.770315695740074], [-51.21360292094719, -27.772786436562395], [-51.21292478108009, -27.773011029481964], [-51.20681545287416, -27.766751827454005], [-51.20544956535472, -27.76931827465435], [-51.20653170887929, -27.77067386016774], [-51.208135572151456, -27.77170887801385], [-51.20937823967576, -27.773064494875452], [-51.21185293922738, -27.775001933963306], [-51.21200865952406, -27.774876577792476], [-51.21255035810696, -27.77529450871471], [-51.219200750626165, -27.77014988318785], [-51.222313567545214, -27.76994197005964], [-51.226006228739536, -27.770950947264744], [-51.23098066484267, -27.77763620811087], [-51.23323136041057, -27.77896371888692], [-51.23556597691408, -27.77962937718381], [-51.24023138499719, -27.778767235592305], [-51.24281394473702, -27.776405920664345], [-51.24592673384337, -27.770214635038144], [-51.24525330135151, -27.761607803964083], [-51.246323829909265, -27.760053350597445], [-51.256840597806125, -27.754665837324445], [-51.26016204868596, -27.75356700953793], [-51.26389273439057, -27.753034462644763], [-51.26632688597227, -27.753069816121958], [-51.269650443650406, -27.752510479150843], [-51.274094588105214, -27.749626542127203], [-51.27445312855638, -27.740156523453624], [-51.273064549030465, -27.736143453723024], [-51.2727860486601, -27.73070177104657], [-51.27350701525697, -27.727047276294204], [-51.27528848175307, -27.724596318627324], [-51.280648165330774, -27.722673685145864], [-51.293923430311985, -27.725351562753662], [-51.30261718373038, -27.722957800349494], [-51.30881610195984, -27.719865955196386], [-51.310231350901006, -27.716621539219013], [-51.31006730475663, -27.71385015307048], [-51.30306342508999, -27.705318580059238], [-51.30195332714848, -27.702692156353255], [-51.302258500868554, -27.701721311557577], [-51.30664542874472, -27.699775793393723], [-51.31211954066708, -27.694948257893525], [-51.312893918873485, -27.69246106418149], [-51.313035006795566, -27.680150994729324], [-51.31442355057526, -27.676454535712054], [-51.31900502226718, -27.67293354163889], [-51.328816492266405, -27.670843044605295], [-51.33487047101642, -27.672113320800275], [-51.342507571693204, -27.675529365511675], [-51.348450937059226, -27.679763671705476], [-51.35167438529494, -27.680482732691292], [-51.35809075372686, -27.679715952443814], [-51.36670057321109, -27.675201211657694], [-51.37467713028417, -27.666885114774914], [-51.37728637505138, -27.66062898094483], [-51.376454747246285, -27.65691917860642], [-51.37128573949646, -27.645734468089113], [-51.369813229686685, -27.64034428836595], [-51.37017561298666, -27.636920584877213], [-51.371815932237354, -27.633967993377887], [-51.38034180977274, -27.625571785564972], [-51.38600667209419, -27.623784573195667], [-51.391423589690504, -27.624719157267783], [-51.39800782197781, -27.627391337425543], [-51.403123388429016, -27.630996219536907], [-51.407174649060714, -27.63529156803904], [-51.40989839072205, -27.64093732871192], [-51.41136708708269, -27.646602167531864], [-51.414895734097264, -27.651772993850617], [-51.41942382904894, -27.654630194939077], [-51.42701132977018, -27.656234252587456], [-51.431039681465336, -27.656083556752723], [-51.435590639960175, -27.653582997706824], [-51.43747891084917, -27.649417327573328], [-51.43756661815475, -27.64262905099865], [-51.435510438876214, -27.63375222861647], [-51.436647208703306, -27.6296437818816], [-51.44328860543294, -27.620114612175325], [-51.45731529975047, -27.607321931054237], [-51.46175944705212, -27.605078865328828], [-51.47150606381949, -27.602423791483783], [-51.47703740053389, -27.598462194961563], [-51.477895707694636, -27.597045027085084], [-51.47820467051636, -27.590527594083483], [-51.47689618317469, -27.582781830415723], [-51.476922849441365, -27.574805271892995], [-51.47803672749462, -27.569951049443965], [-51.48050865504299, -27.566498727910933], [-51.48631464852743, -27.561751300144167], [-51.494619293288785, -27.558026205480893], [-51.503400786798316, -27.55599484027297], [-51.510255851892005, -27.555918520952826], [-51.5262052516529, -27.561077857632064], [-51.53201127165675, -27.56208682711093], [-51.537927913180766, -27.561888440499715], [-51.54514918183373, -27.55959195866245], [-51.547594422227796, -27.55959957911452], [-51.55231706402061, -27.561567952095093], [-51.55509419868508, -27.564385105157655], [-51.55617763132012, -27.575209340466568], [-51.55787139492295, -27.580525132460426], [-51.55975969574709, -27.58283683971104], [-51.56265126500435, -27.584086146577825], [-51.5703150511313, -27.58375996074623], [-51.57528943488537, -27.579228067162212], [-51.5804545627302, -27.57636510844495], [-51.585314499397434, -27.570696431743535], [-51.58720275592712, -27.56342749516054], [-51.57951217238053, -27.543322094972886], [-51.57781455956121, -27.530519934814095], [-51.57873007152345, -27.525610399826313], [-51.58031317456958, -27.523685872882513], [-51.58517694766876, -27.522713104033667], [-51.59483966992208, -27.52649916817869], [-51.602816295866994, -27.533157715029628], [-51.607756407294055, -27.54167212934989], [-51.6152599963906, -27.546022778422532], [-51.622843677061496, -27.546541551132208], [-51.62903878224414, -27.543884582976712], [-51.63187309943503, -27.53839901979449], [-51.631506853335104, -27.53141238002228], [-51.62906539739403, -27.524837736519984], [-51.62326314551037, -27.513702619670664], [-51.619677245831575, -27.501590928931993], [-51.61984126490066, -27.498506735385487], [-51.62192408920015, -27.494836976839245], [-51.63225815943129, -27.489080541753022], [-51.63889960642727, -27.49048242330261], [-51.644423353950515, -27.495287030157414], [-51.646620662683894, -27.50086412794516], [-51.64609046338905, -27.511234418680246], [-51.64667794988151, -27.515236047178696], [-51.64917661369999, -27.518989712522178], [-51.65414721105694, -27.5206052239143], [-51.66251289896446, -27.5185605087361], [-51.66806712800869, -27.515495368986343], [-51.67525785433819, -27.50792505089141], [-51.67706601009125, -27.502492897418094], [-51.67656626918116, -27.499975190742106], [-51.67417823124244, -27.495952587947563], [-51.67345340980082, -27.49091526622482], [-51.674536777503754, -27.487684202993172], [-51.67737110504712, -27.484439781857862], [-51.680396173568624, -27.482194814009894], [-51.687373299167916, -27.47982966831472], [-51.69140164913192, -27.479349000104214], [-51.700068713511754, -27.480138613271336], [-51.70567637833389, -27.483499352096263], [-51.70809111433429, -27.486434762475383], [-51.714374029289694, -27.49919685123076], [-51.71581604112752, -27.508916726616903], [-51.7183719231998, -27.51209818523868], [-51.721900553043554, -27.513606890022736], [-51.72587168310112, -27.513347475172456], [-51.73053708346896, -27.51090604374883], [-51.745372490130364, -27.49612017397161], [-51.749065124316125, -27.491365124609445], [-51.752956135876445, -27.489112524170437], [-51.76226025182513, -27.488204589077238], [-51.773982918664395, -27.490272118763798], [-51.778732265560635, -27.492717330318506], [-51.78295517324918, -27.493684343748036], [-51.798984649195624, -27.4918379653193], [-51.80195633284742, -27.49422405538746], [-51.80348605860258, -27.498569004235655], [-51.80217763638693, -27.504903334671518], [-51.79923650243654, -27.50941614717588], [-51.78987519160385, -27.515943150055033], [-51.78545395236054, -27.52238811851575], [-51.7849542398092, -27.52600637259682], [-51.78617877930565, -27.528600370755633], [-51.794563560846356, -27.530917776118276], [-51.797123241567625, -27.530624034049662], [-51.80517611248698, -27.52660520766783], [-51.80976139815623, -27.523007919473237], [-51.813949209874664, -27.518283105025994], [-51.812760493146556, -27.517852068905057], [-51.80947089499903, -27.51408156046399], [-51.810420969326664, -27.511749706506084], [-51.8083796959583, -27.50918655728864], [-51.80970191731886, -27.50621721757171], [-51.808937339667565, -27.505336010149094], [-51.80961815643761, -27.504518348640758], [-51.810061975706105, -27.50429538777884], [-51.81099363177754, -27.50419796353177], [-51.81156104717491, -27.503967397639688], [-51.812044813613326, -27.503549554554766], [-51.810826249903386, -27.502283567972743], [-51.81079031389775, -27.50247250383834], [-51.810005929028954, -27.50268946439186], [-51.811002116775605, -27.49658715896463], [-51.81065355407318, -27.496767488086572], [-51.81027482522246, -27.494855430964886], [-51.80963750976347, -27.495092904886032], [-51.8076304879929, -27.49127951240649], [-51.80578901777286, -27.489030247156272], [-51.80477010450579, -27.490013007255996], [-51.80306443903947, -27.488832018611074], [-51.80566020833181, -27.484633037785876], [-51.80784017276454, -27.48184236683822], [-51.806371232448306, -27.48154353490426], [-51.805963471393305, -27.48121806418232], [-51.80453932419053, -27.483225100812422], [-51.80352705019196, -27.48525008133318], [-51.802018542743234, -27.482720841030545], [-51.80246886488841, -27.48103739552055], [-51.80003456803432, -27.48023933115485], [-51.798082720821974, -27.480338464888803], [-51.797875105345014, -27.47887856606592], [-51.79797418138389, -27.47810615115044], [-51.79382267096285, -27.47805556273303], [-51.793853511914065, -27.478216974210948], [-51.79193540191193, -27.47916880203371], [-51.79138728703028, -27.484501414953375], [-51.78934541794034, -27.48458207985708], [-51.78932892592607, -27.484897730571454], [-51.788395604365384, -27.484804993351833], [-51.78833995399299, -27.483995992552234], [-51.78786130617748, -27.48385158713456], [-51.78775051078597, -27.48305681207964], [-51.78575856937802, -27.483649859950145], [-51.785790889713944, -27.48171913332026], [-51.787316655222405, -27.48120045867483], [-51.787113624832976, -27.47944448209652], [-51.78923567890902, -27.479098125990703], [-51.7893478791772, -27.478623007188084], [-51.78711293799564, -27.477049516508334], [-51.785914880888484, -27.47801922800578], [-51.785451775492284, -27.477608072934373], [-51.7842192909116, -27.478296942176186], [-51.78371825221169, -27.477902783371956], [-51.78276109854663, -27.47861198040407], [-51.78318645201474, -27.478856517094346], [-51.78177552754315, -27.479514421369096], [-51.78009983416227, -27.478631132287312], [-51.777974420445744, -27.48356571637078], [-51.77697119483416, -27.48303907771188], [-51.77616626883075, -27.485343733438313], [-51.77335523504236, -27.48434023074823], [-51.77327454106766, -27.48419587892125], [-51.773960335282915, -27.482919481296765], [-51.77223942796278, -27.482091372724728], [-51.77231852374156, -27.481923428663347], [-51.76982937527235, -27.480768119427903], [-51.76927142364279, -27.48137773383122], [-51.769438117157215, -27.481878210048194], [-51.76891922180057, -27.48223690708832], [-51.76860959748802, -27.482699580295005], [-51.76794392644433, -27.484122534784454], [-51.76648188358311, -27.483815196454195], [-51.76536983314262, -27.4826438026343], [-51.76464976780671, -27.48347257252964], [-51.76418794061261, -27.48352721904048], [-51.75885795213352, -27.479628889992927], [-51.760170641730056, -27.47923377070954], [-51.761578541834375, -27.47837342781302], [-51.76266956104698, -27.477564459420854], [-51.76294882414195, -27.476983887201197], [-51.76504400757865, -27.478378638928003], [-51.76581223574203, -27.477263341369543], [-51.76848891883612, -27.478932285723275], [-51.77523713623183, -27.471439722099877], [-51.773480981221596, -27.470158115576158], [-51.7737536377969, -27.46993420797012], [-51.77348034872998, -27.469611626819002], [-51.772888411461615, -27.46972576788102], [-51.76655851688085, -27.465106260854974], [-51.76684020263275, -27.46306052448928], [-51.76655888967812, -27.46289516314077], [-51.76682313746751, -27.46229997223801], [-51.76093836500738, -27.458450280967938], [-51.76050425193044, -27.45896463281], [-51.76150507142186, -27.45954605956034], [-51.761118380309824, -27.460797174137323], [-51.761554837309596, -27.462179567638668], [-51.76565901926, -27.464433057514082], [-51.76526358426449, -27.464861675281373], [-51.76495711739635, -27.465655060737753], [-51.76105012493491, -27.46407723641805], [-51.760501070057394, -27.466247598067888], [-51.76013028590787, -27.466224951099964], [-51.759960458529825, -27.464844273236654], [-51.759635488900194, -27.464391015007948], [-51.75905550831208, -27.464288723978378], [-51.75887369747323, -27.46340361128969], [-51.75879451647171, -27.4638215871882], [-51.758527606457896, -27.463816039427183], [-51.75831102188151, -27.464306143217296], [-51.758466471278055, -27.4648361674267], [-51.75885109000277, -27.465132007987002], [-51.75896852269684, -27.46589925935072], [-51.7564954887375, -27.46515965974303], [-51.75610211495608, -27.468212376549044], [-51.75538062977583, -27.4707535633225], [-51.75535920349406, -27.473219401225506], [-51.755139484157645, -27.473104646132864], [-51.75517640205703, -27.4726781920234], [-51.754801813239034, -27.472253965626685], [-51.75450961495693, -27.472231869181496], [-51.754335193064506, -27.471960485128196], [-51.75378933358997, -27.471726631875047], [-51.752493478356456, -27.47063895646259], [-51.75276511618418, -27.4694706499892], [-51.751645032809925, -27.468730753050718], [-51.751286714741255, -27.46874452814088], [-51.75063323994848, -27.468298114083645], [-51.750545268010214, -27.467771571997083], [-51.754858456963504, -27.46811373984892], [-51.75533289150699, -27.464809440163567], [-51.754490708692245, -27.46541643139184], [-51.75418492473002, -27.464341620882948], [-51.750147820392854, -27.466769114807033], [-51.7500198031207, -27.46592149031492], [-51.749727462045755, -27.465875703260235], [-51.74947638399604, -27.466042821286035], [-51.74938132480936, -27.46768915390176], [-51.74962762540151, -27.468777149550768], [-51.7502677699055, -27.46997469914203], [-51.75002107519268, -27.470565796514], [-51.75027650805279, -27.471444241793176], [-51.75102144137431, -27.472820264690775], [-51.75153580612198, -27.47420826966282], [-51.75152106674093, -27.474810394582832], [-51.751109120557544, -27.476115761870318], [-51.75171286996117, -27.476418996219433], [-51.75084653593398, -27.47626557644124], [-51.74978630682935, -27.47653177975831], [-51.74835245461421, -27.476515813299464], [-51.74723863910709, -27.476711242249618], [-51.747053826539236, -27.476866159870813], [-51.747056621853275, -27.477280561151098], [-51.74767334853994, -27.47817712325507], [-51.748006265911656, -27.478329259791643], [-51.74796908012736, -27.478720192896198], [-51.74846186245134, -27.478954353784065], [-51.74862031919888, -27.47924592792222], [-51.7482482019974, -27.4792559738001], [-51.74862138976691, -27.480478709155236], [-51.74928793942129, -27.4805017696732], [-51.74909789256339, -27.480738836166925], [-51.74914156306332, -27.481306941884377], [-51.749408611762604, -27.48175211347482], [-51.74368440511576, -27.481506575431002], [-51.74357871198243, -27.48333844926598], [-51.73792724776065, -27.48329501203223], [-51.73631938120487, -27.483054747105726], [-51.73426091604345, -27.483037813627416], [-51.73237044377328, -27.482731695546015], [-51.731394743169865, -27.48291231633501], [-51.73151322836258, -27.481605378157848], [-51.72899179363572, -27.48147994167473], [-51.72890314303578, -27.482788275980145], [-51.72790233438292, -27.482725797199212], [-51.727443368878085, -27.482322268889867], [-51.7273098492681, -27.48195427406983], [-51.72568442412044, -27.4808547020815], [-51.7242642470461, -27.4805218845749], [-51.72369473477682, -27.480175400376226], [-51.723345098610956, -27.480364979032093], [-51.72335374057467, -27.48079261476531], [-51.7240377580028, -27.4814386521389], [-51.724672340043, -27.48168817952309], [-51.72448773964183, -27.4823796581707], [-51.72603091394622, -27.485202636085948], [-51.72210402912502, -27.48787429927249], [-51.72274972082127, -27.49040755566983], [-51.72808688167873, -27.48668748278166], [-51.728346510884805, -27.487219113458284], [-51.72835308688377, -27.48821858081534], [-51.72496151905887, -27.490576958810138], [-51.72638558110588, -27.49154106611905], [-51.72883547266061, -27.489966015872387], [-51.72911133572356, -27.490342467460252], [-51.73030617533547, -27.490997837548033], [-51.73084133373135, -27.49104118884958], [-51.731794233631376, -27.491636267296343], [-51.732765431975366, -27.492991848473928], [-51.726622883268895, -27.497503490328853], [-51.727060401978406, -27.498041434298518], [-51.7283475863167, -27.498909054458824], [-51.72442279143383, -27.50148322966667], [-51.71918396018621, -27.50551720317192], [-51.71843041573497, -27.504859954140475], [-51.718351928305225, -27.503509614454906], [-51.71846818476561, -27.50328687178293], [-51.717739121515955, -27.499927493530997], [-51.71836687873331, -27.49844066332527], [-51.71847576031873, -27.49775474276554], [-51.71805111381005, -27.497085780982676], [-51.717757890279884, -27.497087293729948], [-51.71720324660784, -27.497473669766038], [-51.71668408521793, -27.4973020190522], [-51.71618911383752, -27.4963370590127], [-51.71614646469418, -27.495788151711455], [-51.715708147394785, -27.495274979678264], [-51.71513511340848, -27.49286578996075], [-51.71435557542421, -27.49221814759943], [-51.71420384600429, -27.491729886494813], [-51.71434161175066, -27.48933034624897], [-51.71461610529921, -27.489023137633254], [-51.715209923190734, -27.488751783931306], [-51.71551326062266, -27.488352944589714], [-51.71506420731534, -27.48746544368571], [-51.714665967770166, -27.487074719715622], [-51.715415460158546, -27.48651458120675], [-51.714106873863784, -27.484835017948168], [-51.71405197896264, -27.483909325022637], [-51.709576248457125, -27.48330519136521], [-51.70943291617992, -27.483064010070553], [-51.71073670880548, -27.480995726345228], [-51.71306732510318, -27.474322567818557], [-51.70872785816371, -27.473556154956494], [-51.70881474635772, -27.472850407252945], [-51.709131185810534, -27.472446617044497], [-51.70890324438842, -27.47223868890731], [-51.71041684109913, -27.470711490126646], [-51.70664801160845, -27.46987117478814], [-51.705971618432656, -27.471692614630307], [-51.70244619374292, -27.471040476716862], [-51.70244731600124, -27.470286255131544], [-51.70282795401548, -27.47003856083202], [-51.70245338064095, -27.468438946952123], [-51.702945783617395, -27.467596068559548], [-51.70556504205322, -27.465759331449625], [-51.70553415345172, -27.46525829098617], [-51.70637316424726, -27.46468299801042], [-51.701787284238264, -27.46309879051222], [-51.702015493551805, -27.46280567133732], [-51.701572465935755, -27.46261288668701], [-51.700859784968216, -27.463553990157845], [-51.697248464849, -27.46173923819766], [-51.698134208231956, -27.461815189303184], [-51.69876479348671, -27.460737548862333], [-51.69984605608196, -27.459913152132405], [-51.69884299479572, -27.4593736645691], [-51.697887689291925, -27.45982062614579], [-51.69574231026671, -27.461443914524143], [-51.69523352452787, -27.46148256655001], [-51.69496367533847, -27.461748663491615], [-51.695369531259225, -27.462250932047024], [-51.69557443343584, -27.462816377191743], [-51.69631837672809, -27.46307994291786], [-51.692019688835316, -27.46463399723125], [-51.69387202916018, -27.46900508092689], [-51.69721710520932, -27.46783425382134], [-51.69751058784557, -27.467953559022252], [-51.697463817426396, -27.46853077367493], [-51.69775882396291, -27.468686653238105], [-51.69836351943429, -27.468661142302086], [-51.699152837405215, -27.46965536436127], [-51.69923958632887, -27.47035023365791], [-51.698675204625424, -27.472196052843472], [-51.694748991960246, -27.47338300157541], [-51.69509194533884, -27.47394104807524], [-51.695482538861114, -27.475394489119207], [-51.6916484369246, -27.475392057744198], [-51.688162207671716, -27.475697397197667], [-51.686539294224225, -27.47613750847805], [-51.68594718799307, -27.476140426945832], [-51.68519549939459, -27.47645140014613], [-51.68395810684205, -27.476563108365962], [-51.6836315227877, -27.475978977577732], [-51.68368167634948, -27.47538339471324], [-51.684559224642655, -27.474534087622157], [-51.68456672666808, -27.47400593007035], [-51.68271153311065, -27.47343890578213], [-51.68192619599647, -27.473529174740978], [-51.681115433058956, -27.472985816891438], [-51.68066862881772, -27.4721045979943], [-51.68078937765672, -27.471006881170293], [-51.680918771480165, -27.470879819381178], [-51.680770126570124, -27.470227751764856], [-51.68101917092327, -27.469800799525643], [-51.681017331110155, -27.469501504072845], [-51.680652818267966, -27.46902594718108], [-51.680687925584444, -27.468148504612536], [-51.680461018653496, -27.467940615059526], [-51.67978405479559, -27.467928442597476], [-51.67923133956263, -27.46600629985439], [-51.679996197603344, -27.463845512125776], [-51.68162689175424, -27.462787393528387], [-51.68160733086859, -27.46242883960765], [-51.68116089909906, -27.46179887114545], [-51.68123080605127, -27.460936738915052], [-51.68075480117584, -27.4606707244466], [-51.68056760277732, -27.46080323057738], [-51.68013930292333, -27.462183156091633], [-51.67879287362976, -27.462899282263898], [-51.67817427610514, -27.46343898046378], [-51.676892148033794, -27.46332136776927], [-51.676383612104175, -27.462464627930224], [-51.67591377416308, -27.462260491119732], [-51.67555610236992, -27.462424779904968], [-51.675547731455424, -27.46268886621828], [-51.6758748120274, -27.463131406461745], [-51.67583629348462, -27.463686992413884], [-51.67599945566833, -27.464214707997307], [-51.6772626505082, -27.46483900999443], [-51.67710192833925, -27.466619549067406], [-51.675946747110466, -27.46701691586465], [-51.67450523690294, -27.468160252048925], [-51.67483004096509, -27.46848038430426], [-51.67624155770556, -27.468141453747933], [-51.67680369357213, -27.468268442568963], [-51.676930091140484, -27.46943790244862], [-51.67768484616381, -27.4701450962661], [-51.67767813546249, -27.47047461732749], [-51.676925654607054, -27.471567924239533], [-51.67690468416911, -27.47194421444234], [-51.67732980587241, -27.472969527428496], [-51.677871702929465, -27.473682235249246], [-51.67746516938709, -27.473876100442748], [-51.67646268386133, -27.473977558365423], [-51.67831791678465, -27.476592129359616], [-51.67857877662768, -27.477323299215392], [-51.67857270912886, -27.478024637118896], [-51.67779966109728, -27.47848484622717], [-51.67800496655803, -27.478846121011127], [-51.67706148961703, -27.479171338257288], [-51.67619903089877, -27.479033970730654], [-51.67465647089083, -27.478171876718605], [-51.674306982116406, -27.478120990340898], [-51.67412216906777, -27.478303890242334], [-51.67408909166213, -27.478829842286352], [-51.67538008786968, -27.4815698359048], [-51.67388172487872, -27.482839682888553], [-51.67344429121532, -27.482951866250207], [-51.67242818011835, -27.48278067214548], [-51.67219163701835, -27.48294966588728], [-51.672186496039544, -27.484135655402593], [-51.67130394347187, -27.485130511561596], [-51.66977885834007, -27.484981013392787], [-51.6694531555404, -27.484693656840452], [-51.6693533024654, -27.48399796621425], [-51.66874709478954, -27.483753230709613], [-51.66782778802449, -27.483774153888938], [-51.66750589231546, -27.48360509482333], [-51.666977698115836, -27.484017624026066], [-51.66707554688503, -27.4843831266269], [-51.66793527915997, -27.484714705756357], [-51.66804988624425, -27.485300259241342], [-51.66854675760752, -27.48583169546526], [-51.66855816500073, -27.48679489419713], [-51.6697732258529, -27.48854426566403], [-51.66989905222735, -27.48897395023716], [-51.66980596822272, -27.490226574314526], [-51.67004284250956, -27.490937424269976], [-51.669960181734226, -27.49219154615346], [-51.669645921481255, -27.493066726622608], [-51.67000189598761, -27.495087412705978], [-51.66847503853936, -27.494234954830443], [-51.6680564841758, -27.494341635249977], [-51.66795394145388, -27.49471595418667], [-51.66842427614912, -27.49554732902326], [-51.66776373971941, -27.49669652796125], [-51.66795497290307, -27.496875657534694], [-51.66880475617198, -27.496897405732742], [-51.669668826412064, -27.497608241377584], [-51.67068640540328, -27.497820332452868], [-51.671261591877574, -27.498639278668985], [-51.67095315182587, -27.499309571038886], [-51.67103908914133, -27.499642496009596], [-51.671687900446074, -27.499700591635303], [-51.67215486382888, -27.499963647729622], [-51.67240245607409, -27.500533890787402], [-51.67278774678066, -27.500658092348196], [-51.674298121711395, -27.50238869738099], [-51.67422655952938, -27.504416293105102], [-51.6733271500869, -27.505808428478073], [-51.67211301982936, -27.506889148547625], [-51.67141019496398, -27.508242348142577], [-51.67086891962843, -27.50863275000818], [-51.669999503237676, -27.508701571987732], [-51.66966419918512, -27.508392952637738], [-51.66946350544859, -27.508393918562355], [-51.669348998444306, -27.507906331822767], [-51.66774339421299, -27.50729483194216], [-51.66751703215361, -27.506851973076312], [-51.666038633588435, -27.508133578986925], [-51.66593297925715, -27.508769054574806], [-51.66675852427724, -27.509269465245982], [-51.66705744281675, -27.51002561541711], [-51.667531275316016, -27.5103801695068], [-51.66505300626169, -27.51265036919911], [-51.665191982326455, -27.512947442484265], [-51.66257546489086, -27.5142838524589], [-51.66313117977935, -27.514806128404462], [-51.662139370544764, -27.51563554549695], [-51.66158909812949, -27.51582582479572], [-51.6591138421797, -27.51375829016192], [-51.65736037919005, -27.515124602512415], [-51.657029275254295, -27.514736652646434], [-51.65723324962102, -27.514194197084855], [-51.65201356053186, -27.51655362881041], [-51.65163612213238, -27.516536293423712], [-51.65055086077065, -27.515897550021307], [-51.65384665362641, -27.51435917493258], [-51.65335896776791, -27.513241951000587], [-51.650834348867924, -27.513884687910398], [-51.650253277117095, -27.51184649755844], [-51.648710817978426, -27.512196091757033], [-51.64861880218541, -27.511197828904248], [-51.649073996736966, -27.51075838974802], [-51.65040375216629, -27.510706606655777], [-51.65067018679345, -27.507933047250322], [-51.65183054275218, -27.505247446872332], [-51.65133418614924, -27.50478792901588], [-51.65151186223426, -27.504256624067988], [-51.65115086702406, -27.49997851777061], [-51.64969161725195, -27.500032298676906], [-51.64949205044672, -27.499313529846397], [-51.649906129684595, -27.498455109493012], [-51.65013725430238, -27.4984569186747], [-51.6541573771673, -27.491343584288277], [-51.653246648531855, -27.49118841155078], [-51.65361224835271, -27.490815182217364], [-51.65399669048055, -27.489344692058882], [-51.65385006228111, -27.487905120824866], [-51.653943235900236, -27.487548612747204], [-51.65551360434069, -27.487313726138122], [-51.65526112973567, -27.485960296110523], [-51.654616505650374, -27.48623148767329], [-51.652923060697645, -27.48575984689948], [-51.652687884839565, -27.483797073456905], [-51.65303961305022, -27.48347271755779], [-51.65325642106322, -27.482836712820166], [-51.653018882316246, -27.48258245272399], [-51.65235599335946, -27.48273908022507], [-51.65193163737862, -27.481453181201463], [-51.64822411841362, -27.481488399033342], [-51.648247774549965, -27.481028052534043], [-51.64960965940223, -27.47914723189182], [-51.64955900448697, -27.478524867859715], [-51.64973175381534, -27.478111922770914], [-51.64940732913844, -27.47726990152189], [-51.64899207842196, -27.4769105478621], [-51.647901738929775, -27.476603890696655], [-51.64766453899776, -27.476361784090994], [-51.64716798010768, -27.476489093556605], [-51.64520463634718, -27.476272398246692], [-51.64537146826357, -27.475420823117386], [-51.64504126590062, -27.473837678017198], [-51.64481231998058, -27.473338740052334], [-51.64425346318777, -27.47285745733708], [-51.64373241617635, -27.47265825439097], [-51.643354017010175, -27.47211161736327], [-51.644239337470175, -27.471077213728957], [-51.64497440091846, -27.470894446693112], [-51.645906832597184, -27.46978293844921], [-51.6459508383318, -27.469529168175356], [-51.645188894526726, -27.46932989693396], [-51.644853254178834, -27.469534949533394], [-51.64547224996332, -27.466809566804933], [-51.645484900207386, -27.46583757105292], [-51.6451349575962, -27.464970708742477], [-51.64522804236461, -27.464183471349966], [-51.64447125975908, -27.4636833101966], [-51.643701515615945, -27.463577970203907], [-51.64229723186504, -27.46405000333967], [-51.64188462203477, -27.463951171310267], [-51.64147466273253, -27.46413018758304], [-51.641217687227496, -27.464497675897984], [-51.6415397937761, -27.46493673006937], [-51.64184038595791, -27.465004447325867], [-51.64381417497255, -27.464710284456594], [-51.64399269538767, -27.465435048669125], [-51.64385867962305, -27.4657034451299], [-51.643790446853814, -27.467293146750553], [-51.64329511567939, -27.468712063851083], [-51.64290083290603, -27.46918897175697], [-51.641018014581576, -27.4701564671409], [-51.63964388218753, -27.470335544867158], [-51.6392880079254, -27.470742421938844], [-51.63808683126278, -27.470399977257582], [-51.63888647356295, -27.472547720078357], [-51.63666375385742, -27.472252838218846], [-51.63456757361248, -27.473999377591618], [-51.63512570090434, -27.474610655193974], [-51.63554293824324, -27.47547860350504], [-51.63779738311725, -27.475008224121847], [-51.63824761954351, -27.47634658579402], [-51.639526828639646, -27.47596702403653], [-51.640402436016885, -27.47598230132519], [-51.642014694946205, -27.479433428158387], [-51.64180939501686, -27.47952090208691], [-51.642256223198274, -27.480259938241637], [-51.641269970423544, -27.48087542188173], [-51.64076001816166, -27.480389744328328], [-51.6400818477291, -27.480868761182478], [-51.64092751783854, -27.48209465802444], [-51.64205831379471, -27.48228002703578], [-51.645471500583824, -27.486151911773884], [-51.644784774735434, -27.48712644939855], [-51.64475802968382, -27.487822388287114], [-51.6449992652299, -27.488700194834152], [-51.64597088624776, -27.489830965114074], [-51.64725809872584, -27.490502488709414], [-51.647043743489576, -27.490714061201757], [-51.64627415975324, -27.49078172404478], [-51.645295730921596, -27.49024609289252], [-51.64276932803967, -27.4883259794646], [-51.64208082512911, -27.488210136924163], [-51.64055554080235, -27.487191754001337], [-51.63916050599038, -27.486554873411606], [-51.63945532661608, -27.483601740363657], [-51.63546464206381, -27.485445352680106], [-51.635420352517215, -27.485027132377976], [-51.63573438093901, -27.484293260976855], [-51.635826835689954, -27.48251667552842], [-51.63623518829795, -27.48212112471811], [-51.63619239051485, -27.481819189175066], [-51.6355535783165, -27.481410111215627], [-51.63539807583523, -27.481145311449005], [-51.6353940318007, -27.48044035857101], [-51.63452977363269, -27.479389368316806], [-51.63470115286676, -27.479295462294342], [-51.63223007827506, -27.476754905965173], [-51.632071185680125, -27.47698797778561], [-51.63190946335133, -27.476777367088786], [-51.63156732541722, -27.476750323518047], [-51.63105647874601, -27.47712438015826], [-51.62915728903383, -27.475788992602478], [-51.6287529020948, -27.47420854263902], [-51.628480330514364, -27.474057775272463], [-51.6274347817663, -27.475384876519417], [-51.62701889451564, -27.47558364264344], [-51.62542479264521, -27.475397440713582], [-51.625309544323194, -27.475744529756565], [-51.62568167762642, -27.47641821702786], [-51.62526179011423, -27.477594962444687], [-51.62494703883823, -27.4779785159759], [-51.62405103692318, -27.478425252012602], [-51.62317697903239, -27.47845606966691], [-51.622720662236524, -27.478308432713092], [-51.62121229878115, -27.477497174829413], [-51.61978590315699, -27.477203362804193], [-51.61776663533204, -27.475975998738825], [-51.61735030598722, -27.47604437848494], [-51.61736635955936, -27.476636251247886], [-51.61813391999423, -27.47791062013416], [-51.616969637435396, -27.480116007727105], [-51.616524633505605, -27.481509231178197], [-51.61661241466736, -27.482403754571852], [-51.61633438786481, -27.48268249641531], [-51.61554355959808, -27.482724181711493], [-51.61469579249725, -27.482319155689606], [-51.61414078949408, -27.481370541639556], [-51.6134120394934, -27.48112359689296], [-51.61285578834573, -27.481318066389075], [-51.611744992092255, -27.48110078095001], [-51.611585872393505, -27.48130261674249], [-51.61190367673878, -27.481974683057082], [-51.611804304905164, -27.482290999107963], [-51.60978046099944, -27.483707922175157], [-51.60907401435948, -27.48517972575202], [-51.60891989824332, -27.486661118204655], [-51.60915688718316, -27.487179171522005], [-51.60993799944424, -27.488162032915554], [-51.61044307293604, -27.487990394615057], [-51.60992626365976, -27.486086155036876], [-51.61018463311339, -27.484845076244852], [-51.6105598121555, -27.484384722363234], [-51.61243401238415, -27.483236885306003], [-51.61315358427135, -27.482567157562755], [-51.61415699157598, -27.48380984675791], [-51.616449169494445, -27.484129411637593], [-51.6175417875843, -27.484067230378354], [-51.6182313494228, -27.483784644978265], [-51.6188069968758, -27.483251705412975], [-51.61847894253068, -27.482070556771788], [-51.618492332078354, -27.481590286632912], [-51.61903225795899, -27.480419615022978], [-51.61971854347173, -27.479556483709672], [-51.62047444726194, -27.47964629045784], [-51.621725778652014, -27.480665635251555], [-51.62347137758625, -27.48097318919325], [-51.62457151016605, -27.480824912024133], [-51.62679384786952, -27.48016986657642], [-51.62821250990057, -27.48234233410187], [-51.62821722690329, -27.483173720493735], [-51.6285030913858, -27.483982335595858], [-51.628145647195275, -27.48472218026437], [-51.62795356680193, -27.486257960551693], [-51.625616501752845, -27.486575249497196], [-51.62252454129271, -27.487780738942643], [-51.6189607599832, -27.491703574071018], [-51.61733237377256, -27.492046190365283], [-51.61794016667343, -27.493403922975205], [-51.61676583844621, -27.49399870955051], [-51.61764316440711, -27.49479426529425], [-51.617378005721626, -27.49604940191097], [-51.614945546048205, -27.495575363555503], [-51.61467812963004, -27.496194580097228], [-51.61548136717553, -27.496499716927683], [-51.61555319915532, -27.498991663196477], [-51.61413003990057, -27.4985276008504], [-51.61416747094109, -27.499055322204907], [-51.613538566227824, -27.503068371935868], [-51.61223854583656, -27.5030065499608], [-51.611293279855765, -27.502682190881433], [-51.609347287882954, -27.502512070511283], [-51.60878119391181, -27.50266783716431], [-51.60874855333786, -27.502899809189095], [-51.61188920373346, -27.50462511634592], [-51.61251244933322, -27.50519039346302], [-51.612292684323855, -27.505946973822397], [-51.61197587391906, -27.506218654524787], [-51.61044720199314, -27.506864978132707], [-51.6104568088758, -27.50708304389451], [-51.61097229338619, -27.507310443431937], [-51.61120914467475, -27.507940434478783], [-51.61146887995583, -27.508002215792903], [-51.61478753334689, -27.50585219520013], [-51.61756138835847, -27.50539150911945], [-51.617872974658724, -27.50551064290134], [-51.618099837436866, -27.50583219278], [-51.618853147234354, -27.508754967449732], [-51.61936020175443, -27.50971487434896], [-51.61933628313207, -27.510885773599924], [-51.620038388474846, -27.511507718215082], [-51.62015271389839, -27.51248328673519], [-51.616990817263, -27.512990395685925], [-51.61725009023153, -27.514251274761158], [-51.617642517903185, -27.515069906828735], [-51.619087770799254, -27.515039446665263], [-51.620889061805975, -27.514705752578234], [-51.62135280646403, -27.51534006521854], [-51.620768864710506, -27.51631573303615], [-51.62091012794969, -27.51652245888363], [-51.621654853104936, -27.516658169516035], [-51.62193947352581, -27.51698761954056], [-51.622260808769845, -27.519153336453943], [-51.62166725506261, -27.52061924667674], [-51.621016505652555, -27.521091098062918], [-51.62023751764253, -27.52243735739912], [-51.619286383036275, -27.523096033275767], [-51.61752262962032, -27.523796366721307], [-51.6173952611033, -27.52423555344964], [-51.620349565196335, -27.52570000874562], [-51.621953918817276, -27.523609778852077], [-51.62589496601965, -27.528144338145367], [-51.62674626691287, -27.53069043888468], [-51.62684770199705, -27.53301146983947], [-51.625531709689454, -27.533113832330034], [-51.62549152667135, -27.534148776989724], [-51.629374209476374, -27.534385849238305], [-51.62946273912851, -27.535433984177487], [-51.62931056588217, -27.53596029638552], [-51.62943558259605, -27.53611465199101], [-51.62944799777016, -27.537204573300272], [-51.629279568397024, -27.538145927369897], [-51.628951962946886, -27.538385322956444], [-51.628960029579694, -27.538711726706538], [-51.627298955894055, -27.541319685271016], [-51.62613104442631, -27.54224340922296], [-51.62486872675924, -27.542940700038876], [-51.62210009011023, -27.544004365779045], [-51.61971003784598, -27.54395971294541], [-51.61819388891663, -27.54367875404835], [-51.61781134753468, -27.543387723470627], [-51.61776455784292, -27.54313626654302], [-51.61825405070186, -27.541651535664226], [-51.618132951417365, -27.540441448551963], [-51.61850148823554, -27.539849582429177], [-51.61830807955361, -27.539268573632068], [-51.61866602103428, -27.536607966300508], [-51.6181586376522, -27.536536343202382], [-51.61785294971845, -27.536764074577658], [-51.616116642259314, -27.54096208306096], [-51.61487478746595, -27.540421434579194], [-51.61426503494714, -27.54035491119969], [-51.61377505502021, -27.540909437247695], [-51.61332145712748, -27.54180191892261], [-51.61253911548583, -27.541812396552377], [-51.610784338593014, -27.54086968676857], [-51.61027893274234, -27.540450235340636], [-51.61015674846684, -27.53984240422498], [-51.61200992541397, -27.538223592694802], [-51.6131769281225, -27.537482237430112], [-51.61350990475818, -27.536638875699033], [-51.61142789822467, -27.53490391512278], [-51.60957594126741, -27.53613495268042], [-51.60745186851654, -27.53711755886185], [-51.606296481177225, -27.533692981619037], [-51.60415569359514, -27.530750864138554], [-51.60444772564405, -27.529935137378647], [-51.60343902951707, -27.529765874104942], [-51.603189019821244, -27.529422191231852], [-51.603461869444686, -27.528633447363386], [-51.60209070747919, -27.528767625085386], [-51.60131586217555, -27.52795262907272], [-51.60120050510811, -27.527624081675924], [-51.60058761270754, -27.52717112650862], [-51.600215294742185, -27.526577919793144], [-51.59928945570157, -27.525801316188332], [-51.59915524321418, -27.525348071826695], [-51.599445302541646, -27.524722146605068], [-51.599318439916615, -27.52451980816787], [-51.59904235570915, -27.524408877212494], [-51.59821713335531, -27.52463667055979], [-51.597711254021284, -27.52411561398328], [-51.597562765192855, -27.523235300146467], [-51.597298833824034, -27.523156348905363], [-51.59702431118474, -27.52333371739534], [-51.59634788671782, -27.523390010009056], [-51.595135025112654, -27.522807905362562], [-51.59491811582703, -27.522563233771308], [-51.59338094448555, -27.521806308899023], [-51.59334982675356, -27.52158753757295], [-51.592833268472965, -27.521301429122104], [-51.59257023215968, -27.52138797690187], [-51.592329490471776, -27.521164758463822], [-51.59184408082501, -27.521102757602293], [-51.59160345551265, -27.52090089588576], [-51.591636157472536, -27.52029743648702], [-51.59137220860031, -27.520213133152723], [-51.59000256517281, -27.520539296287524], [-51.58947949108074, -27.52015176003784], [-51.58900098480271, -27.520260569073578], [-51.58749036410474, -27.519978646802], [-51.58692597790986, -27.519703395106397], [-51.586057630291016, -27.519701717895327], [-51.585829248528576, -27.519547846789365], [-51.58523687661943, -27.51964110469984], [-51.58493460240149, -27.51910312565504], [-51.58460495937623, -27.519051121176197], [-51.58379341443421, -27.519599118722986], [-51.582912892749476, -27.519560099374882], [-51.58259840033813, -27.518974114815233], [-51.58169179411676, -27.51852942358315], [-51.5808119124431, -27.517470617420162], [-51.58007836948508, -27.51703202921773], [-51.58008536187686, -27.517208559441734], [-51.57972805801667, -27.517480477255884], [-51.5795933788099, -27.518063003081494], [-51.580531045767465, -27.519863713320373], [-51.57976903463172, -27.520726487395955], [-51.57926698005762, -27.520915449185424], [-51.57891570043333, -27.521306667404218], [-51.578276716660525, -27.52165102891189], [-51.575866185388435, -27.524506778902463], [-51.57488925178124, -27.52436132565721], [-51.57469894701368, -27.524618388450662], [-51.574706907591185, -27.52499743315642], [-51.57499262575325, -27.525813136607695], [-51.574382744012, -27.526002526784037], [-51.57286109579574, -27.525912697858953], [-51.571432183121864, -27.526383079716616], [-51.57064204897707, -27.526461072465107], [-51.56973600534259, -27.52612842331852], [-51.569473323821626, -27.52628967343914], [-51.569290448293316, -27.526829672279888], [-51.568592447342176, -27.527355761270254], [-51.568077099096726, -27.52752981917845], [-51.56750904243674, -27.527472309678753], [-51.566182634505665, -27.52808637414865], [-51.56416766812206, -27.527565990683488], [-51.563680907818686, -27.527242279120973], [-51.56318525157433, -27.52634731589524], [-51.56328831516388, -27.525417892126043], [-51.562841639073866, -27.524730953862463], [-51.56278832095972, -27.523668683570097], [-51.562325239100176, -27.523286142425537], [-51.561564817848875, -27.523315909922466], [-51.562132358481676, -27.525839385156274], [-51.56199912603842, -27.527749695527586], [-51.56282390806075, -27.52876256209766], [-51.563487253364066, -27.52918047788613], [-51.56412019136753, -27.52929611066431], [-51.56433319755326, -27.52965342505074], [-51.564320873655895, -27.530035205119717], [-51.56299646820572, -27.531244433951862], [-51.563112031043325, -27.531660411848282], [-51.5635577795769, -27.53172031531991], [-51.564813738940835, -27.531307394628936], [-51.56559380997124, -27.530826642574723], [-51.56615789581247, -27.530171371957625], [-51.56778918573632, -27.52970045495275], [-51.568288626538695, -27.529711133694217], [-51.56901062682996, -27.529994372100795], [-51.57088946886569, -27.529008402601505], [-51.5731093497309, -27.528999270833467], [-51.574270219194545, -27.52929110105863], [-51.57486538836842, -27.52977064964169], [-51.57514926062549, -27.530371985544573], [-51.575350137722225, -27.53200720072501], [-51.5752674014589, -27.53309206032988], [-51.575041902945, -27.53371867665306], [-51.57573065799429, -27.53419319902796], [-51.576222917556514, -27.536865374491132], [-51.576479996320934, -27.537309238601143], [-51.576492740975176, -27.537758749497232], [-51.57609530275706, -27.538316560019247], [-51.576627317262286, -27.5386387823121], [-51.576650898606026, -27.540168130283668], [-51.57650466678801, -27.540308471953807], [-51.57582104056928, -27.54026184658465], [-51.575671659789485, -27.540690925870297], [-51.57611170149739, -27.54132922621999], [-51.57611546499622, -27.542232849613356], [-51.57668182841262, -27.543704546271396], [-51.57599541666372, -27.545410319270488], [-51.57612483654141, -27.545748810052622], [-51.574791558680275, -27.545766567929093], [-51.57373048621284, -27.54516526733531], [-51.57429948477267, -27.547413862910762], [-51.57448209066233, -27.547921469284617], [-51.57871686165453, -27.547904842418067], [-51.578904086242325, -27.548291967013405], [-51.578664705632185, -27.54924528229033], [-51.5793378366304, -27.54972370161999], [-51.580487394377506, -27.55325970317483], [-51.58034149297793, -27.55361489918028], [-51.57881525467125, -27.55519663923796], [-51.57893120680413, -27.55548944530838], [-51.58014670268399, -27.555301302390085], [-51.58141205286278, -27.555555367256083], [-51.58289524664503, -27.55745377758574], [-51.58368935387002, -27.55944421951296], [-51.5835940119044, -27.559758004214956], [-51.58441085229933, -27.560597468210435], [-51.584633450259155, -27.56135175554658], [-51.58449230248506, -27.562239692930117], [-51.58473704151424, -27.562660111152578], [-51.585061926816586, -27.56447421212107], [-51.584863713185904, -27.56553896774745], [-51.579024772238135, -27.5648463874738], [-51.57754256875308, -27.56704536669436], [-51.57655653136766, -27.56942715773571], [-51.581302260043756, -27.570532420746485], [-51.580041347786846, -27.571636541837922], [-51.578768885270726, -27.573306067919845], [-51.577491826019774, -27.57410478935361], [-51.57587133595062, -27.575678979758273], [-51.57522136958012, -27.575971942628644], [-51.57476493095916, -27.575896427861466], [-51.574159602726674, -27.57642141777884], [-51.574206560713854, -27.577098523091948], [-51.57213274340996, -27.579216381434286], [-51.57074287466946, -27.57922210018486], [-51.5702642081221, -27.57904990440648], [-51.56970037641604, -27.57920702897284], [-51.56963662532455, -27.57947821027154], [-51.570183845762266, -27.580308073714903], [-51.5700340280848, -27.58073441989319], [-51.568690269770606, -27.58126241611714], [-51.56678075735621, -27.581579843549815], [-51.56345882166577, -27.5817481731072], [-51.56241501326372, -27.581481484414986], [-51.56156548169375, -27.58098178550732], [-51.56047362860458, -27.579805762116862], [-51.55924786811011, -27.577914265535195], [-51.558746396075634, -27.576160555884023], [-51.56382437060402, -27.574567232632553], [-51.56381377050115, -27.573337864210842], [-51.56170271048907, -27.57339729679786], [-51.561531183023895, -27.571330236838556], [-51.56280012031172, -27.569384767724035], [-51.56294985450711, -27.56828350213405], [-51.56578574782548, -27.566694836881343], [-51.5680131988851, -27.56779786828965], [-51.56852355296869, -27.566039815232877], [-51.56846720184237, -27.56570089390253], [-51.568790407205874, -27.565310571331672], [-51.56879111382856, -27.56465985019256], [-51.56927052993291, -27.56424403746904], [-51.56772994018573, -27.56255094934623], [-51.5627959988814, -27.562925465388307], [-51.56429203430618, -27.561194363937332], [-51.563848443020845, -27.559234677746453], [-51.563231927062965, -27.55821513120607], [-51.56266691339805, -27.557513671837658], [-51.56229432126664, -27.557298198392637], [-51.56206412925824, -27.556726502856016], [-51.56370606329841, -27.554639150823842], [-51.55942870223729, -27.55475368448878], [-51.56142201567146, -27.556378111724953], [-51.561949156942745, -27.556994089910305], [-51.561507772468964, -27.559513462180465], [-51.5582693283881, -27.557099663972043], [-51.556668667250015, -27.558463886285704], [-51.5559295153654, -27.558074296195873], [-51.555823907958384, -27.55748611715483], [-51.554526494309414, -27.557294066017707], [-51.556046102568565, -27.554879079754986], [-51.555015443969445, -27.55448229355807], [-51.55455037755784, -27.555096788157755], [-51.552650026531616, -27.554636056456165], [-51.5533003522434, -27.553617045100545], [-51.55277637892805, -27.552826127143884], [-51.55229016744547, -27.552404971788885], [-51.55258671271067, -27.550920353767804], [-51.55239223116847, -27.550751892016997], [-51.55194422801355, -27.550728974151365], [-51.551688923600466, -27.55076062225943], [-51.551523451918996, -27.551016901261274], [-51.55105238232513, -27.550289102437542], [-51.55110291319477, -27.549674119454533], [-51.54979673805706, -27.54982098886172], [-51.54920676015193, -27.55033035206865], [-51.548688764517, -27.551750769413708], [-51.5481768940512, -27.5523626248754], [-51.54775386440688, -27.55238823871278], [-51.5463910587857, -27.553596025358946], [-51.54605690338068, -27.553728991637303], [-51.54520903856757, -27.553530453478462], [-51.543873430099595, -27.55227182632599], [-51.54024005039939, -27.550319992185695], [-51.53988242573656, -27.54968067480321], [-51.539861421640865, -27.547398783306296], [-51.53950179253647, -27.546346960670004], [-51.539418390333964, -27.545399388168395], [-51.53967746937932, -27.544781916005306], [-51.53900397717995, -27.544571835784193], [-51.53823894989225, -27.54382413111877], [-51.53719428911588, -27.543635082325995], [-51.53698623537255, -27.543372581730925], [-51.5344148225206, -27.544967970275923], [-51.534130619037654, -27.54367843856118], [-51.53310724212128, -27.54144783118613], [-51.533263552436956, -27.541192704567127], [-51.53407853837167, -27.5407244042309], [-51.53481207039076, -27.53970347126518], [-51.53494613023951, -27.538921817123796], [-51.53472688548135, -27.538378496830116], [-51.533985851555514, -27.537845958032783], [-51.533071496525466, -27.53812154952956], [-51.53183543077885, -27.539065404893773], [-51.53191589237046, -27.539376439900657], [-51.53234894523446, -27.539462585395427], [-51.53366595921653, -27.538802124813007], [-51.53385327198802, -27.53886738437818], [-51.53355745799491, -27.539713633990047], [-51.53236777493994, -27.540437674497564], [-51.531658386407685, -27.54130585168026], [-51.53269595219021, -27.545420640740296], [-51.53229099043916, -27.54635021639657], [-51.53304350200594, -27.54713980256339], [-51.53437933109279, -27.547593473308794], [-51.53501033667678, -27.547445063980927], [-51.53583843870452, -27.54679857624787], [-51.536487273133524, -27.547635066235692], [-51.53580950963471, -27.548188566642096], [-51.53661053661972, -27.55116251432983], [-51.53473159213987, -27.551900204168646], [-51.539002359577395, -27.555770083990453], [-51.537227937866966, -27.557315946412636], [-51.53540933673963, -27.55804328076692], [-51.53132611035043, -27.55766847485781], [-51.530432882146435, -27.557763665304222], [-51.52892217372956, -27.55752330305205], [-51.52488060950167, -27.55595526273327], [-51.523273149648254, -27.555147234125972], [-51.523491378640244, -27.558099698272063], [-51.52319121246189, -27.5580720757069], [-51.521256691157426, -27.556947519508075], [-51.51776515513059, -27.555265925144838], [-51.517621757528566, -27.55428306836595], [-51.517908447615916, -27.55326768571372], [-51.51772678138951, -27.553002414718513], [-51.51745597958592, -27.5529663141792], [-51.516584425006855, -27.55356330112244], [-51.51597932369459, -27.554753040629066], [-51.515619232846795, -27.554915182544853], [-51.50883549177703, -27.554061938645503], [-51.50736420159641, -27.554030208931863], [-51.50680781207306, -27.553760105282077], [-51.50635030580327, -27.553866915686058], [-51.50394887762585, -27.553776687150112], [-51.50358019509427, -27.553580108015165], [-51.50329808728975, -27.552585367782537], [-51.50356214171746, -27.55114333947523], [-51.503380118444845, -27.55079146243641], [-51.503407228059984, -27.54912763596343], [-51.503205350271834, -27.54898611507583], [-51.50233076451784, -27.548927430178363], [-51.50217886639691, -27.549094971451435], [-51.502327538767815, -27.5497438435085], [-51.501900499506945, -27.550444275457973], [-51.50194034028988, -27.55157596127965], [-51.501463873821855, -27.552091024331066], [-51.501237378466605, -27.554169954332668], [-51.50069071921584, -27.55451209255146], [-51.49597620171028, -27.55546291202375], [-51.491700298130624, -27.556752189460457], [-51.488013878864066, -27.55797741737784], [-51.48381747900369, -27.560033097138913], [-51.483241136660155, -27.559954699497776], [-51.482378781833916, -27.559537124872342], [-51.48115469685399, -27.5573271878717], [-51.47873356162665, -27.555457282264978], [-51.47740088079602, -27.555086136964015], [-51.47508656561021, -27.555184522344252], [-51.47477957584651, -27.55550563781298], [-51.47517185277788, -27.555456999075364], [-51.474793131477085, -27.555582358542797], [-51.47503027891022, -27.55585999572399], [-51.47677467848544, -27.555994510662106], [-51.478018900740956, -27.556434908875126], [-51.47868144024899, -27.55737375633745], [-51.47940806016103, -27.558061808499637], [-51.48000045636448, -27.559355547702754], [-51.48011410707891, -27.56028431742469], [-51.48122806899979, -27.561620150081385], [-51.478590340250946, -27.561037196157486], [-51.47942711109583, -27.562077970846726], [-51.4795577314307, -27.562458911874927], [-51.4793618599372, -27.562997585590495], [-51.477917417181146, -27.564100283337257], [-51.47986841212697, -27.564216946969676], [-51.47821602278173, -27.56579842956217], [-51.47672082609644, -27.56764069835004], [-51.47572431544045, -27.567613496108116], [-51.47546960060652, -27.567766620008936], [-51.473896002078895, -27.567486191227545], [-51.47383114666135, -27.567601878346935], [-51.47415605403686, -27.567919739533927], [-51.47439438883226, -27.568656531841324], [-51.47363785261727, -27.569770455381995], [-51.473378645904226, -27.57055124759167], [-51.47348992857271, -27.571399437817103], [-51.472371730536096, -27.571898005101076], [-51.471542966595635, -27.571859799173893], [-51.47086634950853, -27.57241588578966], [-51.46953963128117, -27.572713857727404], [-51.47030611217277, -27.573730462685464], [-51.47020706005813, -27.575569755104876], [-51.47178761300339, -27.576082298693716], [-51.472254221636426, -27.57682358675005], [-51.47223898782919, -27.57737445303886], [-51.47192990059567, -27.577874991260636], [-51.47116994585484, -27.57856150528316], [-51.47093566966077, -27.579149202409447], [-51.47091036583892, -27.58027850004936], [-51.47125567781173, -27.580755816015856], [-51.472357160114434, -27.58146033788408], [-51.47254607801608, -27.58194808929711], [-51.47294129678633, -27.58440166587389], [-51.47320004076336, -27.58497030718939], [-51.473437177154985, -27.587619288047378], [-51.47444557082595, -27.589606182795194], [-51.47523950541714, -27.59284134021731], [-51.475448797912044, -27.595062435658626], [-51.47445571412979, -27.596189225555726], [-51.473249509452366, -27.595922171097346], [-51.47287591419059, -27.5960268658082], [-51.47230254402628, -27.595446126214483], [-51.47159577937613, -27.595127345832548], [-51.47136070991237, -27.59602210455083], [-51.47076075192512, -27.597291348794077], [-51.470412788085405, -27.597643589237396], [-51.46945034031782, -27.598395636606156], [-51.468209171766155, -27.598923055598373], [-51.466807183813934, -27.599878164811283], [-51.465909022247914, -27.600295253461162], [-51.462710226708076, -27.599419461194657], [-51.46160006536539, -27.599624091141454], [-51.45792196306736, -27.601212093660163], [-51.45711008004824, -27.602167007407076], [-51.45677573595358, -27.602114712200084], [-51.455510308412414, -27.59995230202014], [-51.454717273541924, -27.599241833584024], [-51.45435578277194, -27.597797798236773], [-51.45383521223864, -27.59680629223868], [-51.45319638056031, -27.596888545754222], [-51.45293488721994, -27.597349543620222], [-51.45258077040304, -27.5975317401861], [-51.451535456668786, -27.59733576191025], [-51.45115038466816, -27.596689246517755], [-51.45124625434671, -27.595370326233], [-51.45185017683404, -27.59452979199825], [-51.451786729292564, -27.594239060267316], [-51.451258096935206, -27.593924328203126], [-51.45125403227223, -27.59301233298919], [-51.45022141216561, -27.590812646692942], [-51.45031962299861, -27.590430580429654], [-51.4494140993863, -27.589548131600473], [-51.44840338632301, -27.58941110655808], [-51.44736886511154, -27.58892863639081], [-51.44690855107799, -27.58840178656653], [-51.44640448283116, -27.588681823438655], [-51.44608173453401, -27.58867691597275], [-51.44441255889175, -27.586990148074662], [-51.443333884441586, -27.586162917607812], [-51.4429071287999, -27.585531381942822], [-51.44237857438458, -27.585344077634037], [-51.44058649038744, -27.58373236755258], [-51.44055103197398, -27.58349953860618], [-51.439543402539776, -27.583155516732493], [-51.439310311631786, -27.582839804884806], [-51.43716482903048, -27.5816467057549], [-51.43707538201737, -27.581479972262052], [-51.4372591391432, -27.580552021239733], [-51.43695062776898, -27.579871747924184], [-51.436595249950265, -27.579811333699997], [-51.436103730101436, -27.580247995804324], [-51.43605055037285, -27.58052066107091], [-51.4353249734988, -27.58091101090008], [-51.43440401667181, -27.580608298141964], [-51.43307611797173, -27.57989012305006], [-51.43130599060978, -27.57770088830184], [-51.43104161973757, -27.576965872701034], [-51.43441609541774, -27.57642910822078], [-51.43308730668177, -27.572335271919062], [-51.43477912751887, -27.572012054399917], [-51.43376136505391, -27.570843663564563], [-51.43519317479092, -27.570103520833914], [-51.435465167504496, -27.57014955025442], [-51.43598022317917, -27.569577544169526], [-51.43695978568101, -27.568957194055177], [-51.437966725902776, -27.568610225364345], [-51.439827952366855, -27.567018190045285], [-51.440416733745934, -27.56515669389335], [-51.43978157579913, -27.56418200846269], [-51.43892077604073, -27.56378623732643], [-51.438359256912044, -27.563686433895374], [-51.43730830904325, -27.56397884758835], [-51.43630029652085, -27.56404452556618], [-51.434714792732734, -27.562182048720654], [-51.434651544844264, -27.561705619069613], [-51.434361454608045, -27.56151118623564], [-51.43390190055077, -27.560582805580317], [-51.43393604829236, -27.560348289602103]]]}}]}